20_clutch_bind,20_clutch_force,20_clutch_x,20_xs,20_r,20_fs,20_time,
1.0,0.0,0.0,0.0,20000.0,0.0,0.0,
0.8266666666666667,1.2970112545083068,2.1359999999999997,1.8765977490983383,20009.999999999854,3.1825103885087156,1000.0,
0.84,1.2290031737475715,2.0239999999999996,1.778199365250486,20019.99999999971,3.0516672703251526,2000.0,
0.8533333333333334,1.331015294888674,2.1919999999999997,1.9257969410222655,20029.999999999563,3.124155423688543,3000.0,
0.84,1.3115844146713214,2.1599999999999997,1.8976831170657358,20039.999999999418,3.151248112694678,4000.0,
0.8266666666666667,1.1367064927151451,1.8719999999999997,1.644658701456971,20049.999999999272,2.9911739831137245,5000.0,
0.8666666666666667,1.2970112545083066,2.1359999999999997,1.8765977490983383,20059.999999999127,3.038702216731345,6000.0,
0.8933333333333333,1.3455884550516888,2.2159999999999997,1.9468823089896619,20069.99999999898,3.002969166093888,7000.0,
0.8133333333333334,1.4427428561384537,2.376,2.0874514287723094,20079.999999998836,3.4184510526196275,8000.0,
0.8,1.2921535344539685,2.128,1.8695692931092063,20089.99999999869,3.2878552513910053,9000.0,
0.84,1.1561373729324982,1.9039999999999997,1.6727725254135002,20099.999999998545,2.9700016344341185,10000.0,
0.8266666666666667,1.2241454536932332,2.016,1.7711709092613535,20109.9999999984,3.1008178875226458,11000.0,
0.84,1.4233119759211001,2.344,2.0593376048157803,20119.999999998254,3.289336479261801,12000.0,
0.8666666666666667,1.3504461751060273,2.2240000000000006,1.953910764978795,20129.99999999811,3.1046655866517296,13000.0,
0.8266666666666667,1.160995092986836,1.9119999999999997,1.6798009814026325,20139.999999997963,3.026361806022943,14000.0,
0.8,1.263007214127939,2.08,1.827398557174412,20149.999999997817,3.25542235098341,15000.0,
0.8533333333333334,1.063840691900072,1.7519999999999998,1.5392318616199858,20159.99999999767,2.8191851858111567,16000.0,
0.84,1.0832715721174244,1.7839999999999998,1.5673456855765149,20169.999999997526,2.887701077908172,17000.0,
0.8533333333333334,1.1852836932585276,1.9519999999999997,1.7149432613482944,20179.99999999738,2.9627512030280787,18000.0,
0.84,1.12213333255213,1.8479999999999996,1.6235733334895734,20189.999999997235,2.935234919695502,19000.0,
0.7466666666666667,1.1707105330955125,1.928,1.6938578933808974,20199.99999999709,3.3679123210994595,20000.0,
0.8266666666666667,1.2581494940736007,2.072,1.8203701011852802,20209.999999996944,3.1484034202407383,21000.0,
0.8266666666666667,1.2532917740192626,2.0639999999999996,1.8133416451961473,20219.9999999968,3.143172307271771,22000.0,
0.8266666666666667,1.306726694616983,2.152,1.8906546610766035,20229.999999996653,3.2084564854141657,23000.0,
0.8533333333333334,1.3212998547799977,2.176,1.9117400290440008,20239.999999996508,3.1258951423109966,24000.0,
0.8666666666666667,1.5836167377142618,2.608,2.2912766524571477,20249.999999996362,3.381093158891892,25000.0,
0.76,0.9083936501612484,1.496,1.3143212699677504,20259.999999996217,2.967882873008709,26000.0,
0.7733333333333333,1.2095722935302184,1.9919999999999998,1.750085541293956,20269.99999999607,3.306857276106355,27000.0,
0.8666666666666667,1.2970112545083068,2.1359999999999997,1.8765977490983388,20279.999999995925,3.0522406782696097,28000.0,
0.8266666666666667,1.1852836932585276,1.9520000000000002,1.714943261348294,20289.99999999578,3.065420596674042,29000.0,
0.8133333333333334,1.1901414133128656,1.9599999999999995,1.7219717173374265,20299.999999995634,3.1223017376699245,30000.0,
0.8,1.0638406919000718,1.752,1.5392318616199858,20309.99999999549,3.0171308648650874,31000.0,
0.8933333333333333,1.326157574834336,2.1839999999999993,1.918768485033133,20319.999999995343,2.9961435539100667,32000.0,
0.7733333333333333,1.2532917740192624,2.064,1.8133416451961477,20329.999999995198,3.367529018117989,33000.0,
0.8,1.2484340539649244,2.0559999999999996,1.806313189207015,20339.999999995052,3.249872567446124,34000.0,
0.9066666666666666,1.3747347753777184,2.2639999999999993,1.9890530449244563,20349.999999994907,3.0074251198930355,35000.0,
0.8533333333333334,1.520466377007865,2.5039999999999996,2.1999067245984265,20359.99999999476,3.3667934105466695,36000.0,
0.8266666666666667,1.4135965358124238,2.3279999999999994,2.045280692837515,20369.999999994616,3.346766777182712,37000.0,
0.8133333333333334,1.2095722935302182,1.992,1.7500855412939564,20379.99999999447,3.151438065805937,38000.0,
0.8533333333333334,1.2824380943452918,2.112,1.8555123811309415,20389.999999994325,3.089729016801439,39000.0,
0.8,1.3990233756494095,2.304,2.024195324870118,20399.99999999418,3.4421092195516727,40000.0,
0.88,1.2775803742909535,2.104,1.8484839251418097,20409.999999994034,2.9917928495638724,41000.0,
0.88,1.2241454536932332,2.016,1.771170909261353,20419.99999999389,2.931677409490696,42000.0,
0.8533333333333334,1.1609950929868362,1.9120000000000001,1.6798009814026327,20429.999999993743,2.9499129995844626,43000.0,
0.84,1.3407307349973505,2.2079999999999997,1.9398538530005298,20439.999999993597,3.2113429384792638,44000.0,
0.8666666666666667,1.4087388157580856,2.32,2.0382522368483826,20449.99999999345,3.191618633557664,45000.0,
0.84,1.1512796528781597,1.8959999999999995,1.6657440694243681,20459.999999993306,2.98707577722624,46000.0,
0.8133333333333334,1.4087388157580856,2.32,2.038252236848383,20469.99999999316,3.402216576741754,47000.0,
0.88,1.4816046165731591,2.44,2.1436790766853684,20479.999999993015,3.2278810036723775,48000.0,
0.84,1.350446175106027,2.2239999999999998,1.9539107649787946,20489.99999999287,3.2260835417831975,49000.0,
0.8133333333333334,1.3601616152147034,2.24,1.9679676769570593,20499.999999992724,3.3444577236146156,50000.0,
0.76,1.0638406919000718,1.7519999999999998,1.5392318616199854,20509.99999999258,3.1899623138928703,51000.0,
0.8,1.06869841195441,1.76,1.5462603176091179,20519.999999992433,3.037203014932807,52000.0,
0.84,1.1852836932585273,1.9520000000000002,1.7149432613482944,20529.999999992287,3.032001222123438,53000.0,
0.84,1.45245829624713,2.392,2.101508340750574,20539.999999992142,3.35070114631621,54000.0,
0.7066666666666667,1.0832715721174244,1.7839999999999998,1.5673456855765153,20549.999999991996,3.4612295831734476,55000.0,
0.8,1.1658528130411743,1.92,1.6868294373917652,20559.99999999185,3.1613126829578904,56000.0,
0.8933333333333333,1.4573160163014678,2.4,2.1085367967397066,20569.999999991705,3.157888077940221,57000.0,
0.7733333333333333,1.1561373729324982,1.9039999999999997,1.6727725254135004,20579.99999999156,3.259139706367612,58000.0,
0.8133333333333334,1.0638406919000718,1.7519999999999998,1.5392318616199854,20589.999999991414,2.9860303588834256,59000.0,
0.8266666666666667,0.8581002247656071,1.896,1.7243799550468786,20599.99999999127,3.0442866768587904,60000.0,
0.8133333333333334,0.98120321059696,2.1679999999999997,1.9717593578806076,20609.999999991123,2.8857383736746627,61000.0,
0.8133333333333334,1.0680994358896798,2.3599999999999994,2.1463801128220643,20619.999999990978,2.993233732641112,62000.0,
0.9333333333333333,1.2129264780442124,2.6799999999999993,2.4374147043911574,20629.999999990832,2.7641326550385314,63000.0,
0.8666666666666667,0.9993065908662766,2.2079999999999997,2.008138681826744,20639.999999990687,2.7308891432977145,64000.0,
0.7866666666666666,1.140512956966946,2.52,2.29189740860661,20649.99999999054,3.188784267320357,65000.0,
0.8666666666666667,1.231029858313529,2.7199999999999998,2.4737940283372937,20659.999999990396,2.9994929134291413,66000.0,
0.8133333333333334,0.9920652387585498,2.192,1.9935869522482899,20669.99999999025,2.903027752561806,67000.0,
0.88,1.0898234922128596,2.4079999999999995,2.190035301557428,20679.999999990105,2.7947963926567096,68000.0,
0.84,1.0463753795664998,2.312,2.1027249240867,20689.99999998996,2.8767929121724642,69000.0,
0.92,1.3287881117678388,2.9359999999999995,2.670242377646432,20699.999999989814,2.934187077999494,70000.0,
0.88,1.0463753795664996,2.3120000000000003,2.1027249240866994,20709.999999989668,2.7472417191949106,71000.0,
0.8,0.9848238866508234,2.1759999999999997,1.979035222669835,20719.999999989523,2.945693191636463,72000.0,
0.8533333333333334,1.1332716048592193,2.504,2.277345679028156,20729.999999989377,2.936174536934639,73000.0,
0.8,1.0246513232433196,2.264,2.059069735351336,20739.99999998923,2.996810820710397,74000.0,
0.8533333333333334,1.0572374077280897,2.3360000000000003,2.1245525184543816,20749.999999989086,2.8483219621715783,75000.0,
0.7866666666666666,0.8399968444962904,1.8559999999999999,1.6880006311007416,20759.99999998894,2.8142298870609403,76000.0,
0.8266666666666667,1.140512956966946,2.5199999999999996,2.291897408606611,20769.999999988795,3.042230189869259,77000.0,
0.8133333333333334,1.0246513232433194,2.2639999999999993,2.059069735351336,20779.99999998865,2.950305725288877,78000.0,
0.9333333333333333,1.1441336330208094,2.528,2.2991732733958377,20789.999999988504,2.699568892513324,79000.0,
0.9066666666666666,1.2780986470137523,2.824,2.5683802705972494,20799.99999998836,2.927311743020629,80000.0,
0.8266666666666667,0.9051690134658302,2.0,1.818966197306834,20809.999999988213,2.760120580795291,81000.0,
0.8533333333333334,1.1912024217210324,2.6319999999999997,2.393759515655793,20819.999999988067,3.0096872129444945,82000.0,
0.9066666666666666,1.1875817456671693,2.6239999999999997,2.386483650866566,20829.999999987922,2.8292416312412842,83000.0,
0.8933333333333333,1.1839610696133056,2.6159999999999997,2.379207786077339,20839.999999987776,2.868013137617418,84000.0,
0.8533333333333334,1.0753407879974064,2.376,2.1609318424005193,20849.99999998763,2.8757868609245927,85000.0,
0.8666666666666667,1.0898234922128598,2.408,2.1900353015574283,20859.999999987485,2.848870183312805,86000.0,
0.8933333333333333,1.049996055620363,2.32,2.1100007888759276,20869.99999998734,2.719843345834246,87000.0,
0.88,1.1224095766976294,2.4799999999999995,2.255518084660474,20879.999999987194,2.843947246237711,88000.0,
0.8666666666666667,1.1405129569669459,2.52,2.291897408606611,20889.99999998705,2.909204181105955,89000.0,
0.84,0.98120321059696,2.1679999999999997,1.9717593578806076,20899.999999986903,2.812540330065675,90000.0,
0.8666666666666667,0.9341344218967369,2.064,1.8771731156206521,20909.999999986758,2.672305871409542,91000.0,
0.88,1.0246513232433194,2.264,2.059069735351336,20919.999999986612,2.735282564282021,92000.0,
0.8666666666666667,1.0536167316742262,2.328,2.1172766536651544,20929.999999986467,2.8114008442297043,93000.0,
0.8266666666666667,0.9377550979506001,2.0719999999999996,1.8844489804098798,20939.99999998632,2.807926328155778,94000.0,
0.88,1.1586163372362626,2.56,2.3282767325527476,20949.999999986176,2.889333716546702,95000.0,
0.8133333333333334,0.9630998303276431,2.128,1.9353800339344711,20959.99999998603,2.8864309389169716,96000.0,
0.84,1.0318926753510465,2.2800000000000002,2.073621464929791,20969.999999985885,2.8773293754077773,97000.0,
0.84,1.093444168266723,2.4159999999999995,2.197311166346655,20979.99999998574,2.9512398828470654,98000.0,
0.8133333333333334,1.0246513232433199,2.264,2.059069735351336,20989.999999985594,2.964076217091956,99000.0,
0.88,0.9956859148124132,2.2,2.0008628170375173,20999.999999985448,2.7072158122771324,100000.0,
0.7733333333333333,0.9522378021660532,2.1039999999999996,1.913552439566789,21009.999999985303,3.025131640720916,101000.0,
0.7733333333333333,0.9413757740044634,2.08,1.8917248451991078,21019.999999985157,3.0117755698222988,102000.0,
0.84,0.9667205063815064,2.136,1.9426558987236986,21029.99999998501,2.8035529837773168,103000.0,
0.88,1.0137892950817298,2.24,2.037242140983654,21039.999999984866,2.7302120777346537,104000.0,
0.92,1.216547154098076,2.6879999999999997,2.4446905691803846,21049.99999998472,2.832475892126268,105000.0,
0.8533333333333334,0.9703411824353698,2.1439999999999997,1.9499317635129259,21059.999999984575,2.76586544815639,106000.0,
0.9066666666666666,1.0680994358896798,2.36,2.146380112822064,21069.99999998443,2.7115773189864947,107000.0,
0.8533333333333334,1.028271999297183,2.272,2.066345600140563,21079.999999984284,2.8350031241663096,108000.0,
0.8933333333333333,1.104306196428313,2.44,2.2191387607143374,21089.99999998414,2.7937726079325067,109000.0,
0.8666666666666667,1.0753407879974064,2.376,2.160931842400519,21099.999999983993,2.846928601525529,110000.0,
0.8933333333333333,0.9956859148124134,2.1999999999999997,2.0008628170375173,21109.999999983847,2.6733767703027516,111000.0,
0.8533333333333334,1.1043061964283132,2.44,2.219138760714337,21119.999999983702,2.926605698929316,112000.0,
0.84,1.0427547035126363,2.304,2.0954490592974726,21129.999999983556,2.9004190914730144,113000.0,
0.84,1.129650928805356,2.496,2.2700698142389286,21139.99999998341,3.0045018993611636,114000.0,
0.8933333333333333,1.140512956966946,2.52,2.2918974086066104,21149.999999983265,2.8378846533115216,115000.0,
0.8533333333333334,1.1296509288053562,2.4959999999999996,2.2700698142389286,21159.99999998312,2.9588065571836273,116000.0,
0.9066666666666666,1.1803403935594428,2.608,2.3719319212881116,21169.999999982974,2.8412548458280593,117000.0,
0.8933333333333333,1.2237885062058025,2.7039999999999997,2.4592422987588396,21179.99999998283,2.93289459648932,118000.0,
0.9333333333333333,1.1803403935594425,2.608,2.3719319212881107,21189.999999982683,2.761218993090098,119000.0,
0.92,1.627336218203306,2.68,2.3545327563593386,21199.999999982538,2.8372360268502037,120000.0,
0.8666666666666667,1.3844502154863947,2.28,2.0031099569027213,21209.999999982392,3.2103625563204177,121000.0,
0.8666666666666667,1.2921535344539683,2.128,1.8695692931092063,21219.999999982247,3.1044817705137624,122000.0,
0.92,1.3553038951603655,2.232,1.9609392209679268,21229.9999999821,2.9937332193677357,123000.0,
0.84,1.1609950929868362,1.9119999999999997,1.6798009814026327,21239.999999981956,3.048165586878706,124000.0,
0.8533333333333334,1.2775803742909537,2.1039999999999996,1.8484839251418097,21249.99999998181,3.13778637611198,125000.0,
0.8666666666666667,1.4281696959754389,2.352,2.066366060804912,21259.999999981665,3.2638850338077305,126000.0,
0.8,1.3844502154863945,2.2800000000000002,2.0031099569027213,21269.99999998152,3.48189276934706,127000.0,
0.8933333333333333,1.3504461751060273,2.2239999999999998,1.9539107649787941,21279.999999981374,3.08064571839247,128000.0,
0.8666666666666667,1.3747347753777184,2.2640000000000002,1.9890530449244561,21289.999999981228,3.204075510041103,129000.0,
0.8666666666666667,1.4184542558667623,2.336,2.0523091488266476,21299.999999981083,3.255136449066914,130000.0,
0.88,1.1075601723891155,1.824,1.6024879655221766,21309.999999980937,2.853133529220081,131000.0,
0.8533333333333334,1.3358730149430127,2.2,1.9328253970113973,21319.99999998079,3.2104730643760475,132000.0,
0.8,1.3407307349973507,2.2079999999999997,1.9398538530005294,21329.999999980646,3.431243418735697,133000.0,
0.7733333333333333,1.2824380943452918,2.1119999999999997,1.855512381130942,21339.9999999805,3.474873397848911,134000.0,
0.84,1.306726694616983,2.1519999999999997,1.8906546610766035,21349.999999980355,3.228639715803382,135000.0,
0.8,1.0055480512480126,1.656,1.4548903897503975,21359.99999998021,3.014265064048995,136000.0,
0.8266666666666667,1.3747347753777182,2.264,1.9890530449244563,21369.999999980064,3.364272712139791,137000.0,
0.8133333333333334,1.2095722935302182,1.9919999999999998,1.7500855412939564,21379.99999997992,3.2170118362967868,138000.0,
0.88,1.4184542558667623,2.336,2.0523091488266476,21389.999999979773,3.2112707452930938,139000.0,
0.8533333333333334,1.2144300135845567,2.0,1.7571139972830883,21399.999999979627,3.073157047159034,140000.0,
0.8,1.5058932168448502,2.48,2.1788213566310293,21409.99999997948,3.643029854378327,141000.0,
0.8,1.054125251791395,1.7359999999999998,1.5251749496417206,21419.999999979336,3.0789865647281647,142000.0,
0.8133333333333334,1.097844732280439,1.8079999999999996,1.5884310535439121,21429.99999997919,3.082920572465043,143000.0,
0.8666666666666667,1.4961777767361741,2.4639999999999995,2.164764444652765,21439.999999979045,3.3534328193007257,144000.0,
0.7733333333333333,1.0541252517913953,1.7360000000000002,1.5251749496417208,21449.9999999789,3.187227480753245,145000.0,
0.88,1.326157574834336,2.1839999999999997,1.9187684850331326,21459.999999978754,3.1106305774531537,146000.0,
0.8666666666666667,1.175568253149851,1.9359999999999995,1.7008863493700297,21469.99999997861,2.985344907470326,147000.0,
0.8666666666666667,1.3601616152147034,2.2399999999999998,1.9679676769570593,21479.999999978463,3.198952632929762,148000.0,
0.84,1.1658528130411745,1.9199999999999997,1.6868294373917652,21489.999999978318,3.0698216028161793,149000.0,
0.8266666666666667,1.2727226542366155,2.0959999999999996,1.8414554691526768,21499.999999978172,3.2492580494689802,150000.0,
0.8533333333333334,1.5301818171165416,2.52,2.213963636576692,21509.999999978027,3.450053691922979,151000.0,
0.76,1.1269910526064686,1.8559999999999999,1.6306017894787062,21519.99999997788,3.343932086751133,152000.0,
0.8133333333333334,1.0152634913566894,1.672,1.468947301728662,21529.999999977736,2.98794363690296,153000.0,
0.7733333333333333,1.0686984119544098,1.76,1.546260317609118,21539.99999997759,3.2122789809639487,154000.0,
0.8266666666666667,1.267864934182277,2.088,1.834427013163545,21549.999999977445,3.246607581661266,155000.0,
0.7866666666666666,1.1172756124977923,1.84,1.6165448775004414,21559.9999999773,3.220940185367145,156000.0,
0.8266666666666667,1.2775803742909537,2.103999999999999,1.8484839251418093,21569.999999977153,3.2596504527604524,157000.0,
0.8133333333333334,1.2144300135845567,2.0,1.7571139972830887,21579.999999977008,3.2360991970191426,158000.0,
0.76,1.15127965287816,1.896,1.665744069424368,21589.999999976862,3.3808030520208305,159000.0,
0.8533333333333334,1.2484340539649244,2.056,1.8063131892070154,21599.999999976717,3.1255055319795955,160000.0,
0.8533333333333334,1.3212998547799977,2.1759999999999997,1.9117400290440008,21609.99999997657,3.211520142309751,161000.0,
0.8133333333333334,1.2241454536932332,2.016,1.7711709092613535,21619.999999976426,3.2506673610871495,162000.0,
0.8533333333333334,1.3601616152147038,2.24,1.9679676769570593,21629.99999997628,3.2583112678191535,163000.0,
0.8266666666666667,1.2095722935302184,1.992,1.7500855412939564,21639.999999976135,3.1818987421627236,164000.0,
0.8133333333333334,1.131848772660807,1.8639999999999999,1.6376302454678386,21649.99999997599,3.1391550483423343,165000.0,
0.88,1.428169695975439,2.352,2.0663660608049126,21659.999999975844,3.238674654507261,166000.0,
0.84,1.1852836932585273,1.9519999999999997,1.714943261348294,21669.9999999757,3.1043821745033378,167000.0,
0.88,1.355303895160365,2.232,1.9609392209679268,21679.999999975553,3.157084729338599,168000.0,
0.8,1.199856853421542,1.9759999999999998,1.7360286293156917,21689.999999975407,3.2791510667655865,169000.0,
0.7733333333333333,1.175568253149851,1.9359999999999995,1.7008863493700297,21699.99999997526,3.3615072238889274,170000.0,
0.8533333333333334,1.1075601723891157,1.8239999999999994,1.6024879655221766,21709.999999975116,2.9672939520078447,171000.0,
0.88,1.3212998547799977,2.176,1.9117400290440003,21719.99999997497,3.1208680167851157,172000.0,
0.8,1.2387186138562478,2.04,1.7922562772287507,21729.999999974825,3.330394933975597,173000.0,
0.8533333333333334,1.1415642127694832,1.8799999999999997,1.6516871574461034,21739.99999997468,3.009017436828561,174000.0,
0.8533333333333334,1.3747347753777182,2.2640000000000002,1.9890530449244563,21749.999999974534,3.2828891898850765,175000.0,
0.8533333333333334,1.2192877336388952,2.008,1.7641424532722207,21759.99999997439,3.1013496878473843,176000.0,
0.8,1.1075601723891157,1.8239999999999994,1.6024879655221769,21769.999999974243,3.1691135488083098,177000.0,
0.8266666666666667,1.224145453693233,2.016,1.771170909261353,21779.999999974098,3.208559823004948,178000.0,
0.9333333333333333,1.7730678198334522,2.92,2.565386436033309,21789.999999973952,3.4305698069546096,179000.0,
0.8533333333333334,1.1296509288053558,2.4959999999999996,2.2700698142389286,21799.999999973807,3.451100769856682,180000.0,
0.84,0.9667205063815063,2.1359999999999997,1.9426558987236986,21809.99999997366,2.853076793300405,181000.0,
0.8133333333333334,0.9015483374119666,1.992,1.8116903325176066,21819.999999973516,2.867146316478844,182000.0,
0.8666666666666667,1.107926872482176,2.448,2.226414625503565,21829.99999997337,2.929451006699609,183000.0,
0.7866666666666666,0.9739618584892334,2.152,1.957207628302153,21839.999999973224,3.0577447353559886,184000.0,
0.84,1.0934441682667226,2.415999999999999,2.197311166346655,21849.99999997308,3.006477978084356,185000.0,
0.9466666666666667,1.2563745906905723,2.776,2.5247250818618854,21859.999999972933,2.840392877480318,186000.0,
0.8133333333333334,0.8725829289810602,1.9280000000000004,1.7534834142037876,21869.999999972788,2.834811797916206,187000.0,
0.8666666666666667,1.0789614640512697,2.384,2.1682077071897456,21879.999999972642,2.8991063046639036,188000.0,
0.8533333333333334,1.0210306471894564,2.2559999999999993,2.051793870562109,21889.999999972497,2.8771421646643303,189000.0,
0.8266666666666667,1.00292726692014,2.2159999999999997,2.015414546615972,21899.99999997235,2.948699113198675,190000.0,
0.8266666666666667,1.0246513232433196,2.264,2.059069735351336,21909.999999972206,2.975623374879931,191000.0,
0.8533333333333334,1.3034433793907951,2.8799999999999994,2.6193113241218406,21919.99999997206,3.209969585212747,192000.0,
0.9066666666666666,1.158616337236263,2.56,2.328276732552747,21929.999999971915,2.8620003719415488,193000.0,
0.8533333333333334,1.3251674357139753,2.928,2.6629665128572046,21939.99999997177,3.2366774637164557,194000.0,
0.88,1.1912024217210324,2.6319999999999997,2.3937595156557934,21949.999999971624,2.9869694186118463,195000.0,
0.7866666666666666,0.9848238866508234,2.176,1.979035222669835,21959.99999997148,3.0796879914934845,196000.0,
0.8666666666666667,1.126030252751493,2.488,2.262793949449701,21969.999999971333,2.9589549070102343,197000.0,
0.88,0.99206523875855,2.1919999999999997,1.9935869522482896,21979.999999971187,2.7624953470635445,198000.0,
0.84,0.9848238866508232,2.1759999999999997,1.9790352226698353,21989.99999997104,2.886057007906569,199000.0,
0.8666666666666667,1.227409182259666,2.7119999999999993,2.4665181635480664,21999.999999970896,3.077776748750407,200000.0,
0.8,1.1694783653978527,2.584,2.3501043269204294,22009.99999997075,3.262511290068998,201000.0,
0.7866666666666666,1.1477543090746727,2.5359999999999996,2.3064491381850654,22019.999999970605,3.2908707318627255,202000.0,
0.84,1.115168224589903,2.464,2.240966355082019,22029.99999997046,3.0437685213260712,203000.0,
0.88,1.140512956966946,2.5199999999999996,2.2918974086066104,22039.999999970314,2.9348222995730326,204000.0,
0.7866666666666666,0.9486171261121901,2.0959999999999996,1.9062765747775616,22049.99999997017,3.0397641433510656,205000.0,
0.8533333333333334,1.0717201119435429,2.3679999999999994,2.1536559776112916,22059.999999970023,2.947168881172871,206000.0,
0.7866666666666666,0.9413757740044634,2.08,1.8917248451991073,22069.999999969878,3.031914966942918,207000.0,
0.92,1.2962020272830688,2.8639999999999994,2.6047595945433857,22079.999999969732,2.9787674209496666,208000.0,
0.88,1.0246513232433196,2.264,2.059069735351336,22089.999999969586,2.80619165519008,209000.0,
0.8533333333333334,0.9558584782199167,2.112,1.9208283043560168,22099.99999996944,2.81389352915296,210000.0,
0.8133333333333334,1.1187889006437661,2.4719999999999995,2.248242219871247,22109.999999969295,3.153261763075042,211000.0,
0.8533333333333334,0.9305137458428732,2.0559999999999996,1.8698972508314258,22119.99999996915,2.785442670898594,212000.0,
0.88,1.017409971135593,2.2479999999999998,2.0445180057728813,22129.999999969004,2.800387088400961,213000.0,
0.7866666666666666,1.0210306471894564,2.256,2.051793870562109,22139.99999996886,3.1379169243813996,214000.0,
0.8133333333333334,1.0318926753510462,2.2799999999999994,2.073621464929791,22149.999999968713,3.0490450926331354,215000.0,
0.84,1.060858083781953,2.3439999999999994,2.131828383243609,22159.999999968568,2.987367560046646,216000.0,
0.92,1.126030252751493,2.488,2.262793949449701,22169.999999968422,2.799015492110922,217000.0,
0.8933333333333333,1.082582140105133,2.392,2.175483571978973,22179.999999968277,2.8345292613011344,218000.0,
0.8533333333333334,0.9812032105969598,2.1679999999999997,1.971759357880608,22189.99999996813,2.849219387407226,219000.0,
0.8666666666666667,1.176719717505579,2.5999999999999996,2.364656056498884,22199.999999967986,3.031596597110897,220000.0,
0.84,1.0572374077280897,2.3359999999999994,2.124552518454382,22209.99999996784,2.986231834585651,221000.0,
0.8933333333333333,1.0536167316742262,2.3279999999999994,2.1172766536651544,22219.999999967695,2.8044933563411294,222000.0,
0.84,1.1730990414517162,2.591999999999999,2.3573801917096566,22229.99999996755,3.1254321921931245,223000.0,
0.8533333333333334,1.267236618852162,2.8,2.5465526762295676,22239.999999967404,3.1875397877062452,224000.0,
0.7866666666666666,1.1549956611823993,2.552,2.32100086776352,22249.99999996726,3.3156690608129984,225000.0,
0.72,0.8870656331965133,1.9599999999999995,1.7825868733606975,22259.999999967113,3.2512911572041645,226000.0,
0.7866666666666666,1.0101686190278665,2.2319999999999998,2.0299662761944264,22269.999999966967,3.1329228207860305,227000.0,
0.8533333333333334,1.1151682245899026,2.4639999999999995,2.240966355082019,22279.99999996682,3.0118346381801238,228000.0,
0.8533333333333334,1.2527539146367088,2.7679999999999993,2.5174492170726577,22289.999999966676,3.173692868703716,229000.0,
0.8933333333333333,1.1260302527514927,2.4879999999999995,2.2627939494497014,22299.99999996653,2.890329387397702,230000.0,
0.8666666666666667,1.1332716048592193,2.5039999999999996,2.277345679028156,22309.999999966385,2.988233390211153,231000.0,
0.8266666666666667,1.107926872482176,2.4479999999999995,2.2264146255035646,22319.99999996624,3.102811539281389,232000.0,
0.8533333333333334,1.0427547035126365,2.304,2.095449059297472,22329.999999966094,2.9301000431676574,233000.0,
0.7866666666666666,1.0862028161589963,2.4,2.1827594367682,22339.99999996595,3.2343222239187535,234000.0,
0.7733333333333333,0.9848238866508232,2.1759999999999997,1.9790352226698353,22349.999999965803,3.1596826120360846,235000.0,
0.8,1.0572374077280897,2.3360000000000003,2.1245525184543816,22359.999999965657,3.1455434263147883,236000.0,
0.84,1.2093058019903493,2.6719999999999997,2.4301388396019297,22369.999999965512,3.1774243674373994,237000.0,
0.7866666666666666,0.9051690134658305,2.0,1.8189661973068336,22379.999999965366,3.006906373037571,238000.0,
0.8533333333333334,1.0898234922128598,2.408,2.190035301557428,22389.99999996522,2.9890087799256766,239000.0,
0.8666666666666667,1.5350395371708794,2.528,2.2209920925658238,22399.999999965075,3.006304961166753,240000.0,
0.8266666666666667,1.1901414133128654,1.96,1.721971717337427,22409.99999996493,3.2080710644797192,241000.0,
0.8533333333333334,1.326157574834336,2.1839999999999997,1.918768485033133,22419.999999964784,3.2678377829976917,242000.0,
0.84,1.3115844146713214,2.1599999999999997,1.8976831170657356,22429.99999996464,3.302994144438502,243000.0,
0.88,1.2095722935302184,1.9919999999999998,1.7500855412939564,22439.999999964493,3.0375412426370043,244000.0,
0.88,1.5107509368991885,2.4879999999999995,2.185849812620162,22449.999999964348,3.380395761616886,245000.0,
0.8666666666666667,1.3455884550516892,2.2159999999999997,1.946882308989662,22459.999999964202,3.2424451404330994,246000.0,
0.8,1.1755682531498512,1.936,1.7008863493700297,22469.999999964057,3.3007903164252164,247000.0,
0.72,1.0832715721174246,1.7839999999999998,1.567345685576515,22479.99999996391,3.5400957020014894,248000.0,
0.8266666666666667,1.462173736355806,2.408,2.115565252728839,22489.999999963766,3.542303713321911,249000.0,
0.88,1.3212998547799977,2.176,1.9117400290440003,22499.99999996362,3.168140744057155,250000.0,
0.84,1.2144300135845567,1.9999999999999996,1.7571139972830887,22509.999999963475,3.192413508224025,251000.0,
0.84,1.2532917740192626,2.064,1.8133416451961477,22519.99999996333,3.2393124293764433,252000.0,
0.88,1.1609950929868365,1.9119999999999997,1.6798009814026325,22529.999999963184,2.9877944238376273,253000.0,
0.8,1.0881292921717627,1.7919999999999996,1.5743741415656474,22539.999999963038,3.1961582818692045,254000.0,
0.9333333333333333,1.4718891764644826,2.424,2.1296221647071034,22549.999999962893,3.1513069747729383,255000.0,
0.7866666666666666,1.2387186138562478,2.0399999999999996,1.7922562772287502,22559.999999962747,3.443113492177754,256000.0,
0.76,1.2241454536932328,2.016,1.7711709092613535,22569.9999999626,3.545451035548435,257000.0,
0.84,1.1609950929868362,1.9120000000000001,1.679800981402633,22579.999999962456,3.133244951956833,258000.0,
0.8533333333333334,1.4476005761927915,2.3840000000000003,2.0944798847614416,22589.99999996231,3.4207788002144772,259000.0,
0.8666666666666667,1.1804259732041895,1.9439999999999997,1.7079148053591622,22599.999999962165,3.0604884306089355,260000.0,
0.7466666666666667,1.1561373729324982,1.9039999999999997,1.6727725254135004,22609.99999996202,3.5205375530214886,261000.0,
0.88,1.2630072141279391,2.08,1.827398557174412,22619.999999961874,3.1091718342251644,262000.0,
0.9066666666666666,1.3212998547799977,2.176,1.911740029044001,22629.99999996173,3.0826071927612455,263000.0,
0.8533333333333334,1.4281696959754382,2.352,2.066366060804912,22639.999999961583,3.401133237459721,264000.0,
0.8533333333333334,1.3844502154863945,2.28,2.0031099569027213,22649.999999961437,3.350524471261614,265000.0,
0.7866666666666666,1.156137372932498,1.9039999999999997,1.6727725254135004,22659.999999961292,3.344916999477974,266000.0,
0.7631578947368421,1.0594303934296856,1.7447368421052627,1.532850763419326,22669.999999961146,3.296491549998597,267000.0,
0.7894736842105263,1.3135019357454019,2.1631578947368424,1.9004575075877612,22679.999999961,3.5090991185985416,268000.0,
0.7763157894736842,1.11216222296691,1.8315789473684212,1.6091465027750391,22689.999999960855,3.3099004905889235,269000.0,
0.8157894736842105,1.0977808149113029,1.8078947368421054,1.5883385738598446,22699.99999996071,3.132760353750319,270000.0,
0.8157894736842105,1.3087081330601997,2.155263157894737,1.8935215312826967,22709.999999960564,3.3919615824489577,271000.0,
0.8157894736842105,1.164894052504134,1.9184210526315788,1.685442242130752,22719.99999996042,3.216318515960867,272000.0,
0.868421052631579,1.236801092782167,2.0368421052631582,1.7894818867067244,22729.999999960273,3.104798228040966,273000.0,
0.868421052631579,1.2463886981525714,2.0526315789473677,1.803353839316854,22739.999999960128,3.116444561497786,274000.0,
0.8157894736842105,1.2415948954673688,2.0447368421052627,1.7964178630117895,22749.999999959982,3.312274387980288,275000.0,
0.8421052631578947,1.1648940525041338,1.9184210526315788,1.685442242130752,22759.999999959837,3.1183085623370532,276000.0,
0.8421052631578947,1.092987012226101,1.8,1.5814025975547799,22769.99999995969,3.0335439520068803,277000.0,
0.868421052631579,1.2511825008377735,2.060526315789473,1.810289815621919,22779.999999959546,3.124388940347377,278000.0,
0.881578947368421,1.4956664377830855,2.4631578947368418,2.1640246071802247,22789.9999999594,3.3556783473249254,279000.0,
0.881578947368421,1.2751515142637846,2.0999999999999996,1.8449696971472431,22799.999999959255,3.106139031094068,280000.0,
0.8552631578947368,1.3710275679678283,2.2578947368421054,1.9836892232485397,22809.99999995911,3.314429156381682,281000.0,
0.868421052631579,1.337470949171413,2.202631578947368,1.9351373891130859,22819.999999958964,3.226175638428502,282000.0,
0.881578947368421,1.3806151733382328,2.2736842105263153,1.9975611758586693,22829.999999958818,3.2275604951187895,283000.0,
0.8552631578947368,1.260770106208178,2.076315789473684,1.824161768232049,22839.999999958673,3.1873588934011403,284000.0,
0.8421052631578947,1.2559763035229758,2.0684210526315794,1.8172257919269839,22849.999999958527,3.232093735421847,285000.0,
0.8421052631578947,1.2272134874117626,2.0210526315789474,1.775609934096595,22859.99999995838,3.198562891289772,286000.0,
0.868421052631579,1.433347002875457,2.360526315789474,2.0738569152143826,22869.999999958236,3.339608669966448,287000.0,
0.9210526315789473,1.4141717921346484,2.3289473684210518,2.046113009994123,22879.99999995809,3.1285265171640506,288000.0,
0.8421052631578947,1.126543631022516,1.855263157894737,1.6299544316902337,22889.999999957945,3.080892436827514,289000.0,
0.8552631578947368,1.0786056041704946,1.7763157894736843,1.5605946686395855,22899.9999999578,2.978058860249334,290000.0,
0.8552631578947368,1.3662337652826262,2.2499999999999996,1.9767532469434748,22909.999999957654,3.3149779409342788,291000.0,
0.8289473684210527,1.1121622229669101,1.8315789473684212,1.6091465027750391,22919.99999995751,3.1143512530910016,292000.0,
0.75,1.188863065930145,1.9578947368421051,1.7201221236560762,22929.999999957363,3.545147245788393,293000.0,
0.7763157894736842,1.0354613800036745,1.7052631578947368,1.498170881894002,22939.999999957217,3.2280485572801023,294000.0,
0.9078947368421053,1.4333470028754571,2.360526315789474,2.073856915214382,22949.999999957072,3.199045974170738,295000.0,
0.8552631578947368,1.3230895411158066,2.1789473684210527,1.9143294601978909,22959.999999956926,3.267609309600722,296000.0,
0.8552631578947368,1.2559763035229756,2.068421052631579,1.817225791926984,22969.99999995678,3.1897538317998646,297000.0,
0.75,1.169687855189336,1.926315789473684,1.692378218435817,22979.999999956635,3.5230890700637545,298000.0,
0.9078947368421053,1.5340168592647032,2.526315789473684,2.2195124176207437,22989.99999995649,3.3122475551211785,299000.0,
0.868421052631579,1.0683376382616445,2.3605263157894734,2.146858788137145,22999.999999956344,3.347487457845122,300000.0,
0.8421052631578947,1.2291242393378117,2.7157894736842105,2.4699646258166474,23009.9999999562,3.210206909201819,301000.0,
0.8421052631578947,1.1505174565894634,2.5421052631578944,2.3120017718400017,23019.999999956053,3.117486354688146,302000.0,
0.8289473684210527,1.0326072824669403,2.2815789473684207,2.0750574908750323,23029.999999955908,3.02536434074173,303000.0,
0.8289473684210527,0.9825847843543553,2.171052631578947,1.9745356747080762,23039.999999955762,2.9656546604789202,304000.0,
0.8026315789473685,1.1183601363742297,2.471052631578947,2.247380604304101,23049.999999955617,3.23270771088003,305000.0,
0.8157894736842105,0.9611465708775327,2.123684210526316,1.931454896350809,23059.99999995547,2.988499022353747,306000.0,
0.881578947368421,1.1362253142715817,2.5105263157894733,2.283281252935157,23069.999999955326,2.964670505729544,307000.0,
0.7368421052631579,0.8539555034934214,1.8868421052631577,1.7160510045644732,23079.99999995518,3.1646503261560475,308000.0,
0.8421052631578947,0.989730855513296,2.1868421052631573,1.9888959341604981,23089.999999955035,2.9309272659101335,309000.0,
0.8289473684210527,0.964719606457003,2.1315789473684212,1.93863502607702,23099.99999995489,2.9479125411106306,310000.0,
0.8289473684210527,1.0218881757285294,2.257894736842105,2.0535171016963987,23109.999999954744,3.0175127199143676,311000.0,
0.7763157894736842,1.1112140652152889,2.455263157894737,2.2330203448516786,23119.999999954598,3.3378316772135297,312000.0,
0.8552631578947368,1.0361803180464109,2.289473684210526,2.0822376206012443,23129.999999954453,2.942607756473276,313000.0,
0.868421052631579,1.3541804846192749,2.9921052631578946,2.721269166234039,23139.999999954307,3.264810861065152,314000.0,
0.8157894736842105,0.9718656776159441,2.1473684210526316,1.9529952855294426,23149.99999995416,3.007445024162038,315000.0,
0.7105263157894737,0.8253712188576583,1.8236842105263154,1.6586099667547842,23159.999999954016,3.2475557894891858,316000.0,
0.7631578947368421,0.7896408630629543,1.7447368421052631,1.586808669492672,23169.99999995387,2.9774569929658266,317000.0,
0.881578947368421,1.0397533536258814,2.2973684210526315,2.089417750327455,23179.999999953725,2.861806789176117,318000.0,
0.8421052631578947,1.1755287056457555,2.5973684210526318,2.36226267992348,23189.99999995358,3.1578122129423383,319000.0,
0.8289473684210527,1.0897758517384668,2.407894736842105,2.1899395664944112,23199.999999953434,3.1051232497040497,320000.0,
0.8289473684210527,1.1147871007947592,2.4631578947368418,2.2402004745778905,23209.99999995329,3.1359304707878217,321000.0,
0.8947368421052632,1.0719106738411146,2.3684210526315788,2.1540389178633563,23219.999999953143,2.8580148707522826,322000.0,
0.7763157894736842,0.9861578199338258,2.1789473684210527,1.981715804434287,23229.999999952997,3.18419990363052,323000.0,
0.8157894736842105,1.0218881757285294,2.2578947368421054,2.053517101696399,23239.99999995285,3.0745693766870574,324000.0,
0.8157894736842105,1.1076410296358186,2.447368421052632,2.225840215125468,23249.999999952706,3.1803309395411445,325000.0,
0.8552631578947368,0.9790117487748846,2.1631578947368424,1.9673555449818647,23259.99999995256,2.8837645062479913,326000.0,
0.868421052631579,1.0897758517384666,2.407894736842105,2.1899395664944117,23269.999999952415,2.9682237080507736,327000.0,
0.8289473684210527,1.046899424784822,2.313157894736842,2.1037780097798775,23279.99999995227,3.0584786711567222,328000.0,
0.868421052631579,0.961146570877533,2.1236842105263154,1.931454896350809,23289.999999952124,2.821317263423014,329000.0,
0.868421052631579,1.1683826344868151,2.5815789473684205,2.347902420471058,23299.99999995198,3.060558791215512,330000.0,
0.8157894736842105,0.9933038910927663,2.1947368421052635,1.9960760638867097,23309.999999951833,3.044046705197992,331000.0,
0.8421052631578947,0.961146570877533,2.1236842105263154,1.931454896350809,23319.999999951688,2.911358427904956,332000.0,
0.8947368421052632,1.1183601363742295,2.471052631578947,2.2473806043041016,23329.999999951542,2.9163995641715523,333000.0,
0.8421052631578947,0.8646746102318325,1.9105263157894736,1.7375913937431071,23339.999999951397,2.798047974638169,334000.0,
0.8552631578947368,1.1219331719537002,2.478947368421052,2.2545607340303127,23349.99999995125,3.0564110933492947,335000.0,
0.868421052631579,1.1255062075331703,2.486842105263158,2.2617408637565237,23359.999999951106,3.0148222995718683,336000.0,
0.8552631578947368,1.0468994247848222,2.313157894736842,2.1037780097798775,23369.99999995096,2.9699100966595116,337000.0,
0.8289473684210527,1.0897758517384666,2.407894736842105,2.1899395664944112,23379.999999950815,3.1165518211324548,338000.0,
0.8157894736842105,0.9790117487748845,2.1631578947368424,1.9673555449818647,23389.99999995067,3.0316885952598684,339000.0,
0.868421052631579,1.0790567450000554,2.384210526315789,2.1683991773157785,23399.999999950523,2.963759282109458,340000.0,
0.8157894736842105,1.1112140652152889,2.455263157894737,2.233020344851679,23409.999999950378,3.1950333702513127,341000.0,
0.8947368421052632,1.1612365633278743,2.5657894736842106,2.3335421610186358,23419.999999950232,2.969614394296137,342000.0,
0.8026315789473685,1.0754837094205851,2.376315789473684,2.1612190475895674,23429.999999950087,3.204205933035783,343000.0,
0.8289473684210527,0.9933038910927664,2.194736842105263,1.9960760638867099,23439.99999994994,3.003982471782031,344000.0,
0.8421052631578947,1.1612365633278743,2.56578947368421,2.3335421610186358,23449.999999949796,3.1570902939396186,345000.0,
0.8289473684210527,0.8646746102318325,1.9105263157894736,1.7375913937431071,23459.99999994965,2.8500804821719967,346000.0,
0.8289473684210527,0.907551037185477,2.005263157894737,1.8237529504576413,23469.999999949505,2.9024393464335274,347000.0,
0.8947368421052632,1.2112590614404595,2.6763157894736844,2.4340639771855916,23479.99999994936,3.0290513039513276,348000.0,
0.7631578947368421,1.0147421045695888,2.2421052631578946,2.0391568422439774,23489.999999949214,3.294486205974199,349000.0,
0.9605263157894737,1.182674776804697,2.613157894736842,2.3766229393759026,23499.99999994907,2.792918945703715,350000.0,
0.881578947368421,1.2684276307119857,2.8026315789473677,2.548946052804971,23509.999999948923,3.140899999004844,351000.0,
0.8552631578947368,1.100494958476878,2.4315789473684206,2.2114799556730453,23519.999999948777,3.0418064129762428,352000.0,
0.8947368421052632,1.2184051325994003,2.6921052631578943,2.4484242366380142,23529.99999994863,3.039979265834807,353000.0,
0.8421052631578947,1.1433713854305223,2.526315789473684,2.2976415123875795,23539.999999948486,3.141500395186431,354000.0,
0.8421052631578947,1.0004499622517071,2.210526315789474,2.010436323339132,23549.99999994834,2.9724062051615787,355000.0,
0.8157894736842105,1.0361803180464106,2.289473684210526,2.0822376206012443,23559.999999948195,3.1127339382377084,356000.0,
0.8157894736842105,1.0218881757285292,2.2578947368421054,2.0535171016963987,23569.99999994805,3.095859699267393,357000.0,
0.7631578947368421,0.8539555034934212,1.8868421052631577,1.7160510045644737,23579.999999947904,3.09000721146051,358000.0,
0.8289473684210527,1.0326072824669406,2.2815789473684207,2.0750574908750328,23589.99999994776,3.0609198962967694,359000.0,
0.8552631578947368,1.361439962597424,2.2421052631578946,1.9698172706384096,23599.999999947613,2.9464646145614943,360000.0,
0.8552631578947368,1.1888630659301451,1.9578947368421054,1.7201221236560766,23609.999999947468,3.1506675847676746,361000.0,
0.7894736842105263,1.2224196847265603,2.013157894736842,1.7686739577915298,23619.999999947322,3.456394933973763,362000.0,
0.8421052631578947,1.2415948954673695,2.0447368421052627,1.7964178630117893,23629.999999947177,3.2637658133551053,363000.0,
0.9078947368421053,1.3135019357454023,2.163157894736842,1.9004575075877619,23639.99999994703,3.1070427118240094,364000.0,
0.7631578947368421,1.1217498283373144,1.8473684210526313,1.6230184553851688,23649.999999946886,3.445737706083472,365000.0,
0.8026315789473685,1.4141717921346484,2.3289473684210527,2.0461130099941225,23659.99999994674,3.6412599377284947,366000.0,
0.8157894736842105,1.1744816578745385,1.9342105263157892,1.6993141947408816,23669.999999946594,3.2893613870591816,367000.0,
0.8289473684210527,1.203244473985752,1.9815789473684207,1.7409300525712708,23679.99999994645,3.272482222573348,368000.0,
0.868421052631579,1.3087081330601997,2.1552631578947365,1.8935215312826974,23689.999999946303,3.2457820926027026,369000.0,
0.8026315789473685,1.2128320793561564,1.997368421052631,1.7548020051814006,23699.999999946158,3.3930334103323028,370000.0,
0.8289473684210527,1.1121622229669097,1.8315789473684205,1.609146502775039,23709.999999946012,3.164509983249002,371000.0,
0.8157894736842105,1.2703577115785822,2.0921052631578942,1.8380337208421782,23719.999999945867,3.4101126786963496,372000.0,
0.868421052631579,1.2991205276897955,2.1394736842105266,1.8796495786725673,23729.99999994572,3.2371660621761404,373000.0,
0.8421052631578947,1.1984506713005494,1.9736842105263155,1.7339940762662056,23739.999999945576,3.2194070471569063,374000.0,
0.881578947368421,1.2559763035229756,2.0684210526315785,1.8172257919269839,23749.99999994543,3.1411044636857586,375000.0,
0.881578947368421,1.3566461599122217,2.234210526315789,1.9628812943333447,23759.999999945285,3.2558941515302675,376000.0,
0.881578947368421,1.361439962597424,2.2421052631578946,1.96981727063841,23769.99999994514,3.261928912785115,377000.0,
0.868421052631579,1.3949965813938394,2.297368421052631,2.0183691047738637,23779.999999944994,3.3505990937140866,378000.0,
0.7894736842105263,1.0929870122261012,1.8,1.5814025975547799,23789.99999994485,3.303780215473017,379000.0,
0.8289473684210527,1.0786056041704943,1.7763157894736843,1.5605946686395853,23799.999999944703,3.1297432685103863,380000.0,
0.8552631578947368,1.2895329223193912,2.123684210526315,1.8657776260624377,23809.999999944557,3.280681570699537,381000.0,
0.8552631578947368,1.2272134874117626,2.0210526315789474,1.775609934096595,23819.99999994441,3.208431154499839,382000.0,
0.8289473684210527,1.4189655948198503,2.3368421052631576,2.053048986299187,23829.999999944266,3.542241035007994,383000.0,
0.8157894736842105,1.1601002498189315,1.9105263157894736,1.6785062658256873,23839.99999994412,3.2827003062166646,384000.0,
0.868421052631579,1.3518523572270196,2.2263157894736842,1.9559453180282806,23849.999999943975,3.30516029012799,385000.0,
0.868421052631579,1.529223056579501,2.5184210526315787,2.212576441315679,23859.99999994383,3.510011398473263,386000.0,
0.868421052631579,1.2463886981525711,2.052631578947368,1.8033538393168544,23869.999999943684,3.1849294099816374,387000.0,
0.7763157894736842,1.0594303934296856,1.7447368421052631,1.532850763419326,23879.99999994354,3.3226527101669188,388000.0,
0.8421052631578947,1.3326771464862108,2.194736842105263,1.928201412808021,23889.999999943393,3.3881759864397427,389000.0,
0.8289473684210527,1.2559763035229756,2.0684210526315785,1.817225791926984,23899.999999943248,3.3500634772529696,390000.0,
0.8289473684210527,1.2368010927821669,2.036842105263158,1.7894818867067244,23909.999999943102,3.327566397629128,391000.0,
0.8157894736842105,1.2032444739857513,1.9815789473684202,1.7409300525712708,23919.999999942956,3.340748064872691,392000.0,
0.8947368421052632,1.212832079356156,1.9973684210526317,1.7548020051814006,23929.99999994281,3.057279971033192,393000.0,
0.8289473684210527,1.064224196114888,1.7526315789473683,1.539786739724391,23939.999999942665,3.121283157205081,394000.0,
0.8947368421052632,1.3854089760234352,2.2815789473684203,2.0044971521637343,23949.99999994252,3.2513365026024865,395000.0,
0.8026315789473685,1.3518523572270198,2.2263157894736842,1.9559453180282802,23959.999999942374,3.5832881827613265,396000.0,
0.8421052631578947,1.2320072900969645,2.028947368421053,1.7825459104016599,23969.99999994223,3.2736305319774397,397000.0,
0.868421052631579,1.2751515142637844,2.0999999999999996,1.8449696971472436,23979.999999942083,3.224716895200513,398000.0,
0.8421052631578947,1.3997903840790418,2.3052631578947365,2.0253050810789293,23989.999999941938,3.474122956081138,399000.0,
0.8552631578947368,1.2080382766709536,1.9894736842105265,1.7478660288763357,23999.999999941792,3.1970878311719626,400000.0,
0.8421052631578947,1.3422647518566153,2.2105263157894735,1.9420733654181506,24009.999999941647,3.4070612678169887,401000.0,
0.7763157894736842,0.9923171558368548,1.6342105263157893,1.4357470951484186,24019.9999999415,3.24569328547093,402000.0,
0.8552631578947368,1.3278833438010085,2.1868421052631573,1.921265436502956,24029.999999941356,3.339060525047077,403000.0,
0.868421052631579,1.3806151733382328,2.2736842105263158,1.9975611758586693,24039.99999994121,3.3497962601952795,404000.0,
0.8552631578947368,1.4237593975050526,2.3447368421052635,2.0599849626042523,24049.999999941065,3.452392526301018,405000.0,
0.8157894736842105,1.217625882041358,2.0052631578947366,1.7617379814864649,24059.99999994092,3.3674091457149165,406000.0,
0.75,1.169687855189336,1.926315789473684,1.692378218435817,24069.999999940774,3.5995802981328167,407000.0,
0.8157894736842105,1.140925039078123,1.878947368421052,1.6507623606054278,24079.99999994063,3.274679080147061,408000.0,
0.8421052631578947,1.2176258820413584,2.005263157894737,1.7617379814864647,24089.999999940483,3.264052609911298,409000.0,
0.8026315789473685,1.1361312363929208,1.8710526315789469,1.643826384300363,24099.999999940337,3.32370121254166,410000.0,
0.881578947368421,1.5436044646351075,2.5421052631578944,2.2333843702308736,24109.99999994019,3.4888617807678632,411000.0,
0.881578947368421,1.188863065930145,1.9578947368421051,1.7201221236560762,24119.999999940046,3.087065567311479,412000.0,
0.881578947368421,1.4045841867642437,2.3131578947368414,2.032241057383993,24129.9999999399,3.3323611670635827,413000.0,
0.7631578947368421,1.2511825008377733,2.060526315789473,1.8102898156219194,24139.999999939755,3.6491322424628914,414000.0,
0.8947368421052632,1.1265436310225163,1.855263157894737,1.6299544316902332,24149.99999993961,2.973781117013053,415000.0,
0.8289473684210527,1.083399406855697,1.7842105263157895,1.56753064494465,24159.999999939464,3.1583834114318847,416000.0,
0.7763157894736842,0.9635543397256415,1.5868421052631578,1.3941312373180295,24169.99999993932,3.2188123698021007,417000.0,
0.868421052631579,1.3039143303749976,2.147368421052631,1.8865855549776323,24179.999999939173,3.269958925873855,418000.0,
0.8552631578947368,1.1313374337077187,1.8631578947368417,1.6368904079952984,24189.999999939027,3.1190991532455485,419000.0,
0.8421052631578947,0.8646746102318326,1.9105263157894736,1.7375913937431071,24199.999999938882,3.202615921647067,420000.0,
0.9210526315789473,1.4649445875828566,3.236842105263158,2.943853187746586,24209.999999938736,3.259651266506714,421000.0,
0.7763157894736842,1.0326072824669403,2.2815789473684203,2.0750574908750328,24219.99999993859,3.311151753672199,422000.0,
0.8289473684210527,0.8611015746523621,1.902631578947368,1.7304112640168956,24229.999999938445,2.894659042424623,423000.0,
0.8157894736842105,0.943281392980181,2.084210526315789,1.8955542477197533,24239.9999999383,3.0427288042849177,424000.0,
0.8289473684210527,1.007596033410648,2.2263157894736842,2.024796582791555,24249.999999938154,3.0726523577520597,425000.0,
0.7894736842105263,0.9790117487748846,2.163157894736842,1.9673555449818647,24259.99999993801,3.1907448817676864,426000.0,
0.881578947368421,1.2469894172351637,2.7552631578947366,2.5058652744477037,24269.999999937863,3.1619551598364453,427000.0,
0.881578947368421,1.1290792431126406,2.494736842105263,2.268920993482735,24279.999999937718,3.028803320533276,428000.0,
0.8947368421052632,0.9968769266722367,2.202631578947369,2.003256193612921,24289.999999937572,2.8370948003861503,429000.0,
0.7894736842105263,0.8968319304470661,1.9815789473684209,1.8022125612790074,24299.999999937427,3.089317111885744,430000.0,
0.9078947368421053,1.1147871007947592,2.4631578947368418,2.24020047457789,24309.99999993728,2.92700898057346,431000.0,
0.8421052631578947,0.9933038910927664,2.1947368421052635,1.9960760638867097,24319.999999937136,3.0120452456596363,432000.0,
0.8552631578947368,1.1683826344868151,2.581578947368421,2.3479024204710575,24329.99999993699,3.1710289264640585,433000.0,
0.8157894736842105,0.9968769266722367,2.2026315789473685,2.003256193612921,24339.999999936845,3.114878168165408,434000.0,
0.8552631578947368,1.1326522786921114,2.5026315789473683,2.2761011232089454,24349.9999999367,3.13048266430408,435000.0,
0.8289473684210527,1.064764602682174,2.3526315789473684,2.1396786584109333,24359.999999936554,3.1486017429049102,436000.0,
0.8552631578947368,1.2862928086093377,2.8421052631578947,2.584846701436027,24369.999999936408,3.311354668514973,437000.0,
0.8947368421052632,1.1576635277484038,2.557894736842105,2.3263620312924247,24379.999999936263,3.022091589824142,438000.0,
0.881578947368421,1.0504724603642925,2.3210526315789473,2.1109581395060886,24389.999999936117,2.9462045818932627,439000.0,
0.9210526315789473,1.0969219228974072,2.423684210526315,2.2042998259468343,24399.99999993597,2.8709409448480683,440000.0,
0.9078947368421053,1.2005399547020486,2.6526315789473682,2.412523588006958,24409.999999935826,3.0272585008190855,441000.0,
0.8552631578947368,1.1326522786921114,2.5026315789473683,2.2761011232089463,24419.99999993568,3.1347903566117092,442000.0,
0.8026315789473685,0.9432813929801808,2.0842105263157897,1.8955542477197533,24429.999999935535,3.105068620748423,443000.0,
0.8026315789473685,1.0683376382616443,2.360526315789474,2.1468587881371444,24439.99999993539,3.261532139459745,444000.0,
0.8289473684210527,1.0540454959437628,2.3289473684210527,2.1181382692323,24449.999999935244,3.1413850427124586,445000.0,
0.8421052631578947,1.21483209701993,2.684210526315789,2.441244106911803,24459.9999999351,3.2838599901980157,446000.0,
0.868421052631579,1.2184051325994005,2.692105263157895,2.4484242366380147,24469.999999934953,3.1890695466168513,447000.0,
0.9078947368421053,1.1255062075331703,2.4868421052631575,2.2617408637565233,24479.999999934807,2.9486706053866394,448000.0,
0.7894736842105263,1.1540904921689337,2.55,2.319181901566213,24489.999999934662,3.4278446233999254,449000.0,
0.8289473684210527,1.0326072824669403,2.2815789473684203,2.0750574908750328,24499.999999934516,3.118697674073706,450000.0,
0.881578947368421,1.1362253142715817,2.5105263157894733,2.283281252935157,24509.99999993437,3.050640654982024,451000.0,
0.8289473684210527,0.9897308555132959,2.186842105263158,1.9888959341604986,24519.999999934225,3.0682435717169096,452000.0,
0.868421052631579,1.0361803180464109,2.289473684210526,2.082237620601244,24529.99999993408,2.9828712753133555,453000.0,
0.9342105263157895,1.2827197730298672,2.8342105263157897,2.577666571709816,24539.999999933934,3.0372746866115996,454000.0,
0.9342105263157895,1.3684726269371565,3.0236842105263158,2.749989685138884,24549.99999993379,3.1296298541743237,455000.0,
0.868421052631579,1.0683376382616443,2.3605263157894734,2.1468587881371453,24559.999999933643,3.021719098591477,456000.0,
0.8421052631578947,1.1397983498510516,2.5184210526315787,2.2904613826613685,24569.999999933498,3.2016324154348723,457000.0,
0.8289473684210527,1.1219331719537,2.478947368421052,2.2545607340303127,24579.999999933352,3.2315352550417864,458000.0,
0.8289473684210527,1.1826747768046968,2.6131578947368417,2.3766229393759026,24589.999999933207,3.305445762481075,459000.0,
0.7894736842105263,1.0433263892053517,2.305263157894737,2.096597880053666,24599.99999993306,3.2948767596459487,460000.0,
0.7894736842105263,0.9397083574007109,2.076315789473684,1.8883741179935416,24609.999999932916,3.1642939193600608,461000.0,
0.9078947368421053,1.3255961999835122,2.9289473684210527,2.66382812842435,24619.99999993277,3.1771755246071876,462000.0,
0.8026315789473685,1.0969219228974074,2.4236842105263157,2.2042998259468343,24629.999999932625,3.3096043629401866,463000.0,
0.7894736842105263,0.8968319304470659,1.9815789473684213,1.8022125612790074,24639.99999993248,3.111983778552081,464000.0,
0.8947368421052632,1.1147871007947592,2.4631578947368418,2.2402004745778896,24649.999999932334,2.9900532302874847,465000.0,
0.9210526315789473,1.1719556700662854,2.5894736842105264,2.355082550197269,24659.999999932188,2.9672632989169196,466000.0,
0.8289473684210527,0.9861578199338256,2.1789473684210527,1.981715804434287,24669.999999932043,3.073457052605029,467000.0,
0.8026315789473685,0.9289892506622995,2.0526315789473686,1.8668337288149086,24679.999999931897,3.1036554598275456,468000.0,
0.8552631578947368,0.9540004997185921,2.1078947368421046,1.9170946368983868,24689.99999993175,2.9425205842731987,469000.0,
0.9078947368421053,1.1826747768046966,2.613157894736842,2.3766229393759026,24699.999999931606,3.0243925077724825,470000.0,
0.8947368421052632,1.0826297805795257,2.3921052631578945,2.1755793070419895,24709.99999993146,2.9576421076939376,471000.0,
0.8947368421052632,1.193393883543108,2.6368421052631574,2.398163328554536,24719.999999931315,3.0820255168885207,472000.0,
0.8421052631578947,0.9682926420364734,2.1394736842105258,1.9458151558032308,24729.99999993117,3.0079693874049154,473000.0,
0.868421052631579,1.1505174565894631,2.5421052631578944,2.312001771840001,24739.999999931024,3.127259495453655,474000.0,
0.868421052631579,1.1147871007947594,2.4631578947368418,2.24020047457789,24749.99999993088,3.0867215099930783,475000.0,
0.8947368421052632,1.139798349851052,2.518421052631579,2.290461382661368,24759.999999930733,3.024477567467953,476000.0,
0.8289473684210527,1.0504724603642925,2.321052631578947,2.110958139506089,24769.999999930587,3.157392174394072,477000.0,
0.8157894736842105,1.0075960334106475,2.2263157894736842,2.024796582791555,24779.999999930442,3.15640481513466,478000.0,
0.8552631578947368,1.1576635277484038,2.5578947368421048,2.3263620312924242,24789.999999930296,3.18680350935412,479000.0,
0.8421052631578947,1.3278833438010091,2.1868421052631577,1.9212654365029564,24799.99999993015,3.037802265908579,480000.0,
0.8289473684210527,1.0977808149113033,1.807894736842105,1.5883385738598448,24809.999999930005,3.2170022528951905,481000.0,
0.8157894736842105,1.1936568686153475,1.9657894736842103,1.7270580999611411,24819.99999992986,3.3870600324823195,482000.0,
0.8026315789473685,1.1840692632449425,1.9499999999999995,1.7131861473510115,24829.999999929714,3.4312961312418433,483000.0,
0.8552631578947368,1.2991205276897957,2.139473684210526,1.8796495786725673,24839.99999992957,3.355276309285549,484000.0,
0.8289473684210527,1.1601002498189317,1.9105263157894732,1.6785062658256873,24849.999999929423,3.2947209362757848,485000.0,
0.8552631578947368,1.0066985638924615,1.657894736842105,1.456555024063613,24859.999999929278,3.0145983208455713,486000.0,
0.7763157894736842,1.4045841867642437,2.313157894736842,2.032241057383993,24869.999999929132,3.834376240563,487000.0,
0.7894736842105263,1.145718841763325,1.8868421052631577,1.6576983369104927,24879.999999928987,3.4432405328857763,488000.0,
0.8947368421052632,1.1984506713005492,1.9736842105263157,1.733994076266206,24889.99999992884,3.097677220852574,489000.0,
0.8289473684210527,1.2799453169489865,2.107894736842105,1.8519056734523076,24899.999999928696,3.442470541067551,490000.0,
0.8552631578947368,1.260770106208178,2.076315789473684,1.8241617682320486,24909.99999992855,3.314743508783903,491000.0,
0.7763157894736842,0.9731419450960461,1.6026315789473684,1.4080031899281593,24919.999999928405,3.2820099631598487,492000.0,
0.8421052631578947,1.3470585545418174,2.2184210526315784,1.949009341723216,24929.99999992826,3.47025390850483,493000.0,
0.881578947368421,1.3758213706530307,2.2657894736842104,1.9906251995536037,24939.999999928114,3.348092898041205,494000.0,
0.9078947368421053,1.3710275679678283,2.2578947368421054,1.9836892232485397,24949.999999927968,3.2463463067345617,495000.0,
0.8947368421052632,1.2511825008377737,2.0605263157894735,1.810289815621919,24959.999999927823,3.1607304421,496000.0,
0.8157894736842105,1.2032444739857513,1.9815789473684209,1.7409300525712708,24969.999999927677,3.4084900003555765,497000.0,
0.881578947368421,1.5531920700055117,2.557894736842105,2.2472563228410025,24979.99999992753,3.5516775719335367,498000.0,
0.8026315789473685,1.160100249818932,1.9105263157894739,1.6785062658256873,24989.999999927386,3.411924901399448,499000.0,
0.7631578947368421,1.2176258820413581,2.0052631578947366,1.7617379814864653,24999.99999992724,3.6644718454184506,500000.0,
0.9078947368421053,1.232007290096965,2.028947368421052,1.7825459104016599,25009.999999927095,3.0967007832825453,501000.0,
0.8421052631578947,1.0210799719480683,1.6815789473684208,1.4773629529788075,25019.99999992695,3.088779341674671,502000.0,
0.8026315789473685,1.3182957384306044,2.1710526315789473,1.9073934838928264,25029.999999926804,3.611643870817231,503000.0,
0.8947368421052632,1.2991205276897955,2.1394736842105266,1.879649578672567,25039.99999992666,3.219014119169839,504000.0,
0.868421052631579,1.3230895411158066,2.1789473684210527,1.914329460197892,25049.999999926513,3.3447667443018982,505000.0,
0.868421052631579,1.3230895411158066,2.1789473684210527,1.9143294601978913,25059.999999926367,3.3453728049079503,506000.0,
0.8289473684210527,1.1265436310225165,1.855263157894737,1.6299544316902337,25069.99999992622,3.2682081897910167,507000.0,
0.7368421052631579,1.0546365907444835,1.736842105263158,1.525914787114261,25079.999999926076,3.5798603731375533,508000.0,
0.868421052631579,1.380615173338233,2.2736842105263158,1.9975611758586693,25089.99999992593,3.4134326238307175,509000.0,
0.8552631578947368,1.174481657874538,1.9342105263157892,1.6993141947408816,25099.999999925785,3.2255447076551693,510000.0,
0.7763157894736842,1.3182957384306042,2.1710526315789473,1.9073934838928264,25109.99999992564,3.739496205421126,511000.0,
0.8421052631578947,1.332677146486211,2.194736842105263,1.928201412808021,25119.999999925494,3.465050986438624,512000.0,
0.881578947368421,1.3278833438010087,2.1868421052631577,1.9212654365029564,25129.99999992535,3.3050587183282985,513000.0,
0.8421052631578947,1.1792754605597404,1.9421052631578946,1.7062501710459466,25139.999999925203,3.2841364844009218,514000.0,
0.868421052631579,1.524429253894299,2.5105263157894733,2.205640465010614,25149.999999925058,3.5826730802285587,515000.0,
0.7236842105263158,0.9827295504664506,1.6184210526315788,1.4218751425382887,25159.999999924912,3.5514044697194147,516000.0,
0.8289473684210527,1.1984506713005494,1.973684210526315,1.733994076266206,25169.999999924767,3.3613023971104563,517000.0,
0.8421052631578947,1.208038276670954,1.9894736842105254,1.7478660288763352,25179.99999992462,3.3207923285329515,518000.0,
0.8289473684210527,1.2320072900969647,2.0289473684210524,1.7825459104016594,25189.999999924476,3.403053238833098,519000.0,
0.8026315789473685,1.1313374337077187,1.8631578947368421,1.6368904079952984,25199.99999992433,3.3898597534574075,520000.0,
0.8552631578947368,1.2415948954673692,2.0447368421052627,1.7964178630117895,25209.999999924185,3.3107848008405343,521000.0,
0.8157894736842105,1.4429346082458612,2.3763157894736837,2.087728867824512,25219.99999992404,3.7184327455774118,522000.0,
0.868421052631579,1.2032444739857515,1.9815789473684209,1.7409300525712708,25229.999999923893,3.2176724245762216,523000.0,
0.7236842105263158,1.2511825008377733,2.0605263157894735,1.810289815621919,25239.999999923748,3.9281758193233394,524000.0,
0.868421052631579,1.1744816578745385,1.9342105263157887,1.6993141947408816,25249.999999923602,3.185763727236019,525000.0,
0.868421052631579,1.2080382766709539,1.989473684210526,1.7478660288763352,25259.999999923457,3.225010742819761,526000.0,
0.8289473684210527,1.1936568686153473,1.9657894736842103,1.7270580999611411,25269.99999992331,3.3618686033948824,527000.0,
0.7631578947368421,0.8868534967624065,1.4605263157894737,1.2831556164369924,25279.999999923166,3.250356306087129,528000.0,
0.8421052631578947,1.0881932095408988,1.7921052631578946,1.5744666212497147,25289.99999992302,3.1853513113159115,529000.0,
0.8552631578947368,1.164894052504134,1.918421052631579,1.685442242130752,25299.999999922875,3.2266422767603626,530000.0,
0.868421052631579,1.2368010927821669,2.036842105263158,1.7894818867067248,25309.99999992273,3.2611618644023266,531000.0,
0.7894736842105263,1.3470585545418177,2.218421052631579,1.9490093417232155,25319.999999922584,3.72760416907144,532000.0,
0.7894736842105263,1.1121622229669097,1.831578947368421,1.609146502775039,25329.99999992244,3.4307354824098804,533000.0,
0.7792207792207793,1.059866193673795,1.7454545454545456,1.5334813067197866,25339.999999922293,3.382824948533155,534000.0,
0.8311688311688312,1.2112756499129087,1.9948051948051948,1.7525500648226133,25349.999999922147,3.354187891287508,535000.0,
0.8311688311688312,1.1355709217933518,1.8701298701298699,1.6430156857712,25359.999999922,3.2637306402686566,536000.0,
0.8181818181818182,1.2727857415100483,2.0961038961038962,1.841546747801887,25369.999999921856,3.483877811037763,537000.0,
0.8311688311688312,1.1497655583157687,1.8935064935064934,1.6635533818433397,25379.99999992171,3.282058562334671,538000.0,
0.7922077922077922,1.1024501032410454,1.8155844155844154,1.5950943949362064,25389.999999921565,3.3844009499781094,539000.0,
0.8701298701298701,1.079149551119003,2.3844155844155845,2.1685856741917835,25399.99999992142,3.478872764868148,540000.0,
0.7922077922077922,0.9028179251191656,1.9948051948051948,1.8142416097813616,25409.999999921274,3.133717708742275,541000.0,
0.8961038961038961,1.1567354665589311,2.555844155844156,2.3244970625323695,25419.99999992113,3.054325085857103,542000.0,
0.8441558441558441,1.2096349543588822,2.672727272727273,2.430800281855496,25429.999999920983,3.3055644843805507,543000.0,
0.8571428571428571,1.1461555689989407,2.532467532467532,2.303236418667744,25439.999999920838,3.1820269516972686,544000.0,
0.8961038961038961,1.170841996638918,2.587012987012987,2.3528445876852024,25449.999999920692,3.0718062860912663,545000.0,
0.8701298701298701,1.3083806649187912,2.8909090909090907,2.6292329579253324,25459.999999920547,3.322165838773836,546000.0,
0.8441558441558441,1.1920017917588983,2.633766233766233,2.3953658754144547,25469.9999999204,3.2871375071466877,547000.0,
0.8181818181818182,1.0826761836389993,2.3922077922077927,2.175672555479992,25479.999999920256,3.258505811734951,548000.0,
0.7792207792207793,1.089729448678993,2.407792207792208,2.1898463180564085,25489.99999992011,3.431149459123014,549000.0,
0.7662337662337663,1.1073626112789772,2.446753246753246,2.225280724497451,25499.999999919964,3.5129952723318474,550000.0,
0.7922077922077922,0.9768772080390974,2.1584415584415577,1.9630661168337384,25509.99999991982,3.233759754395208,551000.0,
0.7922077922077922,1.1567354665589313,2.555844155844156,2.3244970625323695,25519.999999919673,3.461449687280891,552000.0,
0.8181818181818182,1.0191967982790582,2.2519480519480517,2.0481086922922396,25529.999999919528,3.1840944994695795,553000.0,
0.8571428571428571,1.1214691413589635,2.4779220779220776,2.253628249650285,25539.999999919382,3.159286725511146,554000.0,
0.8831168831168831,1.0156701657590612,2.244155844155844,2.041021811004032,25549.999999919237,2.947152981802097,555000.0,
0.7792207792207793,0.8358119072392275,1.8467532467532466,1.6795908653054012,25559.99999991909,3.109955280941913,556000.0,
0.8701298701298701,1.0791495511190026,2.384415584415584,2.1685856741917835,25569.999999918946,3.065288290078461,557000.0,
0.8311688311688312,1.0403565933990389,2.2987012987012982,2.0906299800214905,25579.9999999188,3.1629259014190483,558000.0,
0.8831168831168831,1.1038359787589798,2.4389610389610397,2.2181938432092423,25589.999999918655,3.049340740640206,559000.0,
0.8571428571428571,1.1426289364789441,2.524675324675324,2.2961495373795358,25599.99999991851,3.1876095167874343,560000.0,
0.8441558441558441,1.2343213819988594,2.7272727272727266,2.480408450872955,25609.999999918364,3.345885329430824,561000.0,
0.8181818181818182,0.899291292599169,1.9870129870129871,1.8071547284931528,25619.99999991822,3.0432576115750285,562000.0,
0.7662337662337663,0.9380842503191335,2.0727272727272728,1.8851104226634459,25629.999999918073,3.3008862249773476,563000.0,
0.8311688311688312,0.9133978226791559,2.018181818181818,1.8355022536459868,25639.999999917927,3.0139286303966353,564000.0,
0.8311688311688312,1.1355756714389504,2.5090909090909084,2.2819757748031186,25649.99999991778,3.281861354685754,565000.0,
0.8441558441558441,1.047409858439032,2.314285714285714,2.104803742597908,25659.999999917636,3.1275439861368297,566000.0,
0.7662337662337663,0.8040722145592569,1.7766233766233763,1.6158089337115251,25669.99999991749,3.1287010257652654,567000.0,
0.8441558441558441,0.980403840559094,2.166233766233766,1.970152998121947,25679.999999917345,3.0493983957251927,568000.0,
0.8441558441558441,1.1673153641189211,2.579220779220779,2.3457577063969945,25689.9999999172,3.2714320467114404,569000.0,
0.8571428571428571,1.1778952616789113,2.6025974025974024,2.36701835026162,25699.999999917054,3.2348141689145806,570000.0,
0.9090909090909091,1.3965464779187096,3.085714285714286,2.806404990130543,25709.99999991691,3.2910554114118025,571000.0,
0.8961038961038961,1.2307947494788627,2.7194805194805194,2.4733215695847464,25719.999999916763,3.1543622566515563,572000.0,
0.922077922077922,0.9980370031590776,2.205194805194805,2.005587404562989,25729.999999916618,2.8136429470751176,573000.0,
0.7922077922077922,0.9733505755191008,2.1506493506493505,1.9559792355455299,25739.999999916472,3.244390070722206,574000.0,
0.8311688311688312,0.9733505755191008,2.150649350649351,1.955979235545531,25749.999999916326,3.0929342861570936,575000.0,
0.7662337662337663,0.8675515999191984,1.916883116883117,1.7433727968992772,25759.99999991618,3.2176486981840835,576000.0,
0.8701298701298701,0.9945103706390809,2.1974025974025975,1.9985005232747806,25769.999999916035,2.9799566946013623,577000.0,
0.8961038961038961,1.2166882193988757,2.6883116883116878,2.444974044431913,25779.99999991589,3.1420984477216654,578000.0,
0.922077922077922,1.2307947494788625,2.719480519480519,2.473321569584747,25789.999999915744,3.069450643788075,579000.0,
0.8831168831168831,1.0615163885190189,2.345454545454545,2.1331512677507414,25799.9999999156,3.0137729693388935,580000.0,
0.935064935064935,1.1920017917588985,2.633766233766234,2.3953658754144533,25809.999999915453,2.986443582840485,581000.0,
0.7922077922077922,1.0685696535590123,2.36103896103896,2.1473250303271585,25819.999999915308,3.3698305462807068,582000.0,
0.8831168831168831,1.1496822015189376,2.54025974025974,2.3103232999559524,25829.999999915162,3.115372492882894,583000.0,
0.9090909090909091,1.1743686291589148,2.594805194805195,2.359931468973412,25839.999999915017,3.054088349204492,584000.0,
0.8571428571428571,0.9204510877191494,2.0337662337662334,1.8496760162224037,25849.99999991487,2.9435535417189684,585000.0,
0.935064935064935,1.10383597875898,2.4389610389610383,2.2181938432092427,25859.999999914726,2.8949329217155317,586000.0,
0.7922077922077922,0.9275043527591428,2.0493506493506493,1.863849778798821,25869.99999991458,3.195043199369348,587000.0,
0.8441558441558441,1.0932560811989898,2.4155844155844157,2.1969331993446173,25879.999999914435,3.1953925884830445,588000.0,
0.8051948051948052,0.8217053771592406,1.8155844155844156,1.6512433401525672,25889.99999991429,3.0134050651667197,589000.0,
0.8311688311688312,1.0297766958390484,2.2753246753246748,2.0693693361568655,25899.999999914144,3.1701969621668944,590000.0,
0.8701298701298701,0.9733505755191003,2.1506493506493505,1.95597923554553,25909.999999913998,2.963996930060368,591000.0,
0.8181818181818182,1.0756229185990058,2.3766233766233764,2.161498792903575,25919.999999913853,3.2778216623999494,592000.0,
0.8571428571428571,1.1778952616789113,2.602597402597403,2.36701835026162,25929.999999913707,3.2487535628537714,593000.0,
0.7792207792207793,0.8358119072392275,1.8467532467532466,1.6795908653054012,25939.99999991356,3.1352886142748786,594000.0,
0.8831168831168831,1.1073626112789763,2.446753246753246,2.225280724497451,25949.999999913416,3.0745106039346,595000.0,
0.8181818181818182,0.9416108828391299,2.0805194805194804,1.8921973039516544,25959.99999991327,3.116568856788635,596000.0,
0.987012987012987,1.213161586878879,2.68051948051948,2.4378871631437047,25969.999999913125,2.859121607746633,597000.0,
0.7922077922077922,1.1708419966389179,2.5870129870129865,2.352844587685203,25979.99999991298,3.509420225250271,598000.0,
0.8571428571428571,1.1073626112789767,2.4467532467532465,2.225280724497451,25989.999999912834,3.1701018343568257,599000.0,
0.8051948051948052,1.4241951977491618,2.345454545454545,2.0606155059047127,25999.99999991269,3.3183316437908577,600000.0,
0.8441558441558441,1.2964434690474098,2.135064935064934,1.8757762412554533,26009.999999912543,3.444091494087979,601000.0,
0.8181818181818182,1.2491280139726868,2.057142857142857,1.8073172543483198,26019.999999912397,3.4962326519835623,602000.0,
0.7662337662337663,1.092987012226101,1.7999999999999996,1.5814025975547799,26029.999999912252,3.530166100686046,603000.0,
0.7922077922077922,1.083523921211157,1.784415584415584,1.567710800173353,26039.999999912106,3.403133474300417,604000.0,
0.8571428571428571,1.2491280139726866,2.057142857142857,1.80731725434832,26049.99999991196,3.3391311678024644,605000.0,
0.8961038961038961,1.2538595594801594,2.0649350649350646,1.8141631530390332,26059.999999911815,3.199811392449819,606000.0,
0.8441558441558441,1.201812558897964,1.9792207792207792,1.7388582674411863,26069.99999991167,3.335682569757044,607000.0,
0.8181818181818182,1.0504031026588503,1.7298701298701298,1.5197895093383598,26079.999999911524,3.257156173076119,608000.0,
0.8051948051948052,1.2112756499129085,1.9948051948051948,1.7525500648226133,26089.99999991138,3.510129436167055,609000.0,
0.922077922077922,1.3484904696296054,2.220779220779221,1.9510811268532995,26099.999999911233,3.2145572698667957,610000.0,
0.8701298701298701,1.2869803780324658,2.1194805194805197,1.8620844438740265,26109.999999911088,3.3363774493665996,611000.0,
0.8571428571428571,1.2396649229577426,2.0415584415584416,1.793625456966893,26119.999999910942,3.3323333191940585,612000.0,
0.8701298701298701,1.3816112881819114,2.275324675324675,1.9990024176882932,26129.999999910797,3.44632640580699,613000.0,
0.8571428571428571,1.3248327420922437,2.1818181818181817,1.9168516333997339,26139.99999991065,3.43290789606308,614000.0,
0.7532467532467533,1.1213762852709348,1.8467532467532466,1.6224779896990595,26149.999999910506,3.636996102843482,615000.0,
0.8051948051948052,1.4147321067342171,2.3298701298701294,2.046923708523286,26159.99999991036,3.7673253583482915,616000.0,
0.8311688311688312,1.107181648748518,1.823376623376623,1.6019402936269196,26169.999999910215,3.2801997961358547,617000.0,
0.8051948051948052,1.1734232858531302,1.9324675324675322,1.6977828752969064,26179.99999991007,3.4689256937056325,618000.0,
0.8701298701298701,1.23493337745027,2.033766233766234,1.7867795582761796,26189.999999909924,3.2813383591452,619000.0,
0.8181818181818182,1.1970810133904914,1.9714285714285713,1.7320123687504732,26199.999999909778,3.444048222700395,620000.0,
0.7272727272727273,1.201812558897964,1.9792207792207785,1.7388582674411865,26209.999999909633,3.8817744113249946,621000.0,
0.8051948051948052,1.0220138296140167,1.683116883116883,1.4787141171940796,26219.999999909487,3.283465562569922,622000.0,
0.8701298701298701,1.29644346904741,2.135064935064935,1.8757762412554537,26229.99999990934,3.3544171211299387,623000.0,
0.8831168831168831,1.348490469629605,2.220779220779221,1.9510811268533002,26239.999999909196,3.364611267066681,624000.0,
0.8441558441558441,1.3721481971669667,2.25974025974026,1.9853106203068662,26249.99999990905,3.5485417104755475,625000.0,
0.8441558441558441,1.1876179223755472,1.9558441558441557,1.7183205713690466,26259.999999908905,3.3305596926457026,626000.0,
0.9090909090909091,1.3248327420922439,2.1818181818181817,1.916851633399733,26269.99999990876,3.244170302002225,627000.0,
0.7922077922077922,1.1734232858531302,1.9324675324675327,1.6977828752969064,26279.999999908614,3.5323507050777607,628000.0,
0.9090909090909091,1.3768797426744388,2.2675324675324675,1.9921565189975796,26289.99999990847,3.3025648597854804,629000.0,
0.8311688311688312,1.2680541960025762,2.088311688311688,1.8347008491111731,26299.999999908323,3.481874579550775,630000.0,
0.8701298701298701,1.2065441044054366,1.9870129870129867,1.7457041661319,26309.999999908177,3.2558760602726755,631000.0,
0.8051948051948052,1.3011750145548822,2.142857142857143,1.8826221399461662,26319.999999908032,3.6366173567705804,632000.0,
0.8311688311688312,1.1355709217933518,1.87012987012987,1.6430156857711997,26329.999999907886,3.3243556402677745,633000.0,
0.8311688311688312,1.315369651077299,2.1662337662337654,1.9031598360183066,26339.99999990774,3.5413009864375145,634000.0,
0.7662337662337663,1.2207387409278534,2.0103896103896104,1.7662418622040401,26349.999999907595,3.718587848313441,635000.0,
0.7532467532467533,1.187617922375547,1.9558441558441557,1.7183205713690468,26359.99999990745,3.73942034520629,636000.0,
0.8311688311688312,1.3579535606445499,2.236363636363636,1.9647729242347265,26369.999999907304,3.5944097526355856,637000.0,
0.7532467532467533,0.9983561020766549,1.644155844155844,1.4444846237405131,26379.99999990716,3.4895382734301554,638000.0,
0.8961038961038961,1.1497655583157687,1.8935064935064934,1.6635533818433397,26389.999999907013,3.1027789563675383,639000.0,
0.7272727272727273,1.140302467300824,1.8779220779220778,1.6498615844619129,26399.999999906868,3.810769463950158,640000.0,
0.8441558441558441,1.4147321067342171,2.3298701298701294,2.0469237085232868,26409.999999906722,3.608833418731993,641000.0,
0.8441558441558441,1.3863428336893837,2.2831168831168824,2.0058483163790064,26419.999999906577,3.575818433740412,642000.0,
0.8571428571428571,1.1686917403456576,1.924675324675324,1.690936976606193,26429.99999990643,3.2683191516008985,643000.0,
0.8701298701298701,1.3342958331071884,2.1974025974025975,1.9305434307811602,26439.999999906286,3.4104564051984565,644000.0,
0.8701298701298701,1.3153696510772994,2.166233766233766,1.9031598360183064,26449.99999990614,3.3893024348058884,645000.0,
0.9090909090909091,1.490436834853774,2.454545454545455,2.1564580875746997,26459.999999905995,3.4371919468968932,646000.0,
0.8701298701298701,1.2917119235399375,2.1272727272727274,1.8689303425647399,26469.99999990585,3.3633077330092016,647000.0,
0.8701298701298701,1.315369651077299,2.166233766233766,1.9031598360183064,26479.999999905704,3.391093479581982,648000.0,
0.7662337662337663,1.2869803780324653,2.119480519480519,1.8620844438740263,26489.999999905558,3.81453032385661,649000.0,
0.7922077922077922,1.1403024673008237,1.8779220779220775,1.649861584461913,26499.999999905413,3.504968688216443,650000.0,
0.8571428571428571,1.3059065600623545,2.15064935064935,1.88946803863688,26509.999999905267,3.4332515927854588,651000.0,
0.7922077922077922,1.4383898342715786,2.3688311688311687,2.081153201976853,26519.99999990512,3.88255438095,652000.0,
0.8571428571428571,1.1308393762858793,1.862337662337662,1.636169787080486,26529.999999904976,3.2302186662583416,653000.0,
0.8181818181818182,1.2680541960025764,2.0883116883116886,1.8347008491111736,26539.99999990483,3.5523805252577088,654000.0,
0.8311688311688312,1.0977185577335735,1.8077922077922073,1.588248496245493,26549.999999904685,3.2925645147581535,655000.0,
0.7922077922077922,1.4147321067342173,2.3298701298701303,2.0469237085232868,26559.99999990454,3.855314298648702,656000.0,
0.9090909090909091,1.4809737438388295,2.4389610389610383,2.142766290193273,26569.999999904394,3.4330682610660768,657000.0,
0.7922077922077922,1.2349333774502702,2.033766233766234,1.7867795582761796,26579.99999990425,3.6296667223394383,658000.0,
0.8051948051948052,1.2160071954203808,2.0025974025974023,1.7593959635133267,26589.999999904103,3.5482637749419945,659000.0,
0.7922077922077922,0.9204510877191496,2.033766233766234,1.849676016222404,26599.999999903957,3.6309781977492555,660000.0,
0.8441558441558441,1.1038359787589798,2.4389610389610388,2.2181938432092427,26609.999999903812,3.252848774822686,661000.0,
0.8311688311688312,1.022723430799055,2.25974025974026,2.0551955735804484,26619.999999903666,3.206711002664997,662000.0,
0.8831168831168831,1.1249957738789604,2.485714285714285,2.260715130938494,26629.99999990352,3.134477567466352,663000.0,
0.8701298701298701,1.0932560811989895,2.4155844155844153,2.1969331993446177,26639.999999903375,3.145380869423188,664000.0,
0.8961038961038961,1.1108892437989735,2.454545454545454,2.232367605785659,26649.99999990323,3.074467706834084,665000.0,
0.8181818181818182,1.0756229185990063,2.3766233766233764,2.161498792903575,26659.999999903084,3.324805789383393,666000.0,
0.7792207792207793,1.0615163885190193,2.3454545454545452,2.133151267750742,26669.99999990294,3.473609365249902,667000.0,
0.8571428571428571,1.0368299608790417,2.2909090909090906,2.083543098733282,26679.999999902793,3.1296319240411408,668000.0,
0.8571428571428571,1.1391023039589472,2.516883116883117,2.2890626560913274,26689.999999902648,3.249555718240416,669000.0,
0.8831168831168831,1.10383597875898,2.438961038961039,2.2181938432092427,26699.999999902502,3.114634858286314,670000.0,
0.8571428571428571,1.2025816893188883,2.6571428571428566,2.4166265192790792,26709.999999902357,3.324827122372451,671000.0,
0.8181818181818182,0.9874571055990876,2.1818181818181817,1.9843267606983641,26719.99999990221,3.220857097304072,672000.0,
0.8311688311688312,1.1461555689989409,2.5324675324675323,2.3032364186677436,26729.999999902066,3.362090293936635,673000.0,
0.8181818181818182,1.0756229185990058,2.3766233766233764,2.161498792903575,26739.99999990192,3.3298851544626835,674000.0,
0.8051948051948052,1.10383597875898,2.4389610389610388,2.2181938432092427,26749.999999901775,3.4192769413462334,675000.0,
0.8441558441558441,0.8887113950391787,1.9636363636363634,1.7858940846285276,26759.99999990163,3.0072396525698646,676000.0,
0.8571428571428571,1.0579897559990223,2.3376623376623376,2.126064386462533,26769.999999901484,3.1597728971355847,677000.0,
0.7792207792207793,0.856971702359208,1.893506493506493,1.7221121530346517,26779.999999901338,3.218443684678038,678000.0,
0.8701298701298701,1.1461555689989407,2.5324675324675323,2.303236418667744,26789.999999901192,3.2151310270438977,679000.0,
0.7922077922077922,0.8851847625191817,1.9558441558441562,1.7788072033403197,26799.999999901047,3.202606995295067,680000.0,
0.8441558441558441,1.1249957738789604,2.4857142857142853,2.260715130938493,26809.9999999009,3.290222685964638,681000.0,
0.8051948051948052,0.8781314974791886,1.94025974025974,1.7646334407639024,26819.999999900756,3.1434826662083624,682000.0,
0.8961038961038961,1.033303328359045,2.283116883116883,2.0764562174450734,26829.99999990061,2.998321105545896,683000.0,
0.8441558441558441,0.9733505755191005,2.15064935064935,1.95597923554553,26839.999999900465,3.1124276048306236,684000.0,
0.8441558441558441,1.2061083218388855,2.6649350649350647,2.4237134005672876,26849.99999990032,3.388771396624821,685000.0,
0.8831168831168831,1.1778952616789118,2.6025974025974032,2.36701835026162,26859.999999900174,3.2079078698278654,686000.0,
0.8571428571428571,0.9521907803991199,2.103896103896104,1.91345794781628,26869.99999990003,3.0424013649962163,687000.0,
0.7402597402597403,1.0826761836389995,2.392207792207792,2.1756725554799923,26879.999999899883,3.6997520375301827,688000.0,
0.8571428571428571,1.0544631234790256,2.32987012987013,2.1189775051743247,26889.999999899737,3.1629312198015427,689000.0,
0.8701298701298701,1.308380664918791,2.8909090909090907,2.6292329579253324,26899.99999989959,3.4081359880263165,690000.0,
0.8181818181818182,1.1532088340389346,2.548051948051948,2.3174101812441608,26909.999999899446,3.4355060352383124,691000.0,
0.8831168831168831,1.2061083218388853,2.664935064935065,2.423713400567287,26919.9999998993,3.2433844232442546,692000.0,
0.8571428571428571,1.0333033283590451,2.283116883116883,2.076456217445074,26929.999999899155,3.1406690345857733,693000.0,
0.7922077922077922,1.1285224063989572,2.4935064935064934,2.2678020122267015,26939.99999989901,3.518951234290716,694000.0,
0.8831168831168831,1.1144158763189702,2.462337662337662,2.239454487073868,26949.999999898864,3.1413209187584425,695000.0,
0.8181818181818182,1.1778952616789118,2.6025974025974024,2.36701835026162,26959.99999989872,3.4688529388617306,696000.0,
0.8311688311688312,1.061516388519019,2.3454545454545452,2.133151267750742,26969.999999898573,3.2752587799215105,697000.0,
0.8311688311688312,1.0826761836389998,2.3922077922077922,2.1756725554799923,26979.999999898428,3.3013416584252284,698000.0,
0.8571428571428571,1.072096286079009,2.3688311688311687,2.1544119116153664,26989.999999898282,3.189563848895375,699000.0,
0.8701298701298701,1.2061083218388855,2.6649350649350647,2.4237134005672876,26999.999999898137,3.296569265382159,700000.0,
0.8311688311688312,1.022723430799055,2.25974025974026,2.0551955735804484,27009.99999989799,3.231086002664642,701000.0,
0.8701298701298701,1.1743686291589148,2.5948051948051947,2.359931468973411,27019.999999897846,3.2612863349887427,702000.0,
0.8441558441558441,1.1567354665589311,2.555844155844156,2.3244970625323695,27029.9999998977,3.3413604757545605,703000.0,
0.8181818181818182,1.0227234307990551,2.2597402597402594,2.055195573580449,27039.999999897555,3.2842778439767524,704000.0,
0.8961038961038961,0.9733505755191008,2.15064935064935,1.9559792355455299,27049.99999989741,2.9441709320866427,705000.0,
0.8441558441558441,1.132049038918954,2.5012987012987007,2.2748888935149103,27059.999999897263,3.3139627076271756,706000.0,
0.8571428571428571,1.047409858439032,2.314285714285714,2.104803742597908,27069.999999897118,3.1656115014971493,707000.0,
0.7922077922077922,0.927504352759143,2.049350649350649,1.863849778798821,27079.999999896972,3.2743874616632755,708000.0,
0.8831168831168831,1.1778952616789116,2.6025974025974024,2.36701835026162,27089.999999896827,3.221437281592374,709000.0,
0.7662337662337663,1.0474098584390321,2.314285714285714,2.104803742597908,27099.99999989668,3.5432264254035615,710000.0,
0.8051948051948052,1.2307947494788627,2.7194805194805194,2.4733215695847472,27109.999999896536,3.6001773501431695,711000.0,
0.8571428571428571,1.0650430210390158,2.353246753246753,2.1402381490389493,27119.99999989639,3.189213827560723,712000.0,
0.8441558441558441,1.1249957738789602,2.4857142857142858,2.2607151309384927,27129.999999896245,3.309914993656659,713000.0,
0.8831168831168831,1.4071263754786996,3.109090909090909,2.827665633995169,27139.9999998961,3.4839489839832676,714000.0,
0.8181818181818182,1.1038359787589802,2.4389610389610388,2.2181938432092427,27149.999999895954,3.390399529578464,715000.0,
0.8571428571428571,1.251954544598843,2.766233766233766,2.5158428573139977,27159.99999989581,3.409701514138062,716000.0,
0.8311688311688312,1.1108892437989732,2.4545454545454546,2.2323676057856594,27169.999999895663,3.347160496430024,717000.0,
0.7792207792207793,0.9416108828391296,2.08051948051948,1.8921973039516544,27179.999999895517,3.3537306329602163,718000.0,
0.8571428571428571,1.160262099078928,2.5636363636363635,2.331583943820578,27189.99999989537,3.304545176182983,719000.0,
0.8181818181818182,1.263322650495104,2.080519480519481,1.8278549504204598,27199.999999895226,3.195299015517649,720000.0,
0.7922077922077922,1.1213762852709348,1.8467532467532466,1.62247798969906,27209.99999989508,3.5276356387682006,721000.0,
0.8571428571428571,1.3153696510772992,2.166233766233766,1.903159836018307,27219.999999894935,3.4873221686659046,722000.0,
0.8311688311688312,1.2585911049876313,2.0727272727272728,1.8210090517297468,27229.99999989479,3.5286142981725734,723000.0,
0.8051948051948052,1.2302018319427979,2.0259740259740258,1.7799336595854665,27239.999999894644,3.607828081590193,724000.0,
0.8571428571428571,1.2727857415100485,2.0961038961038954,1.841546747801886,27249.9999998945,3.439459122655601,725000.0,
0.8571428571428571,1.3532220151370775,2.2285714285714286,1.957927025544013,27259.999999894353,3.5339075024931867,726000.0,
0.7922077922077922,1.2302018319427976,2.0259740259740258,1.7799336595854665,27269.999999894208,3.668940017353937,727000.0,
0.8441558441558441,1.1923494678830195,1.9636363636363634,1.72516647005976,27279.999999894062,3.3989339850151796,728000.0,
0.8571428571428571,1.1071816487485178,1.823376623376623,1.6019402936269196,27289.999999893917,3.2486785901913553,729000.0,
0.922077922077922,1.3532220151370775,2.2285714285714286,1.957927025544013,27299.99999989377,3.2872942980922253,730000.0,
0.8701298701298701,1.2869803780324653,2.1194805194805197,1.8620844438740263,27309.999999893625,3.4080192404103324,731000.0,
0.7792207792207793,0.9841614655542383,1.6207792207792207,1.4239469276683734,27319.99999989348,3.4176705474444704,732000.0,
0.7532467532467533,1.092987012226101,1.7999999999999998,1.58140259755478,27329.999999893334,3.6806862058689838,733000.0,
0.9090909090909091,1.324832742092244,2.181818181818181,1.916851633399733,27339.99999989319,3.305313159144193,734000.0,
0.7402597402597403,1.1024501032410456,1.8155844155844154,1.5950943949362064,27349.999999893043,3.759446630676327,735000.0,
0.8571428571428571,1.2443964684652147,2.0493506493506493,1.800471355657606,27359.999999892898,3.413004970769865,736000.0,
0.7922077922077922,1.0362084661364335,1.7064935064935063,1.4992518132662196,27369.999999892752,3.4306205228113824,737000.0,
0.8441558441558441,1.3059065600623543,2.150649350649351,1.8894680386368796,27379.999999892607,3.539609309596764,738000.0,
0.7792207792207793,1.1923494678830195,1.9636363636363632,1.72516647005976,27389.99999989246,3.689511817099671,739000.0,
0.8441558441558441,1.3011750145548822,2.1428571428571423,1.8826221399461667,27399.999999892316,3.5352350172263556,740000.0,
0.8181818181818182,1.2396649229577423,2.0415584415584416,1.793625456966893,27409.99999989217,3.572920620106869,741000.0,
0.8051948051948052,1.201812558897964,1.9792207792207785,1.7388582674411865,27419.999999892025,3.5841833392601496,742000.0,
0.8441558441558441,1.5330207444210247,2.524675324675324,2.2180711757911205,27429.99999989188,3.8117291895292973,743000.0,
0.8051948051948052,1.3532220151370775,2.2285714285714286,1.957927025544013,27439.999999891734,3.773514438137739,744000.0,
0.7662337662337663,1.0409400116439056,1.714285714285714,1.506097711956933,27449.99999989159,3.5585115406027965,745000.0,
0.8051948051948052,1.3484904696296054,2.220779220779221,1.9510811268533,27459.999999891443,3.768928486459086,746000.0,
0.8961038961038961,1.2065441044054364,1.9870129870129867,1.7457041661318995,27469.999999891297,3.228749217944952,747000.0,
0.8571428571428571,1.2112756499129087,1.9948051948051948,1.7525500648226133,27479.99999989115,3.381636743064796,748000.0,
0.8831168831168831,1.3910743791968556,2.29090909090909,2.01269421506972,27489.999999891006,3.486360694075586,749000.0,
0.8051948051948052,1.3390273786146607,2.2051948051948047,1.9373893294718736,27499.99999989086,3.7597565831017783,750000.0,
0.8181818181818182,1.192349467883019,1.9636363636363634,1.72516647005976,27509.999999890715,3.5214398258090993,751000.0,
0.7792207792207793,1.1639601948381855,1.9168831168831164,1.6840910779154799,27519.99999989057,3.6617455833586754,752000.0,
0.7922077922077922,1.443121379779051,2.376623376623376,2.0879991006675667,27529.999999890424,3.9547564957699435,753000.0,
0.8831168831168831,1.5377522899284968,2.5324675324675323,2.2249170744818336,27539.99999989028,3.655393034168725,754000.0,
0.8571428571428571,1.3674166516594943,2.2519480519480526,1.9784647216161533,27549.999999890133,3.5680436693448407,755000.0,
0.8831168831168831,1.2775172870175207,2.103896103896104,1.8483926464926,27559.999999889988,3.361891633813632,756000.0,
0.9090909090909091,1.3342958331071886,2.1974025974025975,1.9305434307811602,27569.999999889842,3.328865416403297,757000.0,
0.8181818181818182,1.201812558897964,1.9792207792207785,1.7388582674411863,27579.999999889696,3.5374502703828568,758000.0,
0.8051948051948052,1.391074379196856,2.2909090909090906,2.0126942150697196,27589.99999988955,3.8302020515666784,759000.0,
0.8181818181818182,1.367416651659494,2.2519480519480517,1.9784647216161533,27599.999999889405,3.741125113916772,760000.0,
0.8181818181818182,1.1119131942559906,1.8311688311688312,1.608786192317633,27609.99999988926,3.429478031058512,761000.0,
0.8051948051948052,1.4194636522416895,2.337662337662337,2.0537696072140004,27619.999999889114,3.867395180993298,762000.0,
0.8441558441558441,1.3674166516594943,2.2519480519480517,1.9784647216161528,27629.99999988897,3.627859725796229,763000.0,
0.8571428571428571,1.2727857415100483,2.0961038961038967,1.8415467478018865,27639.999999888823,3.46309548629162,764000.0,
0.7792207792207793,1.2065441044054361,1.9870129870129871,1.7457041661319,27649.999999888678,3.7250616006365207,765000.0,
0.922077922077922,1.3059065600623543,2.1506493506493505,1.88946803863688,27659.999999888532,3.2562620439968075,766000.0,
0.8441558441558441,1.2112756499129085,1.9948051948051944,1.7525500648226133,27669.999999888387,3.4453542314194685,767000.0,
0.8311688311688312,1.3579535606445499,2.2363636363636368,1.9647729242347263,27679.99999988824,3.676284752634394,768000.0,
0.8051948051948052,1.140302467300824,1.8779220779220775,1.649861584461913,27689.999999888096,3.525211128727964,769000.0,
0.8831168831168831,1.1781548313606025,1.94025974025974,1.7046287739876198,27699.99999988795,3.2576135590255313,770000.0,
0.8441558441558441,1.1261078307784071,1.854545454545454,1.6293238883897732,27709.999999887805,3.3469246610601,771000.0,
0.8571428571428571,1.4715106528238848,2.423376623376624,2.129074492811846,27719.99999988766,3.6997897010061767,772000.0,
0.8571428571428571,1.3721481971669667,2.25974025974026,1.985310620306867,27729.999999887514,3.584472896679158,773000.0,
0.8961038961038961,1.4951683803612466,2.4623376623376623,2.1633039862654133,27739.999999887368,3.5664893519823675,774000.0,
0.7792207792207793,1.220738740927853,2.0103896103896104,1.7662418622040401,27749.999999887223,3.7499447175068585,775000.0,
0.8181818181818182,1.3248327420922434,2.1818181818181817,1.916851633399733,27759.999999887077,3.699236843493159,776000.0,
0.7792207792207793,1.0409400116439056,1.7142857142857142,1.5060977119569332,27769.99999988693,3.5205363482591063,777000.0,
0.8311688311688312,1.1781548313606023,1.9402597402597404,1.7046287739876198,27779.999999886786,3.4662144064645535,778000.0,
0.8311688311688312,1.315369651077299,2.1662337662337663,1.903159836018306,27789.99999988664,3.6319259864361957,779000.0,
0.8831168831168831,0.9310309852791396,2.0571428571428574,1.870936660087029,27799.999999886495,3.34386260404207,780000.0,
0.8441558441558441,1.0509364909590286,2.322077922077922,2.111890623886116,27809.99999988635,3.26402938158167,781000.0,
0.8701298701298701,1.1426289364789441,2.524675324675324,2.2961495373795353,27819.999999886204,3.272570568773753,782000.0,
0.8441558441558441,1.008616900719068,2.228571428571428,2.0268480484276146,27829.99999988606,3.2151277131435445,783000.0,
0.8441558441558441,1.1073626112789767,2.4467532467532465,2.2252807244974515,27839.999999885913,3.3327187856529656,784000.0,
0.7662337662337663,0.9627706779591101,2.127272727272728,1.9347185916809049,27849.999999885767,3.483612579691737,785000.0,
0.8701298701298701,1.0438832259190352,2.3064935064935055,2.0977168613096993,27859.999999885622,3.161474752160091,786000.0,
0.8701298701298701,1.1673153641189213,2.579220779220779,2.345757706396995,27869.999999885476,3.303926612479355,787000.0,
0.8051948051948052,1.1214691413589637,2.477922077922077,2.2536282496502853,27879.99999988533,3.51407941747741,788000.0,
0.922077922077922,1.2096349543588822,2.6727272727272724,2.4308002818554963,27889.999999885185,3.164812556121022,789000.0,
0.8051948051948052,1.0227234307990551,2.25974025974026,2.0551955735804484,27899.99999988504,3.392733938233634,790000.0,
0.8571428571428571,1.1673153641189213,2.5792207792207793,2.3457577063969945,27909.999999884894,3.356410349032037,791000.0,
0.7922077922077922,0.9557174129191169,2.111688311688311,1.920544829104488,27919.99999988475,3.3650826359627692,792000.0,
0.9090909090909091,1.251954544598843,2.7662337662337664,2.5158428573139973,27929.999999884603,3.258861427615246,793000.0,
0.8441558441558441,1.072096286079009,2.3688311688311687,2.1544119116153664,27939.999999884458,3.2970956004159917,794000.0,
0.8441558441558441,1.022723430799055,2.2597402597402594,2.055195573580449,27949.999999884312,3.2392231410843446,795000.0,
0.9090909090909091,0.9768772080390974,2.1584415584415577,1.9630661168337384,27959.999999884167,2.957990643113787,796000.0,
0.7922077922077922,0.994510370639081,2.1974025974025975,1.9985005232747806,27969.99999988402,3.4173294842321846,797000.0,
0.961038961038961,1.2131615868788792,2.68051948051948,2.4378871631437047,27979.999999883876,3.0450438133598263,798000.0,
0.8441558441558441,1.0544631234790254,2.32987012987013,2.1189775051743247,27989.99999988373,3.2792840077975045,799000.0,
0.8181818181818182,1.1708419966389179,2.5870129870129865,2.3528445876852038,27999.999999883585,3.5262640276214117,800000.0,
0.8717948717948718,1.1662754596578968,2.576923076923077,2.343667984991497,28009.99999988344,3.279548321356877,801000.0,
0.8461538461538461,1.0827213968764353,2.3923076923076922,2.175763412932405,28019.999999883294,3.2807889235653493,802000.0,
0.9102564102564102,1.1175355897020443,2.4692307692307693,2.2457236512903607,28029.999999883148,3.0885574083902814,803000.0,
0.8461538461538461,0.9922044955298522,2.1923076923076925,1.993866793201721,28039.999999883003,3.1750265250042182,804000.0,
0.8205128205128205,1.0479072040508266,2.3153846153846156,2.10580317457445,28049.999999882857,3.3427587799205285,805000.0,
0.8205128205128205,1.1244984282671662,2.4846153846153842,2.259715698961951,28059.99999988271,3.436729334434183,806000.0,
0.8333333333333334,1.0235372690729,2.2615384615384615,2.0568310077238814,28069.999999882566,3.2633185690251447,807000.0,
0.8589743589743589,1.2045710717660663,2.661538461538462,2.420624247185248,28079.99999988242,3.37725885965225,808000.0,
0.8333333333333334,0.9190946905960737,2.0307692307692307,1.846950292650016,28089.999999882275,3.1392182440837044,809000.0,
0.8974358974358975,1.2950879731126492,2.861538461538461,2.602520866915931,28099.99999988213,3.3345237414533297,810000.0,
0.8717948717948718,1.2846437152649668,2.8384615384615377,2.5815327954085454,28109.999999881984,3.4212060263178423,811000.0,
0.8205128205128205,1.040944365485705,2.2999999999999994,2.0918111269028583,28119.99999988184,3.338647820419223,812000.0,
0.7948717948717948,0.9504274641391217,2.1,1.9099145071721755,28129.999999881693,3.3331151968031643,813000.0,
0.8461538461538461,1.0479072040508264,2.315384615384615,2.10580317457445,28139.999999881547,3.246917604771342,814000.0,
0.9102564102564102,1.1244984282671664,2.4846153846153847,2.2597156989619513,28149.999999881402,3.1029672873772185,815000.0,
0.8205128205128205,0.978278818399609,2.161538461538461,1.9658826978585393,28159.999999881256,3.264774184908007,816000.0,
0.782051282051282,0.9121318520309518,2.0153846153846153,1.832958244978425,28169.99999988111,3.3414112206124034,817000.0,
0.8461538461538461,0.999167334094974,2.2076923076923074,2.0078588408733125,28179.999999880965,3.191740182702269,818000.0,
0.8461538461538461,0.9608717219868043,2.1230769230769226,1.930902578679562,28189.99999988082,3.1470877926350296,819000.0,
0.8205128205128205,0.9817602376821696,2.1692307692307695,1.972878721694335,28199.999999880674,3.271517164658591,820000.0,
0.8589743589743589,0.9504274641391215,2.0999999999999996,1.9099145071721757,28209.99999988053,3.089151376146142,821000.0,
0.8589743589743589,1.1384241053974093,2.5153846153846153,2.2876997943051336,28219.999999880383,3.3086101525363794,822000.0,
0.8333333333333334,1.0653143004636312,2.353846153846154,2.1407832937534272,28229.999999880238,3.3232971605400325,823000.0,
0.8333333333333334,0.936501787008878,2.0692307692307685,1.8819304118289937,28239.999999880092,3.1693375290097046,824000.0,
0.8333333333333334,1.054870042615948,2.3307692307692305,2.119795222246041,28249.999999879947,3.311994820353564,825000.0,
0.8076923076923077,1.1036099125718006,2.4384615384615387,2.217739555947178,28259.9999998798,3.4781170345958348,826000.0,
0.8846153846153846,1.2881251345475275,2.8461538461538454,2.5885288192443405,28269.999999879656,3.3848342100528073,827000.0,
0.782051282051282,0.9469460448565608,2.0923076923076924,1.9029184833363797,28279.99999987951,3.3931408442253725,828000.0,
0.8461538461538461,1.2184967488963099,2.692307692307692,2.4486083425284306,28289.999999879365,3.4576143395885994,829000.0,
0.7948717948717948,0.9956859148124133,2.1999999999999997,2.000862817037517,28299.99999987922,3.4010209895855334,830000.0,
0.8589743589743589,1.155831201810214,2.553846153846153,2.3226799134841114,28309.999999879074,3.3342482647780733,831000.0,
0.8333333333333334,1.0757585583113136,2.3769230769230765,2.161771365260814,28319.999999878928,3.341368731495632,832000.0,
0.7948717948717948,1.030500107638022,2.276923076923077,2.070823055395473,28329.999999878783,3.446754974108045,833000.0,
0.7692307692307693,1.0200558497903391,2.253846153846154,2.0498349838880854,28339.999999878637,3.5487359380429826,834000.0,
0.8589743589743589,1.1627940403753358,2.56923076923077,2.336671961155702,28349.99999987849,3.344742315644897,835000.0,
0.8205128205128205,1.127979847549727,2.4923076923076923,2.266711722797747,28359.999999878346,3.459722314184531,836000.0,
0.8333333333333334,1.0583514618985093,2.338461538461538,2.1267912460818357,28369.9999998782,3.323557138877146,837000.0,
0.8589743589743589,1.065314300463631,2.3538461538461535,2.140783293753427,28379.999999878055,3.2330494841058712,838000.0,
0.782051282051282,0.9156132713135128,2.0230769230769226,1.83995426881422,28389.99999987791,3.360289101006288,839000.0,
0.8076923076923077,1.3405438996106456,2.2076923076923074,1.9395835277701787,28399.999999877764,3.357696064418047,840000.0,
0.7948717948717948,1.2844932835990506,2.1153846153846154,1.8584859586648053,28409.99999987762,3.771456066446038,841000.0,
0.8333333333333334,1.3638983229488102,2.2461538461538457,1.9733741815640844,28419.999999877473,3.693290295214385,842000.0,
0.8974358974358975,1.4853413243072653,2.446153846153846,2.1490855812923937,28429.999999877327,3.565377475641342,843000.0,
0.8333333333333334,1.0836452428908352,1.784615384615385,1.5678863360372175,28439.999999877182,3.3582173683755663,844000.0,
0.8076923076923077,1.5180375169806957,2.499999999999999,2.196392496603861,28449.999999877036,4.003281370213021,845000.0,
0.782051282051282,1.2471262062579869,2.0538461538461537,1.804420912594557,28459.99999987689,3.7887810506073527,846000.0,
0.8205128205128205,1.3638983229488097,2.246153846153846,1.9733741815640844,28469.999999876745,3.7541229560770635,847000.0,
0.8205128205128205,1.1256832048995316,1.8538461538461535,1.6287095128662472,28479.9999998766,3.464423280954497,848000.0,
0.8333333333333334,1.2891641682666828,2.1230769230769226,1.8652440894235867,28489.999999876454,3.6079170019034614,849000.0,
0.8205128205128205,1.4433033622985694,2.3769230769230765,2.0882624044633635,28499.99999987631,3.852772847784556,850000.0,
0.8846153846153846,1.4012654002898732,2.3076923076923075,2.0274392276343334,28509.999999876163,3.5266449452396045,851000.0,
0.8076923076923077,1.2891641682666832,2.123076923076923,1.8652440894235867,28519.999999876018,3.7243588114876713,852000.0,
0.8076923076923077,1.2704806295961517,2.092307692307692,1.8382115663884617,28529.999999875872,3.7018617318638296,853000.0,
0.8205128205128205,1.1864047055787592,1.9538461538461536,1.716565212730402,28539.999999875727,3.542177609907251,854000.0,
0.8717948717948718,1.1630502822405948,1.9153846153846148,1.6827745589364964,28549.99999987558,3.307613559024804,855000.0,
0.8333333333333334,1.2891641682666835,2.1230769230769235,1.8652440894235867,28559.999999875436,3.6122246942110925,856000.0,
0.8333333333333334,1.3312021302753796,2.192307692307692,1.9260672662526166,28569.99999987529,3.663285633236903,857000.0,
0.7564102564102564,1.2331135522550885,2.0307692307692307,1.7841465203182132,28579.999999875145,3.9068246961833117,858000.0,
0.7948717948717948,1.3218603609401136,2.1769230769230763,1.9125510047350538,28589.999999875,3.830079163745916,859000.0,
0.8589743589743589,1.2424553215903542,2.0461538461538455,1.7976627818357758,28599.999999874854,3.4524076878054477,860000.0,
0.7564102564102564,1.2144300135845565,1.9999999999999996,1.7571139972830885,28609.999999874708,3.88415832302563,861000.0,
0.8974358974358975,1.4339615929633034,2.3615384615384616,2.074746142945801,28619.999999874562,3.518982917857912,862000.0,
0.782051282051282,1.1910755902463919,1.9615384615384612,1.7233233434891828,28629.999999874417,3.7282573121005598,863000.0,
0.8717948717948718,1.205088244249291,1.9846153846153851,1.7435977357655263,28639.99999987427,3.3611276919170545,864000.0,
0.8205128205128205,1.106999666229,1.8230769230769222,1.6016769898311232,28649.999999874126,3.452277718199632,865000.0,
0.8461538461538461,1.401265400289873,2.3076923076923075,2.027439227634333,28659.99999987398,3.696037897295817,866000.0,
0.8461538461538461,1.3498856689459113,2.223076923076923,1.953099789287741,28669.999999873835,3.635922457222642,867000.0,
0.8076923076923077,1.0509490502174048,1.7307692307692308,1.5205794207257497,28679.99999987369,3.439584538347147,868000.0,
0.8589743589743589,1.0602908195526708,1.746153846153846,1.5340956822433118,28689.999999873544,3.2457087152838873,869000.0,
0.8846153846153846,1.092987012226101,1.8,1.58140259755478,28699.9999998734,3.1891708253992372,870000.0,
0.8333333333333334,1.2191008982521898,2.0076923076923077,1.7638721280418697,28709.999999873253,3.5373795394243346,871000.0,
0.8589743589743589,1.2471262062579869,2.053846153846153,1.8044209125945565,28719.999999873107,3.4650096132393036,872000.0,
0.7948717948717948,1.1490376282376957,1.8923076923076922,1.662500166660153,28729.99999987296,3.6216892742169366,873000.0,
0.8717948717948718,1.4946830936425313,2.4615384615384617,2.1626018428099556,28739.999999872816,3.699192372103333,874000.0,
0.8461538461538461,1.2050882442492907,1.9846153846153844,1.7435977357655263,28749.99999987267,3.4696467128841406,875000.0,
0.8076923076923077,1.2611388602608853,2.0769230769230766,1.8246953048708996,28759.999999872525,3.704898906337414,876000.0,
0.7948717948717948,1.1583793975729613,1.9076923076923076,1.6760164281777155,28769.99999987238,3.6360224678967494,877000.0,
0.8461538461538461,1.3218603609401136,2.1769230769230763,1.9125510047350542,28779.999999872234,3.609468305336905,878000.0,
0.8205128205128205,1.3078477069372147,2.1538461538461537,1.8922766124587111,28789.99999987209,3.705811267812641,879000.0,
0.8333333333333334,1.2517970909256202,2.061538461538461,1.8111790433533377,28799.999999871943,3.582153432170832,880000.0,
0.8974358974358975,1.3452147842782785,2.2153846153846155,1.9463416585289603,28809.999999871798,3.4309507596087268,881000.0,
0.7948717948717948,1.195746474914025,1.9692307692307691,1.7300814742479644,28819.999999871652,3.6862584684225563,882000.0,
0.8205128205128205,1.1770629362434932,1.9384615384615387,1.70304895121284,28829.999999871507,3.5489173285296323,883000.0,
0.7948717948717948,1.0649617042203035,1.753846153846154,1.540853813002093,28839.99999987136,3.5230131117433396,884000.0,
0.8461538461538461,1.3265312456077465,2.1846153846153844,1.9193091354938356,28849.999999871216,3.619230866004652,885000.0,
0.8461538461538461,1.2237717829198225,2.0153846153846153,1.7706302588006508,28859.99999987107,3.498393925252248,886000.0,
0.8076923076923077,1.4059362849575059,2.315384615384615,2.034197358393114,28869.999999870925,3.891156035326779,887000.0,
0.7564102564102564,1.092987012226101,1.7999999999999994,1.5814025975547799,28879.99999987078,3.7419116432633377,888000.0,
0.8589743589743589,1.1537085129053288,1.9,1.6692582974189343,28889.999999870633,3.366403940380837,889000.0,
0.9102564102564102,1.2751515142637846,2.0999999999999996,1.8449696971472433,28899.999999870488,3.310727015654579,890000.0,
0.7948717948717948,1.3498856689459113,2.223076923076923,1.9530997892877413,28909.999999870342,3.8859819705916188,891000.0,
0.8333333333333334,1.3638983229488097,2.246153846153846,1.9733741815640842,28919.999999870197,3.7240595259831673,892000.0,
0.7948717948717948,1.3545565536135438,2.2307692307692304,1.9598579200465223,28929.99999987005,3.8931485674315245,893000.0,
0.8461538461538461,1.3825818616193415,2.2769230769230773,2.0004067045992087,28939.999999869906,3.69092704856373,894000.0,
0.7564102564102564,1.1817338209111266,1.9461538461538457,1.7098070819716207,28949.99999986976,3.8639836954231326,895000.0,
0.7564102564102564,1.1723920515758606,1.930769230769231,1.6962908204540588,28959.999999869615,3.852311525793449,896000.0,
0.7948717948717948,1.4292907082956705,2.353846153846154,2.0679880121870204,28969.99999986947,3.9897496007412596,897000.0,
0.8461538461538461,1.307847706937215,2.153846153846154,1.8922766124587116,28979.999999869324,3.605029108181788,898000.0,
0.8461538461538461,1.2471262062579869,2.0538461538461545,1.8044209125945565,28989.99999986918,3.5338733952578423,899000.0,
0.782051282051282,0.9817602376821701,2.169230769230769,1.972878721694335,28999.999999869033,3.913779986035206,900000.0,
0.8333333333333334,0.9504274641391217,2.1,1.9099145071721755,29009.999999868887,3.2334329569499225,901000.0,
0.8076923076923077,0.9956859148124132,2.1999999999999997,2.000862817037517,29019.99999986874,3.392750815147002,902000.0,
0.8333333333333334,1.127979847549727,2.4923076923076914,2.2667117227977465,29029.999999868596,3.4477265862734,903000.0,
0.8461538461538461,1.0827213968764353,2.3923076923076922,2.175763412932405,29039.99999986845,3.342607105382632,904000.0,
0.8589743589743589,1.009611591942657,2.2307692307692304,2.0288469123806996,29049.999999868305,3.208201554782364,905000.0,
0.8461538461538461,1.2045710717660663,2.661538461538461,2.420624247185248,29059.99999986816,3.487823387827936,906000.0,
0.8589743589743589,1.1140541704194835,2.4615384615384612,2.2387276274545647,29069.999999868014,3.3309854521135773,907000.0,
0.8205128205128205,1.0270186883554613,2.269230769230769,2.063827031559677,29079.99999986787,3.3816759014158655,908000.0,
0.782051282051282,0.8599105627925387,1.9,1.7280178874414924,29089.999999867723,3.3349643261755215,909000.0,
0.8846153846153846,0.9747973991170478,2.1538461538461533,1.9588866740227444,29099.999999867578,3.0787535815944636,910000.0,
0.8717948717948718,1.1732382982230185,2.592307692307692,2.357660032663088,29109.999999867432,3.3522409891218103,911000.0,
0.7948717948717948,0.9782788183996092,2.1615384615384614,1.9658826978585393,29119.999999867287,3.4320249650654286,912000.0,
0.8589743589743589,1.0792399775938748,2.3846153846153846,2.1687673890966095,29129.99999986714,3.294037585838936,913000.0,
0.8461538461538461,1.2115339103311882,2.676923076923077,2.4346162948568386,29139.999999866995,3.500900681889675,914000.0,
0.8974358974358975,1.2219781681788708,2.6999999999999997,2.455604366364226,29149.99999986685,3.313058530240532,915000.0,
0.8974358974358975,0.9678345605519261,2.138461538461538,1.9448946263511528,29159.999999866704,3.0304413674562136,916000.0,
0.9102564102564102,1.2950879731126492,2.8615384615384607,2.602520866915931,29169.99999986656,3.3478403084742365,917000.0,
0.8205128205128205,0.9991673340949743,2.2076923076923074,2.0078588408733125,29179.999999866413,3.3539820634108057,918000.0,
0.9487179487179487,1.1906453946358229,2.630769230769231,2.3926401518420657,29189.999999866268,3.103110010546989,919000.0,
0.7692307692307693,1.033981526920583,2.284615384615385,2.0778190792312676,29199.999999866122,3.6241726516447983,920000.0,
0.8333333333333334,0.9295389484437564,2.0538461538461537,1.8679383641574026,29209.999999865977,3.2206744304229975,921000.0,
0.8333333333333334,0.8773176592053429,1.9384615384615382,1.76299800662047,29219.99999986583,3.158624267952277,922000.0,
0.8589743589743589,1.0130930112252177,2.238461538461539,2.0358429362164943,29229.999999865686,3.223000819021607,923000.0,
0.8589743589743589,1.0026487533775348,2.215384615384615,2.0148548647091085,29239.99999986554,3.211438847198922,924000.0,
0.8461538461538461,0.8912433363355867,1.9692307692307691,1.7909821019636518,29249.999999865395,3.1290421247432616,925000.0,
0.8333333333333334,0.971315979834487,2.146153846153846,1.9518906501869486,29259.99999986525,3.273883791168753,926000.0,
0.9102564102564102,1.194126813918384,2.638461538461538,2.399636175677861,29269.999999865104,3.242559034993131,927000.0,
0.8846153846153846,1.114054170419483,2.4615384615384617,2.2387276274545647,29279.99999986496,3.2466090621970642,928000.0,
0.8205128205128205,0.9539088834216827,2.1076923076923073,1.9169105310079704,29289.999999864813,3.3056983266526316,929000.0,
0.8333333333333334,1.0444257847682656,2.3076923076923075,2.0988071507386543,29299.999999864667,3.3640770955507895,930000.0,
0.8205128205128205,1.2846437152649668,2.838461538461538,2.5815327954085445,29309.99999986452,3.710031402961616,931000.0,
0.8461538461538461,0.9817602376821697,2.1692307692307686,1.972878721694335,29319.999999864376,3.2402590687588586,932000.0,
0.8461538461538461,0.9922044955298523,2.192307692307692,1.9938667932017218,29329.99999986423,3.253208343184899,933000.0,
0.8974358974358975,1.1384241053974096,2.515384615384615,2.287699794305133,29339.999999864085,3.2308125745696032,934000.0,
0.7692307692307693,0.8842804977704648,1.9538461538461536,1.7769900542920603,29349.99999986394,3.439561313749499,935000.0,
0.9102564102564102,1.0374629462031437,2.292307692307692,2.084815103067063,29359.999999863794,3.0755198563763138,936000.0,
0.7692307692307693,1.0757585583113136,2.3769230769230765,2.1617713652608144,29369.99999986365,3.6898161257859163,937000.0,
0.8076923076923077,1.1732382982230185,2.592307692307692,2.3576600326630883,29379.999999863503,3.635434718416943,938000.0,
0.8717948717948718,0.8285777892494905,1.8307692307692305,1.6650536729193324,29389.999999863358,2.9733656994166417,939000.0,
0.8333333333333334,0.912131852030952,2.0153846153846153,1.8329582449784247,29399.999999863212,3.2114782224197693,940000.0,
0.8974358974358975,1.089684235441557,2.4076923076923076,2.1897554606039953,29409.999999863066,3.180502433761595,941000.0,
0.8846153846153846,1.2776808766998449,2.8230769230769224,2.5675407477369534,29419.99999986292,3.4396943243689493,942000.0,
0.782051282051282,0.7519865650331511,1.6615384615384614,1.5111411485318316,29429.999999862775,3.2192582306795874,943000.0,
0.8461538461538461,1.1244984282671662,2.4846153846153842,2.2597156989619505,29439.99999986263,3.4162223849046582,944000.0,
0.8589743589743589,1.0165744305077786,2.2461538461538457,2.0428389600522903,29449.999999862484,3.2401881429623076,945000.0,
0.9230769230769231,1.1732382982230183,2.592307692307692,2.3576600326630888,29459.99999986234,3.185449823059204,946000.0,
0.8589743589743589,1.0444257847682654,2.3076923076923075,2.0988071507386543,29469.999999862193,3.273806137474499,947000.0,
0.8589743589743589,0.9330203677263171,2.061538461538461,1.8749343879931983,29479.999999862048,3.144707293754013,948000.0,
0.8589743589743589,0.995685914812413,2.1999999999999997,2.000862817037517,29489.999999861902,3.2182582291676685,949000.0,
0.8461538461538461,1.18020113678814,2.6076923076923073,2.371652080334679,29499.999999861757,3.485689222247574,950000.0,
0.8589743589743589,1.1314612668322876,2.4999999999999996,2.2737077466335425,29509.99999986161,3.377519086743027,951000.0,
0.8461538461538461,1.0444257847682654,2.3076923076923075,2.098807150738654,29519.999999861466,3.326439563799826,952000.0,
0.8333333333333334,1.0896842354415572,2.407692307692308,2.189755460603996,29529.99999986132,3.4325410825123797,953000.0,
0.782051282051282,0.9956859148124132,2.1999999999999997,2.0008628170375173,29539.999999861175,3.5380869074464076,954000.0,
0.8974358974358975,1.2219781681788708,2.6999999999999997,2.4556043663642257,29549.99999986103,3.3359156730973427,955000.0,
0.8205128205128205,0.9365017870088781,2.069230769230769,1.8819304118289937,29559.999999860884,3.3013584278992805,956000.0,
0.8333333333333334,1.2393852645916752,2.7384615384615385,2.4905844855432036,29569.999999860738,3.6146438559540237,957000.0,
0.8333333333333334,0.9573903027042436,2.115384615384615,1.9239065548437668,29579.999999860593,3.2768652863044814,958000.0,
0.782051282051282,1.093165654724118,2.4153846153846152,2.1967514844397913,29589.999999860447,3.6660118207760806,959000.0,
0.8717948717948718,1.4900122089748986,2.4538461538461536,2.1558437120511744,29599.9999998603,3.3091834498167514,960000.0,
0.8076923076923077,1.3171894762724807,2.169230769230769,1.905792873976273,29609.999999860156,3.8282631610811433,961000.0,
0.8461538461538461,1.1817338209111263,1.9461538461538452,1.709807081971621,29619.99999986001,3.4947733034837247,962000.0,
0.8076923076923077,1.3919236309546075,2.292307692307692,2.013922966116771,29629.999999859865,3.9220610033859806,963000.0,
0.7692307692307693,1.1677211669082275,1.9230769230769231,1.6895326896952771,29639.99999985972,3.827367516961643,964000.0,
0.8717948717948718,1.0696325888879368,1.7615384615384613,1.547611943760874,29649.999999859574,3.265163851942872,965000.0,
0.8205128205128205,1.405936284957506,2.315384615384615,2.034197358393114,29659.99999985943,3.87973172227408,966000.0,
0.8461538461538461,1.0976578968937338,1.8076923076923073,1.5881607283135606,29669.999999859283,3.398441150857065,967000.0,
0.8461538461538461,1.419948938960405,2.3384615384615386,2.054471750669457,29679.999999859137,3.7799366248146375,968000.0,
0.8205128205128205,1.3638983229488097,2.2461538461538457,1.9733741815640848,29689.999999858992,3.830372956075954,969000.0,
0.8589743589743589,1.335873014943012,2.1999999999999997,1.932825397011398,29699.999999858846,3.626834256185198,970000.0,
0.8461538461538461,1.2004173595816579,1.9769230769230768,1.7368396050067456,29709.9999998587,3.5223083946397282,971000.0,
0.8461538461538461,1.457316016301468,2.3999999999999995,2.108536796739706,29719.999999858555,3.826521958641919,972000.0,
0.8205128205128205,1.303176822269582,2.146153846153846,1.8855184816999302,29729.99999985841,3.758868627123109,973000.0,
0.717948717948718,1.0042402035410758,1.6538461538461537,1.4529981131379388,29739.999999858264,3.88018814062598,974000.0,
0.8333333333333334,1.0836452428908352,1.784615384615385,1.567886336037218,29749.99999985812,3.438832752989778,975000.0,
0.8461538461538461,1.1723920515758606,1.9307692307692308,1.6962908204540592,29759.999999857973,3.4922178791176814,976000.0,
0.8846153846153846,1.387252746286974,2.284615384615384,2.0071648353579894,29769.999999857828,3.5838480320178725,977000.0,
0.8974358974358975,1.2611388602608857,2.0769230769230766,1.8246953048709003,29779.999999857682,3.392694729988539,978000.0,
0.8717948717948718,1.1864047055787594,1.9538461538461531,1.7165652127304019,29789.999999857537,3.4073436328528137,979000.0,
0.8076923076923077,1.1537085129053288,1.8999999999999995,1.6692582974189343,29799.99999985739,3.637921650880368,980000.0,
0.8205128205128205,1.3452147842782782,2.215384615384615,1.9463416585289603,29809.999999857246,3.815102393321135,981000.0,
0.8076923076923077,1.135024974234797,1.8692307692307686,1.6422257743838098,29819.9999998571,3.6160594918914364,982000.0,
0.8974358974358975,1.149037628237696,1.8923076923076922,1.662500166660153,29829.999999856955,3.270639071448372,983000.0,
0.8333333333333334,1.0789743582232028,1.7769230769230768,1.5611282052784365,29839.99999985681,3.4387661529269997,984000.0,
0.8333333333333334,1.1210123202318985,1.8461538461538463,1.6219513821074663,29849.999999856664,3.4898270919528107,985000.0,
0.8846153846153846,1.2564679755932529,2.0692307692307685,1.817937174112119,29859.999999856518,3.44122176949446,986000.0,
0.7564102564102564,1.2237717829198225,2.0153846153846153,1.7706302588006508,29869.999999856373,3.981932187569315,987000.0,
0.9102564102564102,1.5927716716628224,2.623076923076923,2.304522588744359,29879.999999856227,3.714873104063986,988000.0,
0.8076923076923077,1.2004173595816579,1.9769230769230768,1.7368396050067452,29889.99999985608,3.7014659372414536,989000.0,
0.8461538461538461,1.3545565536135438,2.230769230769231,1.9598579200465223,29899.999999855936,3.7159880481923953,990000.0,
0.8076923076923077,1.2284426675874556,2.0230769230769234,1.7773883895594322,29909.99999985579,3.7374337788994065,991000.0,
0.8461538461538461,1.1537085129053288,1.9,1.6692582974189343,29919.999999855645,3.479834303112973,992000.0,
0.782051282051282,1.191075590246392,1.9615384615384612,1.7233233434891828,29929.9999998555,3.813503213738664,993000.0,
0.9102564102564102,1.4059362849575063,2.315384615384615,2.0341973583931146,29939.999999855354,3.5129976088102093,994000.0,
0.8333333333333334,1.2050882442492907,1.984615384615384,1.7435977357655266,29949.99999985521,3.5968720469274373,995000.0,
0.8846153846153846,1.307847706937215,2.1538461538461533,1.892276612458711,29959.999999855063,3.5051003063759563,996000.0,
0.8461538461538461,1.1303540895671644,1.861538461538461,1.6354676436250288,29969.999999854917,3.4552639240163097,997000.0,
0.8974358974358975,1.209759128916924,1.9923076923076923,1.7503558665243075,29979.999999854772,3.3468716007765305,998000.0,
0.8205128205128205,1.2704806295961515,2.0923076923076915,1.8382115663884617,29989.999999854626,3.735270142302129,999000.0,
0.8076923076923077,1.1817338209111266,1.946153846153846,1.709807081971621,29999.99999985448,3.685318063966726,1000000.0,
0.8589743589743589,1.4339615929633034,2.3615384615384616,2.074746142945801,30009.999999854335,3.7595343917906408,1001000.0,
0.8333333333333334,1.1163414355642656,1.8384615384615386,1.615193251348685,30019.99999985419,3.4946835688130373,1002000.0,
0.7948717948717948,1.041607280882139,1.715384615384615,1.5070631592081876,30029.999999854044,3.570405933994209,1003000.0,
0.8076923076923077,1.3638983229488097,2.246153846153846,1.9733741815640842,30039.9999998539,3.913394749029217,1004000.0,
0.8205128205128205,1.2985059376019492,2.138461538461538,1.878760350941149,30049.999999853753,3.77317598643414,1005000.0,
0.8461538461538461,1.1817338209111266,1.946153846153846,1.709807081971621,30059.999999853608,3.521439970150004,1006000.0,
0.7692307692307693,0.9948984342058097,1.6384615384615384,1.4394818516203762,30069.999999853462,3.631364631114749,1007000.0,
0.8461538461538461,1.2844932835990501,2.115384615384615,1.8584859586648055,30079.999999853317,3.644095092720562,1008000.0,
0.7435897435897436,0.9668731262000125,1.5923076923076922,1.3989330670676898,30089.99999985317,3.720274204179855,1009000.0,
0.8461538461538461,1.2658097449285188,2.0846153846153848,1.8314534356296814,30099.999999853026,3.623226668231129,1010000.0,
0.7692307692307693,1.102328781561367,1.815384615384615,1.594918859072342,30109.99999985288,3.7736907493436007,1011000.0,
0.8333333333333334,1.2284426675874554,2.023076923076923,1.777388389559432,30119.999999852735,3.635358893394621,1012000.0,
0.8717948717948718,1.3685692076164429,2.253846153846154,1.9801323123228656,30129.99999985259,3.6362970322486885,1013000.0,
0.8333333333333334,1.3732400922840757,2.2615384615384615,1.9868904430816468,30139.999999852444,3.8103465722613175,1014000.0,
0.8333333333333334,1.2751515142637846,2.0999999999999996,1.8449696971472436,30149.999999852298,3.693255663252344,1015000.0,
0.7948717948717948,1.261138860260886,2.0769230769230766,1.8246953048709003,30159.999999852153,3.8549779209544455,1016000.0,
0.7564102564102564,1.0883161275584683,1.7923076923076922,1.5746444667959985,30169.999999852007,3.823194202515025,1017000.0,
0.8717948717948718,1.3685692076164422,2.253846153846154,1.9801323123228656,30179.99999985186,3.6392382087192336,1018000.0,
0.7948717948717948,1.0416072808821393,1.715384615384615,1.5070631592081876,30189.999999851716,3.5807285146392203,1019000.0,
0.8205128205128205,0.9016875941832694,1.9923076923076921,1.8119701734710383,30199.99999985157,3.674390813349129,1020000.0,
0.8717948717948718,1.0931656547241182,2.415384615384615,2.196751484439791,30209.999999851425,3.3250988392250713,1021000.0,
0.8333333333333334,1.002648753377535,2.215384615384615,2.014854864709108,30219.99999985128,3.3705600424964737,1022000.0,
0.782051282051282,0.9956859148124132,2.1999999999999993,2.000862817037517,30229.999999851134,3.5833328090850936,1023000.0,
0.8589743589743589,1.340346423785941,2.9615384615384617,2.693469176781273,30239.99999985099,3.6642809112556014,1024000.0,
0.8333333333333334,1.121017008984605,2.4769230769230766,2.2527196751261553,30249.999999850843,3.5144481030710844,1025000.0,
0.8076923076923077,0.9678345605519261,2.138461538461538,1.9448946263511528,30259.999999850697,3.436998344791602,1026000.0,
0.7948717948717948,1.1349426861148486,2.507692307692307,2.2807037704693376,30269.999999850552,3.7033117663835213,1027000.0,
0.8205128205128205,0.9573903027042433,2.115384615384615,1.9239065548437668,30279.999999850406,3.3718163064023523,1028000.0,
0.8461538461538461,1.06183288118107,2.3461538461538467,2.1337872699176317,30289.99999985026,3.393678253499128,1029000.0,
0.7564102564102564,0.8807990784879041,1.9461538461538457,1.769994030456265,30299.999999850115,3.557663188489405,1030000.0,
0.8974358974358975,1.1593126210927749,2.5615384615384618,2.329675937319906,30309.99999984997,3.309516920629347,1031000.0,
0.8205128205128205,0.9399832062914393,2.076923076923077,1.8889264356647886,30319.999999849824,3.353101407649211,1032000.0,
0.782051282051282,1.0653143004636307,2.3538461538461535,2.1407832937534277,30329.99999984968,3.6789232038521287,1033000.0,
0.8461538461538461,1.0827213968764353,2.3923076923076922,2.1757634129324046,30339.999999849533,3.421394984169364,1034000.0,
0.9102564102564102,1.1384241053974096,2.5153846153846153,2.2876997943051336,30349.999999849388,3.2422095805607527,1035000.0,
0.8076923076923077,0.9086504327483911,2.007692307692307,1.8259622211426296,30359.999999849242,3.3700719643363404,1036000.0,
0.782051282051282,1.2533109417219188,2.769230769230769,2.5185685808863854,30369.999999849097,3.9219353025102293,1037000.0,
0.8205128205128205,1.068795719746192,2.361538461538461,2.147779317589223,30379.99999984895,3.513841658422136,1038000.0,
0.9102564102564102,1.093165654724118,2.415384615384615,2.1967514844397917,30389.999999848806,3.194742550243582,1039000.0,
0.8461538461538461,0.9922044955298526,2.192307692307692,1.9938667932017216,30399.99999984866,3.3180568280324407,1040000.0,
0.7692307692307693,1.0722771390287527,2.369230769230769,2.154775341425018,30409.999999848515,3.754623614050912,1041000.0,
0.8717948717948718,1.3055322309603319,2.8846153846153837,2.623508938423318,30419.99999984837,3.581048735495843,1042000.0,
0.8333333333333334,1.0479072040508264,2.315384615384615,2.1058031745744503,30429.999999848224,3.4377932602273114,1043000.0,
0.9615384615384616,1.2115339103311882,2.676923076923077,2.4346162948568386,30439.999999848078,3.1501259333952394,1044000.0,
0.8589743589743589,1.1697568789404575,2.584615384615384,2.350664008827293,30449.999999847932,3.478221441136796,1045000.0,
0.8461538461538461,1.037462946203144,2.292307692307692,2.084815103067063,30459.999999847787,3.3751804515553685,1046000.0,
0.8974358974358975,1.1662754596578966,2.576923076923076,2.3436679849914976,30469.99999984764,3.326418369316063,1047000.0,
0.8717948717948718,1.0548700426159483,2.330769230769231,2.119795222246041,30479.999999847496,3.297053872394881,1048000.0,
0.8461538461538461,1.0583514618985093,2.338461538461538,2.126791246081836,30489.99999984735,3.4016850610135005,1049000.0,
0.8333333333333334,1.0513886233333878,2.323076923076923,2.1127991984102454,30499.999999847205,3.446278655674016,1050000.0,
0.9102564102564102,1.2463481031567973,2.753846153846154,2.504576533214794,30509.99999984706,3.369788056972343,1051000.0,
0.8333333333333334,0.9016875941832692,1.9923076923076921,1.8119701734710383,30519.999999846914,3.2678681899246245,1052000.0,
0.8205128205128205,1.1070913318543611,2.446153846153845,2.2247355797829735,30529.99999984677,3.5698894356788307,1053000.0,
0.7692307692307693,0.9434646255739998,2.084615384615384,1.8959224595005844,30539.999999846623,3.595834013226274,1054000.0,
0.8589743589743589,1.333383585220819,2.946153846153846,2.679477129109682,30549.999999846477,3.674682382776533,1055000.0,
0.8205128205128205,0.9956859148124132,2.1999999999999997,2.000862817037518,30559.99999984633,3.4359890836589297,1056000.0,
0.8333333333333334,0.999167334094974,2.2076923076923074,2.0078588408733125,30569.999999846186,3.3879208008955484,1057000.0,
0.782051282051282,1.002648753377535,2.215384615384615,2.014854864709108,30579.99999984604,3.6151869305286857,1058000.0,
0.9487179487179487,1.1662754596578966,2.5769230769230766,2.343667984991497,30589.999999845895,3.1530984574610463,1059000.0,
0.7948717948717948,1.030500107638022,2.276923076923077,2.070823055395472,30599.99999984575,3.59320658700914,1060000.0,
0.8589743589743589,0.9713159798344869,2.146153846153846,1.9518906501869486,30609.999999845604,3.2567529317297064,1061000.0,
0.8205128205128205,1.0722771390287527,2.369230769230769,2.1547753414250184,30619.99999984546,3.5330846381725385,1062000.0,
0.8846153846153846,1.2950879731126494,2.861538461538461,2.602520866915931,30629.999999845313,3.529516839153418,1063000.0,
0.7948717948717948,0.9956859148124132,2.1999999999999997,2.000862817037518,30639.999999845168,3.55198873151882,1064000.0,
0.8717948717948718,1.121017008984605,2.4769230769230766,2.2527196751261553,30649.999999845022,3.382928333817606,1065000.0,
0.8846153846153846,0.9817602376821697,2.1692307692307695,1.972878721694335,30659.999999844877,3.177059399101546,1066000.0,
0.8607594936708861,1.024330503846142,2.263291139240506,2.058425038471278,30669.99999984473,3.2882633794506186,1067000.0,
0.8607594936708861,1.1102642709473283,2.453164556962025,2.2311117027725595,30679.999999844586,3.3886864324064,1068000.0,
0.8607594936708861,0.9555834901651928,2.1113924050632904,1.9202757070302523,30689.99999984444,3.2095719959094993,1069000.0,
0.8227848101265823,1.17557393394423,2.59746835443038,2.3623535676415335,30699.999999844295,3.62569447354445,1070000.0,
0.8481012658227848,0.8490256189597217,1.8759493670886074,1.7061442432966634,30709.99999984415,3.1330272223375006,1071000.0,
0.8860759493670886,1.1205763229994707,2.475949367088607,2.251834102488713,30719.999999844003,3.305790421653602,1072000.0,
0.8734177215189873,1.0999522188951862,2.430379746835443,2.2103893030564055,30729.999999843858,3.3306670332103345,1073000.0,
0.8734177215189873,1.062141361370664,2.3468354430379748,2.1344071707638417,30739.999999843712,3.2879560514068875,1074000.0,
0.8481012658227848,0.9933943476897149,2.1949367088607596,1.9962578393228163,30749.999999843567,3.3056410965116365,1075000.0,
0.8354430379746836,1.0655787120547116,2.354430379746836,2.1413146373358924,30759.99999984342,3.442735125016876,1076000.0,
0.8734177215189873,1.1480751284718504,2.5367088607594934,2.3070938350651233,30769.999999843276,3.388083118087931,1077000.0,
0.7974683544303798,0.9933943476897152,2.194936708860759,1.9962578393228163,30779.99999984313,3.5174278327980626,1078000.0,
0.8860759493670886,1.2030727394166096,2.6582278481012653,2.4176133002179436,30789.999999842985,3.4028935201814576,1079000.0,
0.8481012658227848,1.4158101803941476,2.3316455696202536,2.048483533541424,30799.99999984284,3.3815800916267507,1080000.0,
0.8227848101265823,1.3743043444868273,2.2632911392405064,1.9884302703431411,30809.999999842694,3.8739975878961235,1081000.0,
0.8607594936708861,1.2820691535816713,2.111392405063291,1.8549785743469571,30819.99999984255,3.596518575466767,1082000.0,
0.8227848101265823,1.1990574817670312,1.9746835443037971,1.7348720479503916,30829.999999842403,3.6622360162828156,1083000.0,
0.8860759493670886,1.2682338749458977,2.088607594936708,1.8349608199475291,30839.999999842257,3.4792896588501843,1084000.0,
0.8481012658227848,1.3927513826678588,2.2936708860759496,2.015120609542378,30849.99999984211,3.7824949138738395,1085000.0,
0.8987341772151899,1.406586661303632,2.316455696202531,2.0351383639418055,30859.999999841966,3.585354172419334,1086000.0,
0.8354430379746836,1.2543985963101243,2.065822784810127,1.8149430655481018,30869.99999984182,3.6754134713225,1087000.0,
0.8354430379746836,1.295904432217445,2.1341772151898732,1.8749963287463844,30879.999999841675,3.7257007597570118,1088000.0,
0.8354430379746836,1.30512795130796,2.149367088607595,1.8883414983460034,30889.99999984153,3.7373470932138315,1089000.0,
0.8354430379746836,1.1621634054049683,1.913924050632911,1.6814913695519178,30899.999999841384,3.5668289246329694,1090000.0,
0.7974683544303798,1.0837634931355853,1.7848101265822784,1.5680574279551613,30909.99999984124,3.639001840579272,1091000.0,
0.8481012658227848,1.2267280390385775,2.0202531645569617,1.774907556749247,30919.999999841093,3.5909151504899985,1092000.0,
0.8354430379746836,1.1806104435859994,1.9443037974683544,1.7081817087511548,30929.999999840948,3.5907276521526614,1093000.0,
0.7468354430379747,1.1022105313166164,1.8151898734177216,1.5947477671543984,30939.999999840802,3.912447999538879,1094000.0,
0.810126582278481,1.0745399740450698,1.769620253164557,1.5547122583555433,30949.999999840657,3.573257155442829,1095000.0,
0.8481012658227848,1.2128927604028041,1.99746835443038,1.754889802349819,30959.99999984051,3.576989971203008,1096000.0,
0.8227848101265823,1.0284223785924917,1.693670886075949,1.4879864103574512,30969.999999840365,3.4634641216551727,1097000.0,
0.8481012658227848,1.3235749894889914,2.1797468354430376,1.9150318375452398,30979.99999984022,3.70868991296133,1098000.0,
0.8227848101265823,1.2866809131269292,2.118987341772152,1.8616511591467664,30989.999999840074,3.7785783405508555,1099000.0,
0.810126582278481,1.3143514703984762,2.1645569620253164,1.9016866679456221,30999.99999983993,3.87239947125402,1100000.0,
0.8354430379746836,1.365080825396312,2.248101265822785,1.9750851007435228,31009.999999839783,3.81638159401645,1101000.0,
0.810126582278481,1.1022105313166166,1.8151898734177212,1.5947477671543981,31019.999999839638,3.6117879995748314,1102000.0,
0.8227848101265823,1.0883752526808432,1.7924050632911388,1.5747300127549708,31029.999999839492,3.5400222301625,1103000.0,
0.8734177215189873,1.286680913126929,2.1189873417721516,1.8616511591467664,31039.999999839347,3.562428871533373,1104000.0,
0.810126582278481,1.1990574817670308,1.9746835443037976,1.7348720479503912,31049.9999998392,3.7332084540370336,1105000.0,
0.7974683544303798,1.2774573940364136,2.10379746835443,1.8483059895471476,31059.999999839056,3.8914116528198552,1106000.0,
0.8734177215189873,1.240563317674351,2.043037974683544,1.7949253111486743,31069.99999983891,3.5113666970296706,1107000.0,
0.8860759493670886,1.332798508579507,2.1949367088607596,1.9283770071448583,31079.999999838765,3.5658697453793438,1108000.0,
0.8354430379746836,1.3512455467605382,2.225316455696203,1.955067346344095,31089.99999983862,3.804669669588711,1109000.0,
0.8354430379746836,1.148328126769195,1.8911392405063288,1.6614736151524905,31099.999999838474,3.562389727477852,1110000.0,
0.7974683544303798,1.3374102681247653,2.2025316455696204,1.9350495919446675,31109.99999983833,3.9697652568353603,1111000.0,
0.810126582278481,1.2036692413122887,1.9822784810126586,1.7415446327502009,31119.999999838183,3.7432760947256476,1112000.0,
0.7974683544303798,1.143716367223937,1.8835443037974677,1.654801030352681,31129.999999838037,3.728149095388271,1113000.0,
0.8860759493670886,1.434257218575179,2.362025316455696,2.0751738727406606,31139.99999983789,3.6838017180886946,1114000.0,
0.8227848101265823,1.1806104435859994,1.944303797468354,1.7081817087511548,31149.999999837746,3.659508077570198,1115000.0,
0.8734177215189873,1.2774573940364133,2.10379746835443,1.8483059895471479,31159.9999998376,3.55882513228471,1116000.0,
0.8481012658227848,1.3743043444868275,2.2632911392405055,1.9884302703431411,31169.999999837455,3.779848406167569,1117000.0,
0.7974683544303798,1.1114340504071323,1.8303797468354426,1.6080929367540164,31179.99999983731,3.6908426981100098,1118000.0,
0.810126582278481,1.1852222031312574,1.9518987341772147,1.7148542935509636,31189.999999837164,3.7248805319708733,1119000.0,
0.810126582278481,1.2543985963101245,2.0658227848101265,1.8149430655481018,31199.99999983702,3.8108951423010287,1120000.0,
0.8987341772151899,1.2912926726721867,2.1265822784810124,1.868323743946575,31209.999999836873,3.4767876216882843,1121000.0,
0.8481012658227848,1.2082810008575464,1.989873417721519,1.7482172175500097,31219.999999836728,3.5870746129330002,1122000.0,
0.7974683544303798,1.166775164950226,1.9215189873417724,1.688163954351727,31229.999999836582,3.7634133020608274,1123000.0,
0.7974683544303798,1.1114340504071325,1.830379746835443,1.6080929367540164,31239.999999836436,3.6946522219194784,1124000.0,
0.7974683544303798,1.309739710853218,2.156962025316456,1.8950140831458122,31249.99999983629,3.943956145335989,1125000.0,
0.8481012658227848,1.4065866613036322,2.316455696202532,2.035138363941806,31259.999999836145,3.8232857648022303,1126000.0,
0.810126582278481,1.1806104435859996,1.9443037974683548,1.7081817087511548,31269.999999836,3.7241878912821234,1127000.0,
0.8987341772151899,1.3327985085795069,2.1949367088607588,1.9283770071448578,31279.999999835854,3.5269138334724284,1128000.0,
0.8227848101265823,1.2543985963101245,2.065822784810127,1.8149430655481018,31289.99999983571,3.757804447804009,1129000.0,
0.7721518987341772,1.1575516458597108,1.90632911392405,1.6748187847521083,31299.999999835563,3.8794488528143822,1130000.0,
0.8227848101265823,1.0929870122261012,1.7999999999999998,1.5814025975547796,31309.999999835418,3.562858060994178,1131000.0,
0.810126582278481,1.3604690658510539,2.2405063291139236,1.9684125159437136,31319.999999835272,3.9493258781405043,1132000.0,
0.8860759493670886,1.1160458099523902,1.8379746835443036,1.6147655215538257,31329.999999835127,3.335534556928532,1133000.0,
0.7974683544303798,1.1160458099523902,1.8379746835443036,1.6147655215538255,31339.99999983498,3.706784428333281,1134000.0,
0.7721518987341772,1.1298810885881636,1.860759493670886,1.6347832759532532,31349.999999834836,3.8468919015938066,1135000.0,
0.8860759493670886,1.235951558129093,2.0354430379746824,1.7882527263488655,31359.99999983469,3.4725710441565005,1136000.0,
0.810126582278481,1.2313397985838355,2.0278481012658225,1.7815801415490558,31369.999999834545,3.793056938857486,1137000.0,
0.7974683544303798,1.1990574817670308,1.9746835443037976,1.7348720479503916,31379.9999998344,3.8134181120373167,1138000.0,
0.7848101265822784,1.3973631422131165,2.30126582278481,2.0217931943421865,31389.999999834254,4.128249810219212,1139000.0,
0.7848101265822784,0.9555834901651931,2.1113924050632904,1.9202757070302523,31399.999999834108,3.9819881150275225,1140000.0,
0.8607594936708861,1.2202594928368469,2.6962025316455693,2.4521506330781997,31409.999999833963,3.559416175483304,1141000.0,
0.8607594936708861,1.0415172572663791,2.3012658227848095,2.0929623713315335,31419.999999833817,3.352347990041135,1142000.0,
0.9240506329113924,1.1343257257356607,2.5063291139240507,2.2794639687769185,31429.99999983367,3.223719620984518,1143000.0,
0.8354430379746836,1.0999522188951865,2.4303797468354427,2.210389303056405,31439.999999833526,3.525091292295027,1144000.0,
0.8227848101265823,0.9177726326406707,2.0278481012658225,1.8442935747376885,31449.99999983338,3.3585205842671453,1145000.0,
0.8481012658227848,1.031205205214237,2.278481012658228,2.0722399716153803,31459.999999833235,3.3926121076220235,1146000.0,
0.8607594936708861,1.2065100901006574,2.665822784810127,2.4245207667899944,31469.99999983309,3.5469720164220915,1147000.0,
0.8734177215189873,1.1308883750516132,2.49873417721519,2.272556502204867,31479.999999832944,3.40956495112793,1148000.0,
0.810126582278481,1.0208931531620946,2.2556962025316456,2.0515175718992262,31489.9999998328,3.540786860914916,1149000.0,
0.8481012658227848,1.0587040106866168,2.3392405063291135,2.12749970419179,31499.999999832653,3.4274241319849446,1150000.0,
0.810126582278481,1.1240136736835185,2.4835443037974687,2.258741569060765,31509.999999832507,3.66932625343353,1151000.0,
0.8860759493670886,1.165261881892088,2.574683544303797,2.341631167925379,31519.999999832362,3.401935552403176,1152000.0,
0.8481012658227848,1.1446377777878032,2.5291139240506326,2.3001863684930726,31529.999999832216,3.530540066328108,1153000.0,
0.7848101265822784,0.9383967367449556,2.073417721518987,1.885738374169996,31539.99999983207,3.5531151967999635,1154000.0,
0.7974683544303798,1.031205205214237,2.278481012658228,2.07223997161538,31549.999999831925,3.6137303366773077,1155000.0,
0.9367088607594937,1.093077517527091,2.4151898734177215,2.196574369912303,31559.99999983178,3.1431476200457467,1156000.0,
0.8607594936708861,1.2374462462570843,2.734177215189873,2.4866879659384566,31569.999999831634,3.5887949037213844,1157000.0,
0.8987341772151899,1.2065100901006574,2.665822784810126,2.4245207667899944,31579.99999983149,3.4032971424886735,1158000.0,
0.810126582278481,0.9418340874290033,2.0810126582278476,1.8926458407420463,31589.999999831343,3.4494483266505402,1159000.0,
0.8734177215189873,1.062141361370664,2.3468354430379743,2.134407170763842,31599.999999831198,3.33781112386993,1160000.0,
0.8354430379746836,1.0449546079504268,2.3088607594936708,2.099869837903585,31609.999999831052,3.4695638488913016,1161000.0,
0.8607594936708861,1.1343257257356607,2.506329113924051,2.279463968776918,31619.999999830907,3.471934298997923,1162000.0,
0.8481012658227848,0.8696497230640063,1.9215189873417724,1.7475890427289709,31629.99999983076,3.212270568967127,1163000.0,
0.8987341772151899,1.158387180523993,2.5594936708860754,2.3278162347812774,31639.999999830616,3.3531322149314904,1164000.0,
0.8607594936708861,0.9830822956375724,2.1721518987341772,1.975535439606663,31649.99999983047,3.2979897257957065,1165000.0,
0.8481012658227848,1.1446377777878032,2.529113924050633,2.300186368493072,31659.999999830325,3.5383012603578456,1166000.0,
0.8354430379746836,0.9624581915332877,2.1265822784810124,1.9340906401743552,31669.99999983018,3.3744545019677026,1167000.0,
0.8987341772151899,1.151512479155898,2.5443037974683542,2.314001301637174,31679.999999830034,3.3477364204514646,1168000.0,
0.8607594936708861,1.1996353887325624,2.650632911392405,2.410705833645892,31689.999999829888,3.5519264074795576,1169000.0,
0.9113924050632911,1.2065100901006574,2.6658227848101266,2.424520766789995,31699.999999829743,3.3626957932873447,1170000.0,
0.6962025316455697,0.9693328929013828,2.1417721518987336,1.9479055733184574,31709.999999829597,4.0621290643262835,1171000.0,
0.7721518987341772,1.0277678545301896,2.270886075949367,2.0653325050433287,31719.99999982945,3.7389091886331265,1172000.0,
0.8481012658227848,1.1721365832601827,2.5898734177215195,2.355446101069482,31729.999999829306,3.574904329496859,1173000.0,
0.8481012658227848,1.0346425558982848,2.2860759493670884,2.0791474381874306,31739.99999982916,3.413381521114911,1174000.0,
0.810126582278481,1.0724534134228065,2.3696202531645563,2.155129570479995,31749.999999829015,3.6206815571739956,1175000.0,
0.8607594936708861,1.1996353887325624,2.650632911392405,2.410705833645892,31759.99999982887,3.5560440545383214,1176000.0,
0.8987341772151899,1.1858859859963726,2.6202531645569613,2.383075967357687,31769.999999828724,3.39105342102037,1177000.0,
0.8607594936708861,0.9796449449535255,2.1645569620253156,1.968627973034611,31779.99999982858,3.3016433919126587,1178000.0,
0.8354430379746836,1.0999522188951858,2.430379746835443,2.2103893030564055,31789.999999828433,3.546303413506839,1179000.0,
0.7848101265822784,1.031205205214237,2.2784810126582276,2.0722399716153808,31799.999999828287,3.6881453421073513,1180000.0,
0.810126582278481,0.9315220353768607,2.0582278481012657,1.8719234410258934,31809.999999828142,3.450469387398477,1181000.0,
0.8354430379746836,0.859337671011864,1.8987341772151898,1.7268666430128163,31819.999999827996,3.2601132728585935,1182000.0,
0.9367088607594937,1.120576322999471,2.475949367088607,2.251834102488713,31829.99999982785,3.187099047509291,1183000.0,
0.8607594936708861,1.0037063997418576,2.217721518987341,2.0169802390389697,31839.999999827705,3.333126552622581,1184000.0,
0.8987341772151899,1.0930775175270913,2.415189873417722,2.196574369912303,31849.99999982756,3.2922947025826534,1185000.0,
0.8607594936708861,1.1240136736835182,2.483544303797468,2.2587415690607644,31859.999999827414,3.47407176793714,1186000.0,
0.8987341772151899,1.0174558024780473,2.2481012658227844,2.0446101053271746,31869.99999982727,3.2092789914717286,1187000.0,
0.8860759493670886,1.099952218895186,2.4303797468354427,2.2103893030564055,31879.999999827123,3.348800361306373,1188000.0,
0.8607594936708861,1.1858859859963726,2.620253164556962,2.3830759673576876,31889.999999826978,3.5477175425358722,1189000.0,
0.8354430379746836,1.1033895695792335,2.4379746835443035,2.2172967696284567,31899.999999826832,3.557084484780071,1190000.0,
0.8227848101265823,1.062141361370664,2.3468354430379743,2.134407170763842,31909.999999826687,3.562291808415494,1191000.0,
0.8860759493670886,1.1480751284718504,2.536708860759493,2.3070938350651233,31919.99999982654,3.4053962164000042,1192000.0,
0.8354430379746836,1.0690160627387588,2.3620253164556964,2.148222103907944,31929.999999826396,3.5177586205315983,1193000.0,
0.8607594936708861,1.0793281147909013,2.3848101265822783,2.168944503624098,31939.99999982625,3.4268635451059435,1194000.0,
0.9113924050632911,1.2236968435208946,2.70379746835443,2.4590580996502513,31949.999999826105,3.3954423699565695,1195000.0,
0.8354430379746836,1.1412004271037557,2.5215189873417723,2.2932789019210205,31959.99999982596,3.605979299089674,1196000.0,
0.8354430379746836,1.0415172572663793,2.30126582278481,2.0929623713315344,31969.999999825814,3.487267626102502,1197000.0,
0.8481012658227848,0.9005858792204336,1.989873417721519,1.809756241877432,31979.999999825668,3.269643051599028,1198000.0,
0.8987341772151899,1.2065100901006574,2.665822784810126,2.4245207667899944,31989.999999825523,3.426395734037633,1199000.0,
0.8354430379746836,1.5956688026592023,2.6278481012658226,2.3087143407339825,31999.999999825377,3.666005206007161,1200000.0,
0.8734177215189873,1.2036692413122887,1.9822784810126581,1.7415446327502004,32009.99999982523,3.5236184067012997,1201000.0,
0.8734177215189873,1.6832922340191006,2.7721518987341773,2.4354934519303573,32019.999999825086,4.073331688206192,1202000.0,
0.7974683544303798,1.1391046076786793,1.8759493670886074,1.6481284455528717,32029.99999982494,3.779508952465609,1203000.0,
0.8227848101265823,1.3281867490342492,2.1873417721518984,1.9217044223450486,32039.999999824795,3.8936392795757357,1204000.0,
0.8481012658227848,1.2866809131269292,2.118987341772152,1.8616511591467668,32049.99999982465,3.729068539339462,1205000.0,
0.8227848101265823,1.4342572185751787,2.362025316455696,2.075173872740661,32059.999999824504,4.023786465633155,1206000.0,
0.7341772151898734,1.014587099956718,1.6708860759493671,1.4679686559580234,32069.99999982436,3.938485877505105,1207000.0,
0.7848101265822784,0.9177401495063043,1.511392405063291,1.3278443751620304,32079.999999824213,3.5616334162856904,1208000.0,
0.7974683544303798,1.143716367223937,1.8835443037974684,1.654801030352681,32089.999999824067,3.7891014763397655,1209000.0,
0.8860759493670886,1.4065866613036322,2.316455696202532,2.035138363941806,32099.999999823922,3.707430660595722,1210000.0,
0.8481012658227848,1.1944457222217728,1.967088607594936,1.728199463150582,32109.999999823776,3.623895702301986,1211000.0,
0.7974683544303798,1.245175077219609,2.050632911392405,1.8015978959484835,32119.99999982363,3.9182322396676437,1212000.0,
0.8354430379746836,1.3281867490342494,2.187341772151899,1.921704422345049,32129.999999823485,3.840099290491175,1213000.0,
0.8860759493670886,1.3881396231226009,2.2860759493670884,2.0084480247425684,32139.99999982334,3.688897574648524,1214000.0,
0.7974683544303798,1.143716367223937,1.8835443037974684,1.654801030352681,32149.999999823194,3.792911000149234,1215000.0,
0.810126582278481,1.2313397985838355,2.0278481012658225,1.7815801415490558,32159.99999982305,3.8424319388567674,1216000.0,
0.8734177215189873,1.4250336994846635,2.3468354430379748,2.0618287031410425,32169.999999822903,3.7863400327246084,1217000.0,
0.7974683544303798,1.1160458099523902,1.8379746835443036,1.6147655215538255,32179.999999822758,3.7601177616658377,1218000.0,
0.8607594936708861,1.268233874945898,2.088607594936709,1.8349608199475296,32189.999999822612,3.6610334723446223,1219000.0,
0.8354430379746836,1.2359515581290932,2.0354430379746833,1.788252726348865,32199.999999822467,3.733938986225851,1220000.0,
0.8734177215189873,1.5218806499350774,2.506329113924051,2.2019529839370353,32209.99999982232,3.8995416136750487,1221000.0,
0.810126582278481,1.2728456344911558,2.0962025316455697,1.8416334047473388,32219.999999822176,3.8974157050548115,1222000.0,
0.8481012658227848,1.2128927604028041,1.9974683544303795,1.7548898023498192,32229.99999982203,3.6528108667242924,1223000.0,
0.8734177215189873,1.1298810885881632,1.8607594936708858,1.6347832759532532,32239.999999821885,3.452469652132904,1224000.0,
0.8481012658227848,1.2082810008575464,1.989873417721519,1.7482172175500097,32249.99999982174,3.648567150245538,1225000.0,
0.8481012658227848,1.268233874945898,2.088607594936709,1.8349608199475296,32259.999999821594,3.719854867454183,1226000.0,
0.8607594936708861,1.1759986840407417,1.9367088607594933,1.7015091239513456,32269.999999821448,3.5585837652635632,1227000.0,
0.8227848101265823,1.282069153581671,2.1113924050632904,1.8549785743469571,32279.999999821302,3.852357894333156,1228000.0,
0.8734177215189873,1.3466337872152805,2.217721518987342,1.9483947615442856,32289.999999821157,3.7035343360682567,1229000.0,
0.8607594936708861,1.2405633176743511,2.043037974683544,1.7949253111486745,32299.99999982101,3.6353573837496427,1230000.0,
0.8227848101265823,1.134492848133421,1.8683544303797464,1.6414558607530625,32309.999999820866,3.6748420769421797,1231000.0,
0.759493670886076,1.3281867490342494,2.187341772151899,1.9217044223450486,32319.99999982072,4.236775886206775,1232000.0,
0.8481012658227848,1.2728456344911558,2.0962025316455692,1.841633404747339,32329.999999820575,3.729471718261217,1233000.0,
0.8354430379746836,1.2405633176743511,2.0430379746835445,1.7949253111486745,32339.99999982043,3.7479439711359603,1234000.0,
0.8607594936708861,1.0653164549545544,1.7544303797468357,1.5413670887559245,32349.999999820284,3.4347029402957183,1235000.0,
0.7721518987341772,1.1806104435859992,1.9443037974683544,1.7081817087511544,32359.99999982014,3.9788200826556133,1236000.0,
0.8481012658227848,1.2082810008575462,1.9898734177215185,1.7482172175500097,32369.999999819993,3.655731329349911,1237000.0,
0.810126582278481,1.1391046076786793,1.8759493670886074,1.6481284455528717,32379.999999819847,3.7423291250830153,1238000.0,
0.8607594936708861,1.3005161917627026,2.1417721518987336,1.8816689135461937,32389.9999998197,3.71030263452868,1239000.0,
0.8354430379746836,1.3235749894889914,2.179746835443038,1.9150318375452398,32399.999999819556,3.850942790429189,1240000.0,
0.8354430379746836,1.4388689781204367,2.3696202531645563,2.08184645754047,32409.99999981941,3.98955226166985,1241000.0,
0.8354430379746836,1.342022027670023,2.210126582278481,1.9417221767444768,32419.999999819265,3.8742354573428304,1242000.0,
0.8227848101265823,1.1068222908618741,1.822784810126582,1.6014203519542074,32429.99999981912,3.6485963227197304,1243000.0,
0.8227848101265823,1.4204219399394058,2.339240506329114,2.0551561183412326,32439.999999818974,4.030355896213952,1244000.0,
0.8734177215189873,1.2774573940364136,2.10379746835443,1.8483059895471476,32449.99999981883,3.6336077409792744,1245000.0,
0.8227848101265823,1.3420220276700228,2.210126582278481,1.9417221767444768,32459.999999818683,3.9363006182249913,1246000.0,
0.8227848101265823,1.235951558129093,2.0354430379746833,1.7882527263488655,32469.999999818538,3.8079995860136986,1247000.0,
0.8734177215189873,1.1391046076786793,1.8759493670886078,1.6481284455528717,32479.999999818392,3.4769429565986543,1248000.0,
0.8481012658227848,1.2036692413122887,1.9822784810126581,1.7415446327502009,32489.999999818247,3.657457762124802,1249000.0,
0.8987341772151899,1.3604690658510543,2.240506329113924,1.968412515943713,32499.9999998181,3.626434594379206,1250000.0,
0.9493670886075949,1.318963229943734,2.1721518987341772,1.9083592527454303,32509.999999817956,3.3898386021899296,1251000.0,
0.8734177215189873,1.2036692413122885,1.9822784810126577,1.7415446327502009,32519.99999981781,3.5531836240921733,1252000.0,
0.759493670886076,1.0191988595019759,1.6784810126582277,1.4746412407578324,32529.999999817665,3.8439418316557448,1253000.0,
0.8607594936708861,1.2590103558553825,2.0734177215189877,1.8216156503479115,32539.99999981752,3.6709061486950474,1254000.0,
0.7848101265822784,1.2820691535816715,2.111392405063291,1.8549785743469565,32549.999999817373,4.05618166341354,1255000.0,
0.8734177215189873,1.4019749017583745,2.3088607594936703,2.0284657791419964,32559.999999817228,3.7825480759072234,1256000.0,
0.8607594936708861,1.5034336117540463,2.4759493670886075,2.1752626447377987,32569.999999817082,3.9566331665772934,1257000.0,
0.7974683544303798,1.4296454590299208,2.3544303797468356,2.068501287940851,32579.999999816937,4.178758591461102,1258000.0,
0.8860759493670886,1.2636221154006402,2.081012658227848,1.8282882351477203,32589.99999981679,3.5740849587905097,1259000.0,
0.8607594936708861,0.9246473340087661,2.0430379746835445,1.8581085078817905,32599.999999816646,3.6530044425729153,1260000.0,
0.8734177215189873,1.196198038048515,2.643037974683544,2.403798367073841,32609.9999998165,3.5498470290509654,1261000.0,
0.8354430379746836,1.0277678545301892,2.2708860759493663,2.065332505043329,32619.999999816355,3.5102039470692166,1262000.0,
0.8481012658227848,1.258070350361369,2.7797468354430377,2.528132765370764,32629.99999981621,3.7299605623467302,1263000.0,
0.8607594936708861,1.0243305038461419,2.263291139240506,2.058425038471278,32639.999999816064,3.404145732390109,1264000.0,
0.7848101265822784,1.0243305038461419,2.263291139240506,2.058425038471278,32649.99999981592,3.734224351653658,1265000.0,
0.8227848101265823,1.103389569579234,2.4379746835443035,2.2172967696284567,32659.999999815773,3.658578092237546,1266000.0,
0.8481012658227848,1.1068269202632812,2.4455696202531643,2.2242042362005074,32669.999999815627,3.5540168164101438,1267000.0,
0.9113924050632911,1.2477582983092268,2.7569620253164553,2.50741036565461,32679.99999981548,3.4623986884042885,1268000.0,
0.9240506329113924,1.1171389723154233,2.4683544303797467,2.2449266359166624,32689.999999815336,3.2741613535835303,1269000.0,
0.8481012658227848,1.00026904905781,2.210126582278481,2.010072772466919,32699.99999981519,3.4301649981230704,1270000.0,
0.8354430379746836,1.1308883750516134,2.4987341772151894,2.2725565022048664,32709.999999815045,3.6390906307235693,1271000.0,
0.8607594936708861,0.9590208408492406,2.1189873417721516,1.9271831736023037,32719.9999998149,3.332977153320111,1272000.0,
0.7468354430379747,0.9005858792204334,1.9898734177215185,1.8097562418774322,32729.999999814754,3.7638319399506983,1273000.0,
0.8860759493670886,1.1549498298399457,2.5518987341772146,2.3209087682092258,32739.99999981461,3.460011950800458,1274000.0,
0.7848101265822784,0.9693328929013829,2.141772151898734,1.9479055733184572,32749.999999814463,3.6705983635142747,1275000.0,
0.810126582278481,0.9315220353768606,2.0582278481012657,1.8719234410258934,32759.999999814318,3.509844387397612,1276000.0,
0.8607594936708861,1.0724534134228063,2.369620253164557,2.155129570479995,32769.99999981432,3.467700289146872,1277000.0,
0.8481012658227848,1.2030727394166096,2.6582278481012653,2.4176133002179436,32779.9999998149,3.674067856947762,1278000.0,
0.810126582278481,0.9246473340087659,2.0430379746835445,1.8581085078817912,32789.99999981548,3.5032334279419173,1279000.0,
0.7468354430379747,1.0552666600025693,2.3316455696202527,2.120592237619739,32799.999999816064,3.975692646471111,1280000.0,
0.8481012658227848,1.0140184517939996,2.240506329113924,2.0377026387551243,32809.999999816646,3.4529441446764304,1281000.0,
0.8860759493670886,1.2202594928368469,2.6962025316455698,2.4521506330782,32819.99999981723,3.538289999081544,1282000.0,
0.7848101265822784,0.9727702435854301,2.1493670886075953,1.9548130398905086,32829.99999981781,3.68013950394917,1283000.0,
0.8860759493670886,0.9658955422173351,2.134177215189873,1.9409981067464066,32839.99999981839,3.2523649690967336,1284000.0,
0.8734177215189873,1.1102642709473285,2.4531645569620255,2.231111702772559,32849.999999818974,3.465372136325263,1285000.0,
0.7341772151898734,1.0965148682111385,2.422784810126582,2.203481836484354,32859.999999819556,4.104559906729077,1286000.0,
0.8354430379746836,0.9658955422173352,2.1341772151898732,1.9409981067464066,32869.99999982014,3.4512961793451264,1287000.0,
0.8987341772151899,1.1033895695792333,2.4379746835443035,2.2172967696284567,32879.99999982072,3.3617968450474733,1288000.0,
0.7848101265822784,1.0415172572663793,2.30126582278481,2.0929623713315344,32889.9999998213,3.771607472994475,1289000.0,
0.8481012658227848,0.8971485285363862,1.9822784810126581,1.8028487753053812,32899.999999821885,3.320515429193886,1290000.0,
0.8481012658227848,1.1033895695792333,2.4379746835443035,2.217296769628457,32909.99999982247,3.564292179080263,1291000.0,
0.8734177215189873,1.2615077010454165,2.787341772151898,2.535040231942815,32919.99999982305,3.642592875133455,1292000.0,
0.8481012658227848,0.9074605805885283,2.00506329113924,1.8235711750215344,32929.99999982363,3.334465460718157,1293000.0,
0.8607594936708861,1.075890764106854,2.3772151898734175,2.1620370370520465,32939.99999982421,3.481693681853921,1294000.0,
0.8354430379746836,0.9074605805885285,2.0050632911392396,1.8235711750215349,32949.999999824795,3.3861997858806245,1295000.0,
0.7848101265822784,1.0896401668430435,2.4075949367088607,2.1896669033402514,32959.99999982538,3.8374415029391975,1296000.0,
0.7848101265822784,0.9349593860609083,2.065822784810127,1.8788309075979446,32969.99999982596,3.640993411297482,1297000.0,
0.810126582278481,1.0415172572663793,2.3012658227848095,2.092962371331534,32979.99999982654,3.6593697394637257,1298000.0,
0.8607594936708861,1.1343257257356607,2.5063291139240502,2.279463968776918,32989.99999982712,3.5525225343346176,1299000.0,
0.8607594936708861,1.1205763229994712,2.4759493670886075,2.251834102488713,32999.999999827705,3.537137198802902,1300000.0,
0.8607594936708861,1.024330503846142,2.263291139240506,2.058425038471278,33009.99999982829,3.42591043831598,1301000.0,
0.8734177215189873,1.1343257257356607,2.5063291139240502,2.2794639687769185,33019.99999982887,3.502775830938565,1302000.0,
0.8481012658227848,0.9968316983737625,2.20253164556962,2.0031653058948673,33029.99999982945,3.4458134951219903,1303000.0,
0.8860759493670886,1.3027559092539862,2.878481012658228,2.61792983080743,33039.99999983003,3.643964526181619,1304000.0,
0.8734177215189873,1.2477582983092264,2.7569620253164553,2.50741036565461,33049.999999830616,3.634387037218546,1305000.0,
0.8227848101265823,1.113701621631376,2.4607594936708854,2.2380191693446108,33059.9999998312,3.6957265863158737,1306000.0,
0.8860759493670886,1.151512479155898,2.5443037974683542,2.3140013016371745,33069.99999983178,3.474989797928162,1307000.0,
0.8607594936708861,1.0587040106866163,2.3392405063291135,2.1274997041917905,33079.99999983236,3.469962012439712,1308000.0,
0.8734177215189873,1.0037063997418572,2.2177215189873416,2.01698023903897,33089.999999832944,3.3572841388589385,1309000.0,
0.8607594936708861,1.062141361370664,2.3468354430379743,2.134407170763842,33099.999999833526,3.4751318757344833,1310000.0,
0.8987341772151899,1.2236968435208944,2.70379746835443,2.4590580996502513,33109.99999983411,3.5086176146452868,1311000.0,
0.8860759493670886,1.0449546079504268,2.3088607594936708,2.0998698379035856,33119.99999983469,3.357588771853583,1312000.0,
0.810126582278481,1.1033895695792335,2.4379746835443035,2.2172967696284562,33129.99999983527,3.7451183749754504,1313000.0,
0.8607594936708861,1.0518293093185216,2.3240506329113924,2.113684771047688,33139.999999835854,3.4655046387916895,1314000.0,
0.9240506329113924,1.2408835969411318,2.7417721518987332,2.4935954325105074,33149.99999983644,3.4332822487674446,1315000.0,
0.8354430379746836,0.9727702435854301,2.1493670886075944,1.9548130398905081,33159.99999983702,3.4771007461352323,1316000.0,
0.810126582278481,1.0037063997418574,2.217721518987341,2.0169802390389697,33169.9999998376,3.624571962207585,1317000.0,
0.7848101265822784,1.0449546079504266,2.3088607594936708,2.0998698379035856,33179.99999983818,3.794697000480076,1318000.0,
0.9113924050632911,1.182448635312325,2.612658227848102,2.376168500785636,33189.999999838765,3.419072808213292,1319000.0,
0.8607594936708861,1.5587747262971396,2.567088607594937,2.2553336623355094,33199.99999983935,3.596822617163542,1320000.0,
0.8481012658227848,1.2175045199480619,2.0050632911392405,1.7615623871496284,33209.99999983993,3.7167560757848492,1321000.0,
0.8607594936708861,1.2866809131269292,2.1189873417721516,1.8616511591467664,33219.99999984051,3.7430528255693787,1322000.0,
0.8607594936708861,1.3835278635773427,2.2784810126582276,2.001775439942759,33229.99999984109,3.8561544297691577,1323000.0,
0.8607594936708861,1.3512455467605382,2.225316455696202,1.9550673463440948,33239.999999841675,3.8192382087614343,1324000.0,
0.7341772151898734,1.1483281267691945,1.8911392405063292,1.6614736151524903,33249.99999984226,4.20202968993903,1325000.0,
0.8227848101265823,1.3927513826678586,2.293670886075949,2.015120609542378,33259.99999984284,4.047187065114777,1326000.0,
0.9113924050632911,1.3789161040320852,2.2708860759493663,1.9951028551429502,33269.99999984342,3.6390857252810656,1327000.0,
0.810126582278481,1.0099753404114604,1.6632911392405063,1.4612960711582144,33279.999999844,3.639185185847026,1328000.0,
0.8987341772151899,1.4434807376656944,2.3772151898734175,2.0885190423402786,33289.999999844586,3.763306736299951,1329000.0,
0.8354430379746836,1.3005161917627026,2.141772151898734,1.8816689135461941,33299.99999984517,3.877887562893371,1330000.0,
0.8607594936708861,1.2959044322174444,2.1341772151898732,1.8749963287463844,33309.99999984575,3.759062502160138,1331000.0,
0.8860759493670886,1.189833962676515,1.9594936708860762,1.7215268783507736,33319.99999984633,3.5325240436165473,1332000.0,
0.7848101265822784,1.1252693290429054,1.8531645569620254,1.6281106911534444,33329.999999846914,3.9067109192920246,1333000.0,
0.8625,1.2888138519166108,2.1224999999999996,1.8647372296166775,33339.999999847496,3.7168827268847417,1334000.0,
0.7375,1.0656623369204485,1.7550000000000001,1.5418675326159101,33349.99999984808,4.044962490768754,1335000.0,
0.8625,1.398112553139221,2.3024999999999998,2.0228774893721555,33359.99999984866,3.844765279026965,1336000.0,
0.7875,1.1977316008977692,1.9724999999999997,1.732953679820446,33369.99999984924,3.957116318627727,1337000.0,
0.8875,1.252380951509074,2.0625,1.812023809698185,33379.999999849824,3.5733841707387817,1338000.0,
0.8,1.1112034624298694,1.8299999999999996,1.6077593075140257,33389.999999850406,3.7883762030643666,1339000.0,
0.725,1.2068398259996531,1.9875,1.7461320348000693,33399.99999985099,4.3128790703742155,1340000.0,
0.8125,1.3662337652826264,2.25,1.9767532469434745,33409.99999985157,4.045207711143765,1341000.0,
0.8,1.1430822502864642,1.8825000000000003,1.653883549942707,33419.99999985215,3.8300996878852196,1342000.0,
0.8375,1.2614891766109584,2.0774999999999997,1.8252021646778083,33429.999999852735,3.800581106427103,1343000.0,
0.75,1.1476363628374062,1.89,1.6604727274325186,33439.99999985332,4.0928451504789,1344000.0,
0.85,1.2569350640600163,2.07,1.8186129871879966,33449.9999998539,3.7405088989197823,1345000.0,
0.7875,1.143082250286464,1.8824999999999996,1.653883549942707,33459.99999985448,3.8934346035660847,1346000.0,
0.825,1.252380951509074,2.0625,1.812023809698185,33469.99999985506,3.84954963821931,1347000.0,
0.8,1.193177488346827,1.9649999999999999,1.7263645023306347,33479.999999855645,3.896468735460891,1348000.0,
0.7875,1.2569350640600159,2.07,1.8186129871879966,33489.99999985623,4.0399143670881665,1349000.0,
0.8625,1.238718613856248,2.04,1.7922562772287502,33499.99999985681,3.668076653771817,1350000.0,
0.775,1.0246753239619697,1.6875,1.482564935207606,33509.99999985739,3.806674611592184,1351000.0,
0.8625,1.2478268389581322,2.0549999999999997,1.8054346322083734,33519.99999985797,3.6797963350494314,1352000.0,
0.8125,1.1339740251845798,1.8674999999999997,1.640705194963084,33529.999999858555,3.7667341848696756,1353000.0,
0.7625,1.2341645013053055,2.0324999999999998,1.7856670997389386,33539.99999985914,4.145786231249004,1354000.0,
0.8,1.1476363628374062,1.89,1.6604727274325186,33549.99999985972,3.8439173285743697,1355000.0,
0.8625,1.143082250286464,1.8824999999999996,1.6538835499427074,33559.9999998603,3.5606721742708207,1356000.0,
0.875,1.3434632025279156,2.2124999999999995,1.9438073594944167,33569.999999860884,3.7393836600572157,1357000.0,
0.8125,1.3389090899769738,2.2049999999999996,1.9372181820046053,33579.999999861466,4.022038879998955,1358000.0,
0.8375,1.2159480511015375,2.0025,1.7593103897796922,33589.99999986205,3.7557558819387986,1359000.0,
0.825,1.4709783539542944,2.4225,2.128304329209141,33599.99999986263,4.1223949745170065,1360000.0,
0.8125,1.179515150694001,1.9425000000000001,1.7065969698611994,33609.99999986321,3.827707877804634,1361000.0,
0.8625,1.2068398259996531,1.9875,1.746132034800069,33619.999999863794,3.638072262054431,1362000.0,
0.8125,1.202285713448711,1.9799999999999998,1.7395428573102578,33629.999999864376,3.856963955041272,1363000.0,
0.8,1.1886233757958848,1.9574999999999996,1.719775324840823,33639.99999986496,3.9007760947727954,1364000.0,
0.7875,1.2068398259996531,1.9875,1.746132034800069,33649.99999986554,3.986460096535916,1365000.0,
0.8375,1.297922077018495,2.1375,1.8779155845963007,33659.99999986612,3.857814420347349,1366000.0,
0.875,1.2341645013053058,2.0324999999999998,1.7856670997389386,33669.999999866704,3.6201851443745654,1367000.0,
0.7625,1.0611082243695065,1.7475,1.5352783551260987,33679.99999986729,3.9280075073993115,1368000.0,
0.95,1.4755324665052363,2.4299999999999997,2.1348935066989525,33689.99999986787,3.58950522792393,1369000.0,
0.75,1.0747705620223327,1.77,1.5550458875955333,33699.99999986845,4.013024082726478,1370000.0,
0.8375,1.2614891766109584,2.0774999999999997,1.8252021646778083,33709.99999986903,3.8172975243385237,1371000.0,
0.8625,1.2705974017128425,2.0925000000000002,1.8383805196574314,33719.999999869615,3.7177911904178864,1372000.0,
0.8125,1.1795151506940005,1.9424999999999997,1.7065969698611998,33729.9999998702,3.835092493189679,1373000.0,
0.8625,1.3798961029354524,2.2725,1.9965207794129092,33739.99999987078,3.845673742560111,1374000.0,
0.825,1.2751515142637846,2.1,1.8449696971472427,33749.99999987136,3.8941200173169173,1375000.0,
0.8875,1.6622510810938618,2.7375,2.4050497837812275,33759.99999987194,4.056618119567958,1376000.0,
0.8,1.038337661614796,1.7100000000000002,1.5023324676770407,33769.999999872525,3.7210439520469074,1377000.0,
0.8125,1.307030302120379,2.1525,1.8910939395759243,33779.99999987311,3.9951111410992466,1378000.0,
0.7625,1.1704069255921163,1.9274999999999998,1.6934186148815766,33789.99999987369,4.0785631811343,1379000.0,
0.8375,0.9368499289371345,2.07,1.8826300142125731,33799.99999987427,3.817232912337712,1380000.0,
0.825,1.167668027370921,2.5799999999999996,2.346466394525816,33809.99999987485,3.7674733665379,1381000.0,
0.8625,1.014920756348562,2.2425,2.0395158487302876,33819.999999875436,3.4271516015900727,1382000.0,
0.8,1.167668027370921,2.5799999999999996,2.3464663945258155,33829.99999987602,3.8864569092422823,1383000.0,
0.875,1.1506961083684364,2.5425,2.3123607783263127,33839.9999998766,3.534506981018709,1384000.0,
0.8,1.0115263725480652,2.235,2.0326947254903867,33849.99999987718,3.6925298407137848,1385000.0,
0.8875,0.9572162317401155,2.1149999999999998,1.9235567536519766,33859.999999877764,3.267846458324628,1386000.0,
0.85,1.0386814429520401,2.2949999999999995,2.0872637114095918,33869.999999878346,3.5084458152647775,1387000.0,
0.875,1.09299158375999,2.415,2.196401683248002,33879.99999987893,3.470844667180617,1388000.0,
0.8125,1.1982174815753928,2.6475,2.407856503684921,33889.99999987951,3.8679569004288887,1389000.0,
0.8125,1.1405129569669459,2.52,2.291897408606611,33899.99999988009,3.797551331680067,1390000.0,
0.8625,1.0997803513609836,2.4299999999999997,2.2100439297278034,33909.999999880674,3.5307569291410097,1391000.0,
0.875,1.2762883089868204,2.82,2.564742338202636,33919.99999988126,3.68261235315427,1392000.0,
0.8375,1.238950087181355,2.7375,2.4897099825637286,33929.99999988184,3.803519507109911,1393000.0,
0.825,1.0284982915505494,2.2725,2.06680034168989,33939.99999988242,3.606661565543969,1394000.0,
0.8125,0.9198780099346499,2.0324999999999998,1.8485243980130697,33949.999999883,3.52907755071742,1395000.0,
0.7875,0.991160069745084,2.19,1.991767986050983,33959.999999883585,3.732263580658244,1396000.0,
0.8375,0.9130892423336562,2.0175,1.8348821515332685,33969.99999988417,3.416819990873992,1397000.0,
0.8125,1.1846399463734052,2.6174999999999997,2.3805720107253188,33979.99999988475,3.85678454941138,1398000.0,
0.825,1.062442129555518,2.3474999999999997,2.135011574088896,33989.99999988533,3.6508359146410765,1399000.0,
0.8625,1.2287669357798645,2.715,2.469246612844027,33999.99999988591,3.6855239835400164,1400000.0,
0.8125,0.9877656859445869,2.1825,1.9849468628110827,34009.999999886495,3.6163239211914036,1401000.0,
0.75,0.9504274641391216,2.1,1.9099145071721757,34019.99999988708,3.8685666188834396,1402000.0,
0.8375,1.0488645943535306,2.3175,2.1077270811292936,34029.99999988766,3.582521903733752,1403000.0,
0.8625,1.0556533619545243,2.3325,2.121369327609095,34039.99999988824,3.4871314341774373,1404000.0,
0.9125,1.2762883089868207,2.8199999999999994,2.5647423382026355,34049.99999988882,3.538395407134647,1405000.0,
0.8625,1.2016118653758894,2.655,2.4146776269248216,34059.999999889405,3.6575181048109724,1406000.0,
0.8375,1.0318926753510462,2.28,2.073621464929791,34069.99999988999,3.5646449855219693,1407000.0,
0.7625,0.9504274641391216,2.1,1.9099145071721755,34079.99999989057,3.809081920213448,1408000.0,
0.8375,1.140512956966946,2.52,2.291897408606611,34089.99999989115,3.6955348740186356,1409000.0,
0.8,1.188034330173902,2.625,2.3873931339652197,34099.999999891734,3.928789787746991,1410000.0,
0.8375,1.1031747351614805,2.4375,2.216865052967704,34109.999999892316,3.6521459524599402,1411000.0,
0.9125,1.2491332385828458,2.7599999999999993,2.5101733522834304,34119.9999998929,3.5124720423085964,1412000.0,
0.825,0.9538218479396183,2.1075,1.9167356304120762,34129.99999989348,3.527659815713207,1413000.0,
0.9125,1.1778511787724115,2.6025,2.366929764245518,34139.99999989406,3.435450606899965,1414000.0,
0.875,0.9232723937351469,2.04,1.8553455212529706,34149.999999894644,3.292308450010266,1415000.0,
0.8875,0.9130892423336562,2.0175,1.8348821515332687,34159.999999895226,3.2350273153324185,1416000.0,
0.9,1.0997803513609836,2.4299999999999997,2.210043929727803,34169.99999989581,3.3980865015387534,1417000.0,
0.8875,1.086202816158996,2.3999999999999995,2.1827594367682006,34179.99999989639,3.431211623868078,1418000.0,
0.8,0.818046495919744,1.8074999999999999,1.6438907008160513,34189.99999989697,3.4719299949296203,1419000.0,
0.8875,1.137118573166449,2.5124999999999997,2.28507628536671,34199.999999897555,3.4897082514821753,1420000.0,
0.9125,1.1337241893659524,2.505,2.278255162126809,34209.99999989814,3.390927878783521,1421000.0,
0.8375,1.1846399463734052,2.6174999999999997,2.3805720107253188,34219.99999989872,3.7559850106238146,1422000.0,
0.8,1.0963859675604868,2.4225,2.2032228064879025,34229.9999998993,3.8223543344806945,1423000.0,
0.825,1.0217095239495557,2.2575,2.053158095210089,34239.99999989988,3.6166145745135196,1424000.0,
0.75,0.8961173233311716,1.9799999999999998,1.8007765353337652,34249.999999900465,3.811486431140398,1425000.0,
0.7875,0.8825397881291845,1.95,1.7734920423741631,34259.99999990105,3.613380683369321,1426000.0,
0.8125,0.964004999341109,2.13,1.9371990001317783,34269.99999990163,3.6030799992188234,1427000.0,
0.85,1.113357886562971,2.46,2.2373284226874057,34279.99999990221,3.6204181018672768,1428000.0,
0.875,1.1065691189619773,2.445,2.223686176207605,34289.99999990279,3.509790421698538,1429000.0,
0.875,1.1371185731664493,2.5125,2.28507628536671,34299.999999903375,3.5452755122179678,1430000.0,
0.85,0.991160069745084,2.19,1.9917679860509832,34309.99999990396,3.4784206703169245,1431000.0,
0.8375,1.0081319887475684,2.2275,2.025873602250486,34319.99999990454,3.551199389578387,1432000.0,
0.8125,0.9843713021440902,2.175,1.978125739571182,34329.99999990512,3.6318385257457844,1433000.0,
0.8125,0.9368499289371341,2.07,1.8826300142125731,34339.9999999057,3.573966066414182,1434000.0,
0.9,1.0047376049470713,2.2199999999999998,2.0190524790105853,34349.999999906286,3.3024834499683218,1435000.0,
0.85,1.045470210553034,2.3099999999999996,2.100905957889393,34359.99999990687,3.5452561300911545,1436000.0,
0.875,1.021709523949556,2.2575,2.053158095210089,34369.99999990745,3.4173794559703223,1437000.0,
0.8375,0.9164836261341531,2.025,1.8417032747731696,34379.99999990803,3.445350598398398,1438000.0,
0.9125,1.035287059151543,2.2875,2.0804425881696913,34389.999999908614,3.292914585398441,1439000.0,
0.8125,1.466424241403352,2.415,2.1217151517193296,34399.999999909196,3.769832718504066,1440000.0,
0.85,1.2933679644675529,2.13,1.8713264071064892,34409.99999990978,3.8398417229319355,1441000.0,
0.8375,1.1840692632449428,1.95,1.7131861473510113,34419.99999991036,3.767243896441271,1442000.0,
0.825,1.3890043280373365,2.2874999999999996,2.0096991343925326,34429.99999991094,4.073335549166045,1443000.0,
0.7875,1.302476189569437,2.145,1.8845047620861124,34439.999999911524,4.158061828056022,1444000.0,
0.825,1.1795151506940005,1.9424999999999997,1.7065969698611998,34449.99999991211,3.8206213948105567,1445000.0,
0.9,1.4299913409958154,2.355,2.0690017318008365,34459.99999991269,3.7810987122450594,1446000.0,
0.8625,1.297922077018495,2.1375,1.8779155845963011,34469.99999991327,3.792950234253058,1447000.0,
0.8,1.1112034624298694,1.8299999999999996,1.6077593075140257,34479.99999991385,3.856501203068332,1448000.0,
0.8375,1.297922077018495,2.1375,1.8779155845963007,34489.999999914435,3.9073666591562026,1449000.0,
0.8875,1.348017315078858,2.2199999999999998,1.9503965369842284,34499.99999991502,3.7442420451872818,1450000.0,
0.8625,1.143082250286464,1.8824999999999998,1.6538835499427074,34509.9999999156,3.615744638042142,1451000.0,
0.875,1.3070303021203793,2.1525,1.8910939395759243,34519.99999991618,3.7520317738803337,1452000.0,
0.85,1.2888138519166108,2.1224999999999996,1.864737229616678,34529.99999991676,3.841542766990062,1453000.0,
0.9125,1.3161385272222634,2.1674999999999995,1.9042722945555475,34539.999999917345,3.608916194243545,1454000.0,
0.7875,1.3480173150788581,2.2199999999999998,1.9503965369842284,34549.99999991793,4.222875955687439,1455000.0,
0.825,1.0201212114110274,1.6799999999999997,1.4759757577177943,34559.99999991851,3.6340832865891595,1456000.0,
0.85,1.3525714276298,2.2275,1.95698571447404,34569.99999991909,3.918904620770422,1457000.0,
0.825,1.1612987004902322,1.9125,1.6802402599019537,34579.99999991967,3.8064196369882666,1458000.0,
0.825,1.297922077018495,2.1375,1.8779155845963007,34589.999999920256,3.9726297903558927,1459000.0,
0.775,1.3298008648750894,2.19,1.9240398270249819,34599.99999992084,4.270707567613206,1460000.0,
0.85,1.2842597393656685,2.1149999999999998,1.8581480521268658,34609.99999992142,3.8408908698715805,1461000.0,
0.9,1.3480173150788577,2.22,1.9503965369842284,34619.999999922,3.6989053501156235,1462000.0,
0.85,1.2068398259996531,1.9875,1.7461320348000693,34629.999999922584,3.750985089441042,1463000.0,
0.875,1.2113939385505954,1.9949999999999999,1.7527212122898805,34639.999999923166,3.6495902155152655,1464000.0,
0.8875,1.384450215486395,2.28,2.0031099569027213,34649.99999992375,3.7937439048019,1465000.0,
0.875,1.4482077911995839,2.385,2.095358441760083,34659.99999992433,3.921377475685605,1466000.0,
0.8125,1.143082250286464,1.8824999999999998,1.6538835499427074,34669.99999992491,3.848098154229924,1467000.0,
0.8375,1.074770562022333,1.77,1.5550458875955333,34679.999999925494,3.652260372594282,1468000.0,
0.775,1.1112034624298694,1.83,1.607759307514026,34689.999999926076,3.9944528547810023,1469000.0,
0.825,1.2250562762034216,2.0175,1.7724887447593154,34699.99999992666,3.8909742742167976,1470000.0,
0.8125,1.2159480511015375,2.0025,1.7593103897796922,34709.99999992724,3.9402406783101576,1471000.0,
0.825,1.2705974017128425,2.0925000000000002,1.8383805196574314,34719.99999992782,3.947387759682833,1472000.0,
0.8625,1.3434632025279156,2.2125,1.9438073594944167,34729.999999928405,3.86082400296051,1473000.0,
0.8,1.247826838958132,2.0549999999999997,1.8054346322083734,34739.99999992899,4.043530423729607,1474000.0,
0.8375,1.2660432891619002,2.085,1.83179134216762,34749.99999992957,3.884824822910427,1475000.0,
0.8,1.293367964467553,2.13,1.8713264071064892,34759.99999993015,4.101706830616455,1476000.0,
0.775,1.0019047612072591,1.65,1.4496190477585482,34769.99999993073,3.8585835628811607,1477000.0,
0.8875,1.338909089976974,2.2049999999999996,1.9372181820046048,34779.999999931315,3.749753904228331,1478000.0,
0.825,1.3707878778335683,2.2575,1.983342424433286,34789.9999999319,4.07307318528396,1479000.0,
0.8125,1.4208831158939312,2.34,2.0558233768212135,34799.99999993248,4.1980069119011185,1480000.0,
0.8125,1.1066493498789274,1.8224999999999998,1.6011701300242145,34809.99999993306,3.8118730460365344,1481000.0,
0.6625,0.9609177482487802,1.5825,1.3903164503502439,34819.99999993364,4.455721129471043,1482000.0,
0.825,1.1248658000826957,1.8524999999999998,1.6275268399834608,34829.999999934225,3.7774100607375884,1483000.0,
0.8375,1.1886233757958848,1.9574999999999996,1.719775324840823,34839.99999993481,3.7977562696378855,1484000.0,
0.8625,1.3616796527316841,2.2425,1.9701640694536628,34849.99999993539,3.888901046675429,1485000.0,
0.8,1.256935064060016,2.07,1.8186129871879966,34859.99999993597,4.062415705107398,1486000.0,
0.8125,1.2113939385505952,1.9949999999999997,1.752721212289881,34869.999999936554,3.944481770555725,1487000.0,
0.825,1.2797056268147267,2.1075,1.8515588746370546,34879.999999937136,3.9681250022311354,1488000.0,
0.8625,1.2705974017128423,2.0925000000000002,1.8383805196574314,34889.99999993772,3.785617277378355,1489000.0,
0.775,1.1476363628374062,1.89,1.6604727274325188,34899.9999999383,4.055011435952806,1490000.0,
0.9,1.3525714276298,2.2275,1.9569857144740397,34909.99999993888,3.7200765862842755,1491000.0,
0.875,1.1886233757958848,1.9575,1.719775324840823,34919.999999939464,3.639566715225099,1492000.0,
0.7375,1.2797056268147267,2.1074999999999995,1.8515588746370546,34929.999999940046,4.442309324529943,1493000.0,
0.8375,1.13397402518458,1.8674999999999997,1.640705194963084,34939.99999994063,3.7384734629381673,1494000.0,
0.8625,1.2705974017128425,2.0925000000000002,1.8383805196574314,34949.99999994121,3.789095538248123,1495000.0,
0.85,1.1612987004902322,1.9125,1.6802402599019537,34959.99999994179,3.716819059431089,1496000.0,
0.775,1.1157575749808115,1.8375,1.6143484850038377,34969.999999942374,4.018393645170367,1497000.0,
0.825,1.2296103887543637,2.025,1.779077922249127,34979.99999994296,3.9134641076128673,1498000.0,
0.85,1.3480173150788581,2.2199999999999998,1.9503965369842284,34989.99999994354,3.938252723653104,1499000.0,
0.7875,0.8995117071316688,1.9875,1.8075976585736662,34999.99999994412,4.0721743822551915,1500000.0,
0.825,1.062442129555518,2.3474999999999997,2.135011574088896,35009.9999999447,3.712654096462857,1501000.0,
0.9,1.1846399463734052,2.6174999999999997,2.3805720107253188,35019.999999945285,3.5395971626664147,1502000.0,
0.825,1.1846399463734056,2.6174999999999997,2.3805720107253188,35029.99999994587,3.861984783514912,1503000.0,
0.8375,1.0997803513609836,2.4299999999999997,2.210043929727803,35039.99999994645,3.7036153449401907,1504000.0,
0.875,1.0794140485580026,2.3850000000000002,2.169117190288399,35049.99999994703,3.5221846269536665,1505000.0,
0.825,1.0318926753510467,2.28,2.073621464929791,35059.99999994761,3.6786547580333706,1506000.0,
0.8,0.9470330803386249,2.0925,1.903093383932275,35069.999999948195,3.6881632254564227,1507000.0,
0.85,1.137118573166449,2.5125,2.28507628536671,35079.99999994878,3.695430674344696,1508000.0,
0.85,1.0454702105530338,2.31,2.100905957889393,35089.99999994936,3.588197306564242,1509000.0,
0.8375,1.1337241893659524,2.505,2.2782551621268095,35099.99999994994,3.7477273903194663,1510000.0,
0.8875,1.0794140485580026,2.3850000000000002,2.169117190288399,35109.99999995052,3.4759566744615578,1511000.0,
0.8875,1.167668027370921,2.5799999999999996,2.3464663945258155,35119.999999951106,3.575961157631076,1512000.0,
0.8625,1.2253725519793677,2.7074999999999996,2.4624254896041267,35129.99999995169,3.7470957124707893,1513000.0,
0.9125,1.1235410379644617,2.4825,2.257791792407107,35139.99999995227,3.43072716492184,1514000.0,
0.825,1.0217095239495557,2.2575,2.053158095210089,35149.99999995285,3.671766089668245,1515000.0,
0.8125,1.0522589781540277,2.325,2.1145482043691946,35159.999999953434,3.7664695116071423,1516000.0,
0.8625,1.0318926753510465,2.2800000000000002,2.073621464929791,35169.999999954016,3.5250900584091025,1517000.0,
0.8,0.9538218479396183,2.1074999999999995,1.9167356304120762,35179.9999999546,3.7035241849580647,1518000.0,
0.9,1.140512956966946,2.52,2.2918974086066104,35189.99999995518,3.50001161888201,1519000.0,
0.825,1.0726252809570087,2.37,2.1554749438085983,35199.99999995576,3.736512461798667,1520000.0,
0.875,1.215189400577877,2.6849999999999996,2.4419621198844244,35209.999999956344,3.6864993149769116,1521000.0,
0.85,1.065836513356015,2.3549999999999995,2.141832697328797,35219.999999956926,3.619804721627018,1522000.0,
0.8875,1.1371185731664493,2.5125,2.28507628536671,35229.99999995751,3.5477364204996378,1523000.0,
0.7875,0.9063004747326625,2.0025,1.8212399050534676,35239.99999995809,3.7057752060440268,1524000.0,
0.9125,1.1269354217649585,2.4899999999999998,2.264612915647008,35249.99999995867,3.4404744348405436,1525000.0,
0.7625,0.9164836261341531,2.025,1.8417032747731692,35259.999999959255,3.8419424605393044,1526000.0,
0.85,1.116752270363468,2.4675,2.244149545927306,35269.99999995984,3.682646788694781,1527000.0,
0.8125,0.9877656859445871,2.1824999999999997,1.9849468628110825,35279.99999996042,3.6944777673497993,1528000.0,
0.825,1.0081319887475684,2.2275,2.025873602250486,35289.999999961,3.6637933197269357,1529000.0,
0.8125,1.09299158375999,2.415,2.196401683248002,35299.99999996158,3.825217333891905,1530000.0,
0.8375,0.9300611613361403,2.0549999999999997,1.8689877677327718,35309.999999962165,3.5170849687920622,1531000.0,
0.8625,1.1031747351614805,2.4375,2.216865052967704,35319.99999996275,3.6164315770304016,1532000.0,
0.8,0.9809769183435932,2.1675,1.971304616331281,35329.99999996333,3.7468430229635796,1533000.0,
0.8375,1.116752270363468,2.4675,2.244149545927306,35339.99999996391,3.7417907706158413,1534000.0,
0.825,1.1065691189619773,2.4450000000000003,2.2236861762076043,35349.99999996449,3.7867474169567346,1535000.0,
0.8375,1.218583784378374,2.6925,2.448783243124325,35359.999999965075,3.864574667947142,1536000.0,
0.9,1.1778511787724115,2.6025,2.366929764245518,35369.99999996566,3.5514985319997754,1537000.0,
0.85,1.0963859675604866,2.4225000000000003,2.203222806487903,35379.99999996624,3.6651570206916495,1538000.0,
0.8375,0.9809769183435932,2.1675,1.971304616331281,35389.99999996682,3.5826560219355676,1539000.0,
0.8,0.8927229395306749,1.9725000000000001,1.7939554120938648,35399.999999967404,3.6409005494476863,1540000.0,
0.8,0.9741881507425998,2.1525,1.9576623698514801,35409.999999967986,3.7433570634626285,1541000.0,
0.8875,1.0386814429520401,2.295,2.0872637114095918,35419.99999996857,3.4475255695544473,1542000.0,
0.8875,1.2491332385828458,2.76,2.5101733522834304,35429.99999996915,3.6852177336455294,1543000.0,
0.8,1.0047376049470713,2.2199999999999998,2.0190524790105853,35439.99999996973,3.783418881218327,1544000.0,
0.7625,1.1099635027624744,2.4524999999999997,2.230507299447505,35449.999999970314,4.108145577429631,1545000.0,
0.8375,0.9334555451366373,2.0625,1.8758088909726722,35459.999999970896,3.5300931882558637,1546000.0,
0.9125,1.2728939251863238,2.8125,2.557921214962735,35469.99999997148,3.6124837536591796,1547000.0,
0.7625,0.9504274641391216,2.1,1.9099145071721757,35479.99999997206,3.9008851989073157,1548000.0,
0.8625,1.140512956966946,2.52,2.291897408606611,35489.99999997264,3.6695773414431097,1549000.0,
0.8375,1.0760196647575058,2.3775,2.1622960670484987,35499.999999973224,3.702707062430174,1550000.0,
0.825,1.0522589781540277,2.3249999999999997,2.114548204369194,35509.99999997381,3.7306139129476628,1551000.0,
0.825,1.2084006329768835,2.67,2.428319873404623,35519.99999997439,3.9204825854602503,1552000.0,
0.9125,1.2016118653758894,2.655,2.414677626924822,35529.99999997497,3.537654099072594,1553000.0,
0.8125,1.0386814429520403,2.2949999999999995,2.0872637114095918,35539.99999997555,3.773143314436827,1554000.0,
0.8125,0.7807082741142783,1.725,1.5688583451771443,35549.999999976135,3.4562532604826943,1555000.0,
0.825,0.8519903339247126,1.8824999999999998,1.7121019332150573,35559.99999997672,3.490894344185033,1556000.0,
0.85,1.188034330173902,2.625,2.3873931339652192,35569.9999999773,3.7841550943551416,1557000.0,
0.7125,0.9775825345430966,2.1599999999999997,1.9644834930913806,35579.99999997788,4.219761452029607,1558000.0,
0.8,0.889328555730178,1.9649999999999999,1.7871342888539643,35589.99999997846,3.648532569697756,1559000.0,
0.7625,1.4072207782411048,2.3175,2.036055844351779,35599.999999979045,4.037851927057819,1560000.0,
0.7375,1.0884328996751589,1.7925,1.5748134200649682,35609.99999997963,4.229058169089145,1561000.0,
0.85,1.256935064060016,2.07,1.8186129871879966,35619.99999998021,3.8681559577507416,1562000.0,
0.8625,1.297922077018495,2.1375,1.8779155845963011,35629.99999998079,3.8601966110685657,1563000.0,
0.925,1.3662337652826264,2.25,1.9767532469434748,35639.99999998137,3.673763530065728,1564000.0,
0.875,1.566614717524078,2.5799999999999996,2.266677056495184,35649.999999981956,4.113271105774034,1565000.0,
0.875,1.3753419903845105,2.2649999999999997,1.989931601923098,35659.99999998254,3.895245131900276,1566000.0,
0.7625,1.0019047612072594,1.65,1.449619047758548,35669.99999998312,3.9808554245711725,1567000.0,
0.85,1.1658528130411745,1.92,1.686829437391765,35679.9999999837,3.764529780081722,1568000.0,
0.825,1.1112034624298694,1.8299999999999996,1.607759307514026,35689.999999984284,3.812970863585682,1569000.0,
0.825,1.097541124777043,1.8074999999999999,1.5879917750445913,35699.999999984866,3.7970165149156245,1570000.0,
0.825,1.3434632025279158,2.2125,1.9438073594944165,35709.99999998545,4.095709942492475,1571000.0,
0.825,1.4299913409958156,2.355,2.0690017318008365,35719.99999998603,4.201198595180874,1572000.0,
0.7875,1.24327272640719,2.0475000000000003,1.798845454718562,35729.99999998661,4.164787589124603,1573000.0,
0.825,1.2387186138562478,2.04,1.7922562772287507,35739.999999987194,3.9705649865269224,1574000.0,
0.8375,1.2159480511015375,2.0025,1.7593103897796922,35749.99999998778,3.8847111058269017,1575000.0,
0.8875,1.5438441547693678,2.5424999999999995,2.233731169046126,35759.99999998836,4.035877920899031,1576000.0,
0.8375,1.2341645013053058,2.0324999999999998,1.7856670997389386,35769.99999998894,3.9076561209956497,1577000.0,
0.8625,1.3890043280373368,2.2875,2.0096991343925326,35779.99999998952,3.974494873119903,1578000.0,
0.9,1.2888138519166108,2.1225,1.864737229616678,35789.999999990105,3.698123724383578,1579000.0,
0.925,1.3389090899769738,2.2049999999999996,1.9372181820046053,35799.99999999069,3.6528719891952557,1580000.0,
0.875,1.188623375795885,1.9574999999999996,1.719775324840823,35809.99999999127,3.690423858085203,1581000.0,
0.8125,1.307030302120379,2.1525,1.8910939395759243,35819.99999999185,4.120649602645016,1582000.0,
0.8875,1.3298008648750896,2.19,1.9240398270249819,35829.99999999243,3.798646044962045,1583000.0,
0.9125,1.2660432891619002,2.085,1.83179134216762,35839.999999993015,3.625250179934964,1584000.0,
0.7625,1.1704069255921166,1.9274999999999998,1.6934186148815766,35849.9999999936,4.213645148355279,1585000.0,
0.8125,1.3480173150788577,2.2199999999999998,1.9503965369842284,35859.99999999418,4.173556695517133,1586000.0,
0.9125,1.5802770551769043,2.6025,2.286444588964619,35869.99999999476,3.9712597865268453,1587000.0,
0.8875,1.3935584405882788,2.2949999999999995,2.0162883118823443,35879.99999999534,3.8733024683010138,1588000.0,
0.85,1.338909089976974,2.2049999999999996,1.9372181820046053,35889.999999995925,3.9804783411833813,1589000.0,
0.75,1.2250562762034214,2.0174999999999996,1.7724887447593154,35899.99999999651,4.360071701643134,1590000.0,
0.825,1.193177488346827,1.9649999999999999,1.7263645023306347,35909.99999999709,3.925666652576709,1591000.0,
0.875,1.147636362837406,1.89,1.6604727274325188,35919.99999999767,3.6498672718473064,1592000.0,
0.775,1.1795151506940005,1.9424999999999997,1.7065969698611998,35929.999999998254,4.16259696867486,1593000.0,
0.825,1.147636362837406,1.89,1.6604727274325186,35939.999999998836,3.872283470141153,1594000.0,
0.7875,0.9518095231468964,1.5675,1.3771380953706207,35949.99999999942,3.8086438389536137,1595000.0,
0.925,1.4846406916071204,2.445,2.148071861678576,35960.0,3.8190683152824048,1596000.0,
0.8625,1.0838787871242168,1.7850000000000001,1.5682242425751565,35970.00000000058,3.6317406227864923,1597000.0,
0.85,1.2159480511015375,2.0025,1.7593103897796922,35980.000000001164,3.841112413094941,1598000.0,
0.8875,1.3616796527316841,2.2425,1.9701640694536633,35990.000000001746,3.843579890434789,1599000.0,
0.8375,1.1339740251845798,1.8675000000000002,1.640705194963084,36000.00000000233,3.801757045031403,1600000.0,
0.7530864197530864,1.1469616794965258,1.8888888888888886,1.6594965529895835,36010.00000000291,4.212191738386204,1601000.0,
0.8641975308641975,1.371856126456629,2.259259259259259,1.9848880339679333,36020.00000000349,3.9314306606475604,1602000.0,
0.8888888888888888,1.2818983476725876,2.1111111111111107,1.8547314415765936,36030.000000004075,3.7215773078308922,1603000.0,
0.8148148148148148,1.1874426799493443,1.9555555555555553,1.7180670195656866,36040.00000000466,3.9445857133067252,1604000.0,
0.8271604938271605,1.0615017896516867,1.748148148148148,1.5358477902178107,36050.00000000524,3.7340514173751624,1605000.0,
0.8765432098765432,1.3628603485782247,2.2444444444444445,1.9718723747287992,36060.00000000582,3.8680491301012365,1606000.0,
0.7901234567901234,1.0704975675300907,1.7629629629629624,1.5488634494569447,36070.0000000064,3.921720358942051,1607000.0,
0.8271604938271605,1.3043877923685978,2.1481481481481484,1.8872705896744284,36080.000000006985,4.029480763943472,1608000.0,
0.8271604938271605,1.0704975675300907,1.7629629629629628,1.5488634494569447,36090.00000000757,3.74731496973576,1609000.0,
0.8765432098765432,1.4258307937270536,2.348148148148148,2.0629819894027377,36100.00000000815,3.9421421731584827,1610000.0,
0.8395061728395061,1.0525060117732825,1.7333333333333334,1.522832130978677,36110.00000000873,3.6719527493529287,1611000.0,
0.8641975308641975,1.151459568435728,1.8962962962962961,1.6660043826091508,36120.00000000931,3.6821146435094216,1612000.0,
0.8641975308641975,1.4123371269094476,2.325925925925926,2.0434585005440367,36130.000000009895,3.984558675457616,1613000.0,
0.8765432098765432,1.232421569341365,2.0296296296296292,1.7831453157613568,36140.00000001048,3.7237457340707154,1614000.0,
0.7283950617283951,1.1424637905573236,1.8814814814814813,1.6529887233700165,36150.00000001106,4.358294356568063,1615000.0,
0.7901234567901234,1.1379659016181216,1.8740740740740742,1.6464808937504498,36160.00000001164,4.012734969272542,1616000.0,
0.8765432098765432,1.3043877923685978,2.148148148148148,1.8872705896744284,36170.00000001222,3.8075381856934314,1617000.0,
0.8271604938271605,1.2594089029765771,2.074074074074074,1.8221922934787582,36180.000000012806,3.9810734499027207,1618000.0,
0.8271604938271605,1.2863962366117896,2.1185185185185182,1.8612392711961607,36190.00000001339,4.014296942805028,1619000.0,
0.7901234567901234,0.8984640578105282,1.9851851851851854,1.8054923736230795,36200.00000001397,4.100624579602852,1620000.0,
0.8395061728395061,1.1230800722631598,2.4814814814814814,2.2568654670288497,36210.00000001455,3.7619012625838595,1621000.0,
0.8888888888888888,1.0761453826760425,2.3777777777777778,2.162548701242569,36220.000000015134,3.5006607777659484,1622000.0,
0.8518518518518519,1.0359156487442278,2.2888888888888888,2.081705759140043,36230.000000015716,3.606216921024256,1623000.0,
0.7777777777777778,1.082850338331345,2.392592592592593,2.1760225249263234,36240.0000000163,4.010645673130674,1624000.0,
0.7901234567901234,0.8984640578105278,1.9851851851851854,1.8054923736230795,36250.00000001688,3.7152404482038843,1625000.0,
0.8395061728395061,0.9923334369847618,2.1925925925925926,1.99412590519564,36260.00000001746,3.60910012350241,1626000.0,
0.8024691358024691,1.113022638780206,2.4592592592592593,2.236654731503218,36270.000000018044,3.926686672978418,1627000.0,
0.8395061728395061,1.1130226387802062,2.4592592592592593,2.2366547315032177,36280.00000001863,3.754038731523522,1628000.0,
0.7654320987654321,0.8180045899468984,1.8074074074074076,1.6438064894180278,36290.00000001921,3.732551157872644,1629000.0,
0.8765432098765432,1.2404167962309525,2.740740740740741,2.49265738149455,36300.00000001979,3.741881133762178,1630000.0,
0.8518518518518519,1.0023908704677158,2.2148148148148143,2.0143366407212717,36310.00000002037,3.5714994276854313,1631000.0,
0.8271604938271605,1.0191532596059718,2.2518518518518515,2.0480211999306572,36320.000000020955,3.6989733437387438,1632000.0,
0.8395061728395061,1.0694404270207403,2.362962962962963,2.1490748775588147,36330.00000002154,3.7050658028102124,1633000.0,
0.8888888888888888,1.025858215261274,2.2666666666666666,2.0614950236144116,36340.00000002212,3.4507543810913885,1634000.0,
0.8395061728395061,1.0191532596059718,2.2518518518518515,2.0480211999306572,36350.0000000227,3.646341382801512,1635000.0,
0.8765432098765432,1.0895552939866475,2.407407407407407,2.189496348610078,36360.00000002328,3.573151814300562,1636000.0,
0.8888888888888888,1.126432550090811,2.488888888888889,2.2636023788707265,36370.000000023865,3.5655671744413815,1637000.0,
0.8765432098765432,1.06944042702074,2.362962962962963,2.1490748775588147,36380.00000002445,3.5513306280437473,1638000.0,
0.8271604938271605,1.0359156487442278,2.2888888888888888,2.081705759140043,36390.00000002503,3.7234174261300126,1639000.0,
0.8641975308641975,1.1934821066438355,2.637037037037037,2.39834061570827,36400.00000002561,3.7467407234368775,1640000.0,
0.7530864197530864,1.022505737433623,2.259259259259259,2.0547581117725344,36410.00000002619,4.073160077615681,1641000.0,
0.8271604938271605,1.2236544070926962,2.7037037037037033,2.4589728222851646,36420.000000026776,3.952176223536475,1642000.0,
0.8148148148148148,1.1599573283673232,2.5629629629629624,2.3309714972894984,36430.00000002736,3.9344900545483465,1643000.0,
0.9012345679012346,1.1331375057461133,2.5037037037037035,2.277076202554481,36440.00000002794,3.5279991502448667,1644000.0,
0.8024691358024691,1.052678037882484,2.325925925925926,2.115390318349429,36450.00000002852,3.862564939552671,1645000.0,
0.8518518518518519,1.126432550090811,2.488888888888889,2.2636023788707265,36460.000000029104,3.7258092255043533,1646000.0,
0.7037037037037037,0.8951115799828767,1.9777777777777776,1.7987554617812025,36470.000000029686,4.182172596158948,1647000.0,
0.7777777777777778,0.8850541464999226,1.9555555555555557,1.7785447262555707,36480.00000003027,3.7715743788721126,1648000.0,
0.8148148148148148,1.1297850279184622,2.496296296296296,2.2703392907126037,36490.00000003085,3.901096776724957,1649000.0,
0.7901234567901234,1.0627354713654376,2.348148148148148,2.1356010538750603,36500.00000003143,3.9387714559852265,1650000.0,
0.8518518518518519,1.1599573283673232,2.562962962962963,2.330971497289498,36510.000000032014,3.768062950727675,1651000.0,
0.8024691358024691,1.052678037882484,2.3259259259259255,2.115390318349429,36520.000000032596,3.866872631860614,1652000.0,
0.8518518518518519,1.213596973609743,2.6814814814814816,2.438762086759533,36530.00000003318,3.8321906502152205,1653000.0,
0.8641975308641975,1.1331375057461135,2.503703703703704,2.277076202554481,36540.00000003376,3.684913399541408,1654000.0,
0.8395061728395061,1.146547417056718,2.533333333333333,2.3040238499219896,36550.00000003434,3.809855011530292,1655000.0,
0.8765432098765432,1.1197275944355085,2.474074074074074,2.250128555186972,36560.000000034925,3.6188413401654107,1656000.0,
0.7901234567901234,1.052678037882484,2.3259259259259255,2.115390318349429,36570.00000003551,3.930417516733618,1657000.0,
0.8148148148148148,1.1230800722631595,2.481481481481481,2.2568654670288497,36580.00000003609,3.898322512966494,1658000.0,
0.8518518518518519,0.9185789247764348,2.0296296296296297,1.8459138446743426,36590.00000003667,3.489343375498061,1659000.0,
0.7901234567901234,1.0493255600548326,2.318518518518519,2.1086534065075515,36600.00000003725,3.9280495369831057,1660000.0,
0.8148148148148148,1.0627354713654376,2.348148148148148,2.1356010538750603,36610.000000037835,3.8260814118648496,1661000.0,
0.8271604938271605,0.9420462695699936,2.0814814814814815,1.8930722275674827,36620.00000003842,3.623664893099275,1662000.0,
0.8271604938271605,0.9822760035018083,2.17037037037037,1.973915169670009,36630.000000039,3.672897855016877,1663000.0,
0.7777777777777778,0.9956859148124131,2.1999999999999997,2.0008628170375173,36640.00000003958,3.923973954004636,1664000.0,
0.8641975308641975,1.1096701609525548,2.4518518518518517,2.2299178196613405,36650.00000004016,3.6640440434235124,1665000.0,
0.8518518518518519,1.0325631709165766,2.281481481481481,2.074968847298166,36660.000000040745,3.6272089398077387,1666000.0,
0.8024691358024691,1.0895552939866475,2.407407407407407,2.1894963486100774,36670.00000004133,3.922058135621724,1667000.0,
0.8395061728395061,1.0727929048483915,2.3703703703703702,2.155811789400692,36680.00000004191,3.729647430811995,1668000.0,
0.8641975308641975,1.4013357319582114,3.0962962962962965,2.8160291499046535,36690.00000004249,4.003828489873048,1669000.0,
0.8395061728395061,1.0459730822271815,2.311111111111111,2.1019164946656748,36700.000000043074,3.6988767597485626,1670000.0,
0.8271604938271605,1.0526780378824838,2.325925925925926,2.115390318349429,36710.000000043656,3.7627868816564796,1671000.0,
0.8765432098765432,1.1867771509885332,2.622222222222222,2.3848667920245155,36720.00000004424,3.7043485807405125,1672000.0,
0.8765432098765432,1.0325631709165768,2.281481481481481,2.074968847298166,36730.00000004482,3.5289777020669058,1673000.0,
0.8641975308641975,1.2236544070926962,2.7037037037037033,2.458972822285164,36740.0000000454,3.801082956814547,1674000.0,
0.9259259259259259,1.277294052335116,2.822222222222222,2.5667634117551983,36750.000000045984,3.6061415765554217,1675000.0,
0.9135802469135802,1.310818830611628,2.896296296296296,2.63413253017397,36760.000000046566,3.692109801108871,1676000.0,
0.8395061728395061,1.0627354713654376,2.348148148148148,2.1356010538750603,36770.00000004715,3.722961370339961,1677000.0,
0.8271604938271605,1.025858215261274,2.2666666666666666,2.0614950236144116,36780.00000004773,3.734542021472872,1678000.0,
0.8765432098765432,1.1934821066438355,2.637037037037037,2.39834061570827,36790.00000004831,3.7159415583193267,1679000.0,
0.8395061728395061,1.5112906835718927,2.4888888888888885,2.1866307521745103,36800.000000048894,3.800600537645288,1680000.0,
0.8765432098765432,1.3313751260038105,2.1925925925925926,1.9263175673918302,36810.00000004948,3.87438289026528,1681000.0,
0.8765432098765432,1.160455346314132,1.9111111111111112,1.6790200418482846,36820.00000005006,3.679953282450327,1682000.0,
0.8148148148148148,1.1604553463141318,1.911111111111111,1.6790200418482846,36830.00000005064,3.9593436826359936,1683000.0,
0.8765432098765432,1.034514456016474,1.7037037037037033,1.4968008125004089,36840.00000005122,3.5374009991530646,1684000.0,
0.8765432098765432,1.3493666817606185,2.2222222222222223,1.9523488858700986,36850.000000051805,3.8971619890865576,1685000.0,
0.7407407407407407,1.1559574573749298,1.9037037037037035,1.6725122122287175,36860.00000005239,4.351205900831786,1686000.0,
0.8271604938271605,1.1199743458613134,1.8444444444444448,1.6204495752721815,36870.00000005297,3.8536973435418895,1687000.0,
0.8024691358024691,1.1424637905573238,1.8814814814814813,1.652988723370017,36880.00000005355,4.000913339041318,1688000.0,
0.8641975308641975,1.2009363467669505,1.9777777777777776,1.7375905084243874,36890.00000005413,3.7833663441523973,1689000.0,
0.8395061728395061,1.362860348578225,2.244444444444444,1.9718723747287996,36900.000000054715,4.088110121137991,1690000.0,
0.8641975308641975,1.326877237064608,2.185185185185185,1.9198097377722632,36910.0000000553,3.9302408029254674,1691000.0,
0.8395061728395061,1.290894125550992,2.125925925925926,1.8677471008157278,36920.00000005588,4.003562120179149,1692000.0,
0.8765432098765432,1.3268772370646083,2.1851851851851847,1.9198097377722636,36930.00000005646,3.876012059222358,1693000.0,
0.8148148148148148,1.4078392379702453,2.3185185185185184,2.0369506709244694,36940.00000005704,4.269617852699187,1694000.0,
0.8024691358024691,0.9535524551108371,1.5703703703703702,1.3796598793482029,36950.000000057626,3.7698084441005633,1695000.0,
0.7901234567901234,1.1424637905573238,1.8814814814814815,1.652988723370017,36960.00000005821,4.0684276099641306,1696000.0,
0.8395061728395061,1.227923680402163,2.022222222222222,1.7766374861417895,36970.00000005879,3.931494384046157,1697000.0,
0.8765432098765432,1.2144300135845567,2.0,1.7571139972830885,36980.00000005937,3.750544100041055,1698000.0,
0.8641975308641975,1.160455346314132,1.9111111111111112,1.6790200418482846,36990.000000059954,3.74223832934304,1699000.0,
0.7901234567901234,1.2009363467669503,1.9777777777777776,1.7375905084243874,37000.000000060536,4.144931938917085,1700000.0,
0.8271604938271605,1.3673582375174267,2.2518518518518515,1.9783802043483667,37010.00000006112,4.161131600619169,1701000.0,
0.8765432098765432,1.3538645706998207,2.22962962962963,1.9588567154896652,37020.0000000617,3.9118708482994453,1702000.0,
0.8518518518518519,1.2953920144901938,2.1333333333333333,1.8742549304352947,37030.00000006228,3.957196422844683,1703000.0,
0.9135802469135802,1.2144300135845567,2.0,1.7571139972830885,37040.000000062864,3.601738258147687,1704000.0,
0.8395061728395061,1.1469616794965256,1.8888888888888888,1.659496552989584,37050.000000063446,3.8397602359088334,1705000.0,
0.7777777777777778,1.1154764569221114,1.8370370370370372,1.6139417456526144,37060.00000006403,4.104657031956753,1706000.0,
0.8395061728395061,1.2863962366117896,2.1185185185185182,1.8612392711961603,37070.00000006461,4.007027870119731,1707000.0,
0.8641975308641975,1.1289701237397176,1.8592592592592592,1.6334652345113159,37080.00000006519,3.7109482860786605,1708000.0,
0.8395061728395061,1.2818983476725876,2.111111111111111,1.8547314415765934,37090.000000065775,4.002846561236338,1709000.0,
0.9012345679012346,1.3223793481254063,2.177777777777778,1.9133019081526965,37100.00000006636,3.7741442082294743,1710000.0,
0.8765432098765432,1.3718561264566291,2.259259259259259,1.9848880339679333,37110.00000006694,3.9374668485293385,1711000.0,
0.8024691358024691,1.2414173472197692,2.0444444444444443,1.7961609750004905,37120.00000006752,4.138993925036918,1712000.0,
0.7654320987654321,1.0929870122261012,1.7999999999999998,1.5814025975547796,37130.0000000681,4.145995935369595,1713000.0,
0.8395061728395061,1.313383570247002,2.162962962962963,1.9002862489135621,37140.000000068685,4.043292194008974,1714000.0,
0.7530864197530864,1.3043877923685978,2.1481481481481484,1.8872705896744284,37150.00000006927,4.495987068597735,1715000.0,
0.7530864197530864,1.241417347219769,2.0444444444444443,1.7961609750004905,37160.00000006985,4.413026313564082,1716000.0,
0.7407407407407407,1.0659996785908887,1.7555555555555553,1.5423556198373778,37170.00000007043,4.2504295661412,1717000.0,
0.8395061728395061,1.3178814591862043,2.17037037037037,1.9067940785331294,37180.00000007101,4.0510029146572775,1718000.0,
0.7777777777777778,1.1649532352533343,1.9185185185185185,1.6855278714678519,37190.000000071595,4.1765240009227735,1719000.0,
0.8148148148148148,1.0929870122261012,1.7999999999999998,1.5814025975547796,37200.00000007218,3.8989658786807766,1720000.0,
0.7777777777777778,1.1244722348005154,1.8518518518518514,1.6269574048917488,37210.00000007276,4.1257468416104945,1721000.0,
0.8148148148148148,1.2953920144901938,2.1333333333333333,1.8742549304352945,37220.00000007334,4.148584139035264,1722000.0,
0.8395061728395061,1.2459152361589712,2.051851851851852,1.8026688046200576,37230.000000073924,3.968219619580892,1723000.0,
0.8271604938271605,1.1289701237397176,1.859259259259259,1.6334652345113154,37240.000000074506,3.8866623884409472,1724000.0,
0.8271604938271605,1.4303286826662556,2.355555555555555,2.069489819022304,37250.00000007509,4.251588407441722,1725000.0,
0.8888888888888888,1.1919405688885465,1.9629629629629626,1.7245748491852533,37260.00000007567,3.688708140036156,1726000.0,
0.8518518518518519,1.3223793481254063,2.177777777777778,1.9133019081526967,37270.00000007625,4.0027902492868295,1727000.0,
0.8765432098765432,1.3763540153958311,2.2666666666666666,1.9913958635875006,37280.000000076834,3.9521757077422253,1728000.0,
0.8765432098765432,1.4528181273622662,2.3925925925925924,2.1020289671201398,37290.000000077416,4.0399727932250915,1729000.0,
0.8271604938271605,1.2504131250981732,2.059259259259259,1.809176634239625,37300.000000078,4.037063628889437,1730000.0,
0.9012345679012346,1.2594089029765774,2.074074074074074,1.8221922934787587,37310.00000007858,3.715779741695142,1731000.0,
0.7530864197530864,1.1784469020709403,1.9407407407407407,1.7050513603265527,37320.00000007916,4.3399016241047725,1732000.0,
0.9012345679012346,1.358362459639023,2.2370370370370365,1.9653645451092323,37330.000000079744,3.826673414156275,1733000.0,
0.8518518518518519,1.2369194582805667,2.0370370370370368,1.7896531453809235,37340.00000008033,3.9065257409184855,1734000.0,
0.8024691358024691,1.3268772370646083,2.1851851851851847,1.9198097377722638,37350.00000008091,4.259643941613619,1735000.0,
0.8271604938271605,1.043510233894878,1.7185185185185183,1.5098164717395428,37360.00000008149,3.7905093872856632,1736000.0,
0.8641975308641975,1.367358237517427,2.2518518518518515,1.9783802043483663,37370.00000008207,4.003368817736688,1737000.0,
0.8765432098765432,1.380851904335033,2.2740740740740737,1.997903693207067,37380.000000082655,3.962940904983051,1738000.0,
0.8641975308641975,1.3088856813078,2.155555555555556,1.8937784192939955,37390.00000008324,3.936850574122757,1739000.0,
0.8271604938271605,0.9789235256741574,2.162962962962963,1.9671782578281312,37400.00000008382,4.11916222675628,1740000.0,
0.8271604938271605,0.9655136143635521,2.1333333333333333,1.9402306104606228,37410.0000000844,3.6992000412852777,1741000.0,
0.8765432098765432,1.247121751886255,2.7555555555555555,2.5061312051783045,37420.00000008498,3.8126290409219,1742000.0,
0.9135802469135802,1.2404167962309525,2.740740740740741,2.49265738149455,37430.000000085565,3.6512643310456454,1743000.0,
0.8641975308641975,1.1096701609525548,2.451851851851852,2.22991781966134,37440.00000008615,3.7091869005689975,1744000.0,
0.9382716049382716,1.176719717505579,2.599999999999999,2.3646560564988843,37450.00000008673,3.488343383166146,1745000.0,
0.8148148148148148,0.8917591021552252,1.9703703703703705,1.7920185499393255,37460.00000008731,3.6677619284431935,1746000.0,
0.8641975308641975,0.9453987473976445,2.0888888888888886,1.8998091394093601,37470.00000008789,3.520815693455558,1747000.0,
0.8271604938271605,1.0727929048483913,2.3703703703703702,2.155811789400692,37480.000000088476,3.833075004408984,1748000.0,
0.7530864197530864,0.9554561808805988,2.1111111111111107,1.920019874934991,37490.00000008906,4.054946732033001,1749000.0,
0.8024691358024691,0.8079471564639445,1.7851851851851848,1.6235957538923964,37500.00000008964,3.6222079950194823,1750000.0,
0.8888888888888888,1.2538267075415575,2.77037037037037,2.519605028862059,37510.00000009022,3.772218934910491,1751000.0,
0.8271604938271605,0.9286363582593886,2.051851851851852,1.866124580199974,37520.000000090804,3.6611842540552533,1752000.0,
0.8518518518518519,1.2169494514373937,2.6888888888888887,2.4454989986014097,37530.000000091386,3.894097182161199,1753000.0,
0.8395061728395061,1.2068920179544402,2.6666666666666665,2.4252882630757786,37540.00000009197,3.939971374367733,1754000.0,
0.8271604938271605,1.1096701609525548,2.4518518518518517,2.2299178196613405,37550.00000009255,3.8818370602963492,1755000.0,
0.8271604938271605,1.2035395401267888,2.659259259259259,2.4185513512339014,37560.00000009313,3.995917951536877,1756000.0,
0.7777777777777778,1.0292106930889255,2.274074074074074,2.068231935456289,37570.000000093714,4.026124859411208,1757000.0,
0.8765432098765432,1.1163751166078573,2.4666666666666663,2.243391643345095,37580.0000000943,3.6724814710977736,1758000.0,
0.8518518518518519,1.1331375057461133,2.503703703703704,2.277076202554481,37590.00000009488,3.799187506784681,1759000.0,
0.8271604938271605,0.9219314026040862,2.037037037037037,1.8526507565162196,37600.00000009546,3.657854382293151,1760000.0,
0.8888888888888888,1.186777150988533,2.6222222222222222,2.384866792024515,37610.00000009604,3.7023437393442173,1761000.0,
0.8024691358024691,1.1331375057461133,2.5037037037037035,2.2770762025544804,37620.000000096625,4.034829814894615,1762000.0,
0.8395061728395061,0.93198883608704,2.0592592592592593,1.872861492041851,37630.00000009721,3.617807290084815,1763000.0,
0.8765432098765432,1.0023908704677158,2.214814814814815,2.0143366407212713,37640.00000009779,3.5458233874733014,1764000.0,
0.8518518518518519,1.126432550090811,2.488888888888889,2.2636023788707265,37650.00000009837,3.794794732754746,1765000.0,
0.8765432098765432,1.2135969736097427,2.681481481481481,2.4387620867595325,37660.00000009895,3.7879035896494826,1766000.0,
0.8518518518518519,1.0325631709165768,2.281481481481481,2.0749688472981664,37670.000000099535,3.685759664448828,1767000.0,
0.8148148148148148,1.0895552939866477,2.407407407407407,2.1894963486100774,37680.00000010012,3.9238451335704125,1768000.0,
0.8271604938271605,1.0526780378824838,2.3259259259259255,2.1153903183494287,37690.0000001007,3.821294344346452,1769000.0,
0.9135802469135802,1.0862028161589965,2.4,2.1827594367682006,37700.00000010128,3.497057136643407,1770000.0,
0.8024691358024691,1.0023908704677156,2.214814814814815,2.0143366407212717,37710.00000010186,3.8774378540095498,1771000.0,
0.8641975308641975,1.0191532596059718,2.2518518518518515,2.0480211999306572,37720.000000102445,3.6204459147260257,1772000.0,
0.8024691358024691,1.0359156487442278,2.2888888888888888,2.081705759140043,37730.00000010303,3.920445654631121,1773000.0,
0.8395061728395061,1.06944042702074,2.362962962962963,2.149074877558815,37740.00000010361,3.788006979285628,1774000.0,
0.8518518518518519,1.1599573283673232,2.562962962962963,2.3309714972894984,37750.00000010419,3.839947008702873,1775000.0,
0.8765432098765432,1.1867771509885328,2.622222222222222,2.3848667920245155,37760.000000104774,3.7629401300396976,1776000.0,
0.8518518518518519,1.0727929048483913,2.3703703703703702,2.155811789400692,37770.000000105356,3.738782975296658,1777000.0,
0.8271604938271605,1.082850338331345,2.3925925925925924,2.1760225249263234,37780.00000010594,3.8631444389192686,1778000.0,
0.7901234567901234,0.8481768903957594,1.8740740740740738,1.7044386959949223,37790.00000010652,3.74784575195017,1779000.0,
0.8395061728395061,1.0929077718142985,2.4148148148148145,2.196233260451955,37800.0000001071,3.819490139995808,1780000.0,
0.8395061728395061,1.0158007817783203,2.244444444444444,2.04128428808878,37810.000000107684,3.7282303430412203,1781000.0,
0.8395061728395061,1.156604850539672,2.5555555555555554,2.324234585447621,37820.000000108266,3.8965410720069826,1782000.0,
0.8641975308641975,1.0325631709165766,2.2814814814814808,2.074968847298166,37830.00000010885,3.6422488121000915,1783000.0,
0.8024691358024691,1.0862028161589965,2.4,2.1827594367682006,37840.00000010943,3.9898804324868427,1784000.0,
0.8271604938271605,1.022505737433623,2.259259259259259,2.0547581117725344,37850.00000011001,3.794369622908833,1785000.0,
0.9135802469135802,1.139842461401416,2.518518518518518,2.2905500262382352,37860.000000110595,3.5644194510308833,1786000.0,
0.8641975308641975,1.126432550090811,2.488888888888889,2.2636023788707265,37870.00000011118,3.7531548080018386,1787000.0,
0.8395061728395061,1.1230800722631598,2.481481481481481,2.2568654670288493,37880.00000011176,3.8601365567072246,1788000.0,
0.8395061728395061,1.1498998948843693,2.5407407407407403,2.310760761763867,37890.00000011234,3.8926719336531117,1789000.0,
0.8641975308641975,1.1968345844714865,2.644444444444444,2.4050775275501466,37900.00000011292,3.8363343049281484,1790000.0,
0.8518518518518519,1.0158007817783206,2.2444444444444445,2.04128428808878,37910.000000113505,3.6799951206786417,1791000.0,
0.8888888888888888,1.2638841410245112,2.7925925925925923,2.5398157643876904,37920.00000011409,3.8063113253579175,1792000.0,
0.8518518518518519,0.9152264469487837,2.022222222222222,1.8391769328324656,37930.00000011467,3.5630890174730214,1793000.0,
0.8271604938271605,0.9353413139146912,2.0666666666666664,1.8795984038837283,37940.00000011525,3.69436487208775,1794000.0,
0.8148148148148148,1.0459730822271813,2.311111111111111,2.1019164946656748,37950.00000011583,3.886721510048383,1795000.0,
0.8765432098765432,1.190129628816184,2.6296296296296293,2.391603703866393,37960.000000116415,3.7780323934775333,1796000.0,
0.9135802469135802,1.0191532596059716,2.251851851851852,2.0480211999306572,37970.000000117,3.4382596490659454,1797000.0,
0.8888888888888888,1.116375116607857,2.466666666666666,2.243391643345095,37980.00000011758,3.643697006222709,1798000.0,
0.8765432098765432,1.025858215261274,2.266666666666666,2.0614950236144116,37990.00000011816,3.5923143019572414,1799000.0,
0.8641975308641975,1.538278017207105,2.533333333333333,2.225677729891912,38000.00000011874,3.783859154062821,1800000.0,
0.8271604938271605,1.1334680126789194,1.866666666666667,1.639973064130883,38010.000000119326,3.9380702840268365,1801000.0,
0.8024691358024691,1.1199743458613132,1.844444444444444,1.6204495752721817,38020.00000011991,4.043041877193451,1802000.0,
0.8271604938271605,1.2459152361589712,2.0518518518518514,1.8026688046200576,38030.00000012049,4.07520797211473,1803000.0,
0.8518518518518519,1.245915236158971,2.0518518518518514,1.8026688046200576,38040.00000012107,3.9576657120534677,1804000.0,
0.8518518518518519,1.3853497932742351,2.281481481481481,2.004411522826634,38050.000000121654,4.121929467507652,1805000.0,
0.8888888888888888,1.0974849011653032,1.8074074074074071,1.5879104271743467,38060.000000122236,3.626889958294539,1806000.0,
0.7901234567901234,1.2594089029765774,2.074074074074074,1.8221922934787587,38070.00000012282,4.285811267873786,1807000.0,
0.8024691358024691,1.0839912343476972,1.7851851851851848,1.568386938315646,38080.0000001234,4.001893692076698,1808000.0,
0.8271604938271605,1.2189279025237592,2.0074074074074075,1.7636218269026553,38090.00000012398,4.046163583690279,1809000.0,
0.8148148148148148,1.2144300135845567,1.9999999999999996,1.7571139972830887,38100.000000124564,4.102555016714783,1810000.0,
0.8518518518518519,1.3133835702470023,2.162962962962963,1.9002862489135623,38110.00000012515,4.040925640475885,1811000.0,
0.8641975308641975,1.2549110140373751,2.0666666666666664,1.8156844638591916,38120.00000012573,3.9161084591408373,1812000.0,
0.8148148148148148,1.3358730149430125,2.1999999999999997,1.9328253970113976,38130.00000012631,4.253416882018447,1813000.0,
0.7901234567901234,1.0749954564692927,1.7703703703703704,1.5553712790765117,38140.00000012689,4.056787999638258,1814000.0,
0.8395061728395061,1.241417347219769,2.0444444444444443,1.7961609750004905,38150.000000127475,4.016979487171169,1815000.0,
0.8395061728395061,1.3943455711526391,2.296296296296296,2.0174271820657683,38160.00000012806,4.199732224503004,1816000.0,
0.8518518518518519,1.1919405688885465,1.9629629629629626,1.7245748491852537,38170.00000012864,3.9018403780118134,1817000.0,
0.8395061728395061,1.313383570247002,2.162962962962963,1.9002862489135623,38180.00000012922,4.10446866460077,1818000.0,
0.7407407407407407,1.3358730149430125,2.1999999999999997,1.932825397011397,38190.0000001298,4.682758570220526,1819000.0,
0.8765432098765432,1.304387792368598,2.148148148148148,1.8872705896744288,38200.000000130385,3.921904382883187,1820000.0,
0.8641975308641975,1.466311794179872,2.4148148148148145,2.1215524559788403,38210.00000013097,4.1658722190203115,1821000.0,
0.8765432098765432,1.2504131250981734,2.059259259259259,1.8091766342396245,38220.00000013155,3.8614544103634723,1822000.0,
0.7901234567901234,1.5202864614502967,2.5037037037037035,2.199646411413644,38230.00000013213,4.625984427817669,1823000.0,
0.7530864197530864,1.0749954564692927,1.7703703703703701,1.5553712790765117,38240.00000013271,4.262859540604457,1824000.0,
0.8271604938271605,1.1514595684357278,1.8962962962962961,1.6660043826091506,38250.000000133296,3.974149627554559,1825000.0,
0.8641975308641975,1.0570039007124843,1.7407407407407405,1.5293399605982436,38260.00000013388,3.6951016565796433,1826000.0,
0.8518518518518519,1.2144300135845565,2.0,1.7571139972830885,38270.00000013446,3.9340381319306554,1827000.0,
0.9382716049382716,1.6507252406871562,2.7185185185185183,2.388373470381087,38280.00000013504,4.037217690770107,1828000.0,
0.7407407407407407,1.0884891232868992,1.7925925925925925,1.5748947679352128,38290.000000135624,4.355456983151827,1829000.0,
0.7654320987654321,1.1784469020709405,1.9407407407407407,1.7050513603265527,38300.000000136206,4.333129017268053,1830000.0,
0.8641975308641975,1.3403709038822142,2.2074074074074073,1.9393332266309646,38310.00000013679,4.025854903104783,1831000.0,
0.8024691358024691,1.0659996785908887,1.7555555555555558,1.5423556198373778,38320.00000013737,3.9942426764421497,1832000.0,
0.8395061728395061,1.1829447910101423,1.948148148148148,1.71155918994612,38330.00000013795,3.9579165893338484,1833000.0,
0.8395061728395061,1.5022949056934887,2.4740740740740743,2.1736150929353766,38340.000000138534,4.338907167118457,1834000.0,
0.8641975308641975,1.2054342357061525,1.985185185185185,1.7440983380439548,38350.000000139116,3.8719996156440453,1835000.0,
0.8148148148148148,1.2549110140373754,2.0666666666666664,1.8156844638591916,38360.0000001397,4.167993820301734,1836000.0,
0.8024691358024691,1.092987012226101,1.7999999999999998,1.5814025975547794,38370.00000014028,4.030949969126209,1837000.0,
0.8271604938271605,1.17844690207094,1.9407407407407407,1.705051360326553,38380.00000014086,4.014537299561759,1838000.0,
0.8641975308641975,1.304387792368598,2.1481481481481484,1.8872705896744284,38390.000000141445,3.9887887312107213,1839000.0,
0.8024691358024691,1.0749954564692927,1.7703703703703704,1.5553712790765117,38400.00000014203,4.010375876567832,1840000.0,
0.7777777777777778,1.0570039007124845,1.7407407407407405,1.5293399605982438,38410.00000014261,4.1151923168350795,1841000.0,
0.8765432098765432,1.3088856813077998,2.155555555555556,1.8937784192939957,38420.00000014319,3.939430143504688,1842000.0,
0.8271604938271605,1.1199743458613134,1.8444444444444446,1.6204495752721817,38430.00000014377,3.946831671905519,1843000.0,
0.9382716049382716,1.515788572511095,2.496296296296296,2.193138581794077,38440.000000144355,3.90182466284611,1844000.0,
0.8395061728395061,1.030016567077272,1.6962962962962964,1.4902929828808418,38450.00000014494,3.7828109108259866,1845000.0,
0.8271604938271605,1.3538645706998205,2.2296296296296294,1.9588567154896657,38460.00000014552,4.231385525814864,1846000.0,
0.8518518518518519,1.3943455711526394,2.296296296296296,2.0174271820657683,38470.0000001461,4.156837554583717,1847000.0,
0.7530864197530864,1.1514595684357278,1.896296296296296,1.6660043826091506,38480.00000014668,4.380131558134573,1848000.0,
0.8271604938271605,1.079493345408495,1.7777777777777775,1.5618791086960788,38490.000000147265,3.901474044492619,1849000.0,
0.8888888888888888,1.5247843503894989,2.511111111111111,2.2061542410332113,38500.00000014785,4.132046283117627,1850000.0,
0.8395061728395061,1.317881459186204,2.17037037037037,1.9067940785331294,38510.00000014843,4.129238208779478,1851000.0,
0.7901234567901234,1.169451124192536,1.9259259259259258,1.6920357010874185,38520.00000014901,4.200083454101871,1852000.0,
0.8024691358024691,1.2279236804021627,2.0222222222222217,1.7766374861417895,38530.000000149594,4.2089479710077216,1853000.0,
0.8148148148148148,1.2908941255509916,2.1259259259259258,1.8677471008157278,38540.000000150176,4.223064002614535,1854000.0,
0.7160493827160493,1.021020789198868,1.6814814814814814,1.4772773236417078,38550.00000015076,4.429353171173098,1855000.0,
0.9012345679012346,1.466311794179872,2.4148148148148145,2.121552455978841,38560.00000015134,4.013850073034292,1856000.0,
0.8148148148148148,1.3763540153958311,2.266666666666666,1.9913958635875006,38570.00000015192,4.329764776515126,1857000.0,
0.8765432098765432,1.2774004587333856,2.1037037037037036,1.8482236119570266,38580.000000152504,3.912524467047078,1858000.0,
0.8024691358024691,1.3088856813078,2.155555555555556,1.8937784192939955,38590.000000153086,4.313531387521115,1859000.0,
0.7654320987654321,0.750955033393874,1.6592592592592594,1.5090682525804846,38600.00000015367,4.129185434126213,1860000.0,
0.9135802469135802,1.1063176831249035,2.444444444444444,2.2231809078194638,38610.00000015425,3.568263950487331,1861000.0,
0.8024691358024691,0.9923334369847622,2.1925925925925926,1.99412590519564,38620.00000015483,3.9209047445955902,1862000.0,
0.8888888888888888,1.1767197175055792,2.5999999999999996,2.3646560564988843,38630.000000155414,3.74769579334586,1863000.0,
0.8765432098765432,1.0962602496419498,2.4222222222222216,2.202970172293832,38640.000000156,3.7092518341401437,1864000.0,
0.8641975308641975,1.156604850539672,2.5555555555555554,2.324234585447621,38650.00000015658,3.832639898523829,1865000.0,
0.8641975308641975,1.082850338331345,2.392592592592593,2.1760225249263234,38660.00000015716,3.74786682011137,1866000.0,
0.7926829268292683,0.9967897794629813,2.2024390243902436,2.0030810684976474,38670.00000015774,3.944870183368057,1867000.0,
0.8902439024390244,1.1557462891447856,2.553658536585366,2.3225092787564083,38680.000000158325,3.6916574755182743,1868000.0,
0.7926829268292683,0.9603622459942343,2.121951219512195,1.9298787703133482,38690.00000015891,3.9001462180690947,1869000.0,
0.8414634146341463,1.1093839738209261,2.451219512195122,2.2293427174309364,38700.00000015949,3.851728780525829,1870000.0,
0.9146341463414634,1.1557462891447858,2.5536585365853655,2.3225092787564083,38710.00000016007,3.5948132761712137,1871000.0,
0.8902439024390244,0.8974419609118537,1.9829268292682922,1.8034384370859218,38720.00000016065,3.403699189010177,1872000.0,
0.8292682926829268,1.198797010516941,2.6487804878048777,2.4090210857014895,38730.000000161235,4.017958159784742,1873000.0,
0.8536585365853658,1.1027607859175175,2.4365853658536585,2.216033208670155,38740.00000016182,3.7912312064030287,1874000.0,
0.8658536585365854,1.0464636887385452,2.3121951219512193,2.10290238420351,38750.0000001624,3.673377781401953,1875000.0,
0.8292682926829268,0.9272463064771919,2.048780487804878,1.8633312265094397,38760.00000016298,3.692264663736911,1876000.0,
0.8780487804878049,1.1292535375311514,2.4951219512195126,2.2692712437132814,38770.00000016356,3.7177581955630137,1877000.0,
0.8414634146341463,1.1027607859175175,2.4365853658536585,2.216033208670155,38780.000000164146,3.8484954267858162,1878000.0,
0.8170731707317073,0.9504274641391217,2.0999999999999996,1.9099145071721755,38790.00000016473,3.7775351054088833,1879000.0,
0.7926829268292683,1.0530868766419537,2.326829268292683,2.116211892964292,38800.00000016531,4.023891136732765,1880000.0,
0.8414634146341463,1.0994491919658134,2.4292682926829263,2.2093784542897636,38810.00000016589,3.846299039770849,1881000.0,
0.8780487804878049,1.086202816158996,2.4,2.1827594367682,38820.000000166474,3.6715059851115535,1882000.0,
0.8048780487804879,1.0365289068834325,2.2902439024390238,2.082938121062338,38830.000000167056,3.9441692479914847,1883000.0,
0.8902439024390244,1.096137598014109,2.421951219512195,2.2027236999093733,38840.00000016764,3.633466890961038,1884000.0,
0.9024390243902439,1.0961375980141088,2.4219512195121946,2.202723699909373,38850.00000016822,3.584906527569704,1885000.0,
0.8292682926829268,1.0497752826902496,2.3195121951219515,2.109557138583901,38860.0000001688,3.845902546817705,1886000.0,
0.8292682926829268,1.1027607859175172,2.4365853658536585,2.216033208670155,38870.000000169384,3.910385065415327,1887000.0,
0.8536585365853658,0.9967897794629814,2.2024390243902436,2.003081068497648,38880.00000016997,3.67509374169961,1888000.0,
0.8658536585365854,1.0100361552697983,2.2317073170731705,2.029700086019211,38890.00000017055,3.639193869508929,1889000.0,
0.8292682926829268,0.9106883367186706,2.012195121951219,1.8300574546074848,38900.00000017113,3.680532994322703,1890000.0,
0.8780487804878049,1.0762680343038833,2.3780487804878043,2.162795173627028,38910.00000017171,3.6651913724435223,1891000.0,
0.8414634146341463,0.9504274641391217,2.0999999999999996,1.909914507172175,38920.000000172295,3.675577566122108,1892000.0,
0.8902439024390244,1.3378839564885199,2.9560975609756093,2.6885207696779054,38930.00000017288,3.909949101850389,1893000.0,
0.8536585365853658,1.1424999133379687,2.524390243902439,2.295890261234845,38940.00000017346,3.8492113270962225,1894000.0,
0.8292682926829268,1.1458115072896728,2.5317073170731708,2.302545015615236,38950.00000017404,3.9670050529526124,1895000.0,
0.8170731707317073,1.0133477492215026,2.239024390243902,2.0363548403996017,38960.00000017462,3.8646912752117912,1896000.0,
0.8780487804878049,1.0895144101107006,2.407317073170731,2.1894141911485914,38970.000000175205,3.68361085600148,1897000.0,
0.8658536585365854,1.3345723625368155,2.948780487804878,2.6818660152975147,38980.00000017579,4.019080756775357,1898000.0,
0.8536585365853658,1.2153549802754624,2.6853658536585368,2.442294857603444,38990.00000017637,3.937412976937453,1899000.0,
0.8658536585365854,1.2054201984203494,2.663414634146341,2.422330594462271,39000.00000017695,3.8710458630071094,1900000.0,
0.8414634146341463,1.0795796282555878,2.3853658536585365,2.1694499280074186,39010.00000017753,3.8342801379709655,1901000.0,
0.8414634146341463,1.1458115072896726,2.5317073170731703,2.302545015615236,39020.000000178115,3.9135701971129557,1902000.0,
0.8292682926829268,1.006724561318094,2.224390243902439,2.02304533163882,39030.0000001787,3.8039884416342176,1903000.0,
0.8292682926829268,1.1723042589033073,2.5902439024390236,2.3557830506583626,39040.00000017928,4.004246312251715,1904000.0,
0.8048780487804879,1.0398405008351363,2.297560975609756,2.0895928754427286,39050.00000017986,3.9616169859322565,1905000.0,
0.8780487804878049,1.1027607859175172,2.4365853658536585,2.2160332086701553,39060.000000180444,3.703697006226202,1906000.0,
0.8414634146341463,1.0497752826902496,2.3195121951219506,2.1095571385839005,39070.000000181026,3.80233874179207,1907000.0,
0.7926829268292683,0.8775723972016279,1.9390243902439024,1.7635099108035768,39080.00000018161,3.819703639593665,1908000.0,
0.8780487804878049,1.1060723798692216,2.44390243902439,2.2226879630505456,39090.00000018219,3.7091352104490727,1909000.0,
0.8292682926829268,1.0497752826902496,2.319512195121951,2.1095571385839014,39100.00000018277,3.8600201938773506,1910000.0,
0.7804878048780488,0.9106883367186706,2.012195121951219,1.8300574546074853,39110.000000183354,3.923691306468636,1911000.0,
0.9024390243902439,1.1458115072896726,2.5317073170731703,2.3025450156152356,39120.000000183936,3.6545451837948266,1912000.0,
0.8902439024390244,1.238536137937392,2.7365853658536587,2.48887813826618,39130.00000018452,3.8093118262182535,1913000.0,
0.9146341463414634,1.2550941076959135,2.773170731707317,2.522151910168134,39140.0000001851,3.7263668911217813,1914000.0,
0.8048780487804879,1.1060723798692218,2.4439024390243897,2.2226879630505456,39150.00000018568,4.049965684126473,1915000.0,
0.8414634146341463,1.2219781681788706,2.6999999999999993,2.455604366364226,39160.000000186265,4.012203040488997,1916000.0,
0.8536585365853658,1.0265941250283195,2.268292682926829,2.0629738579211656,39170.00000018685,3.7265788322199698,1917000.0,
0.9024390243902439,1.086202816158996,2.4,2.1827594367682006,39180.00000018743,3.5917355530826445,1918000.0,
0.8536585365853658,1.1689926649516027,2.5829268292682928,2.349128296277972,39190.00000018801,3.8945314075587394,1919000.0,
0.8292682926829268,1.3951135034105517,2.297560975609756,2.018538274927646,39200.00000018859,3.853922368699468,1920000.0,
0.7804878048780488,1.044113609240381,1.7195121951219512,1.510689473273875,39210.000000189175,4.100892436887442,1921000.0,
0.8170731707317073,1.110759158766363,1.829268292682927,1.6071164609296542,39220.00000018976,3.9994335973422253,1922000.0,
0.8048780487804879,1.212949001372868,1.9975609756097559,1.7549711753351822,39230.00000019034,4.18760027447977,1923000.0,
0.7926829268292683,1.2751515142637848,2.0999999999999996,1.8449696971472431,39240.00000019092,4.3311111411188055,1924000.0,
0.8902439024390244,1.297366697439112,2.136585365853658,1.877112026365836,39250.0000001915,3.8819708108644044,1925000.0,
0.7926829268292683,1.2262781112780645,2.0195121951219512,1.7742565728663382,39260.000000192085,4.2706862327368915,1926000.0,
0.7804878048780488,1.2707084776287192,2.0926829268292684,1.8385412313035245,39270.00000019267,4.394967112010217,1927000.0,
0.8902439024390244,1.4706451262066642,2.421951219512195,2.127822194270862,39280.00000019325,4.078256169206134,1928000.0,
0.8902439024390244,1.4528729796664024,2.3926829268292678,2.102108330895988,39290.00000019383,4.058840881311625,1929000.0,
0.7926829268292683,1.2307211479131301,2.0268292682926825,1.7806850387100568,39300.00000019441,4.278752832799733,1930000.0,
0.8048780487804879,1.2751515142637846,2.0999999999999996,1.844969697147243,39310.000000194996,4.269730669283919,1931000.0,
0.8536585365853658,1.47508816284173,2.4292682926829268,2.134250660114581,39320.00000019558,4.260528990801892,1932000.0,
0.8902439024390244,1.0885439755910358,1.7926829268292683,1.574974131711061,39330.00000019616,3.651786383583259,1933000.0,
0.8780487804878049,1.3462401004248319,2.217073170731707,1.9478251506467408,39340.00000019674,3.9965484477493254,1934000.0,
0.7804878048780488,1.2040629281027373,1.9829268292682922,1.742114243647745,39350.000000197324,4.314577501680345,1935000.0,
0.8170731707317073,1.2262781112780645,2.0195121951219512,1.7742565728663382,39360.000000197906,4.149173210864496,1936000.0,
0.8536585365853658,1.164075598387148,1.9170731707317075,1.684258051054278,39370.00000019849,3.8990571295838348,1937000.0,
0.8780487804878049,1.4484299430313372,2.3853658536585365,2.095679865052269,39380.00000019907,4.115153546273531,1938000.0,
0.8658536585365854,1.3995565400456171,2.304878048780488,2.0249667407713643,39390.00000019965,4.117231496998134,1939000.0,
0.8048780487804879,1.1685186350222136,1.9243902439024387,1.6906865168979963,39400.000000200234,4.142701940529557,1940000.0,
0.7682926829268293,1.0707718290507737,1.763414634146341,1.5492602683361867,39410.00000020082,4.213382380718969,1941000.0,
0.8536585365853658,1.270708477628719,2.0926829268292684,1.8385412313035245,39420.0000002014,4.026827073838412,1942000.0,
0.8170731707317073,1.1951768548326065,1.968292682926829,1.729257311960308,39430.00000020198,4.1152880910359695,1943000.0,
0.8414634146341463,1.2529363310884574,2.0634146341463415,1.81282736792865,39440.00000020256,4.065225784817276,1944000.0,
0.8658536585365854,1.3773413568702897,2.268292682926829,1.9928244115527716,39450.000000203145,4.094954806570488,1945000.0,
0.7926829268292683,1.3373540271547009,2.2024390243902436,1.9349682189593034,39460.00000020373,4.4231204650742875,1946000.0,
0.8292682926829268,1.1774047082923447,1.9390243902439022,1.7035434485854335,39470.00000020431,4.035690971810556,1947000.0,
0.8048780487804879,1.0707718290507737,1.7634146341463417,1.549260268336187,39480.00000020489,4.026107424019868,1948000.0,
0.8292682926829268,1.3151388439793736,2.1658536585365855,1.9028258897407107,39490.00000020547,4.202958606021453,1949000.0,
0.7804878048780488,1.03522753597025,1.704878048780488,1.4978325415864377,39500.000000206055,4.1076321555111415,1950000.0,
0.7682926829268293,1.2973666974391118,2.136585365853658,1.8771120263658365,39510.00000020664,4.514664590367651,1951000.0,
0.7560975609756098,1.0574427191455775,1.7414634146341461,1.529974870805031,39520.00000020722,4.270808112469267,1952000.0,
0.7804878048780488,1.2262781112780643,2.0195121951219512,1.7742565728663386,39530.0000002078,4.354290705124387,1953000.0,
0.8902439024390244,1.3995565400456171,2.3048780487804876,2.0249667407713643,39540.00000020838,4.012649812149348,1954000.0,
0.9146341463414634,1.4039995766806828,2.3121951219512193,2.031395206615083,39550.000000208966,3.9110368705464023,1955000.0,
0.8536585365853658,1.1774047082923444,1.9390243902439022,1.7035434485854333,39560.00000020955,3.925528372616268,1956000.0,
0.8780487804878049,1.1907338181975409,1.9609756097560977,1.7228288461165895,39570.00000021013,3.832221848546766,1957000.0,
0.8780487804878049,1.52396156582745,2.5097560975609756,2.2049637843954857,39580.00000021071,4.212286783347529,1958000.0,
0.8170731707317073,1.27959455089885,2.1073170731707314,1.8513981629909613,39590.000000211294,4.228157510102674,1959000.0,
0.8048780487804879,1.270708477628719,2.092682926829268,1.8385412313035245,39600.000000211876,4.281786290435314,1960000.0,
0.8536585365853658,1.1951768548326065,1.968292682926829,1.729257311960308,39610.00000021246,3.949204315706455,1961000.0,
0.8536585365853658,1.2662654409936536,2.0853658536585367,1.832112765459806,39620.00000021304,4.033050945209429,1962000.0,
0.8292682926829268,1.2484932944533917,2.0560975609756103,1.8063989020849307,39630.00000021362,4.13082720806413,1963000.0,
0.8536585365853658,1.2973666974391118,2.136585365853658,1.8771120263658365,39640.000000214204,4.07062670275989,1964000.0,
0.8170731707317073,1.2262781112780645,2.019512195121951,1.7742565728663382,39650.000000214786,4.166486643701325,1965000.0,
0.7926829268292683,1.3373540271547006,2.2024390243902436,1.9349682189593034,39660.00000021537,4.435428157382695,1966000.0,
0.8292682926829268,1.2129490013728683,1.9975609756097559,1.7549711753351827,39670.00000021595,4.0903179134671666,1967000.0,
0.8658536585365854,1.0974300488611666,1.8073170731707315,1.5878310633984984,39680.00000021653,3.784634704363522,1968000.0,
0.8170731707317073,1.1907338181975409,1.9609756097560977,1.7228288461165895,39690.000000217115,4.125372732767091,1969000.0,
0.7682926829268293,1.3640122469650937,2.2463414634146335,1.9735390140216154,39700.0000002177,4.613473083402171,1970000.0,
0.7439024390243902,1.2129490013728683,1.9975609756097563,1.7549711753351822,39710.00000021828,4.562321608455355,1971000.0,
0.9024390243902439,1.3284679538845698,2.18780487804878,1.9221112872718666,39720.00000021886,3.889380705699169,1972000.0,
0.8292682926829268,1.2751515142637848,2.0999999999999996,1.844969697147243,39730.00000021944,4.16885623783583,1973000.0,
0.8170731707317073,1.27959455089885,2.1073170731707314,1.8513981629909615,39740.000000220025,4.237112733983793,1974000.0,
0.6707317073170732,1.03522753597025,1.704878048780488,1.4978325415864377,39750.00000022061,4.797971962777659,1975000.0,
0.8536585365853658,1.319581880614439,2.1731707317073172,1.9092543555844292,39760.00000022119,4.10350734590853,1976000.0,
0.9146341463414634,1.4084426133157482,2.3195121951219506,2.0378236724588015,39770.00000022177,3.927627923934757,1977000.0,
0.7804878048780488,1.2173920380079337,2.004878048780488,1.7613996411789012,39780.00000022235,4.358530423747942,1978000.0,
0.8780487804878049,1.4884172727469263,2.4512195121951215,2.1535360576457365,39790.000000222935,4.183472449562056,1979000.0,
0.8658536585365854,0.874260803249924,1.9317073170731704,1.756855156423186,39800.00000022352,3.878628972945342,1980000.0,
0.8170731707317073,0.9338694943806003,2.0634146341463415,1.8766407352702212,39810.0000002241,3.8181656498870735,1981000.0,
0.8170731707317073,0.9736086218010515,2.151219512195122,1.9564977878349117,39820.00000022468,3.867398611804675,1982000.0,
0.8536585365853658,1.0497752826902491,2.319512195121951,2.109557138583901,39830.000000225264,3.7914481883404254,1983000.0,
0.9024390243902439,1.0265941250283195,2.268292682926829,2.0629738579211656,39840.000000225846,3.5613583548047822,1984000.0,
0.8048780487804879,1.0630216584970662,2.348780487804878,2.1361761561054644,39850.00000022643,4.0389026666665675,1985000.0,
0.8658536585365854,1.1424999133379685,2.5243902439024386,2.2958902612348453,39860.00000022701,3.8468280689711234,1986000.0,
0.8170731707317073,1.006724561318094,2.224390243902439,2.0230453316388197,39870.00000022759,3.9109136422585435,1987000.0,
0.8902439024390244,1.1524346951930815,2.5463414634146337,2.3158545243760176,39880.000000228174,3.753691027521557,1988000.0,
0.9024390243902439,1.2054201984203494,2.6634146341463416,2.422330594462271,39890.000000228756,3.762219679374486,1989000.0,
0.8048780487804879,1.019970937124911,2.2536585365853656,2.0496643491603836,39900.00000022934,3.9884457098104296,1990000.0,
0.9146341463414634,1.2650288895510262,2.7951219512195116,2.5421161733093065,39910.00000022992,3.7782955859524283,1991000.0,
0.926829268292683,1.2319129500339834,2.721951219512195,2.475568629505398,39920.0000002305,3.6933771303425917,1992000.0,
0.8048780487804879,0.8610144274431067,1.9024390243902438,1.7302361389016225,39930.000000231084,3.7927724705089,1993000.0,
0.8658536585365854,1.0928260040624045,2.414634146341463,2.196068945528982,39940.00000023167,3.793965244174256,1994000.0,
0.8170731707317073,1.0729564403521792,2.370731707317073,2.156140419246637,39950.00000023225,3.996749673315462,1995000.0,
0.7804878048780488,1.0034129673663896,2.217073170731707,2.016390577258429,39960.00000023283,4.095619739489118,1996000.0,
0.8658536585365854,1.0464636887385455,2.312195121951219,2.10290238420351,39970.00000023341,3.7421101757721504,1997000.0,
0.8658536585365854,1.0133477492215026,2.239024390243902,2.0363548403996017,39980.000000233995,3.7044269780201056,1998000.0,
0.7560975609756098,0.9438042762357133,2.0853658536585367,1.896604998411394,39990.00000023458,4.150834687977341,1999000.0,
0.9146341463414634,1.235224543985688,2.7292682926829266,2.482223383885789,40000.00000023516,3.750509501467938,2000000.0,
0.8048780487804879,0.9073767427669662,2.0048780487804874,1.8234027002270947,40010.00000023574,3.855222619850947,2001000.0,
0.8902439024390244,1.13587672543456,2.5097560975609756,2.2825807524740633,40020.00000023632,3.7427628971083218,2002000.0,
0.8780487804878049,1.0332173129317281,2.2829268292682925,2.0762833666819467,40030.000000236905,3.678383606439967,2003000.0,
0.9390243902439024,1.3411955504402238,2.963414634146341,2.695175524058296,40040.00000023749,3.768023832978917,2004000.0,
0.7560975609756098,0.9769202157527559,2.158536585365854,1.9631525422153024,40050.00000023807,4.198504156371074,2005000.0,
0.8170731707317073,1.0299057189800234,2.2756097560975608,2.069628612301556,40060.00000023865,3.9506278949200717,2006000.0,
0.7926829268292683,0.9570506520425301,2.1146341463414626,1.9232240159329574,40070.00000023923,3.9808915918580414,2007000.0,
0.8170731707317073,1.15905788309649,2.560975609756097,2.3291640331367995,40080.000000239816,4.109888752495519,2008000.0,
0.8170731707317073,0.9471158701874172,2.0926829268292684,1.9032597527917847,40090.0000002404,3.8510940501292255,2009000.0,
0.8536585365853658,0.9868549976078683,2.1804878048780485,1.983116805356475,40100.00000024098,3.733170140101963,2010000.0,
0.8414634146341463,0.8808839911533323,1.946341463414634,1.7701646651839678,40110.00000024156,3.66191720692562,2011000.0,
0.8414634146341463,1.122630349627743,2.4804878048780483,2.2559617349525,40120.000000242144,3.9497896909097365,2012000.0,
0.7804878048780488,0.9239347125254875,2.0414634146341464,1.8566764721290487,40130.000000242726,4.004413225474831,2013000.0,
0.8536585365853658,1.0862028161589963,2.4,2.1827594367682006,40140.00000024331,3.8518347275477027,2014000.0,
0.8170731707317073,0.9835434036561642,2.1731707317073172,1.9764620509760842,40150.00000024389,3.8992590910911837,2015000.0,
0.8170731707317073,1.019970937124911,2.253658536585366,2.0496643491603836,40160.00000024447,3.9444390574261035,2016000.0,
0.8170731707317073,1.1524346951930813,2.5463414634146337,2.3158545243760176,40170.000000245054,4.107155895658824,2017000.0,
0.8658536585365854,1.1888622286618282,2.6268292682926826,2.3890568225603173,40180.000000245636,3.918401447233532,2018000.0,
0.9390243902439024,1.2550941076959132,2.773170731707317,2.5221519101681342,40190.00000024622,3.6841235952516636,2019000.0,
0.8292682926829268,1.1325651314828558,2.502439024390244,2.2759259980936726,40200.0000002468,4.024560893895731,2020000.0,
0.8536585365853658,1.1292535375311514,2.495121951219512,2.2692712437132814,40210.00000024738,3.906265572583889,2021000.0,
0.9024390243902439,1.069644846400475,2.3634146341463413,2.149485664866246,40220.000000247965,3.6296037487589063,2022000.0,
0.8292682926829268,1.0232825310766152,2.2609756097560973,2.056319103540774,40230.00000024855,3.8945436404647786,2023000.0,
0.9146341463414634,1.370999896005562,3.029268292682927,2.755068313481815,40240.00000024913,3.911757219677079,2024000.0,
0.8902439024390244,1.029905718980024,2.2756097560975608,2.069628612301556,40250.00000024971,3.636329711776563,2025000.0,
0.8170731707317073,0.9073767427669662,2.0048780487804874,1.8234027002270945,40260.00000025029,3.812607356868966,2026000.0,
0.8048780487804879,0.9769202157527559,2.158536585365854,1.9631525422153024,40270.000000250875,3.9573826923493614,2027000.0,
0.8292682926829268,1.1160071617243346,2.465853658536585,2.242652226191718,40280.00000025146,4.009299812716612,2028000.0,
0.8048780487804879,1.1623694770481943,2.5682926829268293,2.3358187875171903,40290.00000025204,4.189001471534672,2029000.0,
0.8170731707317073,1.016659343173207,2.2463414634146335,2.0430095947799924,40300.00000025262,3.9487442707991307,2030000.0,
0.8780487804878049,1.0365289068834325,2.2902439024390246,2.0829381210623374,40310.0000002532,3.6977106995525357,2031000.0,
0.8780487804878049,1.1126955677726302,2.4585365853658536,2.235997471811327,40320.000000253785,3.7850116188985985,2032000.0,
0.8048780487804879,0.9073767427669661,2.004878048780488,1.823402700227094,40330.00000025437,3.8746165592460153,2033000.0,
0.8536585365853658,1.1689926649516027,2.5829268292682923,2.3491282962779723,40340.00000025495,3.96024569327685,2034000.0,
0.9024390243902439,1.2219781681788708,2.6999999999999997,2.4556043663642257,40350.00000025553,3.8054325647840246,2035000.0,
0.8170731707317073,0.9636738399459386,2.129268292682927,1.936533524693739,40360.000000256114,3.887478431028653,2036000.0,
0.926829268292683,1.0530868766419539,2.326829268292683,2.116211892964292,40370.000000256696,3.524117419578886,2037000.0,
0.8902439024390244,1.066333252448771,2.3560975609756096,2.142830910485855,40380.00000025728,3.6843715986870773,2038000.0,
0.8658536585365854,1.1358767254345603,2.5097560975609756,2.2825807524740633,40390.00000025786,3.8690379082956854,2039000.0,
0.8048780487804879,1.42621475985601,2.3487804878048775,2.0635375358336763,40400.00000025844,4.072236000001841,2040000.0,
0.8170731707317073,1.070771829050774,1.7634146341463415,1.5492602683361862,40410.000000259024,4.021538656500416,2041000.0,
0.8658536585365854,1.3728983202352245,2.260975609756098,1.9863959457090525,40420.000000259606,4.144471299474016,2042000.0,
0.8292682926829268,1.27959455089885,2.1073170731707314,1.8513981629909622,40430.00000026019,4.2153904878981585,2043000.0,
0.8048780487804879,1.3817843935053553,2.2756097560975608,1.99925287739649,40440.00000026077,4.470698791981977,2044000.0,
0.7926829268292683,1.1596325617520826,1.909756097560976,1.6778295852105594,40450.00000026135,4.25984107795453,2045000.0,
0.8902439024390244,1.350683137059897,2.2243902439024392,1.9542536164904598,40460.000000261934,4.008161880031337,2046000.0,
0.8292682926829268,1.368455283600159,2.253658536585366,1.979967479865334,40470.00000026252,4.324899018508696,2047000.0,
0.8170731707317073,1.3062527707092426,2.151219512195122,1.8899689580532733,40480.0000002631,4.3139183164408745,2048000.0,
0.9146341463414634,1.288480624168981,2.1219512195121952,1.8642550946783991,40490.00000026368,3.83486948246986,2049000.0,
0.7804878048780488,1.1418604152118212,1.880487804878049,1.6521157218356848,40500.00000026426,4.306755532043042,2050000.0,
0.8170731707317073,1.368455283600159,2.2536585365853656,1.979967479865334,40510.000000264845,4.391837809829862,2051000.0,
0.8536585365853658,1.488417272746926,2.451219512195122,2.153536057645737,40520.00000026543,4.344714519551971,2052000.0,
0.8292682926829268,1.0618857557806427,1.748780487804878,1.5364033366487493,40530.00000026601,3.9587416467265446,2053000.0,
0.8902439024390244,1.3951135034105517,2.297560975609756,2.018538274927646,40540.00000026659,4.062453524425479,2054000.0,
0.8048780487804879,1.23072114791313,2.026829268292683,1.7806850387100568,40550.00000026717,4.289680820185964,2055000.0,
0.7926829268292683,1.3018097340741772,2.1439024390243904,1.883540492209555,40560.000000267755,4.445972279961259,2056000.0,
0.8414634146341463,1.2173920380079335,2.004878048780488,1.761399641178901,40570.00000026834,4.088491987247133,2057000.0,
0.8048780487804879,1.1996198914676717,1.9756097560975607,1.7356857778040267,40580.00000026892,4.252858047026562,2058000.0,
0.8902439024390244,1.417328686585879,2.3341463414634145,2.0506806041462387,40590.0000002695,4.09014729182806,2059000.0,
0.9024390243902439,1.27959455089885,2.1073170731707314,1.8513981629909615,40600.00000027008,3.8827912591501943,2060000.0,
0.8902439024390244,1.3329109905196352,2.195121951219512,1.9285397531155852,40610.000000270666,3.9964178250139875,2061000.0,
0.8170731707317073,1.1374173785767556,1.873170731707317,1.6456872559919662,40620.00000027125,4.115642164876228,2062000.0,
0.9024390243902439,1.2929236608040464,2.1292682926829265,1.8706835605221175,40630.00000027183,3.8991829755317218,2063000.0,
0.7317073170731707,1.3018097340741772,2.14390243902439,1.8835404922095547,40640.00000027241,4.8218033032916745,2064000.0,
0.7926829268292683,1.3817843935053553,2.2756097560975608,1.99925287739649,40650.000000272994,4.552401850320915,2065000.0,
0.8780487804878049,1.3862274301404207,2.2829268292682925,2.0056813432402083,40660.000000273576,4.115422906596349,2066000.0,
0.7804878048780488,1.2840375875339154,2.114634146341463,1.8578266288346805,40670.00000027416,4.499545034081343,2067000.0,
0.9024390243902439,1.1907338181975406,1.9609756097560973,1.7228288461165895,40680.00000027474,3.7886482850760217,2068000.0,
0.7926829268292683,1.4528729796664024,2.392682926829268,2.102108330895988,40690.00000027532,4.644544374401147,2069000.0,
0.8414634146341463,1.288480624168981,2.1219512195121952,1.864255094678399,40700.000000275904,4.180510307033165,2070000.0,
0.9146341463414634,1.52396156582745,2.5097560975609756,2.204963784395486,40710.00000027649,4.104061978683802,2071000.0,
0.8536585365853658,1.2262781112780647,2.0195121951219512,1.7742565728663386,40720.00000027707,4.0490657875462555,2072000.0,
0.7682926829268293,1.08410093895597,1.7853658536585366,1.5685456658673425,40730.00000027765,4.314540904727435,2073000.0,
0.8170731707317073,1.3151388439793734,2.165853658536585,1.9028258897407107,40740.00000027823,4.340316197160446,2074000.0,
0.7804878048780488,1.3240249172495047,2.180487804878049,1.9156828214281478,40750.000000278815,4.555778800279733,2075000.0,
0.8414634146341463,1.1818477449274103,1.9463414634146337,1.709971914429152,40760.0000002794,4.05726543605063,2076000.0,
0.8780487804878049,1.155189525117017,1.9024390243902438,1.6714011193668408,40770.00000027998,3.8584075147644956,2077000.0,
0.8292682926829268,1.1729616716572793,1.9317073170731704,1.697114982741715,40780.00000028056,4.107392015872756,2078000.0,
0.8292682926829268,1.1507464884819518,1.8951219512195119,1.6649726535231217,40790.00000028114,4.081191353808426,2079000.0,
0.7804878048780488,1.164075598387148,1.9170731707317075,1.6842580510542777,40800.000000281725,4.353968735487522,2080000.0,
0.8292682926829268,1.3640122469650937,2.2463414634146344,1.9735390140216154,40810.00000028231,4.339541239038165,2081000.0,
0.8048780487804879,1.3462401004248319,2.2170731707317075,1.947825150646741,40820.00000028289,4.449568003610547,2082000.0,
0.7804878048780488,1.2840375875339154,2.1146341463414635,1.85782662883468,40830.00000028347,4.509545034081926,2083000.0,
0.7926829268292683,1.2040629281027373,1.9829268292682927,1.7421142436477455,40840.00000028405,4.339891693967523,2084000.0,
0.8658536585365854,1.1551895251170174,1.9024390243902443,1.6714011193668403,40850.000000284635,3.9172583248318626,2085000.0,
0.8780487804878049,1.101873085496232,1.8146341463414632,1.594259529242217,40860.00000028522,3.802686014085558,2086000.0,
0.7804878048780488,1.2040629281027373,1.9829268292682922,1.7421142436477455,40870.0000002858,4.409577501685874,2087000.0,
0.8292682926829268,1.2307211479131301,2.026829268292683,1.7806850387100568,40880.00000028638,4.182925501946331,2088000.0,
0.8536585365853658,1.2662654409936538,2.085365853658536,1.832112765459806,40890.000000286964,4.105622373785083,2089000.0,
0.7804878048780488,1.1818477449274098,1.9463414634146343,1.709971914429152,40900.000000287546,4.382989298242595,2090000.0,
0.8292682926829268,1.27959455089885,2.1073170731707314,1.8513981629909615,40910.00000028813,4.243625782017449,2091000.0,
0.7926829268292683,1.2262781112780645,2.0195121951219512,1.7742565728663386,40920.00000028871,4.372840078896684,2092000.0,
0.8414634146341463,1.4928603093819914,2.458536585365853,2.1599645234894553,40930.00000028929,4.436729643084185,2093000.0,
0.7439024390243902,1.212949001372868,1.9975609756097559,1.7549711753351822,40940.000000289874,4.642977346164967,2094000.0,
0.8414634146341463,1.2085059647378027,1.9902439024390242,1.7485427094914636,40950.000000290456,4.09996071176797,2095000.0,
0.8658536585365854,1.3240249172495044,2.180487804878049,1.9156828214281476,40960.00000029104,4.118448496027491,2096000.0,
0.8170731707317073,1.27959455089885,2.1073170731707314,1.8513981629909615,40970.00000029162,4.310545569808963,2097000.0,
0.8414634146341463,1.239607221183261,2.041463414634146,1.7935419703974942,40980.0000002922,4.138660755659775,2098000.0,
0.8658536585365854,1.4528729796664026,2.392682926829268,2.102108330895988,40990.000000292785,4.268949075156963,2099000.0,
0.8048780487804879,0.9702970278493475,2.1439024390243904,1.9498430334545207,41000.00000029337,4.405275730266429,2100000.0,
0.8536585365853658,1.228601356082279,2.714634146341463,2.4689138751250073,41010.00000029395,4.068358731460728,2101000.0,
0.8902439024390244,1.1921738226135323,2.6341463414634148,2.3957115769407085,41020.00000029453,3.860795252846795,2102000.0,
0.8780487804878049,1.2617172955993219,2.7878048780487803,2.535461418928916,41030.00000029511,3.9941752533701824,2103000.0,
0.8658536585365854,0.9239347125254875,2.041463414634146,1.8566764721290487,41040.000000295695,3.6608795271915646,2104000.0,
0.7682926829268293,0.9868549976078685,2.180487804878049,1.9831168053564745,41050.00000029628,4.208284282656487,2105000.0,
0.7560975609756098,0.953739058090826,2.107317073170732,1.9165692615525665,41060.00000029686,4.233006496241347,2106000.0,
0.8292682926829268,1.0530868766419539,2.326829268292683,2.116211892964292,41070.00000029744,3.97989593953174,2107000.0,
0.8658536585365854,1.1060723798692218,2.4439024390243897,2.2226879630505456,41080.00000029802,3.8734892275041775,2108000.0,
0.8414634146341463,1.1921738226135323,2.634146341463414,2.395711576940708,41090.000000298605,4.0886674414178605,2109000.0,
0.8658536585365854,1.0100361552697983,2.2317073170731705,2.029700086019211,41100.00000029919,3.7637009117696976,2110000.0,
0.8414634146341463,1.1193187556760387,2.473170731707317,2.2493069805721086,41110.00000029977,4.003245477811052,2111000.0,
0.8414634146341463,0.8676376153465152,1.9170731707317075,1.7435456476624043,41120.00000030035,3.7047258617673036,2112000.0,
0.8414634146341463,1.0729564403521792,2.370731707317073,2.1561404192466367,41130.00000030093,3.9493076538030536,2113000.0,
0.9390243902439024,1.0597100645453623,2.341463414634146,2.1295214017250736,41140.000000301516,3.525402925925377,2114000.0,
0.9024390243902439,1.162369477048194,2.5682926829268293,2.3358187875171903,41150.0000003021,3.7826229340741704,2115000.0,
0.9024390243902439,1.0994491919658134,2.4292682926829268,2.2093784542897636,41160.00000030268,3.713440996550483,2116000.0,
0.8048780487804879,1.119318755676039,2.4731707317073166,2.2493069805721086,41170.00000030326,4.188847544984493,2117000.0,
0.926829268292683,1.1756158528550111,2.5975609756097557,2.362437805038754,41180.000000303844,3.6989513149691398,2118000.0,
0.8658536585365854,1.0961375980141088,2.421951219512195,2.2027236999093733,41190.000000304426,3.8682124371929993,2119000.0,
0.8170731707317073,1.0994491919658131,2.4292682926829263,2.209378454289764,41200.00000030501,4.103800503652911,2120000.0,
0.7926829268292683,1.082891222207292,2.392682926829268,2.17610468238781,41210.00000030559,4.209798157300748,2121000.0,
0.9146341463414634,1.15905788309649,2.560975609756098,2.3291640331367995,41220.00000030617,3.732300618899535,2122000.0,
0.8414634146341463,1.0729564403521794,2.370731707317073,2.156140419246637,41230.000000306754,3.9551047552526675,2123000.0,
0.8170731707317073,1.1160071617243343,2.465853658536585,2.242652226191719,41240.00000030734,4.126453541267957,2124000.0,
0.8170731707317073,1.096137598014109,2.4219512195121946,2.202723699909373,41250.00000030792,4.102732582697268,2125000.0,
0.8536585365853658,1.1424999133379685,2.5243902439024386,2.2958902612348453,41260.0000003085,3.9817827556753675,2126000.0,
0.8048780487804879,0.8941303669601494,1.9756097560975607,1.796783682705531,41270.00000030908,3.9151286377923773,2127000.0,
0.8780487804878049,1.0265941250283195,2.268292682926829,2.062973857921165,41280.000000309665,3.740284975776238,2128000.0,
0.7926829268292683,1.0001013734146857,2.2097560975609754,2.009735822878038,41290.00000031025,4.110278655747285,2129000.0,
0.8658536585365854,1.238536137937392,2.7365853658536583,2.48887813826618,41300.00000031083,4.038869905837152,2130000.0,
0.7682926829268293,1.1126955677726302,2.458536585365853,2.235997471811327,41310.00000031141,4.388584707316343,2131000.0,
0.8414634146341463,1.0166593431732065,2.246341463414634,2.0430095947799924,41320.00000031199,3.8934183499098434,2132000.0,
0.8658536585365854,1.2087317923720535,2.6707317073170733,2.428985348842662,41330.000000312575,4.00613812645193,2133000.0,
0.8674698795180723,1.1516367207468876,2.5445783132530124,2.3142509691036346,41340.00000031316,3.9020228864662863,2134000.0,
0.8554216867469879,1.069844340012023,2.363855421686747,2.1498865536843423,41350.00000031374,3.8619278904870584,2135000.0,
0.8795180722891566,1.0436707781768668,2.306024096385542,2.0972899407501684,41360.00000031432,3.7269106108529524,2136000.0,
0.6987951807228916,0.860455845330771,1.9012048192771083,1.729113650210954,41370.0000003149,4.429269571828309,2137000.0,
0.8192771084337349,1.112376377994153,2.4578313253012043,2.235356049702374,41380.000000315486,4.085985873192719,2138000.0,
0.8433734939759037,1.027312302029894,2.269879518072289,2.06441705766631,41390.00000031607,3.8689531581724825,2139000.0,
0.8795180722891566,1.0076821306535266,2.2265060240963854,2.02496959796568,41400.00000031665,3.688183792436132,2140000.0,
0.8554216867469879,1.0502141686356559,2.3204819277108433,2.1104390939837114,41410.00000031723,3.8423602253571363,2141000.0,
0.8192771084337349,1.0240406068004992,2.2626506024096384,2.057842481049539,41420.000000317814,3.9805172112947207,2142000.0,
0.8313253012048193,1.141821635058704,2.52289156626506,2.2945272392533194,41430.000000318396,4.065086894398179,2143000.0,
0.9036144578313253,1.2105272348759897,2.6746987951807224,2.4325933482055246,41440.00000031898,3.8164474733108182,2144000.0,
0.8192771084337349,1.171266892123255,2.5879518072289156,2.353698428804264,41450.00000031956,4.1619845889681875,2145000.0,
0.8192771084337349,1.0600292543238397,2.342168674698795,2.130162823834027,41460.00000032014,4.026797472242464,2146000.0,
0.7951807228915663,1.027312302029894,2.269879518072289,2.06441705766631,41470.000000320724,4.108283652607461,2147000.0,
0.9518072289156626,1.0011387401947374,2.212048192771084,2.011820444732137,41480.000000321306,3.4052444992376802,2148000.0,
0.8554216867469879,1.1058329875353636,2.4433734939759035,2.2222068964688306,41490.00000032189,3.9118864502683244,2149000.0,
0.9036144578313253,1.1025612923059689,2.436144578313253,2.215632319852059,41500.00000032247,3.700165163533515,2150000.0,
0.7349397590361446,1.0665726447826291,2.356626506024096,2.1433119770675706,41510.00000032305,4.501070975747193,2151000.0,
0.8674698795180723,1.2236140157935682,2.7036144578313253,2.458891654672611,41520.000000323635,3.9949967127012362,2152000.0,
0.8192771084337349,0.9062595785422951,2.002409638554217,1.821157722845758,41530.00000032422,3.843225662097584,2153000.0,
0.8072289156626506,1.1450933302880983,2.5301204819277103,2.301101815870091,41540.0000003248,4.197052931605069,2154000.0,
0.8192771084337349,0.9815085688183703,2.1686746987951806,1.9723729850315066,41550.00000032538,3.9362501649346258,2155000.0,
0.8072289156626506,1.1058329875353636,2.4433734939759035,2.222206896468831,41560.00000032596,4.149611014463692,2156000.0,
0.8072289156626506,1.0076821306535264,2.2265060240963854,2.02496959796568,41570.000000326545,4.028618161908614,2157000.0,
0.8674698795180723,0.9782368735889756,2.16144578313253,1.9657984084147346,41580.00000032713,3.7154647293266914,2158000.0,
0.8795180722891566,1.079659425700207,2.3855421686746983,2.1696102835346576,41590.00000032771,3.7804319498185803,2159000.0,
0.8433734939759037,1.4441474980818765,2.378313253012048,2.0894837533956734,41600.00000032829,3.9391425947531276,2160000.0,
0.8433734939759037,1.2115036762024254,1.9951807228915661,1.7528799876510812,41610.00000032887,4.0999229304063585,2161000.0,
0.8192771084337349,1.2641777490807915,2.0819277108433734,1.829092161027215,41620.000000329455,4.285390487902233,2162000.0,
0.7951807228915663,1.1939456519096363,1.9662650602409637,1.7274759298590368,41630.00000033004,4.327534683517397,2163000.0,
0.8313253012048193,1.259788243007594,2.0746987951807228,1.822741146579204,41640.00000033062,4.219162669177987,2164000.0,
0.8313253012048193,1.0578709636405235,1.7421686746987954,1.5305944819706903,41650.0000003312,3.976856376606037,2165000.0,
0.7831325301204819,1.0359234332745377,1.7060240963855422,1.4988394097306346,41660.000000331784,4.1941760763914155,2166000.0,
0.8313253012048193,1.1632191093972564,1.9156626506024093,1.6830188287229582,41670.000000332366,4.104738928748262,2167000.0,
0.8433734939759037,1.4397579920086794,2.3710843373493975,2.083132738947662,41680.00000033295,4.374567333434007,2168000.0,
0.7951807228915663,1.2158931822756223,2.0024096385542167,1.7592310020990922,41690.00000033353,4.358771729280894,2169000.0,
0.8313253012048193,1.136882072958073,1.8722891566265059,1.6449127420348917,41700.00000033411,4.07479727622007,2170000.0,
0.7469879518072289,1.3387993523251438,2.204819277108433,1.9370594066434048,41710.000000334694,4.8058088104299035,2171000.0,
0.891566265060241,1.3870839191303128,2.2843373493975903,2.006920565571528,41720.000000335276,4.081186017452505,2172000.0,
0.8192771084337349,1.2949042915931719,2.1325301204819276,1.8735492621632936,41730.00000033586,4.3293655324397795,2173000.0,
0.8192771084337349,1.369525894837524,2.2554216867469883,1.9815165077794827,41740.00000033644,4.421036018752773,2174000.0,
0.8433734939759037,1.2861252794467775,2.1180722891566264,1.860847233267271,41750.00000033702,4.196402831396556,2175000.0,
0.8192771084337349,1.1895561458364394,1.959036144578313,1.7211249154110253,41760.000000337604,4.202543531001517,2176000.0,
0.8313253012048193,1.1237135547384813,1.8506024096385538,1.6258596986908578,41770.00000033819,4.063014855753261,2177000.0,
0.8433734939759037,1.417810461642693,2.3349397590361445,2.0513776667076056,41780.00000033877,4.354258118857527,2178000.0,
0.8192771084337349,1.1368820729580729,1.8722891566265059,1.6449127420348912,41790.00000033935,4.140014883223614,2179000.0,
0.8554216867469879,1.1807771336900448,1.9445783132530117,1.708422886515003,41800.00000033993,4.016962001407912,2180000.0,
0.8433734939759037,1.4046419434231017,2.3132530120481922,2.032324623363573,41810.000000340515,4.340358304397254,2181000.0,
0.8554216867469879,1.3519678705447356,2.2265060240963854,1.9561124499874383,41820.0000003411,4.21821314449163,2182000.0,
0.8433734939759037,1.2422302187148055,2.045783132530121,1.7973370887871594,41830.00000034168,4.148927259386055,2183000.0,
0.8674698795180723,1.1281030608116789,1.8578313253012047,1.6322107131388692,41840.00000034226,3.9026715840425927,2184000.0,
0.8674698795180723,1.3783049069839186,2.269879518072289,1.9942185366755054,41850.00000034284,4.1916542678245134,2185000.0,
0.8072289156626506,1.066649975786918,1.7566265060240964,1.5432965108667127,41860.000000343425,4.118981313343525,2186000.0,
0.7951807228915663,1.0885975061529038,1.7927710843373492,1.5750515831067686,41870.00000034401,4.209596863854475,2187000.0,
0.8433734939759037,1.1807771336900448,1.9445783132530117,1.708422886515003,41880.00000034459,4.078918601428291,2188000.0,
0.8795180722891566,1.299293797666369,2.139759036144578,1.8799002766113049,41890.00000034517,4.046591578219419,2189000.0,
0.8554216867469879,1.2992937976663694,2.139759036144578,1.8799002766113044,41900.00000034575,4.161143453662253,2190000.0,
0.8795180722891566,1.299293797666369,2.139759036144578,1.8799002766113044,41910.000000346336,4.047687468630442,2191000.0,
0.9036144578313253,1.461705522374665,2.4072289156626505,2.1148878111877174,41920.00000034692,4.120018111477508,2192000.0,
0.8192771084337349,1.136882072958073,1.872289156626506,1.6449127420348917,41930.0000003475,4.148250177341741,2193000.0,
0.8554216867469879,1.3695258948375244,2.255421686746988,1.9815165077794832,41940.00000034808,4.245499285566693,2194000.0,
0.8795180722891566,1.3387993523251438,2.2048192771084336,1.9370594066434048,41950.000000348664,4.094796523927533,2195000.0,
0.7831325301204819,1.1676086154704532,1.92289156626506,1.6893698431709696,41960.000000349246,4.380789462888814,2196000.0,
0.8313253012048193,1.2158931822756225,2.002409638554217,1.7592310020990927,41970.00000034983,4.18549179902325,2197000.0,
0.891566265060241,1.387083919130313,2.28433734939759,2.0069205655715283,41980.00000035041,4.095240071507377,2198000.0,
0.7831325301204819,1.1983351579828339,1.9734939759036143,1.733826944307048,41990.00000035099,4.421871047943192,2199000.0,
0.6987951807228916,1.027144421128143,1.6915662650602408,1.486137380834612,42000.000000351574,4.711254947540871,2200000.0,
0.8674698795180723,1.2992937976663692,2.1397590361445777,1.8799002766113042,42010.000000352156,4.1094609056950775,2201000.0,
0.8192771084337349,1.1676086154704532,1.92289156626506,1.6893698431709694,42020.00000035274,4.191048751290984,2202000.0,
0.8674698795180723,1.4046419434231017,2.3132530120481922,2.0323246233635723,42030.00000035332,4.2320150181647085,2203000.0,
0.8313253012048193,1.097376518299298,1.8072289156626502,1.587753612002791,42040.0000003539,4.04698624670414,2204000.0,
0.8313253012048193,1.0534814575673261,1.7349397590361446,1.5242434675226793,42050.000000354485,3.9947646519106423,2205000.0,
0.8674698795180723,1.347578364471538,2.219277108433735,1.9497614355394275,42060.00000035507,4.167900059095642,2206000.0,
0.8554216867469879,1.3563573766179327,2.2337349397590365,1.9624634644354495,42070.00000035565,4.2374290459583,2207000.0,
0.8072289156626506,1.1983351579828336,1.9734939759036143,1.733826944307048,42080.00000035623,4.295248031586992,2208000.0,
0.891566265060241,1.347578364471538,2.219277108433735,1.9497614355394275,42090.00000035681,4.056875733174232,2209000.0,
0.8433734939759037,1.3387993523251438,2.2048192771084336,1.9370594066434055,42100.000000357395,4.278859232096355,2210000.0,
0.8554216867469879,1.277346267300383,2.103614457831325,1.8481452043712492,42110.00000035798,4.147317467460451,2211000.0,
0.8072289156626506,1.0622604697137208,1.749397590361446,1.5369454964187015,42120.00000035856,4.129065955074648,2212000.0,
0.8072289156626506,1.1500505911776644,1.8939759036144577,1.6639657853789251,42130.00000035914,4.238417896589716,2213000.0,
0.7951807228915663,1.2861252794467775,2.1180722891566264,1.860847233267271,42140.00000035972,4.474366639361359,2214000.0,
0.8554216867469879,1.277346267300383,2.1036144578313247,1.8481452043712485,42150.000000360305,4.149570988587342,2215000.0,
0.8072289156626506,1.1456610851044675,1.8867469879518068,1.6576147709309137,42160.00000036089,4.2347711950364575,2216000.0,
0.8072289156626506,1.2202826883488198,2.0096385542168678,1.7655820165471034,42170.00000036147,4.327809897563077,2217000.0,
0.8433734939759037,1.2641777490807917,2.081927710843374,1.829092161027215,42180.00000036205,4.194950759678317,2218000.0,
0.8313253012048193,1.299293797666369,2.139759036144578,1.8799002766113044,42190.000000362634,4.2985679015954705,2219000.0,
0.8433734939759037,1.0338556924886835,2.2843373493975903,2.0775662108998536,42200.000000363216,4.341825218451388,2220000.0,
0.8795180722891566,1.0862028161589963,2.4,2.1827594367682006,42210.0000003638,3.8218442978764413,2221000.0,
0.7831325301204819,0.9913236545065537,2.1903614457831324,1.9920967148818216,42220.00000036438,4.171687128120458,2222000.0,
0.8554216867469879,1.1712668921232552,2.5879518072289156,2.353698428804264,42230.00000036496,4.030069747183357,2223000.0,
0.8313253012048193,1.1614518064350712,2.5662650602409633,2.333974698953949,42240.000000365544,4.1356565208391505,2224000.0,
0.8554216867469879,1.1320065493705203,2.501204819277108,2.2748035094030046,42250.000000366126,3.9853006141062814,2225000.0,
0.8313253012048193,1.0305839972592885,2.2771084337349397,2.070991634283082,42260.00000036671,3.9793952431350155,2226000.0,
0.8433734939759037,1.0240406068004995,2.2626506024096384,2.0578424810495384,42270.00000036729,3.915359576689127,2227000.0,
0.8795180722891566,1.2039838444172006,2.6602409638554216,2.4194441949719816,42280.00000036787,3.9595953300058557,2228000.0,
0.8554216867469879,1.1058329875353636,2.443373493975903,2.222206896468831,42290.000000368454,3.9569568728061593,2229000.0,
0.9156626506024096,1.2694177490050917,2.8048192771084333,2.550935727307415,42300.00000036904,3.875808857516146,2230000.0,
0.8674698795180723,1.1581801112056767,2.559036144578313,2.327400122337178,42310.00000036962,3.9634548504705274,2231000.0,
0.8072289156626506,1.1091046827647582,2.450602409638554,2.228781473085602,42320.0000003702,4.199037144377374,2232000.0,
0.7951807228915663,0.9160746642304787,2.0240963855421685,1.8408814526960726,42330.00000037078,4.020515108105169,2233000.0,
0.9036144578313253,1.223614015793568,2.7036144578313253,2.4588916546726116,42340.000000371365,3.8789301775290657,2234000.0,
0.8674698795180723,0.9782368735889756,2.16144578313253,1.9657984084147344,42350.00000037195,3.7582425071069596,2235000.0,
0.8433734939759037,1.1352782445999148,2.508433734939759,2.281378086019776,42360.00000037253,4.052398490080162,2236000.0,
0.7951807228915663,0.9586067022126081,2.118072289156626,1.9263509487141048,42370.00000037311,4.07642661041617,2237000.0,
0.8674698795180723,1.1908970634996225,2.6313253012048192,2.393145888504894,42380.00000037369,4.005059114920718,2238000.0,
0.7951807228915663,1.0305839972592883,2.2771084337349397,2.070991634283082,42390.000000374275,4.168155632974944,2239000.0,
0.8674698795180723,1.0338556924886833,2.28433734939759,2.077566210899853,42400.00000037486,3.8251364233387286,2240000.0,
0.8674698795180723,1.13200654937052,2.5012048192771084,2.274803509403004,42410.00000037544,3.9388381055775445,2241000.0,
0.8072289156626506,0.9520633117538189,2.103614457831325,1.913201795480561,42420.00000037602,4.010463505662677,2242000.0,
0.7590361445783133,0.8081087216604579,1.7855421686746984,1.6239204243426066,42430.0000003766,4.076076569867504,2243000.0,
0.9036144578313253,1.0862028161589963,2.4,2.1827594367682,42440.000000377186,3.7321951166004497,2244000.0,
0.8192771084337349,0.9226180546892677,2.0385542168674697,1.854030605929616,42450.00000037777,3.917310272691891,2245000.0,
0.8554216867469879,1.1287348541411255,2.4939759036144578,2.2682289327862324,42460.00000037835,3.9933069422190863,2246000.0,
0.7590361445783133,0.9651500926713974,2.132530120481927,1.939500101947648,42470.00000037893,4.28551202691381,2247000.0,
0.8072289156626506,1.0600292543238397,2.342168674698795,2.130162823834027,42480.000000379514,4.147794449443658,2248000.0,
0.8433734939759037,1.1156480732235474,2.465060240963856,2.241930626319146,42490.000000380096,4.036551286877188,2249000.0,
0.8795180722891566,1.1483650255174929,2.5373493975903614,2.307676392486863,42500.00000038068,3.9084122893397666,2250000.0,
0.8674698795180723,1.112376377994153,2.4578313253012043,2.235356049702374,42510.00000038126,3.9217644357967782,2251000.0,
0.8192771084337349,0.9978670449653428,2.204819277108433,2.0052458681153653,42520.00000038184,4.0132759519996934,2252000.0,
0.9036144578313253,1.0960179018471796,2.4216867469879517,2.2024831666185154,42530.000000382424,3.7478571447623183,2253000.0,
0.8674698795180723,1.0927462066177853,2.414457831325301,2.195908590001744,42540.00000038301,3.900801877126896,2254000.0,
0.9036144578313253,1.1614518064350712,2.5662650602409633,2.3339746989539494,42550.00000038359,3.821337332506314,2255000.0,
0.7590361445783133,0.8637275405601655,1.908433734939759,1.7356882268277256,42560.00000038417,4.157606124926328,2256000.0,
0.7590361445783133,0.7852068550546958,1.7349397590361442,1.5778983880252053,42570.00000038475,4.0547931583080485,2257000.0,
0.8795180722891566,1.2301574062523573,2.7180722891566265,2.472040807906155,42580.000000385335,4.005792667435826,2258000.0,
0.7951807228915663,0.9913236545065539,2.1903614457831324,1.9920967148818216,42590.00000038592,4.130903989816908,2259000.0,
0.9156626506024096,1.2334291014817516,2.725301204819277,2.4786153845229264,42600.0000003865,3.8522949398271007,2260000.0,
0.8192771084337349,1.2039838444172006,2.6602409638554216,2.419444194971981,42610.00000038708,4.270153810154475,2261000.0,
0.891566265060241,1.2432441871699356,2.7469879518072284,2.4983391143732416,42620.00000038766,3.9685009126889677,2262000.0,
0.8313253012048193,1.161451806435071,2.5662650602409633,2.333974698953949,42630.000000388245,4.15826521649264,2263000.0,
0.891566265060241,1.1647235016644657,2.573493975903614,2.3405492755707216,42640.00000038883,3.8815114951626253,2264000.0,
0.8192771084337349,0.9782368735889754,2.16144578313253,1.9657984084147346,42650.00000038941,3.996962654584866,2265000.0,
0.8674698795180723,1.1254631589117308,2.486746987951807,2.261654356169461,42660.00000038999,3.9451839193550264,2266000.0,
0.8313253012048193,1.0862028161589963,2.4,2.1827594367682006,42670.00000039057,4.070067155725902,2267000.0,
0.8554216867469879,1.0534858638650506,2.3277108433734934,2.1170136706004836,42680.000000391155,3.917734178939325,2268000.0,
0.8795180722891566,1.3381233488223778,2.9566265060240964,2.6890018362596204,42690.00000039174,4.134575862413049,2269000.0,
0.7831325301204819,0.9782368735889757,2.1614457831325296,1.9657984084147346,42700.00000039232,4.184514777104347,2270000.0,
0.8674698795180723,1.1189197684529422,2.472289156626506,2.2485052029359176,42710.0000003929,3.9404186220207515,2271000.0,
0.8313253012048193,1.1058329875353634,2.443373493975903,2.2222068964688306,42720.000000393484,4.096578811149817,2272000.0,
0.8313253012048193,1.0469424734062616,2.3132530120481927,2.10386451736694,42730.000000394066,4.026319207197453,2273000.0,
0.7228915662650602,0.7361314266137775,1.6265060240963856,1.4792797387736298,42740.00000039465,4.200978473547507,2274000.0,
0.8674698795180723,1.1025612923059689,2.436144578313253,2.215632319852059,42750.00000039523,3.9237831564625645,2275000.0,
0.8192771084337349,1.2301574062523573,2.718072289156627,2.472040807906155,42760.00000039581,4.310924481218488,2276000.0,
0.9397590361445783,1.190897063499622,2.6313253012048192,2.393145888504894,42770.000000396394,3.7169776445433658,2277000.0,
0.8433734939759037,1.1123763779941527,2.4578313253012043,2.235356049702374,42780.000000396976,4.049243419677584,2278000.0,
0.8433734939759037,0.9487916165244245,2.0963855421686746,1.9066272188637898,42790.00000039756,3.8558500596492253,2279000.0,
0.8072289156626506,1.4090314494962988,2.3204819277108433,2.0386756378115836,42800.00000039814,4.154739940308661,2280000.0,
0.8674698795180723,1.3870839191303126,2.2843373493975903,2.006920565571528,42810.00000039872,4.255107851274155,2281000.0,
0.8313253012048193,1.3256308341055523,2.1831325301204814,1.9180063632993716,42820.000000399305,4.366770423691107,2282000.0,
0.8554216867469879,1.185166639763242,1.9518072289156627,1.7147739009630143,42830.00000039989,4.080121564848971,2283000.0,
0.8313253012048193,1.3124623158859607,2.16144578313253,1.8989533199553377,42840.00000040047,4.3520894524994915,2284000.0,
0.7469879518072289,1.1544400972508615,1.9012048192771083,1.6703167998269364,42850.00000040105,4.632553678641194,2285000.0,
0.7710843373493976,1.0578709636405237,1.7421686746987948,1.5305944819706903,42860.00000040163,4.363173281032786,2286000.0,
0.8554216867469879,1.4002524373499046,2.306024096385542,2.0259736089155616,42870.000000402215,4.333813412732102,2287000.0,
0.7710843373493976,1.163219109397256,1.9156626506024093,1.6830188287229584,42880.0000004028,4.501046657561121,2288000.0,
0.8192771084337349,1.3783049069839188,2.269879518072289,1.9942185366755054,42890.00000040338,4.499398636523633,2289000.0,
0.8554216867469879,1.343188858398341,2.212048192771084,1.9434104210914163,42900.00000040396,4.268795426070513,2290000.0,
0.8313253012048193,1.14127157903127,1.8795180722891562,1.6512637564829025,42910.00000040454,4.150222334254231,2291000.0,
0.8554216867469879,1.2466197247880029,2.053012048192771,1.8036881032351701,42920.000000405125,4.157031509314831,2292000.0,
0.8192771084337349,1.3387993523251438,2.204819277108433,1.937059406643405,42930.00000040571,4.453531562454972,2293000.0,
0.8313253012048193,1.154440097250862,1.9012048192771078,1.6703167998269357,42940.00000040629,4.167801856170652,2294000.0,
0.8072289156626506,1.176387627616848,1.9373493975903613,1.702071872066992,42950.00000040687,4.319999598450061,2295000.0,
0.891566265060241,1.5494956438386092,2.5518072289156626,2.241908100147941,42960.00000040745,4.330377546521117,2296000.0,
0.7710843373493976,1.0578709636405235,1.7421686746987948,1.5305944819706903,42970.000000408036,4.370048281033186,2297000.0,
0.7951807228915663,1.14127157903127,1.8795180722891562,1.651263756482903,42980.00000040862,4.34311122823573,2298000.0,
0.8674698795180723,1.2817357733735804,2.1108433734939753,1.8544962188192597,42990.0000004092,4.143664849916282,2299000.0,
0.8674698795180723,1.2466197247880029,2.0530120481927705,1.803688103235171,43000.00000040978,4.103739405019051,2300000.0,
0.8674698795180723,1.2992937976663692,2.1397590361445777,1.8799002766113044,43010.000000410364,4.165016461253867,2301000.0,
0.8674698795180723,1.2202826883488198,2.0096385542168678,1.7655820165471034,43020.000000410946,4.074489765790613,2302000.0,
0.8554216867469879,1.2992937976663688,2.1397590361445786,1.8799002766113044,43030.00000041153,4.224805425496944,2303000.0,
0.8072289156626506,1.2861252794467775,2.118072289156627,1.8608472332672712,43040.00000041211,4.46131639101581,2304000.0,
0.8072289156626506,1.1456610851044673,1.886746987951807,1.6576147709309137,43050.00000041269,4.287905523397759,2305000.0,
0.7710843373493976,1.2115036762024252,1.995180722891566,1.7528799876510812,43060.000000413274,4.574915705137229,2306000.0,
0.8433734939759037,1.1939456519096365,1.9662650602409641,1.7274759298590368,43070.00000041386,4.162532701606907,2307000.0,
0.7228915662650602,1.1588296033240588,1.9084337349397587,1.6766678142749472,43080.00000041444,4.808377617998049,2308000.0,
0.7469879518072289,1.1807771336900448,1.9445783132530121,1.708422886515003,43090.00000041502,4.683295195165518,2309000.0,
0.8554216867469879,1.457316016301468,2.3999999999999995,2.1085367967397066,43100.0000004156,4.413479286718487,2310000.0,
0.8674698795180723,1.6109487288633697,2.653012048192771,2.330822302420097,43110.000000416185,4.52984089582851,2311000.0,
0.7951807228915663,1.2202826883488198,2.0096385542168678,1.7655820165471034,43120.00000041677,4.450958532377991,2312000.0,
0.7590361445783133,1.1149345425920871,1.8361445783132528,1.6131576697948353,43130.00000041735,4.524751857764142,2313000.0,
0.8554216867469879,1.132492566884876,1.8650602409638548,1.6385617275868805,43140.00000041793,4.036009620499221,2314000.0,
0.8674698795180723,1.163219109397256,1.9156626506024093,1.6830188287229584,43150.00000041851,4.015930362277426,2315000.0,
0.7831325301204819,1.1851666397632419,1.9518072289156623,1.7147739009630143,43160.000000419095,4.477055863143904,2316000.0,
0.7469879518072289,1.3036833037395665,2.1469879518072292,1.886251291059316,43170.00000041968,4.852992164748242,2317000.0,
0.8554216867469879,1.3914734252035101,2.2915662650602413,2.013271580019539,43180.00000042026,4.34101541261832,2318000.0,
0.9036144578313253,1.2334512065684111,2.0313253012048196,1.7846350598911374,43190.00000042084,3.935150001989197,2319000.0,
0.8072289156626506,1.0490919514941293,1.727710843373494,1.5178924530746682,43200.00000042142,4.17723032803025,2320000.0,
0.7951807228915663,1.2685672551539888,2.089156626506024,1.8354431754752265,43210.000000422006,4.517134578512082,2321000.0,
0.7831325301204819,1.1807771336900448,1.9445783132530117,1.7084228865150035,43220.00000042259,4.475143109235267,2322000.0,
0.8433734939759037,1.3431888583983413,2.212048192771084,1.943410421091416,43230.00000042317,4.348635360729761,2323000.0,
0.9156626506024096,1.4529265102282707,2.3927710843373498,2.1021857822916954,43240.00000042375,4.12569342569697,2324000.0,
0.8192771084337349,1.3344098462519467,2.197590361445783,1.9307083921953936,43250.000000424334,4.466997312396136,2325000.0,
0.8313253012048193,0.9920283725425655,1.6337349397590362,1.4353292652505232,43260.000000424916,3.990987752537115,2326000.0,
0.8554216867469879,1.0578709636405237,1.7421686746987952,1.5305944819706903,43270.0000004255,3.956099858960476,2327000.0,
0.7590361445783133,1.049091951494129,1.727710843373494,1.517892453074668,43280.00000042608,4.44753066631818,2328000.0,
0.8192771084337349,1.299293797666369,2.139759036144578,1.8799002766113049,43290.00000042666,4.42648801779917,2329000.0,
0.8554216867469879,1.4353684859354823,2.363855421686747,2.076781724499651,43300.000000427244,4.399089920234962,2330000.0,
0.8554216867469879,1.1237135547384813,1.8506024096385538,1.6258596986908578,43310.000000427826,4.035324296441318,2331000.0,
0.8192771084337349,1.3124623158859607,2.16144578313253,1.8989533199553381,43320.00000042841,4.4443260620967155,2332000.0,
0.8192771084337349,1.272956761227186,2.096385542168675,1.8417941899232373,43330.00000042899,4.3966942821455985,2333000.0,
0.8313253012048193,1.185166639763242,1.9518072289156623,1.7147739009630143,43340.00000042957,4.227951175426025,2334000.0,
0.7951807228915663,1.3870839191303128,2.2843373493975907,2.006920565571528,43350.000000430155,4.674663110482801,2335000.0,
0.8554216867469879,1.277346267300383,2.1036144578313247,1.848145204371249,43360.00000043074,4.217740002675818,2336000.0,
0.8674698795180723,1.4441474980818765,2.378313253012048,2.089483753395673,43370.00000043132,4.352000588122907,2337000.0,
0.8072289156626506,1.027144421128143,1.691566265060241,1.486137380834612,43380.0000004319,4.1607878650401755,2338000.0,
0.8313253012048193,1.2685672551539886,2.089156626506024,1.8354431754752265,43390.00000043248,4.331172205533903,2339000.0,
0.8795180722891566,0.9651500926713974,2.1325301204819276,1.9395001019476479,43400.000000433065,4.124340495976629,2340000.0,
0.8554216867469879,1.0894745113883908,2.4072289156626505,2.1893340133849724,43410.00000043365,4.000932175342244,2341000.0,
0.8674698795180723,0.9684217879007918,2.139759036144578,1.9460746785644196,43420.00000043423,3.8063723388865407,2342000.0,
0.9397590361445783,1.1254631589117308,2.4867469879518067,2.261654356169461,43430.00000043481,3.6811954127402715,2343000.0,
0.927710843373494,1.2399724919405408,2.739759036144578,2.4917645377564703,43440.00000043539,3.852954764092659,2344000.0,
0.8554216867469879,0.9062595785422951,2.0024096385542167,1.8211577228457576,43450.000000435975,3.7890048594800376,2345000.0,
0.8192771084337349,1.066572644782629,2.3566265060240963,2.14331197706757,43460.00000043656,4.152431316485776,2346000.0,
0.7951807228915663,1.027312302029894,2.269879518072289,2.06441705766631,43470.00000043714,4.229495773826637,2347000.0,
0.8554216867469879,1.1156480732235474,2.465060240963855,2.2419306263191454,43480.00000043772,4.035473099741319,2348000.0,
0.8192771084337349,1.0698443400120232,2.363855421686747,2.149886553684342,43490.000000438304,4.158189415074697,2349000.0,
0.8072289156626506,1.0927462066177853,2.414457831325301,2.1959085900017445,43500.000000438886,4.24921992766209,2350000.0,
0.7951807228915663,1.1810819778114385,2.609638554216867,2.3734221586545794,43510.00000043947,4.425297032764175,2351000.0,
0.8313253012048193,1.1614518064350714,2.566265060240964,2.333974698953949,43520.00000044005,4.209859419394195,2352000.0,
0.8674698795180723,1.0633009495532344,2.3493975903614452,2.1367374004507984,43530.00000044063,3.9218580391251296,2353000.0,
0.8554216867469879,1.037127387718078,2.2915662650602413,2.0841407875166253,43540.000000441214,3.947061594150615,2354000.0,
0.7831325301204819,1.1320065493705203,2.5012048192771084,2.2748035094030037,43550.000000441796,4.433174516951518,2355000.0,
0.8554216867469879,1.1221914636823365,2.4795180722891565,2.2550797795526893,43560.00000044238,4.047629457601856,2356000.0,
0.8795180722891566,1.020768911571105,2.255421686746988,2.0512679044327666,43570.00000044296,3.821967392664409,2357000.0,
0.9156626506024096,1.1385499398293093,2.5156626506024096,2.287952662636547,43580.00000044354,3.800255855393883,2358000.0,
0.8433734939759037,1.13200654937052,2.5012048192771084,2.2748035094030046,43590.000000444124,4.118804908597971,2359000.0,
0.8674698795180723,0.9389765308362407,2.074698795180723,1.8869034890134744,43600.00000044471,3.782428500882154,2360000.0,
0.7951807228915663,1.0403990829474723,2.298795180722892,2.090715364133397,43610.00000044529,4.254438240738631,2361000.0,
0.8674698795180723,1.0469424734062613,2.313253012048193,2.10386451736694,43620.00000044587,3.9080003513448816,2362000.0,
0.8554216867469879,1.0534858638650506,2.327710843373494,2.117013670600483,43630.00000044645,3.971255305703004,2363000.0,
0.8554216867469879,1.3054063965284324,2.88433734939759,2.623256070091904,43640.000000447035,4.266317336844737,2364000.0,
0.8192771084337349,0.98150856881837,2.1686746987951806,1.9723729850315066,43650.00000044762,4.059779576706522,2365000.0,
0.8433734939759037,1.1385499398293093,2.5156626506024096,2.287952662636547,43660.0000004482,4.1305635001421965,2366000.0,
0.8313253012048193,1.066572644782629,2.356626506024096,2.14331197706757,43670.00000044878,4.104425065522922,2367000.0,
0.8192771084337349,1.0927462066177853,2.414457831325301,2.1959085900017437,43680.00000044936,4.197319634608853,2368000.0,
0.8554216867469879,1.0142255211123157,2.2409638554216866,2.0381187511992236,43690.000000449945,3.9287396937528216,2369000.0,
0.8674698795180723,1.2039838444172009,2.660240963855421,2.419444194971981,43700.00000045053,4.093478598482751,2370000.0,
0.8433734939759037,1.0305839972592887,2.277108433734939,2.070991634283082,43710.00000045111,4.005403882523624,2371000.0,
0.8795180722891566,1.2203423205641737,2.6963855421686747,2.4523170780558394,43720.00000045169,4.057098802889883,2372000.0,
0.8554216867469879,1.1189197684529415,2.472289156626506,2.2485052029359176,43730.00000045227,4.053382264587769,2373000.0,
0.8554216867469879,0.9978670449653432,2.2048192771084336,2.005245868115365,43740.000000452856,3.9124333061445524,2374000.0,
0.8072289156626506,1.0076821306535266,2.2265060240963854,2.02496959796568,43750.00000045344,4.158767415647533,2375000.0,
0.8433734939759037,1.1516367207468876,2.5445783132530124,2.3142509691036346,43760.00000045402,4.151794968944801,2376000.0,
0.8433734939759037,1.0633009495532344,2.3493975903614452,2.1367374004507993,43770.0000004546,4.047625411672359,2377000.0,
0.7710843373493976,1.0567575590944451,2.3349397590361445,2.1235882472172554,43780.000000455184,4.419229334515437,2378000.0,
0.8072289156626506,0.968421787900792,2.1397590361445777,1.9460746785644196,43790.000000455766,4.112519528356972,2379000.0,
0.8795180722891566,1.2007121491878063,2.653012048192771,2.4128696183552094,43800.00000045635,4.039163128585502,2380000.0,
0.8433734939759037,1.112376377994153,2.4578313253012047,2.235356049702374,43810.00000045693,4.108100562538153,2381000.0,
0.8795180722891566,1.1581801112056767,2.559036144578313,2.3274001223371776,43820.00000045751,3.9919006744415,2382000.0,
0.7951807228915663,1.0109538258829214,2.233734939759036,2.031544174582452,43830.000000458094,4.2307419326127755,2383000.0,
0.8313253012048193,1.118919768452942,2.472289156626506,2.2485052029359176,43840.00000045868,4.177248417184887,2384000.0,
0.891566265060241,1.2072555396465954,2.6674698795180722,2.426018771588753,43850.00000045926,3.994621753984226,2385000.0,
0.8313253012048193,1.2465158823993299,2.7542168674698795,2.5049136909900134,43860.00000045984,4.331893018019016,2386000.0,
0.9036144578313253,1.338123348822378,2.956626506024096,2.68900183625962,43870.00000046042,4.087253839419032,2387000.0,
0.8554216867469879,1.0567575590944451,2.3349397590361445,2.123588247217256,43880.000000461005,3.9891644705494542,2388000.0,
0.7831325301204819,1.050214168635656,2.320481927710843,2.1104390939837114,43890.00000046159,4.349655015398986,2389000.0,
0.8313253012048193,1.050214168635656,2.320481927710844,2.110439093983712,43900.00000046217,4.098080811607775,2390000.0,
0.8433734939759037,1.0600292543238397,2.342168674698795,2.130162823834027,43910.00000046275,4.051746115900828,2391000.0,
0.7831325301204819,1.0894745113883908,2.40722891566265,2.1893340133849724,43920.00000046333,4.401633606914124,2392000.0,
0.8192771084337349,1.0698443400120232,2.363855421686747,2.1498865536843423,43930.000000463915,4.184071768017381,2393000.0,
0.8072289156626506,0.906259578542295,2.0024096385542167,1.8211577228457576,43940.0000004645,4.044467836167116,2394000.0,
0.8795180722891566,1.1385499398293093,2.5156626506024096,2.2879526626365476,43950.00000046508,3.9767047261646757,2395000.0,
0.8674698795180723,1.0665726447826287,2.356626506024096,2.14331197706757,43960.00000046566,3.949518465571516,2396000.0,
0.8192771084337349,1.027312302029894,2.269879518072289,2.06441705766631,43970.00000046624,4.134510604009919,2397000.0,
0.891566265060241,1.0633009495532344,2.3493975903614457,2.136737400450799,43980.000000466825,3.840186200231271,2398000.0,
0.891566265060241,1.1058329875353636,2.4433734939759035,2.222206896468831,43990.00000046741,3.8884315941842313,2399000.0,
0.963855421686747,1.5319376195458203,2.52289156626506,2.2165040423558957,44000.00000046799,3.6346374464259084,2400000.0,
0.8452380952380952,1.2187672636330729,2.007142857142857,1.7633894044162426,44010.00000046857,4.203045776751842,2401000.0,
0.8452380952380952,1.266477014166752,2.0857142857142854,1.8324188828809351,44020.000000469154,4.2600544956931286,2402000.0,
0.8452380952380952,1.318524014748947,2.1714285714285717,1.9077237684787822,44030.000000469736,4.322194609058012,2403000.0,
0.7857142857142857,1.0843125121290687,1.7857142857142858,1.568851783288472,44040.00000047032,4.352152288228051,2404000.0,
0.7976190476190477,0.949857760625064,1.564285714285714,1.3743141621607013,44050.0000004709,4.119221670100258,2405000.0,
0.7976190476190477,1.027928261498357,1.6928571428571424,1.4872714905574713,44060.00000047148,4.217698118956362,2406000.0,
0.8690476190476191,1.2447907639241709,2.05,1.801041847215166,44070.000000472064,4.1211263585458475,2407000.0,
0.8809523809523809,1.4139435158163052,2.3285714285714283,2.0457827254081673,44080.000000472646,4.257987234226872,2408000.0,
0.9047619047619048,1.2621397641182357,2.0785714285714283,1.8261434757477817,44090.00000047323,3.9786781603967505,2409000.0,
0.8095238095238095,1.3228612647974636,2.178571428571429,1.913999175611936,44100.00000047381,4.522355091870743,2410000.0,
0.8214285714285714,1.3098495146519145,2.157142857142857,1.895172954212474,44110.00000047439,4.441553032391112,2411000.0,
0.8690476190476191,1.4486415162044357,2.3857142857142852,2.0959859824733993,44120.000000474975,4.358434073498641,2412000.0,
0.7738095238095238,1.1059987623716498,1.8214285714285714,1.6002288189542415,44130.00000047556,4.452672246822294,2413000.0,
0.8095238095238095,1.379245515428175,2.2714285714285714,1.9955794683429362,44140.00000047614,4.594359166179405,2414000.0,
0.8214285714285714,1.2794887643123005,2.107142857142857,1.851245104280397,44150.00000047672,4.406910959514035,2415000.0,
0.7976190476190477,1.0843125121290684,1.7857142857142858,1.568851783288472,44160.0000004773,4.29435897049372,2416000.0,
0.8571428571428571,1.214430013584557,2.0,1.7571139972830887,44170.000000477885,4.148498904796425,2417000.0,
0.8452380952380952,1.062626261886487,1.7499999999999996,1.5374747476227024,44180.00000047847,4.02789304229165,2418000.0,
0.8333333333333334,1.392257265573724,2.2928571428571423,2.0144056897423983,44190.00000047905,4.48156300446339,2419000.0,
0.8690476190476191,1.236116263827138,2.0357142857142856,1.7884910329488581,44200.00000047963,4.118268029667485,2420000.0,
0.7857142857142857,1.0105792613042919,1.6642857142857144,1.462169862024856,44210.00000048021,4.268612999300146,2421000.0,
0.8214285714285714,1.2578025140697195,2.0714285714285716,1.819868068614628,44220.000000480795,4.384568278059535,2422000.0,
0.8333333333333334,1.4269552659618538,2.35,2.0646089468076294,44230.00000048138,4.525486319214994,2423000.0,
0.8452380952380952,1.2491280139726868,2.057142857142857,1.80731725434832,44240.00000048196,4.2519232841966454,2424000.0,
0.8095238095238095,1.2708142642152684,2.0928571428571425,1.8386942900140895,44250.00000048254,4.466885267622662,2425000.0,
0.8333333333333334,1.2794887643123007,2.107142857142857,1.851245104280397,44260.00000048312,4.350240802949916,2426000.0,
0.7976190476190477,1.3835827654766917,2.2785714285714285,2.0018548754760905,44270.000000483706,4.67613063140754,2427000.0,
0.7738095238095238,1.0235910114498408,1.6857142857142853,1.4809960834243174,44280.00000048429,4.35540684563157,2428000.0,
0.8452380952380952,1.214430013584557,1.9999999999999996,1.757113997283089,44290.00000048487,4.213689030216487,2429000.0,
0.8690476190476191,1.2404535138756543,2.0428571428571427,1.794766440082012,44300.00000048545,4.128738289997604,2430000.0,
0.8333333333333334,0.9888930110617102,1.6285714285714283,1.4307928263590866,44310.000000486034,4.004383041906516,2431000.0,
0.8214285714285714,1.2317790137786215,2.0285714285714285,1.7822156258157047,44320.000000486616,4.358684596546072,2432000.0,
0.7738095238095238,1.1710575130993939,1.9285714285714282,1.6943599259515498,44330.0000004872,4.549055863148095,2433000.0,
0.8690476190476191,1.413943515816305,2.3285714285714283,2.0457827254081673,44340.00000048778,4.33056240181985,2434000.0,
0.8214285714285714,1.0496145117409381,1.7285714285714284,1.5186485262232408,44350.00000048836,4.138658246239428,2435000.0,
0.8452380952380952,1.2838260143608171,2.1142857142857143,1.857520511413551,44360.000000488944,4.299735002966094,2436000.0,
0.8214285714285714,1.1970810133904917,1.9714285714285718,1.732012368750473,44370.00000048953,4.319342103320111,2437000.0,
0.7857142857142857,1.184069263244943,1.9499999999999997,1.7131861473510117,44380.00000049011,4.499721486619151,2438000.0,
0.8214285714285714,1.374908265379659,2.2642857142857142,1.9893040612097825,44390.00000049069,4.536986873857717,2439000.0,
0.8095238095238095,1.32719851484598,2.1857142857142855,1.9202745827450896,44400.00000049127,4.545359930166995,2440000.0,
0.7619047619047619,1.075638012032036,1.7714285714285711,1.5563009690221643,44410.000000491855,4.499896765859168,2441000.0,
0.8571428571428571,1.4356297660588868,2.364285714285714,2.077159761073937,44420.00000049244,4.420454171572841,2442000.0,
0.8452380952380952,1.4009317656707563,2.3071428571428574,2.026956504008706,44430.00000049302,4.442226314375266,2443000.0,
0.8333333333333334,1.3055122646033983,2.15,1.8888975470793201,44440.0000004936,4.391754717585545,2444000.0,
0.8571428571428571,1.3749082653796587,2.2642857142857142,1.9893040612097825,44450.00000049418,4.351279087447172,2445000.0,
0.9047619047619048,1.4009317656707563,2.307142857142857,2.026956504008706,44460.000000494765,4.15155353053488,2446000.0,
0.8452380952380952,1.1797320131964264,1.942857142857143,1.7069107402178578,44470.00000049535,4.182778719898725,2447000.0,
0.8452380952380952,1.1146732624686826,1.8357142857142852,1.612779633220549,44480.00000049593,4.106371183826497,2448000.0,
0.7857142857142857,1.0366027615953894,1.7071428571428569,1.499822304823779,44490.00000049651,4.318703514823137,2449000.0,
0.9047619047619048,1.36189651523411,2.2428571428571424,1.9704778398103209,44500.00000049709,4.110514569526078,2450000.0,
0.8333333333333334,1.2968377645063658,2.1357142857142857,1.8763467328130123,44510.000000497676,4.385345317469339,2451000.0,
0.7857142857142857,1.0019047612072596,1.65,1.449619047758548,44520.00000049826,4.276360605238351,2452000.0,
0.8690476190476191,1.3055122646033983,2.15,1.8888975470793208,44530.00000049884,4.21620315384944,2453000.0,
0.8333333333333334,1.2187672636330733,2.007142857142857,1.7633894044162428,44540.00000049942,4.293375002135773,2454000.0,
0.7976190476190477,1.0366027615953894,1.7071428571428573,1.4998223048237793,44550.000000500004,4.257827342960314,2455000.0,
0.8928571428571429,1.492014016689598,2.457142857142857,2.1587400538049373,44560.000000500586,4.314253032083425,2456000.0,
0.7976190476190477,1.14069676275978,1.8785714285714283,1.6504320760194726,44570.00000050117,4.389527284718723,2457000.0,
0.8452380952380952,1.3705710153311426,2.2571428571428567,1.9830286540766286,44580.00000050175,4.414757257635934,2458000.0,
0.7857142857142857,1.0886497621775848,1.7928571428571431,1.575127190421626,44590.00000050233,4.391005757988708,2459000.0,
0.7738095238095238,0.9084017599424941,2.007142857142857,1.8254625051543576,44600.000000502914,4.627326925377202,2460000.0,
0.8214285714285714,1.1540904921689334,2.5500000000000003,2.3191819015662127,44610.000000503496,4.280918860094677,2461000.0,
0.6904761904761905,0.866376055745866,1.9142857142857141,1.7410105031365408,44620.00000050408,4.67681704632754,2462000.0,
0.8214285714285714,1.1476249992156062,2.5357142857142856,2.306189285871164,44630.00000050466,4.274207245484896,2463000.0,
0.8214285714285714,0.8631433092692022,1.907142857142857,1.7345141952890166,44640.00000050524,3.928461420042931,2464000.0,
0.7738095238095238,0.9568929570924489,2.114285714285714,1.9229071228672243,44650.000000505825,4.291981667694112,2465000.0,
0.8095238095238095,1.1346940133089514,2.507142857142857,2.2802040544810667,44660.00000050641,4.322854369445674,2466000.0,
0.7976190476190477,1.0635735908223505,2.3499999999999996,2.13728528183553,44670.00000050699,4.2988056960213985,2467000.0,
0.8690476190476191,1.1120647879723056,2.457142857142857,2.234729899548396,44680.00000050757,4.001825235534689,2468000.0,
0.7738095238095238,1.057108097869023,2.335714285714286,2.124292666140481,44690.00000050815,4.423952003467059,2469000.0,
0.8809523809523809,1.1767197175055792,2.599999999999999,2.3646560564988834,44700.000000508735,4.02221967938962,2470000.0,
0.8333333333333334,0.9827549289057583,2.1714285714285717,1.9748775856474197,44710.00000050932,4.019874486177847,2471000.0,
0.8690476190476191,1.0603408443456868,2.3428571428571425,2.1307889739880053,44720.0000005099,3.944499053827474,2472000.0,
0.8214285714285714,0.9989186612890768,2.207142857142857,2.007359124885041,44730.00000051048,4.098970544241343,2473000.0,
0.7976190476190477,0.9277982388024759,2.05,1.8644403522395046,44740.00000051106,4.132758986026575,2474000.0,
0.8571428571428571,1.1637887315989242,2.571428571428571,2.338670825108786,44750.000000511645,4.121639631370618,2475000.0,
0.8690476190476191,1.2737021118054896,2.814285714285714,2.559545291924616,44760.00000051223,4.192202430082717,2476000.0,
0.8571428571428571,1.086202816158996,2.4000000000000004,2.1827594367682,44770.00000051281,4.032233841135211,2477000.0,
0.7976190476190477,0.96659119652244,2.1357142857142857,1.9423960464097973,44780.00000051339,4.1837829927204,2478000.0,
0.9285714285714286,1.1864179569355702,2.621428571428571,2.3841449800414574,44790.000000513974,3.831011645986822,2479000.0,
0.8452380952380952,1.0247806331023863,2.2642857142857147,2.059329587665237,44800.000000514556,4.018047509647704,2480000.0,
0.8095238095238095,1.0797373232056688,2.3857142857142852,2.1697668210731518,44810.00000051514,4.263790222848015,2481000.0,
0.9285714285714286,1.2640038723754987,2.7928571428571427,2.540056368382042,44820.00000051572,3.9161041703068338,2482000.0,
0.8452380952380952,1.0441771119623684,2.3071428571428574,2.0983074347503834,44830.0000005163,4.042685597313133,2483000.0,
0.8333333333333334,1.0474098584390323,2.3142857142857145,2.1048037425979076,44840.000000516884,4.10488897304678,2484000.0,
0.8452380952380952,1.0312461260557135,2.2785714285714285,2.0723222033602857,44850.000000517466,4.028513726663072,2485000.0,
0.8333333333333334,1.0829700696823321,2.3928571428571423,2.176263128920676,44860.00000051805,4.148704083681664,2486000.0,
0.8333333333333334,1.1702542245522518,2.5857142857142854,2.3516634408038355,44870.00000051863,4.2540164980970285,2487000.0,
0.8690476190476191,0.995685914812413,2.1999999999999997,2.0008628170375173,44880.00000051921,3.8788687239540796,2488000.0,
0.8809523809523809,1.0732718302523416,2.3714285714285714,2.156774205378103,44890.000000519794,3.91506261818384,2489000.0,
0.8571428571428571,1.008616900719068,2.2285714285714286,2.0268480484276146,44900.00000052038,3.9489391620112713,2490000.0,
0.8571428571428571,1.1605559851222609,2.5642857142857136,2.332174517261262,44910.00000052096,4.126756982703918,2491000.0,
0.8095238095238095,1.0668063372990144,2.357142857142857,2.1437815896830537,44920.00000052154,4.254287240257818,2492000.0,
0.8690476190476191,1.0926683091123237,2.414285714285714,2.1957520524632494,44930.00000052212,3.993204629724,2493000.0,
0.9523809523809523,1.0797373232056686,2.3857142857142852,2.1697668210731518,44940.000000522705,3.630721689421191,2494000.0,
0.7976190476190477,0.8954707740358391,1.9785714285714282,1.7994772737642606,44950.00000052329,4.104766343633313,2495000.0,
0.8333333333333334,1.0571080978690233,2.335714285714286,2.1242926661404806,44960.00000052387,4.123384003220311,2496000.0,
0.8809523809523809,1.167021478075588,2.5785714285714283,2.3451671329563104,44970.00000052445,4.025805461659129,2497000.0,
0.8095238095238095,0.8114193656425834,1.7928571428571425,1.6305732697286255,44980.00000052503,3.9423386282118447,2498000.0,
0.8690476190476191,1.0021514077657403,2.214285714285714,2.013855432732566,44990.000000525615,3.8923358665308623,2499000.0,
0.8095238095238095,1.0118496471957314,2.2357142857142853,2.033344356275139,45000.0000005262,4.191105446601096,2500000.0,
0.8214285714285714,1.1152975344489693,2.464285714285714,2.24122620739592,45010.00000052678,4.256881056494911,2501000.0,
0.8928571428571429,1.1152975344489693,2.4642857142857144,2.2412262073959206,45020.00000052736,3.916863905308682,2502000.0,
0.8095238095238095,1.0506426049156958,2.321428571428571,2.1113000504454322,45030.00000052794,4.240790864961154,2503000.0,
0.8214285714285714,0.8825397881291844,1.9499999999999997,1.773492042374163,45040.000000528526,3.975262930540492,2504000.0,
0.8214285714285714,1.1961161963655615,2.6428571428571423,2.4036339035840304,45050.00000052911,4.357587833321042,2505000.0,
0.8333333333333334,1.1799524639822432,2.6071428571428568,2.371152364346408,45060.00000052969,4.276511528270793,2506000.0,
0.8333333333333334,0.8599105627925386,1.9,1.7280178874414924,45070.00000053027,3.8930326754146085,2507000.0,
0.8095238095238095,0.9536602106157853,2.1071428571428568,1.9164108150197,45080.000000530854,4.123930260237906,2508000.0,
0.8095238095238095,1.02801337957905,2.2714285714285714,2.065825895512761,45090.000000531436,4.2163665277807985,2509000.0,
0.9047619047619048,0.9827549289057584,2.1714285714285717,1.9748775856474197,45100.00000053202,3.723042289901843,2510000.0,
0.9047619047619048,1.3900809849653821,3.0714285714285707,2.793412374435494,45110.0000005326,4.1737710887046156,2511000.0,
0.9047619047619048,1.1896507034122341,2.6285714285714286,2.3906412878889816,45120.00000053318,3.952769198566956,2512000.0,
0.8095238095238095,1.118530280925633,2.4714285714285715,2.247722515243445,45130.000000533764,4.330534464738479,2513000.0,
0.8452380952380952,1.0603408443456868,2.3428571428571425,2.1307889739880053,45140.000000534346,4.079273675063427,2514000.0,
0.8571428571428571,1.0700390837756777,2.3642857142857143,2.150277897530578,45150.00000053493,4.034487264467013,2515000.0,
0.8333333333333334,1.0377116190090407,2.2928571428571427,2.085314819055334,45160.00000053551,4.111536800017569,2516000.0,
0.8690476190476191,1.238141900562189,2.7357142857142853,2.488085905601847,45170.00000053609,4.173749584269816,2517000.0,
0.7976190476190477,1.1249957738789604,2.4857142857142853,2.260715130938493,45180.000000536675,4.406260373288174,2518000.0,
0.8452380952380952,1.0829700696823328,2.3928571428571432,2.176263128920676,45190.00000053726,4.10886318109568,2519000.0,
0.9166666666666666,1.4399670161074027,2.3714285714285714,2.083435168207091,45200.00000053784,3.7786316070867056,2520000.0,
0.8928571428571429,1.3271985148459797,2.1857142857142855,1.92027458274509,45210.00000053842,4.164326336687258,2521000.0,
0.8571428571428571,1.3228612647974634,2.1785714285714284,1.913999175611936,45220.000000539,4.333335364548212,2522000.0,
0.8809523809523809,1.5527355173688262,2.557142857142857,2.246595753669092,45230.000000539585,4.47769707383065,2523000.0,
0.8214285714285714,1.4703277664470167,2.4214285714285713,2.127363018139168,45240.00000054017,4.702425107044035,2524000.0,
0.7857142857142857,1.171057513099394,1.9285714285714282,1.6943599259515498,45250.00000054075,4.535888350073339,2525000.0,
0.8452380952380952,1.3358730149430122,2.1999999999999993,1.9328253970113978,45260.00000054133,4.412015961404318,2526000.0,
0.8333333333333334,1.2144300135845567,1.9999999999999996,1.7571139972830887,45270.00000054191,4.329884587794267,2527000.0,
0.8809523809523809,1.3402102649915284,2.2071428571428573,1.9391008041445512,45280.000000542495,4.2391548954565765,2528000.0,
0.7976190476190477,1.331535764894496,2.192857142857143,1.9265499898782434,45290.00000054308,4.671773197845347,2529000.0,
0.7976190476190477,1.249128013972687,2.057142857142857,1.80731725434832,45300.00000054366,4.569053032510577,2530000.0,
0.7976190476190477,1.2925005144578496,2.1285714285714286,1.8700713256798582,45310.00000054424,4.624027510730816,2531000.0,
0.8095238095238095,1.0973242622746173,1.8071428571428574,1.5876780046879337,45320.000000544824,4.315515265229051,2532000.0,
0.8452380952380952,1.3141867647004308,2.1642857142857146,1.901448361345628,45330.000000545406,4.390302651258396,2533000.0,
0.8333333333333334,1.4573160163014678,2.4,2.1085367967397066,45340.00000054599,4.625347791054793,2534000.0,
0.8214285714285714,1.2187672636330729,2.007142857142857,1.7633894044162426,45350.00000054657,4.402554349995547,2535000.0,
0.7976190476190477,1.266477014166752,2.0857142857142854,1.8324188828809356,45360.00000054715,4.594386107380957,2536000.0,
0.8333333333333334,1.2708142642152684,2.092857142857143,1.838694290014089,45370.000000547734,4.403259974265739,2537000.0,
0.8095238095238095,1.0582890118379706,1.7428571428571422,1.5311993404895485,45380.000000548316,4.2708246617486925,2538000.0,
0.8571428571428571,1.2317790137786218,2.028571428571429,1.7822156258157043,45390.0000005489,4.236517182804557,2539000.0,
0.9047619047619048,1.2838260143608171,2.1142857142857143,1.8575205114135505,45400.00000054948,4.071594542247827,2540000.0,
0.8690476190476191,1.2404535138756545,2.042857142857143,1.794766440082012,45410.00000055006,4.189560207809365,2541000.0,
0.7976190476190477,1.3922572655737238,2.292857142857143,2.0144056897423983,45420.000000550644,4.755662840488414,2542000.0,
0.8928571428571429,1.3879200155252076,2.2857142857142856,2.0081302826092444,45430.00000055123,4.244067750782008,2543000.0,
0.7976190476190477,1.0756380120320361,1.7714285714285711,1.5563009690221639,45440.00000055181,4.359901388286963,2544000.0,
0.8333333333333334,1.331535764894496,2.192857142857143,1.9265499898782434,45450.00000055239,4.480697203652507,2545000.0,
0.7976190476190477,1.262139764118236,2.0785714285714283,1.8261434757477812,45460.00000055297,4.594918510305552,2546000.0,
0.8333333333333334,1.014916511352808,1.6714285714285713,1.4684452691580094,45470.000000553555,4.1018969565454055,2547000.0,
0.8571428571428571,1.1797320131964264,1.9428571428571424,1.7069107402178574,45480.00000055414,4.18079568212562,2548000.0,
0.7976190476190477,1.0843125121290684,1.7857142857142854,1.568851783288472,45490.00000055472,4.373761955572969,2549000.0,
0.8095238095238095,1.1710575130993939,1.928571428571428,1.6943599259515498,45500.0000005553,4.417185751542626,2550000.0,
0.8571428571428571,1.3575592651855939,2.2357142857142853,1.964202432677167,45510.00000055588,4.389927476113079,2551000.0,
0.8452380952380952,1.218767263633073,2.007142857142857,1.7633894044162428,45520.000000556465,4.288116199292004,2552000.0,
0.8214285714285714,1.3228612647974636,2.1785714285714284,1.913999175611936,45530.00000055705,4.539712264457151,2553000.0,
0.8690476190476191,1.32719851484598,2.1857142857142855,1.92027458274509,45540.00000055763,4.2964996609811115,2554000.0,
0.7976190476190477,1.123347762565715,1.85,1.6253304474868573,45550.00000055821,4.4262837620907645,2555000.0,
0.7976190476190477,1.1580457629538452,1.907142857142857,1.6755337045520886,45560.00000055879,4.470382747652036,2556000.0,
0.8690476190476191,1.4356297660588866,2.3642857142857134,2.077159761073937,45570.000000559376,4.422913703472771,2557000.0,
0.8571428571428571,1.2014182634390078,1.9785714285714284,1.7382877758836273,45580.00000055996,4.211651862964511,2558000.0,
0.8809523809523809,1.1927437633419753,1.9642857142857142,1.7257369616173195,45590.00000056054,4.088517244936438,2559000.0,
0.8928571428571429,1.3098495146519147,2.1571428571428575,1.8951729542124742,45600.00000056112,4.1656954564711155,2560000.0,
0.7142857142857143,1.0886497621775848,1.7928571428571431,1.575127190421626,45610.000000561704,4.898106333791537,2561000.0,
0.8095238095238095,1.205755513487524,1.9857142857142855,1.744563183016781,45620.000000562286,4.467106810846023,2562000.0,
0.8333333333333334,1.1363595127112638,1.8714285714285717,1.6441566688863187,45630.00000056287,4.2567714153189415,2563000.0,
0.7857142857142857,1.1190105125171987,1.842857142857143,1.6190550403537034,45640.00000056345,4.493283076606466,2564000.0,
0.8333333333333334,1.1797320131964266,1.942857142857143,1.7069107402178578,45650.00000056403,4.309961273044061,2565000.0,
0.8214285714285714,1.5440610172717935,2.5428571428571427,2.234044939402785,45660.000000564614,4.8165351515277885,2566000.0,
0.7976190476190477,1.1493712628568127,1.8928571428571428,1.6629828902857804,45670.0000005652,4.466074419172558,2567000.0,
0.7976190476190477,1.171057513099394,1.9285714285714286,1.6943599259515498,45680.00000056578,4.493860165745381,2568000.0,
0.7857142857142857,1.1710575130993939,1.9285714285714282,1.6943599259515498,45690.00000056636,4.562555016741559,2569000.0,
0.8809523809523809,1.3185240147489474,2.1714285714285713,1.9077237684787822,45700.00000056694,4.237240773560914,2570000.0,
0.8095238095238095,1.0366027615953897,1.7071428571428569,1.499822304823779,45710.000000567525,4.263447529097222,2571000.0,
0.7857142857142857,1.3011750145548822,2.142857142857143,1.8826221399461662,45720.00000056811,4.729977291321377,2572000.0,
0.8928571428571429,1.3705710153311426,2.2571428571428567,1.9830286540766286,45730.00000056869,4.240636870565587,2573000.0,
0.8809523809523809,1.314186764700431,2.164285714285714,1.9014483613456281,45740.00000056927,4.2344795708032645,2574000.0,
0.8214285714285714,1.2404535138756545,2.0428571428571423,1.794766440082012,45750.00000056985,4.452143408263227,2575000.0,
0.8214285714285714,1.318524014748947,2.1714285714285713,1.9077237684787818,45760.000000570435,4.547765467297414,2576000.0,
0.8333333333333334,1.2274417637301056,2.021428571428571,1.7759402186825504,45770.00000057102,4.374070116542018,2577000.0,
0.7738095238095238,1.1840692632449428,1.9499999999999997,1.7131861473510117,45780.0000005716,4.6551018171875365,2578000.0,
0.8452380952380952,1.1190105125171987,1.842857142857143,1.6190550403537034,45790.00000057218,4.185305395155799,2579000.0,
0.75,0.8469795768858839,1.871428571428571,1.702032656051395,45800.00000057276,4.740539667815326,2580000.0,
0.8333333333333334,1.0344788725323772,2.2857142857142856,2.0788185112078104,45810.000000573345,4.14480036139059,2581000.0,
0.8452380952380952,0.9924531683357497,2.192857142857143,1.9943665091899927,45820.00000057393,4.037265720349676,2582000.0,
0.8333333333333334,1.1249957738789602,2.4857142857142853,2.260715130938493,45830.00000057451,4.2545635001494135,2583000.0,
0.8928571428571429,1.1088320414956416,2.45,2.2282335917008718,45840.00000057509,3.953355886536834,2584000.0,
0.8928571428571429,1.1443922527389423,2.528571428571428,2.2996929780236397,45850.000000575674,3.9937166564626954,2585000.0,
0.8333333333333334,1.0215478866257224,2.257142857142857,2.0528332798177127,45860.000000576256,4.1321403211599135,2586000.0,
0.8333333333333334,1.238141900562189,2.7357142857142853,2.488085905601847,45870.00000057684,4.392624566455136,2587000.0,
0.8333333333333334,1.0829700696823328,2.392857142857143,2.176263128920676,45880.00000057742,4.206989797970771,2588000.0,
0.7857142857142857,0.8502123233625476,1.8785714285714283,1.708528963898919,45890.000000578,4.166327805562035,2589000.0,
0.8452380952380952,1.0344788725323777,2.2857142857142856,2.0788185112078104,45900.000000578584,4.091493314047357,2590000.0,
0.8095238095238095,1.0959010555889872,2.4214285714285717,2.2022483603107736,45910.000000579166,4.348463068737058,2591000.0,
0.8571428571428571,0.9892204218590858,2.1857142857142855,1.9878702013424685,45920.00000057975,3.982976603344591,2592000.0,
0.8333333333333334,0.9536602106157855,2.107142857142857,1.9164108150196992,45930.00000058033,4.0546751099482226,2593000.0,
0.8214285714285714,1.008616900719068,2.228571428571428,2.026848048427615,45940.00000058091,4.180922024131212,2594000.0,
0.8452380952380952,0.947194717662458,2.092857142857143,1.9034181993246515,45950.000000581495,3.9910444547647996,2595000.0,
0.8928571428571429,1.08943556263566,2.407142857142857,2.189255744615725,45960.00000058208,3.9380318302140274,2596000.0,
0.8690476190476191,1.1993489428422253,2.65,2.410130211431554,45970.00000058266,4.172946728813779,2597000.0,
0.8809523809523809,1.086202816158996,2.4,2.1827594367682,45980.00000058324,3.988659953540769,2598000.0,
0.7857142857142857,0.9698239429991039,2.142857142857143,1.9488923542573222,45990.00000058382,4.3246213820695205,2599000.0,
0.8928571428571429,1.3157278160021173,2.9071428571428566,2.643997293942433,46000.000000584405,4.1936124873179175,2600000.0,
0.9047619047619048,1.047409858439032,2.3142857142857145,2.104803742597908,46010.00000058499,3.842397738336144,2601000.0,
0.7857142857142857,1.057108097869023,2.3357142857142854,2.1242926661404806,46020.00000058557,4.437528488267705,2602000.0,
0.8452380952380952,1.1734869710289157,2.592857142857143,2.3581597486513592,46030.00000058615,4.263277543254954,2603000.0,
0.8333333333333334,1.057108097869023,2.3357142857142854,2.1242926661404806,46040.00000058673,4.185098288938189,2604000.0,
0.8214285714285714,1.066806337299014,2.3571428571428568,2.143781589683054,46050.000000587315,4.258138149823111,2605000.0,
0.9166666666666666,1.0571080978690233,2.3357142857142854,2.124292666140481,46060.0000005879,3.8056737691646476,2606000.0,
0.8571428571428571,1.0409443654857047,2.2999999999999994,2.091811126902859,46070.00000058848,4.051654537576131,2607000.0,
0.8571428571428571,1.0959010555889872,2.4214285714285713,2.2022483603107736,46080.00000058906,4.116326231585548,2608000.0,
0.8452380952380952,1.0797373232056688,2.3857142857142852,2.1697668210731513,46090.00000058964,4.155742748647367,2609000.0,
0.8214285714285714,1.0732718302523416,2.371428571428571,2.156774205378103,46100.000000590226,4.268907735447622,2610000.0,
0.7738095238095238,1.02801337957905,2.271428571428571,2.0658258955127615,46110.00000059081,4.473737290605103,2611000.0,
0.8571428571428571,0.9180999993724848,2.0285714285714285,1.8449514286969315,46120.00000059139,3.9111138882219803,2612000.0,
0.8333333333333334,0.9245654923258121,2.0428571428571427,1.8579440443919804,46130.00000059197,4.031190019429491,2613000.0,
0.8095238095238095,1.0377116190090407,2.2928571428571423,2.0853148190553346,46140.000000592554,4.290111411786146,2614000.0,
0.8690476190476191,1.1637887315989246,2.571428571428571,2.338670825108786,46150.000000593136,4.141891143274117,2615000.0,
0.8809523809523809,1.1476249992156062,2.535714285714285,2.3061892858711643,46160.00000059372,4.068112161335326,2616000.0,
0.8214285714285714,1.0571080978690233,2.335714285714286,2.1242926661404806,46170.0000005943,4.253288119213094,2617000.0,
0.8214285714285714,0.9924531683357494,2.1928571428571426,1.9943665091899927,46180.00000059488,4.175157480361026,2618000.0,
0.7976190476190477,0.9827549289057584,2.1714285714285713,1.9748775856474192,46190.000000595464,4.2882270751163265,2619000.0,
0.8809523809523809,1.108832041495642,2.4499999999999997,2.228233591700871,46200.00000059605,4.02623907419387,2620000.0,
0.8452380952380952,1.0926683091123235,2.414285714285714,2.1957520524632494,46210.00000059663,4.177801943241549,2621000.0,
0.9047619047619048,0.9504274641391215,2.1,1.909914507172175,46220.00000059721,3.7462593025316235,2622000.0,
0.8095238095238095,1.1443922527389423,2.5285714285714285,2.2996929780236397,46230.00000059779,4.427187488746921,2623000.0,
0.8928571428571429,1.008616900719068,2.228571428571428,2.0268480484276146,46240.000000598375,3.8624482622016467,2624000.0,
0.8452380952380952,1.086202816158996,2.3999999999999995,2.182759436768201,46250.00000059896,4.172406148761688,2625000.0,
0.8333333333333334,1.0021514077657403,2.2142857142857144,2.0138554327325657,46260.00000059954,4.13172168938641,2626000.0,
0.8095238095238095,0.9698239429991039,2.142857142857143,1.9488923542573215,46270.00000060012,4.213897223774317,2627000.0,
0.8690476190476191,0.9277982388024758,2.05,1.8644403522395046,46280.0000006007,3.877463726906014,2628000.0,
0.8928571428571429,1.0603408443456868,2.3428571428571425,2.1307889739880057,46290.000000601285,3.923045745730283,2629000.0,
0.8809523809523809,1.1993489428422253,2.6499999999999995,2.410130211431555,46300.00000060187,4.134393394641658,2630000.0,
0.8928571428571429,1.280167604758817,2.8285714285714283,2.5725379076196644,46310.00000060245,4.170318384059716,2631000.0,
0.8333333333333334,1.137926759785615,2.514285714285714,2.286700362328591,46320.00000060303,4.2980806832390295,2632000.0,
0.7857142857142857,1.037711619009041,2.2928571428571423,2.0853148190553346,46330.00000060361,4.4316299394167,2633000.0,
0.8571428571428571,1.086202816158996,2.4,2.1827594367682,46340.000000604196,4.11945606336251,2634000.0,
0.8690476190476191,1.053875351392359,2.3285714285714283,2.117796358292956,46350.00000060478,4.026374377009666,2635000.0,
0.8690476190476191,1.1993489428422253,2.65,2.4101302114315546,46360.00000060536,4.194316591828722,2636000.0,
0.8452380952380952,1.0862028161589958,2.3999999999999995,2.1827594367682,46370.00000060594,4.179166712142363,2637000.0,
0.7976190476190477,1.08943556263566,2.407142857142857,2.189255744615725,46380.000000606524,4.43331921292761,2638000.0,
0.8214285714285714,1.0926683091123235,2.414285714285714,2.1957520524632494,46390.000000607106,4.3093324343506065,2639000.0,
0.8809523809523809,1.5483982673203094,2.55,2.2403203465359374,46400.00000060769,4.088424342526343,2640000.0,
0.8809523809523809,1.2491280139726866,2.0571428571428574,1.8073172543483191,46410.00000060827,4.196845313222528,2641000.0,
0.8452380952380952,1.3575592651855939,2.2357142857142853,1.964202432677167,46420.00000060885,4.503025046202163,2642000.0,
0.7857142857142857,1.1884065132934591,1.9571428571428566,1.7194615544841656,46430.000000609434,4.6294840472941905,2643000.0,
0.8333333333333334,1.110336012420166,1.828571428571428,1.6065042260873956,46440.000000610016,4.271828929258033,2644000.0,
0.7976190476190477,1.3965945156222404,2.2999999999999994,2.020681096875552,46450.0000006106,4.822593124134909,2645000.0,
0.8333333333333334,1.3011750145548822,2.142857142857143,1.8826221399461665,46460.00000061118,4.501978588962616,2646000.0,
0.8095238095238095,1.1146732624686824,1.8357142857142852,1.612779633220549,46470.00000061176,4.404593441943304,2647000.0,
0.8452380952380952,1.1276850126142317,1.8571428571428568,1.6316058546200107,46480.000000612345,4.234441423441876,2648000.0,
0.7261904761904762,1.1233477625657151,1.8499999999999996,1.6253304474868573,46490.00000061293,4.92329527967705,2649000.0,
0.8214285714285714,1.218767263633073,2.007142857142857,1.7633894044162428,46500.00000061351,4.4692210166660935,2650000.0,
0.8809523809523809,1.5006885167866308,2.4714285714285715,2.1712908680712455,46510.00000061409,4.487805883984617,2651000.0,
0.9047619047619048,1.5483982673203094,2.55,2.2403203465359383,46520.00000061467,4.4229638744696445,2652000.0,
0.8095238095238095,1.171057513099394,1.9285714285714286,1.6943599259515498,46530.000000615255,4.477773986840271,2653000.0,
0.8452380952380952,1.2794887643123007,2.107142857142857,1.8512451042803972,46540.00000061584,4.417420509958097,2654000.0,
0.8809523809523809,1.2621397641182357,2.0785714285714287,1.8261434757477817,46550.00000061642,4.219182975550348,2655000.0,
0.8690476190476191,1.2621397641182357,2.0785714285714287,1.8261434757477812,46560.000000617,4.277527947818193,2656000.0,
0.8452380952380952,1.4226180159133377,2.3428571428571425,2.058333539674475,46570.00000061758,4.588446666781958,2657000.0,
0.8809523809523809,1.2925005144578496,2.1285714285714286,1.8700713256798587,46580.000000618165,4.255268151611626,2658000.0,
0.8333333333333334,1.2968377645063658,2.135714285714286,1.8763467328130123,46590.00000061875,4.504202460333399,2659000.0,
0.7976190476190477,1.0799752620805523,1.7785714285714282,1.5625763761553182,46600.00000061933,4.434592865963762,2660000.0,
0.8333333333333334,1.331535764894496,2.192857142857142,1.9265499898782434,46610.00000061991,4.5469829179420795,2661000.0,
0.7976190476190477,1.301175014554882,2.1428571428571423,1.8826221399461665,46620.000000620494,4.713111958618214,2662000.0,
0.75,1.1840692632449425,1.9500000000000002,1.7131861473510113,46630.000000621076,4.856851081228378,2663000.0,
0.8333333333333334,1.266477014166752,2.085714285714286,1.8324188828809351,46640.00000062166,4.470626702783173,2664000.0,
0.7857142857142857,1.0062420112557755,1.6571428571428566,1.4558944548917017,46650.00000062224,4.410971650762158,2665000.0,
0.8333333333333334,1.4269552659618543,2.3500000000000005,2.064608946807629,46660.00000062282,4.66434346208022,2666000.0,
0.8352941176470589,1.3072981910939638,2.152941176470588,1.8914815382517955,46670.000000623404,4.476058397856463,2667000.0,
0.8,1.2301461667015332,2.0258823529411765,1.7798531196008696,46680.000000623986,4.577679767271391,2668000.0,
0.8705882352941177,1.2644359553203914,2.0823529411764707,1.8294657501123925,46690.00000062457,4.246444002798105,2669000.0,
0.8352941176470589,1.1058456829581729,1.8211764705882354,1.6000073339966006,46700.00000062515,4.2365730007925855,2670000.0,
0.9294117647058824,1.504464475652398,2.4776470588235293,2.17675416369305,46710.00000062573,4.236952916902342,2671000.0,
0.8235294117647058,1.195856378082675,1.9694117647058824,1.730240489089347,46720.000000626314,4.4075370305980135,2672000.0,
0.8235294117647058,1.3115844146713211,2.1599999999999997,1.8976831170657356,46730.0000006269,4.548635360741403,2673000.0,
0.8352941176470589,1.2558635081656766,2.0682352941176467,1.8170625924845123,46740.00000062748,4.418425326745362,2674000.0,
0.8,1.1315630244223163,1.8635294117647057,1.6372168068802428,46750.00000062806,4.4585684864814334,2675000.0,
0.8235294117647058,1.3458742032901791,2.216470588235294,1.9472957475772579,46760.00000062864,4.591987246921544,2676000.0,
0.9058823529411765,1.2858670732071777,2.1176470588235294,1.8604736441820944,46770.000000629225,4.108811704252667,2677000.0,
0.8470588235294118,1.341587979712822,2.209411764705882,1.9410941687633183,46780.00000062981,4.460483031672741,2678000.0,
0.8470588235294118,1.285867073207178,2.1176470588235294,1.860473644182094,46790.00000063039,4.3952569614925,2679000.0,
0.8588235294117647,1.3887364390637518,2.2870588235294114,2.0093115357166615,46800.00000063097,4.455375305825632,2680000.0,
0.8470588235294118,1.1572803658864599,1.9058823529411761,1.6744262797638847,46810.00000063155,4.244564320905606,2681000.0,
0.8470588235294118,1.393022662641109,2.2941176470588234,2.015513114530602,46820.000000632135,4.523426754574321,2682000.0,
0.8,1.273008402475106,2.096470588235294,1.841868907740273,46830.00000063272,4.640081091400636,2683000.0,
0.788235294117647,1.0158349878336703,1.6729411764705877,1.4697741789038543,46840.0000006333,4.383668268219753,2684000.0,
0.788235294117647,1.2344323902788907,2.032941176470588,1.7860546984148107,46850.00000063388,4.6615903459488,2685000.0,
0.8235294117647058,1.2344323902788905,2.0329411764705876,1.7860546984148102,46860.00000063446,4.462379331122455,2686000.0,
0.8117647058823529,1.1529941423091026,1.8988235294117648,1.6682247009499442,46870.000000635046,4.427308726103511,2687000.0,
0.8,1.2044288252373898,1.9835294117647058,1.742643646717228,46880.00000063563,4.557297796324249,2688000.0,
0.8823529411764706,1.4144537805278954,2.3294117647058825,2.0465210086003034,46890.00000063621,4.3705116179965895,2689000.0,
0.8705882352941177,1.2687221788977485,2.0894117647058823,1.8356673289263326,46900.00000063679,4.262718719070055,2690000.0,
0.8235294117647058,1.3373017561354645,2.2023529411764704,1.9348925899493776,46910.000000637374,4.590149275377033,2691000.0,
0.788235294117647,1.3072981910939638,2.1529411764705877,1.8914815382517955,46920.000000637956,4.758211138027866,2692000.0,
0.8235294117647058,1.1529941423091032,1.898823529411765,1.6682247009499447,46930.00000063854,4.367490030016517,2693000.0,
0.8235294117647058,1.2730084024751058,2.096470588235294,1.8418689077402726,46940.00000063912,4.513793060218126,2694000.0,
0.7411764705882353,0.9301105162865253,1.531764705882353,1.3457426026250479,46950.0000006397,4.553320537924472,2695000.0,
0.8352941176470589,1.2687221788977487,2.089411764705882,1.835667328926333,46960.000000640284,4.446213876214057,2696000.0,
0.8470588235294118,1.4530297927241105,2.392941176470588,2.102335217925766,46970.000000640866,4.602601838700573,2697000.0,
0.9058823529411765,1.6030476179316144,2.6399999999999997,2.3193904764136772,46980.00000064145,4.4698551627153424,2698000.0,
0.8941176470588236,1.2301461667015334,2.0258823529411765,1.77985311960087,46990.00000064203,4.112134528612194,2699000.0,
0.8352941176470589,1.1277341003062522,2.491764705882353,2.266217885821103,47000.00000064261,4.740956879485961,2700000.0,
0.788235294117647,0.9967508195341377,2.20235294117647,2.003002777269643,47010.000000643195,4.369606263661235,2701000.0,
0.8588235294117647,1.1628759561231607,2.5694117647058823,2.3368365734812504,47020.00000064378,4.20444186678592,2702000.0,
0.8470588235294118,1.0446715320117406,2.3082352941176474,2.0993009877152984,47030.00000064436,4.123845558693107,2703000.0,
0.8470588235294118,1.0862028161589963,2.4000000000000004,2.1827594367682006,47040.00000064494,4.173431102478094,2704000.0,
0.8823529411764706,1.332195806877357,2.9435294117647057,2.677090250389234,47050.00000064552,4.28581924785981,2705000.0,
0.8705882352941177,1.1564865277928136,2.5552941176470583,2.3239968120884957,47060.000000646105,4.142448038747323,2706000.0,
0.8352941176470589,1.1820442411142016,2.611764705882353,2.375355857659512,47070.00000064669,4.348641697177777,2707000.0,
0.8588235294117647,1.1469023852972933,2.534117647058823,2.304737169999364,47080.00000064727,4.189130174728592,2708000.0,
0.8823529411764706,1.0989816728196904,2.428235294117647,2.2084389595537086,47090.00000064785,4.0236432292612445,2709000.0,
0.8588235294117647,1.0830081019938225,2.3929411764705875,2.1763395560718237,47100.00000064843,4.115828611978041,2710000.0,
0.8705882352941177,1.0989816728196904,2.428235294117647,2.2084389595537086,47110.000000649015,4.079097867494568,2711000.0,
0.8,0.9328565362306673,2.061176470588235,1.8746051633421015,47120.0000006496,4.231950082125491,2712000.0,
0.9176470588235294,1.1724600986186813,2.590588235294118,2.356096215570381,47130.00000065018,3.951011645993807,2713000.0,
0.8235294117647058,1.0382821036813934,2.294117647058824,2.0864612263225446,47140.00000065076,4.240196840254997,2714000.0,
0.8117647058823529,0.868962252927197,1.9200000000000002,1.7462075494145606,47150.000000651344,4.09364625367747,2715000.0,
0.8470588235294118,1.1117605294803845,2.4564705882352937,2.2341184823392166,47160.000000651926,4.21027006959401,2716000.0,
0.8470588235294118,1.2139913827659368,2.6823529411764704,2.439554664623283,47170.00000065251,4.331514826945042,2717000.0,
0.8352941176470589,1.134123528636599,2.505882352941176,2.2790576472138566,47180.00000065309,4.297469013226078,2718000.0,
0.8235294117647058,0.9296618220654941,2.0541176470588236,1.8681852826457246,47190.00000065367,4.111157926864427,2719000.0,
0.7647058823529411,1.0127243903600054,2.237647058823529,2.035102180751528,47200.000000654254,4.536636510546858,2720000.0,
0.8235294117647058,0.8593781104316763,1.8988235294117648,1.726947907325429,47210.000000654836,4.026956277023431,2721000.0,
0.8470588235294118,1.08939753032417,2.4070588235294115,2.1891793174645775,47220.00000065542,4.1872026400347835,2722000.0,
0.8352941176470589,1.0766186736634757,2.378823529411765,2.1634997946790695,47230.000000656,4.231442074173912,2723000.0,
0.8588235294117647,1.114955243645558,2.4635294117647057,2.2405383630355935,47240.00000065658,4.160698571435987,2724000.0,
0.8235294117647058,0.9456353928913614,2.0894117647058823,1.9002846861276101,47250.000000657164,4.133982977153181,2725000.0,
0.7764705882352941,0.9041041087441057,1.997647058823529,1.8168262370747084,47260.00000065775,4.331646200730428,2726000.0,
0.8470588235294118,0.9168829654047997,2.025882352941176,1.8425057598602166,47270.00000065833,3.9863173897829105,2727000.0,
0.8705882352941177,1.1660706702883343,2.5764705882352943,2.343256454177627,47280.00000065891,4.165348742965843,2728000.0,
0.8352941176470589,1.0255032470206993,2.2658823529411762,2.0607817035370366,47290.00000065949,4.173627831010221,2729000.0,
0.8235294117647058,0.9807772487082701,2.1670588235294117,1.9709033737877573,47300.000000660075,4.17951237350245,2730000.0,
0.8941176470588236,1.2044072402704165,2.661176470588235,2.4202950225341517,47310.00000066066,4.100189676683636,2731000.0,
0.8588235294117647,1.1021763869848638,2.4352941176470577,2.214858840250086,47320.00000066124,4.150202642447763,2732000.0,
0.8235294117647058,1.015919104525179,2.244705882352941,2.0415220614479055,47330.00000066182,4.223898912708797,2733000.0,
0.8,1.0734239594983022,2.3717647058823523,2.1570799139826926,47340.0000006624,4.420600537681376,2734000.0,
0.8352941176470589,1.1053711011500373,2.44235294117647,2.221278720946463,47350.000000662985,4.272624557784978,2735000.0,
0.8941176470588236,1.0255032470206993,2.2658823529411762,2.0607817035370366,47360.00000066357,3.902731263180816,2736000.0,
0.8,1.0255032470206995,2.2658823529411762,2.0607817035370366,47370.00000066415,4.362464352966829,2737000.0,
0.8470588235294118,0.8497939679361557,1.877647058823529,1.7076882652362984,47380.00000066473,3.9132262122161166,2738000.0,
0.8470588235294118,1.108565815315211,2.4494117647058826,2.2276986016428397,47390.00000066531,4.219276309816424,2739000.0,
0.8117647058823529,0.9488301070565347,2.0964705882352943,1.906704566823987,47400.000000665896,4.206526943547788,2740000.0,
0.8,0.961608963717229,2.1247058823529406,1.9323840896094955,47410.00000066648,4.284949440014098,2741000.0,
0.9058823529411765,1.166070670288334,2.576470588235294,2.343256454177627,47420.00000066706,4.0103351555779865,2742000.0,
0.788235294117647,0.9520248212217086,2.103529411764706,1.9131244475203644,47430.00000066764,4.337938952370807,2743000.0,
0.8823529411764706,1.3226116643818364,2.92235294117647,2.657830608300103,47440.000000668224,4.29575721969943,2744000.0,
0.8352941176470589,0.9935561053689641,2.1952941176470584,1.9965828965732655,47450.000000668806,4.144395337484021,2745000.0,
0.7647058823529411,0.955219535386882,2.110588235294117,1.9195443282167406,47460.00000066939,4.4774378540444735,2746000.0,
0.8235294117647058,1.1053711011500373,2.44235294117647,2.221278720946463,47470.00000066997,4.340519194325163,2747000.0,
0.8588235294117647,1.1117605294803845,2.4564705882352937,2.2341184823392166,47480.00000067055,4.170129383710181,2748000.0,
0.8823529411764706,1.0766186736634755,2.378823529411764,2.16349979467907,47490.000000671134,4.019631830218777,2749000.0,
0.8117647058823529,1.067034531167955,2.3576470588235297,2.1442401525899384,47500.00000067172,4.357938190641904,2750000.0,
0.7647058823529411,0.9488301070565347,2.096470588235294,1.906704566823987,47510.0000006723,4.47215937084343,2751000.0,
0.8470588235294118,0.9552195353868819,2.110588235294117,1.9195443282167408,47520.00000067288,4.045464729345899,2752000.0,
0.8823529411764706,1.1820442411142016,2.6117647058823525,2.3753558576595126,47530.00000067346,4.141247473329724,2753000.0,
0.8235294117647058,1.1373182428017727,2.512941176470588,2.2854775279102335,47540.000000674045,4.3833121520453595,2754000.0,
0.8941176470588236,1.159681241957987,2.5623529411764703,2.330416692784873,47550.00000067463,4.062798757519154,2755000.0,
0.7764705882352941,1.0255032470206995,2.2658823529411762,2.060781703537036,47560.00000067521,4.506175393966494,2756000.0,
0.8823529411764706,1.0255032470206993,2.265882352941176,2.0607817035370366,47570.00000067579,3.9659676800238786,2757000.0,
0.8,0.8881305379182383,1.96235294117647,1.7847268335928232,47580.00000067637,4.203101407765941,2758000.0,
0.8588235294117647,1.1117605294803843,2.456470588235294,2.234118482339217,47590.000000676955,4.176156780970805,2759000.0,
0.8705882352941177,1.7787827846032624,2.929411764705882,2.5736552077852295,47600.00000067754,4.366126245696409,2760000.0,
0.8705882352941177,1.530181817116541,2.52,2.2139636365766915,47610.00000067812,4.601422357566848,2761000.0,
0.8470588235294118,1.195856378082675,1.9694117647058818,1.7302404890893472,47620.0000006787,4.335105446417646,2762000.0,
0.8,1.2387186138562478,2.0399999999999996,1.7922562772287507,47630.00000067928,4.644277679159213,2763000.0,
0.9058823529411765,1.440171121992039,2.3717647058823523,2.0837304814839452,47640.000000679865,4.324342147719105,2764000.0,
0.7411764705882353,1.191570154505318,1.9623529411764706,1.724038910275407,47650.00000068045,4.950527986317493,2765000.0,
0.8235294117647058,1.1529941423091026,1.8988235294117644,1.668224700949944,47660.00000068103,4.409204315733231,2766000.0,
0.8352941176470589,1.2858670732071777,2.1176470588235294,1.8604736441820944,47670.00000068161,4.506739453910773,2767000.0,
0.788235294117647,1.0972732358034585,1.8070588235294114,1.5876041763687203,47680.000000682194,4.537134702214194,2768000.0,
0.8235294117647058,1.3715915447543228,2.2588235294117647,1.9845052204609,47690.000000682776,4.676358304416812,2769000.0,
0.7764705882352941,1.075842117916672,1.7717647058823525,1.5565962822990187,47700.00000068336,4.579490606484527,2770000.0,
0.8235294117647058,1.1744252601958887,1.9341176470588233,1.6992325950196459,47710.00000068394,4.438084958881637,2771000.0,
0.8352941176470589,1.2215737195468188,2.011764705882353,1.7674499619729893,47720.00000068452,4.432585438965437,2772000.0,
0.7764705882352941,1.2301461667015334,2.0258823529411765,1.7798531196008696,47730.000000685104,4.780033699616653,2773000.0,
0.788235294117647,1.1101319065355302,1.8282352941176465,1.6062089128105417,47740.000000685686,4.557030030755091,2774000.0,
0.788235294117647,1.1101319065355302,1.8282352941176467,1.606208912810541,47750.00000068627,4.5576270456804995,2775000.0,
0.8470588235294118,1.4487435691467534,2.385882352941176,2.0961336391118257,47760.00000068685,4.641430602535412,2776000.0,
0.788235294117647,1.191570154505318,1.9623529411764704,1.724038910275407,47770.00000068743,4.662138255791493,2777000.0,
0.7764705882352941,1.127276800844959,1.8564705882352943,1.6310152280663022,47780.000000688015,4.650580728437907,2778000.0,
0.788235294117647,1.1829977073506035,1.948235294117647,1.7116357526475263,47790.0000006886,4.652456792983343,2779000.0,
0.8,1.1701390366185316,1.927058823529412,1.6930310162057052,47800.00000068918,4.56855320761265,2780000.0,
0.8117647058823529,1.1487079187317453,1.8917647058823523,1.662023122136004,47810.00000068976,4.476521349236026,2781000.0,
0.8823529411764706,1.3330155325581072,2.1952941176470584,1.9286910111354372,47820.00000069034,4.327814936967051,2782000.0,
0.8117647058823529,1.1915701545053181,1.9623529411764706,1.7240389102754072,47830.000000690925,4.530482074464406,2783000.0,
0.9058823529411765,1.3201568618260358,2.1741176470588233,1.9100862746936167,47840.00000069151,4.202248483900095,2784000.0,
0.8235294117647058,1.2730084024751056,2.096470588235294,1.841868907740273,47850.00000069209,4.565793060221152,2785000.0,
0.8470588235294118,1.285867073207178,2.117647058823529,1.860473644182094,47860.00000069267,4.454701405940404,2786000.0,
0.788235294117647,0.8829620569355954,1.4541176470588233,1.2775252356717044,47870.00000069325,4.27659066932279,2787000.0,
0.8588235294117647,1.2515772845883195,2.061176470588235,1.8108610136705712,47880.000000693835,4.3548475232206965,2788000.0,
0.8117647058823529,1.1658528130411747,1.92,1.6868294373917656,47890.00000069442,4.502279552371099,2789000.0,
0.8,1.2987257439392494,2.1388235294117646,1.8790783806239146,47900.000000695,4.735168944705066,2790000.0,
0.788235294117647,1.290153296784535,2.124705882352941,1.8666752229960342,47910.00000069558,4.795564630325315,2791000.0,
0.8705882352941177,1.140135471577031,1.877647058823529,1.6496199645081235,47920.00000069616,4.170152906610278,2792000.0,
0.8705882352941177,1.3115844146713214,2.1599999999999997,1.897683117065736,47930.000000696746,4.367628043948346,2793000.0,
0.8470588235294118,1.2730084024751058,2.096470588235294,1.8418689077402732,47940.00000069733,4.4439654752152995,2794000.0,
0.8705882352941177,1.3630190975996084,2.244705882352941,1.97210206283302,47950.00000069791,4.4277895040687385,2795000.0,
0.8470588235294118,1.2815808496298207,2.1105882352941174,1.8542720653681537,47960.00000069849,4.455196836439681,2796000.0,
0.9058823529411765,1.405881333373181,2.315294117647059,2.0341178509724225,47970.000000699074,4.3036326408031815,2797000.0,
0.8705882352941177,1.418740004105253,2.336470588235294,2.0527225874142436,47980.000000699656,4.493414869649641,2798000.0,
0.7764705882352941,1.2001426016600323,1.9764705882352942,1.736442067903288,47990.00000070024,4.7571503203974554,2799000.0,
0.8235294117647058,1.20442882523739,1.9835294117647058,1.7426436467172284,48000.00000070082,4.491089287861568,2800000.0,
0.8470588235294118,1.3072981910939643,2.1529411764705877,1.8914815382517953,48010.0000007014,4.488335364557234,2801000.0,
0.8352941176470589,1.3801639919090374,2.2729411764705882,1.9969083780887806,48020.000000701984,4.6393484410902035,2802000.0,
0.8117647058823529,1.2472910610109622,2.054117647058823,1.8046594348566312,48030.00000070257,4.610717973783627,2803000.0,
0.8235294117647058,1.2044288252373894,1.9835294117647055,1.7426436467172284,48040.00000070315,4.493375002147414,2804000.0,
0.8117647058823529,1.1915701545053181,1.96235294117647,1.724038910275407,48050.00000070373,4.543235697653555,2805000.0,
0.8588235294117647,1.358732874022251,2.237647058823529,1.9659004840190797,48060.00000070431,4.489480743795025,2806000.0,
0.8823529411764706,1.2472910610109622,2.0541176470588227,1.804659434856631,48070.000000704895,4.243993869214396,2807000.0,
0.8588235294117647,1.3287293089807504,2.188235294117647,1.922489432321497,48080.00000070548,4.455640976281014,2808000.0,
0.8117647058823529,1.2044288252373898,1.9835294117647055,1.7426436467172277,48090.00000070606,4.561394929714937,2809000.0,
0.8352941176470589,1.1487079187317455,1.8917647058823528,1.6620231221360036,48100.00000070664,4.366760184469764,2810000.0,
0.8823529411764706,1.2387186138562478,2.0399999999999996,1.7922562772287507,48110.00000070722,4.236411762439177,2811000.0,
0.7764705882352941,1.1701390366185318,1.927058823529412,1.6930310162057056,48120.000000707805,4.726388153299011,2812000.0,
0.8,1.2644359553203912,2.0823529411764707,1.8294657501123919,48130.00000070839,4.705836120696987,2813000.0,
0.8705882352941177,1.4401711219920392,2.371764705882353,2.0837304814839457,48140.00000070897,4.526680342898479,2814000.0,
0.8588235294117647,1.2687221788977485,2.089411764705882,1.8356673289263326,48150.00000070955,4.3896052768695215,2815000.0,
0.8941176470588236,1.405881333373181,2.3152941176470585,2.0341178509724225,48160.00000071013,4.37025938607749,2816000.0,
0.8117647058823529,1.2515772845883195,2.0611764705882356,1.8108610136705716,48170.000000710716,4.624114046306932,2817000.0,
0.8705882352941177,1.1658528130411747,1.9199999999999995,1.6868294373917654,48180.0000007113,4.213747150184775,2818000.0,
0.8823529411764706,1.4315986748373242,2.3576470588235297,2.0713273238560648,48190.00000071188,4.459275831551312,2819000.0,
0.9176470588235294,1.022308532855526,2.2588235294117642,2.0543618228406593,48200.00000071246,4.2228856578114815,2820000.0,
0.8,1.1117605294803845,2.456470588235294,2.234118482339217,48210.000000713044,4.519697720750194,2821000.0,
0.8,1.1117605294803845,2.4564705882352937,2.234118482339217,48220.000000713626,4.520285956044346,2822000.0,
0.7764705882352941,1.0638398170027819,2.3505882352941176,2.1378202718935615,48230.00000071421,4.596154309854873,2823000.0,
0.9176470588235294,1.0957869586545168,2.421176470588235,2.2020190788573317,48240.00000071479,3.924380660138736,2824000.0,
0.8352941176470589,1.1852389552793756,2.6188235294117646,2.3817757383558895,48250.00000071537,4.418945228224461,2825000.0,
0.9058823529411765,1.245938524417672,2.752941176470588,2.5037534715870535,48260.000000715954,4.142137332216808,2826000.0,
0.8470588235294118,1.0893975303241696,2.407058823529412,2.1891793174645775,48270.000000716536,4.245535973371513,2827000.0,
0.8705882352941177,1.1373182428017727,2.512941176470588,2.2854775279102335,48280.00000071712,4.1863763600452355,2828000.0,
0.8823529411764706,1.1021763869848638,2.4352941176470586,2.2148588402500855,48290.0000007177,4.091263905318834,2829000.0,
0.8823529411764706,1.1245393861410784,2.484705882352941,2.2597980051247255,48300.00000071828,4.117141971029242,2830000.0,
0.9058823529411765,1.054255674507261,2.3294117647058825,2.1185606298044295,48310.000000718865,3.933136783614558,2831000.0,
0.8588235294117647,1.0734239594983022,2.3717647058823528,2.1570799139826926,48320.00000071945,4.1715183090761885,2832000.0,
0.7764705882352941,1.0063349620296584,2.223529411764706,2.0222624193587744,48330.00000072003,4.528155632995899,2833000.0,
0.8235294117647058,0.955219535386882,2.110588235294118,1.9195443282167401,48340.00000072061,4.207906578758511,2834000.0,
0.8235294117647058,0.8945199662485852,1.9764705882352942,1.7975665949855772,48350.00000072119,4.134771387662041,2835000.0,
0.8352941176470589,1.0063349620296582,2.2235294117647055,2.0222624193587744,48360.000000721775,4.2109615743343145,2836000.0,
0.8470588235294118,1.041476817846567,2.301176470588235,2.0928811070189215,48370.00000072236,4.194518465585777,2837000.0,
0.8705882352941177,1.1181499578107317,2.4705882352941173,2.246958243731971,48380.00000072294,4.169764140799085,2838000.0,
0.8117647058823529,1.1053711011500376,2.4423529411764706,2.221278720946463,48390.00000072352,4.456758602941676,2839000.0,
0.788235294117647,1.0318926753510465,2.2799999999999994,2.0736214649297904,48400.0000007241,4.497174289702443,2840000.0,
0.8,0.9232723937351469,2.0399999999999996,1.8553455212529701,48410.000000724685,4.295852256951685,2841000.0,
0.8470588235294118,1.012724390360005,2.237647058823529,2.0351021807515286,48420.00000072527,4.163352405358747,2842000.0,
0.9411764705882353,1.146902385297293,2.5341176470588236,2.304737169999364,48430.00000072585,3.89008128444377,2843000.0,
0.8470588235294118,1.0925922444893432,2.4141176470588235,2.195599198160955,48440.00000072643,4.258751955372613,2844000.0,
0.8588235294117647,1.1564865277928138,2.5552941176470583,2.3239968120884957,48450.000000727014,4.275358285857885,2845000.0,
0.8,1.0127243903600056,2.237647058823529,2.0351021807515277,48460.000000727596,4.410608429203517,2846000.0,
0.8588235294117647,1.0925922444893432,2.414117647058823,2.195599198160955,48470.00000072818,4.202056723107331,2847000.0,
0.7294117647058823,0.9456353928913617,2.0894117647058823,1.90028468612761,48480.00000072876,4.746754974209824,2848000.0,
0.8705882352941177,0.9711931062127497,2.1458823529411757,1.9516437316986261,48490.00000072934,4.006908297747695,2849000.0,
0.8470588235294118,0.9871666770386173,2.181176470588235,1.9837431351805115,48500.000000729924,4.13762454935459,2850000.0,
0.8352941176470589,0.9168829654047996,2.025882352941176,1.842505759860216,48510.000000730506,4.1123218600656095,2851000.0,
0.8352941176470589,1.0670345311679552,2.3576470588235297,2.1442401525899384,48520.00000073109,4.29264415710604,2852000.0,
0.9176470588235294,1.0734239594983022,2.371764705882353,2.1570799139826917,48530.00000073167,3.9148825200334696,2853000.0,
0.8352941176470589,1.1788495269490284,2.6047058823529414,2.368935976963135,48540.00000073225,4.427633940787672,2854000.0,
0.8352941176470589,1.2171860969311104,2.6894117647058815,2.44597454531966,48550.000000732834,4.4740932147099155,2855000.0,
0.7764705882352941,0.9296618220654939,2.0541176470588236,1.8681852826457241,48560.00000073342,4.443349316376197,2856000.0,
0.8705882352941177,1.0766186736634755,2.378823529411765,2.163499794679069,48570.000000734,4.132329557657564,2857000.0,
0.8470588235294118,0.9360512503958407,2.0682352941176467,1.8810250440384784,48580.00000073458,4.08172439290157,2858000.0,
0.8705882352941177,1.079813387828649,2.385882352941176,2.169919675375447,48590.00000073516,4.137080242847352,2859000.0,
0.7764705882352941,1.009529676194832,2.230588235294117,2.028682300055151,48600.000000735745,4.548633673967152,2860000.0,
0.8705882352941177,1.0063349620296584,2.2235294117647055,2.022262419358774,48610.00000073633,4.053760429429657,2861000.0,
0.8235294117647058,1.086202816158996,2.4,2.1827594367682006,48620.00000073691,4.382957705411294,2862000.0,
0.8235294117647058,1.0893975303241696,2.4070588235294115,2.1891793174645775,48630.00000073749,4.387408429754752,2863000.0,
0.8235294117647058,1.1053711011500373,2.4423529411764706,2.221278720946463,48640.00000073807,4.4073763371861965,2864000.0,
0.788235294117647,0.9200776795699733,2.0329411764705885,1.8489256405565935,48650.000000738655,4.370244817443742,2865000.0,
0.8352941176470589,0.9871666770386173,2.181176470588235,1.9837431351805117,48660.00000073924,4.204915035965742,2866000.0,
0.8352941176470589,0.9711931062127493,2.1458823529411757,1.9516437316986266,48670.00000073982,4.186355127230582,2867000.0,
0.8235294117647058,1.2395490960873252,2.7388235294117647,2.4909137101942993,48680.0000007404,4.572592473895893,2868000.0,
0.8,1.067034531167955,2.357647058823529,2.144240152589938,48690.00000074098,4.492025516978948,2869000.0,
0.8352941176470589,1.0255032470206993,2.2658823529411762,2.0607817035370366,48700.000000741566,4.253064450733155,2870000.0,
0.7647058823529411,0.9711931062127496,2.145882352941176,1.9516437316986261,48710.00000074215,4.575249446667394,2871000.0,
0.8117647058823529,1.0063349620296584,2.223529411764705,2.0222624193587735,48720.00000074273,4.353887996780003,2872000.0,
0.8470588235294118,1.1021763869848638,2.4352941176470586,2.2148588402500855,48730.00000074331,4.286177679152987,2873000.0,
0.8705882352941177,1.2171860969311106,2.689411764705882,2.4459745453196597,48740.000000743894,4.30298132762768,2874000.0,
0.8941176470588236,1.0127243903600054,2.237647058823529,2.0351021807515277,48750.000000744476,3.961597015604035,2875000.0,
0.8588235294117647,1.0606451028376083,2.3435294117647056,2.1314003911971837,48760.00000074506,4.180748407486373,2876000.0,
0.9176470588235294,1.009529676194832,2.2305882352941175,2.0286823000551513,48770.00000074564,3.8575618266906613,2877000.0,
0.9058823529411765,1.172460098618681,2.590588235294117,2.356096215570381,48780.00000074622,4.088037771271442,2878000.0,
0.8823529411764706,0.9967508195341377,2.20235294117647,2.003002777269643,48790.000000746804,3.9984482622095636,2879000.0,
0.7764705882352941,1.2944395203618921,2.131764705882353,1.8728768018099746,48800.00000074739,4.503153221595789,2880000.0,
0.8588235294117647,1.3715915447543228,2.2588235294117647,1.9845052204609002,48810.00000074797,4.545549059033392,2881000.0,
0.788235294117647,0.8658171626261659,1.4258823529411764,1.252718920415943,48820.00000074855,4.3115561019186055,2882000.0,
0.8705882352941177,1.5087506992297552,2.484705882352941,2.1829557425069908,48830.00000074913,4.642751478916947,2883000.0,
0.7529411764705882,1.1315630244223165,1.8635294117647059,1.6372168068802426,48840.000000749715,4.8678540168941264,2884000.0,
0.8470588235294118,1.3115844146713211,2.1599999999999997,1.897683117065736,48850.0000007503,4.540062156283219,2885000.0,
0.8,1.2001426016600325,1.9764705882352942,1.7364420679032877,48860.00000075088,4.668410605094627,2886000.0,
0.8352941176470589,1.3801639919090374,2.272941176470588,1.9969083780887806,48870.00000075146,4.687235765036653,2887000.0,
0.8588235294117647,1.4058813333731808,2.3152941176470585,2.0341178509724225,48880.00000075204,4.589311141672012,2888000.0,
0.8588235294117647,1.2987257439392494,2.138823529411765,1.8790783806239146,48890.000000752625,4.465088880002397,2889000.0,
0.8470588235294118,1.3201568618260358,2.1741176470588237,1.910086274693616,48900.00000075321,4.5529601841743625,2890000.0,
0.7764705882352941,1.2344323902788907,2.032941176470588,1.78605469841481,48910.00000075379,4.857068987561352,2891000.0,
0.8705882352941177,1.3458742032901796,2.216470588235294,1.9472957475772583,48920.00000075437,4.460528476824473,2892000.0,
0.8235294117647058,1.0972732358034587,1.8070588235294114,1.5876041763687205,48930.00000075495,4.41411464355203,2893000.0,
0.8235294117647058,1.2858670732071777,2.117647058823529,1.860473644182094,48940.000000755535,4.643692874685151,2894000.0,
0.8117647058823529,1.1187043536902446,1.84235294117647,1.6186120704384217,48950.00000075612,4.50564739230469,2895000.0,
0.7411764705882353,1.0672696707619576,1.7576470588235296,1.544193124671138,48960.0000007567,4.865995587620977,2896000.0,
0.8,1.2730084024751058,2.0964705882352943,1.8418689077402732,48970.00000075728,4.765963444349139,2897000.0,
0.9058823529411765,1.427312451259967,2.3505882352941176,2.0651257450421245,48980.000000757864,4.379757900811129,2898000.0,
0.788235294117647,1.453029792724111,2.392941176470588,2.1023352179257664,48990.000000758446,5.066676602789724,2899000.0,
0.8705882352941177,1.2258599431241763,2.0188235294117645,1.7736515407869295,49000.00000075903,4.326998583390803,2900000.0,
0.8705882352941177,1.3715915447543228,2.2588235294117642,1.9845052204609006,49010.00000075961,4.494933531209245,2901000.0,
0.8235294117647058,1.2601497317430344,2.0752941176470587,1.8232641712984519,49020.00000076019,4.617036102907528,2902000.0,
0.8117647058823529,1.0887007886487439,1.7929411764705883,1.5752010187408396,49030.000000760774,4.473324160007459,2903000.0,
0.8470588235294118,1.1615665894638172,1.9129411764705886,1.680627858577825,49040.000000761356,4.373513334858308,2904000.0,
0.8823529411764706,1.2215737195468188,2.0117647058823525,1.7674499619729895,49050.00000076194,4.267114215558076,2905000.0,
0.8588235294117647,1.354446650444894,2.2305882352941175,1.959698905205139,49060.00000076252,4.539284456071156,2906000.0,
0.8235294117647058,1.2601497317430344,2.0752941176470587,1.8232641712984519,49070.0000007631,4.619893245764838,2907000.0,
0.8117647058823529,1.2601497317430341,2.0752941176470587,1.8232641712984523,49080.000000763685,4.6874279304861,2908000.0,
0.8235294117647058,1.1272768008449594,1.8564705882352943,1.6310152280663026,49090.00000076427,4.4596904011029554,2909000.0,
0.8235294117647058,1.461602239878825,2.407058823529412,2.1147383755536464,49100.00000076485,4.866228434215541,2910000.0,
0.8588235294117647,1.3201568618260355,2.1741176470588233,1.9100862746936162,49110.00000076543,4.502097715898672,2911000.0,
0.7764705882352941,1.2858670732071777,2.117647058823529,1.8604736441820937,49120.00000076601,4.936037897393976,2912000.0,
0.8470588235294118,1.4144537805278956,2.3294117647058825,2.0465210086003034,49130.000000766595,4.677060713198136,2913000.0,
0.8117647058823529,1.1144181301128875,1.8352941176470587,1.6124104916244812,49140.00000076718,4.511381754565108,2914000.0,
0.8235294117647058,1.058697223607243,1.7435294117647053,1.5317899670432573,49150.00000076776,4.379843771600214,2915000.0,
0.8235294117647058,1.1529941423091026,1.8988235294117648,1.6682247009499442,49160.00000076834,4.494918601452506,2916000.0,
0.788235294117647,1.0501247764525283,1.7294117647058824,1.5193868094153766,49170.00000076892,4.566274716475656,2917000.0,
0.8235294117647058,1.170139036618532,1.9270588235294115,1.6930310162057052,49180.000000769505,4.516880258828308,2918000.0,
0.8705882352941177,1.2772946260524631,2.103529411764706,1.8480704865542132,49190.00000077009,4.396349232700919,2919000.0,
0.8235294117647058,1.0329798821430998,1.7011764705882355,1.4945804941596155,49200.00000077067,4.351472714108207,2920000.0,
0.788235294117647,1.144421695154388,1.884705882352941,1.6558215433220635,49210.00000077125,4.688293195425914,2921000.0,
0.8588235294117647,1.4530297927241107,2.392941176470588,2.102335217925766,49220.00000077183,4.662840169684453,2922000.0,
0.9058823529411765,1.4187400041052527,2.336470588235293,2.052722587414244,49230.000000772416,4.383281822783953,2923000.0,
0.8823529411764706,1.3244430854033928,2.181176470588235,1.916287853507557,49240.000000773,4.393832830196115,2924000.0,
0.8,1.3115844146713211,2.16,1.8976831170657356,49250.00000077358,4.830654047830661,2925000.0,
0.8235294117647058,1.3287293089807504,2.1882352941176473,1.9224894323214972,49260.00000077416,4.714025589554125,2926000.0,
0.8823529411764706,1.2515772845883195,2.0611764705882356,1.810861013670571,49270.000000774744,4.312851589272459,2927000.0,
0.8470588235294118,1.2172874959694617,2.004705882352941,1.7612483831590489,49280.000000775326,4.452628293928247,2928000.0,
0.8705882352941177,1.3501604268675367,2.223529411764706,1.9534973263911986,49290.00000077591,4.485451841745575,2929000.0,
0.8352941176470589,1.195856378082675,1.9694117647058824,1.7302404890893472,49300.00000077649,4.490811156936079,2930000.0,
0.8235294117647058,1.2858670732071773,2.117647058823529,1.8604736441820944,49310.00000077707,4.664835731829238,2931000.0,
0.8470588235294118,1.2987257439392494,2.1388235294117646,1.8790783806239153,49320.000000777654,4.550992892226044,2932000.0,
0.8,1.1272768008449592,1.8564705882352939,1.6310152280663022,49330.00000077824,4.604975412900924,2933000.0,
0.8255813953488372,1.1650055362875107,1.9186046511627903,1.6856035439052883,49340.00000077882,4.472539100368584,2934000.0,
0.7906976744186046,1.1014597797627375,1.8139534883720925,1.5936615324195456,49350.0000007794,4.590078545074137,2935000.0,
0.8372093023255814,1.2582059791905118,2.0720930232558135,1.820451827417712,49360.00000077998,4.522854364108782,2936000.0,
0.8837209302325582,1.4149521786182857,2.330232558139535,2.0472421224158777,49370.000000780565,4.462706412718726,2937000.0,
0.7906976744186046,1.1311144661409651,1.8627906976744184,1.6365678044462257,49380.00000078115,4.629347707258469,2938000.0,
0.6976744186046512,0.9955501855547819,1.6395348837209303,1.4404248466099736,49390.00000078173,5.0529519327194405,2939000.0,
0.7906976744186046,1.0009485253558192,2.211627906976744,2.0114382019055803,49400.00000078231,4.898413151431601,2940000.0,
0.813953488372093,0.956742596791209,2.113953488372093,1.922604969013851,49410.00000078289,4.284566618992912,2941000.0,
0.8837209302325582,1.0514695865725165,2.3232558139534882,2.1129618966389843,49420.000000783475,4.05402874277235,2942000.0,
0.813953488372093,0.994633392703732,2.1976744186046506,1.9987477400639049,49430.00000078406,4.332261025399792,2943000.0,
0.7790697674418605,1.0609422855506476,2.3441860465116275,2.1319975894014984,49440.00000078464,4.61195278451974,2944000.0,
0.813953488372093,1.0198939233120807,2.253488372093024,2.0495095874306073,49450.00000078522,4.364438248718687,2945000.0,
0.9069767441860465,1.1809298059403042,2.609302325581395,2.373116364393334,49460.0000007858,4.094868760465867,2946000.0,
0.8953488372093024,1.1209360457454756,2.476744186046511,2.2525569768974165,49470.000000786385,4.081562336877725,2947000.0,
0.8604651162790697,1.0483120202464729,2.316279069767442,2.1066166657181467,49480.00000078697,4.16317072630639,2948000.0,
0.8023255813953488,1.026209055964168,2.2674418604651154,2.062200049272282,49490.00000078755,4.437880852440535,2949000.0,
0.8255813953488372,1.026209055964168,2.267441860465116,2.062200049272282,49500.00000078813,4.313433504484497,2950000.0,
0.8023255813953488,1.2030327702226091,2.6581395348837207,2.4175329808391983,49510.000000788714,4.659429249922138,2951000.0,
0.9186046511627907,1.180929805940304,2.609302325581395,2.373116364393334,49520.000000789296,4.04607295337154,2952000.0,
0.9302325581395349,1.2819719283736992,2.832558139534884,2.576163753860144,49530.00000078988,4.104617323070324,2953000.0,
0.8255813953488372,0.9756879947474706,2.1558139534883716,1.960676354538878,49540.00000079046,4.254492500757361,2954000.0,
0.8488372093023255,1.2535538314393067,2.769767441860465,2.519056675572604,49550.00000079104,4.465827801496888,2955000.0,
0.7674418604651163,1.08936038248504,2.4069767441860463,2.189104667689038,49560.000000791624,4.7261332257455795,2956000.0,
0.8023255813953488,1.0293666222902118,2.2744186046511623,2.06854528019312,49570.000000792206,4.446454051050077,2957000.0,
0.872093023255814,1.0798876835069091,2.386046511627907,2.1700689749265254,49580.00000079279,4.149201877161247,2958000.0,
0.8604651162790697,1.1904025049184348,2.630232558139535,2.392152057155848,49590.00000079337,4.334248857141719,2959000.0,
0.8372093023255814,0.9756879947474704,2.1558139534883716,1.960676354538878,49600.00000079395,4.198735660469258,2960000.0,
0.8488372093023255,1.0672574182027346,2.3581395348837204,2.144688051243174,49610.000000794535,4.24964298590331,2961000.0,
0.7906976744186046,1.048312020246473,2.316279069767442,2.106616665718147,49620.00000079512,4.538744613922139,2962000.0,
0.9069767441860465,1.1588268416579988,2.5604651162790693,2.328699747947469,49630.0000007957,4.079216774206397,2963000.0,
0.8953488372093024,0.9914758263776882,2.190697674418604,1.9924025091430668,49640.00000079628,3.9458015723895405,2964000.0,
0.8372093023255814,1.117778479419432,2.4697674418604647,2.246211745976579,49650.00000079686,4.37123262827204,2965000.0,
0.872093023255814,1.1746146732882172,2.5953488372093023,2.3604259025516585,49660.000000797445,4.262088825444064,2966000.0,
0.7441860465116279,1.0293666222902116,2.2744186046511627,2.06854528019312,49670.00000079803,4.8000832737887285,2967000.0,
0.8372093023255814,1.0704149845287785,2.3651162790697673,2.1510332821640112,49680.00000079861,4.31632623159719,2968000.0,
0.8488372093023255,1.0451544539204294,2.3093023255813954,2.1002714347973095,49690.00000079919,4.227987438940849,2969000.0,
0.8837209302325582,1.1083057804413017,2.4488372093023254,2.2271760532140648,49700.00000079977,4.133080225308938,2970000.0,
0.8604651162790697,1.1588268416579992,2.5604651162790697,2.3286997479474696,49710.000000800355,4.304039302542131,2971000.0,
0.9651162790697675,1.1935600712444783,2.6372093023255814,2.3984972880766855,49720.00000080094,3.873806820874183,2972000.0,
0.813953488372093,0.9914758263776883,2.1906976744186046,1.9924025091430664,49730.00000080152,4.345524586771652,2973000.0,
0.7790697674418605,1.0925179488110834,2.413953488372093,2.1954498986098763,49740.0000008021,4.670393188108805,2974000.0,
0.813953488372093,0.9472698978130782,2.093023255813953,1.9035692762513374,49750.000000802684,4.292357303106625,2975000.0,
0.7906976744186046,0.9283244998568168,2.051162790697674,1.8654978907263104,49760.000000803266,4.395230985194523,2976000.0,
0.8488372093023255,0.9599001631172523,2.120930232558139,1.928950199934689,49770.00000080385,4.131934438816813,2977000.0,
0.8023255813953488,1.0356817549422985,2.288372093023255,2.0812357420347958,49780.00000080443,4.466498998993966,2978000.0,
0.7790697674418605,1.0230514896381244,2.260465116279069,2.0558548183514445,49790.00000080501,4.584212359916822,2979000.0,
0.9186046511627907,1.0293666222902114,2.2744186046511627,2.0685452801931206,49800.000000805594,3.89525733572796,2980000.0,
0.8604651162790697,1.1240936120715195,2.483720930232558,2.258902207818254,49810.000000806176,4.269079062752753,2981000.0,
0.8837209302325582,0.9567425967912088,2.113953488372093,1.922604969013851,49820.00000080676,3.9678903069684117,2982000.0,
0.8953488372093024,0.9599001631172525,2.120930232558139,1.9289501999346894,49830.00000080734,3.9204053770602774,2983000.0,
0.8604651162790697,1.0609422855506476,2.3441860465116275,2.131997589401498,49840.00000080792,4.197308602201563,2984000.0,
0.8372093023255814,1.0925179488110834,2.413953488372093,2.1954498986098763,49850.000000808504,4.3521714389349375,2985000.0,
0.8372093023255814,0.9220093672047295,2.0372093023255813,1.8528074288846348,49860.00000080909,4.149063966460714,2986000.0,
0.8604651162790697,1.1430390100277812,2.5255813953488366,2.2969735933432807,49870.00000080967,4.294339930648056,2987000.0,
0.8488372093023255,0.9725304284214271,2.1488372093023256,1.9543311236180398,49880.00000081025,4.152841326709753,2988000.0,
0.8255813953488372,1.2409235661351325,2.741860465116279,2.493675751889252,49890.00000081083,4.59548206610131,2989000.0,
0.8604651162790697,1.2377659998090889,2.734883720930232,2.4873305209684147,49900.000000811415,4.40604967552913,2990000.0,
0.9302325581395349,1.2156630355267837,2.6860465116279064,2.4429139045225496,49910.000000812,4.052335263260996,2991000.0,
0.872093023255814,1.1114633467673452,2.455813953488372,2.233521284134903,49920.00000081258,4.203541971034271,2992000.0,
0.8488372093023255,0.9441123314870347,2.0860465116279068,1.8972240453305,49930.00000081316,4.122102198814602,2993000.0,
0.8837209302325582,1.2314508671570015,2.720930232558139,2.4746400591267386,49940.00000081374,4.285060191856386,2994000.0,
0.8604651162790697,0.9851606937256013,2.1767441860465113,1.9797120473013914,49950.000000814325,4.115184049540369,2995000.0,
0.8488372093023255,1.2409235661351325,2.741860465116279,2.493675751889252,49960.00000081491,4.473414064290539,2996000.0,
0.9302325581395349,1.2630265304174373,2.7906976744186043,2.538092368335117,49970.00000081549,4.106251020268624,2997000.0,
0.872093023255814,0.9788455610735138,2.162790697674418,1.9670215854597155,49980.00000081607,4.054673576772197,2998000.0,
0.8255813953488372,0.9346396325089039,2.065116279069767,1.878188352567986,49990.00000081665,4.230124061990995,2999000.0,
0.872093023255814,1.6013530644242875,2.6372093023255814,2.316938689440724,50000.000000817236,4.301946215101632,3000000.0,
0.8372093023255814,1.4657887838381043,2.4139534883720932,2.120795731604472,50010.00000081782,4.806911602995508,3001000.0,
0.872093023255814,1.3556428058618308,2.2325581395348832,1.961429578362518,50020.0000008184,4.488867750796257,3002000.0,
0.813953488372093,1.2116057577390111,1.995348837209302,1.7530276856615,50030.00000081898,4.6331127881594165,3003000.0,
0.872093023255814,1.2666787467271479,2.0860465116279068,1.8327107622824774,50040.000000819564,4.387922296321884,3004000.0,
0.8837209302325582,1.5674619942777417,2.581395348837209,2.267902949981661,50050.000000820146,4.671072783072298,3005000.0,
0.7906976744186046,1.0252048719330098,1.688372093023256,1.4833311186366538,50060.00000082073,4.535403220468383,3006000.0,
0.7790697674418605,1.2878606655687392,2.120930232558139,1.863358099444392,50070.00000082131,4.940833093201867,3007000.0,
0.8023255813953488,1.1650055362875107,1.9186046511627903,1.6856035439052888,50080.00000082189,4.645076465599156,3008000.0,
0.7790697674418605,1.1734783038241474,1.9325581395348836,1.6978624787700543,50090.000000822474,4.79520797215664,3009000.0,
0.8372093023255814,1.2920970493370574,2.127906976744186,1.8694875668767748,50100.000000823056,4.604446475675103,3010000.0,
0.872093023255814,1.3259881194836034,2.1837209302325578,1.9185233063358376,50110.00000082364,4.45966371041617,3011000.0,
0.7790697674418605,1.1014597797627375,1.8139534883720927,1.5936615324195458,50120.00000082422,4.704557329331651,3012000.0,
0.8372093023255814,1.3725883409351038,2.26046511627907,1.9859474480920492,50130.0000008248,4.702255518417313,3013000.0,
0.8488372093023255,1.300569816873694,2.141860465116279,1.8817465017415405,50140.000000825385,4.553545263791335,3014000.0,
0.872093023255814,1.2327876765806023,2.0302325581395353,1.7836750228234144,50150.00000082597,4.354927202554186,3015000.0,
0.8604651162790697,1.3090425844103302,2.155813953488372,1.8940054366063064,50160.00000082655,4.502938679255715,3016000.0,
0.7441860465116279,0.936240812798327,1.541860465116279,1.3546123025566137,50170.00000082713,4.706195467285827,3017000.0,
0.8255813953488372,1.2582059791905116,2.0720930232558135,1.8204518274177117,50180.00000082771,4.632753721352438,3018000.0,
0.8255813953488372,1.270915130495466,2.0930232558139537,1.8388402297148607,50190.000000828295,4.648711284904952,3019000.0,
0.8372093023255814,1.2624423629588297,2.0790697674418603,1.8265812948500948,50200.00000082888,4.574581155834767,3020000.0,
0.7558139534883721,1.1226416986043286,1.8488372093023249,1.6243088695814603,50210.00000082946,4.882876709009514,3021000.0,
0.9069767441860465,1.2031329902023749,1.9813953488372094,1.7407687507967347,50220.00000083004,4.158323553372471,3022000.0,
0.7906976744186046,0.9743682667131908,1.6046511627906976,1.4097775094480596,50230.00000083062,4.481109866808606,3023000.0,
0.8023255813953488,1.0802778609211465,1.7790697674418605,1.5630141952576313,50240.000000831205,4.548749218041619,3024000.0,
0.7790697674418605,1.1395872336776014,1.8767441860465117,1.6488267393109917,50250.00000083179,4.761258240327301,3025000.0,
0.8023255813953488,1.1141689310676923,1.8348837209302324,1.6120499347166943,50260.00000083237,4.592149682282309,3026000.0,
0.9186046511627907,1.3090425844103304,2.1558139534883725,1.8940054366063064,50270.00000083295,4.223512180568969,3027000.0,
0.813953488372093,1.1184053148360102,1.8418604651162784,1.6181794021490774,50280.000000833534,4.532895101165134,3028000.0,
0.7790697674418605,1.1056961635310558,1.8209302325581396,1.5997909998519284,50290.000000834116,4.720144329393068,3029000.0,
0.7674418604651163,1.0802778609211463,1.7790697674418605,1.5630141952576313,50300.0000008347,4.759146909770995,3030000.0,
0.8255813953488372,1.2709151304954664,2.0930232558139537,1.8388402297148603,50310.00000083528,4.655471848285628,3031000.0,
0.8372093023255814,1.3852974922400585,2.2813953488372083,2.0043358503891984,50320.00000083586,4.727991449143288,3032000.0,
0.8604651162790697,1.2836242818004209,2.1139534883720925,1.8572286320120093,50330.000000836444,4.482587678925815,3033000.0,
0.9186046511627907,1.4700251676064227,2.420930232558139,2.1269251990368554,50340.000000837026,4.4023033470864394,3034000.0,
0.8953488372093024,1.4742615513747408,2.4279069767441857,2.133054666469238,50350.00000083761,4.5218999145961885,3035000.0,
0.8255813953488372,1.165005536287511,1.9186046511627903,1.6856035439052888,50360.00000083819,4.530003889104324,3036000.0,
0.8488372093023255,1.3344608870202395,2.1976744186046506,1.9307822412006033,50370.00000083877,4.606074469718136,3037000.0,
0.7441860465116279,1.1141689310676923,1.8348837209302324,1.6120499347166943,50380.000000839354,4.958411376211051,3038000.0,
0.8488372093023255,1.3259881194836032,2.1837209302325586,1.9185233063358376,50390.00000083994,4.59718874357915,3039000.0,
0.7790697674418605,1.0972233959944193,1.8069767441860463,1.5875320649871625,50400.00000084052,4.715836000913589,3040000.0,
0.7558139534883721,1.0972233959944189,1.8069767441860465,1.587532064987163,50410.0000008411,4.861554031710965,3041000.0,
0.8023255813953488,1.0845142446894647,1.7860465116279065,1.5691436626900142,50420.00000084168,4.564464131144769,3042000.0,
0.8953488372093024,1.347170038325194,2.218604651162791,1.9491706434977518,50430.000000842265,4.384109393528105,3043000.0,
0.813953488372093,1.2243149090439658,2.016279069767442,1.771416087958649,50440.00000084285,4.67215545976401,3044000.0,
0.9069767441860465,1.1607691525191925,1.911627906976744,1.679474076472906,50450.00000084343,4.1234095784916995,3045000.0,
0.8255813953488372,1.2073693739706928,1.9883720930232556,1.7468982182291177,50460.00000084401,4.58695163615752,3046000.0,
0.8604651162790697,1.4149521786182857,2.330232558139535,2.047242122415878,50470.00000084459,4.642779559011882,3047000.0,
0.8023255813953488,1.1861874551291018,1.9534883720930232,1.7162508810672032,50480.000000845175,4.694665523866837,3048000.0,
0.8837209302325582,1.414952178618286,2.3302325581395347,2.0472421224158777,50490.00000084576,4.521653781143209,3049000.0,
0.872093023255814,1.1311144661409651,1.8627906976744182,1.636567804446226,50500.00000084634,4.257008587917823,3050000.0,
0.7906976744186046,1.0675687096161917,1.7581395348837205,1.5446257929604827,50510.00000084692,4.6154516034221835,3051000.0,
0.7790697674418605,1.169241920055829,1.9255813953488368,1.6917330113376714,50520.0000008475,4.815441867619696,3052000.0,
0.8372093023255814,1.3005698168736939,2.141860465116279,1.8817465017415402,50530.000000848086,4.638455614678588,3053000.0,
0.7674418604651163,1.3386972707885576,2.204651162790697,1.9369117086329866,50540.00000084867,5.1104206862657415,3054000.0,
0.8488372093023255,1.2920970493370578,2.127906976744186,1.8694875668767748,50550.00000084925,4.566029400667292,3055000.0,
0.8488372093023255,1.3768247247034218,2.2674418604651163,1.9920769155244322,50560.00000084983,4.6663935113729025,3056000.0,
0.8372093023255814,1.2285512928122844,2.023255813953489,1.7775455553910313,50570.000000850414,4.5546557109387,3057000.0,
0.8372093023255814,1.2539695954221937,2.0651162790697675,1.814322359985329,50580.000000850996,4.585572016833902,3058000.0,
0.813953488372093,1.2624423629588297,2.0790697674418603,1.8265812948500946,50590.00000085158,4.727569188859913,3059000.0,
0.8604651162790697,0.8778034386401193,1.9395348837209303,1.7639741959929058,50600.00000085216,4.374098150522824,3060000.0,
0.8604651162790697,1.101990647789214,2.434883720930232,2.214485591372389,50610.00000085274,4.286635077237996,3061000.0,
0.8837209302325582,1.070414984528778,2.3651162790697673,2.1510332821640112,50620.000000853324,4.138624850989691,3062000.0,
0.8255813953488372,1.0988330814631704,2.4279069767441857,2.208140360451552,50630.00000085391,4.465062605796853,3063000.0,
0.7674418604651163,0.7041372907077211,1.555813953488372,1.4149864953468279,50640.00000085449,4.289630409191064,3064000.0,
0.8372093023255814,0.956742596791209,2.113953488372093,1.922604969013851,50650.00000085507,4.234439768469341,3065000.0,
0.6976744186046512,0.9030639692484679,1.995348837209302,1.8147360433596083,50660.00000085565,5.00505502268532,3066000.0,
0.8953488372093024,0.9883182600516448,2.1837209302325578,1.9860572782222292,50670.000000856235,3.9957814333791517,3067000.0,
0.8604651162790697,1.0925179488110834,2.413953488372093,2.1954498986098754,50680.00000085682,4.2794100486960645,3068000.0,
0.8372093023255814,1.0451544539204294,2.3093023255813954,2.1002714347973086,50690.0000008574,4.3422650422627065,3069000.0,
0.8837209302325582,1.1209360457454758,2.4767441860465116,2.2525569768974165,50700.00000085798,4.200003946577252,3070000.0,
0.8604651162790697,1.0546271528985605,2.3302325581395347,2.1193071275598223,50710.00000085856,4.2369964210140365,3071000.0,
0.8255813953488372,1.0356817549422987,2.2883720930232556,2.081235742034796,50720.000000859145,4.393639872264825,3072000.0,
0.8372093023255814,1.064099851876691,2.351162790697674,2.138342820322336,50730.00000085973,4.367116489821703,3073000.0,
0.872093023255814,0.9441123314870347,2.086046511627907,1.8972240453304998,50740.00000086031,4.055379473515393,3074000.0,
0.8837209302325582,1.0735725508548217,2.3720930232558137,2.1573785130848497,50750.00000086089,4.149039991832717,3075000.0,
0.813953488372093,0.9946333927037323,2.1976744186046506,1.9987477400639044,50760.00000086147,4.408261025404217,3076000.0,
0.8604651162790697,1.1998752038965659,2.6511627906976742,2.4111877499183607,50770.000000862055,4.409041453255152,3077000.0,
0.8488372093023255,1.0672574182027348,2.358139534883721,2.144688051243173,50780.00000086264,4.313752574948137,3078000.0,
0.8372093023255814,0.918851800878686,2.030232558139535,1.8464621979637972,50790.00000086322,4.196959095574281,3079000.0,
0.8604651162790697,1.1398814437017377,2.5186046511627906,2.290628362422443,50800.0000008638,4.340940596812608,3080000.0,
0.8255813953488372,0.9756879947474703,2.155813953488372,1.960676354538878,50810.000000864384,4.326041796536173,3081000.0,
0.8953488372093024,1.143039010027781,2.5255813953488375,2.2969735933432807,50820.000000864966,4.176378634651654,3082000.0,
0.7674418604651163,1.026209055964168,2.267441860465116,2.062200049272282,50830.00000086555,4.720814830586498,3083000.0,
0.8488372093023255,0.9346396325089038,2.0651162790697675,1.8781883525679859,50840.00000086613,4.160805594541897,3084000.0,
0.8372093023255814,1.1367238773756938,2.5116279069767438,2.2842831315016054,50850.00000086671,4.460528520279234,3085000.0,
0.7906976744186046,1.08936038248504,2.4069767441860463,2.189104667689038,50860.000000867294,4.663599895581043,3086000.0,
0.872093023255814,1.174614673288217,2.5953488372093023,2.360425902551659,50870.000000867876,4.326622158781153,3087000.0,
0.8488372093023255,1.1809298059403042,2.609302325581395,2.373116364393334,50880.00000086846,4.453147442694086,3088000.0,
0.8488372093023255,1.1177784794194323,2.4697674418604647,2.246211745976578,50890.00000086904,4.379297934738023,3089000.0,
0.8604651162790697,0.915694234552642,2.0232558139534884,1.8401169670429596,50900.00000086962,4.0858041105045135,3090000.0,
0.872093023255814,1.079887683506909,2.386046511627907,2.1700689749265254,50910.000000870205,4.220135210498711,3091000.0,
0.9069767441860465,1.0072636580079062,2.2255813953488377,2.0241286637472555,50920.00000087079,3.978262494801172,3092000.0,
0.8953488372093024,1.196717637570522,2.644186046511628,2.4048425189975235,50930.00000087137,4.242045673206216,3093000.0,
0.8953488372093024,1.0672574182027348,2.358139534883721,2.1446880512431736,50940.00000087195,4.097973220405861,3094000.0,
0.8953488372093024,1.1367238773756938,2.5116279069767433,2.2842831315016054,50950.00000087253,4.1760786163653005,3095000.0,
0.8372093023255814,0.9441123314870346,2.0860465116279068,1.8972240453305,50960.000000873115,4.236575840468136,3096000.0,
0.7906976744186046,1.0009485253558192,2.211627906976744,2.01143820190558,50970.0000008737,4.55825548803564,3097000.0,
0.813953488372093,0.9914758263776886,2.190697674418604,1.9924025091430668,50980.00000087428,4.416953158204381,3098000.0,
0.8023255813953488,1.0830452498329528,2.3930232558139535,2.1764142058473626,50990.00000087486,4.595676688282055,3099000.0,
0.9069767441860465,1.1240936120715193,2.4837209302325576,2.258902207818254,51000.00000087544,4.111177572358727,3100000.0,
0.8372093023255814,1.032524188616255,2.2813953488372087,2.074890511113958,51010.000000876025,4.344956669817088,3101000.0,
0.8488372093023255,1.1619844079840425,2.5674418604651166,2.3350449788683076,51020.00000087661,4.438499439622772,3102000.0,
0.8372093023255814,1.4019594487633555,3.09767441860465,2.817282528851979,51030.00000087719,4.787337674992856,3103000.0,
0.7558139534883721,0.8904337039442933,1.9674418604651158,1.789355119676258,51040.00000087777,4.626724593000748,3104000.0,
0.8488372093023255,1.048312020246473,2.3162790697674414,2.106616665718147,51050.00000087835,4.306227859548471,3105000.0,
0.8953488372093024,1.3261778569383094,2.9302325581395348,2.664996986751873,51060.000000878936,4.393390853279723,3106000.0,
0.9186046511627907,1.0767301171808654,2.37906976744186,2.1637237440056873,51070.00000087952,4.01112139346077,3107000.0,
0.8372093023255814,1.0009485253558192,2.2116279069767444,2.01143820190558,51080.0000008801,4.311130183145128,3108000.0,
0.8372093023255814,0.994633392703732,2.197674418604651,1.9987477400639044,51090.00000088068,4.304142663588499,3109000.0,
0.7558139534883721,1.019893923312081,2.2534883720930226,2.049509587430607,51100.000000881264,4.8017027293952665,3110000.0,
0.8488372093023255,1.3356505559164402,2.951162790697674,2.6840326795143863,51110.000000881846,4.648023942666707,3111000.0,
0.7674418604651163,0.9093791019005549,2.009302325581395,1.827426505201284,51120.00000088243,4.586157617716753,3112000.0,
0.7906976744186046,0.9377971988349474,2.072093023255814,1.8845335834888242,51130.00000088301,4.487799398612732,3113000.0,
0.8372093023255814,1.0672574182027346,2.358139534883721,2.1446880512431736,51140.00000088359,4.393665805156914,3114000.0,
0.813953488372093,1.0072636580079064,2.2255813953488373,2.0241286637472555,51150.000000884174,4.446063922779214,3115000.0,
0.7906976744186046,0.9125366682265982,2.016279069767442,1.833771736122122,51160.00000088476,4.457616962843453,3116000.0,
0.8488372093023255,0.985160693725601,2.1767441860465118,1.9797120473013912,51170.00000088534,4.238405748853032,3117000.0,
0.8488372093023255,1.0609422855506474,2.3441860465116275,2.131997589401498,51180.00000088592,4.328230637852434,3118000.0,
0.8023255813953488,1.0388393212683422,2.295348837209302,2.0875809729556334,51190.0000008865,4.552173646883358,3119000.0,
0.8372093023255814,1.4573160163014682,2.4,2.1085367967397057,51200.000000887085,4.419628363827087,3120000.0,
0.8023255813953488,1.114168931067692,1.834883720930232,1.6120499347166943,51210.00000088767,4.64722214605363,3121000.0,
0.7906976744186046,1.1565327687508744,1.9046511627906975,1.673344609040523,51220.00000088825,4.769729678212595,3122000.0,
0.8953488372093024,1.2285512928122841,2.0232558139534884,1.777545555391032,51230.00000088883,4.293184560879741,3123000.0,
0.8604651162790697,1.3259881194836032,2.1837209302325578,1.9185233063358376,51240.00000088941,4.581010517317241,3124000.0,
0.8023255813953488,1.0040229530914184,1.6534883720930238,1.4526837814747395,51250.000000889995,4.512257593793483,3125000.0,
0.8372093023255814,1.245496827885557,2.051162790697674,1.8020634251205627,51260.00000089058,4.6132295445006735,3126000.0,
0.7906976744186046,1.1565327687508742,1.9046511627906975,1.6733446090405226,51270.00000089116,4.772670854683355,3127000.0,
0.813953488372093,1.181951071360784,1.9465116279069767,1.71012141363482,51280.00000089174,4.668108459184609,3128000.0,
0.8255813953488372,1.2158421415073297,2.0023255813953487,1.759157153093883,51290.00000089232,4.6439749883877175,3129000.0,
0.7790697674418605,1.1226416986043284,1.8488372093023253,1.6243088695814598,51300.000000892906,4.802193822177197,3130000.0,
0.8604651162790697,1.3217517357152848,2.1767441860465113,1.9123938389034547,51310.00000089349,4.579870936181308,3131000.0,
0.813953488372093,1.3386972707885578,2.204651162790697,1.9369117086329866,51320.00000089407,4.862968075624579,3132000.0,
0.872093023255814,1.4318977136915587,2.3581395348837213,2.0717599921454095,51330.00000089465,4.64617337844508,3133000.0,
0.813953488372093,1.3768247247034218,2.2674418604651163,1.9920769155244318,51340.000000895234,4.910953233291479,3134000.0,
0.8488372093023255,1.2793878980321027,2.106976744186046,1.8510991645796258,51350.000000895816,4.594892592283183,3135000.0,
0.7441860465116279,1.0760414771528284,1.7720930232558136,1.5568847278252484,51360.0000008964,4.9684276100165174,3136000.0,
0.8837209302325582,1.3937702597766948,2.2953488372093016,2.0165947852539636,51370.00000089698,4.544000557193579,3137000.0,
0.8023255813953488,1.2920970493370574,2.127906976744186,1.8694875668767748,51380.00000089756,4.878842699259501,3138000.0,
0.8488372093023255,1.3386972707885576,2.2046511627906975,1.936911708632986,51390.000000898144,4.666955688955299,3139000.0,
0.813953488372093,1.266678746727148,2.0860465116279068,1.8327107622824774,51400.000000898726,4.779059603206542,3140000.0,
0.7093023255813954,1.109932547299374,1.8279069767441856,1.6059204672843115,51410.00000089931,5.263836050388061,3141000.0,
0.8023255813953488,1.3683519571667853,2.253488372093023,1.979817980659666,51420.00000089989,4.976203888728571,3142000.0,
0.872093023255814,1.3090425844103302,2.155813953488372,1.894005436606306,51430.00000090047,4.510632830202915,3143000.0,
0.8837209302325582,1.4022430273133313,2.309302325581396,2.0288537201187293,51440.000000901055,4.557272373090513,3144000.0,
0.8023255813953488,1.1988966064340567,1.9744186046511627,1.7346392833643516,51450.00000090164,4.766737799409619,3145000.0,
0.8023255813953488,1.2793878980321027,2.1069767441860465,1.851099164579626,51460.00000090222,4.867639988937652,3146000.0,
0.9069767441860465,1.2243149090439658,2.0162790697674415,1.771416087958649,51470.0000009028,4.24578054081693,3147000.0,
0.8372093023255814,1.2327876765806025,2.0302325581395353,1.7836750228234146,51480.00000090338,4.610271391553801,3148000.0,
0.8372093023255814,1.2031329902023749,1.9813953488372094,1.7407687507967347,51490.000000903965,4.575406071713172,3149000.0,
0.7558139534883721,1.2158421415073295,2.0023255813953487,1.759157153093883,51500.00000090455,5.085572679624259,3150000.0,
0.8488372093023255,1.0463867907746005,1.7232558139534881,1.5139784557985683,51510.00000090513,4.329165260446088,3151000.0,
0.872093023255814,1.3514064220935125,2.225581395348837,1.9553001109301351,51520.00000090571,4.5640100307465765,3152000.0,
0.8604651162790697,1.2666787467271479,2.0860465116279068,1.8327107622824776,51530.00000090629,4.527759084114705,3153000.0,
0.8488372093023255,1.4276613299232404,2.3511627906976744,2.065630524713026,51540.000000906875,4.7799818408130745,3154000.0,
0.8255813953488372,1.2539695954221934,2.0651162790697675,1.814322359985329,51550.00000090746,4.704805425524884,3155000.0,
0.8023255813953488,1.2539695954221934,2.0651162790697675,1.814322359985329,51560.00000090804,4.84175630742419,3156000.0,
0.8372093023255814,1.3386972707885578,2.204651162790698,1.9369117086329861,51570.00000090862,4.74177451796915,3157000.0,
0.7674418604651163,1.1056961635310556,1.8209302325581391,1.5997909998519286,51580.000000909204,4.869843485903574,3158000.0,
0.7558139534883721,1.1607691525191928,1.911627906976744,1.679474076472906,51590.000000909786,5.018245340347969,3159000.0,
0.8023255813953488,1.2116057577390111,1.995348837209302,1.7530276856615001,51600.00000091037,4.791273843065577,3160000.0,
0.8837209302325582,1.3302245032519215,2.190697674418604,1.9246527737682206,51610.00000091095,4.4847250958636495,3161000.0,
0.8255813953488372,1.2963334331053755,2.1348837209302327,1.8756170343091576,51620.00000091153,4.760063031732911,3162000.0,
0.8372093023255814,1.4869707026796957,2.448837209302325,2.1514430687663864,51630.000000912114,4.922212228283758,3163000.0,
0.8023255813953488,1.0379140232379642,1.7093023255813953,1.5017195209338026,51640.000000912696,4.5771073333977395,3164000.0,
0.8372093023255814,1.2158421415073297,2.0023255813953487,1.759157153093883,51650.00000091328,4.599475335772386,3165000.0,
0.8023255813953488,1.2243149090439658,2.0162790697674424,1.7714160879586485,51660.00000091386,4.8105924954168815,3166000.0,
0.8255813953488372,1.304806200642012,2.148837209302325,1.8878759691739233,51670.00000091444,4.773142721988721,3167000.0,
0.8837209302325582,1.4064794110816492,2.316279069767442,2.034983187551112,51680.000000915024,4.574697754723819,3168000.0,
0.7441860465116279,1.1014597797627377,1.8139534883720927,1.5936615324195456,51690.00000091561,5.023208454149784,3169000.0,
0.9069767441860465,1.2539695954221934,2.0651162790697675,1.8143223599853286,51700.00000091619,4.290271605285919,3170000.0,
0.813953488372093,1.2200785252756476,2.009302325581395,1.765286620526266,51710.00000091677,4.739522188281444,3171000.0,
0.8372093023255814,1.2327876765806025,2.030232558139535,1.7836750228234146,51720.00000091735,4.62360472488791,3172000.0,
0.8604651162790697,1.4700251676064224,2.420930232558139,2.1269251990368554,51730.000000917935,4.77489141108314,3173000.0,
0.8488372093023255,1.4234249461549224,2.3441860465116275,2.0595010572806434,51740.00000091852,4.785949936648298,3174000.0,
0.8255813953488372,1.1650055362875102,1.9186046511627903,1.6856035439052883,51750.0000009191,4.608313748263812,3175000.0,
0.7790697674418605,1.1395872336776014,1.8767441860465113,1.6488267393109914,51760.00000091968,4.851407494063892,3176000.0,
0.7790697674418605,1.0760414771528282,1.772093023255814,1.5568847278252482,51770.00000092026,4.770438314047054,3177000.0,
0.8372093023255814,1.2412604441172388,2.0441860465116277,1.7959339576881803,51780.000000920845,4.637058308334641,3178000.0,
0.8488372093023255,1.241260444117239,2.044186046511628,1.79593395768818,51790.00000092143,4.574084906850638,3179000.0,
0.7906976744186046,0.8146521121192474,1.7999999999999998,1.6370695775761501,51800.00000092201,4.723480633197957,3180000.0,
0.872093023255814,1.1019906477892143,2.4348837209302325,2.21448559137239,51810.00000092259,4.293479942878547,3181000.0,
0.8953488372093024,1.196717637570522,2.644186046511628,2.404842518997523,51820.00000092317,4.288279439442674,3182000.0,
0.8023255813953488,1.01042122433395,2.2325581395348832,2.0304738946680936,51830.000000923756,4.553855439112218,3183000.0,
0.8953488372093024,1.041996887594386,2.3023255813953494,2.093926203876472,51840.00000092434,4.116513407001855,3184000.0,
0.7790697674418605,0.9630577294432958,2.127906976744186,1.935295430855527,51850.00000092492,4.630190518479872,3185000.0,
0.8837209302325582,1.143039010027781,2.525581395348837,2.296973593343281,51860.0000009255,4.286067827216046,3186000.0,
0.8488372093023255,0.9977909590297754,2.204651162790697,2.0050929709847423,51870.000000926084,4.291641403871142,3187000.0,
0.8604651162790697,1.0104212243339497,2.2325581395348832,2.030473894668094,51880.000000926666,4.248865206739927,3188000.0,
0.7906976744186046,1.016736356986037,2.246511627906976,2.043164356509769,51890.00000092725,4.632340098629947,3189000.0,
0.813953488372093,0.9851606937256012,2.1767441860465118,1.9797120473013918,51900.00000092783,4.461765995234876,3190000.0,
0.813953488372093,1.0167363569860373,2.246511627906977,2.043164356509769,51910.00000092841,4.501130381526303,3191000.0,
0.8604651162790697,1.08936038248504,2.4069767441860463,2.1891046676890387,51920.000000928994,4.342767471618347,3192000.0,
0.8837209302325582,1.101990647789214,2.434883720930232,2.2144855913723895,51930.000000929576,4.243302575209461,3193000.0,
0.7906976744186046,1.0135787906599938,2.23953488372093,2.036819125588931,51940.00000093016,4.631287882394242,3194000.0,
0.8255813953488372,0.9346396325089039,2.065116279069767,1.8781883525679866,51950.00000093074,4.34054659720869,3195000.0,
0.813953488372093,1.0419968875943861,2.3023255813953494,2.093926203876472,51960.00000093132,4.535021890559582,3196000.0,
0.8488372093023255,1.0862028161589963,2.4,2.1827594367682006,51970.000000931905,4.401277290352461,3197000.0,
0.8372093023255814,0.9883182600516447,2.1837209302325578,1.9860572782222288,51980.00000093249,4.346044032923607,3198000.0,
0.7558139534883721,0.877803438640119,1.93953488372093,1.763974195992906,51990.00000093307,4.6684753189093975,3199000.0,
0.872093023255814,1.1493541426798681,2.53953488372093,2.3096640551849563,52000.00000093365,4.35792341702042,3200000.0,
0.7816091954022989,0.9426242829885544,2.082758620689655,1.8942337640919442,52010.00000093423,4.5595310680304335,3201000.0,
0.8620689655172413,1.1236580856817204,2.4827586206896557,2.2580270035533103,52020.000000934815,4.344507379471697,3202000.0,
0.8160919540229885,1.0393837292555912,2.2965517241379305,2.088674978286812,52030.0000009354,4.4865659781874125,3203000.0,
0.8505747126436781,1.108051723380585,2.448275862068965,2.2266655173928487,52040.00000093598,4.385949999191664,3204000.0,
0.8505747126436781,1.2110537145680764,2.6758620689655173,2.4336513260519017,52050.00000093656,4.50758747531753,3205000.0,
0.8390804597701149,0.9956859148124132,2.1999999999999997,2.000862817037518,52060.00000093714,4.3132119807500935,3206000.0,
0.8045977011494253,0.8708350164033333,1.9241379310344828,1.749970927753816,52070.000000937725,4.343463520473845,3207000.0,
0.8045977011494253,1.1892048073464871,2.627586206896551,2.389745245427253,52080.00000093831,4.739723117788941,3208000.0,
0.8275862068965517,1.1735984450453525,2.593103448275862,2.358383759266791,52090.00000093889,4.589762010069854,3209000.0,
0.8735632183908046,1.1392644479828555,2.5172413793103434,2.2893884897137733,52100.00000093947,4.30941851290256,3210000.0,
0.7816091954022989,0.833379746880609,1.8413793103448275,1.6747033609687056,52110.000000940054,4.42564467624561,3211000.0,
0.8620689655172413,1.0393837292555914,2.2965517241379305,2.088674978286812,52120.000000940636,4.252082459351031,3212000.0,
0.7931034482758621,0.9082902859260574,2.006896551724138,1.8252384945389264,52130.00000094122,4.457116737415365,3213000.0,
0.8850574712643678,1.1892048073464874,2.627586206896552,2.389745245427254,52140.0000009418,4.311956081107012,3214000.0,
0.896551724137931,0.9988071872726402,2.206896551724138,2.0071351142696097,52150.00000094238,4.044820837164327,3215000.0,
0.8505747126436781,1.1954473522669415,2.6413793103448273,2.4022898398914387,52160.000000942964,4.495185400720596,3216000.0,
0.8160919540229885,0.8770775613237873,1.9379310344827583,1.7625155222180011,52170.000000943546,4.295571096355944,3217000.0,
0.8160919540229885,0.9488668279090083,2.096551724137931,1.9067783585561293,52180.00000094413,4.3841016061153315,3218000.0,
0.9195402298850575,1.2609940739317083,2.7862068965517244,2.534008081765382,52190.00000094471,4.230828555477072,3219000.0,
0.8735632183908046,1.2235388044089845,2.703448275862069,2.4587405149802715,52200.00000094529,4.411153631443304,3220000.0,
0.896551724137931,1.1892048073464871,2.627586206896552,2.389745245427254,52210.000000945874,4.260264336477643,3221000.0,
0.8620689655172413,1.282842981153297,2.8344827586206893,2.57791416239003,52220.00000094646,4.539828524886013,3222000.0,
0.8850574712643678,1.0674751813976342,2.3586206896551722,2.145125653375646,52230.00000094704,4.179092737502736,3223000.0,
0.7816091954022989,0.9925646423521866,2.193103448275862,1.9945905198054243,52240.00000094762,4.636954763099398,3224000.0,
0.8045977011494253,1.1486282653635367,2.5379310344827584,2.3082053814100507,52250.0000009482,4.699006558467841,3225000.0,
0.8390804597701149,1.0612326364771802,2.3448275862068964,2.13258105891146,52260.000000948785,4.4022882106799734,3226000.0,
0.8620689655172413,1.0799602712385425,2.386206896551724,2.170214842304015,52270.00000094937,4.307151248051719,3227000.0,
0.8390804597701149,1.014413549573775,2.241379310344827,2.038496600430072,52280.00000094995,4.347586011219815,3228000.0,
0.8390804597701149,1.0487475466362723,2.3172413793103446,2.10749186998309,52290.00000095053,4.389052555664193,3229000.0,
0.8850574712643678,1.1860835348862604,2.6206896551724137,2.3834729481951618,52300.00000095111,4.3167411368991875,3230000.0,
0.8505747126436781,0.8864413787044682,1.958620689655172,1.7813324139142783,52310.000000951695,4.140002702073295,3231000.0,
0.8850574712643678,1.1174155407612665,2.468965517241379,2.245482409089126,52320.00000095228,4.240194182498281,3232000.0,
0.7816091954022989,0.9956859148124132,2.2,2.0008628170375173,52330.00000095286,4.646242273453231,3233000.0,
0.8160919540229885,1.0206560944942291,2.2551724137931037,2.0510411948942577,52340.00000095344,4.481082820100563,3234000.0,
0.8275862068965517,1.1018091784601312,2.4344827586206894,2.214120922928663,52350.00000095402,4.517461090724664,3235000.0,
0.8390804597701149,0.9551093728294622,2.1103448275862067,1.9193229530203135,52360.000000954606,4.28129199236041,3236000.0,
0.8505747126436781,0.9988071872726405,2.206896551724138,2.0071351142696097,52370.00000095519,4.275351693227956,3237000.0,
0.8620689655172413,1.0456262741760454,2.3103448275862064,2.1012195727509972,52380.00000095577,4.27319047812623,3238000.0,
0.8735632183908046,1.023777366954456,2.2620689655172415,2.05731349212635,52390.00000095635,4.192479354357781,3239000.0,
0.8390804597701149,1.3442483943470438,2.213793103448276,1.9449434245788668,52400.000000956934,4.339281863053637,3240000.0,
0.6666666666666666,1.1139254607361795,1.8344827586206895,1.6116976664734537,52410.000000957516,5.630195087762172,3241000.0,
0.8620689655172413,1.2772453591147923,2.1034482758620685,1.8479992040391109,52420.0000009581,4.544001949988635,3242000.0,
0.8045977011494253,1.1558023577563366,1.903448275862069,1.6722878043108012,52430.00000095868,4.718208644728062,3243000.0,
0.8505747126436781,1.2186177032865726,2.0068965517241377,1.7631730110668236,52440.00000095926,4.537561353947259,3244000.0,
0.8850574712643678,1.2521192209026983,2.0620689655172413,1.8116451213367017,52450.000000959844,4.399145093827304,3245000.0,
0.8735632183908046,1.3693745325591382,2.2551724137931033,1.9812975072812762,52460.00000096043,4.591781372879145,3246000.0,
0.8390804597701149,1.2730576694127769,2.0965517241379312,1.8419401902553758,52470.00000096101,4.666244071850465,3247000.0,
0.735632183908046,1.0929870122261007,1.8000000000000003,1.58140259755478,52480.00000096159,5.0782760948413355,3248000.0,
0.7586206896551724,1.1893038753724625,1.9586206896551726,1.72075991458068,52490.00000096217,5.0519581388421395,3249000.0,
0.8275862068965517,1.3526237737510751,2.227586206896551,1.9570614521463372,52500.000000962755,4.828862060035039,3250000.0,
0.9080459770114943,1.3651868428571223,2.248275862068965,1.9752384934975415,52510.00000096334,4.4153298143639415,3251000.0,
0.8045977011494253,1.298183807624871,2.1379310344827585,1.8782942729577843,52520.00000096392,4.900311303850682,3252000.0,
0.8275862068965517,1.2353684620946355,2.0344827586206895,1.787409066201763,52530.0000009645,4.688845225116939,3253000.0,
0.9080459770114943,1.2604946003067294,2.075862068965517,1.8237631489041715,52540.00000096508,4.301554813074357,3254000.0,
0.8735632183908046,1.293996117922855,2.1310344827586203,1.8722352591740499,52550.000000965665,4.510229766651044,3255000.0,
0.8505747126436781,1.2521192209026981,2.062068965517241,1.8116451213367017,52560.00000096625,4.583434759793621,3256000.0,
0.9080459770114943,1.3903129810692167,2.289655172413793,2.01159257619995,52570.00000096683,4.446038346319209,3257000.0,
0.8045977011494253,1.1139254607361795,1.8344827586206895,1.6116976664734537,52580.00000096741,4.674733072717794,3258000.0,
0.8390804597701149,1.2060546341805252,1.9862068965517237,1.7449959697156197,52590.00000096799,4.592966481916521,3259000.0,
0.8160919540229885,1.281433048816808,2.1103448275862067,1.854058217822845,52600.000000968575,4.815274299341759,3260000.0,
0.8045977011494253,1.2521192209026983,2.0620689655172413,1.8116451213367015,52610.00000096916,4.848202460353424,3261000.0,
0.8160919540229885,1.4280021883873577,2.3517241379310345,2.066123700253563,52620.00000096974,4.99599986473109,3262000.0,
0.8275862068965517,1.034359356397881,1.7034482758620688,1.4965764045824927,52630.00000097032,4.451514777955906,3263000.0,
0.7931034482758621,1.0552978049079598,1.7379310344827585,1.5268714735011668,52640.000000970904,4.672039261350788,3264000.0,
0.8620689655172413,1.2395561517966514,2.0413793103448277,1.793468079985497,52650.000000971486,4.512549136166971,3265000.0,
0.7931034482758621,1.1809284959684307,1.9448275862068964,1.7086418870132103,52660.00000097207,4.831602596456088,3266000.0,
0.8390804597701149,1.310746876730918,2.158620689655172,1.8964713143089889,52670.00000097265,4.7221202504357365,3267000.0,
0.8275862068965517,1.3149345664329335,2.1655172413793102,1.9025303280927235,52680.00000097323,4.793320934526201,3268000.0,
0.8505747126436781,1.1976792547764936,1.9724137931034482,1.73287794214815,52690.000000973814,4.526458042861872,3269000.0,
0.8275862068965517,1.398688360473248,2.3034482758620687,2.0237106037674195,52700.000000974396,4.895634546769424,3270000.0,
0.8160919540229885,1.1641777371603679,1.9172413793103447,1.684405831878271,52710.00000097498,4.677792438580003,3271000.0,
0.7701149425287356,1.2186177032865722,2.006896551724138,1.763173011066824,52720.00000097556,5.028351346151677,3272000.0,
0.8505747126436781,1.2563069106047138,2.068965517241379,1.8177041351204368,52730.00000097614,4.597547313903284,3273000.0,
0.8850574712643678,1.2814330488168082,2.1103448275862067,1.8540582178228455,52740.000000976725,4.447330847445422,3274000.0,
0.8045977011494253,1.252119220902698,2.0620689655172404,1.8116451213367022,52750.00000097731,4.85620246035389,3275000.0,
0.8505747126436781,1.2856207385188239,2.117241379310345,1.8601172316065802,52760.00000097789,4.633632489964561,3276000.0,
0.8505747126436781,1.3484360840490597,2.220689655172414,1.9510024383626021,52770.00000097847,4.708023504304194,3277000.0,
0.8045977011494253,1.222805392988588,2.0137931034482754,1.7692320248505582,52780.00000097905,4.8214838456607385,3278000.0,
0.8850574712643678,1.3903129810692165,2.289655172413793,2.01159257619995,52790.000000979635,4.572948433237255,3279000.0,
0.8160919540229885,1.34843608404906,2.2206896551724133,1.9510024383626021,52800.00000098022,4.908644215753766,3280000.0,
0.7816091954022989,1.2898084282208393,2.124137931034483,1.8661762453903143,52810.0000009808,5.050781371492126,3281000.0,
0.8390804597701149,1.2395561517966514,2.0413793103448277,1.7934680799854976,52820.00000098138,4.645495687843321,3282000.0,
0.896551724137931,1.2688699797107608,2.089655172413793,1.8358811764716414,52830.00000098196,4.380916515911441,3283000.0,
0.8275862068965517,1.3526237737510753,2.2275862068965524,1.957061452146337,52840.000000982545,4.847750948925028,3284000.0,
0.8505747126436781,1.3819376016651854,2.2758620689655173,1.9994745486324803,52850.00000098313,4.75173474798827,3285000.0,
0.7816091954022989,1.1599900474583524,1.9103448275862072,1.6783468180945367,52860.00000098371,4.887631384340291,3286000.0,
0.8505747126436781,1.1474269783523054,1.8896551724137929,1.6601697767433319,52870.00000098429,4.477107393552918,3287000.0,
0.8505747126436781,1.402876050175264,2.3103448275862064,2.0297696175511537,52880.00000098487,4.777973194209673,3288000.0,
0.8275862068965517,1.2772453591147925,2.103448275862069,1.84799920403911,52890.000000985456,4.7594464756841255,3289000.0,
0.8390804597701149,1.1683654268623838,1.9241379310344826,1.690464845662006,52900.00000098604,4.5650355088123264,3290000.0,
0.9080459770114943,1.2772453591147925,2.103448275862069,1.8479992040391102,52910.00000098662,4.338736028471668,3291000.0,
0.8505747126436781,1.365186842857122,2.248275862068965,1.9752384934975415,52920.0000009872,4.735825072092524,3292000.0,
0.8735632183908046,1.2395561517966514,2.0413793103448277,1.7934680799854974,52930.000000987784,4.46791033174458,3293000.0,
0.8045977011494253,1.2521192209026983,2.0620689655172413,1.8116451213367017,52940.000000988366,4.867059603211664,3294000.0,
0.8160919540229885,1.164177737160368,1.9172413793103442,1.684405831878271,52950.00000098895,4.691313565341354,3295000.0,
0.8390804597701149,1.3693745325591382,2.255172413793103,1.9812975072812762,52960.00000098953,4.8078819772456365,3296000.0,
0.8390804597701149,1.226993082690604,2.020689655172414,1.7752910386342935,52970.00000099011,4.638742441100977,3297000.0,
0.7931034482758621,1.4489406368974365,2.3862068965517245,2.0964187691722374,52980.000000990694,5.188081672700986,3298000.0,
0.7816091954022989,1.0343593563978808,1.7034482758620688,1.496576404582493,52990.00000099128,4.734545059013368,3299000.0,
0.8390804597701149,1.0175348220340026,2.248275862068965,2.0447688976621645,53000.00000099186,4.805082949792677,3300000.0,
0.8735632183908046,0.9613519177499165,2.1241379310344826,1.9318675474844995,53010.00000099244,4.153650221717642,3301000.0,
0.8160919540229885,1.1548708102839902,2.551724137931034,2.3207499758742363,53020.00000099302,4.683852964802924,3302000.0,
0.896551724137931,1.0705964538578614,2.36551724137931,2.151397950607737,53030.000000993605,4.170021685794059,3303000.0,
0.8735632183908046,1.2672366188521622,2.8,2.546552676229567,53040.00000099419,4.505386655874252,3304000.0,
0.8850574712643678,0.9738370075908244,2.1517241379310343,1.956956736412869,53050.00000099477,4.115891164502716,3305000.0,
0.8160919540229885,0.9551093728294625,2.110344827586207,1.9193229530203142,53060.00000099535,4.441328386513703,3306000.0,
0.8735632183908046,1.064353908937407,2.3517241379310336,2.1388533561435534,53070.00000099593,4.274718290577191,3307000.0,
0.8620689655172413,0.9956859148124134,2.1999999999999997,2.000862817037517,53080.000000996515,4.252592994599925,3308000.0,
0.8735632183908046,1.1049304509203581,2.441379310344827,2.2203932201607555,53090.0000009971,4.322220384689314,3309000.0,
0.8390804597701149,1.1486282653635362,2.5379310344827584,2.308205381410051,53100.00000099768,4.552472042369133,3310000.0,
0.896551724137931,1.2859642536135243,2.8413793103448275,2.584186459622123,53110.00000099826,4.414342180393564,3311000.0,
0.9310344827586207,1.0549900915567263,2.33103448275862,2.1200364644472756,53120.00000099884,4.003258493478505,3312000.0,
0.8275862068965517,1.0518688190964993,2.3241379310344827,2.113764167215183,53130.000000999426,4.500449823162798,3313000.0,
0.8735632183908046,1.145506992903309,2.5310344827586206,2.301933084177958,53140.00000100001,4.37130142616995,3314000.0,
0.8850574712643678,1.1517495378237632,2.5448275862068965,2.3144776786421435,53150.00000100059,4.322104023337637,3315000.0,
0.8505747126436781,0.9488668279090082,2.0965517241379312,1.906778358556129,53160.00000100117,4.25934073019482,3316000.0,
0.8620689655172413,1.0206560944942293,2.2551724137931033,2.0510411948942577,53170.000001001754,4.28635840303111,3317000.0,
0.8620689655172413,1.0643539089374072,2.3517241379310345,2.138853356143552,53180.000001002336,4.337581201118561,3318000.0,
0.8620689655172413,1.079960271238542,2.3862068965517236,2.170214842304016,53190.00000100292,4.356217914721243,3319000.0,
0.8850574712643678,1.054990091556726,2.3310344827586205,2.1200364644472756,53200.0000010035,4.215375817815292,3320000.0,
0.8390804597701149,1.0581113640169528,2.3379310344827586,2.126308761679368,53210.00000100408,4.450623132545473,3321000.0,
0.8160919540229885,0.9551093728294623,2.1103448275862067,1.9193229530203144,53220.000001004664,4.450342471021271,3322000.0,
0.8620689655172413,1.1018091784601312,2.4344827586206894,2.214120922928663,53230.000001005246,4.383695980431743,3323000.0,
0.8850574712643678,1.0206560944942291,2.2551724137931033,2.0510411948942573,53240.00000100583,4.17866078217337,3324000.0,
0.7931034482758621,0.9332604656078732,2.0620689655172413,1.8754168723956663,53250.00000100641,4.553528413249839,3325000.0,
0.8160919540229885,1.0206560944942293,2.2551724137931033,2.0510411948942573,53260.00000100699,4.5329138060190735,3326000.0,
0.8505747126436781,1.0768389987783153,2.379310344827586,2.1639425450719227,53270.000001007575,4.415740444595568,3327000.0,
0.8620689655172413,1.0612326364771802,2.3448275862068964,2.1325810589114607,53280.00000100816,4.339293858398341,3328000.0,
0.8045977011494253,1.0300199118749105,2.275862068965517,2.0698580865905347,53290.00000100874,4.611021890564007,3329000.0,
0.7931034482758621,0.8989264685453764,1.9862068965517243,1.8064216028426485,53300.00000100932,4.513136272026281,3330000.0,
0.8390804597701149,1.2016898971873953,2.6551724137931036,2.4148344343556234,53310.0000010099,4.627216726872209,3331000.0,
0.8275862068965517,1.0112922771135482,2.2344827586206892,2.03222430319798,53320.000001010485,4.4619753904895685,3332000.0,
0.8045977011494253,0.9675944626703704,2.1379310344827585,1.9444121419486844,53330.00000101107,4.535721689409925,3333000.0,
0.9080459770114943,1.0175348220340021,2.2482758620689656,2.044768897662165,53340.00000101165,4.074497842067507,3334000.0,
0.9195402298850575,1.086202816158996,2.4,2.182759436768201,53350.00000101223,4.098743062652623,3335000.0,
0.8735632183908046,1.1423857204430823,2.5241379310344825,2.295660786945866,53360.00000101281,4.379307337959575,3336000.0,
0.896551724137931,0.9894433698919595,2.1862068965517234,1.988318222573332,53370.000001013395,4.096940681884389,3337000.0,
0.8275862068965517,0.9270179206874193,2.0482758620689654,1.8628722779314812,53380.00000101398,4.363477209808191,3338000.0,
0.9195402298850575,1.1735984450453525,2.593103448275862,2.3583837592667916,53390.00000101456,4.195785809066653,3339000.0,
0.8390804597701149,0.9800795525112781,2.1655172413793102,1.9695013308770546,53400.00000101514,4.36803727499822,3340000.0,
0.8160919540229885,0.9832008249715052,2.1724137931034484,1.9757736281091471,53410.000001015724,4.495468616604397,3341000.0,
0.8620689655172413,1.2516302565510273,2.7655172413793103,2.5151911900691046,53420.000001016306,4.567621764351106,3342000.0,
0.8045977011494253,1.0331411843351375,2.2827586206896546,2.076130383822628,53430.00000101689,4.622901186336469,3343000.0,
0.8620689655172413,0.9488668279090083,2.0965517241379312,1.9067783585561286,53440.00000101747,4.217482853793092,3344000.0,
0.8505747126436781,1.058111364016953,2.3379310344827586,2.126308761679368,53450.00000101805,4.403452549673992,3345000.0,
0.8505747126436781,1.064353908937407,2.3517241379310336,2.1388533561435525,53460.000001018634,4.411332298431855,3346000.0,
0.7701149425287356,1.0705964538578614,2.36551724137931,2.1513979506077376,53470.000001019216,4.880920768537897,3347000.0,
0.8620689655172413,1.0830815436987693,2.3931034482758617,2.176487139536108,53480.0000010198,4.3753052574426725,3348000.0,
0.9195402298850575,1.1486282653635362,2.537931034482758,2.308205381410051,53490.00000102038,4.173630738662969,3349000.0,
0.8390804597701149,1.0955666335396774,2.4206896551724135,2.2015763284644785,53500.00000102096,4.5111520154022475,3350000.0,
0.8390804597701149,1.0768389987783151,2.3793103448275863,2.1639425450719227,53510.000001021544,4.489380724659286,3351000.0,
0.9080459770114943,1.0268986394146833,2.268965517241379,2.0635857893584424,53520.00000102213,4.093923818170812,3352000.0,
0.896551724137931,1.2204175319487576,2.696551724137931,2.4524682177481796,53530.00000102271,4.3627708369995,3353000.0,
0.8850574712643678,0.9738370075908241,2.1517241379310343,1.9569567364128695,53540.00000102329,4.141345709958743,3354000.0,
0.8735632183908046,1.1735984450453525,2.593103448275862,2.3583837592667916,53550.00000102387,4.425037693754861,3355000.0,
0.8275862068965517,0.902047741005603,1.993103448275862,1.8126939000747415,53560.000001024455,4.343304909359911,3356000.0,
0.8505747126436781,1.0799602712385423,2.386206896551724,2.170214842304015,53570.00000102504,4.435626264921374,3357000.0,
0.8850574712643678,1.03001991187491,2.2758620689655173,2.0698580865905347,53580.00000102562,4.206903017396727,3358000.0,
0.8275862068965517,1.0768389987783151,2.3793103448275863,2.1639425450719236,53590.0000010262,4.556177679168702,3359000.0,
0.8390804597701149,1.4782544648115465,2.4344827586206894,2.1388318656583807,53600.00000102678,4.524071212773519,3360000.0,
0.8275862068965517,1.277245359114792,2.1034482758620685,1.84799920403911,53610.000001027365,4.799446475686454,3361000.0,
0.8045977011494253,0.9673563211656296,1.5931034482758617,1.3996321840427361,53620.00000102795,4.551997142112141,3362000.0,
0.8160919540229885,1.180928495968431,1.944827586206897,1.7086418870132103,53630.00000102853,4.7501490021929,3363000.0,
0.8045977011494253,1.2186177032865724,2.0068965517241377,1.7631730110668236,53640.00000102911,4.865422002748236,3364000.0,
0.8735632183908046,1.3735622222611539,2.262068965517241,1.9873565210650108,53650.00000102969,4.6592067545153615,3365000.0,
0.8735632183908046,1.281433048816808,2.1103448275862067,1.8540582178228455,53660.000001030276,4.554269411230417,3366000.0,
0.8505747126436781,1.2939961179228554,2.1310344827586207,1.8722352591740499,53670.00000103086,4.6926684089964885,3367000.0,
0.8735632183908046,1.2646822900087453,2.082758620689655,1.829822162687907,53680.00000103144,4.536146832068617,3368000.0,
0.8735632183908046,1.2856207385188236,2.1172413793103444,1.8601172316065802,53690.00000103202,4.560642161284132,3369000.0,
0.8160919540229885,1.1767408062664153,1.9379310344827578,1.7025828732294759,53700.000001032604,4.748961269741364,3370000.0,
0.8045977011494253,1.1641777371603683,1.9172413793103442,1.684405831878271,53710.000001033186,4.801760901991615,3371000.0,
0.7816091954022989,1.1013623916301325,1.8137931034482757,1.5935206251222491,53720.00000103377,4.863210707033602,3372000.0,
0.896551724137931,1.4531283265994523,2.393103448275862,2.1024777829559715,53730.00000103435,4.632589287443821,3373000.0,
0.7586206896551724,1.021796287291834,1.682758620689655,1.4783993632312884,53740.00000103493,4.906910257588751,3374000.0,
0.8505747126436781,1.1013623916301327,1.8137931034482753,1.5935206251222493,53750.000001035514,4.470517947003945,3375000.0,
0.8160919540229885,1.2521192209026981,2.0620689655172413,1.8116451213367017,53760.0000010361,4.844706651056443,3376000.0,
0.7586206896551724,1.3568114634530908,2.2344827586206892,1.9631204659300716,53770.00000103668,5.3503393534377865,3377000.0,
0.8505747126436781,1.2898084282208395,2.1241379310344826,1.866176245390315,53780.00000103726,4.6936909900228425,3378000.0,
0.8620689655172413,1.2395561517966511,2.0413793103448277,1.7934680799854976,53790.00000103784,4.573349136170512,3379000.0,
0.896551724137931,1.3609991531551062,2.2413793103448274,1.9691794797138065,53800.000001038425,4.533419568345849,3380000.0,
0.8620689655172413,1.1851161856704469,1.9517241379310344,1.7147009007969451,53810.00000103901,4.511265442130843,3381000.0,
0.8505747126436781,1.3819376016651854,2.2758620689655173,1.9994745486324805,53820.00000103959,4.804167180423754,3382000.0,
0.8390804597701149,1.1725531165643996,1.9310344827586208,1.6965238594457408,53830.00000104017,4.620985221199887,3383000.0,
0.8390804597701149,1.3400607046450281,2.2068965517241375,1.9388844107951324,53840.00000104075,4.8211654974056,3384000.0,
0.8620689655172413,1.3191222561349496,2.172413793103448,1.9085893418764588,53850.000001041335,4.668845817203123,3385000.0,
0.8275862068965517,1.2521192209026983,2.0620689655172413,1.8116451213367015,53860.00000104192,4.782974614236538,3386000.0,
0.8390804597701149,1.2856207385188234,2.1172413793103444,1.86011723160658,53870.0000010425,4.757928825447068,3387000.0,
0.8620689655172413,1.3484360840490595,2.220689655172414,1.9510024383626023,53880.00000104308,4.704449857583584,3388000.0,
0.8620689655172413,1.3358730149430122,2.1999999999999993,1.9328253970113982,53890.00000104366,4.690410030753933,3389000.0,
0.8160919540229885,1.1432392886502896,1.8827586206896554,1.6541107629595977,53900.000001044245,4.719177719987049,3390000.0,
0.8505747126436781,1.3777499119631695,2.268965517241379,1.9934155348487455,53910.00000104483,4.804108680368964,3391000.0,
0.8850574712643678,1.4782544648115465,2.4344827586206894,2.1388318656583807,53920.00000104541,4.731012187598889,3392000.0,
0.7816091954022989,1.063673184311991,1.7517241379310347,1.5389895010686363,53930.00000104599,4.827343632965522,3393000.0,
0.8160919540229885,1.3526237737510756,2.227586206896551,1.9570614521463365,53940.000001046574,4.978000962293777,3394000.0,
0.7126436781609196,1.0552978049079598,1.7379310344827585,1.5268714735011668,53950.000001047156,5.2840436940888615,3395000.0,
0.8275862068965517,1.193491565074478,1.96551724137931,1.7268189283644144,53960.00000104774,4.717688418999984,3396000.0,
0.8850574712643678,1.1893038753724625,1.9586206896551726,1.72075991458068,53970.00000104832,4.407132950180856,3397000.0,
0.8275862068965517,1.1516146680543211,1.896551724137931,1.666228790527067,53980.0000010489,4.6681982795451376,3398000.0,
0.8735632183908046,1.4363775677913893,2.36551724137931,2.0782417278210326,53990.000001049484,4.749008531636541,3399000.0,
0.8275862068965517,1.021796287291834,1.682758620689655,1.4783993632312884,54000.000001050066,4.512445513901641,3400000.0,
0.7701149425287356,1.1139254607361795,1.8344827586206895,1.6116976664734541,54010.00000105065,4.969422613292216,3401000.0,
0.7931034482758621,1.298183807624871,2.1379310344827585,1.8782942729577843,54020.00000105123,5.058286829998507,3402000.0,
0.8505747126436781,1.381937601665185,2.2758620689655173,1.9994745486324803,54030.00000105181,4.815518531775766,3403000.0,
0.8390804597701149,1.4321898780893738,2.3586206896551727,2.0721827140372975,54040.000001052395,4.941922183565937,3404000.0,
0.7586206896551724,1.0552978049079598,1.7379310344827585,1.5268714735011668,54050.00000105298,4.969859227780799,3405000.0,
0.8045977011494253,1.2939961179228552,2.1310344827586207,1.8722352591740499,54060.00000105356,4.983106603797585,3406000.0,
0.896551724137931,1.2395561517966514,2.0413793103448277,1.7934680799854974,54070.00000105414,4.411810066831455,3407000.0,
0.8390804597701149,1.3274976355389807,2.186206896551724,1.920707369443928,54080.00000105472,4.819343757512857,3408000.0,
0.9425287356321839,1.4280021883873582,2.3517241379310345,2.066123700253563,54090.000001055305,4.397512078003045,3409000.0,
0.8160919540229885,1.197679254776494,1.9724137931034482,1.7328779421481497,54100.00000105589,4.797153453128265,3410000.0,
0.8620689655172413,1.3149345664329342,2.16551724137931,1.9025303280927242,54110.00000105647,4.67785476381626,3411000.0,
0.8620689655172413,1.2102423238825408,1.9931034482758614,1.751054983499354,54120.00000105705,4.556945095791168,3412000.0,
0.8045977011494253,1.0092332181857868,1.6620689655172414,1.4602223218800838,54130.00000105763,4.633186999838889,3413000.0,
0.8505747126436781,1.4321898780893738,2.358620689655172,2.0721827140372984,54140.000001058215,4.880544856761307,3414000.0,
0.8735632183908046,1.5243190515337193,2.510344827586206,2.2054810172794634,54150.0000010588,4.858099440657856,3415000.0,
0.9540229885057471,1.545257500043798,2.544827586206896,2.2357760861981366,54160.00000105938,4.470809668799714,3416000.0,
0.7701149425287356,1.2060546341805254,1.9862068965517243,1.7449959697156192,54170.00000105996,5.098605271347372,3417000.0,
0.8850574712643678,1.482442154513562,2.441379310344827,2.1448908794421153,54180.00000106054,4.749250226613642,3418000.0,
0.7126436781609196,0.929667113847488,1.5310344827586206,1.345101059989123,54190.000001061126,5.1232393372791005,3419000.0,
0.8275862068965517,0.8396222918010635,1.8551724137931036,1.6872479554328907,54200.00000106171,4.650059751428456,3420000.0,
0.8505747126436781,1.12365808568172,2.4827586206896544,2.2580270035533108,54210.00000106229,4.521595317039015,3421000.0,
0.8850574712643678,0.9800795525112787,2.1655172413793102,1.969501330877054,54220.00000106287,4.183723650325468,3422000.0,
0.8275862068965517,1.1174155407612665,2.4689655172413794,2.2454824090891257,54230.000001063454,4.6407632229557265,3423000.0,
0.8505747126436781,0.9551093728294622,2.1103448275862067,1.9193229530203142,54240.000001064036,4.325058316793887,3424000.0,
0.7931034482758621,1.0019284597328673,2.2137931034482756,2.013407411501702,54250.00000106462,4.6980808116427,3425000.0,
0.8505747126436781,1.2110537145680764,2.6758620689655173,2.4336513260519013,54260.0000010652,4.627046934783943,3426000.0,
0.8275862068965517,1.001928459732867,2.2137931034482756,2.013407411501702,54270.00000106578,4.503438555602095,3427000.0,
0.8735632183908046,1.2204175319487576,2.6965517241379304,2.4524682177481796,54280.000001066364,4.517054280080732,3428000.0,
0.8620689655172413,0.9894433698919595,2.1862068965517243,1.988318222573332,54290.00000106695,4.309884975829288,3429000.0,
0.7931034482758621,1.0549900915567263,2.33103448275862,2.120036464447275,54300.00000106753,4.767883159014979,3430000.0,
0.8735632183908046,1.026898639414683,2.2689655172413787,2.063585789358443,54310.00000106811,4.29710502152208,3431000.0,
0.8505747126436781,1.2297813493294383,2.7172413793103445,2.4712851094444566,54320.00000106869,4.652307802679246,3432000.0,
0.8620689655172413,1.1299006306021744,2.4965517241379307,2.270571598017495,54330.000001069275,4.474948731586594,3433000.0,
0.8620689655172413,1.1111729958408123,2.455172413793103,2.2329378146249406,54340.00000106986,4.453758008596778,3434000.0,
0.8505747126436781,1.1423857204430823,2.5241379310344825,2.2956607869458656,54350.00000107044,4.551180509258895,3435000.0,
0.8505747126436781,1.03001991187491,2.2758620689655173,2.0698580865905347,54360.00000107102,4.419615301888237,3436000.0,
0.8850574712643678,1.1236580856817202,2.4827586206896552,2.2580270035533103,54370.0000010716,4.3537409540379794,3437000.0,
0.8160919540229885,1.064353908937407,2.3517241379310336,2.1388533561435525,54380.000001072185,4.649557606819316,3438000.0,
0.7931034482758621,0.9769582800510513,2.1586206896551725,1.9632290336449618,54390.00000107277,4.674712614073345,3439000.0,
0.7931034482758621,1.0862028161589963,2.3999999999999995,2.1827594367682,54400.00000107335,4.813035434963107,3440000.0,
0.8045977011494253,1.0893240886192233,2.406896551724137,2.1890317340002934,54410.00000107393,4.748728510235664,3441000.0,
0.9080459770114943,1.1361431755226281,2.510344827586206,2.283116192481681,54420.00000107451,4.259800712368291,3442000.0,
0.7586206896551724,1.1205368132214932,2.475862068965517,2.2517547063212184,54430.000001075095,5.078886405407554,3443000.0,
0.8735632183908046,0.964473190210143,2.1310344827586203,1.9381398447165918,54440.00000107568,4.23248641519623,3444000.0,
0.7931034482758621,1.0206560944942293,2.255172413793103,2.0510411948942573,54450.00000107626,4.733288119241033,3445000.0,
0.8160919540229885,1.079960271238542,2.386206896551724,2.170214842304015,54460.00000107684,4.673187938089983,3446000.0,
0.9080459770114943,1.1579920827442176,2.5586206896551724,2.3270222731063286,54470.000001077424,4.286393812726392,3447000.0,
0.8620689655172413,1.1392644479828555,2.5172413793103443,2.2893884897137737,54480.000001078006,4.4938107597486505,3448000.0,
0.8620689655172413,0.9613519177499165,2.124137931034483,1.9318675474844986,54490.00000107859,4.287965558011805,3449000.0,
0.8045977011494253,1.0425050017158184,2.3034482758620687,2.0949472755189054,54500.00000107917,4.695681930798873,3450000.0,
0.896551724137931,1.108051723380585,2.4482758620689653,2.2266655173928482,54510.00000107975,4.287696153086644,3451000.0,
0.896551724137931,1.011292277113548,2.2344827586206897,2.03222430319798,54520.000001080334,4.180284975840107,3452000.0,
0.8045977011494253,1.0518688190964989,2.324137931034483,2.113764167215182,54530.000001080916,4.709034103829248,3453000.0,
0.7931034482758621,0.8489861091817441,1.8758620689655172,1.7060648471291684,54540.0000010815,4.522052050803856,3454000.0,
0.8505747126436781,1.1767197175055795,2.6,2.3646560564988843,54550.00000108208,4.602356965265433,3455000.0,
0.8390804597701149,1.0893240886192233,2.4068965517241376,2.189031734000293,54560.00000108266,4.561794461870293,3456000.0,
0.8160919540229885,0.8958051960851492,1.9793103448275864,1.8001493056105562,54570.000001083245,4.453730310789708,3457000.0,
0.8160919540229885,1.0737177263180884,2.372413793103448,2.1576702478398304,54580.00000108383,4.6722991858639045,3458000.0,
0.8390804597701149,1.0549900915567263,2.3310344827586214,2.1200364644472747,54590.00000108441,4.52251969824796,3459000.0,
0.9080459770114943,1.1361431755226281,2.5103448275862066,2.2831161924816805,54600.00000108499,4.268914636419455,3460000.0,
0.7931034482758621,0.9395030105283272,2.0758620689655167,1.8879614668598519,54610.00000108557,4.640240027864276,3461000.0,
0.8620689655172413,1.0674751813976344,2.3586206896551727,2.1451256533756453,54620.000001086155,4.418001877176895,3462000.0,
0.8045977011494253,1.0674751813976342,2.358620689655172,2.1451256533756453,54630.00000108674,4.734144868403849,3463000.0,
0.8620689655172413,1.070596453857861,2.3655172413793095,2.151397950607738,54640.00000108732,4.422689219897487,3464000.0,
0.8850574712643678,1.2641153463919352,2.793103448275862,2.540280378997475,54650.0000010879,4.5269848719841335,3465000.0,
0.8735632183908046,1.1892048073464871,2.6275862068965514,2.389745245427254,54660.00000108848,4.501323924287193,3466000.0,
0.7954545454545454,1.0059719263290703,2.222727272727272,2.021532887461458,54670.000001089065,4.674361850337754,3467000.0,
0.9204545454545454,1.246664595818848,2.7545454545454544,2.5052125353816845,54680.00000108965,4.301559067145006,3468000.0,
0.8068181818181818,1.0707737988840103,2.3659090909090907,2.1517543311322886,54690.00000109023,4.6899703423729875,3469000.0,
0.7613636363636364,1.1324898679839535,2.502272727272727,2.2757747536759365,54700.00000109081,5.051625498347455,3470000.0,
0.8409090909090909,1.1078034403439765,2.4477272727272723,2.2261665846584773,54710.000001091394,4.54495273995897,3471000.0,
0.8409090909090909,1.0059719263290703,2.2227272727272727,2.021532887461458,54720.000001091976,4.424396344914248,3472000.0,
0.7954545454545454,1.083117012703999,2.3931818181818176,2.176558415641018,54730.00000109256,4.774772816066435,3473000.0,
0.8409090909090909,1.107803440343976,2.4477272727272723,2.2261665846584773,54740.00000109314,4.546574361580687,3474000.0,
0.8522727272727273,1.126318261073959,2.4886363636363638,2.2633727114215714,54750.00000109372,4.508210759749487,3475000.0,
0.8409090909090909,0.9257410364991446,2.0454545454545454,1.8603063381547165,54760.000001094304,4.33114880025176,3476000.0,
0.8977272727272727,1.2929516476438052,2.8568181818181815,2.5982278522894204,54770.000001094886,4.4665765189792745,3477000.0,
0.8181818181818182,1.0923744230689907,2.4136363636363636,2.1951614790225653,54780.00000109547,4.65623262828863,3478000.0,
0.8295454545454546,1.0954602265239877,2.4204545454545454,2.201362500149748,54790.00000109605,4.596716437545527,3479000.0,
0.8522727272727273,1.4614561186205064,2.4068181818181817,2.1145269580940806,54800.00000109663,4.467429313769951,3480000.0,
0.8295454545454546,1.3786540722397411,2.2704545454545455,1.9947237310065973,54810.000001097214,4.939196689915266,3481000.0,
0.8522727272727273,1.155088547011675,1.9022727272727271,1.6712550178703922,54820.0000010978,4.545701228583292,3482000.0,
0.8863636363636364,1.502857141810889,2.4749999999999996,2.174428571637822,54830.00000109838,4.763733698539488,3483000.0,
0.7840909090909091,1.3289728444112818,2.1886363636363635,1.922841794754107,54840.00000109896,5.1639044973176365,3484000.0,
0.8522727272727273,1.3910743791968558,2.290909090909091,2.01269421506972,54850.00000109954,4.824191271680664,3485000.0,
0.8409090909090909,1.2296103887543637,2.025,1.7790779222491273,54860.000001100125,4.697912354285308,3486000.0,
0.8068181818181818,1.266871309625708,2.0863636363636364,1.8329893744384946,54870.00000110071,4.943161623292866,3487000.0,
0.8068181818181818,1.1882093655639812,1.9568181818181818,1.7191763087053855,54880.00000110129,4.84622850952625,3488000.0,
0.8522727272727273,1.3827941745587793,2.2772727272727273,2.000713892360971,54890.00000110187,4.8166091649054446,3489000.0,
0.8977272727272727,1.2089098771591722,1.9909090909090907,1.7491271154772563,54900.00000110245,4.379542648060067,3490000.0,
0.8977272727272727,1.1964895702020575,1.9704545454545452,1.731156631414134,54910.000001103035,4.366213698538246,3491000.0,
0.8295454545454546,1.2627312073066697,2.0795454545454546,1.8269992130841204,54920.00000110362,4.80548145547575,3492000.0,
0.7954545454545454,1.2130499794782106,1.9977272727272726,1.75511727683163,54930.0000011042,4.949545688583252,3493000.0,
0.7954545454545454,1.188209365563981,1.9568181818181818,1.7191763087053855,54940.00000110478,4.918888916805396,3494000.0,
0.8409090909090909,1.3289728444112816,2.188636363636363,1.9228417947541068,54950.00000110536,4.820937977228953,3495000.0,
0.7727272727272727,1.1923494678830193,1.9636363636363638,1.7251664700597595,54960.000001105946,5.07009637030085,3496000.0,
0.8409090909090909,1.3289728444112818,2.188636363636364,1.922841794754107,54970.00000110653,4.822019058310098,3497000.0,
0.7954545454545454,1.1219677284593688,1.8477272727272727,1.6233337270353987,54980.00000110711,4.837899430159731,3498000.0,
0.8409090909090909,1.3041322304970522,2.147727272727273,1.886900826627862,54990.00000110769,4.793559949871617,3499000.0,
0.8295454545454546,1.3496733560064733,2.2227272727272727,1.952792601525978,55000.000001108274,4.914671990894947,3500000.0,
0.8636363636363636,1.4407556070253154,2.3727272727272726,2.0845761513222096,55010.000001108856,4.826661755591992,3501000.0,
0.8522727272727273,1.3413931513683968,2.209090909090909,1.9408122788172297,55020.00000110944,4.7749652976957995,3502000.0,
0.8181818181818182,1.0888469099070628,1.7931818181818182,1.5754124362004056,55030.00000111002,4.665810112202637,3503000.0,
0.8295454545454546,1.3331129467303202,2.1954545454545453,1.9288319561084817,55040.0000011106,4.896900538616971,3504000.0,
0.8409090909090909,1.23789059339244,2.0386363636363636,1.7910582449578754,55050.000001111184,4.718029354396052,3505000.0,
0.7727272727272727,0.981204249612068,1.6159090909090907,1.4196682409866772,55060.000001111766,4.802731970185843,3506000.0,
0.8181818181818182,1.14266824005456,1.8818181818181814,1.6532845338072695,55070.00000111235,4.73381396016082,3507000.0,
0.8636363636363636,1.4117748907920473,2.3249999999999997,2.0426450218415906,55080.00000111293,4.7967893473221075,3508000.0,
0.8863636363636364,1.1219677284593692,1.8477272727272729,1.6233337270353991,55090.00000111351,4.347345642451369,3509000.0,
0.8068181818181818,1.2585911049876315,2.0727272727272723,1.8210090517297461,55100.000001114095,4.9458565809253,3510000.0,
0.7840909090909091,1.1054073191832159,1.8204545454545453,1.599373081617902,55110.00000111468,4.894429624563912,3511000.0,
0.8522727272727273,1.4448957093443535,2.3795454545454544,2.0905663126765837,55120.00000111526,4.9017416323879,3512000.0,
0.8863636363636364,1.4366155047062763,2.3659090909090907,2.0785859899678356,55130.00000111584,4.704384159242872,3513000.0,
0.7727272727272727,1.2089098771591722,1.9909090909090907,1.7491271154772563,55140.00000111642,5.1021157234823695,3514000.0,
0.7954545454545454,1.0598661936737948,1.7454545454545451,1.5334813067197863,55150.000001117005,4.76954321500129,3515000.0,
0.8409090909090909,1.4904368348537742,2.454545454545454,2.1564580875746997,55160.00000111759,5.024300560458525,3516000.0,
0.7954545454545454,1.3413931513683968,2.209090909090909,1.9408122788172297,55170.00000111817,5.124605676103141,3517000.0,
0.8409090909090909,1.229610388754364,2.025,1.7790779222491269,55180.00000111875,4.715209651583613,3518000.0,
0.8068181818181818,1.3082723328160908,2.1545454545454543,1.8928909879822362,55190.00000111933,5.012503736543967,3519000.0,
0.8409090909090909,1.2751515142637844,2.0999999999999996,1.8449696971472433,55200.000001119915,4.770447746784067,3520000.0,
0.8295454545454546,1.2006296725210959,1.9772727272727273,1.737146792768508,55210.0000011205,4.746509742310503,3521000.0,
0.8295454545454546,1.3206926397732053,2.175,1.910861472045359,55220.00000112108,4.89179112749116,3522000.0,
0.8181818181818182,1.2337504910734018,2.0318181818181817,1.7850680836035016,55230.00000112166,4.8540256002954765,3523000.0,
0.8181818181818182,1.2710114119447462,2.0931818181818183,1.8389795357928689,55240.000001122244,4.900122281360486,3524000.0,
0.7954545454545454,1.2461707980305166,2.0522727272727272,1.8030385676666236,55250.000001122826,5.009469003335787,3525000.0,
0.8295454545454546,1.3538134583255115,2.2295454545454545,1.9587827628803522,55260.00000112341,4.933909374513246,3526000.0,
0.7840909090909091,1.1964895702020575,1.9704545454545452,1.731156631414134,55270.00000112399,5.019867857747903,3527000.0,
0.7727272727272727,1.0847068075880246,1.7863636363636362,1.5694222748460314,55280.00000112457,4.9496176334495985,3528000.0,
0.8068181818181818,1.2089098771591724,1.9909090909090907,1.7491271154772563,55290.000001125154,4.894984073194875,3529000.0,
0.8295454545454546,1.266871309625708,2.086363636363636,1.8329893744384946,55300.000001125736,4.831294181560185,3530000.0,
0.8409090909090909,1.0805667052689862,1.779545454545454,1.5634321134916573,55310.00000112632,4.544995541493302,3531000.0,
0.8409090909090909,1.2544510026685933,2.065909090909091,1.8150188903753721,55320.0000011269,4.752317408671245,3532000.0,
0.875,1.4531759139824298,2.3931818181818176,2.102546635385332,55330.00000112748,4.794795849834961,3533000.0,
0.8181818181818182,1.2834317189018611,2.1136363636363638,1.8569500198559914,55340.000001128064,4.920858212086172,3534000.0,
0.8295454545454546,1.2337504910734018,2.0318181818181817,1.7850680836035016,55350.00000112865,4.794107441387703,3535000.0,
0.8522727272727273,1.2296103887543637,2.025,1.7790779222491269,55360.00000112923,4.661940189563056,3536000.0,
0.7954545454545454,1.2378905933924402,2.0386363636363636,1.7910582449578754,55370.00000112981,5.005916746076891,3537000.0,
0.8863636363636364,1.3538134583255115,2.2295454545454545,1.9587827628803518,55380.00000113039,4.623786978711473,3538000.0,
0.8522727272727273,1.2296103887543637,2.025,1.7790779222491269,55390.000001130975,4.6635401895631485,3539000.0,
0.8181818181818182,0.8516817535792129,1.8818181818181818,1.7114818311023392,55400.00000113156,4.752147293495219,3540000.0,
0.75,0.891797198494176,1.9704545454545452,1.79209510575571,55410.00000113214,4.850272022338552,3541000.0,
0.8295454545454546,1.043001567789036,2.3045454545454547,2.095945140987647,55420.00000113272,4.567999150305402,3542000.0,
0.8522727272727273,1.1355756714389504,2.5090909090909093,2.281975774803119,55430.0000011333,4.555339454579856,3543000.0,
0.875,1.0337441574240447,2.284090909090909,2.0773420776061,55440.000001133885,4.321159556625711,3544000.0,
0.8522727272727273,1.1880343301739023,2.6249999999999996,2.3873931339652192,55450.00000113447,4.617957614162261,3545000.0,
0.8068181818181818,0.9226552330441474,2.0386363636363636,1.854105317027534,55460.00000113505,4.54976704950357,3546000.0,
0.9090909090909091,1.147918885258939,2.536363636363636,2.306779859311848,55470.00000113563,4.286208273870718,3547000.0,
0.8295454545454546,1.0676879954290133,2.359090909090909,2.145553310005106,55480.00000113621,4.6010458028031005,3548000.0,
0.8977272727272727,1.1139750472539705,2.4613636363636364,2.2385686269128424,55490.000001136796,4.303665875509177,3549000.0,
0.8636363636363636,1.151004688713936,2.5431818181818175,2.312980880439031,55500.00000113738,4.516950165969791,3550000.0,
0.875,1.0399157643340389,2.2977272727272724,2.0897441198604647,55510.00000113796,4.331849185302279,3551000.0,
0.875,1.086202816158996,2.4,2.1827594367682006,55520.00000113854,4.385268153621742,3552000.0,
0.8068181818181818,1.021400943604056,2.256818181818182,2.05253799309737,55530.000001139124,4.6760997611836865,3553000.0,
0.875,1.166433705988922,2.5772727272727276,2.3439859860749426,55540.000001139706,4.477999560180679,3554000.0,
0.9090909090909091,1.0985460299789849,2.4272727272727272,2.20756352127693,55550.00000114029,4.235898133063001,3555000.0,
0.8977272727272727,1.1108892437989735,2.4545454545454546,2.23236760578566,55560.00000114087,4.303772828622804,3556000.0,
0.7840909090909091,1.061516388519019,2.3454545454545452,2.133151267750741,55570.00000114145,4.865119452124171,3557000.0,
0.8409090909090909,1.1602620990789276,2.5636363636363635,2.3315839438205774,55580.000001142034,4.654363036835703,3558000.0,
0.9431818181818182,1.2219781681788708,2.6999999999999997,2.4556043663642257,55590.00000114262,4.215588901284812,3559000.0,
0.8295454545454546,1.0059719263290703,2.222727272727272,2.0215328874614586,55600.0000011432,4.533223692107662,3560000.0,
0.875,1.0892886196139935,2.4068181818181817,2.188960457895383,55610.00000114378,4.3934701108173355,3561000.0,
0.75,1.0491731746990305,2.3181818181818183,2.108347183242012,55620.00000114436,5.072833930006371,3562000.0,
0.8068181818181818,0.9226552330441474,2.0386363636363636,1.8541053170275341,55630.000001144945,4.55934451429286,3563000.0,
0.8636363636363636,1.0892886196139933,2.4068181818181817,2.188960457895383,55640.00000114553,4.452857875433445,3564000.0,
0.8181818181818182,1.0584305850640219,2.3386363636363634,2.1269502466235592,55650.00000114611,4.663079048507592,3565000.0,
0.8863636363636364,1.0399157643340389,2.2977272727272724,2.0897441198604647,55660.00000114669,4.284004964978339,3566000.0,
0.7840909090909091,0.8485959501242157,1.875,1.7052808099751566,55670.00000114727,4.599365849534035,3567000.0,
0.8068181818181818,1.141747278348945,2.5227272727272725,2.2943778170574833,55680.000001147855,4.833712119741224,3568000.0,
0.8636363636363636,0.9288268399541416,2.0522727272727277,1.866507359281899,55690.00000114844,4.269691604248506,3569000.0,
0.7840909090909091,1.1047176368889788,2.440909090909091,2.2199655635312947,55700.00000114902,4.927752928306587,3570000.0,
0.8863636363636364,1.1880343301739023,2.625,2.3873931339652192,55710.0000011496,4.453677193105514,3571000.0,
0.8409090909090909,1.184948526718905,2.6181818181818177,2.381192112838037,55720.00000115018,4.691287437272874,3572000.0,
0.7954545454545454,0.9720280883241017,2.1477272727272725,1.9533216550624524,55730.000001150765,4.6922610254207475,3573000.0,
0.8977272727272727,1.1047176368889793,2.440909090909091,2.2199655635312947,55740.00000115135,4.3060120513058715,3574000.0,
0.7840909090909091,0.8300811293942328,1.8340909090909088,1.6680746832120625,55750.00000115193,4.580390425994616,3575000.0,
0.8863636363636364,1.271351023458825,2.809090909090909,2.5548207043991438,55760.00000115251,4.550239616298909,3576000.0,
0.8068181818181818,1.0862028161589963,2.4,2.1827594367682006,55770.000001153094,4.769938701815948,3577000.0,
0.8409090909090909,1.0769454057940047,2.3795454545454544,2.1641563733866533,55780.000001153676,4.566094536713721,3578000.0,
0.8409090909090909,1.209634954358882,2.6727272727272724,2.4308002818554963,55790.00000115426,4.72442805392604,3579000.0,
0.8181818181818182,1.0491731746990303,2.318181818181818,2.108347183242012,55800.00000115484,4.660097769173088,3580000.0,
0.8863636363636364,1.1540904921689334,2.5500000000000003,2.319181901566213,55810.00000115542,4.420509786125848,3581000.0,
0.8295454545454546,0.9442558572291275,2.086363636363636,1.8975124649178106,55820.000001156004,4.470881033467336,3582000.0,
0.8409090909090909,1.1417472783489448,2.5227272727272725,2.2943778170574833,55830.000001156586,4.645858925698133,3583000.0,
0.9090909090909091,1.0152293366940617,2.2431818181818177,2.040135950843006,55840.00000115717,4.15874977045043,3584000.0,
0.8409090909090909,0.9319126434091387,2.059090909090909,1.8727083804090816,55850.00000115775,4.397406927391399,3585000.0,
0.8181818181818182,1.061516388519019,2.3454545454545452,2.1331512677507414,55860.00000115833,4.678517252731046,3586000.0,
0.8295454545454546,0.9288268399541415,2.0522727272727272,1.866507359281899,55870.000001158915,4.455021396204499,3587000.0,
0.8295454545454546,1.0090577297840675,2.2295454545454545,2.0277339085886408,55880.0000011595,4.552286030520058,3588000.0,
0.8977272727272727,1.2528362027288422,2.7681818181818176,2.5176145776360497,55890.00000116008,4.478599820849452,3589000.0,
0.875,1.0707737988840105,2.3659090909090907,2.1517543311322886,55900.00000116066,4.387375250763167,3590000.0,
0.8295454545454546,0.9010546088591674,1.9909090909090907,1.8106981691372575,55910.00000116124,4.423734323103836,3591000.0,
0.8409090909090909,1.1324898679839532,2.502272727272727,2.2757747536759365,55920.000001161825,4.639714978237345,3592000.0,
0.8636363636363636,1.021400943604056,2.2568181818181814,2.05253799309737,55930.00000116241,4.389514250580722,3593000.0,
0.8409090909090909,1.0460873712440333,2.311363636363636,2.1021461621148294,55940.00000116299,4.538047144276422,3594000.0,
0.8863636363636364,1.1726053128989165,2.5909090909090904,2.3563880283293073,55950.00000116357,4.448577789001119,3595000.0,
0.9090909090909091,1.083117012703999,2.393181818181818,2.1765584156410185,55960.00000116415,4.2394262140617105,3596000.0,
0.8295454545454546,1.1417472783489446,2.522727272727273,2.294377817057484,55970.000001164735,4.717172061667046,3597000.0,
0.8522727272727273,1.1386614748939476,2.5159090909090907,2.2881767959303017,55980.00000116532,4.58829346396876,3598000.0,
0.8409090909090909,0.9010546088591673,1.9909090909090912,1.8106981691372575,55990.0000011659,4.368278453872954,3599000.0,
0.8636363636363636,1.5318378580441563,2.522727272727273,2.2163597011184413,56000.00000116648,4.532546848706597,3600000.0,
0.7840909090909091,1.2958520258589759,2.134090909090909,1.874920503919114,56010.00000116706,5.189489540327339,3601000.0,
0.8409090909090909,1.2130499794782106,1.9977272727272728,1.7551172768316305,56020.000001167646,4.740921597311911,3602000.0,
0.8522727272727273,1.2751515142637846,2.1,1.844969697147243,56030.00000116823,4.751108443496189,3603000.0,
0.8181818181818182,1.204769774840134,1.9840909090909087,1.7431369541228818,56040.00000116881,4.8636047249018795,3604000.0,
0.7727272727272727,1.0681463983118717,1.7590909090909093,1.5454616294285346,56050.00000116939,4.973480633212509,3605000.0,
0.8522727272727273,1.1012672168641773,1.8136363636363635,1.593382920263528,56060.000001169974,4.548684201214078,3606000.0,
0.875,1.3745139699207025,2.2636363636363637,1.988733569652223,56070.000001170556,4.743338043636784,3607000.0,
0.8409090909090909,1.266871309625708,2.086363636363636,1.8329893744384946,56080.00000117114,4.808168584514529,3608000.0,
0.8295454545454546,1.4614561186205064,2.4068181818181817,2.11452695809408,56090.00000117172,5.109149841720818,3609000.0,
0.875,1.4531759139824296,2.393181818181818,2.102546635385332,56100.0000011723,4.83479584983729,3610000.0,
0.8409090909090909,1.1468083423735984,1.8886363636363634,1.659274695161644,56110.000001172884,4.667012623458062,3611000.0,
0.8863636363636364,1.266871309625708,2.0863636363636364,1.8329893744384946,56120.00000117347,4.563647118642109,3612000.0,
0.7727272727272727,1.3082723328160908,2.1545454545454543,1.8928909879822364,56130.00000117405,5.288937724924125,3613000.0,
0.8068181818181818,1.2254702864353255,2.018181818181818,1.773087760894753,56140.00000117463,4.96339697483571,3614000.0,
0.8068181818181818,1.3289728444112823,2.1886363636363635,1.9228417947541074,56150.00000117521,5.092245215707352,3615000.0,
0.8295454545454546,1.2047697748401343,1.9840909090909091,1.743136954122882,56160.000001175795,4.803555345109086,3616000.0,
0.8636363636363636,1.3331129467303204,2.1954545454545458,1.9288319561084817,56170.00000117638,4.763075517359237,3617000.0,
0.8068181818181818,1.1757890586068664,1.936363636363636,1.7012058246422628,56180.00000117696,4.904073762879442,3618000.0,
0.8636363636363636,1.5111373464489652,2.4886363636363638,2.1864088943465707,56190.00000117754,4.9702616644019395,3619000.0,
0.8068181818181818,1.0557260913547566,1.7386363636363633,1.527491145365412,56200.00000117812,4.756390085158582,3620000.0,
0.7840909090909091,1.0226052728024508,1.6840909090909089,1.479569854530419,56210.000001178705,4.852595130632737,3621000.0,
0.875,1.2917119235399377,2.127272727272727,1.8689303425647397,56220.00000117929,4.65649934128,3622000.0,
0.8295454545454546,1.155088547011675,1.9022727272727271,1.6712550178703922,56230.00000117987,4.747501262247606,3623000.0,
0.8863636363636364,1.3579535606445499,2.2363636363636363,1.9647729242347263,56240.00000118045,4.672560427484238,3624000.0,
0.8522727272727273,1.3041322304970522,2.147727272727273,1.8869008266278622,56250.00000118103,4.796845817210574,3625000.0,
0.8409090909090909,1.3289728444112818,2.1886363636363635,1.922841794754107,56260.000001181616,4.891748788043886,3626000.0,
0.8409090909090909,1.2296103887543637,2.025,1.7790779222491273,56270.0000011822,4.774128570505961,3627000.0,
0.8636363636363636,1.2461707980305168,2.052272727272727,1.8030385676666236,56280.00000118278,4.668195134654537,3628000.0,
0.875,1.5318378580441567,2.522727272727273,2.2163597011184417,56290.00000118336,4.934565344349968,3629000.0,
0.7727272727272727,1.1219677284593688,1.8477272727272727,1.6233337270353987,56300.000001183944,5.057837648698361,3630000.0,
0.8863636363636364,1.3827941745587793,2.277272727272727,2.0007138923609715,56310.000001184526,4.704175479079987,3631000.0,
0.8522727272727273,1.2875718212208993,2.1204545454545456,1.8629401812103656,56320.00000118511,4.781148270326772,3632000.0,
0.8636363636363636,1.1964895702020575,1.9704545454545452,1.7311566314141336,56330.00000118569,4.613301081379634,3633000.0,
0.8181818181818182,1.1633687516497515,1.9159090909090908,1.6832353405791407,56340.00000118627,4.8296701410034935,3634000.0,
0.8181818181818182,1.2213301841162871,2.0113636363636362,1.7670975995403788,56350.000001186854,4.901067447351514,3635000.0,
0.8636363636363636,1.3082723328160908,2.1545454545454543,1.8928909879822362,56360.000001187436,4.744312701248606,3636000.0,
0.8522727272727273,1.1178276261403306,1.8409090909090908,1.6173435656810249,56370.00000118802,4.584648414765726,3637000.0,
0.8295454545454546,1.4655962209395446,2.4136363636363636,2.1205171194484547,56380.0000011886,5.130031060955652,3638000.0,
0.8636363636363636,1.312412435135129,2.161363636363636,1.8988811493366107,56390.00000118918,4.750685451302321,3639000.0,
0.8409090909090909,1.1757890586068662,1.9363636363636365,1.7012058246422628,56400.000001189765,4.717151853574211,3640000.0,
0.8977272727272727,1.3538134583255115,2.2295454545454545,1.9587827628803518,56410.00000119035,4.617409928351073,3641000.0,
0.7159090909090909,1.04744588671668,1.725,1.5155108226566638,56420.00000119093,5.362778381558093,3642000.0,
0.8636363636363636,1.3910743791968556,2.290909090909091,2.01269421506972,56430.00000119151,4.8438729654791794,3643000.0,
0.8409090909090909,1.2710114119447462,2.0931818181818183,1.838979535792869,56440.00000119209,4.83255140889506,3644000.0,
0.7840909090909091,1.1302479330974453,1.861363636363636,1.6353140497441472,56450.000001192675,5.003791566951799,3645000.0,
0.8977272727272727,1.312412435135129,2.161363636363636,1.8988811493366107,56460.00000119326,4.573823978468262,3646000.0,
0.8522727272727273,1.279291616582823,2.106818181818182,1.8509598585016172,56470.00000119384,4.779432830218561,3647000.0,
0.8409090909090909,1.1799291609259046,1.9431818181818181,1.7071959859966375,56480.00000119442,4.726399542818724,3648000.0,
0.8522727272727273,1.2130499794782106,1.9977272727272728,1.7551172768316305,56490.000001195,4.702775976015878,3649000.0,
0.875,1.3413931513683965,2.209090909090909,1.9408122788172297,56500.000001195585,4.727823341915968,3650000.0,
0.8295454545454546,1.3869342768778177,2.284090909090909,2.0067040537153455,56510.00000119617,5.042328991402204,3651000.0,
0.8636363636363636,1.2254702864353253,2.018181818181818,1.773087760894753,56520.00000119675,4.656857700176631,3652000.0,
0.8636363636363636,1.395214481515894,2.2977272727272724,2.0186843764240936,56530.00000119733,4.853929926059425,3653000.0,
0.8636363636363636,1.4655962209395446,2.4136363636363636,2.1205171194484547,56540.000001197914,4.935950887497367,3654000.0,
0.8181818181818182,1.2420306957114784,2.045454545454545,1.7970484063122498,56550.000001198496,4.937479183746283,3655000.0,
0.8295454545454546,1.2337504910734018,2.0318181818181817,1.7850680836035016,56560.00000119908,4.860408811254574,3656000.0,
0.7613636363636364,1.1757890586068662,1.9363636363636365,1.7012058246422628,56570.00000119966,5.220137868127331,3657000.0,
0.8181818181818182,1.3082723328160906,2.1545454545454548,1.8928909879822364,56580.00000120024,5.020107851318683,3658000.0,
0.8522727272727273,1.2337504910734018,2.0318181818181817,1.7850680836035016,56590.000001200824,4.732397909621214,3659000.0,
0.8409090909090909,1.021400943604056,2.256818181818182,2.05253799309737,56600.000001201406,4.959360815622708,3660000.0,
0.7727272727272727,0.9380842503191331,2.0727272727272723,1.885110422663446,56610.00000120199,4.838106088753235,3661000.0,
0.8409090909090909,1.1510046887139362,2.5431818181818175,2.3129808804390306,56620.00000120257,4.699570440729257,3662000.0,
0.8295454545454546,0.9689422848691046,2.140909090909091,1.9471206339352698,56630.00000120315,4.545023576378385,3663000.0,
0.8181818181818182,0.9812854986890932,2.1681818181818184,1.9719247184439994,56640.000001203734,4.623790609608103,3664000.0,
0.7613636363636364,1.0584305850640219,2.3386363636363634,2.1269502466235592,56650.00000120432,5.070771514817605,3665000.0,
0.8409090909090909,1.0707737988840103,2.3659090909090907,2.1517543311322886,56660.0000012049,4.606322896066768,3666000.0,
0.8409090909090909,1.1942059370838967,2.6386363636363637,2.399795176219584,56670.00000120548,4.75364760095315,3667000.0,
0.8636363636363636,1.2219781681788708,2.6999999999999997,2.4556043663642257,56680.00000120606,4.661235247459121,3668000.0,
0.8522727272727273,1.1139750472539705,2.4613636363636364,2.238568626912842,56690.000001206645,4.597194722206724,3669000.0,
0.8295454545454546,1.0244867470590533,2.2636363636363637,2.0587390142245527,56700.00000120723,4.615816900662383,3670000.0,
0.8409090909090909,1.1510046887139362,2.543181818181818,2.3129808804390306,56710.00000120781,4.704435305594405,3671000.0,
0.8409090909090909,1.002886122874073,2.215909090909091,2.015331866334276,56720.00000120839,4.528834848920004,3672000.0,
0.8295454545454546,1.203463347448888,2.659090909090909,2.4183982396011316,56730.00000120897,4.833213350447484,3673000.0,
0.8295454545454546,1.1294040645289563,2.4954545454545456,2.269573732548754,56740.000001209555,4.744484351859104,3674000.0,
0.875,1.1695195094439192,2.584090909090909,2.350187007202125,56750.00000121014,4.544383335561477,3675000.0,
0.8863636363636364,1.0985460299789849,2.427272727272727,2.20756352127693,56760.00000121072,4.406562187760537,3676000.0,
0.8295454545454546,1.0090577297840675,2.2295454545454545,2.0277339085886408,56770.0000012113,4.601053153810568,3677000.0,
0.8409090909090909,1.043001567789036,2.3045454545454542,2.095945140987647,56780.00000121188,4.5797829455758245,3678000.0,
0.8181818181818182,1.1972917405388934,2.645454545454545,2.4059961973467665,56790.000001212466,4.896131571869456,3679000.0,
0.8295454545454546,0.8516817535792129,1.8818181818181818,1.7114818311023392,56800.00000121305,4.412983483865085,3680000.0,
0.7954545454545454,1.0892886196139935,2.4068181818181817,2.188960457895383,56810.00000121363,4.90138855047449,3681000.0,
0.8636363636363636,1.2219781681788708,2.6999999999999997,2.4556043663642253,56820.00000121421,4.668603668512182,3682000.0,
0.7954545454545454,1.015229336694062,2.2431818181818177,2.0401359508430055,56830.000001214794,4.8094283090894985,3683000.0,
0.875,1.0707737988840103,2.3659090909090907,2.1517543311322886,56840.000001215376,4.436206419597178,3684000.0,
0.8522727272727273,1.0923744230689905,2.4136363636363636,2.1951614790225658,56850.00000121596,4.5803833231635105,3685000.0,
0.8636363636363636,1.1386614748939476,2.5159090909090907,2.2881767959303008,56860.00000121654,4.574236971024498,3686000.0,
0.8409090909090909,0.8609391639442044,1.9022727272727276,1.7300848944838862,56870.00000121712,4.368141168030903,3687000.0,
0.75,0.9226552330441474,2.0386363636363636,1.854105317027534,56880.000001217704,4.980506977501274,3688000.0,
0.875,1.0892886196139933,2.4068181818181817,2.188960457895383,56890.000001218286,4.459963617314712,3689000.0,
0.8522727272727273,0.8979688054041701,1.9840909090909087,1.804497148010075,56900.00000121887,4.354947398436943,3690000.0,
0.7613636363636364,0.9103120192241586,2.0113636363636362,1.8293012325188043,56910.00000121945,4.891750114909434,3691000.0,
0.8863636363636364,1.1294040645289563,2.495454545454545,2.269573732548754,56920.00000122003,4.449581508791752,3692000.0,
0.7954545454545454,1.0584305850640219,2.338636363636364,2.1269502466235592,56930.000001220615,4.869452735612067,3693000.0,
0.875,1.0738596023390075,2.3727272727272726,2.1579553522594708,56940.0000012212,4.4449278573122815,3694000.0,
0.8636363636363636,1.1263182610739593,2.4886363636363638,2.2633727114215714,56950.00000122178,4.564681670812156,3695000.0,
0.8181818181818182,1.0584305850640219,2.3386363636363634,2.1269502466235592,56960.00000122236,4.735856826289606,3696000.0,
0.7727272727272727,0.9596848745041132,2.1204545454545456,1.9285175705537227,56970.00000122294,4.887236308287972,3697000.0,
0.75,1.0491731746990305,2.3181818181818183,2.108347183242012,56980.000001223525,5.15525817243541,3698000.0,
0.8522727272727273,1.2219781681788708,2.6999999999999997,2.4556043663642257,56990.00000122411,4.739918384092871,3699000.0,
0.8409090909090909,1.107803440343976,2.4477272727272728,2.2261665846584773,57000.00000122469,4.668736523749959,3700000.0,
0.8181818181818182,1.1324898679839535,2.502272727272727,2.2757747536759365,57010.00000122527,4.829151505414129,3701000.0,
0.8409090909090909,1.1078034403439763,2.4477272727272723,2.2261665846584773,57020.00000122585,4.669817604831103,3702000.0,
0.8181818181818182,0.9720280883241017,2.147727272727273,1.9533216550624524,57030.000001226435,4.634142663607708,3703000.0,
0.75,0.9936287125090818,2.1954545454545453,1.996728802952729,57040.00000122702,5.084835253152054,3704000.0,
0.8068181818181818,0.9473416606841244,2.0931818181818183,1.9037134860449931,57050.0000012276,4.66994177672453,3705000.0,
0.875,1.1602620990789276,2.5636363636363635,2.331583943820578,57060.00000122818,4.5499073341063205,3706000.0,
0.875,1.1047176368889793,2.4409090909090905,2.2199655635312947,57070.000001228764,4.48694742926589,3707000.0,
0.8863636363636364,1.0553447816090247,2.3318181818181816,2.1207492254963767,57080.000001229346,4.374232574215895,3708000.0,
0.9090909090909091,1.3268954856487738,2.9318181818181817,2.666439084688427,57090.00000122993,4.564082534304251,3709000.0,
0.8409090909090909,1.0954602265239877,2.4204545454545454,2.2013625001497474,57100.00000123051,4.659463512721098,3710000.0,
0.8068181818181818,1.0244867470590533,2.2636363636363637,2.0587390142245527,57110.00000123109,4.768938503499287,3711000.0,
0.8181818181818182,0.9998003194190759,2.209090909090909,2.0091308452070935,57120.000001231674,4.673086501612968,3712000.0,
0.7840909090909091,0.9565990710491158,2.1136363636363633,1.9223165494265402,57130.000001232256,4.821746641443181,3713000.0,
0.8181818181818182,0.9010546088591673,1.9909090909090907,1.8106981691372575,57140.00000123284,4.5535084109287,3714000.0,
0.8636363636363636,1.021400943604056,2.256818181818182,2.0525379930973706,57150.00000123342,4.453724776900248,3715000.0,
0.8522727272727273,0.9658564814141073,2.134090909090909,1.9409196128080877,57160.000001234,4.44846893828941,3716000.0,
0.8522727272727273,1.1201466541639646,2.475,2.250970669167207,57170.000001234584,4.6300360743159406,3717000.0,
0.8636363636363636,1.1324898679839535,2.502272727272727,2.2757747536759365,57180.00000123517,4.583933005129696,3718000.0,
0.8522727272727273,1.1571762956239307,2.5568181818181817,2.3253829226933957,57190.00000123575,4.67455085362903,3719000.0,
0.8977272727272727,1.4490358116633915,2.3863636363636362,2.0965564740309577,57200.00000123633,4.352437296470707,3720000.0,
0.8409090909090909,1.2130499794782106,1.9977272727272726,1.7551172768316308,57210.00000123691,4.80524592163998,3721000.0,
0.8068181818181818,1.1343880354164837,1.8681818181818182,1.6413042110985214,57220.000001237495,4.91135136794266,3722000.0,
0.7613636363636364,1.3206926397732053,2.175,1.910861472045359,57230.00000123808,5.44986197473616,3723000.0,
0.8181818181818182,1.171648956287828,1.9295454545454545,1.695215663287889,57240.00000123866,4.889790391119608,3724000.0,
0.8977272727272727,1.2999921281780145,2.1409090909090907,1.8809106652734884,57250.00000123924,4.5999886998348165,3725000.0,
0.8295454545454546,1.2461707980305168,2.0522727272727277,1.8030385676666236,57260.00000123982,4.913737400465384,3726000.0,
0.8181818181818182,1.299992128178014,2.1409090909090907,1.8809106652734882,57270.000001240405,5.048320934541043,3727000.0,
0.8409090909090909,1.2337504910734018,2.0318181818181817,1.7850680836035016,57280.00000124099,4.833646530023671,3728000.0,
0.7727272727272727,1.1757890586068662,1.9363636363636365,1.7012058246422628,57290.00000124157,5.185724075951453,3729000.0,
0.8977272727272727,1.2296103887543637,2.025,1.7790779222491269,57300.00000124215,4.524120433135201,3730000.0,
0.8863636363636364,1.3331129467303204,2.1954545454545453,1.9288319561084812,57310.00000124273,4.699406914353428,3731000.0,
0.8522727272727273,1.3082723328160908,2.1545454545454543,1.8928909879822364,57320.000001243316,4.858770203934901,3732000.0,
0.8522727272727273,1.2958520258589759,2.134090909090909,1.874920503919114,57330.0000012439,4.84473037710525,3733000.0,
0.8202247191011236,1.1830458671660795,1.948314606741573,1.7117054333083572,57340.00000124448,4.858231262809415,3734000.0,
0.8089887640449438,1.326321318206954,2.1842696629213485,1.9190053992799576,57350.00000124506,5.10336662955177,3735000.0,
0.7865168539325843,1.1257356867497297,1.8539325842696626,1.6287854469197172,57360.000001245644,4.994718230400526,3736000.0,
0.797752808988764,1.2853854750524185,2.1168539325842692,1.859776837573786,57370.000001246226,5.125057849112372,3737000.0,
0.7865168539325843,1.2321688789515222,2.0292134831460675,1.7827797073557627,57380.00000124681,5.131183289057158,3738000.0,
0.8089887640449438,1.0847998435951942,1.7865168539325842,1.5695568852135455,57390.00000124739,4.807041473434585,3739000.0,
0.898876404494382,1.3713507456769434,2.258426966292135,1.9841568171567463,57400.00000124797,4.645625204657102,3740000.0,
0.8876404494382022,1.3713507456769432,2.2584269662921344,1.9841568171567463,57410.000001248554,4.704936916108487,3741000.0,
0.7640449438202247,1.0274896631788442,1.6921348314606737,1.4866368988249055,57420.00000124914,5.016564412209441,3742000.0,
0.898876404494382,1.3959122515696647,2.2988764044943815,2.019693954180449,57430.00000124972,4.674449879962841,3743000.0,
0.8426966292134831,1.4736903535632822,2.4269662921348316,2.132228221422175,57440.0000012503,5.078909886326155,3744000.0,
0.8764044943820225,1.2771983064215113,2.103370786516854,1.8479311252325517,57450.00000125088,4.659877554857005,3745000.0,
0.8651685393258427,1.2935726436833255,2.1303370786516855,1.87162254991502,57460.000001251465,4.739841107729222,3746000.0,
0.8314606741573034,1.3058533966296861,2.150561797752809,1.8893911184268715,57470.00000125205,4.947307463613224,3747000.0,
0.797752808988764,1.1543907769579043,1.9011235955056183,1.6702454401140368,57480.00000125263,4.96705041065623,3748000.0,
0.8089887640449438,1.2157945416897078,2.002247191011236,1.7590882826732943,57490.00000125321,4.974521030801738,3749000.0,
0.8314606741573034,1.1502971926424508,1.8943820224719101,1.66432258394342,57500.00000125379,4.761841218277319,3750000.0,
0.898876404494382,1.5760299614496212,2.595505617977528,2.280299625687604,57510.000001254375,4.8788308322045255,3751000.0,
0.8651685393258427,1.2567303848442435,2.0696629213483146,1.8183168443794662,57520.00000125496,4.700374081279036,3752000.0,
0.8876404494382022,1.281291890736965,2.1101123595505618,1.8538539814031687,57530.00000125554,4.609554155480257,3753000.0,
0.8314606741573034,1.3222277338915005,2.17752808988764,1.9130825431093406,57540.00000125612,4.9707847070769775,3754000.0,
0.8314606741573034,1.3754443299923969,2.265168539325843,1.9900796733273634,57550.0000012567,5.035328991576736,3755000.0,
0.8426966292134831,1.1871394514815328,1.9550561797752808,1.7176282894789745,57560.000001257285,4.745269482522851,3756000.0,
0.8764044943820225,1.3959122515696647,2.298876404494382,2.019693954180449,57570.00000125787,4.801487056372563,3757000.0,
0.8202247191011236,1.244449631897883,2.049438202247191,1.8005482758676146,57580.00000125845,4.946244071866762,3758000.0,
0.8202247191011236,1.3426956554687683,2.2112359550561798,1.942696823962426,57590.00000125903,5.066571415672394,3759000.0,
0.8314606741573034,1.2035137887433471,1.982022471910112,1.741319714161443,57600.000001259614,4.831250367642226,3760000.0,
0.8314606741573034,1.2076073730588006,1.9887640449438202,1.74724257033206,57610.000001260196,4.836714273102734,3761000.0,
0.8089887640449438,1.3959122515696645,2.2988764044943815,2.019693954180449,57620.00000126078,5.2043887555148824,3762000.0,
0.8876404494382022,1.354976408415129,2.231460674157303,1.9604653924742776,57630.00000126136,4.697629118434434,3763000.0,
0.7640449438202247,1.1380164396960901,1.874157303370786,1.6465540154315683,57640.00000126194,5.174165634416589,3764000.0,
0.8426966292134831,1.3263213182069542,2.1842696629213485,1.9190053992799574,57650.000001262524,4.915231964370631,3765000.0,
0.8426966292134831,1.2198881260051617,2.0089887640449438,1.7650111388439116,57660.000001263106,4.789464576291202,3766000.0,
0.8426966292134831,1.4327545104087467,2.359550561797753,2.0729996597160034,57670.00000126369,5.042599352450154,3767000.0,
0.7752808988764045,1.0847998435951938,1.7865168539325842,1.5695568852135455,57680.00000126427,5.03285487083127,3768000.0,
0.9213483146067416,1.318134149576047,2.1707865168539326,1.9071596869387233,57690.00000126485,4.488704138044584,3769000.0,
0.8202247191011236,1.2690111377906041,2.089887640449438,1.8360854128913173,57700.000001265435,4.982764263982928,3770000.0,
0.8539325842696629,1.3467892397842218,2.2179775280898877,1.9486196801330433,57710.00000126602,4.877684767739318,3771000.0,
0.8202247191011236,1.1912330357969865,1.9617977528089887,1.7235511456495916,57720.0000012666,4.889034797168857,3772000.0,
0.7865168539325843,1.1953266201124402,1.9685393258426964,1.7294740018202086,57730.00000126718,5.104340988534346,3773000.0,
0.8426966292134831,1.350882824099675,2.2247191011235956,1.9545425363036604,57740.00000126776,4.94917828469694,3774000.0,
0.8651685393258427,1.2362624632669756,2.035955056179775,1.78870256352638,57750.000001268345,4.688664405690423,3775000.0,
0.8426966292134831,1.3263213182069542,2.184269662921348,1.9190053992799574,57760.00000126893,4.92109863103764,3776000.0,
0.8539325842696629,1.3181341495760468,2.1707865168539326,1.907159686938723,57770.00000126951,4.847286043679928,3777000.0,
0.8202247191011236,1.2444496318978826,2.049438202247191,1.8005482758676146,57780.00000127009,4.957202975976989,3778000.0,
0.8314606741573034,1.2117009573742543,1.9955056179775281,1.7531654265026775,57790.00000127067,4.851367367752968,3779000.0,
0.8089887640449438,0.7902430600707306,1.746067415730337,1.5880188037161909,57800.000001271255,4.799458500874075,3780000.0,
0.8876404494382022,1.1441743147742236,2.528089887640449,2.2992550246856047,57810.00000127184,4.469257139523057,3781000.0,
0.8539325842696629,1.0709471586286732,2.3662921348314607,2.152102703105726,57820.00000127242,4.560448646386446,3782000.0,
0.8651685393258427,1.0862028161589963,2.3999999999999995,2.1827594367682006,57830.000001273,4.519374683708714,3783000.0,
0.7865168539325843,0.9153394518193788,2.022471910112359,1.839404019748484,57840.00000127358,4.754643017419248,3784000.0,
0.8089887640449438,1.110611868207513,2.453932584269663,2.23181021062816,57850.000001274166,4.86450355941519,3785000.0,
0.8089887640449438,1.0068733970013166,2.224719101123595,2.0233444217233325,57860.00000127475,4.736826838063117,3786000.0,
0.7528089887640449,0.8451634271798929,1.8674157303370784,1.6983830449011,57870.00000127533,4.876109627260301,3787000.0,
0.898876404494382,1.1258675257378359,2.487640449438202,2.2624669442906344,57880.00000127591,4.396525122476242,3788000.0,
0.8539325842696629,0.9183905833254432,2.029213483146067,1.8455353664809788,57890.000001276494,4.385481077939457,3789000.0,
0.8651685393258427,1.1411231832681592,2.5213483146067417,2.2931236779531097,57900.000001277076,4.586490432705231,3790000.0,
0.8876404494382022,1.1502765777863528,2.541573033707865,2.3115177181505944,57910.00000127766,4.481195132030688,3791000.0,
0.8876404494382022,1.0312824490498336,2.278651685393258,2.0723951955832915,57920.00000127824,4.347644784466791,3792000.0,
0.797752808988764,1.0709471586286732,2.3662921348314607,2.1521027031057263,57930.00000127882,4.887804184864726,3793000.0,
0.898876404494382,1.0984073421832543,2.4269662921348316,2.2072848236981804,57940.000001279404,4.368975668271944,3794000.0,
0.8539325842696629,1.162481103810611,2.5685393258426963,2.336043105080574,57950.00000127999,4.6744818190341135,3795000.0,
0.8651685393258427,1.080100553146867,2.3865168539325845,2.170496743303211,57960.00000128057,4.519074665422361,3796000.0,
0.797752808988764,0.9946688709770583,2.197752808988764,1.9988190347933525,57970.00000128115,4.794441260907198,3797000.0,
0.8426966292134831,1.1502765777863528,2.541573033707865,2.311517718150595,57980.00000128173,4.7239255390725425,3798000.0,
0.8764044943820225,1.162481103810611,2.5685393258426963,2.3360431050805746,57990.000001282315,4.5566745929051535,3799000.0,
0.8202247191011236,0.9580552929042833,2.1168539325842692,1.925242874003413,58000.0000012829,4.620092069533439,3800000.0,
0.8764044943820225,1.0984073421832545,2.4269662921348316,2.2072848236981804,58010.00000128348,4.484590428997075,3801000.0,
0.8089887640449438,1.003822265495252,2.2179775280898872,2.017213074990837,58020.00000128406,4.741944189396417,3802000.0,
0.8426966292134831,1.0617937641104793,2.3460674157303365,2.1337086629082407,58030.00000128464,4.621592600177327,3803000.0,
0.8651685393258427,1.1777367613409342,2.602247191011236,2.366699838743049,58040.000001285225,4.636082750218343,3804000.0,
0.8314606741573034,1.0953562106771901,2.4202247191011232,2.2011534769656853,58050.00000128581,4.72549328051002,3805000.0,
0.8314606741573034,1.0678960271226086,2.3595505617977524,2.145971356373231,58060.00000128639,4.693007384072784,3806000.0,
0.7752808988764045,0.973310950434606,2.150561797752809,1.9558996076658872,58070.00000128697,4.911659052118204,3807000.0,
0.8202247191011236,0.9885666079649291,2.1842696629213485,1.986556341328363,58080.00000128755,4.661674357758318,3808000.0,
0.8202247191011236,1.0068733970013168,2.224719101123595,2.023344421723332,58090.000001288136,4.684541538912303,3809000.0,
0.8764044943820225,1.1319697887499651,2.5011235955056175,2.274729637755625,58100.00000128872,4.5275014257208985,3810000.0,
0.8314606741573034,1.2509639174864842,2.764044943820225,2.513852160322928,58110.0000012893,4.91588633329436,3811000.0,
0.7752808988764045,0.9855154764588645,2.17752808988764,1.9804249945958674,58120.00000128988,4.930299672642417,3812000.0,
0.8651685393258427,0.8726236107344746,1.9280898876404493,1.753565165493554,58130.000001290464,4.288094822894265,3813000.0,
0.8202247191011236,0.9885666079649291,2.184269662921348,1.9865563413283622,58140.000001291046,4.664962028991386,3814000.0,
0.8089887640449438,0.9763620819406709,2.1573033707865163,1.9620309543983827,58150.00000129163,4.71522257361409,3815000.0,
0.797752808988764,1.192992418871257,2.635955056179775,2.3973565724055237,58160.00000129221,5.053748243479423,3816000.0,
0.8426966292134831,0.9763620819406709,2.157303370786517,1.9620309543983827,58170.00000129279,4.527680337336256,3817000.0,
0.8651685393258427,1.1441743147742236,2.528089887640449,2.2992550246856043,58180.000001293374,4.6045625197715285,3818000.0,
0.8651685393258427,1.1106118682075132,2.453932584269663,2.23181021062816,58190.000001293956,4.566289042571076,3819000.0,
0.8314606741573034,1.0343335805558982,2.285393258426966,2.0785265423157866,58200.00000129454,4.660209306445695,3820000.0,
0.8651685393258427,1.1960435503773215,2.642696629213483,2.4034879191380187,58210.00000129512,4.666073714170005,3821000.0,
0.7640449438202247,1.003822265495252,2.2179775280898872,2.017213074990837,58220.0000012957,5.032646788773361,3822000.0,
0.8539325842696629,1.0831516846529314,2.393258426966292,2.1766280900357056,58230.000001296285,4.596319736074005,3823000.0,
0.7865168539325843,1.003822265495252,2.2179775280898877,2.017213074990837,58240.00000129687,4.889999737665617,3824000.0,
0.8651685393258427,1.1624811038106113,2.5685393258426967,2.3360431050805746,58250.00000129745,4.629358678528085,3825000.0,
0.8764044943820225,1.0068733970013166,2.224719101123595,2.023344421723332,58260.00000129803,4.392968363341508,3826000.0,
0.797752808988764,1.0343335805558982,2.2853932584269665,2.0785265423157866,58270.00000129861,4.861063220802784,3827000.0,
0.8202247191011236,1.1075607367014484,2.4471910112359554,2.2256788638956655,58280.000001299195,4.817708295533616,3828000.0,
0.8426966292134831,1.1380720517620944,2.5146067415730333,2.2869923312206146,58290.00000129978,4.725976168191384,3829000.0,
0.8876404494382022,1.192992418871257,2.635955056179775,2.3973565724055237,58300.00000130036,4.549064877051539,3830000.0,
0.7752808988764045,1.080100553146867,2.3865168539325845,2.170496743303211,58310.00000130094,5.063315206342076,3831000.0,
0.8764044943820225,1.080100553146867,2.3865168539325845,2.1704967433032105,58320.00000130152,4.479599349200071,3832000.0,
0.8314606741573034,1.0099245285073815,2.231460674157303,2.0294757684558267,58330.000001302105,4.637879500603969,3833000.0,
0.8426966292134831,1.177736761340934,2.6022471910112355,2.366699838743049,58340.00000130269,4.775711623558428,3834000.0,
0.8426966292134831,0.9366973723618308,2.0696629213483146,1.8823234468759482,58350.00000130327,4.490211548636591,3835000.0,
0.8764044943820225,0.9427996353739602,2.083146067415731,1.894586140340938,58360.00000130385,4.324986763536233,3836000.0,
0.8764044943820225,1.2082480764015802,2.6696629213483143,2.428013306067998,58370.000001304434,4.62838306163188,3837000.0,
0.8314606741573034,1.019077923025575,2.251685393258427,2.047869808653312,58380.000001305016,4.651591015632763,3838000.0,
0.7865168539325843,0.9763620819406706,2.157303370786517,1.9620309543983827,58390.0000013056,4.863657504289577,3839000.0,
0.7640449438202247,1.318134149576047,2.1707865168539326,1.907159686938723,58400.00000130618,5.015281275122827,3840000.0,
0.8089887640449438,1.158484361273358,1.907865168539326,1.6761682962846542,58410.00000130676,4.954790391123392,3841000.0,
0.7415730337078652,1.0315832474942976,1.6988764044943818,1.4925597549955223,58420.000001307344,5.2347077126447,3842000.0,
0.8539325842696629,1.2403560475824291,2.042696629213483,1.794625419696997,58430.000001307926,4.790940634768371,3843000.0,
0.8539325842696629,1.084799843595194,1.7865168539325842,1.5695568852135455,58440.00000130851,4.609302448520192,3844000.0,
0.8089887640449438,1.1339228553806366,1.8674157303370784,1.6406311592609513,58450.00000130909,4.92665186300613,3845000.0,
0.8089887640449438,1.0070217416015763,1.6584269662921347,1.4570226179718195,58460.00000130967,4.770343541807045,3846000.0,
0.8426966292134831,1.2771983064215113,2.103370786516854,1.8479311252325514,58470.000001310254,4.900672657054452,3847000.0,
0.8314606741573034,1.3795379143078503,2.2719101123595506,1.9960025294979804,58480.00000131084,5.09052262676987,3848000.0,
0.8202247191011236,1.260823969159697,2.076404494382022,1.824239700550083,58490.00000131142,5.016070318668316,3849000.0,
0.8651685393258427,1.2690111377906041,2.0898876404494384,1.8360854128913175,58500.000001312,4.7654778087135075,3850000.0,
0.8426966292134831,1.3263213182069538,2.184269662921348,1.9190053992799574,58510.00000131258,4.961098631039967,3851000.0,
0.8314606741573034,1.1871394514815332,1.9550561797752806,1.7176282894789745,58520.000001313165,4.8612866376951,3852000.0,
0.797752808988764,1.1871394514815328,1.9550561797752808,1.7176282894789743,58530.00000131375,5.067256495625911,3853000.0,
0.7640449438202247,1.2117009573742543,1.9955056179775277,1.7531654265026773,58540.00000131433,5.323546841380797,3854000.0,
0.7752808988764045,1.1093613494879153,1.8269662921348313,1.6050940222372483,58550.00000131491,5.114970436405978,3855000.0,
0.8651685393258427,1.281291890736965,2.1101123595505618,1.8538539814031687,58560.00000131549,4.7827893283529885,3856000.0,
0.8539325842696629,1.3877250829387575,2.2853932584269665,2.0078482418392145,58570.000001316075,4.97088595248871,3857000.0,
0.8202247191011236,1.1298292710651832,1.8606741573033707,1.6347083030903344,58580.00000131666,4.861295960717757,3858000.0,
0.797752808988764,1.1912330357969867,1.9617977528089887,1.7235511456495913,58590.00000131724,5.075768171739846,3859000.0,
0.7528089887640449,1.0888934279106477,1.7932584269662921,1.5754797413841626,58600.00000131782,5.243452464054436,3860000.0,
0.8089887640449438,1.1543907769579045,1.9011235955056178,1.6702454401140372,58610.0000013184,4.960841377178548,3861000.0,
0.8539325842696629,1.2076073730588006,1.9887640449438202,1.7472425703320604,58620.000001318986,4.762590213287336,3862000.0,
0.8426966292134831,1.30994698094514,2.157303370786517,1.8953139745974887,58630.00000131957,4.948067750822988,3863000.0,
0.8202247191011236,1.2239817103206152,2.0157303370786517,1.7709339950145286,58640.00000132015,4.9793722222759405,3864000.0,
0.7865168539325843,1.3754443299923966,2.265168539325843,1.9900796733273634,58650.00000132073,5.385919219670493,3865000.0,
0.8202247191011236,1.3017598123142327,2.1438202247191014,1.8834682622562546,58660.000001321314,5.075293469912059,3866000.0,
0.898876404494382,1.1748586985351723,1.9348314606741572,1.699859720967123,58670.000001321896,4.490527802215579,3867000.0,
0.8876404494382022,1.354976408415129,2.231460674157303,1.9604653924742776,58680.00000132248,4.750793675399553,3868000.0,
0.8651685393258427,1.3017598123142327,2.143820224719101,1.8834682622562546,58690.00000132306,4.813200302643991,3869000.0,
0.8426966292134831,1.3590699927305825,2.238202247191011,1.9663882486448945,58700.00000132364,5.010093724808596,3870000.0,
0.8426966292134831,1.2239817103206152,2.0157303370786512,1.7709339950145286,58710.000001324224,4.8503222963488,3871000.0,
0.7640449438202247,1.1339228553806369,1.8674157303370784,1.6406311592609513,58720.00000132481,5.232337266713297,3872000.0,
0.8764044943820225,1.2976662279987792,2.137078651685393,1.8775454060856371,58730.00000132539,4.748873003840016,3873000.0,
0.8314606741573034,1.2853854750524187,2.1168539325842692,1.859776837573786,58740.00000132597,4.9913392876661815,3874000.0,
0.7865168539325843,1.0888934279106477,1.7932584269662923,1.5754797413841626,58750.00000132655,5.027304501309745,3875000.0,
0.8089887640449438,1.354976408415129,2.2314606741573035,1.9604653924742779,58760.000001327135,5.217120838285879,3876000.0,
0.7415730337078652,1.1052677651724614,1.8202247191011236,1.5991711660666315,58770.00000132772,5.355282289514974,3877000.0,
0.8314606741573034,1.1707651142197188,1.9280898876404493,1.6939368647965058,58780.0000013283,4.855647232070223,3878000.0,
0.797752808988764,1.2976662279987792,2.1370786516853935,1.8775454060856376,58790.00000132888,5.220452032387819,3879000.0,
0.8539325842696629,1.2485432162133363,2.0561797752808983,1.8064711320382314,58800.00000132946,4.820001924350436,3880000.0,
0.8426966292134831,1.1994202044278937,1.9752808988764043,1.735396857990826,58810.000001330045,4.826509309356413,3881000.0,
0.8426966292134831,1.318134149576047,2.1707865168539326,1.9071596869387226,58820.00000133063,4.967916524265586,3882000.0,
0.7415730337078652,1.1707651142197188,1.928089887640449,1.6939368647965058,58830.00000133121,5.4472408359576985,3883000.0,
0.8426966292134831,1.346789239784222,2.2179775280898872,1.9486196801330435,58840.00000133179,5.002987231312682,3884000.0,
0.8764044943820225,1.3099469809451398,2.1573033707865163,1.8953139745974887,58850.00000133237,4.769039503997119,3885000.0,
0.8426966292134831,1.0356768318097511,1.7056179775280897,1.4984826111661398,58860.000001332955,4.634867173849706,3886000.0,
0.8764044943820225,1.281291890736965,2.1101123595505618,1.8538539814031687,58870.00000133354,4.737368952349389,3887000.0,
0.8202247191011236,1.2690111377906041,2.089887640449438,1.8360854128913175,58880.00000133412,5.047421798233268,3888000.0,
0.8539325842696629,1.289479059367872,2.123595505617977,1.8656996937444033,58890.0000013347,4.8726767933079955,3889000.0,
0.8426966292134831,1.1011741808570081,1.813483146067416,1.593248309896014,58900.000001335284,4.714724028052576,3890000.0,
0.7865168539325843,1.1257356867497297,1.8539325842696626,1.628785446919717,58910.000001335866,5.08328965897711,3891000.0,
0.8651685393258427,1.3754443299923969,2.2651685393258427,1.9900796733273634,58920.00000133645,4.910316173727239,3892000.0,
0.7303370786516854,1.166671529904265,1.9213483146067416,1.6880140086258886,58930.00000133703,5.5315933256793235,3893000.0,
0.8539325842696629,1.1216421024342758,1.8471910112359549,1.6228625907490997,58940.00000133761,4.678762462162228,3894000.0,
0.8314606741573034,1.1748586985351723,1.9348314606741575,1.699859720967123,58950.000001338194,4.869759786179884,3895000.0,
0.8651685393258427,1.2117009573742543,1.9955056179775281,1.7531654265026773,58960.000001338776,4.72313227550639,3896000.0,
0.797752808988764,1.2567303848442435,2.0696629213483146,1.8183168443794662,58970.00000133936,5.179278933222865,3897000.0,
0.8314606741573034,1.3058533966296864,2.150561797752809,1.889391118426872,58980.00000133994,5.0289290852395965,3898000.0,
0.797752808988764,1.1339228553806366,1.8674157303370784,1.6406311592609513,58990.00000134052,5.026463861078409,3899000.0,
0.8539325842696629,0.9122883203133143,2.0157303370786512,1.8332726730159885,59000.000001341105,4.801765424029309,3900000.0,
0.8539325842696629,1.1533277092924172,2.548314606741573,2.3176490648830894,59010.00000134169,4.719552185983161,3901000.0,
0.8539325842696629,1.2936797585713888,2.8584269662921344,2.5996910145778567,59020.00000134227,4.884438138428302,3902000.0,
0.8876404494382022,1.1502765777863528,2.5415730337078646,2.311517718150595,59030.00000134285,4.537903992793482,3903000.0,
0.8539325842696629,1.1441743147742236,2.528089887640449,2.2992550246856043,59040.00000134343,4.7104120266132625,3904000.0,
0.8426966292134831,0.997720002483123,2.204494382022472,2.004950381525847,59050.000001344015,4.5999584030493645,3905000.0,
0.8089887640449438,1.1502765777863526,2.541573033707865,2.3115177181505944,59060.0000013446,4.980755769870722,3906000.0,
0.8202247191011236,1.0587426326044147,2.339325842696629,2.127577316175746,59070.00000134518,4.801478004239752,3907000.0,
0.8314606741573034,1.1289186572439005,2.49438202247191,2.26859829102313,59080.00000134576,4.821534601384033,3908000.0,
0.9101123595505618,1.0953562106771901,2.4202247191011232,2.2011534769656853,59090.00000134634,4.368475342691155,3909000.0,
0.8314606741573034,1.012975660013446,2.238202247191011,2.0356071151883217,59100.000001346925,4.683170726336658,3910000.0,
0.8539325842696629,1.1380720517620944,2.5146067415730333,2.2869923312206146,59110.00000134751,4.706950165980851,3911000.0,
0.7752808988764045,0.9519530298921539,2.1033707865168534,1.912980180538423,59120.00000134809,4.944979995190179,3912000.0,
0.898876404494382,1.2448616544743554,2.750561797752809,2.5015894668579377,59130.00000134867,4.591406090699258,3913000.0,
0.9213483146067416,1.1655322353166757,2.575280898876404,2.342174451813069,59140.00000134925,4.393806938425725,3914000.0,
0.7191011235955056,0.8878792682647976,1.9617977528089883,1.784221899156029,59150.000001349836,5.244078982551478,3915000.0,
0.8202247191011236,1.0770494216408026,2.3797752808988766,2.164365396570716,59160.00000135042,4.828728747037828,3916000.0,
0.8764044943820225,1.0831516846529314,2.393258426966292,2.1766280900357056,59170.000001351,4.5266705120749124,3917000.0,
0.8426966292134831,1.0404358435680272,2.298876404494382,2.0907892357807762,59180.00000135158,4.657581201137188,3918000.0,
0.797752808988764,0.9550041613982186,2.1101123595505618,1.9191115272709183,59190.000001352164,4.813453103833498,3919000.0,
0.8426966292134831,1.0068733970013168,2.224719101123595,2.0233444217233325,59200.000001352746,4.61882043121142,3920000.0,
0.8089887640449438,0.9641575559164123,2.1303370786516855,1.9375055674684027,59210.00000135333,4.759025312281976,3921000.0,
0.8651685393258427,0.9489018983860895,2.096629213483146,1.9068488338059282,59220.00000135391,4.432884012520856,3922000.0,
0.8651685393258427,1.0862028161589963,2.4,2.1827594367682006,59230.00000135449,4.59210195644022,3923000.0,
0.7640449438202247,0.9824643449527999,2.1707865168539326,1.9742936478633726,59240.000001355074,5.064693039831585,3924000.0,
0.8314606741573034,1.0434869750740918,2.30561797752809,2.096920582513271,59250.00000135566,4.72797487553169,3925000.0,
0.898876404494382,1.0221290545316397,2.258426966292135,2.054001155385807,59260.00000135624,4.350116073263365,3926000.0,
0.8764044943820225,1.0282313175437687,2.2719101123595506,2.066263848850797,59270.00000135682,4.4691331701173205,3927000.0,
0.7415730337078652,1.019077923025575,2.251685393258427,2.0478698086533114,59280.0000013574,5.269965684197487,3928000.0,
0.8876404494382022,1.1685833668227403,2.5820224719101126,2.348305798545564,59290.000001357985,4.571692653860559,3929000.0,
0.8426966292134831,0.9489018983860893,2.096629213483146,1.9068488338059282,59300.00000135857,4.55536091952166,3930000.0,
0.8764044943820225,1.147225446280288,2.534831460674157,2.3053863714180993,59310.00000135915,4.606959804188597,3931000.0,
0.8539325842696629,0.8360100326616994,1.8471910112359549,1.6799890047036155,59320.00000135973,4.364272275192874,3932000.0,
0.8651685393258427,1.1380720517620944,2.5146067415730333,2.2869923312206146,59330.00000136031,4.6572495144752715,3933000.0,
0.8651685393258427,1.0465381065801562,2.3123595505617978,2.103051929245766,59340.000001360895,4.55197001939488,3934000.0,
0.8539325842696629,1.019077923025575,2.251685393258427,2.047869808653312,59350.00000136148,4.580233357329611,3935000.0,
0.7865168539325843,0.8207543751313762,1.8134831460674155,1.6493322710411404,59360.00000136206,4.721241991349557,3936000.0,
0.8539325842696629,1.1655322353166757,2.5752808988764047,2.342174451813069,59370.00000136264,4.752791696723198,3937000.0,
0.8764044943820225,1.2051969448955155,2.662921348314607,2.4218819593355034,59380.00000136322,4.676696514147206,3938000.0,
0.8651685393258427,1.1075607367014484,2.447191011235955,2.225678863895665,59390.000001363805,4.625100072392369,3939000.0,
0.8651685393258427,1.073998290134738,2.373033707865168,2.158234049838221,59400.00000136439,4.586826595191916,3940000.0,
0.8539325842696629,1.019077923025575,2.251685393258427,2.047869808653312,59410.00000136497,4.583391252066637,3941000.0,
0.8202247191011236,1.0099245285073815,2.231460674157303,2.0294757684558267,59420.00000136555,4.7611381239033905,3942000.0,
0.8876404494382022,1.1899412873651924,2.6292134831460676,2.3912252256730286,59430.000001366134,4.602842716244241,3943000.0,
0.8651685393258427,1.1075607367014484,2.4471910112359554,2.225678863895665,59440.000001366716,4.627697474989923,3944000.0,
0.8764044943820225,1.080100553146867,2.386516853932584,2.1704967433032105,59450.0000013673,4.537548067152162,3945000.0,
0.898876404494382,1.1075607367014484,2.4471910112359554,2.225678863895665,59460.00000136788,4.455158819677859,3946000.0,
0.7528089887640449,0.9977200024831231,2.204494382022472,2.0049503815258474,59470.00000136846,5.174281794459703,3947000.0,
0.8539325842696629,1.0373847120619626,2.292134831460674,2.0846578890482816,59480.000001369044,4.608513676069989,3948000.0,
0.9213483146067416,1.101458473689319,2.433707865168539,2.2134161704306754,59490.000001369626,4.341336636172636,3949000.0,
0.8651685393258427,1.1350209202560297,2.5078651685393254,2.28086098448812,59500.00000137021,4.662554050786958,3950000.0,
0.8314606741573034,1.0404358435680272,2.298876404494382,2.0907892357807762,59510.00000137079,4.7383593254779175,3951000.0,
0.8539325842696629,1.05569150109835,2.3325842696629215,2.121445969443251,59520.00000137137,4.632057152704828,3952000.0,
0.8426966292134831,0.9427996353739602,2.08314606741573,1.894586140340938,59530.000001371955,4.560386234081315,3953000.0,
0.8651685393258427,1.0953562106771901,2.4202247191011232,2.2011534769656853,59540.00000137254,4.618785750105045,3954000.0,
0.8651685393258427,0.9916177394709936,2.191011235955056,1.9926876880608573,59550.00000137312,4.499399724944666,3955000.0,
0.7865168539325843,0.94279963537396,2.08314606741573,1.894586140340938,59560.0000013737,4.887842393658651,3956000.0,
0.8764044943820225,0.9611064244103478,2.1235955056179776,1.931374220735908,59570.00000137428,4.407926561286492,3957000.0,
0.8426966292134831,1.0831516846529317,2.393258426966292,2.1766280900357056,59580.000001374865,4.72960399922585,3958000.0,
0.8426966292134831,1.1746856298348693,2.595505617977528,2.360568492010554,59590.00000137545,4.838757614175113,3959000.0,
0.8202247191011236,1.5678427928187142,2.582022471910112,2.2684539133463697,59600.00000137603,4.964434515822689,3960000.0,
0.8426966292134831,1.2076073730588006,1.9887640449438202,1.7472425703320598,59610.00000137661,4.87889141613424,3961000.0,
0.8539325842696629,1.2526368005287898,2.0629213483146067,1.8123939882088482,59620.00000137719,4.8679536217749915,3962000.0,
0.8426966292134831,1.1748586985351723,1.9348314606741572,1.6998597209671227,59630.000001377775,4.841096322366263,3963000.0,
0.8764044943820225,1.3508828240996755,2.2247191011235956,1.9545425363036608,59640.00000137836,4.856261171188626,3964000.0,
0.898876404494382,1.477783937878736,2.433707865168539,2.1381510775927923,59650.00000137894,4.876532130988144,3965000.0,
0.8539325842696629,1.113454933803369,1.8337078651685392,1.6110168784078658,59660.00000137952,4.707069593636135,3966000.0,
0.7865168539325843,1.2035137887433474,1.982022471910112,1.741319714161443,59670.000001380104,5.22560753151438,3967000.0,
0.8651685393258427,1.1871394514815332,1.9550561797752806,1.7176282894789745,59680.000001380686,4.732145599866331,3968000.0,
0.8539325842696629,1.1052677651724616,1.8202247191011234,1.599171166066631,59690.00000138127,4.699060935634243,3969000.0,
0.797752808988764,1.2935726436833255,2.130337078651685,1.8716225499150203,59700.00000138185,5.26658824360101,3970000.0,
0.9213483146067416,1.4409416790396539,2.373033707865168,2.0848453720572375,59710.00000138243,4.7205318224681365,3971000.0,
0.797752808988764,1.2853854750524183,2.1168539325842697,1.859776837573786,59720.000001383014,5.257452215317263,3972000.0,
0.8426966292134831,1.457316016301468,2.3999999999999995,2.108536796739706,59730.000001383596,5.181612339449245,3973000.0,
0.8314606741573034,1.1789522828506256,1.9415730337078654,1.7057825771377402,59740.00000138418,4.917385853805009,3974000.0,
0.898876404494382,1.3426956554687683,2.2112359550561798,1.942696823962426,59750.00000138476,4.7312464168073465,3975000.0,
0.8202247191011236,1.2117009573742543,1.9955056179775281,1.7531654265026773,59760.00000138534,5.025769660468196,3976000.0,
0.8651685393258427,1.3754443299923969,2.2651685393258423,1.9900796733273631,59770.000001385924,4.954472017885654,3977000.0,
0.8426966292134831,1.3508828240996755,2.2247191011235956,1.9545425363036604,59780.00000138651,5.057978284703272,3978000.0,
0.8202247191011236,1.2690111377906041,2.089887640449438,1.8360854128913173,59790.00000138709,5.0972848119348,3979000.0,
0.8426966292134831,1.240356047582429,2.042696629213483,1.7946254196969975,59800.00000138767,4.927886509902869,3980000.0,
0.7865168539325843,1.0888934279106477,1.7932584269662921,1.5754797413841626,59810.00000138825,5.087875929884699,3981000.0,
0.8651685393258427,1.056144753387019,1.739325842696629,1.5280968920192253,59820.000001388835,4.588008870900368,3982000.0,
0.7528089887640449,1.1134549338033688,1.8337078651685392,1.6110168784078653,59830.00000138942,5.349511777856504,3983000.0,
0.8314606741573034,1.2280752946360685,2.022471910112359,1.7768568511851461,59840.00000139,4.981871638249978,3984000.0,
0.8314606741573034,1.600591467342343,2.635955056179775,2.315836762711306,59850.00000139058,5.4304383865048536,3985000.0,
0.7865168539325843,1.1543907769579047,1.9011235955056178,1.6702454401140372,59860.00000139116,5.174008273673522,3986000.0,
0.797752808988764,1.2157945416897078,2.002247191011236,1.7590882826732943,59870.000001391745,5.178669214341962,3987000.0,
0.8426966292134831,1.4245673417778397,2.3460674157303365,2.061153947374769,59880.00000139233,5.150750579015005,3988000.0,
0.8651685393258427,1.3386020711533146,2.204494382022472,1.9367739677918092,59890.00000139291,4.918121874552532,3989000.0,
0.8314606741573034,1.2649175534751507,2.0831460674157305,1.8301625567207,59900.00000139349,5.029425165772847,3990000.0,
0.9101123595505618,1.2771983064215113,2.103370786516854,1.8479311252325514,59910.00000139407,4.608770978758261,3991000.0,
0.8426966292134831,1.3386020711533146,2.2044943820224723,1.936773967791809,59920.000001394656,5.050871791207359,3992000.0,
0.898876404494382,1.3631635770460362,2.2449438202247194,1.972311104815512,59930.00000139524,4.763016979562581,3993000.0,
0.8314606741573034,1.2362624632669756,2.035955056179775,1.78870256352638,59940.00000139582,4.997123773495574,3994000.0,
0.7640449438202247,1.0684255063333796,1.7595505617977527,1.5458654605310769,59950.0000013964,5.218965736346834,3995000.0,
0.8089887640449438,1.2690111377906041,2.089887640449438,1.8360854128913173,59960.000001396984,5.177524878767779,3996000.0,
0.8202247191011236,1.1625779455888117,1.9146067415730337,1.682091152455271,59970.000001397566,4.977386810483875,3997000.0,
0.7640449438202247,1.121642102434276,1.8471910112359544,1.6228625907490997,59980.00000139815,5.290381575361344,3998000.0,
0.7078651685393258,0.9619923141315871,1.584269662921348,1.3918712000950308,59990.00000139873,5.485351047073563,3999000.0,
0.7865168539325843,1.0315832474942974,1.6988764044943823,1.4925597549955225,60000.00000139931,5.0258672719274005,4000000.0,
0.7777777777777778,1.1860933132675837,1.9533333333333334,1.7161146706798165,60010.000001399894,5.239831402885863,4001000.0,
0.8444444444444444,1.2953920144901938,2.133333333333333,1.8742549304352947,60020.000001400476,4.956119490947995,4002000.0,
0.8666666666666667,1.1091794124072285,1.8266666666666667,1.604830784185221,60030.00000140106,4.614691629802347,4003000.0,
0.7333333333333333,1.1496604128600472,1.8933333333333333,1.663401250761324,60040.00000140164,5.509533896444531,4004000.0,
0.7888888888888889,1.2751515142637844,2.0999999999999996,1.8449696971472433,60050.00000140222,5.281175159037716,4005000.0,
0.8666666666666667,1.210381913539275,1.9933333333333332,1.751256950625478,60060.000001402805,4.733002208031721,4006000.0,
0.8666666666666667,1.3115844146713216,2.1599999999999997,1.8976831170657356,60070.00000140339,4.850287145235395,4007000.0,
0.8777777777777778,1.404690715712804,2.313333333333333,2.032395190190772,60080.00000140397,4.895467904077171,4008000.0,
0.8444444444444444,1.088938912180819,1.793333333333333,1.5755455508971696,60090.00000140455,4.715319764529213,4009000.0,
0.7555555555555555,1.0606022118638463,1.7466666666666666,1.534546224293897,60100.00000140513,5.233147045230809,4010000.0,
0.8111111111111111,1.17799711317702,1.94,1.7044005773645963,60110.000001405715,5.019993701286068,4011000.0,
0.8444444444444444,1.4370755160750588,2.3666666666666663,2.079251563451655,60120.0000014063,5.129165742825116,4012000.0,
0.8555555555555555,1.3520654151241396,2.2266666666666666,1.9562535836418389,60130.00000140688,4.963710225573096,4013000.0,
0.8555555555555555,1.2994401145354757,2.1399999999999997,1.8801119770929047,60140.00000140746,4.902719614495466,4014000.0,
0.7777777777777778,1.092987012226101,1.8,1.5814025975547799,60150.00000140804,5.12812330154728,4015000.0,
0.8777777777777778,1.457316016301468,2.4,2.1085367967397066,60160.000001408625,4.959471411077152,4016000.0,
0.8666666666666667,1.3318249148977304,2.1933333333333334,1.9269683503537876,60170.00000140921,4.8787697737020626,4017000.0,
0.8777777777777778,1.3561135151694217,2.2333333333333334,1.9621106302994489,60180.00000140979,4.845190080673613,4018000.0,
0.8777777777777778,1.323728714807167,2.1799999999999997,1.9152542570385669,60190.00000141037,4.808802333425503,4019000.0,
0.8777777777777778,1.0801683560692243,2.3866666666666663,2.1706329954528214,60200.000001410954,4.952273208442449,4020000.0,
0.8777777777777778,1.0349099053959325,2.2866666666666666,2.07968468558748,60210.000001411536,4.480780904982384,4021000.0,
0.8111111111111111,1.0499960556203631,2.3199999999999994,2.110000788875927,60220.00000141212,4.868211575531636,4022000.0,
0.8666666666666667,1.086202816158996,2.4,2.1827594367682006,60230.0000014127,4.598436582849856,4023000.0,
0.8666666666666667,1.113357886562971,2.46,2.2373284226874057,60240.00000141328,4.630282176905754,4024000.0,
0.8222222222222222,1.0590477457550211,2.3399999999999994,2.1281904508489955,60250.000001413864,4.815055366566699,4025000.0,
0.8777777777777778,1.1827541775953516,2.6133333333333333,2.3767824978142627,60260.000001414446,4.651742734070478,4026000.0,
0.8444444444444444,0.8961173233311718,1.98,1.8007765353337655,60270.00000141503,4.496452093523604,4027000.0,
0.8888888888888888,1.1495646471016043,2.54,2.3100870705796788,60280.00000141561,4.557257728089189,4028000.0,
0.8333333333333334,1.1193923466527436,2.473333333333333,2.249454864002784,60290.00000141619,4.825401482756534,4029000.0,
0.8333333333333334,1.0077548349919576,2.226666666666666,2.025115699668275,60300.000001416774,4.6919698020969545,4030000.0,
0.8111111111111111,1.0318926753510467,2.28,2.0736214649297904,60310.00000141736,4.850823846432766,4031000.0,
0.8666666666666667,1.2672366188521624,2.8,2.546552676229567,60320.00000141794,4.811937124419162,4032000.0,
0.8777777777777778,0.9323240838698049,2.0599999999999996,1.873535183226039,60330.00000141852,4.369986931092212,4033000.0,
0.8777777777777778,1.0349099053959325,2.2866666666666666,2.0796846855874795,60340.0000014191,4.48736318346378,4034000.0,
0.8888888888888888,1.1133578865629712,2.46,2.2373284226874057,60350.000001419685,4.52002512248343,4035000.0,
0.8777777777777778,1.022840985216388,2.2599999999999993,2.0554318029567225,60360.00000142027,4.4746264389554975,4036000.0,
0.7666666666666667,0.9594791542737799,2.1199999999999997,1.9281041691452436,60370.00000142085,5.041056868009448,4037000.0,
0.8555555555555555,0.9534446941840078,2.1066666666666665,1.915977727829865,60380.00000142143,4.5107769153840875,4038000.0,
0.8888888888888888,1.2461160085379592,2.753333333333333,2.504110131625741,60390.00000142201,4.671378009705409,4039000.0,
0.8888888888888888,1.113357886562971,2.46,2.2373284226874057,60400.000001422595,4.522525122483576,4040000.0,
0.8222222222222222,0.9142207036004885,2.02,1.837155859279902,60410.00000142318,4.647563018000878,4041000.0,
0.8444444444444444,0.9956859148124131,2.2,2.0008628170375173,60420.00000142376,4.622257004488691,4042000.0,
0.8222222222222222,0.9413757740044634,2.08,1.891724845199107,60430.00000142434,4.68167053605983,4043000.0,
0.8222222222222222,0.9805997645879827,2.1666666666666665,1.97054671374907,60440.00000142492,4.7299159300127895,4044000.0,
0.8222222222222222,1.1586163372362626,2.5599999999999996,2.328276732552747,60450.000001425506,4.946963112963432,4045000.0,
0.9,1.0922372762487684,2.4133333333333336,2.1948858780835794,60460.00000142609,4.446187097165701,4046000.0,
0.8444444444444444,1.022840985216388,2.2600000000000002,2.0554318029567225,60470.00000142667,4.657045903651446,4047000.0,
0.8222222222222222,1.0047376049470713,2.2199999999999998,2.0190524790105857,60480.00000142725,4.76143492504424,4048000.0,
0.8333333333333334,1.2340470883584154,2.7266666666666666,2.479857248994983,60490.000001427834,4.973653839470627,4049000.0,
0.8666666666666667,1.2762883089868202,2.82,2.564742338202636,60500.000001428416,4.831612151498151,4050000.0,
0.8,0.9926686847675272,2.193333333333333,1.994799596379828,60510.000001429,4.880277522737803,4051000.0,
0.8444444444444444,1.0650822058447935,2.353333333333333,2.1403168921643743,60520.00000142958,4.709699980711553,4052000.0,
0.9,1.0469788255754768,2.313333333333333,2.1039375682182375,60530.00000143016,4.399356719874591,4053000.0,
0.8444444444444444,1.2038747879095542,2.6599999999999997,2.419225042418089,60540.000001430744,4.8751122489462,4054000.0,
0.7666666666666667,0.9534446941840077,2.1066666666666665,1.915977727829865,60550.00000143133,5.043620615719048,4055000.0,
0.8333333333333334,1.1918058677300096,2.6333333333333333,2.394972159787331,60560.00000143191,4.926697708050091,4056000.0,
0.8555555555555555,1.1224095766976294,2.48,2.255518084660474,60570.00000143249,4.71813846637461,4057000.0,
0.9333333333333333,1.110340656518085,2.453333333333333,2.231265202029716,60580.00000143307,4.312505465412955,4058000.0,
0.8222222222222222,1.2521504686277318,2.7666666666666666,2.51623657294112,60590.000001433655,5.068288407899443,4059000.0,
0.8,0.9413757740044632,2.0799999999999996,1.891724845199107,60600.00000143424,4.821161384284263,4060000.0,
0.8666666666666667,1.1284440367874016,2.493333333333333,2.267644525975853,60610.00000143482,4.666663632294021,4061000.0,
0.8444444444444444,0.9715480744533243,2.1466666666666665,1.9523570517760014,60620.0000014354,4.604199035643014,4062000.0,
0.8555555555555555,1.1012889663834269,2.433333333333333,2.213075540056648,60630.00000143598,4.696568921851697,4063000.0,
0.8555555555555555,1.1857714076402375,2.6199999999999997,2.3828457184719523,60640.000001436565,4.795834112931116,4064000.0,
0.8777777777777778,0.9112034735556022,2.0133333333333328,1.831092638622213,60650.00000143715,4.3621280079503935,4065000.0,
0.8888888888888888,1.0771511260243378,2.3799999999999994,2.1645697747951322,60660.00000143773,4.494792516878371,4066000.0,
0.7666666666666667,0.8629277928374247,1.9066666666666665,1.7340811080991814,60670.00000143831,4.932511613963041,4067000.0,
0.7888888888888889,0.9413757740044637,2.08,1.891724845199107,60680.00000143889,4.89357210800684,4068000.0,
0.8111111111111111,1.0228409852163882,2.2600000000000002,2.055431802956722,60690.000001439475,4.86048614626796,4069000.0,
0.8444444444444444,1.0439615955305908,2.3066666666666666,2.097874347560548,60700.00000144006,4.694162415866338,4070000.0,
0.8111111111111111,0.9594791542737803,2.1199999999999997,1.9281041691452439,60710.00000144064,4.78346471085933,4071000.0,
0.8555555555555555,1.0892200462038824,2.4066666666666663,2.1888226574258898,60720.00000144122,4.687137716447307,4072000.0,
0.7888888888888889,0.8599105627925384,1.8999999999999997,1.7280178874414922,60730.000001441804,4.793123248724282,4073000.0,
0.8222222222222222,1.0168065251266158,2.2466666666666666,2.043305361641343,60740.000001442386,4.790167395533692,4074000.0,
0.8,0.9866342246777547,2.1799999999999997,1.9826731550644492,60750.00000144297,4.886067780959696,4075000.0,
0.8111111111111111,1.1193923466527436,2.473333333333333,2.249454864002784,60760.00000144355,4.98335768776506,4076000.0,
0.7888888888888889,0.9081862435107163,2.006666666666667,1.8250294179645234,60770.00000144413,4.856571294705201,4077000.0,
0.8888888888888888,1.049996055620363,2.3199999999999994,2.110000788875927,60780.000001444714,4.470243062674248,4078000.0,
0.8555555555555555,1.224995398223757,2.706666666666666,2.461667587021915,60790.000001445296,4.849472543483736,4079000.0,
0.7888888888888889,1.348017315078858,2.2199999999999998,1.9503965369842284,60800.00000144588,4.980650485258427,4080000.0,
0.8888888888888888,1.4411236161203407,2.373333333333333,2.0851086101092653,60810.00000144646,4.911761568236811,4081000.0,
0.8555555555555555,1.1739490131317383,1.9333333333333336,1.6985435307069852,60820.00000144704,4.791366379090557,4082000.0,
0.8,1.1253718125883558,1.853333333333333,1.628258970815662,60830.000001447625,5.063934210292651,4083000.0,
0.8111111111111111,1.2387186138562478,2.0399999999999996,1.7922562772287502,60840.00000144821,5.134855825413471,4084000.0,
0.7666666666666667,1.3115844146713211,2.1600000000000006,1.897683117065736,60850.00000144879,5.528150685920904,4085000.0,
0.8666666666666667,1.234670513810966,2.033333333333333,1.7863992305711403,60860.00000144937,4.802053157065548,4086000.0,
0.7888888888888889,1.2791996143090663,2.1066666666666665,1.8508267438048533,60870.00000144995,5.332503736562593,4087000.0,
0.8555555555555555,1.145612312814765,1.8866666666666665,1.6575442041037136,60880.000001450535,4.761362443655315,4088000.0,
0.8,1.1941895133581475,1.9666666666666666,1.727828763995037,60890.00000145112,5.153289669588417,4089000.0,
0.7777777777777778,1.3520654151241398,2.2266666666666666,1.9562535836418389,60900.0000014517,5.504081248132967,4090000.0,
0.8888888888888888,1.3439692150335758,2.2133333333333334,1.9445394903266182,60910.00000145228,4.8074628670144905,4091000.0,
0.8444444444444444,1.258959114082657,2.073333333333333,1.8215415105168018,60920.00000145286,4.960343687836564,4092000.0,
0.8666666666666667,1.206333813493993,1.9866666666666661,1.745399903967868,60930.000001453445,4.77294670798207,4093000.0,
0.8222222222222222,1.2872958143996303,2.1199999999999997,1.862540837120074,60940.00000145403,5.129951666271772,4094000.0,
0.8555555555555555,1.263007214127939,2.08,1.8273985571744122,60950.00000145461,4.902213627008588,4095000.0,
0.8444444444444444,1.4775565165278775,2.433333333333333,2.1378220300277575,60960.00000145519,5.221314295995501,4096000.0,
0.7444444444444445,1.2953920144901938,2.1333333333333337,1.8742549304352947,60970.00000145577,5.6785833031681925,4097000.0,
0.8111111111111111,1.2184781136298386,2.006666666666667,1.762971043940699,60980.000001456356,5.117573016915606,4098000.0,
0.8444444444444444,1.210381913539275,1.9933333333333332,1.7512569506254785,60990.00000145694,4.906502266140668,4099000.0,
0.8777777777777778,1.3034882145807576,2.146666666666666,1.8859690237505151,61000.00000145752,4.826756193929451,4100000.0,
0.8,1.2144300135845567,2.0,1.7571139972830887,61010.0000014581,5.185256961538483,4101000.0,
0.8555555555555555,1.2832477143543484,2.1133333333333337,1.8566837904624638,61020.000001458684,4.929507718182525,4102000.0,
0.8,1.3277768148524487,2.186666666666667,1.9211113036961769,61030.000001459266,5.328051574234524,4103000.0,
0.7666666666666667,1.0403617116374368,1.7133333333333332,1.5052609910058459,61040.00000145985,5.185396435587492,4104000.0,
0.8444444444444444,1.2711034142185027,2.0933333333333333,1.8391126504896325,61050.00000146043,4.981567201155728,4105000.0,
0.8222222222222222,1.3439692150335758,2.2133333333333334,1.9445394903266182,61060.00000146101,5.20536526163776,4106000.0,
0.8111111111111111,1.1820452132223018,1.9466666666666665,1.7102576240222063,61070.000001461594,5.077587249290162,4107000.0,
0.9,1.4613641163467497,2.4066666666666663,2.1143938433973166,61080.00000146218,4.886945314560302,4108000.0,
0.7777777777777778,1.1051313123619466,1.8199999999999998,1.5989737375276103,61090.00000146276,5.19745168743935,4109000.0,
0.8,1.2832477143543481,2.1133333333333333,1.8566837904624638,61100.00000146334,5.276279087501014,4110000.0,
0.8777777777777778,1.481604616573159,2.44,2.1436790766853684,61110.00000146392,5.035243234174283,4111000.0,
0.8888888888888888,1.3884983155316766,2.2866666666666666,2.0089670035603313,61120.000001464505,4.868058105075465,4112000.0,
0.8777777777777778,1.06869841195441,1.7599999999999998,1.546260317609118,61130.00000146509,4.565856418785893,4113000.0,
0.8,1.2508629139920933,2.0599999999999996,1.8098274172015811,61140.00000146567,5.238020309270547,4114000.0,
0.8555555555555555,1.088938912180819,1.793333333333333,1.5755455508971696,61150.00000146625,4.709146780577493,4115000.0,
0.8222222222222222,1.2994401145354755,2.14,1.8801119770929047,61160.00000146683,5.156613652924168,4116000.0,
0.8555555555555555,1.1091794124072285,1.8266666666666667,1.6048307841852212,61170.000001467415,4.733843469153877,4117000.0,
0.8777777777777778,1.2427667139015297,2.0466666666666664,1.7981133238863607,61180.000001468,4.766693724801746,4118000.0,
0.8777777777777778,1.2751515142637848,2.0999999999999996,1.8449696971472431,61190.00000146858,4.804094130277762,4119000.0,
0.8888888888888888,1.4006426156675222,2.306666666666666,2.0265381435331618,61200.00000146916,4.885720442728525,4120000.0,
0.8666666666666667,1.263007214127939,2.08,1.8273985571744125,61210.00000146974,4.852698067688741,4121000.0,
0.8888888888888888,1.4046907157128041,2.313333333333333,2.0323951901907726,61220.000001470326,4.891274555279525,4122000.0,
0.8444444444444444,1.206333813493993,1.9866666666666666,1.745399903967868,61230.00000147091,4.91434004240357,4123000.0,
0.7777777777777778,1.0686984119544098,1.7599999999999998,1.546260317609118,61240.00000147149,5.159180815487303,4124000.0,
0.8333333333333334,1.1658528130411745,1.9199999999999997,1.6868294373917652,61250.00000147207,4.932354042425631,4125000.0,
0.7888888888888889,1.117275612497792,1.8399999999999999,1.6165448775004418,61260.000001472654,5.149219790605918,4126000.0,
0.8222222222222222,1.2306224137656843,2.0266666666666664,1.7805421839135296,61270.000001473236,5.078862395231525,4127000.0,
0.8111111111111111,1.1658528130411747,1.9199999999999997,1.686829437391765,61280.00000147382,5.06913086550588,4128000.0,
0.8,1.121323712543074,1.8466666666666665,1.6224019241580518,61290.0000014744,5.084429640793091,4129000.0,
0.7777777777777778,1.0646503119091282,1.7533333333333332,1.540403270951508,61300.00000147498,5.157404686857854,4130000.0,
0.8444444444444444,1.1537085129053288,1.9,1.6692582974189343,61310.000001475564,4.856231133811976,4131000.0,
0.8777777777777778,1.2306224137656843,2.026666666666667,1.78054218391353,61320.000001476146,4.759947053761322,4132000.0,
0.8111111111111111,1.4087388157580858,2.3199999999999994,2.038252236848383,61330.00000147673,5.371319088033739,4133000.0,
0.7888888888888889,1.1132275124525106,1.8333333333333333,1.6106878308428312,61340.00000147731,5.148595438436105,4134000.0,
0.7888888888888889,1.1091794124072283,1.8266666666666664,1.604830784185221,61350.00000147789,5.144027424294231,4135000.0,
0.7333333333333333,1.149660412860047,1.8933333333333338,1.6634012507613236,61360.000001478475,5.589533896449189,4136000.0,
0.8444444444444444,1.2994401145354757,2.1399999999999997,1.8801119770929045,61370.00000147906,5.031965925216281,4137000.0,
0.8777777777777778,1.145612312814765,1.8866666666666665,1.6575442041037136,61380.00000147964,4.6661380779946295,4138000.0,
0.8777777777777778,1.2994401145354755,2.14,1.8801119770929047,61390.00000148022,4.84189126982838,4139000.0,
0.7777777777777778,0.8267210322987918,1.8266666666666664,1.6613224602069077,61400.0000014808,5.220370673212887,4140000.0,
0.8222222222222222,1.1284440367874016,2.493333333333333,2.2676445259758524,61410.000001481385,4.962158963771892,4141000.0,
0.8777777777777778,1.0499960556203631,2.32,2.110000788875927,61420.00000148197,4.559233481190998,4142000.0,
0.8666666666666667,0.9926686847675269,2.1933333333333334,1.994799596379828,61430.00000148255,4.552051046632512,4143000.0,
0.9111111111111111,1.0107720650368437,2.233333333333333,2.0311789203259645,61440.00000148313,4.350357144653374,4144000.0,
0.8222222222222222,0.9836169946328689,2.1733333333333333,1.9766099344067596,61450.00000148371,4.788180128719207,4145000.0,
0.8888888888888888,0.8840484031516277,1.9533333333333331,1.7765236527030075,61460.000001484295,4.317551953648899,4146000.0,
0.7555555555555555,1.025858215261274,2.266666666666666,2.061495023614412,61470.00000148488,5.2677505791438595,4147000.0,
0.8888888888888888,0.8780139430618552,1.9400000000000002,1.7643972113876287,61480.00000148546,4.311763186047964,4148000.0,
0.8222222222222222,1.0318926753510467,2.2799999999999994,2.0736214649297904,61490.00000148604,4.849055956619821,4149000.0,
0.8555555555555555,1.0741338959794517,2.373333333333333,2.158506554137443,61500.000001486624,4.7100240343691615,4150000.0,
0.8111111111111111,1.140512956966946,2.5199999999999996,2.2918974086066104,61510.000001487206,5.050492686784963,4151000.0,
0.8444444444444444,1.1525818771464904,2.5466666666666664,2.3161502912373684,61520.00000148779,4.865949591466626,4152000.0,
0.8444444444444444,0.9775825345430966,2.1599999999999997,1.9644834930913804,61530.00000148837,4.659239843646848,4153000.0,
0.8888888888888888,1.1193923466527431,2.473333333333333,2.2494548640027845,61540.00000148895,4.586313890087888,4154000.0,
0.9,1.1525818771464904,2.5466666666666664,2.3161502912373684,61550.000001489534,4.567063814215686,4155000.0,
0.8222222222222222,1.0711166659345657,2.3666666666666663,2.152443333479754,61560.000001490116,4.900544593816212,4156000.0,
0.7555555555555555,0.9353413139146912,2.066666666666667,1.8795984038837286,61570.0000014907,5.153831150891372,4157000.0,
0.8777777777777778,1.107323426473199,2.4466666666666663,2.2252019813720265,61580.00000149128,4.632644410011156,4158000.0,
0.8555555555555555,1.0288754453061606,2.2733333333333334,2.067558244272101,61590.00000149186,4.661799871244807,4159000.0,
0.8555555555555555,1.0379271354408186,2.2933333333333334,2.0857479062451696,61600.000001492444,4.672899249324309,4160000.0,
0.9111111111111111,1.0982717363385408,2.426666666666667,2.2070123193989586,61610.00000149303,4.45468605218011,4161000.0,
0.8111111111111111,1.0379271354408188,2.2933333333333334,2.0857479062451696,61620.00000149361,4.93004441367091,4162000.0,
0.8666666666666667,0.9987031448572992,2.2066666666666666,2.0069260376952065,61630.00000149419,4.569270295454642,4163000.0,
0.8777777777777778,1.08318558611411,2.3933333333333326,2.176696216110511,61640.00000149477,4.608183579222497,4164000.0,
0.8666666666666667,1.056030515710135,2.333333333333333,2.1221272301913063,61650.000001495355,4.636442902848998,4165000.0,
0.8777777777777778,0.9836169946328688,2.173333333333333,1.9766099344067596,61660.00000149594,4.495763664876839,4166000.0,
0.8,1.0409443654857047,2.3,2.0918111269028583,61670.00000149652,5.00506656808372,4167000.0,
0.8333333333333334,1.0831855861141102,2.393333333333333,2.176696216110511,61680.0000014971,4.856086703447821,4168000.0,
0.8777777777777778,1.0017203749021855,2.213333333333333,2.012989258352896,61690.00000149768,4.517906756322984,4169000.0,
0.8888888888888888,1.2430987784930734,2.7466666666666666,2.4980469109680516,61700.000001498265,4.7334836259087245,4170000.0,
0.7888888888888889,1.0137892950817298,2.24,2.037242140983654,61710.00000149885,5.043392064305343,4171000.0,
0.8222222222222222,1.1555991071913767,2.5533333333333332,2.3222135118950575,61720.00000149943,5.011942157507431,4172000.0,
0.8666666666666667,1.107323426473199,2.4466666666666663,2.2252019813720265,61730.00000150001,4.699729594755337,4173000.0,
0.7666666666666667,1.0439615955305908,2.306666666666666,2.097874347560549,61740.00000150059,5.230671646464983,4174000.0,
0.8444444444444444,1.1435301870118322,2.5266666666666664,2.2979606292642996,61750.000001501176,4.8673357478868144,4175000.0,
0.8444444444444444,1.080168356069224,2.3866666666666663,2.1706329954528214,61760.00000150176,4.792828316507442,4176000.0,
0.8888888888888888,1.0741338959794517,2.373333333333333,2.158506554137442,61770.00000150234,4.546898133081104,4177000.0,
0.8333333333333334,1.0620649757999074,2.3466666666666667,2.1342536715066847,61780.00000150292,4.836075304404422,4178000.0,
0.8222222222222222,0.9836169946328689,2.1733333333333333,1.9766099344067594,61790.000001503504,4.806558507098656,4179000.0,
0.8222222222222222,0.9775825345430964,2.1600000000000006,1.9644834930913804,61800.000001504086,4.799759839421936,4180000.0,
0.8666666666666667,1.1887886376851238,2.626666666666667,2.3889089391296414,61810.00000150467,4.797830479487284,4181000.0,
0.8777777777777778,1.170685257415807,2.5866666666666664,2.352529615183505,61820.00000150525,4.716980673111037,4182000.0,
0.8444444444444444,1.0560305157101353,2.3333333333333335,2.1221272301913063,61830.00000150583,4.767928242398208,4183000.0,
0.9222222222222223,1.1948230977748957,2.6399999999999992,2.4010353804450206,61840.000001506414,4.516793720579452,4184000.0,
0.8111111111111111,0.992668684767527,2.1933333333333334,1.994799596379828,61850.000001506996,4.88684906352649,4185000.0,
0.7555555555555555,1.019823755171502,2.253333333333333,2.0493685822990324,61860.00000150758,5.28270497020285,4186000.0,
0.8,1.0318926753510465,2.28,2.0736214649297904,61870.00000150816,5.004863066527154,4187000.0,
0.8,0.932324083869805,2.06,1.8735351832260385,61880.00000150874,4.880957882731191,4188000.0,
0.8444444444444444,1.1012889663834267,2.433333333333333,2.2130755400566477,61890.000001509325,4.824681670827289,4189000.0,
0.8555555555555555,1.0831855861141102,2.3933333333333335,2.176696216110511,61900.00000150991,4.741383152709583,4190000.0,
0.9111111111111111,1.2159437080890985,2.6866666666666665,2.4434779250488465,61910.00000151049,4.5984723626388915,4191000.0,
0.9111111111111111,1.1616335672811486,2.5666666666666664,2.3343399532104367,61920.00000151107,4.539351476386293,4192000.0,
0.8444444444444444,0.9534446941840077,2.1066666666666665,1.9159777278298653,61930.00000151165,4.651708190591258,4193000.0,
0.8333333333333334,1.1465474170567183,2.533333333333333,2.3040238499219896,61940.000001512235,4.945987567246425,4194000.0,
0.8333333333333334,0.9443930040493493,2.0866666666666664,1.8977880658567967,61950.00000151282,4.703935604970947,4195000.0,
0.8222222222222222,0.8478416426129942,1.8733333333333333,1.7037650048107345,61960.0000015134,4.650615511399343,4196000.0,
0.8,1.0892200462038824,2.4066666666666667,2.1888226574258898,61970.00000151398,5.082077835649078,4197000.0,
0.8111111111111111,1.0862028161589965,2.3999999999999995,2.1827594367682006,61980.00000151456,5.009288403598579,4198000.0,
0.9111111111111111,1.1435301870118322,2.526666666666667,2.2979606292643,61990.000001515145,4.522896546822606,4199000.0,
0.7222222222222222,1.1091794124072285,1.8266666666666664,1.604830784185221,62000.00000151573,5.267764506388961,4200000.0,
0.8555555555555555,1.234670513810966,2.033333333333333,1.78639923057114,62010.00000151631,4.924157743524421,4201000.0,
0.7444444444444445,1.0241693114563095,1.6866666666666665,1.4818328043754048,62020.00000151689,5.376940866260653,4202000.0,
0.7888888888888889,1.1010832123166647,1.8133333333333332,1.5931166908700005,62030.000001517474,5.172074494604198,4203000.0,
0.8555555555555555,1.404690715712804,2.313333333333333,2.0323951901907726,62040.000001518056,5.124441096396791,4204000.0,
0.8555555555555555,1.2468148139468114,2.0533333333333337,1.803970370543971,62050.00000151864,4.940430302124882,4205000.0,
0.7777777777777778,1.258959114082657,2.0733333333333337,1.8215415105168022,62060.00000151922,5.450658861083491,4206000.0,
0.8222222222222222,1.1658528130411747,1.9200000000000002,1.6868294373917652,62070.0000015198,5.0433317997582865,4207000.0,
0.8555555555555555,1.3075363146260395,2.153333333333333,1.8918260704081256,62080.000001520384,5.012961926295499,4208000.0,
0.9,1.424931215939213,2.3466666666666667,2.0616804234788244,62090.000001520966,4.896340857320263,4209000.0,
0.8444444444444444,1.356113515169422,2.2333333333333334,1.9621106302994489,62100.00000152155,5.137500215442928,4210000.0,
0.8444444444444444,1.3520654151241398,2.2266666666666666,1.9562535836418389,62110.00000152213,5.133232728547229,4211000.0,
0.7666666666666667,1.2832477143543481,2.1133333333333333,1.8566837904624633,62120.00000152271,5.564812960874065,4212000.0,
0.8444444444444444,1.3115844146713211,2.1600000000000006,1.8976831170657362,62130.000001523294,5.086347333274215,4213000.0,
0.8555555555555555,1.3682578153052674,2.253333333333333,1.97968177027228,62140.00000152388,5.087051992024648,4214000.0,
0.8,1.1375161127242015,1.8733333333333333,1.645830110788493,62150.00000152446,5.152447918800059,4215000.0,
0.8777777777777778,1.2872958143996303,2.1199999999999997,1.862540837120074,62160.00000152504,4.867043332967027,4216000.0,
0.7888888888888889,1.226574313720402,2.02,1.7746851372559194,62170.00000152562,5.339035045679816,4217000.0,
0.7,0.8946301100072901,1.4733333333333332,1.2944073113318753,62180.000001526205,5.543436665223639,4218000.0,
0.8555555555555555,1.182045213222302,1.9466666666666668,1.7102576240222063,62190.00000152679,4.8719983012784756,4219000.0,
0.8666666666666667,1.234670513810966,2.033333333333333,1.7863992305711403,62200.00000152737,4.8707711057874965,4220000.0,
0.9222222222222223,1.2670553141732208,2.0866666666666664,1.8332556038320225,62210.00000152795,4.612949135952168,4221000.0,
0.8666666666666667,1.202285713448711,1.98,1.7395428573102578,62220.00000152853,4.834429669472134,4222000.0,
0.7333333333333333,1.2265743137204024,2.02,1.7746851372559194,62230.000001529115,5.7471437612618335,4223000.0,
0.8444444444444444,1.2549110140373751,2.0666666666666664,1.8156844638591918,62240.0000015297,5.025023569365932,4224000.0,
0.8888888888888888,1.3601616152147034,2.2399999999999998,1.967967676957059,62250.00000153028,4.892679317222159,4225000.0,
0.8888888888888888,1.2225262136751203,2.013333333333333,1.7688280905983094,62260.00000153086,4.738339490490157,4226000.0,
0.8888888888888888,1.24276671390153,2.0466666666666664,1.798113323886361,62270.00000153144,4.761610053244897,4227000.0,
0.8111111111111111,1.2549110140373751,2.066666666666667,1.8156844638591916,62280.000001532026,5.233723168107125,4228000.0,
0.8222222222222222,1.1496604128600472,1.8933333333333333,1.663401250761324,62290.00000153261,5.035530231971121,4229000.0,
0.8,1.0484579117280006,1.7266666666666668,1.5169750843210665,62300.00000153319,5.049458500888627,4230000.0,
0.8333333333333334,1.2306224137656838,2.0266666666666664,1.7805421839135296,62310.00000153377,5.0666108966316665,4231000.0,
0.8222222222222222,1.2994401145354757,2.14,1.8801119770929051,62320.000001534354,5.219316355630521,4232000.0,
0.7888888888888889,1.3034882145807574,2.146666666666667,1.8859690237505153,62330.000001534936,5.445545624235722,4233000.0,
0.7666666666666667,1.2832477143543481,2.1133333333333333,1.856683790462464,62340.00000153552,5.577566584063213,4234000.0,
0.8666666666666667,1.234670513810966,2.033333333333333,1.78639923057114,62350.0000015361,4.878463413480252,4235000.0,
0.8111111111111111,1.2063338134939932,1.9866666666666666,1.745399903967868,62360.00000153668,5.178217030451157,4236000.0,
0.8222222222222222,1.258959114082657,2.073333333333333,1.8215415105168018,62370.000001537264,5.172785409134006,4237000.0,
0.7666666666666667,1.230622413765684,2.026666666666667,1.78054218391353,62380.00000153785,5.511243728223062,4238000.0,
0.8444444444444444,1.4451717161656221,2.3799999999999994,2.0909656567668757,62390.00000153843,5.258227032413,4239000.0,
0.8333333333333334,1.1699009130864562,1.9266666666666667,1.6926864840493752,62400.00000153901,4.998545095816871,4240000.0,
0.7777777777777778,1.2913439144449117,2.1266666666666665,1.8683978837776845,62410.00000153959,5.51229646155041,4241000.0,
0.8222222222222222,1.1901414133128654,1.96,1.721971717337427,62420.000001540175,5.091790908197931,4242000.0,
0.8,1.097035112271383,1.8066666666666669,1.5872596442123905,62430.00000154076,5.117402223790497,4243000.0,
0.7777777777777778,0.9836883110034911,1.6199999999999999,1.4232623377993017,62440.00000154134,5.118453542840112,4244000.0,
0.8222222222222222,1.1294199126336377,1.8599999999999997,1.634116017473272,62450.00000154192,5.019562056020587,4245000.0,
0.7888888888888889,1.1618047129958926,1.913333333333333,1.6809723907341547,62460.0000015425,5.273270763072235,4246000.0,
0.8444444444444444,1.2832477143543481,2.1133333333333333,1.8566837904624638,62470.000001543085,5.070685451320948,4247000.0,
0.8666666666666667,1.380402115441113,2.2733333333333334,1.9972529102451106,62480.00000154367,5.053281928182091,4248000.0,
0.8222222222222222,1.2184781136298386,2.0066666666666664,1.762971043940699,62490.00000154425,5.130038246421497,4249000.0,
0.8888888888888888,1.4451717161656223,2.3799999999999994,2.0909656567668757,62500.00000154483,5.000815680792671,4250000.0,
0.8666666666666667,1.5018451167995683,2.473333333333333,2.1729643099734193,62510.00000154541,5.194946929749629,4251000.0,
0.8222222222222222,1.1820452132223016,1.9466666666666665,1.7102576240222063,62520.000001545995,5.0873495837637766,4252000.0,
0.8222222222222222,1.3034882145807576,2.146666666666666,1.8859690237505151,62530.00000154658,5.23559107190247,4253000.0,
0.8777777777777778,1.5625666174787967,2.5733333333333333,2.260820009837574,62540.00000154716,5.199883488374793,4254000.0,
0.7888888888888889,1.0848908121355372,1.7866666666666664,1.5696885042395592,62550.00000154774,5.180844691559404,4255000.0,
0.8444444444444444,1.1941895133581475,1.9666666666666663,1.7278287639950372,62560.000001548324,4.969958634352037,4256000.0,
0.8555555555555555,1.315632514716603,2.1666666666666665,1.9035401637233462,62570.000001548906,5.04787956276647,4257000.0,
0.8777777777777778,1.3763540153958307,2.2666666666666666,1.9913958635875004,62580.00000154949,4.989767865748747,4258000.0,
0.8,1.1901414133128656,1.9599999999999995,1.721971717337427,62590.00000155007,5.242673988981757,4259000.0,
0.8222222222222222,0.9775825345430967,2.1599999999999997,1.9644834930913804,62600.00000155065,5.249221585526349,4260000.0,
0.8666666666666667,0.9745653044982104,2.1533333333333333,1.958420272433691,62610.000001551234,4.59167535145349,4261000.0,
0.8111111111111111,1.0711166659345657,2.3666666666666663,2.1524433334797535,62620.000001551816,5.025757533460911,4262000.0,
0.8666666666666667,1.113357886562971,2.46,2.2373284226874057,62630.0000015524,4.752846279476991,4263000.0,
0.8666666666666667,1.0349099053959325,2.2866666666666666,2.07968468558748,62640.00000155298,4.662842198643259,4264000.0,
0.8,0.9594791542737799,2.1199999999999997,1.9281041691452439,62650.00000155356,4.957679498516427,4265000.0,
0.9111111111111111,1.4060292009169226,3.106666666666667,2.8254608264832815,62660.000001554145,4.843688147452048,4266000.0,
0.8241758241758241,1.014585048060601,2.241758241758242,2.038841232146121,62670.00000155473,4.840093858427491,4267000.0,
0.8131868131868132,1.092170963500529,2.4131868131868126,2.194752620486707,62680.00000155531,5.001450779555374,4268000.0,
0.8571428571428571,0.9817602376821696,2.169230769230769,1.9728787216943349,62690.00000155589,4.616666431251658,4269000.0,
0.8241758241758241,1.0623302267928643,2.3472527472527474,2.134786701894175,62700.00000155647,4.899624675289397,4270000.0,
0.8131868131868132,1.0324894900852,2.281318681318681,2.0748207833016417,62710.000001557055,4.929680319004185,4271000.0,
0.8571428571428571,1.0921709635005292,2.4131868131868126,2.1947526204867067,62720.00000155764,4.747017406244962,4272000.0,
0.8791208791208791,1.047409858439032,2.314285714285714,2.104803742597907,62730.00000155822,4.577926214081414,4273000.0,
0.8791208791208791,1.0563620794513313,2.3340659340659338,2.122793518175668,62740.0000015588,4.588609365482934,4274000.0,
0.8791208791208791,1.0265213427436666,2.2681318681318685,2.062827599583134,62750.00000155938,4.555165527477994,4275000.0,
0.9010989010989011,1.2383905733680862,2.7362637362637363,2.488585621590119,62760.000001559965,4.6796749046959025,4276000.0,
0.8681318681318682,1.0056328270483013,2.2219780219780216,2.0208514565683617,62770.00000156055,4.589777054050201,4277000.0,
0.8901098901098901,1.1966135419773556,2.643956043956044,2.4046333355605722,62780.00000156113,4.691501633685336,4278000.0,
0.8681318681318682,0.9489354273037385,2.0967032967032972,1.9069162112425488,62790.00000156171,4.5254800492812075,4279000.0,
0.8681318681318682,1.1458842895743258,2.5318681318681318,2.3026912739532666,62800.00000156229,4.752851523542293,4280000.0,
0.9230769230769231,1.1339479948912596,2.505494505494505,2.278704906516253,62810.000001562876,4.457488899329577,4281000.0,
0.8351648351648352,0.8385247014853789,1.8527472527472526,1.685042312450177,62820.00000156346,4.573494050575679,4282000.0,
0.8901098901098901,1.089186889829763,2.4065934065934065,2.1887560286274534,62830.00000156404,4.573281567692504,4283000.0,
0.8131868131868132,0.8832858065468759,1.9516483516483514,1.7749911903389766,62840.00000156462,4.753227140599358,4284000.0,
0.8131868131868132,1.0503939321097986,2.3208791208791206,2.1108003344571613,62850.000001565204,4.959265511224064,4285000.0,
0.7472527472527473,0.9071583959130076,2.0043956043956044,1.8229639252130025,62860.000001565786,5.2057531475981635,4286000.0,
0.8131868131868132,1.199597615648122,2.6505494505494505,2.410629927419826,62870.00000156637,5.143826797737471,4287000.0,
0.8901098901098901,1.136932068562026,2.512087912087912,2.2847014983755067,62880.00000156695,4.629390348737537,4288000.0,
0.8461538461538461,1.1667728052696908,2.5780219780219777,2.3446674169680395,62890.00000156753,4.905663964781042,4289000.0,
0.8241758241758241,1.0682983741343974,2.36043956043956,2.146779885612681,62900.000001568114,4.917532694064413,4290000.0,
0.8241758241758241,0.9817602376821696,2.169230769230769,1.9728787216943349,62910.0000015687,4.813066421835741,4291000.0,
0.8241758241758241,1.053378005780565,2.327472527472527,2.116796926316414,62920.00000156928,4.900495980461825,4292000.0,
0.8571428571428571,1.014585048060601,2.241758241758242,2.038841232146121,62930.00000156986,4.667269735668236,4293000.0,
0.7802197802197802,0.9847443113529359,2.1758241758241756,1.9788753135535884,62940.00000157044,5.089739892137003,4294000.0,
0.8461538461538461,1.1369320685620263,2.512087912087912,2.2847014983755067,62950.000001571025,4.87351452269814,4295000.0,
0.8241758241758241,1.086202816158996,2.4,2.1827594367682006,62960.00000157161,4.942456750387778,4296000.0,
0.8241758241758241,1.0474098584390321,2.314285714285714,2.104803742597908,62970.00000157219,4.89592129502092,4297000.0,
0.8241758241758241,1.1190276265374275,2.472527472527472,2.2487219472199866,62980.00000157277,4.983350853647004,4298000.0,
0.8571428571428571,1.1399161422327926,2.518681318681319,2.2906980902347596,62990.00000157335,4.8165662686128945,4299000.0,
0.8901098901098901,1.1876613209650562,2.624175824175824,2.3866435599828124,63000.000001573935,4.692308397733878,4300000.0,
0.8131868131868132,1.1429002159035593,2.525274725274725,2.296694682094013,63010.00000157452,5.08167188724122,4301000.0,
0.8681318681318682,1.1876613209650564,2.624175824175824,2.3866435599828124,63020.0000015751,4.812113673625934,4302000.0,
0.8021978021978022,1.0862028161589963,2.4,2.1827594367682006,63030.00000157568,5.081702140809584,4303000.0,
0.8571428571428571,0.990712458694469,2.189010989010989,1.9908684972720947,63040.00000157626,4.645059407049104,4304000.0,
0.8241758241758241,1.0384576374267327,2.2945054945054943,2.086813967020148,63050.000001576846,4.889325933526245,4305000.0,
0.8901098901098901,1.1846772472942901,2.6175824175824176,2.380646968123559,63060.00000157743,4.691918882869364,4306000.0,
0.8021978021978022,1.0205531954021336,2.254945054945055,2.050834415864628,63070.00000157801,5.002056723153897,4307000.0,
0.8351648351648352,0.9668398693283373,2.1362637362637362,1.9428957623980685,63080.00000157859,4.7408187910200175,4308000.0,
0.8791208791208791,1.1160435528666608,2.465934065934066,2.2427253553607334,63090.000001579174,4.673997041493889,4309000.0,
0.8351648351648352,0.9757920903406367,2.156043956043956,1.9608855379758285,63100.000001579756,4.7525905293374375,4310000.0,
0.8461538461538461,1.2891198257711167,2.8483516483516484,2.5905276831974247,63110.00000158034,5.061684469530146,4311000.0,
0.8461538461538461,1.0563620794513313,2.3340659340659338,2.1227935181756674,63120.00000158092,4.787126613489911,4312000.0,
0.8681318681318682,1.1518524369158585,2.545054945054945,2.3146844576717736,63130.0000015815,4.776435085670854,4313000.0,
0.8241758241758241,1.0265213427436668,2.268131868131868,2.062827599583134,63140.000001582084,4.87964322931107,4314000.0,
0.8351648351648352,0.9757920903406367,2.156043956043956,1.9608855379758285,63150.000001582666,4.7552221082849595,4315000.0,
0.8241758241758241,1.23540649969732,2.7296703296703293,2.4825890297308653,63160.00000158325,5.134157219748232,4316000.0,
0.8791208791208791,1.0384576374267325,2.2945054945054943,2.0868139670201478,63170.00000158383,4.589743062681204,4317000.0,
0.8461538461538461,0.9817602376821696,2.169230769230769,1.9728787216943353,63180.00000158441,4.702077683607057,4318000.0,
0.8461538461538461,1.127979847549727,2.4923076923076923,2.266711722797747,63190.000001584995,4.875402157606408,4319000.0,
0.8131868131868132,1.4773340934484667,2.4329670329670328,2.1375002142773396,63200.00000158558,5.040567699991054,4320000.0,
0.8351648351648352,0.9448532413383147,1.5560439560439556,1.3670733077762929,63210.00000158616,4.721334802242889,4321000.0,
0.7692307692307693,1.205088244249291,1.9846153846153842,1.7435977357655266,63220.00000158674,5.464897574790868,4322000.0,
0.7802197802197802,1.0889833967967018,1.793406593406593,1.575609914047253,63230.00000158732,5.23968012841095,4323000.0,
0.7912087912087912,1.2771533219784843,2.1032967032967034,1.8478660389010064,63240.000001587905,5.405288226510027,4324000.0,
0.8021978021978022,1.0289291653557069,1.694505494505494,1.488719661434353,63250.00000158849,5.022361014466459,4325000.0,
0.8681318681318682,1.393258169431074,2.294505494505495,2.0158538606192797,63260.00000158907,5.0610923218596495,4326000.0,
0.8021978021978022,1.2170990905374897,2.0043956043956044,1.7609757862881064,63270.00000158965,5.258024893802719,4327000.0,
0.8351648351648352,1.1370267819494972,1.8725274725274725,1.645122116137573,63280.00000159023,4.955121541659125,4328000.0,
0.8131868131868132,1.1210123202318985,1.8461538461538463,1.621951382107466,63290.000001590815,5.069890826348572,4329000.0,
0.8241758241758241,1.1650520899552945,1.9186813186813185,1.6856709006902597,63300.0000015914,5.056260535928343,4330000.0,
0.8131868131868132,1.1049978585142999,1.8197802197802198,1.5987806480773596,63310.00000159198,5.051278447749967,4331000.0,
0.8681318681318682,1.5173702477424627,2.498901098901099,2.1954270493526065,63320.00000159256,5.207094842446363,4332000.0,
0.7802197802197802,1.004907472779309,1.6549450549450548,1.4539635603891932,63330.000001593144,5.137554648332649,4333000.0,
0.8901098901098901,1.2251063213962892,2.017582417582417,1.7725611533031596,63340.000001593726,4.75116636118229,4334000.0,
0.8131868131868132,1.2891641682666832,2.123076923076923,1.8652440894235862,63350.00000159431,5.279915396229375,4335000.0,
0.8791208791208791,1.1330231665200976,1.865934065934066,1.6393294326300465,63360.00000159489,4.7068113520254595,4336000.0,
0.8351648351648352,1.3972617848604738,2.3010989010989014,2.0216465441268063,63370.00000159547,5.271455558302807,4337000.0,
0.8571428571428571,1.477334093448466,2.4329670329670328,2.1375002142773396,63380.000001596054,5.230220545032345,4338000.0,
0.8131868131868132,1.1009942430849005,1.8131868131868132,1.5929879645698326,63390.000001596636,5.050679407154605,4339000.0,
0.7692307692307693,1.1770629362434932,1.9384615384615378,1.7030489512128397,63400.00000159722,5.438750388669643,4340000.0,
0.8241758241758241,1.269146091119685,2.0901098901098902,1.8362806718859528,63410.0000015978,5.188427924008144,4341000.0,
0.8901098901098901,1.3292003225606797,2.189010989010989,1.923170924498853,63420.00000159838,4.872062090885724,4342000.0,
0.7912087912087912,1.1930773979610918,1.9648351648351647,1.7262196852429466,63430.000001598964,5.309581155877549,4343000.0,
0.7582417582417582,1.1290195510906975,1.8593406593406592,1.63353674912252,63440.00000159955,5.456530132724348,4344000.0,
0.8131868131868132,1.2411207831138877,2.043956043956044,1.7957318873332664,63450.00000160013,5.226240422595846,4345000.0,
0.7802197802197802,1.1009942430849002,1.813186813186813,1.5929879645698333,63460.00000160071,5.268032058161367,4346000.0,
0.7582417582417582,1.201084628819891,1.978021978021978,1.7378050522579995,63470.00000160129,5.553311612048458,4347000.0,
0.7802197802197802,1.3572256305664772,2.2351648351648348,1.9637197090515397,63480.000001601875,5.597568061835004,4348000.0,
0.7802197802197802,1.3091822454136812,2.156043956043956,1.8942075069612196,63490.00000160246,5.536554709033565,4349000.0,
0.8131868131868132,1.2170990905374897,2.004395604395604,1.7609757862881066,63500.00000160304,5.199402935779082,4350000.0,
0.8461538461538461,1.3772437077134754,2.2681318681318676,1.9926831265891731,63510.00000160362,5.186610096242455,4351000.0,
0.8021978021978022,1.3412111688488788,2.208791208791209,1.9405489750214335,63520.0000016042,5.426438580465658,4352000.0,
0.8791208791208791,1.4172798620074718,2.3340659340659338,2.05060996166444,63530.000001604785,5.038653343142842,4353000.0,
0.8241758241758241,1.3652328614252764,2.2483516483516484,1.975305076066593,63540.00000160537,5.311946538645999,4354000.0,
0.8241758241758241,1.1730593208140938,1.9318681318681317,1.6972562677053131,63550.00000160595,5.079309309371129,4355000.0,
0.8461538461538461,1.0849797813673019,1.7868131868131867,1.5698172305397262,63560.00000160653,4.843804676794532,4356000.0,
0.8791208791208791,1.2491280139726868,2.057142857142857,1.8073172543483198,63570.00000160711,4.8493806160033905,4357000.0,
0.8021978021978022,1.337207553419479,2.2021978021978015,1.9347562915139065,63580.000001607696,5.424735443423722,4358000.0,
0.8351648351648352,1.1970810133904917,1.9714285714285715,1.7320123687504732,63590.00000160828,5.043344371411791,4359000.0,
0.8571428571428571,1.3612292459958766,2.2417582417582413,1.9695123925590663,63600.00000160886,5.106046940953699,4360000.0,
0.8351648351648352,1.2651424756902854,2.0835164835164837,1.8304879883784269,63610.00000160944,5.125891648639238,4361000.0,
0.8681318681318682,1.1850701671022927,1.9516483516483514,1.7146343182278934,63620.000001610024,4.83950867360857,4362000.0,
0.8131868131868132,1.3372075534194787,2.202197802197802,1.9347562915139065,63630.000001610606,5.354130910404639,4363000.0,
0.8351648351648352,1.1090014739436995,1.8263736263736263,1.6045733315848865,63640.00000161119,4.940512291284865,4364000.0,
0.8241758241758241,1.2010846288198913,1.978021978021978,1.7378050522579997,63650.00000161177,5.11864668308514,4365000.0,
0.8461538461538461,1.3011750145548822,2.1428571428571423,1.8826221399461667,63660.00000161235,5.104502939393143,4366000.0,
0.8351648351648352,1.257135244831486,2.0703296703296705,1.8189026213633728,63670.000001612934,5.119461938005858,4367000.0,
0.8571428571428571,1.3812473231428746,2.2747252747252746,1.9984758100967,63680.000001613516,5.133503928394665,4368000.0,
0.8901098901098901,1.3652328614252767,2.2483516483516484,1.9753050760665933,63690.0000016141,4.925876424672653,4369000.0,
0.7582417582417582,1.137026781949497,1.8725274725274725,1.645122116137573,63700.00000161468,5.482162857481033,4370000.0,
0.7912087912087912,1.2291099368256888,2.0241758241758236,1.7783538368106866,63710.00000161526,5.370677836943432,4371000.0,
0.8021978021978022,1.2090918596786906,1.991208791208791,1.7493904192730532,63720.000001615845,5.27270081150072,4372000.0,
0.9010989010989011,1.1930773979610918,1.9648351648351647,1.7262196852429466,63730.00000161643,4.676705405161627,4373000.0,
0.8901098901098901,1.5253774786012622,2.512087912087912,2.2070124163676597,63740.00000161701,5.108261118043348,4374000.0,
0.8791208791208791,1.337207553419479,2.202197802197802,1.9347562915139065,63750.00000161759,4.95857109212464,4375000.0,
0.7912087912087912,1.2090918596786906,1.991208791208791,1.7493904192730532,63760.00000161817,5.348154989438359,4376000.0,
0.7912087912087912,1.2931677836960829,2.1296703296703297,1.8710367729311133,63770.000001618755,5.454973171182595,4377000.0,
0.8131868131868132,1.21309547510809,1.9978021978021974,1.75518310278058,63780.00000161934,5.209614705995159,4378000.0,
0.8021978021978022,1.2571352448314859,2.0703296703296705,1.8189026213633734,63790.00000161992,5.336426127239359,4379000.0,
0.7912087912087912,0.7967476700946486,1.7604395604395604,1.6010900264206305,63800.0000016205,5.173272834679629,4380000.0,
0.8021978021978022,1.071282447805164,2.3670329670329666,2.152776477471934,63810.00000162108,5.105842503549075,4381000.0,
0.7802197802197802,1.0265213427436668,2.268131868131868,2.062827599583134,63820.000001621665,5.192862566175896,4382000.0,
0.8901098901098901,1.3219446361495475,2.9208791208791216,2.656490193649211,63830.00000162225,4.884157554301558,4383000.0,
0.8131868131868132,1.172740952611224,2.591208791208791,2.356660600686546,63840.00000162283,5.1632327931951485,4384000.0,
0.8241758241758241,0.9757920903406365,2.1560439560439555,1.9608855379758285,63850.00000162341,4.855958403064265,4385000.0,
0.8461538461538461,1.0056328270483015,2.221978021978022,2.0208514565683617,63860.000001623994,4.765615419093763,4386000.0,
0.7912087912087912,0.9250628379376068,2.043956043956044,1.8589434763685224,63870.000001624576,4.995284975849289,4387000.0,
0.8901098901098901,1.1876613209650562,2.6241758241758246,2.3866435599828124,63880.00000162516,4.735765187859865,4388000.0,
0.8791208791208791,1.1816931736235237,2.6109890109890106,2.374650376264306,63890.00000162574,4.788673485107148,4389000.0,
0.8241758241758241,1.0384576374267325,2.294505494505495,2.0868139670201478,63900.00000162632,4.934659266862217,4390000.0,
0.7802197802197802,1.0324894900851997,2.2813186813186808,2.074820783301641,63910.000001626904,5.205582304318157,4391000.0,
0.8791208791208791,1.1011231845128286,2.432967032967033,2.212742396064467,63920.000001627486,4.698525122493821,4392000.0,
0.8351648351648352,0.9936965323652359,2.195604395604395,1.996865089131348,63930.00000162807,4.817712953343119,4393000.0,
0.8351648351648352,1.0563620794513313,2.3340659340659338,2.1227935181756674,63940.00000162865,4.8932730163015,4394000.0,
0.8461538461538461,0.9489354273037385,2.0967032967032964,1.9069162112425488,63950.00000162923,4.703284725889421,4395000.0,
0.8021978021978022,0.9489354273037385,2.096703296703297,1.9069162112425488,63960.000001629815,4.961546902650516,4396000.0,
0.8681318681318682,1.1458842895743258,2.5318681318681318,2.302691273953266,63970.0000016304,4.812092029874854,4397000.0,
0.8571428571428571,1.059346153122098,2.3406593406593403,2.128790110034921,63980.00000163098,4.773337178755938,4398000.0,
0.8351648351648352,1.172740952611224,2.5912087912087913,2.356660600686546,63990.00000163156,5.035252982848368,4399000.0,
0.9010989010989011,1.116043552866661,2.4659340659340656,2.2427253553607334,64000.00000163214,4.604387357557599,4400000.0,
0.8571428571428571,0.8534450698392113,1.8857142857142857,1.715025271746443,64010.000001632725,4.534657709797788,4401000.0,
0.7582417582417582,0.9668398693283371,2.1362637362637362,1.942895762398069,64020.00000163331,5.276264175619423,4402000.0,
0.8351648351648352,1.1966135419773558,2.6439560439560434,2.4046333355605722,64030.00000163389,5.065942530642148,4403000.0,
0.8681318681318682,0.9280469116083732,2.0505494505494504,1.864940068227776,64040.00000163447,4.564709733737066,4404000.0,
0.8681318681318682,1.1578205842573914,2.5582417582417576,2.3266776413902797,64050.00000163505,4.829892065522673,4405000.0,
0.8681318681318682,1.1160435528666612,2.4659340659340656,2.2427253553607334,64060.000001635635,4.782275485059962,4406000.0,
0.8571428571428571,1.1846772472942897,2.6175824175824176,2.380646968123559,64070.00000163622,4.924172173239148,4407000.0,
0.8681318681318682,1.1249957738789607,2.4857142857142858,2.260715130938493,64080.0000016368,4.793600195340011,4408000.0,
0.9010989010989011,1.1130594791958945,2.459340659340659,2.2367287635014805,64090.00000163738,4.605466007508588,4409000.0,
0.8791208791208791,0.9369991326206727,2.07032967032967,1.882929843805536,64100.00000163796,4.5208340134670175,4410000.0,
0.8571428571428571,1.053378005780565,2.3274725274725268,2.116796926316414,64110.000001638546,4.773041006857871,4411000.0,
0.8571428571428571,1.1816931736235234,2.610989010989011,2.3746503762643054,64120.00000163913,4.923254856520839,4412000.0,
0.8021978021978022,1.0414417110974992,2.301098901098901,2.0928105588794015,64130.00000163971,5.086178023544652,4413000.0,
0.8241758241758241,1.0712824478051641,2.3670329670329666,2.1527764774719342,64140.00000164029,4.987286703455458,4414000.0,
0.8571428571428571,1.1488683632450922,2.5384615384615383,2.30868786581252,64150.000001640874,4.8864977059512205,4415000.0,
0.8681318681318682,1.0891868898297627,2.406593406593407,2.188756028627454,64160.000001641456,4.756402620043071,4416000.0,
0.8021978021978022,1.1697568789404573,2.5846153846153843,2.3506640088272928,64170.00000164204,5.248324328664084,4417000.0,
0.8571428571428571,1.172740952611224,2.591208791208791,2.3566606006865465,64180.00000164262,4.91588752175026,4418000.0,
0.8021978021978022,0.9817602376821696,2.169230769230769,1.9728787216943349,64190.0000016432,5.015068241616144,4419000.0,
0.8131868131868132,0.9310309852791397,2.057142857142857,1.8709366600870294,64200.000001643784,4.885454319855475,4420000.0,
0.8351648351648352,1.047409858439032,2.314285714285714,2.104803742597908,64210.00000164437,4.896764435879706,4421000.0,
0.8131868131868132,1.0474098584390321,2.314285714285714,2.1048037425979076,64220.00000164495,5.029649961173784,4422000.0,
0.9120879120879121,1.059346153122098,2.34065934065934,2.128790110034921,64230.00000164553,4.497834939072547,4423000.0,
0.8901098901098901,1.2771835310880506,2.8219780219780213,2.5665413157604116,64240.00000164611,4.854117300468214,4424000.0,
0.8351648351648352,1.0175691217313674,2.2483516483516484,2.044837824005375,64250.000001646695,4.86313934324302,4425000.0,
0.8241758241758241,0.9936965323652356,2.195604395604395,1.9968650891313482,64260.00000164728,4.899549126055385,4426000.0,
0.9230769230769231,1.1249957738789604,2.4857142857142858,2.260715130938493,64270.00000164786,4.5173144694274425,4427000.0,
0.8131868131868132,0.9161106169253073,2.024175824175824,1.8409537007907626,64280.00000164844,4.871430623636825,4428000.0,
0.8021978021978022,1.0205531954021336,2.254945054945055,2.050834415864628,64290.00000164902,5.068906038226282,4429000.0,
0.8461538461538461,1.1070913318543618,2.446153846153846,2.2247355797829735,64300.000001649605,4.908378067632126,4430000.0,
0.9340659340659341,1.2324224260265535,2.7230769230769227,2.476592437871612,64310.00000165019,4.581061656204064,4431000.0,
0.9120879120879121,1.172740952611224,2.5912087912087913,2.3566606006865465,64320.00000165077,4.626496707187383,4432000.0,
0.8681318681318682,1.0205531954021336,2.254945054945055,2.050834415864628,64330.00000165135,4.685951149247188,4433000.0,
0.8131868131868132,1.1041072581835951,2.4395604395604398,2.2187389879237207,64340.00000165193,5.105858925724908,4434000.0,
0.8791208791208791,1.110075405525128,2.4527472527472525,2.230732171642227,64350.000001652515,4.730208273896563,4435000.0,
0.8571428571428571,1.0832187424882298,2.3934065934065933,2.1767628449089473,64360.0000016531,4.820675712504738,4436000.0,
0.8241758241758241,1.1011231845128284,2.4329670329670328,2.212742396064467,64370.00000165368,5.035760130661472,4437000.0,
0.8351648351648352,1.0533780057805648,2.327472527472527,2.1167969263164146,64380.00000165426,4.912857875460221,4438000.0,
0.8241758241758241,0.9041743222422413,1.9978021978021974,1.8169673333537493,64390.000001654844,4.797862177773221,4439000.0,
0.8791208791208791,1.4933485551660648,2.459340659340659,2.1606709483074464,64400.000001655426,4.736102657697205,4440000.0,
0.7692307692307693,1.0769725505085024,1.7736263736263733,1.558231863524673,64410.00000165601,5.366347172931801,4441000.0,
0.7912087912087912,1.2211027059668895,2.010989010989011,1.7667684697956332,64420.00000165659,5.400002031276967,4442000.0,
0.8131868131868132,1.1770629362434935,1.9384615384615382,1.7030489512128397,64430.00000165717,5.2004395568529045,4443000.0,
0.7692307692307693,1.2651424756902856,2.0835164835164837,1.8304879883784264,64440.000001657754,5.612682361382504,4444000.0,
0.8021978021978022,1.1450340128082965,1.8857142857142857,1.6567074831526265,64450.000001658336,5.232847879102968,4445000.0,
0.8131868131868132,1.237117167684488,2.0373626373626372,1.7899392038257398,64460.00000165892,5.275911652273681,4446000.0,
0.8351648351648352,1.337207553419479,2.2021978021978015,1.9347562915139063,64470.0000016595,5.257443254870249,4447000.0,
0.7582417582417582,1.2451243985432872,2.0505494505494504,1.801524570840793,64480.00000166008,5.669943772121852,4448000.0,
0.8791208791208791,1.3732400922840757,2.2615384615384615,1.9868904430816463,64490.000001660665,5.036558105085272,4449000.0,
0.8571428571428571,1.1650520899552945,1.9186813186813185,1.68567090069026,64500.00000166125,4.9233274383962184,4450000.0,
0.7582417582417582,1.2291099368256886,2.024175824175824,1.7783538368106866,64510.00000166183,5.650562380581351,4451000.0,
0.8461538461538461,1.2691460911196852,2.09010989010989,1.8362806718859532,64520.00000166241,5.111325900011289,4452000.0,
0.7802197802197802,1.333203937990079,2.1956043956043954,1.92896360800638,64530.00000166299,5.625934624874331,4453000.0,
0.8461538461538461,1.1610484745258947,1.9120879120879117,1.6798782171827333,64540.000001663575,4.984613132348559,4454000.0,
0.8351648351648352,1.2411207831138875,2.0439560439560442,1.7957318873332662,64550.00000166416,5.146602516741431,4455000.0,
0.8681318681318682,1.2531316294020864,2.0637362637362635,1.8131099378558464,64560.00000166474,4.965503522589584,4456000.0,
0.8241758241758241,1.1730593208140936,1.9318681318681319,1.6972562677053131,64570.00000166532,5.133709309374295,4457000.0,
0.8681318681318682,1.457316016301468,2.4,2.108536796739706,64580.0000016659,5.20171591762564,4458000.0,
0.8241758241758241,1.2050882442492907,1.9846153846153844,1.7435977357655266,64590.000001666485,5.1736377364757296,4459000.0,
0.8571428571428571,1.1970810133904917,1.971428571428571,1.7320123687504732,64600.00000166707,4.965822720865786,4460000.0,
0.7912087912087912,1.1330231665200974,1.865934065934066,1.6393294326300467,64610.00000166765,5.299234835587885,4461000.0,
0.8351648351648352,1.357225630566477,2.235164835164835,1.96371970905154,64620.00000166823,5.2893070051388245,4462000.0,
0.7912087912087912,1.1810665516728929,1.9450549450549448,1.7088416347203663,64630.000001668814,5.361067447378288,4463000.0,
0.8351648351648352,1.3532220151370775,2.228571428571428,1.9579270255440129,64640.000001669396,5.285565834032631,4464000.0,
0.8461538461538461,1.2331135522550882,2.03076923076923,1.7841465203182134,64650.00000166998,5.075495237197678,4465000.0,
0.8681318681318682,1.5173702477424627,2.4989010989010985,2.1954270493526065,64660.00000167056,5.274942943716135,4466000.0,
0.8351648351648352,1.2411207831138877,2.043956043956044,1.7957318873332664,64670.00000167114,5.152918306215482,4467000.0,
0.7912087912087912,1.269146091119685,2.09010989010989,1.8362806718859528,64680.000001671724,5.47516797640148,4468000.0,
0.7802197802197802,1.2731497065490844,2.0967032967032964,1.8420733553934796,64690.000001672306,5.5579777930279475,4469000.0,
0.8131868131868132,1.1650520899552945,1.9186813186813185,1.68567090069026,64700.00000167289,5.200264056688535,4470000.0,
0.8791208791208791,1.2411207831138877,2.043956043956044,1.7957318873332664,64710.00000167347,4.897272390904824,4471000.0,
0.8681318681318682,1.3772437077134754,2.268131868131868,1.9926831265891733,64720.00000167405,5.116569334315833,4472000.0,
0.8681318681318682,1.1970810133904917,1.9714285714285709,1.7320123687504732,64730.000001674634,4.909546483893185,4473000.0,
0.8461538461538461,1.193077397961092,1.9648351648351647,1.7262196852429466,64740.00000167522,5.032855106798552,4474000.0,
0.7692307692307693,1.3412111688488786,2.208791208791209,1.940548975021433,64750.0000016758,5.729285948203992,4475000.0,
0.8461538461538461,1.2731497065490849,2.0967032967032964,1.8420733553934798,64760.00000167638,5.12852497798702,4476000.0,
0.8681318681318682,1.269146091119685,2.09010989010989,1.8362806718859532,64770.00000167696,4.994583472163638,4477000.0,
0.8021978021978022,1.080976165937902,1.7802197802197797,1.5640245470321998,64780.000001677545,5.171077138484761,4478000.0,
0.7802197802197802,1.4493087854426685,2.3868131868131868,2.096951429724653,64790.00000167813,5.789392950483431,4479000.0,
0.8461538461538461,1.2010846288198913,1.978021978021978,1.7378050522579997,64800.00000167871,5.045435080930561,4480000.0,
0.7692307692307693,1.149037628237696,1.8923076923076922,1.6625001666601533,64810.00000167929,5.482888916838226,4481000.0,
0.8351648351648352,1.1530412436670956,1.8989010989010988,1.66829285016768,64820.00000167987,5.055349383983599,4482000.0,
0.8461538461538461,1.3171894762724807,2.169230769230769,1.905792873976273,64830.000001680455,5.184208342205791,4483000.0,
0.8351648351648352,1.1970810133904917,1.971428571428571,1.7320123687504732,64840.00000168104,5.109133845099831,4484000.0,
0.8351648351648352,1.1210123202318985,1.8461538461538458,1.6219513821074667,64850.00000168162,5.018577909870494,4485000.0,
0.7582417582417582,1.0529508579321045,1.7340659340659341,1.5234757624795132,64860.0000016822,5.438526493925777,4486000.0,
0.7802197802197802,1.1930773979610922,1.9648351648351647,1.7262196852429466,64870.00000168278,5.465490749627025,4487000.0,
0.8461538461538461,1.3131858608430813,2.162637362637363,1.9000001904687465,64880.000001683366,5.182074199295872,4488000.0,
0.7912087912087912,1.2931677836960829,2.1296703296703297,1.8710367729311126,64890.00000168395,5.517195393408439,4489000.0,
0.8901098901098901,1.477334093448466,2.4329670329670328,2.1375002142773396,64900.00000168453,5.11157040139354,4490000.0,
0.8021978021978022,1.2531316294020867,2.063736263736263,1.8131099378558468,64910.00000168511,5.392805181981625,4491000.0,
0.8681318681318682,1.3211930917018804,2.1758241758241756,1.9115855574837997,64920.000001685694,5.062131282961293,4492000.0,
0.8351648351648352,1.2611388602608857,2.0769230769230766,1.8246953048708998,64930.000001686276,5.190571530168604,4493000.0,
0.8131868131868132,1.0849797813673019,1.7868131868131867,1.5698172305397267,64940.00000168686,5.114769731263516,4494000.0,
0.8791208791208791,1.4292907082956705,2.353846153846154,2.0679880121870196,64950.00000168744,5.123315680799801,4495000.0,
0.8681318681318682,1.4332943237250704,2.36043956043956,2.0737806956945466,64960.00000168802,5.1932858666843265,4496000.0,
0.8681318681318682,1.333203937990079,2.1956043956043954,1.92896360800638,64970.000001688604,5.078498207166835,4497000.0,
0.7912087912087912,1.3292003225606797,2.1890109890109892,1.923170924498853,64980.000001689186,5.567736518918151,4498000.0,
0.9010989010989011,1.4212834774368714,2.340659340659341,2.0564026451719664,64990.00000168977,4.991421907998082,4499000.0,
0.8461538461538461,0.9041743222422416,1.9978021978021976,1.8169673333537493,65000.00000169035,5.070019327843194,4500000.0,
0.8791208791208791,1.1966135419773558,2.6439560439560443,2.4046333355605722,65010.00000169093,4.861645404112894,4501000.0,
0.7032967032967034,0.8295724804730796,1.8329670329670327,1.6670525368724172,65020.000001691515,5.5557952458147595,4502000.0,
0.8571428571428571,1.0175691217313674,2.2483516483516484,2.044837824005375,65030.0000016921,4.778443462649373,4503000.0,
0.8351648351648352,1.0265213427436668,2.268131868131868,2.0628275995831347,65040.00000169268,4.915437397352273,4504000.0,
0.9010989010989011,1.1190276265374273,2.4725274725274726,2.2487219472199866,65050.00000169326,4.658918463707405,4505000.0,
0.7252747252747253,0.9250628379376066,2.043956043956044,1.8589434763685224,65060.00000169384,5.521523003960998,4506000.0,
0.8131868131868132,0.951919500974505,2.103296703296703,1.9129128031018021,65070.000001694425,4.9581685756457565,4507000.0,
0.8461538461538461,0.8982061749007085,1.9846153846153844,1.804974149635243,65080.00000169501,4.702033271754193,4508000.0,
0.8791208791208791,1.0653143004636307,2.353846153846154,2.1407832937534272,65090.00000169559,4.716292516891263,4509000.0,
0.7802197802197802,0.9011902485714748,1.991208791208791,1.8109707414944958,65100.00000169617,5.1043396144946085,4510000.0,
0.8241758241758241,1.1070913318543614,2.446153846153846,2.2247355797829735,65110.00000169675,5.082468149438163,4511000.0,
0.8571428571428571,1.0951550371712957,2.4197802197802196,2.20074921234596,65120.000001697335,4.873575748611611,4512000.0,
0.8241758241758241,1.0921709635005294,2.4131868131868135,2.1947526204867076,65130.00000169792,5.065431435835576,4513000.0,
0.7692307692307693,1.0653143004636307,2.353846153846154,2.1407832937534272,65140.0000016985,5.392905733590181,4514000.0,
0.8681318681318682,1.256295015392685,2.7758241758241753,2.5245651727456386,65150.00000169908,4.999020840631126,4515000.0,
0.8571428571428571,1.0862028161589963,2.4,2.1827594367682006,65160.000001699664,4.865182772815329,4516000.0,
0.8241758241758241,1.199597615648122,2.650549450549451,2.4106299274198255,65170.000001700246,5.197909107108112,4517000.0,
0.8901098901098901,1.092170963500529,2.413186813186813,2.194752620486707,65180.00000170083,4.69268342824296,4518000.0,
0.7912087912087912,1.0295054164144333,2.274725274725274,2.068824191442388,65190.00000170141,5.200622123650657,4519000.0,
0.8021978021978022,1.0593461531220978,2.340659340659341,2.128790110034921,65200.00000170199,5.1671273964828375,4520000.0,
0.8571428571428571,1.166772805269691,2.5780219780219777,2.3446674169680395,65210.000001702574,4.9617451960087235,4521000.0,
0.8131868131868132,0.9161106169253074,2.0241758241758236,1.8409537007907628,65220.000001703156,4.922241434450593,4522000.0,
0.8791208791208791,1.1936294683065896,2.6373626373626373,2.3986367437013194,65230.00000170374,4.869251020313037,4523000.0,
0.8351648351648352,1.0503939321097986,2.3208791208791206,2.110800334457161,65240.00000170432,4.954547997778123,4524000.0,
0.8241758241758241,0.9996646797067684,2.208791208791209,2.0088582728498547,65250.0000017049,4.959590478166184,4525000.0,
0.8021978021978022,0.9668398693283373,2.1362637362637362,1.9428957623980685,65260.000001705484,5.055099015315466,4526000.0,
0.8461538461538461,1.1906453946358229,2.6307692307692307,2.3926401518420657,65270.00000170607,5.057513388584577,4527000.0,
0.8021978021978022,1.1757250262819907,2.5978021978021975,2.3626571925457998,65280.00000170665,5.316585991792,4528000.0,
0.8461538461538461,1.0414417110974994,2.301098901098901,2.0928105588794015,65290.00000170723,4.882220723623763,4529000.0,
0.8571428571428571,1.1667728052696908,2.5780219780219777,2.3446674169680395,65300.00000170781,4.966360580624377,4530000.0,
0.8681318681318682,1.2443587207096194,2.7494505494505495,2.500578805308625,65310.000001708395,4.993372703718193,4531000.0,
0.8021978021978022,0.8862698802176426,1.9582417582417582,1.7809877821982296,65320.00000170898,4.957950124780407,4532000.0,
0.8131868131868132,1.0862028161589963,2.4,2.1827594367682,65330.00000170956,5.137354814589664,4533000.0,
0.8695652173913043,1.1275257493824362,2.491304347826087,2.2657991979495993,65340.00000171014,4.813652111904412,4534000.0,
0.8586956521739131,1.027170054411225,2.2695652173913046,2.064131206509059,65350.00000171072,4.7582208229747325,4535000.0,
0.782608695652174,0.9651856545760645,2.132608695652174,1.9395715647369607,65360.000001711305,5.142178892085714,4536000.0,
0.8586956521739131,1.0389766067607789,2.2956521739130435,2.0878568525608876,65370.00000171189,4.772982883938829,4537000.0,
0.8913043478260869,1.0714446257220536,2.367391304347826,2.153102379203415,65380.00000171247,4.635276897263501,4538000.0,
0.8478260869565217,1.053734797197722,2.328260869565217,2.117513910125673,65390.00000171305,4.852607709632961,4539000.0,
0.8260869565217391,1.0537347971977218,2.3282608695652174,2.117513910125673,65400.00000171363,4.980834228307542,4540000.0,
0.8260869565217391,1.0655413495472763,2.3543478260869564,2.1412395561775015,65410.000001714216,4.995652686414929,4541000.0,
0.9021739130434783,1.151138854081545,2.543478260869565,2.3132504900532562,65420.0000017148,4.669693669695056,4542000.0,
0.8369565217391305,1.0596380733724988,2.341304347826086,2.1293767331515867,65430.00000171538,4.92475977609688,4543000.0,
0.8478260869565217,0.9327176356147904,2.0608695652173914,1.874326038094433,65440.00000171596,4.712433621612216,4544000.0,
0.8260869565217391,1.0183151401490589,2.2499999999999996,2.046336971970188,65450.000001716544,4.94058938030142,4545000.0,
0.7608695652173914,1.0006053116247275,2.210869565217391,2.010748502892446,65460.000001717126,5.341364123981024,4546000.0,
0.7934782608695652,0.9563307403138986,2.11304347826087,1.9217773301980896,65470.00000171771,5.066605864631203,4547000.0,
0.9239130434782609,1.219026530091482,2.6934782608695653,2.449672954851269,65480.00000171829,4.63612047973668,4548000.0,
0.8260869565217391,0.9563307403138986,2.1130434782608694,1.9217773301980898,65490.00000171887,4.867660896290558,4549000.0,
0.9021739130434783,1.1481872159941564,2.5369565217391306,2.307319078540299,65500.000001719454,4.670277396152633,4550000.0,
0.8586956521739131,1.074396263809442,2.373913043478261,2.159033790716373,65510.00000172004,4.821319699742749,4551000.0,
0.8152173913043478,1.0832511780716076,2.3934782608695655,2.1768280252552437,65520.00000172062,5.089852111890648,4552000.0,
0.8369565217391305,1.062589711459888,2.3478260869565215,2.1353081446645437,65530.0000017212,4.933481213811985,4553000.0,
0.8369565217391305,0.900249616653516,1.9891304347826086,1.809080511451905,65540.00000172178,4.740035905731674,4554000.0,
0.8152173913043478,1.0802995399842192,2.38695652173913,2.1708966137422867,65550.00000172236,5.087831435836879,4555000.0,
0.8804347826086957,1.1924617873049852,2.6347826086956516,2.3962902512346544,65560.00000172295,4.838843017793565,4556000.0,
0.8043478260869565,0.9769922069256191,2.158695652173913,1.963297210788789,65570.00000172353,5.0292308519781,4557000.0,
0.8369565217391305,0.9150078070904589,2.0217391304347827,1.8387375690166905,65580.00000172411,4.759746990409701,4558000.0,
0.8369565217391305,1.0478315210229447,2.3152173913043477,2.105651087099759,65590.0000017247,4.918964934329065,4559000.0,
0.8369565217391305,1.587999246024154,2.6152173913043475,2.297617542099517,65600.00000172528,5.081709510768426,4560000.0,
0.8043478260869565,1.3266327865787821,2.1847826086956523,1.9194560513798955,65610.00000172586,5.466081302357835,4561000.0,
0.9130434782608695,1.2434707313007092,2.0478260869565217,1.7991319406963797,65620.00000172644,4.724751277248801,4562000.0,
0.8478260869565217,1.2870318078749379,2.1195652173913047,1.8621588558163167,65630.00000172702,5.140086235047829,4563000.0,
0.8478260869565217,1.2672313185230157,2.08695652173913,1.8335102580345275,65640.0000017276,5.117244632222515,4564000.0,
0.8260869565217391,1.081106718614948,1.7804347826086955,1.5642134388857063,65650.00000172819,5.027126554234425,4565000.0,
0.8152173913043478,1.2909919057453225,2.1260869565217395,1.8678885753726746,65660.00000172877,5.352147404504175,4566000.0,
0.8043478260869565,1.1642687738930206,1.9173913043478255,1.6845375495692223,65670.00000172935,5.267466583883833,4567000.0,
0.8478260869565217,1.401874646116086,2.3086956521739133,2.0283207229506957,65680.00000172993,5.278105992973435,4568000.0,
0.8695652173913043,1.3187125908380133,2.1717391304347826,1.90799661226718,65690.00000173051,5.051016979579345,4569000.0,
0.782608695652174,1.2355505355599403,2.034782608695652,1.787672501583664,65700.0000017311,5.506534017788433,4570000.0,
0.8369565217391305,1.02962544629995,1.6956521739130432,1.4897270846530533,65710.00000173168,4.903445987907148,4571000.0,
0.8152173913043478,1.1721889696337895,1.9304347826086954,1.695996988681938,65720.00000173226,5.209615802874214,4572000.0,
0.8478260869565217,1.1127875015780229,1.8326086956521739,1.6100511953365693,65730.00000173284,4.939695514800484,4573000.0,
0.8586956521739131,1.2989121014860912,2.139130434782609,1.8793480144853905,65740.00000173342,5.094426751214967,4574000.0,
0.7282608695652174,1.231590437689556,2.028260869565217,1.7819427820273062,65750.000001734,5.915016720547813,4575000.0,
0.8260869565217391,1.2315904376895561,2.028260869565217,1.7819427820273064,65760.00000173459,5.215080529956655,4576000.0,
0.8260869565217391,1.346433275930704,2.217391304347826,1.9481046491616854,65770.00000173517,5.354627123617023,4577000.0,
0.8478260869565217,1.2474308291710936,2.054347826086956,1.804861660252738,65780.00000173575,5.101069696064256,4578000.0,
0.8260869565217391,1.290991905745322,2.126086956521739,1.8678885753726746,65790.00000173633,5.2885665176032015,4579000.0,
0.8804347826086957,1.3266327865787821,2.1847826086956523,1.919456051379896,65800.00000173692,5.003086621907704,4580000.0,
0.8152173913043478,1.2197101440784026,2.008695652173913,1.7647536233582324,65810.0000017375,5.272708443526552,4581000.0,
0.8260869565217391,1.3385130801899354,2.2043478260869565,1.9366452100489695,65820.00000173808,5.34767109719414,4582000.0,
0.8369565217391305,1.168228871763405,1.9239130434782605,1.6902672691255802,65830.00000173866,5.075283846902808,4583000.0,
0.8913043478260869,1.148428382411483,1.891304347826087,1.6616186713437906,65840.00000173924,4.744087941355387,4584000.0,
0.8695652173913043,1.176149067504174,1.9369565217391302,1.7017267082382959,65850.00000173983,4.8950689277458945,4585000.0,
0.8804347826086957,1.4731564077830057,2.426086956521739,2.1314556749651383,65860.00000174041,5.1724714756213155,4586000.0,
0.8369565217391305,1.346433275930704,2.2173913043478257,1.9481046491616851,65870.00000174099,5.290281316817104,4587000.0,
0.8152173913043478,1.0296254462999506,1.6956521739130437,1.4897270846530537,65880.00000174157,5.043271214251868,4588000.0,
0.7608695652173914,1.1088274037076384,1.826086956521739,1.6043214757802113,65890.00000174216,5.508170302148566,4589000.0,
0.7608695652173914,1.085066816485332,1.78695652173913,1.5699431584420642,65900.00000174274,5.47751353037071,4590000.0,
0.8152173913043478,1.30683229722686,2.152173913043478,1.8908074535981059,65910.00000174332,5.384911618055637,4591000.0,
0.8260869565217391,1.2474308291710936,2.0543478260869565,1.804861660252738,65920.0000017439,5.242676793329533,4592000.0,
0.782608695652174,1.112787501578023,1.832608695652174,1.6100511953365693,65930.00000174448,5.362447918812283,4593000.0,
0.8260869565217391,1.2553510249118625,2.067391304347826,1.816321099365454,65940.00000174507,5.2533170302789465,4594000.0,
0.8260869565217391,1.168228871763405,1.923913043478261,1.6902672691255798,65950.00000174565,5.148379686994002,4595000.0,
0.8152173913043478,1.326632786578782,2.1847826086956523,1.919456051379896,65960.00000174623,5.411866884994149,4596000.0,
0.8369565217391305,1.2830717100045532,2.11304347826087,1.8564291362599588,65970.00000174681,5.219771393892656,4597000.0,
0.8586956521739131,1.2632712206526313,2.0804347826086955,1.8277805384781696,65980.0000017474,5.065072814042532,4598000.0,
0.75,1.0731865228741788,1.7673913043478258,1.5527539997729904,65990.00000174798,5.546274784257169,4599000.0,
0.8586956521739131,1.393954450375317,2.295652173913043,2.0168612838379802,66000.00000174856,5.218273537263945,4600000.0,
0.7934782608695652,1.2593111227822469,2.073913043478261,1.8220508189218116,66010.00000174914,5.478033195962897,4601000.0,
0.8043478260869565,1.2632712206526313,2.0804347826086955,1.8277805384781696,66020.00000174972,5.409469625802288,4602000.0,
0.8260869565217391,1.2315904376895557,2.028260869565217,1.7819427820273062,66030.0000017503,5.229291056273271,4603000.0,
0.8586956521739131,1.3820741567641637,2.276086956521739,1.9996721251689065,66040.00000175089,5.206463575083986,4604000.0,
0.9021739130434783,1.3028721993564754,2.1456521739130436,1.8850777340417486,66050.00000175147,4.8682414740979505,4605000.0,
0.8913043478260869,1.2909919057453225,2.1260869565217386,1.8678885753726746,66060.00000175205,4.914768967535442,4606000.0,
0.8586956521739131,1.2791116121341688,2.1065217391304345,1.8506994167036008,66070.00000175263,5.088076814249144,4607000.0,
0.8804347826086957,1.4137549397272393,2.328260869565217,2.045509881619769,66080.00000175321,5.1158673390647795,4608000.0,
0.8478260869565217,1.3385130801899354,2.204347826086956,1.9366452100489695,66090.0000017538,5.224397479318174,4609000.0,
0.8695652173913043,1.2870318078749374,2.1195652173913038,1.8621588558163167,66100.00000175438,5.035084079173002,4610000.0,
0.8043478260869565,1.290991905745322,2.126086956521739,1.8678885753726748,66110.00000175496,5.448798045106997,4611000.0,
0.75,1.3305928844491663,2.1913043478260867,1.9251857709362539,66120.00000175554,5.897019498241649,4612000.0,
0.8260869565217391,1.30683229722686,2.152173913043478,1.8908074535981063,66130.00000175613,5.325636465187157,4613000.0,
0.8043478260869565,1.2593111227822467,2.0739130434782607,1.8220508189218116,66140.0000017567,5.411032747369214,4614000.0,
0.9021739130434783,1.2355505355599403,2.0347826086956515,1.7876725015836643,66150.00000175729,4.798439147962313,4615000.0,
0.8260869565217391,1.3385130801899354,2.2043478260869565,1.9366452100489695,66160.00000175787,5.365565834037288,4616000.0,
0.8152173913043478,1.2989121014860912,2.139130434782609,1.8793480144853907,66170.00000175845,5.3890628446144335,4617000.0,
0.8043478260869565,1.1325879909299452,1.8652173913043482,1.638699793118359,66180.00000175904,5.255647232093506,4618000.0,
0.8369565217391305,1.3266327865787821,2.184782608695652,1.919456051379896,66190.00000175962,5.283246965904087,4619000.0,
0.8260869565217391,1.0773479018968306,2.3804347826086953,2.164965202229329,66200.0000017602,5.497103769695763,4620000.0,
0.8478260869565217,1.0271700544112246,2.2695652173913037,2.0641312065090593,66210.00000176078,4.8633262181436425,4621000.0,
0.8913043478260869,1.1245741112950478,2.4847826086956517,2.2598677864366423,66220.00000176136,4.735861198152661,4622000.0,
0.782608695652174,0.9592823784012873,2.119565217391304,1.9277087417110466,66230.00000176195,5.1829691503096464,4623000.0,
0.8586956521739131,1.3105273108005282,2.895652173913043,2.6335467117529374,66240.00000176253,5.133269779785153,4624000.0,
0.8152173913043478,1.0921060923337735,2.413043478260869,2.194622259794115,66250.00000176311,5.139647473387839,4625000.0,
0.8260869565217391,1.0242184163238364,2.2630434782608697,2.058199794996102,66260.00000176369,4.990367030410211,4626000.0,
0.8695652173913043,1.0183151401490589,2.25,2.046336971970188,66270.00000176427,4.734559911288735,4627000.0,
0.8478260869565217,1.018315140149059,2.25,2.0463369719701876,66280.00000176486,4.856471703885911,4628000.0,
0.8260869565217391,1.0714446257220533,2.367391304347826,2.153102379203415,66290.00000176544,5.04911454705025,4629000.0,
0.8695652173913043,1.074396263809442,2.373913043478261,2.159033790716372,66300.00000176602,4.8005532034982625,4630000.0,
0.8804347826086957,0.9858471211877844,2.178260869565217,1.98109144532766,66310.0000017666,4.641206606897171,4631000.0,
0.8478260869565217,1.1098159208581047,2.4521739130434783,2.230210728871857,66320.00000176718,4.9664469836967005,4632000.0,
0.8478260869565217,1.1481872159941564,2.53695652173913,2.3073190785402984,66330.00000176777,5.012218254882844,4633000.0,
0.8043478260869565,1.0330733305860016,2.2826086956521734,2.0759940295349737,66340.00000176835,5.140574951666403,4634000.0,
0.7934782608695652,0.9976536735373389,2.2043478260869565,2.0048170913794885,66350.00000176893,5.166903259929303,4635000.0,
0.8369565217391305,1.1127675589454935,2.4586956521739127,2.236142140384814,66360.00000176951,5.036550849771322,4636000.0,
0.8695652173913043,1.1127675589454933,2.4586956521739127,2.236142140384814,66370.0000017701,4.848180192904927,4637000.0,
0.8695652173913043,1.0980093685085506,2.4260869565217393,2.206485082820029,66380.00000177068,4.831708273902471,4638000.0,
0.8804347826086957,1.157042130256322,2.5565217391304342,2.3251133130791706,66390.00000177126,4.839600938185123,4639000.0,
0.8152173913043478,0.997653673537339,2.2043478260869565,2.004817091379488,66400.00000177184,5.031785839664678,4640000.0,
0.8369565217391305,0.9238627213526244,2.0413043478260864,1.856531803555562,66410.00000177242,4.813443771089084,4641000.0,
0.8913043478260869,1.100961006595939,2.432608695652174,2.212416494332986,66420.000001773,4.71912454410057,4642000.0,
0.8260869565217391,0.9150078070904588,2.0217391304347827,1.8387375690166903,66430.00000177359,4.86711208239138,4643000.0,
0.9021739130434783,0.9327176356147902,2.0608695652173914,1.874326038094433,66440.00000177417,4.4767448492287425,4644000.0,
0.8369565217391305,1.2426396347905908,2.7456521739130433,2.497124246954925,66450.00000177475,5.196398005326775,4645000.0,
0.8260869565217391,1.095057730421162,2.4195652173913036,2.200553671307072,66460.00000177533,5.086646200107586,4646000.0,
0.8804347826086957,1.1511388540815448,2.5434782608695654,2.3132504900532553,66470.00000177592,4.836846599814002,4647000.0,
0.8478260869565217,0.9887987592751731,2.1847826086956523,1.9870228568406176,66480.0000017765,4.831913921317311,4648000.0,
0.8804347826086957,1.2721560156644767,2.810869565217391,2.5564383620844957,66490.00000177708,4.975285845068747,4649000.0,
0.8478260869565217,1.0389766067607789,2.295652173913043,2.087856852560887,66500.00000177766,4.892123690146546,4650000.0,
0.8586956521739131,1.080299539984219,2.38695652173913,2.1708966137422863,66510.00000177824,4.878827312506195,4651000.0,
0.7391304347826086,1.024218416323836,2.2630434782608693,2.058199794996102,66520.00000177883,5.592763151635831,4652000.0,
0.8695652173913043,1.1275257493824362,2.4913043478260866,2.2657991979495993,66530.00000177941,4.873152111907876,4653000.0,
0.8804347826086957,1.3282371393248595,2.9347826086956528,2.66913518083068,66540.00000177999,5.041452059596733,4654000.0,
0.8369565217391305,1.0537347971977218,2.3282608695652174,2.117513910125673,66550.00000178057,4.975888329242091,4655000.0,
0.8586956521739131,1.0448798829355561,2.308695652173913,2.099719675586802,66560.00000178115,4.840110749867394,4656000.0,
0.7934782608695652,1.0714446257220533,2.367391304347826,2.153102379203415,66570.00000178174,5.271954870902523,4657000.0,
0.7608695652173914,0.9120561690030703,2.0152173913043474,1.8328061575037333,66580.00000178232,5.288985250824857,4658000.0,
0.8478260869565217,0.9976536735373387,2.2043478260869565,2.004817091379489,66590.0000017829,4.847999204806347,4659000.0,
0.9239130434782609,1.0980093685085506,2.426086956521739,2.2064850828200293,66600.00000178348,4.557843081320575,4660000.0,
0.8586956521739131,1.2131232539167052,2.680434782608695,2.437810131825355,66610.00000178406,5.038571384427866,4661000.0,
0.8586956521739131,1.1009610065959392,2.4326086956521737,2.212416494332986,66620.00000178465,4.908458387548016,4662000.0,
0.8260869565217391,1.275107653751865,2.817391304347826,2.562369773597453,66630.00000178523,5.313548738876853,4663000.0,
0.8586956521739131,1.0360249686733904,2.289130434782608,2.08192544104793,66640.00000178581,4.8338493307268795,4664000.0,
0.9021739130434783,1.1481872159941564,2.5369565217391297,2.3073190785402993,66650.0000017864,4.725699082902847,4665000.0,
0.8913043478260869,1.2721560156644767,2.810869565217391,2.5564383620844957,66660.00000178698,4.922904310373269,4666000.0,
0.8043478260869565,1.1511388540815448,2.5434782608695654,2.3132504900532562,66670.00000178756,5.305196953851091,4667000.0,
0.8695652173913043,1.1777035968680423,2.6021739130434782,2.3666331936698697,66680.00000178814,4.93835663651676,4668000.0,
0.8804347826086957,1.0065085877995048,2.223913043478261,2.0226113259183593,66690.00000178872,4.683439383790588,4669000.0,
0.8369565217391305,1.018315140149059,2.25,2.046336971970188,66700.0000017893,4.941360946794791,4670000.0,
0.7934782608695652,1.0006053116247275,2.210869565217391,2.010748502892446,66710.00000178989,5.190349159985791,4671000.0,
0.8586956521739131,0.8943463404787387,1.9760869565217387,1.7972176884259914,66720.00000179047,4.672907130804229,4672000.0,
0.7608695652173914,0.9769922069256188,2.1586956521739125,1.963297210788789,66730.00000179105,5.382901186380707,4673000.0,
0.8695652173913043,1.2367363586158135,2.7326086956521736,2.485261423929011,66740.00000179163,5.009244312526871,4674000.0,
0.8804347826086957,1.038976606760779,2.2956521739130435,2.087856852560887,66750.00000179221,4.723279602857887,4675000.0,
0.8043478260869565,1.0124118639742818,2.2369565217391303,2.034474148944274,66760.0000017928,5.137590425609912,4676000.0,
0.8804347826086957,1.115719197032882,2.465217391304347,2.2420735518977715,66770.00000179338,4.811431680697863,4677000.0,
0.8586956521739131,1.100961006595939,2.432608695652174,2.2124164943329863,66780.00000179396,4.916559653371273,4678000.0,
0.8260869565217391,1.0242184163238361,2.2630434782608693,2.058199794996102,66790.00000179454,5.018261767253939,4679000.0,
0.8152173913043478,1.3583135695418576,2.2369565217391307,1.965293807830759,66800.00000179512,5.07122255326857,4680000.0,
0.8586956521739131,1.5642386588018473,2.5760869565217392,2.2632392247613695,66810.0000017957,5.457591855940267,4681000.0,
0.8478260869565217,1.2434707313007092,2.047826086956522,1.79913194069638,66820.00000179629,5.14973214473306,4682000.0,
0.8478260869565217,1.3583135695418573,2.2369565217391303,1.9652938078307591,66830.00000179687,5.2857006206072645,4683000.0,
0.8478260869565217,1.2593111227822467,2.0739130434782607,1.8220508189218119,66840.00000179745,5.169441324429292,4684000.0,
0.8260869565217391,1.3226726887083975,2.178260869565217,1.913726331823538,66850.00000179803,5.382706412772277,4685000.0,
0.8369565217391305,1.1444682845410987,1.8847826086956525,1.6558889517874327,66860.00000179862,5.100401067367583,4686000.0,
0.8260869565217391,1.326632786578782,2.184782608695652,1.9194560513798962,66870.0000017992,5.388552847036487,4687000.0,
0.8369565217391305,1.2791116121341688,2.1065217391304345,1.8506994167036013,66880.00000179978,5.262312575660662,4688000.0,
0.8369565217391305,1.3305928844491661,2.1913043478260867,1.9251857709362539,66890.00000180036,5.324342147777313,4689000.0,
0.782608695652174,1.4097948418568549,2.321739130434782,2.039780162063412,66900.00000180095,5.795846186949483,4690000.0,
0.8260869565217391,1.243470731300709,2.0478260869565217,1.79913194069638,66910.00000180153,5.289988253805259,4691000.0,
0.8478260869565217,1.1642687738930209,1.9173913043478266,1.6845375495692219,66920.00000180211,5.061442656508906,4692000.0,
0.8260869565217391,1.2791116121341692,2.1065217391304345,1.8506994167036013,66930.00000180269,5.334185109551088,4693000.0,
0.8913043478260869,1.2632712206526313,2.0804347826086955,1.8277805384781696,66940.00000180327,4.9265945403607745,4694000.0,
0.8043478260869565,1.2870318078749377,2.119565217391304,1.8621588558163165,66950.00000180386,5.489280085595108,4695000.0,
0.8478260869565217,1.2909919057453223,2.126086956521739,1.8678885753726748,66960.00000180444,5.212962247924559,4696000.0,
0.8152173913043478,1.3147524929676286,2.165217391304348,1.9022668927108224,66970.00000180502,5.451160391500937,4697000.0,
0.782608695652174,1.1009072079668696,1.813043478260869,1.5928620366674955,66980.0000018056,5.4056008769792045,4698000.0,
0.8260869565217391,1.3820741567641641,2.276086956521739,1.9996721251689065,66990.00000180618,5.46198187410337,4699000.0,
0.7934782608695652,1.279111612134169,2.1065217391304345,1.8506994167036008,67000.00000180677,5.557233812683547,4700000.0,
0.8478260869565217,1.1919894589857116,1.96304347826087,1.7246455864637273,67010.00000180735,5.0987542337979885,4701000.0,
0.7608695652173914,1.132587990929945,1.8652173913043475,1.638699793118359,67020.00000180793,5.603969931073071,4702000.0,
0.8478260869565217,1.30683229722686,2.152173913043478,1.8908074535981063,67030.00000180851,5.235235530185045,4703000.0,
0.7391304347826086,1.1207076973187922,1.8456521739130434,1.621510634449285,67040.0000018091,5.753895708277846,4704000.0,
0.8695652173913043,1.3226726887083975,2.178260869565217,1.913726331823538,67050.00000180968,5.123571092134246,4705000.0,
0.8369565217391305,1.3385130801899352,2.2043478260869565,1.9366452100489693,67060.00000181026,5.3426364076239405,4706000.0,
0.8478260869565217,1.3305928844491663,2.1913043478260867,1.9251857709362539,67070.00000181084,5.2653121202422435,4707000.0,
0.8586956521739131,1.2830717100045532,2.1130434782608694,1.8564291362599588,67080.00000181142,5.143827814303708,4708000.0,
0.8586956521739131,1.3701938631530106,2.256521739130435,1.9824829664998327,67090.000001812,5.245792853413333,4709000.0,
0.7608695652173914,1.0890269143557167,1.793478260869565,1.5756728779984217,67100.00000181259,5.551289659004351,4710000.0,
0.8152173913043478,1.30683229722686,2.152173913043478,1.8908074535981059,67110.00000181317,5.448911618059362,4711000.0,
0.8695652173913043,1.2830717100045532,2.113043478260869,1.856429136259959,67120.00000181375,5.081529966625028,4712000.0,
0.8695652173913043,1.2830717100045532,2.1130434782608694,1.8564291362599594,67130.00000181433,5.082029966625057,4713000.0,
0.782608695652174,1.0771466207445635,1.7739130434782608,1.5584837193293481,67140.00000181491,5.3841290155289965,4714000.0,
0.8586956521739131,1.2870318078749374,2.119565217391304,1.8621588558163165,67150.0000018155,5.151983877646639,4715000.0,
0.8043478260869565,1.2078298504672493,1.9891304347826084,1.7475644646891584,67160.00000181608,5.402164138548373,4716000.0,
0.8043478260869565,1.215750046208018,2.002173913043478,1.759023903801875,67170.00000181666,5.412551408928819,4717000.0,
0.8152173913043478,1.2355505355599399,2.034782608695652,1.787672501583664,67180.00000181724,5.3652059904148235,4718000.0,
0.8913043478260869,1.1365480888003299,1.8717391304347826,1.6444295126747168,67190.00000181783,4.7966124899906095,4719000.0,
0.8478260869565217,1.3068322972268598,2.152173913043478,1.8908074535981065,67200.00000181841,5.2439534789035,4720000.0,
0.8369565217391305,1.0692264250037944,1.760869565217391,1.5470242802166325,67210.00000181899,5.028683520908485,4721000.0,
0.8152173913043478,1.1603086760226362,1.910869565217391,1.678807830012864,67220.00000181957,5.275042642715856,4722000.0,
0.7934782608695652,1.1919894589857116,1.9630434782608694,1.7246455864637273,67230.00000182015,5.460038770360197,4723000.0,
0.8369565217391305,1.3899943525049328,2.2891304347826087,2.011131564281622,67240.00000182074,5.413497148572274,4724000.0,
0.8586956521739131,1.34247317806032,2.210869565217391,1.9423749296053272,67250.00000182132,5.221611802419785,4725000.0,
0.7934782608695652,1.120707697318792,1.8456521739130434,1.6215106344492851,67260.0000018219,5.37184805702664,4726000.0,
0.8478260869565217,1.2117899483376335,1.995652173913043,1.753294184245517,67270.00000182248,5.135441990470263,4727000.0,
0.8913043478260869,1.3028721993564756,2.1456521739130436,1.8850777340417484,67280.00000182306,4.9876102725660525,4728000.0,
0.8695652173913043,1.1325879909299452,1.8652173913043477,1.6386997931183587,67290.00000182365,4.916973689689723,4729000.0,
0.8478260869565217,1.4216751354680084,2.341304347826087,2.056969320732485,67300.00000182423,5.384537339393359,4730000.0,
0.8478260869565217,1.3028721993564754,2.145652173913043,1.8850777340417484,67310.00000182481,5.2449236198772216,4731000.0,
0.75,0.9266629016699551,1.526086956521739,1.3407543761877478,67320.00000182539,5.428011405264721,4732000.0,
0.7934782608695652,1.2830717100045537,2.11304347826087,1.856429136259959,67330.00000182597,5.580306812740427,4733000.0,
0.8260869565217391,1.1999096547264807,1.9760869565217392,1.7361050255764432,67340.00000182656,5.25988800321672,4734000.0,
0.8695652173913043,1.2117899483376338,1.9956521739130428,1.753294184245517,67350.00000182714,5.011055940708741,4735000.0,
0.8043478260869565,1.045465837781488,1.7217391304347824,1.512645962878485,67360.00000182772,5.21111698764238,4736000.0,
0.782608695652174,1.2197101440784024,2.008695652173913,1.7647536233582328,67370.0000018283,5.5790712953452015,4737000.0,
0.8586956521739131,1.2276303398191717,2.0217391304347827,1.7762130624709485,67380.00000182888,5.094453054088704,4738000.0,
0.8369565217391305,1.1444682845410987,1.8847826086956518,1.6558889517874322,67390.00000182947,5.127933534901652,4739000.0,
0.8043478260869565,0.8707332357796304,1.923913043478261,1.7497663963223342,67400.00000183005,5.365903462322727,4740000.0,
0.8913043478260869,1.0419282448481677,2.302173913043478,2.0937882640738446,67410.00000183063,4.701185347996126,4741000.0,
0.8152173913043478,1.0389766067607789,2.2956521739130435,2.087856852560887,67420.00000183121,5.136875304421931,4742000.0,
0.8913043478260869,1.0625897114598875,2.347826086956522,2.1353081446645437,67430.0000018318,4.725342115414209,4743000.0,
0.7934782608695652,0.8677815976922415,1.917391304347826,1.743834984809378,67440.00000183238,5.062954890374575,4744000.0,
0.8695652173913043,1.086202816158996,2.4,2.1827594367682,67450.00000183296,4.8716307387035975,4745000.0,
0.7717391304347826,1.0773479018968304,2.380434782608696,2.1649652022293293,67460.00000183354,5.478250802593956,4746000.0,
0.8478260869565217,1.1334290255572135,2.5043478260869563,2.2776620209755136,67470.00000183412,5.053272696934981,4747000.0,
0.8478260869565217,1.1216224732076592,2.4782608695652173,2.2539363749236854,67480.0000018347,5.039859840317587,4748000.0,
0.7934782608695652,0.9947020354499503,2.1978260869565216,1.998885679866531,67490.00000183529,5.225649140699519,4749000.0,
0.8369565217391305,0.9356692737021788,2.067391304347826,1.8802574496073898,67500.00000183587,4.884173677795744,4750000.0,
0.8804347826086957,1.171800320693265,2.5891304347826085,2.3547703706439562,67510.00000183645,4.911671969301907,4751000.0,
0.8586956521739131,0.997653673537339,2.2043478260869565,2.0048170913794885,67520.00000183703,4.833720733862172,4752000.0,
0.8369565217391305,1.0832511780716076,2.393478260869565,2.1768280252552437,67530.00000183762,5.062063745354113,4753000.0,
0.8369565217391305,1.0950577304211622,2.419565217391304,2.2005536713070715,67540.0000018382,5.076689755953611,4754000.0,
0.8586956521739131,1.0566864352851102,2.334782608695652,2.1234453216386298,67550.00000183878,4.903986734884982,4755000.0,
0.8369565217391305,1.124574111295048,2.484782608695652,2.2598677864366423,67560.00000183936,5.112995042192599,4756000.0,
0.8478260869565217,1.095057730421162,2.419565217391304,2.200553671307072,67570.00000183994,5.013142451390192,4757000.0,
0.8043478260869565,0.976992206925619,2.158695652173913,1.963297210788789,67580.00000184053,5.137879500633073,4758000.0,
0.8152173913043478,0.9947020354499501,2.197826086956522,1.9988856798665315,67590.00000184111,5.091631830281176,4759000.0,
0.782608695652174,0.9651856545760645,2.1326086956521735,1.9395715647369607,67600.00000184169,5.266623336537403,4760000.0,
0.8478260869565217,0.9356692737021789,2.067391304347826,1.88025744960739,67610.00000184227,4.827197092183306,4761000.0,
0.8586956521739131,1.1009610065959388,2.4326086956521733,2.212416494332986,67620.00000184285,4.9590912989433695,4762000.0,
0.8804347826086957,1.0773479018968306,2.3804347826086953,2.1649652022293293,67630.00000184344,4.8103186047433395,4763000.0,
0.8913043478260869,1.2190265300914824,2.6934782608695653,2.449672954851269,67640.00000184402,4.911100497294155,4764000.0,
0.7934782608695652,1.074396263809442,2.3739130434782605,2.1590337907163724,67650.0000018446,5.334852825755827,4765000.0,
0.8369565217391305,0.9356692737021789,2.067391304347826,1.88025744960739,67660.00000184518,4.892485366107916,4766000.0,
0.9347826086956522,1.165897044518488,2.5760869565217392,2.3429075476180414,67670.00000184576,4.6272363733187465,4767000.0,
0.8804347826086957,1.1275257493824362,2.4913043478260866,2.2657991979495993,67680.00000184635,4.869779863616023,4768000.0,
0.8804347826086957,1.038976606760779,2.295652173913043,2.087856852560887,67690.00000184693,4.769699355947008,4769000.0,
0.7934782608695652,0.9209110832652359,2.0347826086956515,1.8506003920426048,67700.00000184751,5.144159173563288,4770000.0,
0.9021739130434783,1.2928174822761966,2.8565217391304345,2.597958242675195,67710.0000018481,4.937096486495551,4771000.0,
0.8043478260869565,1.0448798829355563,2.3086956521739133,2.099719675586802,67720.00000184868,5.229847962699921,4772000.0,
0.7934782608695652,0.9769922069256188,2.1586956521739125,1.963297210788789,67730.00000184926,5.216480589683319,4773000.0,
0.8369565217391305,1.0330733305860016,2.2826086956521734,2.0759940295349733,67740.00000184984,5.0130200834238945,4774000.0,
0.8695652173913043,1.053734797197722,2.3282608695652174,2.117513910125673,67750.00000185042,4.8492925168990055,4775000.0,
0.7934782608695652,1.0921060923337733,2.4130434782608687,2.1946222597941145,67760.000001851,5.363199458964925,4776000.0,
0.8913043478260869,1.316430586975305,2.9086956521739125,2.6454095347788518,67770.00000185159,5.026724561115399,4777000.0,
0.8586956521739131,1.0980093685085506,2.426086956521739,2.206485082820029,67780.00000185217,4.963755214082578,4778000.0,
0.8695652173913043,1.1540904921689337,2.55,2.319181901566213,67790.00000185275,4.966701566116016,4779000.0,
0.8043478260869565,0.9386209117895672,2.0739130434782607,1.886188861120347,67800.00000185333,5.102066539113268,4780000.0,
0.8260869565217391,0.9740405688382302,2.152173913043478,1.957365799275832,67810.00000185391,5.011204372932384,4781000.0,
0.8586956521739131,1.0006053116247275,2.210869565217391,2.0107485028924454,67820.0000018545,4.852347957964826,4782000.0,
0.8260869565217391,1.0832511780716079,2.3934782608695655,2.1768280252552437,67830.00000185508,5.144459320951796,4783000.0,
0.782608695652174,1.1275257493824362,2.4913043478260866,2.2657991979495997,67840.00000185566,5.487391235457432,4784000.0,
0.8152173913043478,1.0625897114598875,2.3478260869565215,2.1353081446645437,67850.00000185624,5.188774046187506,4785000.0,
0.9021739130434783,1.1540904921689334,2.55,2.319181901566213,67860.00000185682,4.790555726377077,4786000.0,
0.8804347826086957,1.1452355779067678,2.5304347826086957,2.301387667027342,67870.0000018574,4.899277446631858,4787000.0,
0.8152173913043478,1.074396263809442,2.3739130434782605,2.159033790716373,67880.00000185799,5.204856750403052,4788000.0,
0.8260869565217391,1.0596380733724993,2.341304347826087,2.129376733151587,67890.00000185857,5.11903293105306,4789000.0,
0.7934782608695652,1.1275257493824362,2.491304347826087,2.265799197949599,67900.00000185915,5.415509163739029,4790000.0,
0.782608695652174,1.2278814443536479,2.713043478260869,2.46746718939014,67910.00000185973,5.619512401254207,4791000.0,
0.7934782608695652,1.0507831591103332,2.3217391304347825,2.1115824986127154,67920.00000186032,5.319888365040004,4792000.0,
0.8369565217391305,1.059638073372499,2.3413043478260867,2.129376733151587,67930.0000018609,5.054629905974569,4793000.0,
0.75,0.9150078070904588,2.0217391304347823,1.838737569016691,67940.00000186148,5.448413308146325,4794000.0,
0.8043478260869565,1.059638073372499,2.3413043478260867,2.1293767331515867,67950.00000186206,5.260628415676304,4795000.0,
0.8804347826086957,1.0743962638094418,2.3739130434782605,2.1590337907163724,67960.00000186265,4.823262423212932,4796000.0,
0.8260869565217391,0.9327176356147902,2.0608695652173914,1.874326038094433,67970.00000186323,4.9696029274518665,4797000.0,
0.8043478260869565,1.0566864352851104,2.334782608695652,2.12344532163863,67980.00000186381,5.258580433189374,4798000.0,
0.8260869565217391,0.8707332357796299,1.923913043478261,1.749766396322335,67990.00000186439,4.895621811861997,4799000.0,
0.782608695652174,1.421675135468008,2.3413043478260867,2.0569693207324855,68000.00000186497,5.409534760556363,4800000.0,
0.8064516129032258,1.2966978532144782,2.1354838709677417,1.8761443003248464,68010.00000186556,5.501769338116493,4801000.0,
0.8279569892473119,1.1713373356831693,1.9290322580645163,1.6947647909278822,68020.00000186614,5.207976262705553,4802000.0,
0.7741935483870968,1.1870074003745825,1.9548387096774191,1.7174372296025031,68030.00000186672,5.590437336730991,4803000.0,
0.8172043010752689,1.187007400374583,1.9548387096774191,1.717437229602503,68040.0000018673,5.2967301084820235,4804000.0,
0.8494623655913979,1.2614402076587976,2.0774193548387094,1.8251313133069502,68050.00000186788,5.183718219266684,4805000.0,
0.8172043010752689,1.4181408545729342,2.335483870967742,2.051855700053155,68060.00000186847,5.580617098487961,4806000.0,
0.8279569892473119,1.1791723680288757,1.9419354838709675,1.7061010102651926,68070.00000186905,5.220036756318051,4807000.0,
0.8172043010752689,1.1791723680288757,1.941935483870967,1.7061010102651926,68080.00000186963,5.289247766269636,4808000.0,
0.8602150537634409,1.3084504017330385,2.1548387096774193,1.893148629330812,68090.00000187021,5.175571092137272,4809000.0,
0.8279569892473119,1.371130660498693,2.2580645161290325,1.983838384029294,68100.0000018708,5.453440927742727,4810000.0,
0.8387096774193549,1.4103058222272271,2.3225806451612905,2.0405194807158447,68110.00000187138,5.430746685601871,4811000.0,
0.8602150537634409,1.39071824136296,2.290322580645161,2.0121789323725694,68120.00000187196,5.272707455707143,4812000.0,
0.7849462365591398,1.1399972063003418,1.8774193548387093,1.6494199135786416,68130.00000187254,5.4594457561061684,4813000.0,
0.8924731182795699,1.5239137912399756,2.5096774193548383,2.204894661106844,68140.00000187312,5.23233473006191,4814000.0,
0.8279569892473119,1.1791723680288761,1.9419354838709677,1.7061010102651926,68150.0000018737,5.2241926004741375,4815000.0,
0.8494623655913979,1.2222650459302637,2.0129032258064514,1.7684502166203988,68160.00000187429,5.143170244067594,4816000.0,
0.7741935483870968,1.132162173954635,1.8645161290322578,1.6380836942413313,68170.00000187487,5.52737336371679,4817000.0,
0.8817204301075269,1.3868007251901067,2.2838709677419353,2.006510822703915,68180.00000187545,5.142588627469634,4818000.0,
0.7741935483870968,1.0498943343247136,1.7290322580645159,1.5190533911995732,68190.00000187603,5.422221848639317,4819000.0,
0.8924731182795699,1.1713373356831691,1.9290322580645163,1.6947647909278822,68200.00000187661,4.840170749739392,4820000.0,
0.8924731182795699,1.3711306604986933,2.2580645161290316,1.9838383840292937,68210.0000018772,5.06451748718332,4821000.0,
0.8387096774193549,1.226182562103117,2.0193548387096776,1.7741183262890543,68220.00000187778,5.216856131864479,4822000.0,
0.8279569892473119,1.2144300135845565,2.0,1.7571139972830883,68230.00000187836,5.270932354197474,4823000.0,
0.8709677419354839,1.284945304695918,2.116129032258064,1.8591399713188808,68240.00000187894,5.0920952265007955,4824000.0,
0.8924731182795699,1.292780337041625,2.129032258064516,1.870476190656191,68250.00000187953,4.978655076562862,4825000.0,
0.8817204301075269,1.2653577238316511,2.083870967741936,1.8307994229756055,68260.00000188011,5.008756930807222,4826000.0,
0.8924731182795699,1.2575226914859439,2.0709677419354837,1.8194632036382954,68270.00000188069,4.9401133773258294,4827000.0,
0.8494623655913979,1.1635023033374625,1.9161290322580644,1.6834285715905724,68280.00000188127,5.08006980025617,4828000.0,
0.8387096774193549,1.2536051753130908,2.0645161290322576,1.8137950939696401,68290.00000188185,5.253142068127861,4829000.0,
0.7849462365591398,1.1086570769175148,1.8258064516129033,1.6040750362294003,68300.00000188244,5.428834358399821,4830000.0,
0.8064516129032258,1.1243271416089284,1.8516129032258064,1.626747474904021,68310.00000188302,5.304029655726543,4831000.0,
0.8387096774193549,1.1439147224731951,1.883870967741935,1.6550880232472966,68320.0000018836,5.12389575897269,4832000.0,
0.8709677419354839,1.2026774650659964,1.9806451612903222,1.740109668277123,68330.00000188418,5.002084003222256,4833000.0,
0.8172043010752689,1.2731927561773577,2.096774193548387,1.8421356423129154,68340.00000188476,5.4179832412416,4834000.0,
0.8494623655913979,1.3515430796344257,2.225806451612903,1.955497835686018,68350.00000188535,5.304978562226219,4835000.0,
0.8387096774193549,1.2810277885230648,2.1096774193548384,1.8534718616502257,68360.00000188593,5.289428004391245,4836000.0,
0.8064516129032258,1.284945304695918,2.116129032258064,1.8591399713188808,68370.00000188651,5.5063961779545965,4837000.0,
0.7634408602150538,1.253605175313091,2.064516129032258,1.8137950939696397,68380.00000188709,5.776127905830903,4838000.0,
0.8279569892473119,1.1086570769175148,1.8258064516129036,1.6040750362294007,68390.00000188767,5.1514923138078945,4839000.0,
0.8387096774193549,1.3437080472887193,2.212903225806451,1.944161616348708,68400.00000188826,5.3662134411247715,4840000.0,
0.8279569892473119,1.2653577238316507,2.083870967741935,1.8307994229756055,68410.00000188884,5.341793095145808,4841000.0,
0.8387096774193549,1.2614402076587976,2.0774193548387094,1.8251313133069502,68420.00000188942,5.269150504130182,4842000.0,
0.8279569892473119,1.187007400374583,1.9548387096774191,1.717437229602503,68430.00000189,5.248201146035384,4843000.0,
0.7956989247311828,1.2144300135845565,2.0,1.757113997283089,68440.00000189058,5.495970152341276,4844000.0,
0.8064516129032258,1.159584787164609,1.9096774193548387,1.6777604619219173,68450.00000189117,5.355215802882689,4845000.0,
0.8494623655913979,1.265357723831651,2.0838709677419356,1.8307994229756055,68460.00000189175,5.209089472484036,4846000.0,
0.7741935483870968,1.2340175944488239,2.0322580645161286,1.7854545456263644,68470.00000189233,5.6756032818560875,4847000.0,
0.8709677419354839,1.5121612427214155,2.4903225806451608,2.1878903321008782,68480.00000189291,5.364824636827057,4848000.0,
0.7526881720430108,1.1870074003745825,1.9548387096774191,1.717437229602503,68490.0000018935,5.776449832067693,4849000.0,
0.8602150537634409,1.2692752400045044,2.090322580645161,1.8364675326442605,68500.00000189408,5.150529966629044,4850000.0,
0.7526881720430108,1.1948424327202896,1.967741935483871,1.7287734489398128,68510.00000189466,5.788002089327055,4851000.0,
0.8064516129032258,1.4181408545729342,2.335483870967742,2.0518557000531557,68520.00000189524,5.679558659802562,4852000.0,
0.8172043010752689,1.2222650459302635,2.0129032258064514,1.7684502166203988,68530.00000189582,5.365663806334553,4853000.0,
0.7956989247311828,1.159584787164609,1.9096774193548387,1.6777604619219173,68540.0000018964,5.432448448867873,4854000.0,
0.8602150537634409,1.2888628208687714,2.12258064516129,1.8648080809875363,68550.00000189699,5.1758005293839,4855000.0,
0.7311827956989247,1.1439147224731954,1.8838709677419356,1.6550880232472964,68560.00000189757,5.891527488234202,4856000.0,
0.8064516129032258,1.2065949812388497,1.987096774193548,1.7457777779457786,68570.00000189815,5.419908443535118,4857000.0,
0.8817204301075269,1.2536051753130908,2.064516129032258,1.8137950939696401,68580.00000189873,5.011037577000496,4858000.0,
0.8709677419354839,1.40247078988152,2.3096774193548386,2.0291832613785346,68590.00000189932,5.244315845295147,4859000.0,
0.8279569892473119,0.9664869143780317,2.1354838709677417,1.9421864880921353,68600.0000018999,5.389515589076292,4860000.0,
0.8279569892473119,1.083282916115558,2.3935483870967738,2.1768918038736627,68610.00000190048,5.132274171541262,4861000.0,
0.8064516129032258,1.097882416332749,2.4258064516129036,2.206229968346353,68620.00000190106,5.287771529718376,4862000.0,
0.9139784946236559,1.2146784180702752,2.6838709677419357,2.44093528412788,68630.00000190164,4.793939916358477,4863000.0,
0.8279569892473119,0.9723267144649079,2.148387096774193,1.9539217538812117,68640.00000190223,4.999820577339918,4864000.0,
0.8709677419354839,1.0219650152033568,2.258064516129032,2.0536715130883607,68650.00000190281,4.810401807701873,4865000.0,
0.8602150537634409,1.0891227162024344,2.4064516129032256,2.188627069662739,68660.00000190339,4.949102657709604,4866000.0,
0.8387096774193549,1.0745232159852438,2.3741935483870966,2.159288905190048,68670.00000190397,5.0591084499560495,4867000.0,
0.7634408602150538,1.138761016940883,2.5161290322580645,2.288376828869888,68680.00000190455,5.642599642048573,4868000.0,
0.8494623655913979,1.106642116463063,2.4451612903225803,2.2238328670299676,68690.00000190514,5.03389261824068,4869000.0,
0.7956989247311828,0.9869262146820987,2.1806451612903226,1.9832599183539026,68700.00000190572,5.224107269937653,4870000.0,
0.8064516129032258,0.9226884137264592,2.038709677419355,1.8541719946740627,68710.0000019063,5.075330966486857,4871000.0,
0.8279569892473119,0.9840063146386606,2.1741935483870964,1.9773922854593649,68720.00000190688,5.018082951575991,4872000.0,
0.8172043010752689,1.1329212168540066,2.5032258064516126,2.2766415630808114,68730.00000190747,5.266861489176063,4873000.0,
0.9032258064516129,1.1095620165065014,2.451612903225806,2.229700499924506,68740.00000190805,4.739869851726967,4874000.0,
0.8064516129032258,1.0394844154639857,2.2967741935483867,2.0888773104555898,68750.00000190863,5.222291341974847,4875000.0,
0.8709677419354839,1.2380376184177808,2.735483870967742,2.4878763472841854,68760.00000190921,5.063917265713812,4876000.0,
0.8064516129032258,1.0161252151164804,2.2451612903225806,2.041936247299285,68770.0000019098,5.194392600210668,4877000.0,
0.8279569892473119,0.9431277140305262,2.083870967741935,1.8952454249358297,68780.00000191038,4.9718269794131,4878000.0,
0.8924731182795699,1.1825595175924555,2.612903225806451,2.3763913222879602,68790.00000191096,4.881178736699645,4879000.0,
0.8387096774193549,1.0424043155074239,2.303225806451613,2.094744943350128,68800.00000191154,5.027479504514935,4880000.0,
0.9032258064516129,1.0832829161155582,2.3935483870967733,2.176891803873662,68810.00000191212,4.7141084667705195,4881000.0,
0.8064516129032258,1.1679600173752651,2.5806451612903225,2.347053157815269,68820.0000019127,5.385334421678384,4882000.0,
0.8279569892473119,0.9840063146386605,2.1741935483870964,1.9773922854593644,68830.00000191329,5.023797237290609,4883000.0,
0.9032258064516129,1.2000789178530846,2.6516129032258062,2.411597119655189,68840.00000191387,4.844846897265723,4884000.0,
0.8387096774193549,1.188399317679332,2.6258064516129034,2.388126588077036,68850.00000191445,5.2041145712072305,4885000.0,
0.8602150537634409,0.9518874141608409,2.1032258064516127,1.9128483236194445,68860.00000191503,4.799566619086834,4886000.0,
0.8709677419354839,1.1183217166368162,2.470967741935483,2.2473033986081203,68870.00000191561,4.9318977735458605,4887000.0,
0.8817204301075269,1.2234381182005898,2.703225806451613,2.4585381828114947,68880.0000019162,4.991457865885951,4888000.0,
0.8602150537634409,1.2526371186349714,2.767741935483871,2.5172145117568765,68890.00000191678,5.150688150538096,4889000.0,
0.7741935483870968,0.9197685136830209,2.032258064516129,1.8483043617795245,68900.00000191736,5.293587108090538,4890000.0,
0.8602150537634409,1.1124819165499396,2.458064516129032,2.235568132819044,68910.00000191794,4.988757728114306,4891000.0,
0.8172043010752689,1.1446008170277595,2.529032258064516,2.3001120946589637,68920.00000191852,5.291153631494526,4892000.0,
0.8279569892473119,0.9080889135092682,2.0064516129032257,1.824833830201372,68930.0000019191,4.937299596965801,4893000.0,
0.8494623655913979,1.1300013168105685,2.4967741935483874,2.270773930186273,68940.00000191969,5.074049651561898,4894000.0,
0.8602150537634409,1.045324215550862,2.3096774193548386,2.100612576244666,68950.00000192027,4.912686900702995,4895000.0,
0.7741935483870968,0.8934894132920775,1.9741935483870967,1.795495665728681,68960.00000192085,5.262976603419095,4896000.0,
0.8064516129032258,0.9840063146386607,2.1741935483870964,1.9773922854593644,68970.00000192143,5.165231830285459,4897000.0,
0.8709677419354839,1.124161516723692,2.483870967741935,2.2590386643971967,68980.00000192202,4.94403482796691,4898000.0,
0.8279569892473119,1.0540839156811763,2.329032258064516,2.118215474928281,68990.0000019226,5.116748106082703,4899000.0,
0.8279569892473119,1.0278048152902328,2.270967741935484,2.065406778877437,69000.00000192318,5.085527893922243,4900000.0,
0.7956989247311828,1.0365645154205476,2.2903225806451615,2.0830096775610514,69010.00000192376,5.303247296542356,4901000.0,
0.8172043010752689,0.9226884137264592,2.0387096774193543,1.854171994674063,69020.00000192435,5.024866085349821,4902000.0,
0.8817204301075269,1.0540839156811768,2.3290322580645157,2.118215474928281,69030.00000192493,4.806702489858261,4903000.0,
0.8709677419354839,1.0745232159852436,2.374193548387097,2.159288905190048,69040.00000192551,4.890005667859976,4904000.0,
0.8279569892473119,0.9898461147255371,2.1870967741935483,1.989127551248441,69050.00000192609,5.042279073759839,4905000.0,
0.8172043010752689,1.0511640156377384,2.3225806451612896,2.112347842033742,69060.00000192667,5.184184914004535,4906000.0,
0.8387096774193549,1.0132053150730422,2.238709677419355,2.036068614404746,69070.00000192726,5.006511465536285,4907000.0,
0.8709677419354839,1.261396818765286,2.7870967741935484,2.534817410440491,69080.00000192784,5.106539557471743,4908000.0,
0.8172043010752689,1.097882416332749,2.4258064516129036,2.2062299683463533,69090.00000192842,5.242932430644574,4909000.0,
0.8387096774193549,1.2175983181137136,2.6903225806451614,2.4468029170224184,69100.000001929,5.251749276854098,4910000.0,
0.8817204301075269,1.0570038157246144,2.3354838709677415,2.1240831078228184,69110.00000192958,4.813916522834583,4911000.0,
0.8602150537634409,0.8204919122061235,1.8129032258064515,1.6488048433652265,69120.00000193017,4.659819348065231,4912000.0,
0.9139784946236559,1.1241615167236925,2.483870967741936,2.2590386643971967,69130.00000193075,4.718433189004173,4913000.0,
0.8172043010752689,1.0219650152033566,2.258064516129032,2.0536715130883607,69140.00000193133,5.152665084525866,4914000.0,
0.8709677419354839,1.2029988178965227,2.6580645161290324,2.4174647525497273,69150.00000193191,5.042946791042377,4915000.0,
0.8924731182795699,1.062843615811491,2.3483870967741933,2.135818373611895,69160.0000019325,4.76487055759671,4916000.0,
0.8172043010752689,1.0686834158983674,2.361290322580645,2.147553639400971,69170.00000193308,5.211412601165906,4917000.0,
0.8494623655913979,1.1300013168105687,2.496774193548387,2.2707739301862735,69180.00000193366,5.086201550296783,4918000.0,
0.8709677419354839,1.2438774185046573,2.7483870967741932,2.4996116130732613,69190.00000193424,5.091856789271585,4919000.0,
0.7419354838709677,1.3672131443258395,2.2516129032258063,1.9781702743606382,69200.00000193482,5.674941966955652,4920000.0,
0.8602150537634409,1.2614402076587976,2.0774193548387094,1.8251313133069502,69210.0000019354,5.176921741529226,4921000.0,
0.8494623655913979,1.2261825621031168,2.0193548387096776,1.7741183262890543,69220.00000193599,5.201452889691925,4922000.0,
0.8279569892473119,1.159584787164609,1.9096774193548387,1.6777604619219169,69230.00000193657,5.2566387690439385,4923000.0,
0.7956989247311828,1.1948424327202896,1.9677419354838706,1.7287734489398132,69240.00000193715,5.514596570987349,4924000.0,
0.7634408602150538,1.0812344637075408,1.780645161290323,1.5643982685488147,69250.00000193773,5.599360635702543,4925000.0,
0.8494623655913979,1.445563467782908,2.3806451612903223,2.091532467733741,69260.00000193832,5.461736740682178,4926000.0,
0.7956989247311828,1.1125745930903679,1.832258064516129,1.6097431458980556,69270.0000019389,5.41282752929038,4927000.0,
0.7849462365591398,1.339790531115866,2.2064516129032254,1.9384935066800526,69280.00000193948,5.776990676765229,4928000.0,
0.8817204301075269,1.2457701429673838,2.051612903225806,1.8024588746323298,69290.00000194006,5.036785650073845,4929000.0,
0.8064516129032258,1.3045328855601852,2.148387096774193,1.887480519662157,69300.00000194064,5.580284778229174,4930000.0,
0.8709677419354839,1.1674198195103158,1.9225806451612901,1.6890966812592272,69310.00000194123,5.00999806450065,4931000.0,
0.8924731182795699,1.4259758869186407,2.3483870967741938,2.0631919193904653,69320.00000194181,5.179464548114809,4932000.0,
0.8172043010752689,1.237935110621677,2.0387096774193543,1.7911226552950195,69330.00000194239,5.426944280235709,4933000.0,
0.8387096774193549,1.2692752400045044,2.090322580645161,1.836467532644261,69340.00000194297,5.325671760647681,4934000.0,
0.8494623655913979,1.335873014943012,2.2,1.9328253970113978,69350.00000194355,5.33716443544054,4935000.0,
0.8064516129032258,1.2888628208687714,2.12258064516129,1.864808080987536,69360.00000194414,5.564053898012008,4936000.0,
0.8387096774193549,1.1948424327202898,1.967741935483871,1.7287734489398132,69370.00000194472,5.238463413501207,4937000.0,
0.8602150537634409,1.3280379825973057,2.187096774193548,1.9214891776740874,69380.0000019453,5.262841654895737,4938000.0,
0.7741935483870968,1.2731927561773577,2.0967741935483875,1.8421356423129158,69390.00000194588,5.777315643536195,4939000.0,
0.7956989247311828,1.2496876591402373,2.058064516129032,1.8081269843009848,69400.00000194646,5.592172328515625,4940000.0,
0.8172043010752689,1.04597681815186,1.72258064516129,1.5133852815309183,69410.00000194705,5.196258474976836,4941000.0,
0.8602150537634409,1.2771102723502112,2.1032258064516127,1.8478037519815709,69420.00000194763,5.205638191733607,4942000.0,
0.7526881720430108,0.9166987844476978,1.5096774193548386,1.326337662465299,69430.00000194821,5.471039813767958,4943000.0,
0.7849462365591398,1.120409625436075,1.8451612903225802,1.6210793652353654,69440.00000194879,5.50627253665313,4944000.0,
0.7741935483870968,1.1752548518560224,1.9354838709677413,1.7004329005965375,69450.00000194937,5.654145850454665,4945000.0,
0.7741935483870968,1.1987599488931429,1.9741935483870974,1.734441558608468,69460.00000194996,5.685062156349867,4946000.0,
0.8279569892473119,1.2379351106216772,2.0387096774193543,1.7911226552950197,69470.00000195054,5.363737211661642,4947000.0,
0.8279569892473119,1.3672131443258395,2.2516129032258063,1.9781702743606386,69480.00000195112,5.520397693927738,4948000.0,
0.8387096774193549,1.2261825621031168,2.019354838709677,1.774118326289054,69490.0000019517,5.281984336996474,4949000.0,
0.8064516129032258,1.2888628208687714,2.12258064516129,1.8648080809875363,69500.00000195228,5.571520564679109,4950000.0,
0.8064516129032258,1.273192756177358,2.096774193548387,1.8421356423129158,69510.00000195287,5.552623017795121,4951000.0,
0.8387096774193549,1.265357723831651,2.0838709677419356,1.8307994229756048,69520.00000195345,5.330231645211354,4952000.0,
0.8279569892473119,1.1478322386460489,1.890322580645161,1.6607561329159517,69530.00000195403,5.258028548106844,4953000.0,
0.8709677419354839,1.2105124974117032,1.9935483870967738,1.7514458876144334,69540.00000195461,5.070832867523891,4954000.0,
0.8172043010752689,1.2966978532144782,2.1354838709677417,1.8761443003248464,69550.0000019552,5.510430267882837,4955000.0,
0.8494623655913979,1.241852626794531,2.0451612903225804,1.796790764963675,69560.00000195578,5.237115117747377,4956000.0,
0.8602150537634409,1.3672131443258395,2.2516129032258063,1.9781702743606386,69570.00000195636,5.31788278040571,4957000.0,
0.8279569892473119,1.1791723680288764,1.941935483870968,1.7061010102651926,69580.00000195694,5.298478314764176,4958000.0,
0.8064516129032258,1.120409625436075,1.8451612903225807,1.6210793652353654,69590.00000195752,5.367438602342844,4959000.0,
0.7849462365591398,1.2731927561773577,2.096774193548387,1.842135642312916,69600.0000019581,5.709681182666507,4960000.0,
0.8064516129032258,1.241852626794531,2.0451612903225804,1.7967907649636743,69610.00000195869,5.519094590694059,4961000.0,
0.9247311827956989,1.4455634677829072,2.3806451612903228,2.091532467733741,69620.00000195927,5.033920959464835,4962000.0,
0.8387096774193549,1.1282446577817817,1.8580645161290321,1.632415584572676,69630.00000195985,5.172391707485557,4963000.0,
0.7526881720430108,1.0498943343247136,1.7290322580645159,1.5190533911995734,69640.00000196043,5.65999961574812,4964000.0,
0.8709677419354839,1.480821113338588,2.438709677419354,2.1425454547516374,69650.00000196102,5.386619303094581,4965000.0,
0.8494623655913979,1.3868007251901067,2.2838709677419353,2.006510822703915,69660.0000019616,5.412813512061452,4966000.0,
0.8602150537634409,1.1282446577817817,1.8580645161290321,1.632415584572676,69670.00000196218,5.045081914798534,4967000.0,
0.7956989247311828,1.187007400374583,1.9548387096774191,1.7174372296025031,69680.00000196276,5.528533624932644,4968000.0,
0.7741935483870968,1.2653577238316507,2.083870967741935,1.830799422975605,69690.00000196334,5.7838620600906285,4969000.0,
0.8387096774193549,1.265357723831651,2.083870967741935,1.8307994229756055,69700.00000196393,5.339462414442661,4970000.0,
0.7849462365591398,1.053811850497567,1.735483870967742,1.5247215008682287,69710.00000196451,5.43622331652685,4971000.0,
0.8817204301075269,1.2810277885230645,2.109677419354839,1.853471861650226,69720.00000196509,5.097748589546753,4972000.0,
0.9032258064516129,1.245770142967384,2.0516129032258066,1.8024588746323298,69730.00000196567,4.937814563168544,4973000.0,
0.8172043010752689,1.273192756177358,2.0967741935483866,1.8421356423129154,69740.00000196625,5.491667451772206,4974000.0,
0.8387096774193549,1.2418526267945307,2.0451612903225804,1.796790764963675,69750.00000196684,5.314001209001115,4975000.0,
0.7956989247311828,1.1517497548189022,1.8967741935483868,1.666424242584607,69760.00000196742,5.488547664977782,4976000.0,
0.8602150537634409,1.339790531115866,2.206451612903226,1.9384935066800528,69770.000001968,5.296003992549698,4977000.0,
0.8279569892473119,1.3476255634615726,2.2193548387096773,1.9498297260173632,69780.00000196858,5.5123243819756995,4978000.0,
0.8279569892473119,1.226182562103117,2.019354838709677,1.7741183262890536,69790.00000196917,5.366165951763569,4979000.0,
0.7956989247311828,0.8409312125101909,1.8580645161290323,1.6898782736269937,69800.00000196975,5.461169637620446,4980000.0,
0.8709677419354839,1.19131921772277,2.6322580645161286,2.3939942209715745,69810.00000197033,5.062129472326263,4981000.0,
0.8494623655913979,0.93728791394365,2.070967741935484,1.8835101591467533,69820.00000197091,4.891741468442676,4982000.0,
0.8494623655913979,0.9664869143780319,2.1354838709677417,1.9421864880921353,69830.0000019715,4.926621304397105,4983000.0,
0.8602150537634409,1.3081152194602967,2.890322580645162,2.6286995367531016,69840.00000197208,5.262681442750302,4984000.0,
0.8494623655913979,0.9723267144649079,2.148387096774193,1.9539217538812117,69850.00000197266,4.934508663993106,4985000.0,
0.8817204301075269,1.065763515854929,2.3548387096774195,2.1416860065064336,69860.00000197324,4.860436670545484,4986000.0,
0.8709677419354839,1.045324215550862,2.3096774193548386,2.1006125762446657,69870.00000197382,4.897468543906837,4987000.0,
0.8387096774193549,1.2205182181571514,2.696774193548387,2.4526705499169563,69880.0000019744,5.2952306961389874,4988000.0,
0.8494623655913979,1.0920426162458725,2.412903225806452,2.194494702557277,69890.00000197499,5.077465358494866,4989000.0,
0.7741935483870968,1.0044456149427274,2.2193548387096773,2.0184657157211316,69900.00000197557,5.458517252776448,4990000.0,
0.8279569892473119,0.9343680139002121,2.064516129032258,1.8776425262522154,69910.00000197615,5.019948380557827,4991000.0,
0.8279569892473119,1.0336446153771093,2.2838709677419353,2.0771420446665134,69920.00000197673,5.140373366757226,4992000.0,
0.7741935483870968,1.1300013168105685,2.4967741935483865,2.270773930186273,69930.00000197731,5.6223600343558395,4993000.0,
0.8172043010752689,0.9606471142911557,2.12258064516129,1.930451222303059,69940.0000019779,5.119736600517333,4994000.0,
0.8494623655913979,0.9548073142042788,2.1096774193548384,1.9187159565139826,69950.00000197848,4.918947851028356,4995000.0,
0.8817204301075269,1.1300013168105685,2.4967741935483874,2.270773930186273,69960.00000197906,4.9381697862637495,4996000.0,
0.8387096774193549,0.93728791394365,2.0709677419354837,1.8835101591467538,69970.00000197964,4.962148410346235,4997000.0,
0.8602150537634409,1.1475207170711976,2.535483870967742,2.3059797275535017,69980.00000198022,5.082990333723382,4998000.0,
0.8172043010752689,1.1212416166802543,2.47741935483871,2.2531710315026583,69990.0000019808,5.318885136335727,4999000.0,
0.8494623655913979,1.2292779182874662,2.7161290322580642,2.470273448600571,70000.00000198139,5.244590460898585,5000000.0,
0.7634408602150538,0.9110088135527068,2.012903225806451,1.8307014630959104,70010.00000198197,5.419205910854337,5001000.0,
0.8172043010752689,1.0453242155508622,2.3096774193548386,2.100612576244666,70020.00000198255,5.227565158638009,5002000.0,
0.8064516129032258,1.1825595175924557,2.612903225806452,2.3763913222879602,70030.00000198314,5.46797113528479,5003000.0,
0.7741935483870968,0.9372879139436501,2.0709677419354837,1.883510159146754,70040.00000198372,5.379549666764204,5004000.0,
0.8387096774193549,1.170879917418703,2.587096774193548,2.3529207907098075,70050.0000019843,5.244764517053909,5005000.0,
0.8817204301075269,0.9431277140305261,2.083870967741935,1.8952454249358304,70060.00000198488,4.731105822135448,5006000.0,
0.8709677419354839,1.1679600173752647,2.580645161290323,2.347053157815269,70070.00000198546,5.048149155878639,5007000.0,
0.8172043010752689,0.9606471142911553,2.1225806451612903,1.9304512223030585,70080.00000198605,5.127105021570394,5008000.0,
0.8924731182795699,1.0044456149427277,2.2193548387096773,2.018465715721131,70090.00000198663,4.744255930119862,5009000.0,
0.8602150537634409,1.2497172185915333,2.7612903225806447,2.511346878862338,70100.00000198721,5.207793766741122,5010000.0,
0.8602150537634409,1.065763515854929,2.3548387096774186,2.141686006506433,70110.00000198779,4.994447587309848,5011000.0,
0.8494623655913979,1.0832829161155582,2.3935483870967738,2.176891803873662,70120.00000198837,5.078798876063655,5012000.0,
0.8602150537634409,1.1329212168540068,2.503225806451613,2.276641563080811,70130.00000198896,5.073518414721335,5013000.0,
0.8817204301075269,1.0511640156377382,2.32258064516129,2.1123478420337425,70140.00000198954,4.857537237373124,5014000.0,
0.8602150537634409,1.1592003172449505,2.561290322580645,2.329450259131655,70150.00000199012,5.105067868925865,5015000.0,
0.8064516129032258,1.077443116028682,2.3806451612903228,2.165156538084586,70160.0000019907,5.344560130679447,5016000.0,
0.8602150537634409,0.9402078139870882,2.0774193548387094,1.8893777920412917,70170.00000199128,4.851489083888658,5017000.0,
0.8924731182795699,0.9051690134658302,1.9999999999999998,1.8189661973068336,70180.00000199187,4.6373556417182895,5018000.0,
0.8387096774193549,1.118321716636816,2.4709677419354836,2.2473033986081203,70190.00000199245,5.189278457147718,5019000.0,
0.7526881720430108,1.118321716636816,2.4709677419354836,2.247303398608121,70200.00000199303,5.782910280821776,5020000.0,
0.8494623655913979,1.0336446153771093,2.2838709677419358,2.0771420446665134,70210.00000199361,5.0249208764604285,5021000.0,
0.8494623655913979,1.1825595175924557,2.6129032258064515,2.3763913222879602,70220.0000019942,5.200732090460803,5022000.0,
0.8172043010752689,1.2643167188087239,2.793548387096774,2.5406850433350288,70230.00000199478,5.506595458677879,5023000.0,
0.8924731182795699,1.1475207170711976,2.5354838709677416,2.305979727553502,70240.00000199536,4.911797912023267,5024000.0,
0.8172043010752689,1.027804815290233,2.270967741935484,2.065406778877437,70250.00000199594,5.218232208319786,5025000.0,
0.8709677419354839,1.097882416332749,2.4258064516129028,2.2062299683463533,70260.00000199652,4.977072404064939,5026000.0,
0.8494623655913979,1.1154018165933777,2.4645161290322575,2.241435765713582,70270.0000019971,5.1242046702974795,5027000.0,
0.7956989247311828,0.884729713161763,1.9548387096774191,1.7778927670450666,70280.00000199769,5.181076531545446,5028000.0,
0.8602150537634409,1.0599237157680528,2.3419354838709676,2.129950740717357,70290.00000199827,4.9966588197093795,5029000.0,
0.8602150537634409,1.2438774185046568,2.7483870967741932,2.4996116130732617,70300.00000199885,5.211004999140711,5030000.0,
0.8817204301075269,1.153360517158074,2.548387096774193,2.3177149933425785,70310.00000199943,4.981735708610085,5031000.0,
0.8387096774193549,1.167960017375265,2.580645161290322,2.347053157815269,70320.00000200002,5.255129251618308,5032000.0,
0.8494623655913979,1.1008023163761869,2.432258064516129,2.212097601240892,70330.0000020006,5.110055891560963,5033000.0,
0.8279569892473119,1.024884915246795,2.2645161290322573,2.059539145982899,70340.00000200118,5.151611651016688,5034000.0,
0.8279569892473119,0.9986058148558515,2.2064516129032254,2.006730449932055,70350.00000200176,5.1203914388562275,5035000.0,
0.8494623655913979,1.2643167188087243,2.7935483870967737,2.540685043335029,70360.00000200234,5.304066517209481,5036000.0,
0.8817204301075269,1.0365645154205472,2.2903225806451615,2.0830096775610514,70370.00000200293,4.852198779810377,5037000.0,
0.8387096774193549,1.2029988178965227,2.658064516129032,2.4174647525497273,70380.00000200351,5.29998320608614,5038000.0,
0.8279569892473119,0.9694068144214697,2.1419354838709674,1.948054120986674,70390.00000200409,5.087203035734304,5039000.0,
0.8494623655913979,1.4690685648200277,2.419354838709677,2.1255411257456718,70400.00000200467,5.106725493990543,5040000.0,
0.8602150537634409,1.2614402076587978,2.0774193548387094,1.8251313133069502,70410.00000200525,5.236921741532719,5041000.0,
0.8172043010752689,1.0538118504975669,1.7354838709677416,1.5247215008682287,70420.00000200584,5.259003975087176,5042000.0,
0.8064516129032258,1.1830898842017297,1.9483870967741934,1.7117691199338478,70430.00000200642,5.489962123214864,5043000.0,
0.8279569892473119,1.226182562103117,2.019354838709677,1.774118326289054,70440.000002007,5.399932185531768,5044000.0,
0.9032258064516129,1.3868007251901067,2.2838709677419353,2.006510822703915,70450.00000200758,5.1282412792028405,5045000.0,
0.7849462365591398,1.0538118504975669,1.7354838709677414,1.5247215008682284,70460.00000200816,5.477319206940201,5046000.0,
0.8817204301075269,1.3868007251901067,2.2838709677419353,2.0065108227039143,70470.00000200875,5.254295944549307,5047000.0,
0.8172043010752689,1.0890694960532474,1.793548387096774,1.575734487886125,70480.00000200933,5.305306093991022,5048000.0,
0.8279569892473119,1.0498943343247138,1.7290322580645157,1.5190533911995734,70490.00000200991,5.189610040293069,5049000.0,
0.8172043010752689,1.1399972063003423,1.8774193548387093,1.6494199135786416,70500.00000201049,5.36867816047766,5050000.0,
0.8602150537634409,1.4063883060543736,2.3161290322580643,2.03485137104719,70510.00000201107,5.410423905917867,5051000.0,
0.7849462365591398,1.3358730149430125,2.1999999999999997,1.9328253970113973,70520.00000201166,5.839945073973631,5052000.0,
0.8602150537634409,1.2653577238316511,2.083870967741935,1.8307994229756055,70530.00000201224,5.24747585408401,5053000.0,
0.8387096774193549,1.3554605958072794,2.232258064516129,1.9611659453546735,70540.00000201282,5.489969684877648,5054000.0,
0.7956989247311828,1.3241204664244526,2.1806451612903226,1.9158210680054326,70550.0000020134,5.747878424160216,5055000.0,
0.7849462365591398,1.2496876591402375,2.0580645161290323,1.8081269843009846,70560.00000201399,5.7323390727455665,5056000.0,
0.8817204301075269,1.2222650459302635,2.012903225806451,1.7684502166203988,70570.00000201457,5.07256645465733,5057000.0,
0.7849462365591398,1.1439147224731951,1.883870967741935,1.6550880232472964,70580.00000201515,5.598683139731453,5058000.0,
0.8602150537634409,1.2222650459302635,2.012903225806451,1.7684502166203993,70590.00000201573,5.200380616023821,5059000.0,
0.8387096774193549,1.2340175944488239,2.032258064516129,1.7854545456263644,70600.00000201631,5.3482491832581305,5060000.0,
0.7956989247311828,1.2222650459302635,2.0129032258064514,1.7684502166203995,70610.0000020169,5.623114179485276,5061000.0,
0.7956989247311828,1.2379351106216772,2.0387096774193547,1.7911226552950197,70620.00000201748,5.6433481797055975,5062000.0,
0.8279569892473119,1.410305822227227,2.3225806451612896,2.0405194807158447,70630.00000201806,5.63218495425367,5063000.0,
0.8494623655913979,1.1243271416089284,1.8516129032258066,1.626747474904021,70640.00000201864,5.153445875696622,5064000.0,
0.7849462365591398,1.2536051753130906,2.0645161290322576,1.8137950939696401,70650.00000201922,5.7422613878701725,5065000.0,
0.8924731182795699,1.296697853214478,2.135483870967742,1.8761443003248464,70660.0000020198,5.099189160956072,5066000.0,
0.851063829787234,1.3061582380148797,2.1510638297872338,1.8898321821842583,70670.00000202039,5.3182334297976075,5067000.0,
0.8191489361702128,1.3139099189526533,2.163829787234042,1.9010478034435123,70680.00000202097,5.535419901194307,5068000.0,
0.8829787234042553,1.2363931095749157,2.0361702127659576,1.7888915908509746,70690.00000202155,5.0479608712103206,5069000.0,
0.8085106382978723,1.1666279811349516,1.9212765957446807,1.687950999517691,70700.00000202213,5.427142503119767,5070000.0,
0.8404255319148937,1.3681716855170698,2.2531914893617015,1.9795571522582882,70710.00000202272,5.4613663094813125,5071000.0,
0.7872340425531915,1.1588763001971782,1.908510638297872,1.676735378258437,70720.0000020233,5.565056381472383,5072000.0,
0.8191489361702128,1.3100340784837663,2.1574468085106386,1.8954399928138852,70730.00000202388,5.533285758284388,5073000.0,
0.776595744680851,1.13174541691497,1.8638297872340424,1.6374807038510484,70740.00000202446,5.607450263019635,5074000.0,
0.8191489361702128,1.0542286075372322,1.7361702127659577,1.525324491258511,70750.00000202504,5.222042715830238,5075000.0,
0.8829787234042553,1.321661599890427,2.176595744680851,1.912263424702766,70760.00000202563,5.147903498796758,5076000.0,
0.7872340425531915,1.2480206309815765,2.05531914893617,1.8057150227398553,70770.00000202621,5.680996477333801,5077000.0,
0.8297872340425532,1.2596481523882368,2.074468085106383,1.8225384546287358,70780.00000202679,5.404188799165766,5078000.0,
0.851063829787234,1.2635239928571238,2.0808510638297872,1.8281462652583624,70790.00000202737,5.274138191737594,5079000.0,
0.8404255319148937,1.3332891212970879,2.1957446808510643,1.9290868565916461,70800.00000202795,5.424417435599575,5080000.0,
0.776595744680851,1.2790273547326714,2.106382978723404,1.8505775077768696,70810.00000202854,5.800936593908405,5081000.0,
0.851063829787234,1.2829031952015584,2.1127659574468085,1.8561853184064971,70820.00000202912,5.298408754492391,5082000.0,
0.8829787234042553,1.228641428637142,2.0234042553191487,1.7776759695917208,70830.0000020297,5.0459288470161265,5083000.0,
0.7659574468085106,1.1007386931638752,1.8127659574468082,1.5926182188140336,70840.00000203028,5.650406071775745,5084000.0,
0.8404255319148937,1.3177857594215403,2.1702127659574466,1.9066556140731385,70850.00000203087,5.40850204298831,5085000.0,
0.8085106382978723,1.1433729383216304,1.882978723404255,1.6543041357399295,70860.00000203145,5.406800739640623,5086000.0,
0.8404255319148937,1.3836750473926172,2.278723404255319,2.0019883947767956,70870.00000203203,5.4879146134856,5087000.0,
0.851063829787234,1.228641428637142,2.0234042553191487,1.7776759695917208,70880.00000203261,5.237651178779377,5088000.0,
0.8404255319148937,1.2673998333260108,2.0872340425531912,1.8337540758879896,70890.0000020332,5.350574485355773,5089000.0,
0.8085106382978723,1.2867790356704452,2.1191489361702125,1.8617931290361238,70900.00000203378,5.586276702151121,5090000.0,
0.8191489361702128,1.19375886441716,1.9659574468085104,1.7272056739250787,70910.00000203436,5.400690042411413,5091000.0,
0.8085106382978723,1.096862852694988,1.8063829787234038,1.5870104081844068,70920.00000203494,5.352433002155222,5092000.0,
0.8297872340425532,1.2712756737948974,2.0936170212765957,1.8393618865176162,70930.00000203552,5.4258937608614195,5093000.0,
0.8297872340425532,1.2441447905126897,2.048936170212766,1.8001072121102282,70940.0000020361,5.393710388700841,5094000.0,
0.9042553191489362,1.4224334520814856,2.3425531914893614,2.0580665010730645,70950.00000203669,5.147159347130997,5095000.0,
0.8404255319148937,1.1511246192594042,1.895744680851064,1.6655197569991833,70960.00000203727,5.215766002795713,5096000.0,
0.8723404255319149,1.457316016301468,2.3999999999999995,2.108536796739706,70970.00000203785,5.376432994424607,5097000.0,
0.8404255319148937,1.1782555025416124,1.9404255319148938,1.7047744314065711,70980.00000203843,5.249060977840426,5098000.0,
0.8297872340425532,1.2906548761393322,2.125531914893617,1.8674009396657507,70990.00000203901,5.452325107276687,5099000.0,
0.8404255319148937,0.9070949049838427,2.0042553191489363,1.8228363381521668,71000.0000020396,5.296191231520911,5100000.0,
0.8085106382978723,0.9446497895850845,2.0872340425531912,1.8983040846361743,71010.00000204018,5.168906318835354,5101000.0,
0.8191489361702128,1.1266465380372568,2.489361702127659,2.264032394520208,71020.00000204076,5.324474994623292,5102000.0,
0.8617021276595744,1.0255372333416055,2.265957446808511,2.0608500001401895,71030.00000204134,4.944695061044501,5103000.0,
0.8085106382978723,1.0746474670509218,2.374468085106383,2.159538591696198,71040.00000204192,5.3312718672800345,5104000.0,
0.8617021276595744,0.9995376978484382,2.2085106382978723,2.008603098728185,71050.0000020425,4.915510414916685,5105000.0,
0.7978723404255319,1.138201887145331,2.5148936170212766,2.2872532395922107,71060.00000204309,5.483077032028825,5106000.0,
0.8191489361702128,0.9822046741863264,2.1702127659574466,1.9737718311201815,71070.00000204367,5.150740771221009,5107000.0,
0.8829787234042553,0.9966488605714194,2.2021276595744683,2.002797887460184,71080.00000204425,4.795238468725527,5108000.0,
0.8829787234042553,1.2248670054558894,2.7063829787234046,2.4614095776322262,71090.00000204484,5.054184319558569,5109000.0,
0.8723404255319149,1.360642357475764,3.0063829787234044,2.7342545072282514,71100.00000204542,5.271953434307706,5110000.0,
0.7872340425531915,0.9735381623552708,2.151063829787234,1.9563561973161794,71110.000002046,5.350707936106862,5111000.0,
0.8191489361702128,0.9330944404770103,2.0617021276595744,1.8750832395641723,71120.00000204658,5.093385420978619,5112000.0,
0.8085106382978723,1.0197595587875683,2.2531914893617015,2.0492395776041885,71130.00000204716,5.268121033375637,5113000.0,
0.8191489361702128,0.9504274641391215,2.0999999999999996,1.9099145071721753,71140.00000204775,5.115584177137619,5114000.0,
0.8404255319148937,1.1902009581316662,2.629787234042553,2.3917470424162195,71150.00000204833,5.271882152846813,5115000.0,
0.8191489361702128,0.941760952308066,2.080851063829787,1.8924988733681736,71160.00000204891,5.106043240616652,5116000.0,
0.8297872340425532,1.1122023516521637,2.4574468085106385,2.2350063381802054,71170.00000204949,5.246497705972175,5117000.0,
0.851063829787234,1.0630921179428476,2.348936170212766,2.1363177466241963,71180.00000205007,5.058130738714453,5118000.0,
0.8723404255319149,1.256644215503094,2.7765957446808502,2.525266901580232,71190.00000205066,5.157126295949046,5119000.0,
0.8617021276595744,0.9562051386931589,2.112765957446808,1.9215249297081765,71200.00000205124,4.872630654909756,5120000.0,
0.8723404255319149,1.1728679344695543,2.5914893617021275,2.3569157748082166,71210.00000205182,5.062065681105777,5121000.0,
0.8829787234042553,1.1266465380372568,2.489361702127659,2.264032394520208,71220.0000020524,4.949211742000483,5122000.0,
0.8085106382978723,1.013981884233531,2.240425531914894,2.037629155068187,71230.00000205298,5.26623812011174,5123000.0,
0.8617021276595744,1.1208688634832193,2.476595744680851,2.2524219719842065,71240.00000205357,5.065697199727966,5124000.0,
0.8617021276595744,0.9879823487403637,2.182978723404255,1.985382253656182,71250.00000205415,4.911977046816531,5125000.0,
0.8297872340425532,1.0428702570037172,2.3042553191489357,2.095681267748192,71260.00000205473,5.167559027806368,5126000.0,
0.8404255319148937,1.051536768834773,2.3234042553191485,2.113096901552194,71270.00000205531,5.112965269379977,5127000.0,
0.8723404255319149,1.1410907244223498,2.5212765957446805,2.2930584508602108,71280.0000020559,5.0290527817835695,5128000.0,
0.7659574468085106,0.9735381623552705,2.1510638297872338,1.9563561973161794,71290.00000205648,5.509338712110412,5129000.0,
0.8723404255319149,1.0688697924968846,2.3617021276595738,2.1479281691601972,71300.00000205706,4.947238542747119,5130000.0,
0.8936170212765957,1.164201422638499,2.572340425531914,2.3395001410042147,71310.00000205764,4.936603973078307,5131000.0,
0.851063829787234,1.0486479315577544,2.317021276595744,2.1072916902841934,71320.00000205822,5.048158819712376,5132000.0,
0.8404255319148937,1.2046451445167594,2.6617021276595745,2.4207730987562224,71330.0000020588,5.298182830318215,5133000.0,
0.8297872340425532,1.0342037451726613,2.2851063829787233,2.0782656339441914,71340.00000205939,5.161217334061488,5134000.0,
0.8191489361702128,1.013981884233531,2.2404255319148936,2.037629155068187,71350.00000205997,5.204079183487274,5135000.0,
0.8191489361702128,1.0255372333416055,2.2659574468085104,2.060850000140189,71360.00000206055,5.2187051940867715,5136000.0,
0.8617021276595744,1.1150911889291824,2.4638297872340424,2.2408115494482055,71370.00000206113,5.0654119971594564,5137000.0,
0.9042553191489362,1.0457590942807355,2.31063829787234,2.1014864790161933,71380.00000206172,4.750837116152521,5138000.0,
0.8085106382978723,0.8637623458285634,1.908510638297872,1.7357581691321597,71390.0000020623,5.088861322611348,5139000.0,
0.8297872340425532,1.1382018871453312,2.5148936170212766,2.2872532395922103,71400.00000206288,5.289625351310781,5140000.0,
0.8723404255319149,1.1353130498683126,2.508510638297872,2.28144802832421,71410.00000206346,5.028771057295165,5141000.0,
0.8404255319148937,0.9850935114633451,2.1765957446808515,1.9795770423881818,71420.00000206404,5.041501140356189,5142000.0,
0.8404255319148937,1.0255372333416055,2.265957446808511,2.060850000140189,71430.00000206463,5.0901303790468075,5143000.0,
0.8085106382978723,0.9677604878012336,2.1382978723404253,1.9447457747801784,71440.00000206521,5.220122182419804,5144000.0,
0.8404255319148937,1.0573144433888102,2.336170212765958,2.124707324088195,71450.00000206579,5.128953894799236,5145000.0,
0.7446808510638298,0.9244279286459544,2.0425531914893615,1.8576676057601709,71460.00000206637,5.610514647190192,5146000.0,
0.8404255319148937,1.1064246770981265,2.4446808510638296,2.2233959156442045,71470.00000206695,5.18840151465595,5147000.0,
0.9042553191489362,1.1410907244223496,2.521276595744681,2.2930584508602108,71480.00000206754,4.860968565956463,5148000.0,
0.7872340425531915,1.1093135143751451,2.451063829787234,2.2292011269122045,71490.00000206812,5.543719869754924,5149000.0,
0.8829787234042553,1.0688697924968846,2.3617021276595738,2.1479281691601972,71500.0000020687,4.8972718133169915,5150000.0,
0.8404255319148937,1.0139818842335313,2.2404255319148936,2.037629155068187,71510.00000206928,5.080431609222245,5151000.0,
0.8723404255319149,1.207533981793778,2.6680851063829785,2.426578310024223,71520.00000206986,5.116926759746621,5152000.0,
0.8617021276595744,1.0804251416049593,2.387234042553191,2.1711490142321996,71530.00000207045,5.033083497796004,5153000.0,
0.7553191489361702,0.9302056031999915,2.05531914893617,1.8692780282961718,71540.00000207103,5.543649671991713,5154000.0,
0.8297872340425532,0.9128725795378798,2.0170212765957443,1.8344467606881687,71550.00000207161,5.025766954963788,5155000.0,
0.8297872340425532,1.1382018871453314,2.514893617021276,2.28725323959221,71560.0000020722,5.297830479516388,5156000.0,
0.8191489361702128,1.0573144433888104,2.336170212765958,2.1247073240881953,71570.00000207277,5.268407242716463,5157000.0,
0.8617021276595744,1.0977581652670707,2.4255319148936167,2.205980281840203,71580.00000207336,5.055667500564523,5158000.0,
0.8404255319148937,1.0630921179428472,2.348936170212766,2.1363177466241963,71590.00000207394,5.142917203762679,5159000.0,
0.7872340425531915,1.3720475259859566,2.259574468085106,1.985164962887915,71600.00000207452,5.439577692441858,5160000.0,
0.925531914893617,1.5348328256792054,2.527659574468085,2.220693009332244,71610.0000020751,5.180621673844529,5161000.0,
0.8404255319148937,1.325537440359314,2.1829787234042555,1.9178712353323928,71620.00000207569,5.456712903853248,5162000.0,
0.8191489361702128,1.2441447905126894,2.048936170212766,1.800107212110228,71630.00000207627,5.499602731413328,5163000.0,
0.7978723404255319,1.1356212573838569,1.8702127659574463,1.6430885144806757,71640.00000207685,5.51077597606291,5164000.0,
0.8297872340425532,1.2751515142637846,2.0999999999999996,1.8449696971472431,71650.00000207743,5.46748772245428,5165000.0,
0.7659574468085106,1.0736078098816668,1.768085106382979,1.5533635444066456,71660.00000207801,5.660540751937737,5166000.0,
0.8191489361702128,1.1898830239482732,1.9595744680851062,1.7215978632954518,71670.0000020786,5.435439016386758,5167000.0,
0.8723404255319149,1.1123662145705355,1.831914893617021,1.6094416507029143,71680.00000207918,5.015636880247261,5168000.0,
0.7978723404255319,1.1588763001971782,1.9085106382978725,1.676735378258437,71690.00000207976,5.542588963055761,5169000.0,
0.7872340425531915,1.2131380667615945,1.9978723404255316,1.7552447270732132,71700.00000208034,5.6869564633275616,5170000.0,
0.8297872340425532,1.174379662072726,1.9340425531914887,1.6991666207769447,71710.00000208092,5.349121644172926,5171000.0,
0.851063829787234,1.2673998333260108,2.0872340425531912,1.8337540758879896,71720.0000020815,5.3251923042912415,5172000.0,
0.776595744680851,1.2596481523882372,2.0744680851063833,1.8225384546287355,71730.00000208209,5.826393511440425,5173000.0,
0.8191489361702128,1.2480206309815765,2.0553191489361704,1.805715022739855,71740.00000208267,5.510048562635418,5174000.0,
0.8191489361702128,1.2751515142637848,2.0999999999999996,1.8449696971472433,71750.00000208325,5.543688861707235,5175000.0,
0.8404255319148937,1.4069300902059385,2.3170212765957445,2.035635258554557,71760.00000208383,5.560648461899012,5176000.0,
0.8829787234042553,1.3526683236415222,2.2276595744680847,1.957125909739781,71770.00000208442,5.231694246180351,5177000.0,
0.7659574468085106,1.19375886441716,1.96595744680851,1.7272056739250792,71780.000002085,5.824071295359463,5178000.0,
0.9042553191489362,1.344916642703748,2.2148936170212763,1.9459102884805273,71790.00000208558,5.100964287350859,5179000.0,
0.851063829787234,1.3565441641104088,2.234042553191489,1.9627337203694075,71800.00000208616,5.433936892963142,5180000.0,
0.8617021276595744,1.2441447905126894,2.048936170212766,1.800107212110228,71810.00000208674,5.236906300232939,5181000.0,
0.8404255319148937,1.3449166427037487,2.214893617021277,1.9459102884805273,71820.00000208733,5.489898283858607,5182000.0,
0.8297872340425532,1.1782555025416124,1.9404255319148938,1.7047744314065711,71830.00000208791,5.359946374994763,5183000.0,
0.8936170212765957,1.4999502614592237,2.470212765957447,2.170222713665602,71840.00000208849,5.337561006998206,5184000.0,
0.8297872340425532,1.2984065570771062,2.138297872340425,1.8786165609250045,71850.00000208907,5.505769440717084,5185000.0,
0.8297872340425532,1.2015105453549337,1.9787234042553192,1.7384212951843323,71860.00000208966,5.389510144539112,5186000.0,
0.9042553191489362,1.2441447905126897,2.048936170212766,1.8001072121102282,71870.00000209024,4.993287180222143,5187000.0,
0.7978723404255319,1.092987012226101,1.7999999999999996,1.58140259755478,71880.00000209082,5.470141055465935,5188000.0,
0.7978723404255319,1.1782555025416124,1.9404255319148933,1.7047744314065711,71890.0000020914,5.577544229994739,5189000.0,
0.8617021276595744,1.1239937359771963,1.8510638297872344,1.6262650825917953,71900.00000209198,5.101916187562379,5190000.0,
0.8829787234042553,1.2557723119193505,2.068085106382979,1.8169306439991089,71910.00000209257,5.12870358230262,5191000.0,
0.8191489361702128,1.2092622262927075,1.9914893617021272,1.749636916443586,71920.00000209315,5.472083756911889,5192000.0,
0.851063829787234,1.248020630981576,2.05531914893617,1.8057150227398548,71930.00000209373,5.312921741537142,5193000.0,
0.8191489361702128,1.1084903741016487,1.8255319148936169,1.6038338400732877,71940.00000209431,5.350102534756631,5194000.0,
0.8191489361702128,1.1433729383216304,1.882978723404255,1.6543041357399295,71950.0000020949,5.393205924843391,5195000.0,
0.7340425531914894,1.1782555025416124,1.9404255319148938,1.7047744314065716,71960.00000209548,6.066606047095967,5196000.0,
0.851063829787234,1.4495643353636942,2.3872340425531915,2.097321175480453,71970.00000209606,5.551735594186248,5197000.0,
0.8085106382978723,1.0697319694127798,1.7617021276595741,1.5477557337770187,71980.00000209664,5.374665857046265,5198000.0,
0.851063829787234,1.1976347048860467,1.972340425531915,1.7328134845547056,71990.00000209722,5.25671827837507,5199000.0,
0.8085106382978723,1.0852353312883272,1.7872340425531914,1.570186976295526,72000.0000020978,5.394893699366082,5200000.0,
0.851063829787234,1.2441447905126894,2.048936170212766,1.8001072121102282,72010.00000209839,5.312367628986433,5201000.0,
0.851063829787234,1.1123662145705355,1.8319148936170209,1.609441650702914,72020.00000209897,5.1580278022544315,5202000.0,
0.8085106382978723,1.3061582380148797,2.151063829787234,1.8898321821842583,72030.00000209955,5.669719399791122,5203000.0,
0.8404255319148937,1.220889747699368,2.01063829787234,1.7664603483324668,72040.00000210013,5.353461218917335,5204000.0,
0.851063829787234,1.155000459728291,1.9021276595744678,1.6711275676288102,72050.00000210071,5.209623040314883,5205000.0,
0.8085106382978723,1.2673998333260108,2.0872340425531912,1.8337540758879889,72060.0000021013,5.623360320307612,5206000.0,
0.7127659574468085,1.0077185219105897,1.6595744680851061,1.4580307637029888,72070.00000210188,6.015005090601959,5207000.0,
0.8085106382978723,1.2092622262927073,1.9914893617021279,1.7496369164435863,72080.00000210246,5.552505911608588,5208000.0,
0.7553191489361702,1.1666279811349518,1.9212765957446805,1.687950999517691,72090.00000210304,5.887645496301774,5209000.0,
0.8085106382978723,1.2092622262927073,1.9914893617021279,1.7496369164435863,72100.00000210362,5.553558543187596,5210000.0,
0.8191489361702128,1.360420004579296,2.2404255319148936,1.968341530999034,72110.0000021042,5.666484161574013,5211000.0,
0.8936170212765957,1.2635239928571238,2.080851063829787,1.8281462652583627,72120.00000210479,5.086322087372823,5212000.0,
0.8617021276595744,1.2984065570771057,2.1382978723404253,1.8786165609250045,72130.00000210537,5.31567921451849,5213000.0,
0.7978723404255319,1.2751515142637846,2.1,1.8449696971472433,72140.00000210595,5.712320564687305,5214000.0,
0.7659574468085106,1.1976347048860465,1.972340425531915,1.7328134845547047,72150.00000210654,5.8496869759728165,5215000.0,
0.7978723404255319,1.2092622262927075,1.991489361702127,1.7496369164435863,72160.00000210712,5.630805990430284,5216000.0,
0.7978723404255319,1.0542286075372322,1.736170212765957,1.525324491258511,72170.0000021077,5.437030521590119,5217000.0,
0.8297872340425532,1.2751515142637844,2.0999999999999996,1.8449696971472433,72180.00000210828,5.494667209635348,5218000.0,
0.7872340425531915,1.2286414286371417,2.0234042553191487,1.7776759695917208,72190.00000210886,5.733136409495339,5219000.0,
0.8617021276595744,0.8868730440447123,1.9595744680851062,1.7821998592761639,72200.00000210945,5.1931951143444905,5220000.0,
0.7978723404255319,0.9966488605714194,2.2021276595744683,2.0027978874601837,72210.00000211003,5.366997238726425,5221000.0,
0.7978723404255319,1.0399814197266986,2.2978723404255317,2.0898760564801924,72220.00000211061,5.4218407128677395,5222000.0,
0.851063829787234,1.0168707215105495,2.2468085106382976,2.0434343663361876,72230.00000211119,5.05632059790956,5223000.0,
0.8297872340425532,1.1064246770981265,2.444680851063829,2.2233959156442045,72240.00000211177,5.294406662282043,5224000.0,
0.7978723404255319,1.0024265351254567,2.2148936170212763,2.014408309996185,72250.00000211236,5.376371924167609,5225000.0,
0.8723404255319149,1.1150911889291821,2.463829787234042,2.240811549448206,72260.00000211294,5.047053314269794,5226000.0,
0.8404255319148937,1.1353130498683126,2.5085106382978717,2.28144802832421,72270.00000211352,5.263281350612706,5227000.0,
0.7872340425531915,0.9619828132471961,2.125531914893617,1.9331353522441779,72280.0000021141,5.399272762919205,5228000.0,
0.776595744680851,0.9995376978484379,2.2085106382978723,2.008603098728184,72290.00000211468,5.522141693267674,5229000.0,
0.8936170212765957,1.1295353753142754,2.4957446808510633,2.2698376057882084,72300.00000211527,4.944953872503944,5230000.0,
0.8936170212765957,1.1295353753142754,2.4957446808510633,2.2698376057882084,72310.00000211585,4.945430062980162,5231000.0,
0.7872340425531915,0.9042060677068239,1.9978723404255314,1.8170311268841675,72320.00000211643,5.328042842908587,5232000.0,
0.8617021276595744,1.0919804907130337,2.4127659574468088,2.1943698593042007,72330.00000211701,5.085999581948414,5233000.0,
0.8297872340425532,1.0399814197266986,2.2978723404255317,2.089876056480192,72340.0000021176,5.219462223911646,5234000.0,
0.8617021276595744,0.9533163014161404,2.106382978723404,1.9157197184401755,72350.00000211818,4.926068300542201,5235000.0,
0.8085106382978723,0.8782065322136569,1.9404255319148933,1.7647842254721626,72360.00000211876,5.15777913209062,5236000.0,
0.8297872340425532,1.16131258536148,2.5659574468085102,2.333694929736214,72370.00000211934,5.367220295317754,5237000.0,
0.8191489361702128,0.9215390913689356,2.0361702127659576,1.8518623944921697,72380.00000211992,5.1447334363569865,5238000.0,
0.8191489361702128,0.9562051386931589,2.112765957446808,1.9215249297081767,72390.0000021205,5.187572507116458,5239000.0,
0.8404255319148937,1.1035358398211077,2.438297872340425,2.217590704376204,72400.00000212109,5.232052771569579,5240000.0,
0.8191489361702128,1.1295353753142756,2.495744680851064,2.2698376057882084,72410.00000212167,5.400209419355285,5241000.0,
0.8297872340425532,1.1237577007602384,2.4829787234042553,2.2582271832522074,72420.00000212225,5.3245259472087145,5242000.0,
0.7978723404255319,1.0082042096794936,2.227659574468085,2.0260187325321866,72430.00000212283,5.393213276275894,5243000.0,
0.8829787234042553,1.1439795616993682,2.527659574468085,2.298863662128211,72440.00000212342,5.027637094103163,5244000.0,
0.851063829787234,1.1699790971925357,2.585106382978723,2.351110563540216,72450.000002124,5.247222939336533,5245000.0,
0.8191489361702128,1.0082042096794939,2.2276595744680847,2.026018732532186,72460.00000212458,5.254688256112975,5246000.0,
0.8404255319148937,0.9995376978484382,2.2085106382978728,2.008603098728184,72470.00000212516,5.111852450741547,5247000.0,
0.8191489361702128,1.1237577007602384,2.4829787234042553,2.2582271832522074,72480.00000212574,5.396792517951866,5248000.0,
0.8829787234042553,1.204645144516759,2.6617021276595745,2.4207730987562224,72490.00000212633,5.098752332474807,5249000.0,
0.8191489361702128,1.1093135143751451,2.4510638297872336,2.2292011269122045,72500.00000212691,5.380198316390904,5250000.0,
0.9042553191489362,1.2162004936248336,2.687234042553191,2.4439939438282248,72510.00000212749,4.99250172248909,5251000.0,
0.8297872340425532,1.0486479315577546,2.317021276595744,2.1072916902841934,72520.00000212807,5.239137250990635,5252000.0,
0.7659574468085106,1.0573144433888104,2.3361702127659574,2.1247073240881944,72530.00000212865,5.687602190130431,5253000.0,
0.8404255319148937,0.927316765922973,2.0489361702127655,1.8634728170281711,72540.00000212924,5.029462987438035,5254000.0,
0.8085106382978723,0.9648716505242145,2.131914893617021,1.9389405635121784,72550.00000212982,5.274970199475312,5255000.0,
0.8085106382978723,1.0573144433888104,2.336170212765957,2.124707324088195,72560.0000021304,5.3898336538078695,5256000.0,
0.8936170212765957,1.0053153724024753,2.2212765957446807,2.0202135212641856,72570.00000213098,4.818802916865296,5257000.0,
0.8404255319148937,1.0457590942807358,2.31063829787234,2.101486479016193,72580.00000213156,5.172419681939795,5258000.0,
0.8191489361702128,0.9619828132471961,2.125531914893617,1.9331353522441772,72590.00000213215,5.205015382546667,5259000.0,
0.9148936170212766,1.1150911889291824,2.463829787234042,2.2408115494482055,72600.00000213273,4.828120601979097,5260000.0,
0.8297872340425532,1.132424212591294,2.5021276595744677,2.2756428170562093,72610.00000213331,5.344713794800554,5261000.0,
0.8617021276595744,1.0833139788819774,2.393617021276596,2.1769542255001997,72620.0000021339,5.0902631361206145,5262000.0,
0.9042553191489362,1.0717586297739032,2.3680851063829786,2.153733380428198,72630.00000213447,4.838413073054272,5263000.0,
0.776595744680851,0.8579846712745265,1.8957446808510636,1.7241477465961585,72640.00000213506,5.359046015214712,5264000.0,
0.8829787234042553,1.3404204965366335,2.9617021276595743,2.6936180283522475,72650.00000213564,5.260232851630294,5265000.0,
0.8723404255319149,1.1988674699627218,2.6489361702127656,2.4091626762202214,72660.00000213622,5.162601733992306,5266000.0,
0.8829787234042553,1.03709258244968,2.2914893617021277,2.0840708452121914,72670.0000021368,4.917668707965607,5267000.0,
0.8936170212765957,1.1439795616993684,2.5276595744680845,2.298863662128211,72680.00000213739,4.979212842983554,5268000.0,
0.8085106382978723,0.9619828132471961,2.1255319148936165,1.933135352244178,72690.00000213797,5.278765584948903,5269000.0,
0.8191489361702128,1.1122023516521637,2.4574468085106385,2.2350063381802054,72700.00000213855,5.394114559301116,5270000.0,
0.8404255319148937,1.0775363043279405,2.380851063829787,2.1653438029641987,72710.00000213913,5.216812817945711,5271000.0,
0.8085106382978723,0.8810953694906754,1.946808510638298,1.7705894367401627,72720.00000213971,5.180299536092245,5272000.0,
0.8085106382978723,0.9619828132471963,2.1255319148936165,1.9331353522441777,72730.0000021403,5.280870848106921,5273000.0,
0.9042553191489362,1.0746474670509218,2.374468085106383,2.159538591696198,72740.00000214088,4.8467842578079825,5274000.0,
0.8297872340425532,0.9475386268621031,2.0936170212765957,1.904109295904175,72750.00000214146,5.129082447896562,5275000.0,
0.8617021276595744,1.1670902599155173,2.5787234042553187,2.3453053522722156,72760.00000214204,5.194398573369816,5276000.0,
0.8723404255319149,1.1959786326857031,2.642553191489361,2.403357464952221,72770.00000214262,5.1646559936994505,5277000.0,
0.7978723404255319,1.1988674699627218,2.648936170212765,2.4091626762202214,72780.0000021432,5.6508445624986265,5278000.0,
0.8404255319148937,1.1439795616993687,2.5276595744680845,2.2988636621282112,72790.00000214379,5.299922516590432,5279000.0,
0.8297872340425532,1.3139099189526533,2.1638297872340426,1.901047803443512,72800.00000214437,5.169942162568984,5280000.0,
0.7872340425531915,1.2596481523882372,2.074468085106383,1.8225384546287358,72810.00000214495,5.806036842370303,5281000.0,
0.776595744680851,1.162752140666065,1.9148936170212763,1.6823431888880636,72820.00000214553,5.761349331966035,5282000.0,
0.8297872340425532,1.1743796620727258,1.934042553191489,1.6991666207769447,72830.00000214612,5.406557541612166,5283000.0,
0.8617021276595744,1.3294132808282009,2.189361702127659,1.9234790459620192,72840.0000021467,5.386724054429209,5284000.0,
0.776595744680851,1.25577231191935,2.0680851063829784,1.816930643999109,72850.00000214728,5.882772566182689,5285000.0,
0.776595744680851,1.0387252456616847,1.7106382978723402,1.502893248740004,72860.00000214786,5.603835247987919,5286000.0,
0.7978723404255319,1.4069300902059385,2.317021276595745,2.0356352585545565,72870.00000214844,5.9164163798704035,5287000.0,
0.8191489361702128,1.248020630981576,2.0553191489361704,1.8057150227398553,72880.00000214903,5.569269341859644,5288000.0,
0.7978723404255319,1.1666279811349518,1.9212765957446802,1.6879509995176905,72890.00000214961,5.616304403168163,5289000.0,
0.8297872340425532,1.205386385823821,1.9851063829787228,1.7440291058139594,72900.00000215019,5.447514362543182,5290000.0,
0.8191489361702128,1.3371649617659749,2.202127659574468,1.9346946672212735,72910.00000215077,5.67965333009004,5291000.0,
0.8191489361702128,1.2053863858238205,1.9851063829787234,1.7440291058139592,72920.00000215136,5.519300263355492,5292000.0,
0.8191489361702128,1.2325172691060289,2.0297872340425527,1.7832837802213475,72930.00000215194,5.552940562427309,5293000.0,
0.851063829787234,1.0968628526949882,1.8063829787234038,1.5870104081844068,72940.00000215252,5.18581135205334,5294000.0,
0.8936170212765957,1.205386385823821,1.985106382978723,1.7440291058139594,72950.0000021531,5.060787146171189,5295000.0,
0.8085106382978723,1.3255374403593139,2.1829787234042555,1.9178712353323928,72960.00000215368,5.742635781641034,5296000.0,
0.7659574468085106,1.0658561289438928,1.75531914893617,1.5421479231473918,72970.00000215427,5.723198279606546,5297000.0,
0.851063829787234,1.197634704886047,1.972340425531915,1.7328134845547056,72980.00000215485,5.306218278377952,5298000.0,
0.851063829787234,1.1860071834793862,1.9531914893617015,1.715990052665825,72990.00000215543,5.293055940725154,5299000.0,
0.851063829787234,1.4456884948948074,2.3808510638297866,2.091713364850826,73000.00000215601,5.5986814816383035,5300000.0,
0.7659574468085106,1.0736078098816666,1.7680851063829786,1.5533635444066456,73010.0000021566,5.735540751942103,5301000.0,
0.8404255319148937,1.2170139072304818,2.0042553191489363,1.7608525377028401,73020.00000215718,5.398469712539522,5302000.0,
0.851063829787234,1.1472487787905172,1.889361702127659,1.659911946369556,73030.00000215776,5.24951481521585,5303000.0,
0.7872340425531915,1.2363931095749159,2.036170212765957,1.7888915908509744,73040.00000215834,5.788929085283835,5304000.0,
0.8191489361702128,1.1356212573838569,1.8702127659574466,1.6430885144806757,73050.00000215892,5.44088569097463,5305000.0,
0.8723404255319149,1.2053863858238207,1.9851063829787234,1.7440291058139594,73060.0000021595,5.1895868326634815,5306000.0,
0.8297872340425532,1.162752140666065,1.9148936170212767,1.6823431888880636,73070.00000216009,5.4048525799176765,5307000.0,
0.8936170212765957,1.3759233664548436,2.265957446808511,1.990772773517542,73080.00000216067,5.257816624496742,5308000.0,
0.8085106382978723,1.155000459728291,1.9021276595744678,1.6711275676288098,73090.00000216125,5.538550568755693,5309000.0,
0.8404255319148937,1.2790273547326714,2.106382978723404,1.85057750777687,73100.00000216183,5.476308498175276,5310000.0,
0.8085106382978723,1.294530716608219,2.1319148936170214,1.8730087502953776,73110.00000216241,5.712180097001982,5311000.0,
0.8085106382978723,1.2208897476993683,2.0106382978723403,1.766460348332467,73120.000002163,5.621624161772644,5312000.0,
0.776595744680851,1.127869576446083,1.8574468085106381,1.6318728932214213,73130.00000216358,5.733418358861842,5313000.0,
0.9148936170212766,1.2673998333260108,2.0872340425531912,1.8337540758879893,73140.00000216416,5.019713771437558,5314000.0,
0.8404255319148937,1.1394970978527434,1.8765957446808512,1.6486963251103022,73150.00000216474,5.312816800115761,5315000.0,
0.8297872340425532,1.3449166427037484,2.2148936170212763,1.9459102884805273,73160.00000216532,5.628999543912077,5316000.0,
0.8829787234042553,1.3100340784837665,2.157446808510638,1.8954399928138852,73170.0000021659,5.250879558897181,5317000.0,
0.8191489361702128,1.321661599890427,2.1765957446808506,1.912263424702766,73180.00000216649,5.6747531220869405,5318000.0,
0.851063829787234,1.3177857594215405,2.1702127659574466,1.906655614073139,73190.00000216707,5.457895767457768,5319000.0,
0.851063829787234,1.4030542497370517,2.31063829787234,2.0300274479249305,73200.00000216765,5.558586243578523,5320000.0,
0.9148936170212766,1.3720475259859566,2.259574468085106,1.9851649628879156,73210.00000216824,5.137351947135826,5321000.0,
0.8723404255319149,1.1162420550394223,1.8382978723404253,1.6150494613325415,73220.00000216882,5.095201868106211,5322000.0,
0.7872340425531915,1.1084903741016485,1.8255319148936167,1.6038338400732874,73230.0000021694,5.636728313196769,5323000.0,
0.851063829787234,1.3526683236415222,2.2276595744680847,1.957125909739781,73240.00000216998,5.501382780416391,5324000.0,
0.7978723404255319,1.189883023948273,1.959574468085106,1.7215978632954518,73250.00000217056,5.66465072349531,5325000.0,
0.7553191489361702,1.0154702028483633,1.672340425531915,1.4692463849622421,73260.00000217115,5.753436606743085,5326000.0,
0.7446808510638298,1.228641428637142,2.023404255319149,1.7776759695917206,73270.00000217173,6.122458490041523,5327000.0,
0.8191489361702128,1.224765588168255,2.0170212765957447,1.772068158962094,73280.00000217231,5.561659289595241,5328000.0,
0.776595744680851,1.228641428637142,2.023404255319149,1.7776759695917208,73290.00000217289,5.871946497300154,5329000.0,
0.851063829787234,1.2596481523882368,2.074468085106383,1.8225384546287355,73300.00000217347,5.395084079193956,5330000.0,
0.8404255319148937,1.321661599890427,2.1765957446808506,1.912263424702766,73310.00000217406,5.537670764566135,5331000.0,
0.7978723404255319,1.100738693163875,1.8127659574468082,1.5926182188140336,73320.00000217464,5.556656495579081,5332000.0,
0.8085106382978723,1.3371649617659747,2.2021276595744674,1.9346946672212735,73330.00000217522,5.7764908739083,5333000.0,
0.8631578947368421,1.300079288226836,2.141052631578947,1.8810367739335803,73340.0000021758,5.327650395031474,5334000.0,
0.8105263157894737,1.0661417171889687,1.7557894736842103,1.5425611302464168,73350.00000217638,5.385496923947868,5335000.0,
0.8,1.342264751856615,2.210526315789474,1.942073365418151,73360.00000217697,5.802038834702824,5336000.0,
0.8947368421052632,1.315419456819483,2.166315789473684,1.9032318981097875,73370.00000217755,5.158172334222228,5337000.0,
0.8210526315789474,1.2080382766709536,1.989473684210526,1.747866028876336,73380.00000217813,5.490813285830531,5338000.0,
0.7894736842105263,1.2425536560044097,2.046315789473684,1.7978050582728027,73390.00000217871,5.7546986310861605,5339000.0,
0.8421052631578947,0.8918296806358076,1.9705263157894732,1.792160379662312,73400.0000021793,5.340880616031999,5340000.0,
0.8526315789473684,1.0919196730861487,2.4126315789473685,2.194247644330138,73410.00000217988,5.152742826595456,5341000.0,
0.8842105263157894,1.1976815262384723,2.646315789473684,2.4067794842259893,73420.00000218046,5.088804107186964,5342000.0,
0.8421052631578947,1.0776275307682674,2.381052631578947,2.1655271254252932,73430.00000218104,5.201180192925474,5343000.0,
0.8315789473684211,1.0318926753510465,2.28,2.073621464929791,73440.00000218162,5.21252663505575,5344000.0,
0.8631578947368421,1.026175818423894,2.2673684210526313,2.0621332573678526,73450.0000021822,5.015689058064964,5345000.0,
0.8736842105263158,1.0804859592318437,2.387368421052632,2.1712712292062633,73460.00000218279,5.017903206482948,5346000.0,
0.8526315789473684,1.0176005330331648,2.248421052631578,2.044900946024946,73470.00000218337,5.0685413660396605,5347000.0,
0.8736842105263158,1.1976815262384726,2.6463157894736837,2.4067794842259893,73480.00000218395,5.153006566309868,5348000.0,
0.8631578947368421,1.1347961000397933,2.507368421052631,2.2804092010446726,73490.00000218453,5.143480847742035,5349000.0,
0.8421052631578947,1.0290342468874702,2.2736842105263158,2.0678773611488217,73500.00000218512,5.14697566831723,5350000.0,
0.8210526315789474,0.8946881090993838,1.976842105263158,1.7979044834432811,73510.0000021857,5.115835517634776,5351000.0,
0.7789473684210526,1.0318926753510465,2.28,2.0736214649297904,73520.00000218628,5.5690487049922,5352000.0,
0.7789473684210526,0.9632903922252152,2.128421052631579,1.9357629741865359,73530.00000218686,5.4815187469252855,5353000.0,
0.8315789473684211,1.120503957721912,2.4757894736842103,2.251688682139828,73540.00000218744,5.324147797400756,5354000.0,
0.8315789473684211,1.091919673086149,2.412631578947368,2.1942476443301384,73550.00000218803,5.290280619674235,5355000.0,
0.8736842105263158,1.0919196730861487,2.4126315789473685,2.1942476443301384,73560.00000218861,5.035809264509239,5356000.0,
0.8736842105263158,1.0233173899603174,2.2610526315789468,2.0563891535868835,73570.00000218919,4.957770506714641,5357000.0,
0.8526315789473684,0.9289892506622994,2.052631578947368,1.8668337288149084,73580.00000218977,4.97004665214822,5358000.0,
0.8526315789473684,1.0147421045695888,2.242105263157894,2.0391568422439765,73590.00000219035,5.071114814138279,5359000.0,
0.8315789473684211,0.9289892506622993,2.0526315789473677,1.8668337288149084,73600.00000219094,5.096883276253298,5360000.0,
0.8,0.9318476791258756,2.058947368421052,1.8725778325958773,73610.00000219152,5.302175388527008,5361000.0,
0.8421052631578947,0.9975915337881307,2.20421052631579,2.004692219558163,73620.0000021921,5.115637446512114,5362000.0,
0.8421052631578947,1.1347961000397933,2.507368421052631,2.2804092010446726,73630.00000219268,5.279067868935993,5363000.0,
0.7578947368421053,0.906121822953689,2.002105263157895,1.8208808985671567,73640.00000219326,5.564463516551414,5364000.0,
0.7789473684210526,1.1919646693113195,2.633684210526315,2.3952912766640515,73650.00000219385,5.7815735621037705,5365000.0,
0.8210526315789474,0.9632903922252152,2.128421052631579,1.9357629741865359,73660.00000219443,5.207081888108993,5366000.0,
0.8315789473684211,0.9575735352980624,2.115789473684211,1.9242747666245985,73670.00000219501,5.134801086891446,5367000.0,
0.7789473684210526,0.9232723937351469,2.04,1.8553455212529706,73680.0000021956,5.438252397512833,5368000.0,
0.9052631578947369,1.2205489539470826,2.6968421052631584,2.4527323144737405,73690.00000219618,5.008278495768439,5369000.0,
0.8421052631578947,1.0633353884503858,2.3494736842105257,2.1368066065204494,73700.00000219676,5.197708273923775,5370000.0,
0.8315789473684211,1.1062118154040304,2.4442105263157887,2.2229681632349827,73710.00000219734,5.315568638917729,5371000.0,
0.9052631578947369,1.091919673086149,2.4126315789473685,2.1942476443301384,73720.00000219792,4.86758335993377,5372000.0,
0.7789473684210526,0.9604319637616386,2.1221052631578945,1.9300188704055667,73730.0000021985,5.488659953628081,5373000.0,
0.7368421052631579,0.8346611113642814,1.8442105263157889,1.6772783040429333,73740.00000219909,5.632180079867592,5374000.0,
0.8315789473684211,1.0318926753510465,2.28,2.07362146492979,73750.00000219967,5.228222837588309,5375000.0,
0.8210526315789474,1.0061668191788595,2.223157894736842,2.02192453090107,73760.00000220025,5.26443138247591,5376000.0,
0.7894736842105263,1.020458961496741,2.254736842105263,2.0506450498059143,73770.00000220083,5.493645351377626,5377000.0,
0.7789473684210526,1.0661938169139622,2.35578947368421,2.1425507103014176,73780.00000220141,5.627138008350815,5378000.0,
0.8631578947368421,1.1119286723311828,2.4568421052631577,2.234456370796921,73790.000002202,5.131622242470716,5379000.0,
0.7894736842105263,1.0347511038146227,2.2863157894736843,2.079365568710759,73800.00000220258,5.513348731647037,5380000.0,
0.8315789473684211,1.1119286723311828,2.4568421052631573,2.2344563707969214,73810.00000220316,5.327506631425358,5381000.0,
0.8631578947368421,1.1948230977748957,2.64,2.4010353804450206,73820.00000220374,5.22912188170437,5382000.0,
0.8736842105263158,1.1805309554570147,2.608421052631579,2.3723148615401755,73830.00000220432,5.150243864814,5383000.0,
0.8210526315789474,1.2148320970199302,2.6842105263157894,2.4412441069118027,73840.0000022049,5.522677554205658,5384000.0,
0.8736842105263158,1.026175818423894,2.2673684210526313,2.0621332573678526,73850.00000220549,4.974536177848436,5385000.0,
0.8736842105263158,1.1319376715762173,2.501052631578947,2.2746650972637035,73860.00000220607,5.096070829046907,5386000.0,
0.8526315789473684,1.13765452850337,2.513684210526315,2.286153304825642,73870.00000220665,5.229098521221915,5387000.0,
0.8421052631578947,1.2405579531921167,2.7410526315789476,2.492941040940524,73880.00000220723,5.417160069555104,5388000.0,
0.8315789473684211,1.0519016745960805,2.324210526315789,2.113830191396574,73890.00000220782,5.25937289997199,5389000.0,
0.8736842105263158,1.0118836761060122,2.2357894736842105,2.0334127384630074,73900.0000022084,4.96058734025582,5390000.0,
0.8421052631578947,1.1891062408477435,2.6273684210526316,2.389547172883083,73910.00000220898,5.357561161146249,5391000.0,
0.8,0.95185667837091,2.1031578947368414,1.9127865590626596,73920.00000220956,5.343502427057935,5392000.0,
0.8,1.1891062408477433,2.627368421052631,2.389547172883083,73930.00000221014,5.64059069594348,5393000.0,
0.8210526315789474,1.0404679607417753,2.2989473684210524,2.0908537762726973,73940.00000221073,5.315439183097946,5394000.0,
0.8421052631578947,0.95185667837091,2.103157894736842,1.9127865590626603,73950.00000221131,5.077827305705125,5395000.0,
0.9263157894736842,1.1662388131391324,2.576842105263158,2.3435943426353307,73960.00000221189,4.848096446129471,5396000.0,
0.8736842105263158,1.2062568116292012,2.665263157894737,2.4240117955688962,73970.00000221247,5.18643610983075,5397000.0,
0.8,1.2376995247285405,2.7347368421052627,2.487196937159555,73980.00000221306,5.703963879741998,5398000.0,
0.8210526315789474,1.0404679607417755,2.298947368421053,2.090853776272697,73990.00000221364,5.318003285662199,5399000.0,
0.8631578947368421,1.3499348361529389,2.223157894736842,1.953170927506254,74000.00000221422,5.0193371686972785,5400000.0,
0.7789473684210526,1.158182728744851,1.9073684210526314,1.6757318753036619,74010.0000022148,5.757664314080384,5401000.0,
0.7894736842105263,1.11216222296691,1.8315789473684208,1.6091465027750393,74020.00000221538,5.623136149240617,5402000.0,
0.8315789473684211,1.1658528130411745,1.9199999999999997,1.6868294373917656,74030.00000221597,5.40349135759625,5403000.0,
0.8105263157894737,1.1006570965224245,1.8126315789473688,1.5925001596428836,74040.00000221655,5.463924989361362,5404000.0,
0.8315789473684211,1.2924092039305124,2.128421052631579,1.8699392118454765,74050.00000221713,5.5566920808176645,5405000.0,
0.8105263157894737,1.1505126444485274,1.8947368421052635,1.664634313215558,74060.00000221771,5.526474041997523,5406000.0,
0.8421052631578947,1.3230895411158066,2.1789473684210527,1.9143294601978913,74070.0000022183,5.524666330215039,5407000.0,
0.8105263157894737,1.1505126444485276,1.894736842105263,1.664634313215558,74080.00000221888,5.527513003036544,5408000.0,
0.8631578947368421,1.1543476865966893,1.9010526315789473,1.6701830942596099,74090.00000221946,5.195400368754775,5409000.0,
0.8105263157894737,1.2732339931897037,2.096842105263158,1.8421953066252175,74100.00000222004,5.6799614203146795,5410000.0,
0.7894736842105263,1.2617288667452184,2.077894736842105,1.8255489634930615,74110.00000222062,5.817387231360087,5411000.0,
0.8,1.0354613800036747,1.7052631578947368,1.498170881894002,74120.0000022212,5.458534619888977,5412000.0,
0.8,1.250223740300733,2.058947368421053,1.808902620360906,74130.00000222179,5.727513886049803,5413000.0,
0.8421052631578947,1.2617288667452182,2.0778947368421052,1.8255489634930622,74140.00000222237,5.455300529400169,5414000.0,
0.8210526315789474,1.1735228973374978,1.932631578947368,1.6979269994798694,74150.00000222295,5.488262503311312,5415000.0,
0.8210526315789474,1.219543403115439,2.008421052631579,1.7645123720084912,74160.00000222353,5.544825939835759,5416000.0,
0.8210526315789474,1.2195434031154389,2.008421052631579,1.7645123720084912,74170.00000222411,5.545338760348609,5417000.0,
0.8526315789473684,1.3345946675602918,2.197894736842105,1.9309758033300473,74180.0000022247,5.475386338635245,5418000.0,
0.8526315789473684,1.2617288667452184,2.0778947368421052,1.825548963493062,74190.00000222528,5.3904202759509285,5419000.0,
0.8105263157894737,1.4151305526716889,2.3305263157894736,2.0475002052551363,74200.00000222586,5.860223409286262,5420000.0,
0.8421052631578947,1.13517247585588,1.8694736842105262,1.6424391890393506,74210.00000222644,5.308514815219283,5421000.0,
0.8631578947368421,1.3192544989676447,2.1726315789473687,1.9087806791538398,74220.00000222703,5.392792407477593,5422000.0,
0.8842105263157894,1.4036254262272034,2.311578947368421,2.0308538621229806,74230.0000022276,5.360288279795513,5423000.0,
0.8315789473684211,1.2732339931897037,2.096842105263158,1.8421953066252172,74240.00000222819,5.543253536256492,5424000.0,
0.8210526315789474,1.3307596254121299,2.191578947368421,1.9254270222859953,74250.00000222877,5.684896979812766,5425000.0,
0.7578947368421053,0.9587605370404394,1.5789473684210524,1.387195261012965,74260.00000222935,5.6683618198623265,5426000.0,
0.8842105263157894,1.319254498967645,2.1726315789473687,1.9087806791538398,74270.00000222994,5.266773540633027,5427000.0,
0.8210526315789474,1.1505126444485276,1.8947368421052626,1.664634313215558,74280.00000223052,5.466903861972571,5428000.0,
0.7578947368421053,1.0929870122261012,1.8,1.58140259755478,74290.0000022311,5.847132863510172,5429000.0,
0.9052631578947369,1.376780131190071,2.2673684210526317,1.9920123948146176,74300.00000223168,5.2092315403989735,5430000.0,
0.8,1.2540587824488947,2.065263157894737,1.8144514014049578,74310.00000223226,5.741781372946084,5431000.0,
0.8526315789473684,1.1390075180040422,1.87578947368421,1.6479879700834024,74320.00000223285,5.252907582983256,5432000.0,
0.8736842105263158,1.4343057634124974,2.362105263157895,2.0752441104753956,74330.00000223343,5.464805391993365,5433000.0,
0.8736842105263158,1.1888630659301451,1.957894736842105,1.7201221236560769,74340.00000223401,5.184358931019616,5434000.0,
0.7894736842105263,1.238718613856248,2.0399999999999996,1.792256277228751,74350.00000223459,5.801040911034804,5435000.0,
0.7684210526315789,1.1850280237819832,1.9515789473684204,1.7145733426120249,74360.00000223517,5.890650168089827,5436000.0,
0.8526315789473684,1.4151305526716884,2.330526315789474,2.0475002052551363,74370.00000223576,5.579224722408417,5437000.0,
0.7263157894736842,1.17735793948566,1.9389473684210525,1.703475780523921,74380.00000223634,6.222736293658135,5438000.0,
0.8421052631578947,1.280904077486027,2.1094736842105264,1.853292868713321,74390.00000223692,5.490571092155607,5439000.0,
0.8842105263157894,1.2157083609672772,2.002105263157895,1.7589635909644394,74400.0000022375,5.155858265513925,5440000.0,
0.8,1.1658528130411743,1.9200000000000004,1.6868294373917652,74410.00000223808,5.6367870690814765,5441000.0,
0.8631578947368421,1.154347686596689,1.9010526315789473,1.6701830942596099,74420.00000223867,5.211497929731323,5442000.0,
0.8421052631578947,1.1658528130411745,1.9199999999999995,1.6868294373917652,74430.00000223925,5.355947715627461,5443000.0,
0.7473684210526316,1.1696878551893362,1.9263157894736842,1.6923782184358171,74440.00000223983,6.040565440201051,5444000.0,
0.8631578947368421,1.1735228973374978,1.9326315789473683,1.6979269994798694,74450.00000224041,5.235176527540881,5445000.0,
0.8526315789473684,1.3269245832639684,2.1852631578947364,1.9198782412419435,74460.000002241,5.480217721251472,5446000.0,
0.8,1.108327180818748,1.825263157894737,1.6035977217309874,74470.00000224158,5.56803792354047,5447000.0,
0.8315789473684211,1.3460997940047772,2.2168421052631575,1.9476221464622023,74480.00000224216,5.643028866351276,5448000.0,
0.8105263157894737,1.1811929816338214,1.9452631578947366,1.7090245615679727,74490.00000224274,5.586664068396264,5449000.0,
0.8631578947368421,1.407460468375365,2.317894736842106,2.0364026431670323,74500.00000224332,5.508640786670259,5450000.0,
0.8526315789473684,1.1159972651150716,1.8378947368421052,1.6146952838190904,74510.0000022439,5.235302965397972,5451000.0,
0.8736842105263158,1.315419456819483,2.1663157894736838,1.9032318981097882,74520.00000224449,5.337887330230809,5452000.0,
0.8315789473684211,1.0738118014852922,1.768421052631579,1.5536586923345208,74530.00000224507,5.318125584207738,5453000.0,
0.8315789473684211,1.3039143303749978,2.147368421052631,1.8865855549776325,74540.00000224565,5.595337486037161,5454000.0,
0.8,1.2924092039305126,2.128421052631579,1.8699392118454763,74550.00000224623,5.802350978746211,5455000.0,
0.8315789473684211,1.1428425601522039,1.8821052631578945,1.653536751127454,74560.00000224682,5.40265624336424,5456000.0,
0.9052631578947369,1.457316016301468,2.4,2.1085367967397066,74570.0000022474,5.310753739069272,5457000.0,
0.8,1.2080382766709539,1.989473684210526,1.7478660288763352,74580.00000224798,5.698466267040274,5458000.0,
0.8526315789473684,1.2463886981525716,2.0526315789473677,1.8033538393168544,74590.00000224856,5.392181806615023,5459000.0,
0.8736842105263158,0.9890162483974021,2.185263157894737,1.987459908215256,74600.00000224914,5.354911270137372,5460000.0,
0.8736842105263158,1.066193816913962,2.35578947368421,2.1425507103014176,74610.00000224973,5.056966417086189,5461000.0,
0.8631578947368421,1.0519016745960805,2.3242105263157895,2.113830191396573,74620.00000225031,5.102566574365332,5462000.0,
0.8421052631578947,1.1147871007947594,2.4631578947368418,2.24020047457789,74630.00000225089,5.305307182335425,5463000.0,
0.8842105263157894,1.086202816158996,2.4,2.1827594367682006,74640.00000225147,5.0208222326957,5464000.0,
0.8842105263157894,1.2005399547020486,2.6526315789473682,2.4125235880069584,74650.00000225205,5.150608282238466,5465000.0,
0.8105263157894737,1.1748140985298618,2.5957894736842104,2.360826653978238,74660.00000225264,5.587625186645139,5466000.0,
0.8526315789473684,1.13765452850337,2.513684210526316,2.2861533048256413,74670.00000225322,5.268604694063719,5467000.0,
0.9052631578947369,1.2662838093643036,2.7978947368421054,2.5446379749692443,74680.0000022538,5.104846068615725,5468000.0,
0.8842105263157894,1.0576185315232332,2.336842105263158,2.125318398958511,74690.00000225438,4.9908757203101555,5469000.0,
0.8736842105263158,1.1147871007947594,2.4631578947368418,2.24020047457789,74700.00000225496,5.116922585383739,5470000.0,
0.8736842105263158,1.111928672331183,2.4568421052631573,2.234456370796921,74710.00000225555,5.114132817865215,5471000.0,
0.8842105263157894,1.1290792431126409,2.4947368421052634,2.2689209934827343,74720.00000225613,5.0731229536554014,5472000.0,
0.8421052631578947,1.0490432461325043,2.317894736842105,2.1080860876156042,74730.00000225671,5.2322363549242885,5473000.0,
0.8736842105263158,1.2119736685563538,2.677894736842105,2.435500003130834,74740.0000022573,5.23008793402664,5474000.0,
0.8526315789473684,1.0776275307682672,2.381052631578947,2.165527125425294,74750.00000225788,5.202153276967225,5475000.0,
0.9263157894736842,1.1262208146490646,2.488421052631579,2.2631768897017657,74760.00000225846,4.841258834125264,5476000.0,
0.8631578947368421,0.9775825345430966,2.1599999999999997,1.9644834930913804,74770.00000225904,5.0237822047921785,5477000.0,
0.8421052631578947,1.1176455292583356,2.469473684210526,2.2459445783588587,74780.00000225962,5.316201566136359,5478000.0,
0.8315789473684211,1.017600533033165,2.2484210526315787,2.0449009460249457,74790.0000022602,5.263694312019237,5479000.0,
0.7789473684210526,0.8289442544371287,1.8315789473684208,1.6657900964809953,74800.00000226079,5.377696002471604,5480000.0,
0.7894736842105263,0.9518566783709097,2.103157894736842,1.9127865590626598,74810.00000226137,5.462215792754803,5481000.0,
0.8736842105263158,1.0804859592318437,2.387368421052632,2.1712712292062624,74820.00000226195,5.08344537516146,5482000.0,
0.8526315789473684,1.0061668191788595,2.2231578947368416,2.02192453090107,74830.00000226253,5.122291948560124,5483000.0,
0.9052631578947369,1.1805309554570145,2.6084210526315785,2.3723148615401755,74840.00000226311,5.017560939299966,5484000.0,
0.9157894736842105,1.183389383920591,2.614736842105263,2.378058965321145,74850.0000022637,4.963468867630336,5485000.0,
0.7894736842105263,0.9718656776159442,2.1473684210526316,1.9529952855294426,74860.00000226428,5.4902271917986685,5486000.0,
0.8315789473684211,0.937564536053028,2.071578947368421,1.8840660401578155,74870.00000226486,5.171499125777537,5487000.0,
0.8526315789473684,1.0633353884503856,2.3494736842105257,2.1368066065204494,74880.00000226544,5.191810640915762,5488000.0,
0.9052631578947369,1.094778101549725,2.418947368421052,2.1999917481111075,74890.00000226602,4.925159530914143,5489000.0,
0.8105263157894737,1.1147871007947594,2.4631578947368413,2.24020047457789,74900.0000022666,5.526033436193466,5490000.0,
0.8421052631578947,1.1062118154040304,2.444210526315789,2.222968163234983,74910.00000226719,5.30912403093475,5491000.0,
0.8105263157894737,1.0404679607417753,2.2989473684210524,2.0908537762726973,74920.00000226777,5.435379951712572,5492000.0,
0.7894736842105263,0.960431963761639,2.1221052631578945,1.9300188704055667,74930.00000226835,5.479477820916766,5493000.0,
0.8105263157894737,1.0290342468874702,2.2736842105263153,2.0678773611488213,74940.00000226893,5.422312382671606,5494000.0,
0.8,1.0290342468874702,2.2736842105263153,2.0678773611488213,74950.00000226952,5.49418491402258,5495000.0,
0.8421052631578947,1.0604769599868094,2.343157894736842,2.1310625027394803,74960.0000022701,5.257313890126945,5496000.0,
0.7368421052631579,1.0118836761060124,2.235789473684211,2.0334127384630083,74970.00000227068,5.942982132021176,5497000.0,
0.8842105263157894,1.066193816913962,2.3557894736842107,2.1425507103014176,74980.00000227126,5.014383483550473,5498000.0,
0.8631578947368421,1.0633353884503858,2.3494736842105257,2.136806606520449,74990.00000227185,5.133861730661005,5499000.0,
0.8105263157894737,1.0747691023046908,2.3747368421052633,2.1597830216443246,75000.00000227243,5.481855386108619,5500000.0,
0.8947368421052632,1.2291242393378115,2.7157894736842105,2.4699646258166483,75010.00000227301,5.138901208806028,5501000.0,
0.8526315789473684,1.0233173899603178,2.261052631578947,2.056389153586884,75020.00000227359,5.151789531575961,5502000.0,
0.8,0.934706107589452,2.0652631578947367,1.8783219363768457,75030.00000227417,5.380485266216091,5503000.0,
0.8526315789473684,1.0233173899603174,2.2610526315789468,2.0563891535868835,75040.00000227476,5.152777185897007,5504000.0,
0.8315789473684211,1.1233623861854882,2.4821052631578944,2.257432785920797,75050.00000227534,5.404040844291785,5505000.0,
0.8315789473684211,0.9232723937351469,2.04,1.85534552125297,75060.00000227592,5.163932625522416,5506000.0,
0.8105263157894737,1.091919673086149,2.4126315789473685,2.1942476443301384,75070.0000022765,5.506651544865175,5507000.0,
0.8315789473684211,1.0118836761060124,2.2357894736842105,2.0334127384630074,75080.00000227708,5.271503154955795,5508000.0,
0.8105263157894737,0.8946881090993836,1.9768421052631577,1.7979044834432811,75090.00000227767,5.264352862024421,5509000.0,
0.8526315789473684,1.1062118154040301,2.4442105263157896,2.2229681632349827,75100.00000227825,5.252962005862027,5510000.0,
0.7578947368421053,0.9404229645166046,2.0778947368421052,1.8898101439387842,75110.00000227883,5.691388633896127,5511000.0,
0.7894736842105263,1.0633353884503858,2.349473684210526,2.1368066065204485,75120.00000227941,5.619955492189769,5512000.0,
0.8736842105263158,1.231982667801388,2.7221052631578946,2.4757087295976166,75130.00000228,5.2717849813563875,5513000.0,
0.8105263157894737,0.9775825345430966,2.1600000000000006,1.9644834930913802,75140.00000228058,5.36922260770188,5514000.0,
0.8842105263157894,1.1033533869404544,2.437894736842105,2.217224059454015,75150.00000228116,5.064504425842811,5515000.0,
0.9368421052631579,1.0976365300133015,2.425263157894736,2.2057358518920767,75160.00000228174,4.774328880479988,5516000.0,
0.8210526315789474,1.0833443876954199,2.3936842105263154,2.1770153329872315,75170.00000228232,5.430737395416955,5517000.0,
0.8842105263157894,1.2548500955099984,2.7726315789473683,2.5216615598453687,75180.0000022829,5.23726856053464,5518000.0,
0.8526315789473684,1.2005399547020483,2.6526315789473682,2.4125235880069584,75190.00000228349,5.36803821861922,5519000.0,
0.8526315789473684,1.2655639088933806,2.084210526315789,1.8310977445371135,75200.00000228407,5.066809041291132,5520000.0,
0.8421052631578947,1.39595534193088,2.2989473684210524,2.019756300034877,75210.00000228465,5.668194468686256,5521000.0,
0.8315789473684211,1.223378445263601,2.0147368421052634,1.7700611530525432,75220.00000228523,5.532920915335586,5522000.0,
0.8526315789473684,1.296244246078674,2.1347368421052635,1.8754879928895285,75230.00000228581,5.482259301098094,5523000.0,
0.8526315789473684,1.3576049204492622,2.235789473684211,1.9642684895943578,75240.0000022864,5.55471935128585,5524000.0,
0.8947368421052632,1.4112955105235268,2.3242105263157895,2.0419514242110846,75250.00000228698,5.353798511896603,5525000.0,
0.8526315789473684,1.3384297097084534,2.2042105263157894,1.9365245843740986,75260.00000228756,5.5332175609108845,5526000.0,
0.8210526315789474,1.3269245832639682,2.1852631578947364,1.9198782412419435,75270.00000228814,5.73253378745587,5527000.0,
0.8631578947368421,1.3115844146713211,2.1599999999999997,1.897683117065736,75280.00000228873,5.435613651283643,5528000.0,
0.8105263157894737,1.1965331502264684,1.970526315789474,1.7312196857441802,75290.00000228931,5.647148691987014,5529000.0,
0.7894736842105263,1.2233784452636007,2.014736842105263,1.7700611530525432,75300.00000228989,5.832276697487066,5530000.0,
0.8631578947368421,1.4419758477088207,2.3747368421052633,2.0863416725634996,75310.00000229047,5.5881403115101005,5531000.0,
0.8947368421052632,1.2310485295599245,2.027368421052631,1.781158715140647,75320.00000229105,5.155640121408063,5532000.0,
0.8421052631578947,1.1083271808187483,1.8252631578947367,1.6035977217309874,75330.00000229164,5.3326360273659486,5533000.0,
0.8947368421052632,1.3000792882268362,2.1410526315789475,1.8810367739335803,75340.00000229222,5.233733322271136,5534000.0,
0.8210526315789474,1.1466776023003655,1.8884210526315788,1.6590855321715055,75350.0000022928,5.517104772179926,5535000.0,
0.7894736842105263,1.1390075180040424,1.8757894736842105,1.6479879700834024,75360.00000229338,5.728606856291811,5536000.0,
0.8210526315789474,1.2118733188191158,1.9957894736842106,1.7534148099203877,75370.00000229396,5.597535452555387,5537000.0,
0.7263157894736842,1.0623066750408072,1.7494736842105263,1.537012349202365,75380.00000229455,6.122303393338887,5538000.0,
0.8421052631578947,1.1965331502264684,1.9705263157894732,1.7312196857441797,75390.00000229513,5.440380616037792,5539000.0,
0.7473684210526316,1.1006570965224247,1.8126315789473686,1.5925001596428838,75400.00000229571,6.002284847621711,5540000.0,
0.8105263157894737,1.2310485295599245,2.027368421052632,1.7811587151406465,75410.00000229629,5.695966367788394,5541000.0,
0.8210526315789474,1.2655639088933803,2.0842105263157897,1.8310977445371137,75420.00000229687,5.6654919404665,5542000.0,
0.8,1.3384297097084534,2.2042105263157894,1.9365245843740986,75430.00000229746,5.906192400445016,5543000.0,
0.8526315789473684,1.2425536560044097,2.046315789473684,1.7978050582728027,75440.00000229804,5.429659226320239,5544000.0,
0.8842105263157894,1.2425536560044095,2.0463157894736836,1.7978050582728022,75450.00000229862,5.236219015856449,5545000.0,
0.8210526315789474,1.3077493725231595,2.1536842105263156,1.892134336021684,75460.0000022992,5.718922953861862,5546000.0,
0.8210526315789474,1.2310485295599243,2.0273684210526315,1.781158715140647,75470.00000229978,5.626018081022054,5547000.0,
0.7473684210526316,1.1696878551893362,1.9263157894736835,1.6923782184358171,75480.00000230037,6.099156989500236,5548000.0,
0.8,1.1696878551893364,1.926315789473684,1.692378218435817,75490.00000230095,5.698422977033145,5549000.0,
0.8842105263157894,1.3729450890419095,2.2610526315789468,1.986463613770566,75500.00000230153,5.386066469887093,5550000.0,
0.8421052631578947,1.2502237403007332,2.058947368421052,1.808902620360906,75510.00000230211,5.510138191751331,5551000.0,
0.8631578947368421,1.319254498967645,2.1726315789473682,1.9087806791538395,75520.0000023027,5.456207041627626,5552000.0,
0.8105263157894737,1.2578938245970566,2.0715789473684207,1.8200001824490097,75530.00000230328,5.7353209525748285,5553000.0,
0.8,1.1965331502264684,1.9705263157894735,1.7312196857441802,75540.00000230386,5.734611174777083,5554000.0,
0.7578947368421053,1.1275023915595568,1.8568421052631576,1.6313416269512464,75550.00000230444,5.962673989023666,5555000.0,
0.8631578947368421,1.3307596254121299,2.191578947368421,1.925427022285995,75560.00000230502,5.471487371045131,5556000.0,
0.8736842105263158,1.3652750047455855,2.248421052631579,1.9753660516824623,75570.0000023056,5.445553318823872,5557000.0,
0.8,1.1466776023003658,1.888421052631579,1.6590855321715061,75580.00000230619,5.6743970030274715,5558000.0,
0.8526315789473684,1.2195434031154393,2.008421052631579,1.7645123720084914,75590.00000230677,5.410079300092865,5559000.0,
0.8842105263157894,1.4074604683753653,2.317894736842105,2.036402643167033,75600.00000230735,5.429863625085922,5560000.0,
0.8105263157894737,1.3729450890419095,2.261052631578947,1.9864636137705654,75610.00000230793,5.881423161955084,5561000.0,
0.8526315789473684,1.3384297097084534,2.2042105263157894,1.9365245843740988,75620.00000230852,5.550995338689696,5562000.0,
0.8105263157894737,1.2693989510415418,2.0905263157894733,1.8366465255811657,75630.0000023091,5.754710394292354,5563000.0,
0.8,1.139007518004042,1.8757894736842105,1.6479879700834021,75640.00000230968,5.667967292394092,5564000.0,
0.7368421052631579,1.0508015485963216,1.7305263157894735,1.5203660060702093,75650.00000231026,6.034656387545999,5565000.0,
0.8315789473684211,1.2387186138562478,2.04,1.792256277228751,75660.00000231084,5.5736464345305725,5566000.0,
0.8,1.3422647518566153,2.2105263157894735,1.942073365418151,75670.00000231143,5.923617782078322,5567000.0,
0.8210526315789474,1.1351724758558805,1.8694736842105262,1.6424391890393506,75680.00000231201,5.52001519510109,5568000.0,
0.8105263157894737,1.250223740300733,2.058947368421052,1.8089026203609062,75690.00000231259,5.734169549872056,5569000.0,
0.8,1.2463886981525714,2.0526315789473686,1.8033538393168544,75700.00000231317,5.80535166231678,5570000.0,
0.8421052631578947,1.3767801311900711,2.2673684210526313,1.9920123948146178,75710.00000231375,5.670423905933001,5571000.0,
0.7894736842105263,1.300079288226836,2.141052631578947,1.88103677393358,75720.00000231434,5.951831098575135,5572000.0,
0.8842105263157894,1.4228006369680122,2.3431578947368417,2.05859776734324,75730.00000231492,5.4534031014708235,5573000.0,
0.8210526315789474,1.3345946675602915,2.197894736842105,1.9309758033300473,75740.0000023155,5.765978120895103,5574000.0,
0.7894736842105263,1.1965331502264684,1.9705263157894735,1.7312196857441797,75750.00000231608,5.822272657108095,5575000.0,
0.8315789473684211,1.0661417171889689,1.7557894736842101,1.542561130246417,75760.00000231666,5.371180546133505,5576000.0,
0.7789473684210526,1.0431314642999983,1.7178947368421051,1.5092684439821058,75770.00000231725,5.705098501622935,5577000.0,
0.8421052631578947,1.3882852576345568,2.2863157894736843,2.0086587379467735,75780.00000231783,5.687586243586031,5578000.0,
0.8315789473684211,1.3537698783011005,2.229473684210526,1.958719708550306,75790.00000231841,5.718581499369703,5579000.0,
0.8526315789473684,1.0204589614967412,2.254736842105263,2.0506450498059143,75800.000002319,5.59586733909272,5580000.0,
0.8631578947368421,1.1633803846755564,2.5705263157894738,2.3378502388543616,75810.00000231958,5.289767518972981,5581000.0,
0.8210526315789474,1.0633353884503856,2.3494736842105266,2.136806606520449,75820.00000232016,5.439700793774302,5582000.0,
0.8526315789473684,1.1176455292583358,2.4694736842105263,2.2459445783588583,75830.00000232074,5.3024212998907805,5583000.0,
0.8210526315789474,1.0604769599868096,2.343157894736842,2.1310625027394794,75840.00000232132,5.437245015517441,5584000.0,
0.8210526315789474,0.9890162483974019,2.1852631578947372,1.9874599082152564,75850.0000023219,5.350722353966271,5585000.0,
0.8,1.0404679607417753,2.298947368421052,2.0908537762726973,75860.00000232249,5.556371793185354,5586000.0,
0.8105263157894737,1.037609532278199,2.2926315789473684,2.085109672491728,75870.00000232307,5.481203968546097,5587000.0,
0.8526315789473684,1.1690972416027092,2.583157894736842,2.3493384464163003,75880.00000232365,5.365235036591114,5588000.0,
0.8631578947368421,1.1090702438676063,2.4505263157894737,2.228712267015952,75890.00000232423,5.230749672915217,5589000.0,
0.8,1.0490432461325043,2.317894736842105,2.108086087615604,75900.00000232481,5.569196163081782,5590000.0,
0.8210526315789474,1.0747691023046908,2.3747368421052637,2.159783021644325,75910.0000023254,5.4582418555202,5591000.0,
0.8526315789473684,1.0490432461325043,2.317894736842105,2.1080860876156042,75920.00000232598,5.226406276471853,5592000.0,
0.8,0.9918746768609781,2.1915789473684217,1.9932040119962249,75930.00000232656,5.4993143988608875,5593000.0,
0.8315789473684211,1.0233173899603174,2.2610526315789468,2.0563891535868835,75940.00000232714,5.3287968614919885,5594000.0,
0.8315789473684211,1.1062118154040304,2.444210526315789,2.222968163234983,75950.00000232772,5.428986360443318,5595000.0,
0.7894736842105263,1.0090252476424362,2.229473684210526,2.027668634682039,75960.0000023283,5.595962647168974,5596000.0,
0.7894736842105263,1.0033083907152833,2.216842105263158,2.016180427120101,75970.00000232889,5.589254628394611,5597000.0,
0.8421052631578947,1.2376995247285405,2.734736842105263,2.487196937159555,75980.00000232947,5.5187656857607195,5598000.0,
0.8210526315789474,0.9747241060795204,2.1536842105263156,1.958739389310411,75990.00000233005,5.3404947447333715,5599000.0,
0.8526315789473684,1.0433263892053517,2.3052631578947365,2.0965978800536664,76000.00000233063,5.223651938100732,5600000.0,
0.8541666666666666,1.0239724464832205,2.2624999999999997,2.057705510703356,76010.00000233122,5.150501888707833,5601000.0,
0.8229166666666666,1.1569191453360144,2.55625,2.324866170932797,76020.0000023318,5.508152379290037,5602000.0,
0.8125,0.9306268919695565,2.05625,1.8701246216060887,76030.00000233238,5.300768995394042,5603000.0,
0.90625,1.077716856657754,2.38125,2.165706628668449,76040.00000233296,4.91517952012419,5604000.0,
0.7395833333333334,0.9334555451366374,2.0625,1.8758088909726727,76050.00000233355,5.82833144147577,5605000.0,
0.8854166666666666,1.0098291806478168,2.2312499999999997,2.0292841638704364,76060.00000233413,4.955098839457121,5606000.0,
0.7604166666666666,0.9787139958099288,2.1624999999999996,1.966757200838014,76070.00000233471,5.729264980950963,5607000.0,
0.8125,1.0579162844881889,2.3375,2.125916743102362,76080.00000233529,5.459996965673533,5608000.0,
0.8333333333333334,1.0070005274807359,2.225,2.0235998945038527,76090.00000233587,5.26289813312278,5609000.0,
0.8333333333333334,1.0607449376552698,2.34375,2.131601012468946,76100.00000233646,5.327891425332251,5610000.0,
0.8333333333333334,1.301180456857131,2.875,2.6147639086285737,76110.00000233704,5.616914048374513,5611000.0,
0.8229166666666666,1.159747798503095,2.5625,2.330550440299381,76120.00000233762,5.516653021113619,5612000.0,
0.78125,0.9051690134658301,2.0,1.8189661973068338,76130.0000023382,5.485547004058677,5613000.0,
0.84375,1.1738910643384985,2.59375,2.3589717871322997,76140.00000233878,5.398189409730609,5614000.0,
0.84375,0.9023403602987495,1.9937499999999997,1.8132819279402501,76150.00000233937,5.076845365436614,5615000.0,
0.8125,0.9815426489770096,2.1687499999999997,1.972441470204598,76160.00000233995,5.370101209147193,5616000.0,
0.90625,1.0918601224931577,2.4125,2.194127975501368,76170.00000234053,4.9367628939199255,5617000.0,
0.84375,1.0070005274807359,2.2249999999999996,2.0235998945038527,76180.00000234111,5.202368526541277,5618000.0,
0.84375,0.9475988109720409,2.09375,1.9042302378055915,76190.0000023417,5.132460319321123,5619000.0,
0.84375,1.057916284488189,2.3375,2.125916743102362,76200.00000234228,5.263700781760044,5620000.0,
0.8229166666666666,1.1314612668322876,2.5,2.273707746633542,76210.00000234286,5.486836476298726,5621000.0,
0.8125,1.0833741629919154,2.3937500000000003,2.177075167401617,76220.00000234344,5.498509226396487,5622000.0,
0.8541666666666666,1.1342899199993683,2.5062499999999996,2.279392016000126,76230.00000234402,5.290385760141997,5623000.0,
0.7916666666666666,0.9871999553111711,2.18125,1.9838100089377655,76240.0000023446,5.522776259494463,5624000.0,
0.8645833333333334,1.0579162844881889,2.3375,2.125916743102362,76250.00000234519,5.139274256898496,5625000.0,
0.8541666666666666,0.9023403602987495,1.9937499999999997,1.81328192794025,76260.00000234577,5.02029847073648,5626000.0,
0.8333333333333334,1.1569191453360141,2.5562499999999995,2.324866170932797,76270.00000234635,5.451800474549638,5627000.0,
0.8333333333333334,1.0126578338148973,2.2375,2.03496843323702,76280.00000234693,5.279186900724326,5628000.0,
0.8333333333333334,1.0635735908223503,2.35,2.13728528183553,76290.00000234751,5.3407858091333,5629000.0,
0.8020833333333334,1.097517428827319,2.4249999999999994,2.205496514234536,76300.0000023481,5.591707443884978,5630000.0,
0.8958333333333334,1.2021775960093055,2.6562499999999996,2.4158144807981388,76310.00000234868,5.123823828239725,5631000.0,
0.84375,1.1540904921689334,2.5499999999999994,2.319181901566213,76320.00000234926,5.383610953826456,5632000.0,
0.8020833333333334,0.9985145679794938,2.20625,2.006547086404101,76330.00000234984,5.469833747243625,5633000.0,
0.875,1.25875065935092,2.78125,2.529499868129816,76340.00000235043,5.311903134635933,5634000.0,
0.84375,0.9391128514707988,2.0749999999999997,1.8871774297058401,76350.00000235101,5.130304120406531,5635000.0,
0.8645833333333334,1.0607449376552698,2.34375,2.131601012468946,76360.00000235159,5.147847156947477,5636000.0,
0.875,1.332295641695019,2.94375,2.6772908716609956,76370.00000235217,5.397383114457843,5637000.0,
0.8854166666666666,1.0098291806478168,2.2312499999999997,2.0292841638704364,76380.00000235275,4.9701576629874085,5638000.0,
0.875,1.2361214340142743,2.7312500000000006,2.4840257131971453,76390.00000235334,5.288422115203714,5639000.0,
0.8541666666666666,1.3624386714901744,2.24375,1.971262265701965,76400.00000235392,5.15959149709773,5640000.0,
0.8958333333333334,1.328282827358109,2.1875,1.921843434528378,76410.0000023545,5.269243621373544,5641000.0,
0.8854166666666666,1.3662337652826262,2.25,1.9767532469434748,76420.00000235508,5.374567546810361,5642000.0,
0.8229166666666666,1.3852092342448852,2.28125,2.004208153151023,76430.00000235566,5.8063276772058225,5643000.0,
0.78125,1.0588311680940354,1.7437499999999997,1.5319837663811928,76440.00000235625,5.698767895317076,5644000.0,
0.78125,1.2258152949619119,2.01875,1.7735869410076177,76450.00000235683,5.913040911041323,5645000.0,
0.78125,1.0436507929242282,1.71875,1.5100198414151542,76460.00000235741,5.680403681766451,5646000.0,
0.8125,1.1840692632449428,1.95,1.713186147351011,76470.00000235799,5.635262170298394,5647000.0,
0.8541666666666666,1.2409956701317189,2.0437499999999997,1.795550865973656,76480.00000235857,5.427504687126922,5648000.0,
0.8020833333333334,1.2941269832260431,2.13125,1.8724246033547913,76490.00000235916,5.846701174045001,5649000.0,
0.8541666666666666,1.2334054825468155,2.03125,1.784568903490637,76500.00000235974,5.419594223612946,5650000.0,
0.8125,1.2751515142637844,2.1,1.8449696971472431,76510.00000236032,5.7494146843729865,5651000.0,
0.8229166666666666,1.1992496384147497,1.9749999999999999,1.7351500723170499,76520.0000023609,5.584908421513771,5652000.0,
0.7291666666666666,1.0322655115468733,1.7,1.4935468976906254,76530.00000236148,6.074532701718201,5653000.0,
0.78125,1.3510533901128194,2.2249999999999996,1.954789321977436,76540.00000236207,6.078145672834764,5654000.0,
0.71875,1.009494948792163,1.6624999999999999,1.4606010102415674,76550.00000236265,6.132048044867051,5655000.0,
0.8541666666666666,1.282741701848688,2.1125000000000003,1.8559516596302625,76560.00000236323,5.48028052913726,5656000.0,
0.8020833333333334,1.2599711390939776,2.0749999999999997,1.8230057721812045,76570.00000236381,5.808273108633836,5657000.0,
0.8333333333333334,1.1992496384147497,1.9749999999999999,1.7351500723170499,76580.0000023644,5.518097066245023,5658000.0,
0.8020833333333334,1.2144300135845565,2.0,1.7571139972830885,76590.00000236498,5.75253352358319,5659000.0,
0.8333333333333334,1.3055122646033983,2.15,1.8888975470793206,76600.00000236556,5.64661221767146,5660000.0,
0.8125,1.2903318894335916,2.125,1.8669336221132815,76610.00000236614,5.773226428172022,5661000.0,
0.7604166666666666,1.1119624811883597,1.83125,1.608857503762328,76620.00000236672,5.934632852135311,5662000.0,
0.8020833333333334,1.2637662328864292,2.08125,1.828496753422714,76630.0000023673,5.816121537258374,5663000.0,
0.84375,1.2751515142637846,2.1,1.8449696971472431,76640.00000236789,5.542893152853373,5664000.0,
0.8854166666666666,1.4383405473392095,2.36875,2.081081890532158,76650.00000236847,5.4668293241925445,5665000.0,
0.8541666666666666,1.1726839818675876,1.9312499999999997,1.6967132036264825,76660.00000236905,5.356310515501133,5666000.0,
0.8020833333333334,1.1575036066977806,1.9062499999999998,1.6747492786604437,76670.00000236963,5.685716185127193,5667000.0,
0.8020833333333334,1.3320779211505607,2.19375,1.927334415769888,76680.00000237022,5.903886758990429,5668000.0,
0.7708333333333334,1.22202020116946,2.0124999999999997,1.768095959766108,76690.0000023708,6.000996477352428,5669000.0,
0.84375,1.1726839818675876,1.9312499999999997,1.6967132036264825,76700.00000237138,5.424413114458052,5670000.0,
0.84375,1.2372005763392673,2.0375,1.7900598847321465,76710.00000237196,5.501371053585009,5671000.0,
0.9166666666666666,1.2030447322072015,1.98125,1.7406410535585595,76720.00000237254,5.026955617087611,5672000.0,
0.8020833333333334,1.2789466080562364,2.1062499999999997,1.850460678388753,76730.00000237313,5.8402425244833704,5673000.0,
0.8229166666666666,1.3662337652826262,2.25,1.9767532469434748,76740.00000237371,5.798965082012092,5674000.0,
0.8020833333333334,1.2637662328864294,2.0812500000000003,1.828496753422714,76750.00000237429,5.822355303492502,5675000.0,
0.875,1.339668108735464,2.20625,1.9383163782529074,76760.00000237487,5.424380219648005,5676000.0,
0.8229166666666666,1.0891919184336494,1.7937500000000002,1.57591161631327,76770.00000237545,5.463825622550132,5677000.0,
0.78125,1.252380951509074,2.0625,1.812023809698185,76780.00000237604,5.964644951422715,5678000.0,
0.84375,1.3548484839052712,2.2312499999999997,1.9602803032189458,76790.00000237662,5.644756227984455,5679000.0,
0.8541666666666666,1.2751515142637846,2.1,1.844969697147243,76800.0000023772,5.483101772940981,5680000.0,
0.875,1.036060605339325,1.7062499999999998,1.4990378789321348,76810.00000237778,5.079781168147794,5681000.0,
0.8645833333333334,1.3814141404524332,2.275,1.9987171719095134,76820.00000237837,5.540910331268377,5682000.0,
0.8229166666666666,1.2979220770184952,2.1374999999999997,1.877915584596301,76830.00000237895,5.720510372223034,5683000.0,
0.8541666666666666,1.195454544622298,1.96875,1.7296590910755405,76840.00000237953,5.391749223116914,5684000.0,
0.8229166666666666,1.1612987004902324,1.9124999999999999,1.6802402599019535,76850.00000238011,5.555499686821658,5685000.0,
0.84375,1.2258152949619119,2.0187500000000003,1.7735869410076175,76860.0000023807,5.495284794175243,5686000.0,
0.8645833333333334,1.3965945156222401,2.3000000000000003,2.020681096875552,76870.00000238128,5.560877994115524,5687000.0,
0.8541666666666666,1.2751515142637844,2.1,1.8449696971472431,76880.00000238186,5.487004211965599,5688000.0,
0.84375,1.2751515142637844,2.0999999999999996,1.8449696971472431,76890.00000238244,5.555238831866436,5689000.0,
0.8645833333333334,1.2258152949619119,2.0187500000000003,1.7735869410076175,76900.00000238302,5.364796003954265,5690000.0,
0.8125,1.3472582963203674,2.21875,1.9492983407359266,76910.0000023836,5.858674313572026,5691000.0,
0.8229166666666666,1.3434632025279158,2.2125,1.9438073594944167,76920.00000238419,5.780408448791709,5692000.0,
0.8125,1.2637662328864294,2.0812500000000003,1.828496753422714,76930.00000238477,5.756940491909803,5693000.0,
0.7916666666666666,1.2144300135845567,2.0,1.7571139972830885,76940.00000238535,5.846645806789304,5694000.0,
0.90625,1.282741701848688,2.1125000000000003,1.8559516596302625,76950.00000238593,5.183252912521219,5695000.0,
0.8125,1.1423232315279739,1.8812499999999999,1.652785353694405,76960.00000238651,5.6090106440841,5696000.0,
0.78125,1.1764790756600394,1.9375,1.7022041848679923,76970.0000023871,5.877623883669873,5697000.0,
0.8333333333333334,1.4345454535467574,2.3625,2.0755909092906486,76980.00000238768,5.820452044404597,5698000.0,
0.7916666666666666,0.9905194798299041,1.6312500000000003,1.4331461040340188,76990.00000238826,5.566443027309896,5699000.0,
0.8020833333333334,0.8683965222937808,1.9187500000000002,1.7450706955412436,77000.00000238884,5.7123221332859915,5700000.0,
0.8645833333333334,1.0211437933161396,2.25625,2.0520212413367718,77010.00000238942,5.133368724942595,5701000.0,
0.7604166666666666,0.9645707299745253,2.13125,1.9383358540050946,77020.00000239,5.762720412184147,5702000.0,
0.8020833333333334,1.0126578338148977,2.2375000000000003,2.03496843323702,77030.00000239059,5.5238305462093615,5703000.0,
0.8541666666666666,1.0239724464832205,2.2624999999999997,2.057705510703356,77040.00000239117,5.200745791149783,5704000.0,
0.8125,1.1512618390018527,2.5437499999999997,2.3134976321996295,77050.00000239175,5.624627391744529,5705000.0,
0.8645833333333334,0.9985145679794938,2.20625,2.006547086404101,77060.00000239233,5.1096048016617965,5706000.0,
0.7604166666666666,0.9900286084782518,2.1875,1.9894942783043497,77070.00000239292,5.7989389921344126,5707000.0,
0.8541666666666666,1.1456045326676914,2.53125,2.3021290934664616,77080.0000023935,5.345095550585374,5708000.0,
0.8020833333333334,1.0126578338148975,2.2375000000000003,2.0349684332370206,77090.00000239408,5.526947429326426,5709000.0,
0.875,1.0720595503235926,2.36875,2.1543380899352815,77100.00000239466,5.134732343368713,5710000.0,
0.71875,0.8910257476304265,1.9687499999999998,1.7905448504739148,77110.00000239525,5.9996850983250765,5711000.0,
0.8229166666666666,1.0324584059844626,2.28125,2.074758318803107,77120.00000239583,5.412605151726836,5712000.0,
0.8125,1.0324584059844624,2.2812499999999996,2.074758318803107,77130.00000239641,5.482510345979774,5713000.0,
0.8333333333333334,1.0720595503235926,2.36875,2.1543380899352815,77140.00000239699,5.393468960537264,5714000.0,
0.8541666666666666,1.1625764516701755,2.5687499999999996,2.336234709665965,77150.00000239757,5.3683797484421385,5715000.0,
0.8645833333333334,1.2050062491763864,2.6625,2.4214987501647225,77160.00000239816,5.353257830516314,5716000.0,
0.8541666666666666,1.0211437933161396,2.2562499999999996,2.052021241336772,77170.00000239874,5.203775660613081,5717000.0,
0.8541666666666666,1.1003460819943998,2.43125,2.21118078360112,77180.00000239932,5.296988096138878,5718000.0,
0.875,1.0805455098248349,2.3874999999999997,2.171390898035033,77190.0000023999,5.148716297084668,5719000.0,
0.84375,1.1569191453360144,2.55625,2.324866170932797,77200.00000240048,5.430420221780094,5720000.0,
0.8541666666666666,1.0579162844881889,2.3375,2.125916743102362,77210.00000240107,5.248777601497546,5721000.0,
0.875,1.1597477985030948,2.5625,2.330550440299381,77220.00000240165,5.240661769859905,5722000.0,
0.875,1.1060033883285612,2.44375,2.2225493223342876,77230.00000240223,5.1797157772795135,5723000.0,
0.8333333333333334,0.9306268919695565,2.05625,1.8701246216060887,77240.00000240281,5.228749770512712,5724000.0,
0.8020833333333334,0.9702280363086867,2.1437499999999994,1.9497043927382627,77250.0000024034,5.482359629838647,5725000.0,
0.8333333333333334,1.038115712318624,2.2937499999999997,2.086126857536275,77260.00000240398,5.358736354931651,5726000.0,
0.8333333333333334,0.8655678691266999,1.9124999999999999,1.7393864261746599,77270.00000240456,5.152178943101371,5727000.0,
0.84375,1.1201466541639649,2.4749999999999996,2.2509706691672067,77280.00000240514,5.390788627304808,5728000.0,
0.8854166666666666,1.128632613665207,2.49375,2.2680234772669583,77290.00000240572,5.1471591873389535,5729000.0,
0.8333333333333334,1.046601671819866,2.3125,2.1031796656360267,77300.0000024063,5.370919506333259,5730000.0,
0.8333333333333334,1.1682337580043372,2.5812499999999994,2.3476032483991323,77310.00000240689,5.517378009754653,5731000.0,
0.78125,0.9928572616453324,2.19375,1.9951785476709334,77320.00000240747,5.661254628398801,5732000.0,
0.8541666666666666,1.0296297528173817,2.275,2.0690740494365234,77330.00000240805,5.221515320517429,5733000.0,
0.8541666666666666,1.0550876313211082,2.33125,2.1202324737357783,77340.00000240863,5.251807470960844,5734000.0,
0.875,1.0098291806478168,2.2312499999999997,2.0292841638704364,77350.00000240922,5.075516682787567,5735000.0,
0.8333333333333334,1.0607449376552698,2.34375,2.1316010124689457,77360.0000024098,5.3908914253359175,5736000.0,
0.8645833333333334,1.0833741629919154,2.39375,2.177075167401617,77370.00000241038,5.222695417580647,5737000.0,
0.875,1.1031747351614805,2.4375,2.2168650529677034,77380.00000241096,5.183625887946123,5738000.0,
0.8125,1.128632613665207,2.49375,2.2680234772669583,77390.00000241154,5.614211934920953,5739000.0,
0.8958333333333334,1.2898658441888078,2.8499999999999996,2.592026831162238,77400.00000241213,5.272406058768632,5740000.0,
0.8541666666666666,1.1003460819943998,2.43125,2.21118078360112,77410.00000241271,5.308207608334652,5741000.0,
0.8541666666666666,1.1682337580043367,2.58125,2.3476032483991323,77420.00000241329,5.388173668053631,5742000.0,
0.875,1.2587506593509203,2.7812499999999996,2.529499868129816,77430.00000241387,5.363807896543716,5743000.0,
0.875,1.2163208618447092,2.6875,2.4442358276310583,77440.00000241445,5.315792889869978,5744000.0,
0.875,1.1597477985030948,2.5625,2.330550440299381,77450.00000241504,5.251614150812923,5745000.0,
0.84375,1.1031747351614805,2.4375,2.216865052967704,77460.00000241562,5.3795626492283075,5746000.0,
0.84375,0.995685914812413,2.1999999999999997,2.000862817037517,77470.0000024162,5.252662318938084,5747000.0,
0.84375,0.9900286084782518,2.1875,1.9894942783043497,77480.00000241678,5.246451190443303,5748000.0,
0.8854166666666666,1.0013432211465747,2.2125,2.0122313557706852,77490.00000241736,5.012808814612576,5749000.0,
0.8125,0.9079976666329109,2.00625,1.8246504666734176,77500.00000241795,5.348302256522558,5750000.0,
0.7708333333333334,0.9928572616453325,2.19375,1.9951785476709334,77510.00000241853,5.7480283395939775,5751000.0,
0.8958333333333334,1.0720595503235926,2.36875,2.154338089935281,77520.00000241911,5.034854847012438,5752000.0,
0.8020833333333334,0.9617420768074446,2.125,1.932651584638511,77530.00000241969,5.486325186824958,5753000.0,
0.8333333333333334,0.94477015780496,2.0875,1.8985459684390078,77540.00000242027,5.26072168951607,5754000.0,
0.8333333333333334,1.1654051048372562,2.5749999999999997,2.3419189790325485,77550.00000242086,5.525983625954854,5755000.0,
0.8645833333333334,1.1371185731664493,2.5124999999999997,2.28507628536671,77560.00000242144,5.294014253445701,5756000.0,
0.84375,0.978713995809929,2.1625,1.966757200838014,77570.00000242202,5.237485723577402,5757000.0,
0.8333333333333334,0.9447701578049602,2.0875,1.8985459684390076,77580.0000024226,5.262721689516186,5758000.0,
0.90625,1.1144893478298032,2.4625,2.2396021304340388,77590.00000242318,5.027020429927381,5759000.0,
0.8645833333333334,1.4649062038863718,2.4124999999999996,2.1195187592227254,77600.00000242377,5.243594840618873,5760000.0,
0.8541666666666666,1.252380951509074,2.0625,1.812023809698185,77610.00000242435,5.49595574825484,5761000.0,
0.8333333333333334,1.2144300135845567,2.0,1.7571139972830885,77620.00000242493,5.588313516451819,5762000.0,
0.875,1.22202020116946,2.0124999999999997,1.768095959766108,77630.00000242551,5.3313540395749826,5763000.0,
0.875,1.2979220770184952,2.1374999999999997,1.877915584596301,77640.0000024261,5.418575231021526,5764000.0,
0.7708333333333334,1.1043722936034561,1.8187499999999999,1.5978755412793089,77650.00000242668,5.900264056729281,5765000.0,
0.875,1.2941269832260431,2.13125,1.8724246033547913,77660.00000242726,5.415190361925447,5766000.0,
0.8645833333333334,1.2182251073770087,2.00625,1.762604978524598,77670.00000242784,5.39312542554497,5767000.0,
0.8020833333333334,1.1575036066977806,1.90625,1.6747492786604437,77680.00000242842,5.738183717597779,5768000.0,
0.8125,1.3776190466599816,2.2687500000000003,1.9932261906680038,77690.000002429,5.936041390915418,5769000.0,
0.7916666666666666,1.1840692632449425,1.95,1.713186147351011,77700.00000242959,5.848295385310015,5770000.0,
0.8541666666666666,1.30930735839585,2.15625,1.89438852832083,77710.00000243017,5.567479346561592,5771000.0,
0.7708333333333334,1.271356420471333,2.09375,1.8394787159057335,77720.00000243075,6.12067589699053,5772000.0,
0.8333333333333334,1.3358730149430127,2.1999999999999997,1.9328253970113973,77730.00000243133,5.739545118082286,5773000.0,
0.84375,1.2409956701317189,2.0437499999999997,1.795550865973656,77740.00000243192,5.5567331400580375,5774000.0,
0.9166666666666666,1.487676766641082,2.4499999999999997,2.1524646466717834,77750.0000024325,5.384281472836388,5775000.0,
0.8229166666666666,1.210634919792105,1.9937499999999997,1.751623016041579,77760.00000243308,5.661528510279782,5776000.0,
0.8333333333333334,1.1916594508298461,1.9624999999999997,1.7241681098340307,77770.00000243366,5.568488841146602,5777000.0,
0.8333333333333334,1.237200576339267,2.0374999999999996,1.7900598847321465,77780.00000243424,5.623638191757936,5778000.0,
0.7916666666666666,1.2030447322072015,1.98125,1.7406410535585595,77790.00000243483,5.877001240841566,5779000.0,
0.84375,1.1309379501506183,1.8625,1.6363124099698763,77800.00000243541,5.429257323784312,5780000.0,
0.8541666666666666,1.4307503597543059,2.3562499999999997,2.070099928049139,77810.00000243599,5.714534567664459,5781000.0,
0.90625,1.2941269832260434,2.1312499999999996,1.8724246033547913,77820.00000243657,5.235815981629594,5782000.0,
0.8333333333333334,1.1878643570373946,1.95625,1.718677128592521,77830.00000243715,5.566934728595834,5783000.0,
0.8645833333333334,1.1802741694524912,1.9437499999999999,1.7076951661095017,77840.00000243774,5.357423135897812,5784000.0,
0.8541666666666666,1.2637662328864292,2.0812500000000003,1.8284967534227141,77850.00000243832,5.5209921752338875,5785000.0,
0.8541666666666666,1.1916594508298461,1.9624999999999997,1.7241681098340305,77860.0000024389,5.43706228404572,5786000.0,
0.8645833333333334,1.180274169452491,1.9437499999999999,1.7076951661095017,77870.00000243948,5.358868919030425,5787000.0,
0.8333333333333334,1.0246753239619697,1.6875,1.4825649352076062,77880.00000244007,5.373607888905471,5788000.0,
0.7916666666666666,1.0891919184336494,1.7937500000000002,1.5759116163132703,77890.00000244065,5.738450318180543,5789000.0,
0.8333333333333334,1.180274169452491,1.9437499999999999,1.7076951661095017,77900.00000244123,5.561326503494155,5790000.0,
0.9270833333333334,1.3282828273581089,2.1874999999999996,1.921843434528378,77910.00000244181,5.1590443981851015,5791000.0,
0.8125,1.252380951509074,2.0625,1.812023809698185,77920.0000024424,5.79369706867909,5792000.0,
0.7916666666666666,1.2030447322072015,1.98125,1.7406410535585597,77930.00000244298,5.884369661894626,5793000.0,
0.8958333333333334,1.4193650783769505,2.3375,2.0536269843246098,77940.00000244356,5.4420796225149966,5794000.0,
0.84375,1.3472582963203674,2.21875,1.9492983407359261,77950.00000244414,5.693044400726668,5795000.0,
0.8958333333333334,1.2751515142637846,2.1,1.8449696971472431,77960.00000244472,5.282027271877099,5796000.0,
0.7708333333333334,0.903232322603514,1.4874999999999998,1.306853535479297,77970.0000024453,5.656623013270903,5797000.0,
0.8333333333333334,1.1119624811883597,1.83125,1.608857503762328,77980.00000244589,5.48335247757743,5798000.0,
0.7916666666666666,1.092987012226101,1.8,1.5814025975547796,77990.00000244647,5.748507278760787,5799000.0,
0.8645833333333334,1.252380951509074,2.0625,1.812023809698185,78000.00000244705,5.448534594662502,5800000.0,
0.8229166666666666,1.4041847032071437,2.3125,2.0316630593585714,78010.00000244763,5.909386474936768,5801000.0,
0.8333333333333334,1.2106349197921051,1.9937499999999997,1.751623016041579,78020.00000244821,5.603759403902041,5802000.0,
0.8020833333333334,1.2561760453015258,2.06875,1.8175147909396951,78030.0000024488,5.879385718974935,5803000.0,
0.78125,1.1423232315279737,1.8812499999999999,1.652785353694405,78040.00000244938,5.890971069850818,5804000.0,
0.8125,1.3852092342448845,2.28125,2.0042081531510227,78050.00000244996,5.963844698713296,5805000.0,
0.8854166666666666,1.4535209225090162,2.3937500000000003,2.103045815498197,78060.00000245054,5.550327159682307,5806000.0,
0.8854166666666666,1.3662337652826262,2.25,1.9767532469434748,78070.00000245112,5.45221460563841,5807000.0,
0.8229166666666666,1.282741701848688,2.1125000000000003,1.8559516596302625,78080.0000024517,5.765354473286192,5808000.0,
0.8229166666666666,1.2599711390939776,2.0749999999999997,1.8230057721812045,78090.00000245229,5.738190245128599,5809000.0,
0.875,1.5597835486976652,2.56875,2.256793290260467,78100.00000245287,5.739750246275186,5810000.0,
0.8020833333333334,1.1575036066977806,1.90625,1.6747492786604437,78110.00000245345,5.760521379936741,5811000.0,
0.8229166666666666,1.2713564204713328,2.09375,1.8394787159057335,78120.00000245403,5.753544511106233,5812000.0,
0.8333333333333334,1.339668108735464,2.20625,1.9383163782529074,78130.00000245462,5.7640992306343914,5813000.0,
0.78125,1.13473304394307,1.8687499999999997,1.6418033912113856,78140.0000024552,5.886588963075784,5814000.0,
0.8020833333333334,1.1726839818675876,1.9312499999999997,1.6967132036264825,78150.00000245578,5.781525484044673,5815000.0,
0.8958333333333334,1.2372005763392673,2.0375,1.7900598847321465,78160.00000245636,5.248965759775854,5816000.0,
0.8645833333333334,1.2903318894335916,2.125,1.866933622113282,78170.00000245695,5.500622426479288,5817000.0,
0.8020833333333334,1.077806637056294,1.7750000000000001,1.559438672588741,78180.00000245753,5.664795287916398,5818000.0,
0.8333333333333334,1.252380951509074,2.0625,1.812023809698185,78190.00000245811,5.6623546419628985,5819000.0,
0.8645833333333334,0.8938544007975073,1.9749999999999999,1.7962291198404985,78200.00000245869,5.396720063855169,5820000.0,
0.84375,1.1173180009968842,2.46875,2.2452863998006234,78210.00000245927,5.433362075405756,5821000.0,
0.8125,1.0268010996503012,2.2687500000000003,2.0633897800699397,78220.00000245986,5.531444943315342,5822000.0,
0.8541666666666666,1.1286326136652072,2.49375,2.2680234772669583,78230.00000246044,5.381323547854024,5823000.0,
0.8958333333333334,1.326638335360857,2.93125,2.665922332927828,78240.00000246102,5.352524188451333,5824000.0,
0.84375,1.038115712318624,2.2937499999999997,2.086126857536275,78250.0000024616,5.3414680048736125,5825000.0,
0.8333333333333334,0.9673993831416059,2.1374999999999997,1.9440201233716785,78260.00000246218,5.32387675992214,5826000.0,
0.8125,1.227635474513032,2.7125,2.466972905097393,78270.00000246277,5.781189814941416,5827000.0,
0.8333333333333334,0.8966830539645881,1.98125,1.8019133892070824,78280.00000246335,5.240017164909777,5828000.0,
0.8541666666666666,1.2021775960093055,2.65625,2.4158144807981388,78290.00000246393,5.4703518198667975,5829000.0,
0.7916666666666666,1.0268010996503012,2.26875,2.0633897800699397,78300.00000246451,5.681219810244938,5830000.0,
0.8020833333333334,1.0522589781540275,2.3249999999999997,2.1145482043691946,78310.0000024651,5.639696907986693,5831000.0,
0.8645833333333334,1.0098291806478168,2.2312499999999997,2.0292841638704364,78320.00000246568,5.183414474149173,5832000.0,
0.90625,1.0692308971565119,2.3625000000000003,2.1486538205686974,78330.00000246626,5.011103059071477,5833000.0,
0.9166666666666666,1.1540904921689334,2.5499999999999994,2.3191819015662127,78340.00000246684,5.047187355231969,5834000.0,
0.84375,1.128632613665207,2.49375,2.2680234772669583,78350.00000246742,5.453685566963678,5835000.0,
0.8645833333333334,1.1456045326676911,2.53125,2.3021290934664616,78360.000002468,5.342383556003599,5836000.0,
0.8958333333333334,1.1031747351614805,2.4374999999999996,2.216865052967704,78370.00000246859,5.109122960322148,5837000.0,
0.8958333333333334,1.1767197175055792,2.5999999999999996,2.364656056498884,78380.00000246917,5.191684801078379,5838000.0,
0.8229166666666666,1.046601671819866,2.3125,2.1031796656360267,78390.00000246975,5.494095702619171,5839000.0,
0.84375,1.0437730186527854,2.30625,2.097495396269443,78400.00000247033,5.355580367936753,5840000.0,
0.8645833333333334,1.1088320414956419,2.4499999999999997,2.2282335917008713,78410.00000247092,5.302261156575827,5841000.0,
0.84375,1.0748882034906733,2.375,2.160022359301865,78420.0000024715,5.393445278361962,5842000.0,
0.8229166666666666,1.0409443654857047,2.3000000000000003,2.091811126902859,78430.00000247208,5.48924631770689,5843000.0,
0.8645833333333334,1.1201466541639646,2.4749999999999996,2.250970669167207,78440.00000247266,5.316793720626019,5844000.0,
0.8229166666666666,1.2106635555105478,2.6749999999999994,2.4328672888978904,78450.00000247324,5.6965000169776445,5845000.0,
0.8645833333333334,1.0381157123186242,2.2937499999999997,2.086126857536275,78460.00000247383,5.22287841439532,5846000.0,
0.8854166666666666,1.2813798846875655,2.8312499999999994,2.5749740230624862,78470.00000247441,5.375203164026262,5847000.0,
0.84375,1.0154864869819782,2.24375,2.040652702603604,78480.00000247499,5.326006206944422,5848000.0,
0.8333333333333334,1.0550876313211084,2.3312500000000003,2.1202324737357783,78490.00000247557,5.4406026577382125,5849000.0,
0.8541666666666666,1.0296297528173817,2.275,2.0690740494365234,78500.00000247615,5.278588491252458,5850000.0,
0.8541666666666666,1.1144893478298032,2.4625,2.239602130434039,78510.00000247674,5.378424114681662,5851000.0,
0.84375,1.0777168566577542,2.38125,2.165706628668449,78520.00000247732,5.401736027794839,5852000.0,
0.8854166666666666,1.1314612668322876,2.4999999999999996,2.2737077466335425,78530.0000024779,5.208706842683994,5853000.0,
0.8958333333333334,1.0409443654857047,2.3,2.0918111269028588,78540.00000247848,5.047563477893836,5854000.0,
0.8020833333333334,0.9334555451366372,2.0625,1.8758088909726724,78550.00000247906,5.5040458746150875,5855000.0,
0.8229166666666666,1.190862983340983,2.63125,2.3930774033318034,78560.00000247965,5.678008182442801,5856000.0,
0.9166666666666666,1.0352870591515433,2.2875,2.0804425881696913,78570.00000248023,4.928038155577243,5857000.0,
0.7708333333333334,0.9391128514707988,2.0749999999999997,1.8871774297058401,78580.00000248081,5.736143699370922,5858000.0,
0.8645833333333334,1.2502646998496778,2.7624999999999997,2.512447060030064,78590.00000248139,5.4745206168412395,5859000.0,
0.84375,0.9136549729670721,2.01875,1.8360190054065855,78600.00000248197,5.211242931075249,5860000.0,
0.8020833333333334,0.8995117071316686,1.9874999999999998,1.8075976585736662,78610.00000248256,5.464843167492192,5861000.0,
0.8645833333333334,1.1936916365080636,2.6374999999999997,2.3987616726983867,78620.00000248314,5.410532495385963,5862000.0,
0.7916666666666666,1.0013432211465745,2.2125,2.012231355770685,78630.00000248372,5.666430911083347,5863000.0,
0.8854166666666666,1.0890314693260768,2.40625,2.1884437061347843,78640.0000024843,5.165962600794928,5864000.0,
0.7916666666666666,1.046601671819866,2.3124999999999996,2.1031796656360267,78650.00000248489,5.724652111933882,5865000.0,
0.8645833333333334,1.0183151401490589,2.25,2.046336971970188,78660.00000248547,5.209615102006986,5866000.0,
0.8762886597938144,1.147791635631929,2.536082474226804,2.306524147100418,78670.00000248605,5.24724221963023,5867000.0,
0.845360824742268,1.019015013097615,2.251546391752577,2.0477433891330543,78680.00000248663,5.287368979057847,5868000.0,
0.865979381443299,1.0358119638629604,2.288659793814433,2.0814974010418408,78690.00000248721,5.181351910797432,5869000.0,
0.8556701030927835,1.047009931039857,2.31340206185567,2.1040000756476984,78700.0000024878,5.257346546061996,5870000.0,
0.7731958762886598,1.0050175541264939,2.220618556701031,2.0196150458757316,78710.00000248838,5.764353370167356,5871000.0,
0.865979381443299,1.3717509791698665,3.0309278350515463,2.7565776392175727,78720.00000248896,5.570710059425729,5872000.0,
0.8041237113402062,0.9630251772131306,2.1278350515463917,1.9352300161037652,78730.00000248954,5.491451823102054,5873000.0,
0.845360824742268,0.9798221279784758,2.1649484536082473,1.9689840280125521,78740.00000249012,5.243933493002451,5874000.0,
0.8041237113402062,0.9378297510651123,2.0721649484536084,1.8845989982405855,78750.0000024907,5.461144690584706,5875000.0,
0.7835051546391752,1.1281951930723595,2.4927835051546388,2.267144466540167,78760.00000249129,5.848351759740952,5876000.0,
0.8041237113402062,0.9770226361842517,2.158762886597938,1.9633583593610873,78770.00000249187,5.510910201566259,5877000.0,
0.845360824742268,1.0890023079532203,2.406185567010309,2.1883851054196652,78780.00000249245,5.375036876631224,5878000.0,
0.8247422680412371,1.0358119638629601,2.288659793814433,2.0814974010418408,78790.00000249303,5.445419506337595,5879000.0,
0.8041237113402062,1.2131780238798306,1.9979381443298967,1.7553025395539308,78800.00000249362,5.421931761758227,5880000.0,
0.865979381443299,1.2995653135059484,2.1402061855670103,1.8802931228658208,78810.0000024942,5.49163851693312,5881000.0,
0.865979381443299,1.3183451590768436,2.171134020618557,1.907464988803188,78820.00000249478,5.513800957651919,5882000.0,
0.7628865979381443,1.171862363623861,1.9298969072164944,1.6955244344917226,78830.00000249536,6.067438503835463,5883000.0,
0.7835051546391752,1.168106394509682,1.9237113402061856,1.690090061304249,78840.00000249594,5.903501582628306,5884000.0,
0.8247422680412371,1.2169339929940093,2.004123711340206,1.760736912741404,78850.00000249653,5.668029966659167,5885000.0,
0.7628865979381443,1.1267907342537125,1.8556701030927836,1.6303119562420412,78860.00000249711,6.0099797464179305,5886000.0,
0.8762886597938144,1.4422921398447521,2.375257731958763,2.0867993039898125,78870.00000249769,5.592731030320707,5887000.0,
0.9175257731958762,1.280785467935053,2.109278350515464,1.8531212569284532,78880.00000249827,5.165797644966534,5888000.0,
0.7835051546391752,1.2282019003365463,2.022680412371134,1.7770400323038245,78890.00000249885,5.982834004539062,5889000.0,
0.8247422680412371,1.077963135769385,1.7752577319587628,1.5596651048048857,78900.00000249944,5.502027802274455,5890000.0,
0.8144329896907216,1.17561833273804,1.9360824742268044,1.7009588076791962,78910.00000250002,5.692085801112889,5891000.0,
0.8350515463917526,1.2469817459074417,2.05360824742268,1.8042118982411919,78920.0000025006,5.63749418969571,5892000.0,
0.8350515463917526,1.2169339929940093,2.004123711340206,1.7607369127414045,78930.00000250118,5.602004905342617,5893000.0,
0.7628865979381443,1.2169339929940095,2.004123711340206,1.7607369127414045,78940.00000250177,6.1324648288210035,5894000.0,
0.845360824742268,1.3183451590768434,2.1711340206185565,1.9074649888031878,78950.00000250235,5.654625371253554,5895000.0,
0.7938144329896907,1.1493265489387865,1.8927835051546391,1.662918195366882,78960.00000250293,5.809408769602627,5896000.0,
0.8144329896907216,1.3784406649037082,2.270103092783505,1.9944149598027634,78970.00000250351,5.944158791240532,5897000.0,
0.845360824742268,1.3070772517343066,2.1525773195876288,1.8911618692407677,78980.0000025041,5.642759675982591,5898000.0,
0.8041237113402062,1.258249653249979,2.072164948453608,1.8205150178036125,78990.00000250468,5.871923286892243,5899000.0,
0.8865979381443299,1.2995653135059484,2.1402061855670103,1.8802931228658206,79000.00000250526,5.372763202586353,5900000.0,
0.8350515463917526,1.2995653135059484,2.14020618556701,1.8802931228658206,79010.00000250584,5.7049090792892425,5901000.0,
0.8144329896907216,1.2244459312223674,2.0164948453608247,1.7716056591163514,79020.00000250642,5.757608295454729,5902000.0,
0.8247422680412371,1.265761591478337,2.0845360824742265,1.8313837641785593,79030.000002507,5.736233429821938,5903000.0,
0.8350515463917526,1.2319578694507256,2.028865979381443,1.7824744054912982,79040.00000250759,5.625428559865174,5904000.0,
0.8041237113402062,1.1493265489387867,1.8927835051546391,1.6629181953668817,79050.00000250817,5.73954455460799,5905000.0,
0.8556701030927835,1.3746846957895291,2.263917525773196,1.98898058661529,79060.00000250875,5.657641150649972,5906000.0,
0.9072164948453608,1.3746846957895291,2.2639175257731954,1.98898058661529,79070.00000250933,5.336638812544885,5907000.0,
0.8556701030927835,1.2394698076790835,2.0412371134020617,1.793343151866245,79080.00000250991,5.500582787436615,5908000.0,
0.8865979381443299,1.5925309044119136,2.6226804123711336,2.3041742314887514,79090.0000025105,5.707387183027046,5909000.0,
0.7835051546391752,1.1418146107104286,1.8804123711340206,1.652049448991935,79100.00000251108,5.883629174359003,5910000.0,
0.8247422680412371,1.2319578694507254,2.028865979381443,1.7824744054912982,79110.00000251166,5.699246416863692,5911000.0,
0.845360824742268,1.4272682633880356,2.350515463917526,2.065061811239919,79120.00000251224,5.791766116597765,5912000.0,
0.8041237113402062,1.2282019003365467,2.0226804123711335,1.7770400323038247,79130.00000251282,5.841735696731085,5913000.0,
0.845360824742268,1.273273529706695,2.096907216494845,1.8422525105535061,79140.0000025134,5.610577224316237,5914000.0,
0.8556701030927835,1.1530825180529656,1.8989690721649484,1.6683525685543552,79150.00000251399,5.40299764172918,5915000.0,
0.865979381443299,1.3521488811044546,2.2268041237113403,1.9563743474904491,79160.00000251457,5.569026684279985,5916000.0,
0.7731958762886598,1.1493265489387867,1.8927835051546391,1.662918195366882,79170.00000251515,5.975526336792683,5917000.0,
0.8350515463917526,1.2282019003365467,2.022680412371134,1.7770400323038247,79180.00000251574,5.627844251173288,5918000.0,
0.8247422680412371,1.1568384871671447,1.9051546391752578,1.673786941741829,79190.00000251632,5.6121641658450825,5919000.0,
0.8247422680412371,1.3934645413604243,2.294845360824742,2.0161524525526575,79200.0000025169,5.899573256554463,5920000.0,
0.8247422680412371,1.168106394509682,1.9237113402061856,1.690090061304249,79210.00000251748,5.626826503497967,5921000.0,
0.8762886597938144,1.3671727575611712,2.2515463917525773,1.9781118402403435,79220.00000251806,5.523477147009814,5922000.0,
0.8865979381443299,1.2582496532499792,2.0721649484536084,1.8205150178036122,79230.00000251865,5.33686065555408,5923000.0,
0.7938144329896907,1.2394698076790835,2.0412371134020617,1.793343151866245,79240.00000251923,5.937511316328264,5924000.0,
0.8350515463917526,1.2094220547656513,1.9917525773195872,1.7498681663664573,79250.00000251981,5.608811596600935,5925000.0,
0.845360824742268,1.258249653249979,2.0721649484536084,1.8205150178036125,79260.00000252039,5.598658736312901,5926000.0,
0.8247422680412371,1.3145891899626643,2.1649484536082473,1.9020306156157145,79270.00000252097,5.807436892984883,5927000.0,
0.865979381443299,1.2995653135059484,2.1402061855670107,1.8802931228658206,79280.00000252156,5.514019469315376,5928000.0,
0.8041237113402062,1.1943981783089352,1.9670103092783504,1.7281306736165634,79290.00000252214,5.807902862927995,5929000.0,
0.865979381443299,1.3709287266753498,2.257731958762886,1.9835462134278166,79300.00000252272,5.59737960118962,5930000.0,
0.8350515463917526,1.2469817459074417,2.05360824742268,1.804211898241192,79310.0000025233,5.656753448956091,5931000.0,
0.8350515463917526,1.2244459312223674,2.0164948453608242,1.7716056591163514,79320.00000252388,5.630259942481401,5932000.0,
0.8041237113402062,1.33336903553356,2.195876288659794,1.929202481553082,79330.00000252447,5.982776877681815,5933000.0,
0.865979381443299,1.1793743018522191,1.9422680412371138,1.70639318086667,79340.00000252505,5.378084610620164,5934000.0,
0.8556701030927835,1.33336903553356,2.195876288659794,1.9292024815530817,79350.00000252563,5.623332487460074,5935000.0,
0.8350515463917526,1.1568384871671449,1.9051546391752576,1.6737869417418287,79360.00000252621,5.551273250217855,5936000.0,
0.8762886597938144,1.3333690355335595,2.1958762886597936,1.929202481553082,79370.0000025268,5.49195995834342,5937000.0,
0.8350515463917526,1.1643504253955026,1.9175257731958764,1.6846556881167756,79380.00000252738,5.561256682417303,5938000.0,
0.8762886597938144,1.2244459312223674,2.0164948453608242,1.7716056591163512,79390.00000252796,5.368600651070704,5939000.0,
0.845360824742268,1.0974007833358932,2.4247422680412374,2.2052621113740583,79400.00000252854,5.858741092804712,5940000.0,
0.845360824742268,1.1449921438377046,2.5298969072164947,2.300898478448954,79410.00000252912,5.472000462984172,5941000.0,
0.9381443298969072,1.083403324364772,2.3938144329896907,2.177133768116736,79420.0000025297,4.86560354369044,5942000.0,
0.845360824742268,0.9742231443900276,2.1525773195876288,1.9577326907096233,79430.00000253029,5.270968841686368,5943000.0,
0.845360824742268,1.0862028161589958,2.3999999999999995,2.1827594367682,79440.00000253087,5.403920404632615,5944000.0,
0.8247422680412371,1.1113982423070141,2.455670103092783,2.2333904546313805,79450.00000253145,5.570067868952931,5945000.0,
0.865979381443299,1.0526089146283055,2.325773195876289,2.1152514129506272,79460.00000253203,5.237415056326215,5946000.0,
0.8762886597938144,1.0106165377149425,2.2329896907216495,2.030866383178661,79470.00000253262,5.12834828436245,5947000.0,
0.8247422680412371,1.069405865393651,2.3628865979381444,2.1490054248594137,79480.0000025332,5.520652111945566,5948000.0,
0.8865979381443299,1.1533906192203773,2.5484536082474225,2.3177754844033474,79490.00000253378,5.230682442753953,5949000.0,
0.8247422680412371,1.0330124720687361,2.2824742268041236,2.075871732390376,79500.00000253436,5.477525122539165,5950000.0,
0.8556701030927835,0.9518272100362337,2.1030927835051543,1.912727341497908,79510.00000253494,5.185145052843165,5951000.0,
0.8144329896907216,1.066606373599427,2.3567010309278347,2.143379756207949,79520.00000253553,5.58912175002044,5952000.0,
0.8556701030927835,1.0302129802745121,2.2762886597938143,2.070246063738912,79530.00000253611,5.277716374687957,5953000.0,
0.8762886597938144,1.0890023079532203,2.406185567010309,2.188385105419665,79540.00000253669,5.221094398634559,5954000.0,
0.8556701030927835,1.0218145048918392,2.257731958762886,2.053369057784519,79550.00000253727,5.268865144421516,5955000.0,
0.845360824742268,1.189784012545292,2.6288659793814433,2.3909091768723845,79560.00000253785,5.532303039382598,5956000.0,
0.845360824742268,1.0358119638629604,2.288659793814433,2.0814974010418408,79570.00000253844,5.350653176916942,5957000.0,
0.7938144329896907,0.9546267018304578,2.109278350515464,1.9183530101493722,79580.00000253902,5.59634532584466,5958000.0,
0.8762886597938144,1.072205357187875,2.3690721649484536,2.154631093510879,79590.0000025396,5.204279054820124,5959000.0,
0.7938144329896907,1.0302129802745117,2.2762886597938143,2.070246063738912,79600.00000254018,5.692603364923594,5960000.0,
0.8865979381443299,1.0386114556571846,2.294845360824742,2.0871230696933054,79610.00000254076,5.106803618735329,5961000.0,
0.845360824742268,1.007817045920718,2.2268041237113403,2.0252407145271962,79620.00000254135,5.319976261790284,5962000.0,
0.8556701030927835,1.069405865393651,2.3628865979381444,2.149005424859414,79630.00000254193,5.328339385008195,5963000.0,
0.7938144329896907,0.9854211115669244,2.177319587628866,1.9802353653154812,79640.00000254251,5.638255166681688,5964000.0,
0.845360824742268,1.066606373599427,2.356701030927835,2.1433797562079495,79650.00000254309,5.390983149410305,5965000.0,
0.8556701030927835,1.1617890946030502,2.5670103092783507,2.3346524903577404,79660.00000254367,5.43775111071083,5966000.0,
0.8350515463917526,1.1533906192203776,2.5484536082474225,2.3177754844033474,79670.00000254426,5.562452963912123,5967000.0,
0.8556701030927835,1.019015013097615,2.251546391752577,2.047743389133054,79680.00000254484,5.27185850943345,5968000.0,
0.8556701030927835,1.044210439245633,2.307216494845361,2.098374406996234,79690.00000254542,5.301785694208872,5969000.0,
0.8247422680412371,0.9210328002997674,2.0350515463917525,1.8508449863317988,79700.000002546,5.351749770519872,5970000.0,
0.845360824742268,1.1029997669243414,2.437113402061855,2.216513448676987,79710.00000254659,5.436960700050925,5971000.0,
0.8762886597938144,1.1141977341012383,2.4618556701030925,2.2390161232828447,79720.00000254717,5.258317414356908,5972000.0,
0.7731958762886598,1.0078170459207183,2.2268041237113403,2.0252407145271962,79730.00000254775,5.822374046224387,5973000.0,
0.8762886597938144,1.2821672417546914,2.832989690721649,2.5765562423707107,79740.00000254833,5.450941440737962,5974000.0,
0.8350515463917526,1.0302129802745117,2.2762886597938143,2.070246063738912,79750.00000254891,5.418894556779649,5975000.0,
0.8041237113402062,0.9182333085055431,2.028865979381443,1.8452193176803344,79760.0000025495,5.488569627404666,5976000.0,
0.865979381443299,1.1002002751301172,2.4309278350515466,2.2108877800255224,79770.00000255008,5.307133651192261,5977000.0,
0.865979381443299,1.265370290989346,2.7958762886597937,2.5428022304619247,79780.00000255066,5.498341883791637,5978000.0,
0.8350515463917526,1.0470099310398573,2.31340206185567,2.1040000756476984,79790.00000255124,5.440984732387648,5979000.0,
0.845360824742268,1.147791635631929,2.536082474226804,2.306524147100418,79800.00000255182,5.494336447180887,5980000.0,
0.8969072164948454,1.1449921438377046,2.5298969072164947,2.300898478448954,79810.0000025524,5.175908482353969,5981000.0,
0.845360824742268,1.1002002751301172,2.4309278350515466,2.210887780025523,79820.00000255299,5.439014959758069,5982000.0,
0.8144329896907216,0.9630251772131306,2.1278350515463913,1.9352300161037654,79830.00000255357,5.477635977243244,5983000.0,
0.865979381443299,1.251372832018225,2.7649484536082474,2.514673887204602,79840.00000255415,5.485035294265627,5984000.0,
0.8762886597938144,1.0414109474514088,2.3010309278350514,2.092748738344769,79850.00000255473,5.181372493121576,5985000.0,
0.8865979381443299,1.1617890946030502,2.5670103092783503,2.33465249035774,79860.00000255532,5.257364444058669,5986000.0,
0.8247422680412371,1.1085987505127899,2.449484536082474,2.227764785979916,79870.0000025559,5.5876734851536565,5987000.0,
0.865979381443299,0.9938195869495968,2.195876288659793,1.9971123712698744,79880.00000255648,5.1895273803174415,5988000.0,
0.845360824742268,1.0218145048918392,2.2577319587628866,2.0533690577845185,79890.00000255706,5.349704963256889,5989000.0,
0.7938144329896907,1.066606373599427,2.3567010309278347,2.1433797562079495,79900.00000255764,5.754034003268874,5990000.0,
0.8969072164948454,1.1141977341012383,2.461855670103093,2.2390161232828447,79910.00000255823,5.146172186441165,5991000.0,
0.8350515463917526,1.0638068818052022,2.350515463917526,2.137754087556485,79920.00000255881,5.467519352440347,5992000.0,
0.8865979381443299,1.1645885863972743,2.5731958762886595,2.3402781590092046,79930.00000255939,5.26377782433839,5993000.0,
0.7525773195876289,0.904235849534422,1.997938144329897,1.8170909744230124,79940.00000255997,5.8557627043480425,5994000.0,
0.8762886597938144,1.2709692745777945,2.808247422680412,2.5540535677648535,79950.00000256056,5.448044937019018,5995000.0,
0.7731958762886598,1.0918017997474445,2.4123711340206184,2.194010774071129,79960.00000256114,5.943260994507667,5996000.0,
0.7628865979381443,0.8174516039134712,1.8061855670103089,1.642695246227615,79970.00000256172,5.66449467016462,5997000.0,
0.8350515463917526,0.9686241608015792,2.1402061855670107,1.9464813534066943,79980.0000025623,5.356498069263342,5998000.0,
0.8556701030927835,1.1645885863972743,2.57319587628866,2.340278159009205,79990.00000256288,5.456926420398982,5999000.0,
0.8556701030927835,1.461071985415647,2.4061855670103087,2.11397116992718,80000.00000256347,5.369072576916199,6000000.0,
0.845360824742268,1.2807854679350532,2.109278350515464,1.8531212569284532,80010.00000256405,5.661902321979081,6001000.0,
0.8144329896907216,1.0554273210843106,1.7381443298969073,1.527058865680045,80020.00000256463,5.60071202731348,6002000.0,
0.8247422680412371,1.2958093443917693,2.1340206185567006,1.8748587496783469,80030.00000256521,5.8226663302323844,6003000.0,
0.8041237113402062,1.4122443869313195,2.3257731958762884,2.0433243184900243,80040.0000025658,6.117275712114481,6004000.0,
0.8247422680412371,1.1718623636238608,1.9298969072164947,1.6955244344917224,80050.00000256638,5.673380616051354,6005000.0,
0.8041237113402062,1.3296130664193806,2.1896907216494848,1.9237681083656082,80060.00000256696,6.015541890452257,6006000.0,
0.7319587628865979,1.1418146107104288,1.8804123711340206,1.652049448991935,80070.00000256754,6.352617144387465,6007000.0,
0.8350515463917526,1.1042549195686382,1.8185567010309278,1.5977057171172002,80080.00000256812,5.523858360626651,6008000.0,
0.845360824742268,1.280785467935053,2.109278350515464,1.8531212569284532,80090.0000025687,5.665804761003699,6009000.0,
0.8041237113402062,1.190642209194756,1.9608247422680412,1.72269630042909,80100.00000256929,5.84477043980124,6010000.0,
0.8247422680412371,1.367172757561171,2.251546391752577,1.978111840240343,80110.00000256987,5.913194468700517,6011000.0,
0.8144329896907216,1.0591832901984897,1.7443298969072163,1.5324932388675185,80120.00000257045,5.610387077998274,6012000.0,
0.8041237113402062,1.2169339929940093,2.004123711340206,1.760736912741404,80130.00000257103,5.879005094013222,6013000.0,
0.8865979381443299,1.3521488811044546,2.2268041237113403,1.9563743474904494,80140.00000257161,5.485095831159847,6014000.0,
0.7422680412371134,1.1305467033678915,1.8618556701030928,1.6357463294295145,80150.0000025722,6.253650419990313,6015000.0,
0.8556701030927835,1.2131780238798304,1.997938144329897,1.755302539553931,80160.00000257278,5.52190443769835,6016000.0,
0.7938144329896907,1.0441594137417733,1.7195876288659793,1.5107557461176246,80170.00000257336,5.739782638254205,6017000.0,
0.8247422680412371,1.33336903553356,2.195876288659794,1.929202481553082,80180.00000257394,5.875707455742242,6018000.0,
0.845360824742268,1.3784406649037082,2.270103092783505,1.9944149598027636,80190.00000257452,5.786201762296171,6019000.0,
0.9072164948453608,1.3183451590768434,2.1711340206185565,1.9074649888031878,80200.0000025751,5.3259009141259375,6020000.0,
0.7628865979381443,1.0479153828559524,1.7257731958762887,1.5161901193050977,80210.00000257569,5.979562056076466,6021000.0,
0.8762886597938144,1.2357138385649045,2.0350515463917525,1.7879087786787713,80220.00000257627,5.42051814533446,6022000.0,
0.8041237113402062,1.2206899621081884,2.0103092783505154,1.7661712859288776,80230.00000257685,5.888804183809359,6023000.0,
0.7731958762886598,1.2169339929940093,2.004123711340206,1.760736912741404,80240.00000257744,6.12003196444076,6024000.0,
0.865979381443299,1.352148881104455,2.2268041237113403,1.9563743474904491,80250.00000257802,5.620931446187768,6025000.0,
0.845360824742268,1.258249653249979,2.0721649484536084,1.8205150178036122,80260.0000025786,5.6474392241206175,6026000.0,
0.8247422680412371,1.3258570973052015,2.1835051546391755,1.918333735178135,80270.00000257918,5.87109923064062,6027000.0,
0.8247422680412371,1.1568384871671447,1.9051546391752576,1.673786941741829,80280.00000257976,5.666664165848255,6028000.0,
0.8041237113402062,1.2394698076790835,2.0412371134020617,1.793343151866245,80290.00000258035,5.915235530224626,6029000.0,
0.7938144329896907,1.1681063945096817,1.9237113402061856,1.690090061304249,80300.00000258093,5.902676886754431,6030000.0,
0.8556701030927835,1.2319578694507254,2.028865979381443,1.7824744054912982,80310.00000258151,5.551080883727406,6031000.0,
0.8350515463917526,1.1568384871671447,1.9051546391752576,1.673786941741829,80320.00000258209,5.59868065762802,6032000.0,
0.9072164948453608,1.2094220547656513,1.9917525773195874,1.7498681663664573,80330.00000258267,5.211747037783263,6033000.0,
0.8350515463917526,1.2206899621081884,2.010309278350515,1.7661712859288776,80340.00000258326,5.676132423915501,6034000.0,
0.8144329896907216,1.186886240080577,1.9546391752577321,1.7172619272416165,80350.00000258384,5.77883247215797,6035000.0,
0.8556701030927835,1.2282019003365463,2.022680412371134,1.777040032303825,80360.00000258442,5.549101016208565,6036000.0,
0.845360824742268,1.3483929119902762,2.2206185567010306,1.9509399743029756,80370.000002585,5.759437957021038,6037000.0,
0.8144329896907216,1.0028437534858041,1.6515463917525772,1.4509776410554165,80380.00000258558,5.554375241782198,6038000.0,
0.8350515463917526,1.1042549195686382,1.8185567010309276,1.5977057171172002,80390.00000258617,5.539167002602851,6039000.0,
0.8041237113402062,1.1906422091947562,1.9608247422680412,1.72269630042909,80400.00000258675,5.860155055186752,6040000.0,
0.8350515463917526,1.3070772517343063,2.1525773195876288,1.8911618692407677,80410.00000258733,5.7830406596408075,6041000.0,
0.8556701030927835,1.1230347651395334,1.8494845360824745,1.6248775830545676,80420.00000258791,5.429086412424274,6042000.0,
0.7628865979381443,1.1493265489387865,1.892783505154639,1.6629181953668817,80430.0000025885,6.124384800807359,6043000.0,
0.7525773195876289,1.1605944562813237,1.9113402061855664,1.6792213149293023,80440.00000258908,6.223800853040726,6044000.0,
0.8350515463917526,1.2319578694507258,2.028865979381443,1.7824744054912982,80450.00000258966,5.695058189498856,6045000.0,
0.7835051546391752,1.3221011281910224,2.177319587628866,1.9128993619906616,80460.00000259024,6.185310650621295,6046000.0,
0.8041237113402062,1.2282019003365467,2.0226804123711335,1.7770400323038247,80470.00000259082,5.910453645453034,6047000.0,
0.8247422680412371,1.1305467033678915,1.8618556701030928,1.6357463294295143,80480.0000025914,5.644785377992243,6048000.0,
0.7731958762886598,1.0629392593126687,1.750515463917526,1.5379276120549918,80490.00000259199,5.934198775547002,6049000.0,
0.8247422680412371,1.2169339929940095,2.0041237113402057,1.760736912741404,80500.00000259257,5.750529966663969,6050000.0,
0.7628865979381443,1.2394698076790835,2.0412371134020617,1.793343151866245,80510.00000259315,6.246869883210433,6051000.0,
0.8144329896907216,1.258249653249979,2.0721649484536084,1.8205150178036125,80520.00000259373,5.875063498455078,6052000.0,
0.8350515463917526,1.160594456281324,1.911340206185567,1.6792213149293023,80530.00000259432,5.613548916938198,6053000.0,
0.7835051546391752,1.070451197541027,1.7628865979381443,1.5487963584299387,80540.0000025949,5.868336397028783,6054000.0,
0.9278350515463918,1.5174115221283326,2.4989690721649485,2.1954867677392818,80550.00000259548,5.4376524184350945,6055000.0,
0.8556701030927835,1.262005622364158,2.0783505154639172,1.825949390991086,80560.00000259606,5.59824512508477,6056000.0,
0.845360824742268,1.4084884178171404,2.3195876288659796,2.037889945302551,80570.00000259664,5.840282640743628,6057000.0,
0.8762886597938144,1.3033212826201273,2.1463917525773195,1.8857274960532941,80580.00000259723,5.514611346198466,6058000.0,
0.8041237113402062,1.2056660856514723,1.9855670103092784,1.7444337931789837,80590.00000259781,5.88858218360144,6059000.0,
0.7938144329896907,0.890238390563301,1.9670103092783506,1.7889626311656899,80600.00000259839,5.95138212089206,6060000.0,
0.8144329896907216,1.147791635631929,2.536082474226804,2.306524147100418,80610.00000259897,5.743994793278751,6061000.0,
0.865979381443299,1.172987061779947,2.5917525773195877,2.357155164963598,80620.00000259955,5.431661250064064,6062000.0,
0.8144329896907216,0.9518272100362336,2.1030927835051547,1.912727341497908,80630.00000260014,5.504392903623335,6063000.0,
0.7731958762886598,0.9126343249170947,2.0164948453608242,1.8339679803774058,80640.00000260072,5.747804393729192,6064000.0,
0.8865979381443299,1.1393931602492564,2.5175257731958762,2.2896471411460246,80650.0000026013,5.268848099498969,6065000.0,
0.8350515463917526,1.0330124720687361,2.2824742268041236,2.075871732390376,80660.00000260188,5.467185306214855,6066000.0,
0.8556701030927835,0.993819586949597,2.195876288659794,1.997112371269874,80670.00000260246,5.29012409574517,6067000.0,
0.7628865979381443,0.9994185705380456,2.2082474226804125,2.008363708572803,80680.00000260305,5.941397315607174,6068000.0,
0.8350515463917526,0.954626701830458,2.109278350515464,1.9183530101493722,80690.00000260363,5.374797408522189,6069000.0,
0.8969072164948454,1.1393931602492562,2.517525773195876,2.2896471411460246,80700.00000260421,5.210585477665782,6070000.0,
0.7422680412371134,1.007817045920718,2.22680412371134,2.0252407145271962,80710.0000026048,6.119417409264681,6071000.0,
0.8865979381443299,1.049809422834081,2.3195876288659787,2.109625744299163,80720.00000260537,5.171061791019253,6072000.0,
0.845360824742268,0.9966190787438212,2.202061855670103,2.002738039921339,80730.00000260596,5.360876227450034,6073000.0,
0.865979381443299,1.1309946848665837,2.498969072164948,2.2727701351916316,80740.00000260654,5.388884338628727,6074000.0,
0.8247422680412371,1.0806038325705478,2.3876288659793814,2.171508099465272,80750.00000260712,5.597729647151249,6075000.0,
0.8247422680412371,1.0750048489820996,2.3752577319587624,2.1602567621623425,80760.0000026077,5.591440879550285,6076000.0,
0.8247422680412371,1.198182487927965,2.6474226804123706,2.407786182826778,80770.00000260829,5.741293766772175,6077000.0,
0.865979381443299,1.0274134884802877,2.2701030927835055,2.0646203950874473,80780.00000260887,5.271177480897044,6078000.0,
0.8762886597938144,0.965824669007355,2.134020618556701,1.9408556847552298,80790.00000260945,5.139350504782113,6079000.0,
0.8865979381443299,1.1925835043395165,2.635051546391753,2.396534845523849,80800.00000261003,5.335818603880251,6080000.0,
0.8144329896907216,0.8706419480037314,1.9237113402061856,1.7495829506054392,80810.00000261061,5.413823657837123,6081000.0,
0.7938144329896907,1.1281951930723593,2.492783505154639,2.267144466540167,80820.0000026112,5.879412126503791,6082000.0,
0.8144329896907216,0.9938195869495972,2.195876288659794,1.997112371269874,80830.00000261178,5.566079746163118,6083000.0,
0.8556701030927835,1.044210439245633,2.3072164948453606,2.098374406996234,80840.00000261236,5.357207380959085,6084000.0,
0.865979381443299,1.1141977341012386,2.4618556701030925,2.2390161232828447,80850.00000261294,5.374725955007146,6085000.0,
0.8350515463917526,1.0274134884802877,2.270103092783505,2.0646203950874473,80860.00000261352,5.4703568937700044,6086000.0,
0.845360824742268,0.9630251772131309,2.1278350515463917,1.9352300161037654,80870.0000026141,5.327966368322663,6087000.0,
0.8350515463917526,1.0638068818052024,2.350515463917526,2.137754087556485,80880.00000261469,5.514926759850515,6088000.0,
0.845360824742268,1.1533906192203776,2.5484536082474225,2.317775484403347,80890.00000261527,5.554130366794707,6089000.0,
0.8969072164948454,1.2233779140759828,2.7030927835051544,2.458417200689958,80900.00000261585,5.313419053771977,6090000.0,
0.845360824742268,0.9602256854189065,2.1216494845360825,1.929604347452301,80910.00000261643,5.326605993883269,6091000.0,
0.865979381443299,1.0750048489820991,2.3752577319587624,2.160256762162343,80920.00000261702,5.3328008376673806,6092000.0,
0.8865979381443299,1.1393931602492564,2.5175257731958767,2.289647141146025,80930.0000026176,5.281871355313681,6093000.0,
0.8041237113402062,0.9238322920939916,2.0412371134020617,1.8564706549832635,80940.00000261818,5.556045286486131,6094000.0,
0.7628865979381443,0.9854211115669245,2.177319587628866,1.9802353653154812,80950.00000261876,5.937643889659392,6095000.0,
0.8041237113402062,0.9574261936246822,2.1154639175257732,1.9239786788008366,80960.00000261934,5.598847958902563,6096000.0,
0.865979381443299,1.1309946848665837,2.498969072164948,2.2727701351916316,80970.00000261993,5.399836719581747,6097000.0,
0.845360824742268,1.1169972258954628,2.4680412371134017,2.244641791934309,80980.00000262051,5.515469889325247,6098000.0,
0.8350515463917526,0.9854211115669244,2.177319587628866,1.9802353653154812,80990.00000262109,5.426489479442029,6099000.0,
0.845360824742268,1.1253957012781353,2.48659793814433,2.2615187978887024,81000.00000262167,5.526380280936514,6100000.0,
0.8865979381443299,1.1785860453683952,2.6041237113402063,2.368406502266527,81010.00000262226,5.329798214111065,6101000.0,
0.7731958762886598,0.9770226361842517,2.158762886597938,1.9633583593610875,81020.00000262284,5.851346609635894,6102000.0,
0.8350515463917526,1.0358119638629601,2.288659793814433,2.0814974010418408,81030.00000262342,5.488809388981841,6103000.0,
0.8144329896907216,1.0134160295091665,2.239175257731959,2.0364920518301255,81040.000002624,5.600774112344474,6104000.0,
0.7422680412371134,0.7978551613539017,1.7628865979381443,1.6033155656673639,81050.00000262458,5.855440981446598,6105000.0,
0.9381443298969072,1.0890023079532205,2.406185567010309,2.1883851054196652,81060.00000262517,4.943659603124082,6106000.0,
0.865979381443299,1.0498094228340813,2.3195876288659796,2.109625744299163,81070.00000262575,5.310848976520681,6107000.0,
0.7525773195876289,0.9322307674766641,2.05979381443299,1.8733476609376567,81080.00000262633,5.955427184357124,6108000.0,
0.8969072164948454,1.3129616514911577,2.9010309278350515,2.63843859753682,81090.00000262691,5.422035404683658,6109000.0,
0.8144329896907216,1.1169972258954626,2.468041237113402,2.2446417919343093,81100.0000026275,5.7309940623379525,6110000.0,
0.8144329896907216,1.0022180623322696,2.2144329896907213,2.0139893772242674,81110.00000262808,5.590569013405959,6111000.0,
0.8247422680412371,1.0330124720687361,2.2824742268041236,2.075871732390376,81120.00000262866,5.558525122543879,6112000.0,
0.8865979381443299,1.1449921438377046,2.5298969072164947,2.3008984784489535,81130.00000262924,5.297488813547705,6113000.0,
0.8556701030927835,1.097400783335893,2.424742268041237,2.2052621113740587,81140.00000262982,5.433827421643724,6114000.0,
0.8144329896907216,1.0638068818052027,2.350515463917526,2.1377540875564853,81150.0000026304,5.668216044910817,6115000.0,
0.845360824742268,1.1057992587185659,2.4432989690721647,2.2221391173284517,81160.00000263099,5.511004001323819,6116000.0,
0.8144329896907216,1.0358119638629604,2.288659793814433,2.0814974010418408,81170.00000263157,5.63485519629825,6117000.0,
0.8350515463917526,1.1673880781914985,2.579381443298969,2.345903827660669,81180.00000263215,5.653783254289287,6118000.0,
0.845360824742268,1.05540840642253,2.3319587628865976,2.1208770816020914,81190.00000263273,5.452858724827373,6119000.0,
0.7835051546391752,1.2319578694507254,2.028865979381443,1.7824744054912978,81200.00000263331,5.708795143919727,6120000.0,
0.8350515463917526,1.262005622364158,2.0783505154639172,1.825949390991086,81210.0000026339,5.768572165212188,6121000.0,
0.8556701030927835,1.3296130664193806,2.1896907216494848,1.9237681083656082,81220.00000263448,5.709063463319834,6122000.0,
0.8762886597938144,1.4347802016163935,2.3628865979381444,2.0759305576148654,81230.00000263506,5.695217406701867,6123000.0,
0.8556701030927835,1.295809344391769,2.1340206185567006,1.874858749678347,81240.00000263564,5.670521764082801,6124000.0,
0.8350515463917526,1.3145891899626645,2.1649484536082477,1.902030615615715,81250.00000263622,5.833517919003107,6125000.0,
0.7938144329896907,1.2094220547656513,1.9917525773195872,1.7498681663664575,81260.0000026368,6.0045940172096595,6126000.0,
0.8556701030927835,1.5324353985850487,2.5237113402061855,2.217224260489176,81270.00000263739,5.948506429826838,6127000.0,
0.7319587628865979,1.0779631357693846,1.7752577319587628,1.5596651048048857,81280.00000263797,6.3335524532747955,6128000.0,
0.7628865979381443,1.0253795681708784,1.6886597938144328,1.4835838801802574,81290.00000263855,6.008400244938619,6129000.0,
0.8247422680412371,1.0516713519701317,1.731958762886598,1.5216244924925717,81300.00000263914,5.590149014424846,6130000.0,
0.8969072164948454,1.246981745907442,2.0536082474226807,1.804211898241192,81310.00000263972,5.3585865444357355,6131000.0,
0.8247422680412371,1.2019101165372932,1.9793814432989691,1.7389994199915102,81320.0000026403,5.773313516462586,6132000.0,
0.845360824742268,1.2507377150216208,2.05979381443299,1.8096462714286656,81330.00000264088,5.690748272804744,6133000.0,
0.7959183673469388,1.4312925160103702,2.3571428571428568,2.0708843539407833,81340.00000264146,6.225980340793724,6134000.0,
0.8469387755102041,1.267716228466328,2.0877551020408163,1.834211856347551,81350.00000264205,5.658264944609598,6135000.0,
0.826530612244898,1.2639985855675997,2.0816326530612246,1.8288329359477045,81360.00000264263,5.7939711283768345,6136000.0,
0.8061224489795918,1.4721865878963813,2.424489795918367,2.130052478339091,81370.00000264321,6.199418805401856,6137000.0,
0.8367346938775511,1.2416927281752306,2.044897959183673,1.7965594135486274,81380.00000264379,5.697630333830197,6138000.0,
0.8367346938775511,1.3234808719472517,2.179591836734694,1.9148956623452433,81390.00000264437,5.795864944679713,6139000.0,
0.8673469387755102,1.3457867293396213,2.2163265306122444,1.9471691847443207,81400.00000264496,5.617492935155189,6140000.0,
0.7653061224489796,1.089269369327373,1.793877551020408,1.5760236771549339,81410.00000264554,6.031842642759907,6141000.0,
0.8061224489795918,1.0558105832388187,1.7387755102040816,1.5276133935563176,81420.00000264612,5.6854333819027465,6142000.0,
0.8367346938775511,1.2714338713650564,2.093877551020408,1.839590776747397,81430.0000026467,5.735613651301105,6143000.0,
0.8061224489795918,1.316045586149795,2.1673469387755104,1.9041378215455511,81440.00000264728,6.009269208298701,6144000.0,
0.7653061224489796,1.1152928696184705,1.8367346938775508,1.613676119953857,81450.00000264787,6.067980016473731,6145000.0,
0.8571428571428571,1.2900220858586973,2.1244897959183673,1.8664853787466278,81460.00000264845,5.622166243179457,6146000.0,
0.7755102040816326,1.2342574423777741,2.0326530612244897,1.7858015727489351,81470.00000264903,6.1425924916571875,6147000.0,
0.8061224489795918,1.2305397994790457,2.026530612244898,1.7804226523490885,81480.00000264961,5.905224055213585,6148000.0,
0.8367346938775511,1.1487516557070248,1.8918367346938776,1.6620864035524725,81490.0000026502,5.591920271612409,6149000.0,
0.8571428571428571,1.2602809426688715,2.075510204081633,1.8234540155478585,81500.00000265078,5.589373004696201,6150000.0,
0.8469387755102041,1.2119515849854046,1.9959183673469387,1.753528050349858,81510.00000265136,5.600133196885583,6151000.0,
0.6938775510204082,1.089269369327373,1.7938775510204084,1.5760236771549336,81520.00000265194,6.659238208926745,6152000.0,
0.7551020408163265,1.2639985855675997,2.0816326530612246,1.8288329359477047,81530.00000265252,6.3512386675481505,6153000.0,
0.7755102040816326,1.2082339420866761,1.989795918367347,1.7481491299500118,81540.0000026531,6.112720083387304,6154000.0,
0.8469387755102041,1.078116440631188,1.7755102040816326,1.5598869159553945,81550.00000265369,5.444038689093969,6155000.0,
0.8469387755102041,1.3532220151370773,2.2285714285714286,1.957927025544013,81560.00000265427,5.769344066221434,6156000.0,
0.8673469387755102,1.2045162991879481,1.9836734693877551,1.7427702095501654,81570.00000265485,5.462616439216077,6157000.0,
0.8367346938775511,1.2231045136815892,2.0142857142857142,1.7696648115493967,81580.00000265543,5.685171248216411,6158000.0,
0.826530612244898,1.1710575130993939,1.9285714285714284,1.6943599259515496,81590.00000265602,5.692881929588801,6159000.0,
0.8775510204081632,1.2788691571625126,2.1061224489795918,1.850348617547089,81600.0000026566,5.485220667614895,6160000.0,
0.8571428571428571,1.1822104417955788,1.9469387755102041,1.7104966871510885,81610.00000265718,5.503528848915758,6161000.0,
0.826530612244898,1.174775155998122,1.9346938775510207,1.6997388463513958,81620.00000265776,5.698861300009572,6162000.0,
0.8163265306122449,1.3309161577447082,2.1918367346938776,1.9256535031449358,81630.00000265834,5.9618697933992895,6163000.0,
0.9081632653061225,1.4201395873141858,2.3387755102040817,2.0547475927412444,81640.00000265893,5.457679545727576,6164000.0,
0.8469387755102041,1.2863044429599693,2.1183673469387756,1.861106458346782,81650.00000265951,5.6946703063017265,6165000.0,
0.7551020408163265,1.1450340128082963,1.885714285714286,1.6567074831526267,81660.00000266009,6.200718017137591,6166000.0,
0.8367346938775511,1.2082339420866766,1.9897959183673466,1.7481491299500114,81670.00000266067,5.671789345578846,6167000.0,
0.8163265306122449,1.1190105125171985,1.8428571428571427,1.6190550403537034,81680.00000266125,5.704785377995735,6168000.0,
0.8367346938775511,1.1599045844032092,1.9102040816326533,1.6782231647520114,81690.00000266184,5.615005479079148,6169000.0,
0.8061224489795918,1.3271985148459797,2.1857142857142855,1.9202745827450896,81700.00000266242,6.036269043897266,6170000.0,
0.7959183673469388,1.2900220858586975,2.1244897959183673,1.8664853787466278,81710.000002663,6.067461082399136,6171000.0,
0.7857142857142857,1.249128013972687,2.057142857142857,1.8073172543483198,81720.00000266358,6.094731758211766,6172000.0,
0.8775510204081632,1.237975085276502,2.0387755102040814,1.7911804931487811,81730.00000266416,5.444666957791653,6173000.0,
0.8673469387755102,1.4201395873141858,2.3387755102040813,2.0547475927412444,81740.00000266475,5.719217406703264,6174000.0,
0.8469387755102041,1.4275748731116418,2.3510204081632655,2.0655054335409373,81750.00000266533,5.866290814191934,6175000.0,
0.8367346938775511,1.435010158909098,2.363265306122449,2.0762632743406293,81760.00000266591,5.947204824220532,6176000.0,
0.8571428571428571,1.442445444706555,2.3755102040816323,2.0870211151403217,81770.0000026665,5.814755399931388,6177000.0,
0.8571428571428571,1.4312925160103702,2.357142857142857,2.0708843539407833,81780.00000266708,5.802219840262058,6178000.0,
0.7959183673469388,1.078116440631188,1.7755102040816324,1.559886915955395,81790.00000266766,5.805323220446864,6179000.0,
0.7857142857142857,0.7814010055021352,1.7265306122448976,1.570250411144471,81800.00000266824,5.8433841449643475,6180000.0,
0.8877551020408163,1.0862028161589963,2.4,2.1827594367682,81810.00000266882,5.214800873523968,6181000.0,
0.7857142857142857,1.044638932887606,2.3081632653061224,2.099235478728601,81820.0000026694,5.839667732934951,6182000.0,
0.8163265306122449,1.2219781681788708,2.6999999999999997,2.4556043663642257,81830.00000266999,5.83842075618172,6183000.0,
0.826530612244898,0.9753657941019559,2.1551020408163266,1.960028881995935,81840.00000267057,5.468464788086447,6184000.0,
0.8367346938775511,1.0806609650561443,2.387755102040816,2.1716229090295878,81850.00000267115,5.528104568152623,6185000.0,
0.8775510204081632,1.1637887315989246,2.571428571428571,2.338670825108786,81860.00000267173,5.3661755315082535,6186000.0,
0.8571428571428571,1.0363261562333281,2.289795918367347,2.082530687120681,81870.00000267231,5.345711468141472,6187000.0,
0.7346938775510204,1.0418680073361801,2.3020408163265307,2.0936672148592943,81880.0000026729,6.244762010166188,6188000.0,
0.8061224489795918,0.9781367196533817,2.1612244897959183,1.965597145865242,81890.00000267348,5.612875930874097,6189000.0,
0.7755102040816326,1.0418680073361801,2.3020408163265307,2.0936672148592943,81900.00000267406,5.917142956999608,6190000.0,
0.8979591836734694,0.9975331985133636,2.2040816326530615,2.0045749929503884,81910.00000267464,5.061341516674279,6191000.0,
0.8469387755102041,1.0972865183647003,2.424489795918367,2.205032492245427,81920.00000267522,5.484504564009275,6192000.0,
0.8673469387755102,1.0086169007190677,2.2285714285714286,2.0268480484276146,81930.0000026758,5.253697132747061,6193000.0,
0.8571428571428571,0.9615111663448257,2.1244897959183673,1.9321875626494018,81940.00000267639,5.261760646605081,6194000.0,
0.7857142857142857,1.1776433593560547,2.6020408163265305,2.3665121444553194,81950.00000267697,6.015699340648436,6195000.0,
0.8469387755102041,1.1360794760846642,2.510204081632653,2.2829881864157198,81960.00000267755,5.5322360080642845,6196000.0,
0.8163265306122449,0.9864494963076597,2.179591836734694,1.9823019374731619,81970.00000267813,5.556898133139894,6197000.0,
0.8775510204081632,1.1859561360103326,2.6204081632653065,2.3832169360632394,81980.00000267872,5.397017457465765,6198000.0,
0.9183673469387755,1.1249957738789602,2.4857142857142858,2.2607151309384936,81990.0000026793,5.091215398368706,6199000.0,
0.8877551020408163,1.0363261562333281,2.289795918367347,2.0825306871206815,82000.00000267988,5.167353601424299,6200000.0,
0.8877551020408163,1.0307843051304761,2.277551020408163,2.0713941593820677,82010.00000268046,5.161570826618814,6201000.0,
0.8673469387755102,1.1499341038417947,2.5408163265306123,2.3108295057622534,82020.00000268104,5.420862849288804,6202000.0,
0.9489795918367347,1.1582468804960724,2.559183673469388,2.327534297370173,82030.00000268163,4.963741874211505,6203000.0,
0.8673469387755102,1.1360794760846642,2.5102040816326525,2.28298818641572,82040.00000268221,5.40583045493358,6204000.0,
0.9387755102040817,1.2192072426274447,2.693877551020408,2.4500361024949195,82050.00000268279,5.083501193375534,6205000.0,
0.8673469387755102,1.025242454027624,2.265306122448979,2.0602576316434544,82060.00000268337,5.278983064797282,6206000.0,
0.8673469387755102,1.1139120716732562,2.461224489795918,2.238442075461267,82070.00000268396,5.381684506318156,6207000.0,
0.8163265306122449,0.9199472830734355,2.0326530612244897,1.8486636046098026,82080.00000268454,5.480932921928289,6208000.0,
0.826530612244898,1.052951709541884,2.3265306122448974,2.1159402703365204,82090.00000268512,5.574679846273746,6209000.0,
0.8469387755102041,1.1360794760846644,2.510204081632653,2.28298818641572,82100.0000026857,5.538982996016484,6210000.0,
0.826530612244898,1.0418680073361801,2.3020408163265302,2.0936672148592943,82110.00000268628,5.562257589284187,6211000.0,
0.7959183673469388,0.9559693152419736,2.1122448979591835,1.921051034910789,82120.00000268687,5.668779396240887,6212000.0,
0.8469387755102041,1.2081235404217405,2.6693877551020404,2.427763047017693,82130.00000268745,5.625492855113357,6213000.0,
0.7959183673469388,0.9725948685505296,2.1489795918367345,1.9544606181266286,82140.00000268803,5.690693552961952,6214000.0,
0.7857142857142857,0.9836785707562338,2.1734693877551017,1.9767336736038554,82150.00000268861,5.779224674638878,6215000.0,
0.8571428571428571,1.0030750496162157,2.216326530612245,2.0157115206890017,82160.0000026892,5.320728034231836,6216000.0,
0.8367346938775511,1.1028283694675522,2.4367346938775505,2.2161690199840405,82170.00000268978,5.570207075864726,6217000.0,
0.8469387755102041,1.1582468804960722,2.559183673469388,2.3275342973701734,82180.00000269036,5.569011979538613,6218000.0,
0.8163265306122449,1.1831852104589067,2.6142857142857143,2.3776486721939323,82190.00000269094,5.808899382975812,6219000.0,
0.8979591836734694,1.0862028161589963,2.4,2.1827594367682,82200.00000269152,5.173269045416773,6220000.0,
0.8979591836734694,1.2940222325159472,2.8591836734693876,2.6003792269661985,82210.0000026921,5.405158849996131,6221000.0,
0.8571428571428571,0.9642820918962518,2.130612244897959,1.9377558265187087,82220.00000269269,5.278326726415854,6222000.0,
0.8367346938775511,0.9947622729619378,2.1979591836734693,1.9990067290810818,82230.00000269327,5.4439817410167235,6223000.0,
0.8571428571428571,1.1637887315989244,2.5714285714285716,2.338670825108786,82240.00000269385,5.512036853688075,6224000.0,
0.8673469387755102,1.1831852104589067,2.6142857142857148,2.377648672193933,82250.00000269443,5.4700229486832805,6225000.0,
0.8367346938775511,1.1222248483275343,2.4795918367346936,2.255146867069187,82260.00000269501,5.59777847742935,6226000.0,
0.8367346938775511,1.1277666994303865,2.491836734693878,2.2662833948078,82270.0000026956,5.604889470210836,6227000.0,
0.8979591836734694,1.2025816893188888,2.657142857142857,2.4166265192790792,82280.00000269618,5.306509154163228,6228000.0,
0.8163265306122449,1.030784305130476,2.2775510204081635,2.0713941593820677,82290.00000269676,5.627208273948774,6229000.0,
0.8673469387755102,1.2330618703845746,2.724489795918367,2.477877421841452,82300.00000269734,5.5298807448330125,6230000.0,
0.8469387755102041,0.9836785707562337,2.173469387755102,1.9767336736038548,82310.00000269793,5.369160240328084,6231000.0,
0.9081632653061225,1.2081235404217407,2.6693877551020404,2.4277630470176925,82320.0000026985,5.254785471623067,6232000.0,
0.9081632653061225,1.1859561360103328,2.6204081632653065,2.3832169360632394,82330.00000269909,5.230825857776823,6233000.0,
0.8673469387755102,1.0806609650561443,2.3877551020408165,2.1716229090295873,82340.00000269967,5.356053818689754,6234000.0,
0.7959183673469388,0.8479032187363594,1.873469387755102,1.70388874400783,82350.00000270025,5.544798916016571,6235000.0,
0.8673469387755102,1.044638932887606,2.3081632653061224,2.0992354787286014,82360.00000270084,5.315463711013142,6236000.0,
0.8367346938775511,1.1499341038417943,2.540816326530612,2.3108295057622534,82370.00000270142,5.636260270605241,6237000.0,
0.8367346938775511,1.0945155928132744,2.4183673469387754,2.1994642283761205,82380.000002702,5.570516196449234,6238000.0,
0.8469387755102041,1.1111411461218303,2.4551020408163264,2.232873811591961,82390.00000270258,5.523513642567205,6239000.0,
0.9285714285714286,1.7324215908073572,2.8530612244897955,2.5065769063283243,82400.00000270316,5.232334374677627,6240000.0,
0.8469387755102041,1.2788691571625126,2.1061224489795918,1.8503486175470893,82410.00000270375,5.722517800181561,6241000.0,
0.7653061224489796,1.2639985855676,2.0816326530612246,1.8288329359477045,82420.00000270433,6.314022151983606,6242000.0,
0.8061224489795918,1.185928084694307,1.9530612244897956,1.7158756075509347,82430.00000270491,5.897984206496076,6243000.0,
0.8469387755102041,1.3086103003523388,2.155102040816326,1.893379980745859,82440.00000270549,5.759079631899752,6244000.0,
0.7346938775510204,1.1301634412133832,1.8612244897959185,1.6351918015532418,82450.00000270607,6.396608572945336,6245000.0,
0.8469387755102041,1.215669227884133,2.002040816326531,1.7589069707497043,82460.00000270666,5.650305835491566,6246000.0,
0.8061224489795918,1.1636222273019374,1.9163265306122448,1.6836020851518574,82470.00000270724,5.872338965680344,6247000.0,
0.8673469387755102,1.2231045136815892,2.0142857142857142,1.7696648115493967,82480.00000270782,5.526871086517121,6248000.0,
0.8163265306122449,1.0520929403400903,1.73265306122449,1.5222344731564716,82490.0000027084,5.663311352081135,6249000.0,
0.8775510204081632,1.2863044429599693,2.1183673469387756,1.861106458346782,82500.00000270898,5.535553900270247,6250000.0,
0.826530612244898,1.1896457275930352,1.9591836734693875,1.721254527950781,82510.00000270957,5.760803473052889,6251000.0,
0.8367346938775511,1.249128013972687,2.057142857142857,1.8073172543483196,82520.00000271015,5.762126163201125,6252000.0,
0.8367346938775511,1.3086103003523388,2.1551020408163266,1.893379980745859,82530.00000271073,5.833702554240248,6253000.0,
0.8367346938775511,1.1859280846943068,1.9530612244897956,1.7158756075509347,82540.00000271131,5.687570150161167,6254000.0,
0.8061224489795918,1.2082339420866761,1.9897959183673466,1.7481491299500118,82550.0000027119,5.931730713135065,6255000.0,
0.8061224489795918,1.39039844412436,2.289795918367347,2.011716229542475,82560.00000271248,6.158213259966652,6256000.0,
0.8163265306122449,1.252845656871415,2.063265306122449,1.812696174748166,82570.00000271306,5.913233429832241,6257000.0,
0.8469387755102041,1.293739728757426,2.130612244897959,1.8718642991464738,82580.00000271364,5.748268595559164,6258000.0,
0.8163265306122449,1.1561869415044812,1.904081632653061,1.672844244352165,82590.00000271422,5.795826503507805,6259000.0,
0.8571428571428571,1.297457371656154,2.1367346938775507,1.8772432195463202,82600.0000027148,5.685126457565365,6260000.0,
0.8061224489795918,1.301175014554882,2.142857142857143,1.8826221399461662,82610.00000271539,6.050062676450232,6261000.0,
0.8367346938775511,1.1636222273019374,1.9163265306122448,1.6836020851518572,82620.00000271597,5.664814369375391,6262000.0,
0.8469387755102041,1.249128013972687,2.0571428571428574,1.8073172543483196,82630.00000271655,5.698004161235155,6263000.0,
0.826530612244898,1.2231045136815892,2.0142857142857142,1.7696648115493965,82640.00000271713,5.8077042265925005,6264000.0,
0.8367346938775511,1.345786729339621,2.216326530612245,1.9471691847443207,82650.00000271772,5.883986579127829,6265000.0,
0.8877551020408163,1.5130806597823914,2.4918367346938775,2.1892206027373993,82660.0000027183,5.734732237607769,6266000.0,
0.8469387755102041,1.345786729339621,2.2163265306122453,1.9471691847443209,82670.00000271888,5.814059029981768,6267000.0,
0.8367346938775511,1.282586800061241,2.1122448979591835,1.8557275379469353,82680.00000271946,5.809918370965949,6268000.0,
0.7653061224489796,1.1190105125171985,1.8428571428571425,1.6190550403537032,82690.00000272004,6.138971069865252,6269000.0,
0.8061224489795918,1.1487516557070245,1.8918367346938774,1.662086403552473,82700.00000272063,5.865537497120243,6270000.0,
0.7653061224489796,1.2007986562892197,1.977551020408163,1.737391289150319,82710.00000272121,6.246907577727422,6271000.0,
0.8469387755102041,1.412704301516729,2.326530612244898,2.043989751941552,82720.00000272179,5.895479777853674,6272000.0,
0.8571428571428571,1.1599045844032094,1.9102040816326533,1.6782231647520112,82730.00000272237,5.530838681961099,6273000.0,
0.8367346938775511,1.260280942668872,2.0755102040816324,1.8234540155478582,82740.00000272295,5.786186980424019,6274000.0,
0.8061224489795918,1.2305397994790457,2.026530612244898,1.780422652349089,82750.00000272354,5.969527852685682,6275000.0,
0.7755102040816326,1.1190105125171985,1.8428571428571425,1.6190550403537032,82760.00000272412,6.0618793452619775,6276000.0,
0.8367346938775511,1.438727801807827,2.3693877551020406,2.0816421947404753,82770.0000027247,6.000916153541392,6277000.0,
0.8469387755102041,1.2937397287574255,2.1306122448979594,1.8718642991464738,82780.00000272528,5.757907149776592,6278000.0,
0.8469387755102041,1.397833729921816,2.3020408163265302,2.0224740703421675,82790.00000272586,5.881295247536985,6279000.0,
0.9183673469387755,1.475904230795109,2.4306122448979592,2.1354313987389375,82800.00000272645,5.509315718123942,6280000.0,
0.8571428571428571,1.427574873111642,2.351020408163265,2.065505433540937,82810.00000272703,5.846930209264016,6281000.0,
0.8367346938775511,1.3718102296307186,2.259183673469388,1.9848216275432442,82820.00000272761,5.9233805185006,6282000.0,
0.8469387755102041,1.174775155998122,1.93469387755102,1.6997388463513958,82830.0000027282,5.619852593988639,6283000.0,
0.8163265306122449,1.0929870122261012,1.7999999999999998,1.58140259755478,82840.00000272878,5.730906590142516,6284000.0,
0.8061224489795918,1.1561869415044812,1.9040816326530612,1.672844244352165,82850.00000272936,5.882355952920062,6285000.0,
0.8571428571428571,1.1524692986057528,1.897959183673469,1.6674653239523187,82860.00000272994,5.528354658054902,6286000.0,
0.9081632653061225,1.3643749438332624,2.2469387755102037,1.9740637867435513,82870.00000273052,5.451556679875394,6287000.0,
0.8673469387755102,1.4350101589090989,2.3632653061224485,2.0762632743406293,82880.0000027311,5.790009359839346,6288000.0,
0.7959183673469388,1.111575226719742,1.830612244897959,1.6082971995540105,82890.00000273169,5.9037714388691,6289000.0,
0.8367346938775511,1.3086103003523384,2.1551020408163266,1.893379980745859,82900.00000273227,5.851751334729104,6290000.0,
0.8367346938775511,1.3123279432510668,2.1612244897959183,1.8987589011457051,82910.00000273285,5.856682176242248,6291000.0,
0.8061224489795918,1.1710575130993939,1.9285714285714286,1.6943599259515498,82920.00000273343,5.904347294898768,6292000.0,
0.7959183673469388,1.152469298605753,1.8979591836734695,1.6674653239523185,82930.00000273401,5.957202452264464,6293000.0,
0.8571428571428571,1.2751515142637844,2.0999999999999996,1.8449696971472431,82940.0000027346,5.675293433465685,6294000.0,
0.8571428571428571,1.3569396580358057,2.2346938775510203,1.9633059459438593,82950.00000273518,5.771189125009262,6295000.0,
0.7959183673469388,1.3234808719472513,2.179591836734694,1.9148956623452433,82960.00000273576,6.173601608514128,6296000.0,
0.826530612244898,1.1004222980235574,1.8122448979591834,1.592160438354472,82970.00000273634,5.675570187896078,6297000.0,
0.7857142857142857,1.2268221565803172,2.020408163265306,1.775043731949243,82980.00000273692,6.131797030625288,6298000.0,
0.7755102040816326,1.2007986562892197,1.977551020408163,1.7373912891503194,82990.0000027375,6.179448267495024,6299000.0,
0.8469387755102041,1.02801337957905,2.271428571428572,2.065825895512761,83000.00000273809,5.869468199099299,6300000.0,
0.7755102040816326,1.033555230681902,2.283673469387755,2.0769624232513744,83010.00000273867,5.964844902896177,6301000.0,
0.7959183673469388,1.022471528476198,2.259183673469387,2.054689367774148,83020.00000273925,5.798487305178881,6302000.0,
0.7755102040816326,1.0280133795790503,2.2714285714285714,2.0658258955127615,83030.00000273983,5.958751463316244,6303000.0,
0.8775510204081632,1.1554759549446465,2.5530612244897957,2.3219660335008667,83040.00000274042,5.41158655346355,6304000.0,
0.8571428571428571,1.1166829972246823,2.46734693877551,2.2440103393305733,83050.000002741,5.495651592158466,6305000.0,
0.8877551020408163,1.2302909448331487,2.7183673469387757,2.4723091579721452,83060.00000274158,5.434578305826934,6306000.0,
0.8673469387755102,1.030784305130476,2.277551020408163,2.0713941593820677,83070.00000274216,5.332901904895102,6307000.0,
0.826530612244898,1.1139120716732565,2.461224489795919,2.238442075461267,83080.00000274274,5.697323247373808,6308000.0,
0.826530612244898,0.980907645204808,2.16734693877551,1.9711654097345486,83090.00000274333,5.5368981388070715,6309000.0,
0.826530612244898,1.033555230681902,2.2836734693877547,2.076962423251375,83100.00000274391,5.6010890446929675,6310000.0,
0.8673469387755102,1.1859561360103326,2.6204081632653065,2.383216936063239,83110.00000274449,5.513688251086105,6311000.0,
0.7755102040816326,0.9698239429991039,2.1428571428571423,1.948892354257322,83120.00000274507,5.8884545582529055,6312000.0,
0.8163265306122449,1.0280133795790498,2.2714285714285714,2.0658258955127615,83130.00000274566,5.665813890150723,6313000.0,
0.8673469387755102,1.0862028161589963,2.4000000000000004,2.1827594367682006,83140.00000274624,5.400090305845822,6314000.0,
0.8877551020408163,1.0862028161589963,2.4,2.1827594367682006,83150.00000274682,5.276410068929853,6315000.0,
0.8775510204081632,1.133308550533238,2.504081632653061,2.277419922546413,83160.0000027474,5.391907418204363,6316000.0,
0.8571428571428571,1.2413746470388527,2.7428571428571424,2.4945822134493723,83170.00000274798,5.646839469322951,6317000.0,
0.8775510204081632,1.1333085505332383,2.5040816326530613,2.277419922546413,83180.00000274857,5.392837650762558,6318000.0,
0.8571428571428571,0.9781367196533817,2.1612244897959183,1.965597145865242,83190.00000274915,5.340680934992337,6319000.0,
0.8571428571428571,1.1083702205704045,2.4489795918367347,2.2273055477226538,83200.00000274973,5.493096209871748,6320000.0,
0.7959183673469388,0.9753657941019559,2.1551020408163266,1.960028881995935,83210.00000275031,5.749046767119503,6321000.0,
0.8469387755102041,1.1388504016360905,2.5163265306122446,2.2885564502850264,83220.0000027509,5.59623059486348,6322000.0,
0.9081632653061225,1.235832795936001,2.7306122448979586,2.483445685710759,83230.00000275148,5.326195663090588,6323000.0,
0.8979591836734694,1.277396679207391,2.8224489795918366,2.566969643750358,83240.00000275206,5.433462211087055,6324000.0,
0.7755102040816326,0.9365728363819917,2.0693877551020408,1.8820731878256423,83250.00000275264,5.852420236562817,6325000.0,
0.8673469387755102,1.1914979871131846,2.63265306122449,2.3943534638018527,83260.00000275322,5.527136502946274,6326000.0,
0.7959183673469388,0.97259486855053,2.1489795918367345,1.9544606181266289,83270.0000027538,5.748642270914044,6327000.0,
0.7755102040816326,0.9365728363819916,2.0693877551020408,1.8820731878256423,83280.00000275439,5.85399918393133,6328000.0,
0.7857142857142857,1.0778900395047182,2.3816326530612244,2.1660546451602807,83290.00000275497,5.9583509595429955,6329000.0,
0.8367346938775511,1.0003041240647896,2.2102040816326527,2.010143256819695,83300.00000275555,5.50280005087439,6330000.0,
0.8367346938775511,0.9060926553163056,2.0020408163265304,1.8208222852632698,83310.00000275613,5.390693661394522,6331000.0,
0.8979591836734694,1.285709455861669,2.840816326530612,2.583674435358278,83320.00000275671,5.446355985088622,6332000.0,
0.8877551020408163,1.2108944659731669,2.675510204081632,2.433331310886999,83330.0000027573,5.425143191709516,6333000.0,
0.8367346938775511,1.0446389328876058,2.3081632653061224,2.099235478728601,83340.00000275788,5.557736773613965,6334000.0,
0.8571428571428571,1.1111411461218303,2.455102040816327,2.23287381159196,83350.00000275846,5.503471813491685,6335000.0,
0.826530612244898,1.1554759549446465,2.5530612244897952,2.3219660335008667,83360.00000275904,5.761437575283208,6336000.0,
0.8469387755102041,1.1527050293932204,2.5469387755102035,2.3163977696315596,83370.00000275963,5.619817986673523,6337000.0,
0.8469387755102041,0.9642820918962515,2.1306122448979585,1.9377558265187087,83380.00000276021,5.397824638785564,6338000.0,
0.8163265306122449,0.9836785707562338,2.1734693877551017,1.9767336736038548,83390.00000276079,5.624503749343529,6339000.0,
0.8877551020408163,0.9088635808677314,2.008163265306122,1.8263905491325763,83400.00000276137,5.088142884349557,6340000.0,
0.7653061224489796,0.9227182086248616,2.038775510204081,1.854231868479109,83410.00000276195,5.920882459448168,6341000.0,
0.8469387755102041,1.0390970817847542,2.2959183673469385,2.088098950989988,83420.00000276254,5.488088120822703,6342000.0,
0.8673469387755102,1.2496874236931308,2.761224489795918,2.5112870050572917,83430.00000276312,5.602225500415384,6343000.0,
0.8469387755102041,1.280167604758817,2.8285714285714283,2.572537907619665,83440.0000027637,5.773689461201774,6344000.0,
0.8163265306122449,1.0280133795790498,2.2714285714285714,2.0658258955127615,83450.00000276428,5.681813890151654,6345000.0,
0.8469387755102041,1.1083702205704042,2.4489795918367347,2.2273055477226533,83460.00000276486,5.571808212401053,6346000.0,
0.8673469387755102,1.2275200192817226,2.712244897959183,2.466740894102839,83470.00000276545,5.578550140035282,6347000.0,
0.9183673469387755,1.1970398382160365,2.644897959183673,2.405489991540466,83480.00000276603,5.235885601761822,6348000.0,
0.8571428571428571,1.1554759549446465,2.553061224489796,2.3219660335008667,83490.00000276661,5.5618624237853584,6349000.0,
0.8367346938775511,1.0113878262704938,2.2346938775510203,2.0324163122969217,83500.00000276719,5.525802524242749,6350000.0,
0.7959183673469388,1.0224715284761978,2.259183673469388,2.054689367774148,83510.00000276777,5.8236155103085485,6351000.0,
0.8673469387755102,0.9531983896905476,2.1061224489795918,1.915482771041482,83520.00000276836,5.2646263788597105,6352000.0,
0.8367346938775511,1.2025816893188885,2.657142857142857,2.4166265192790792,83530.00000276894,5.755765921544574,6353000.0,
0.8163265306122449,1.0474098584390321,2.314285714285714,2.1048037425979076,83540.00000276952,5.710074576755394,6354000.0,
0.8775510204081632,1.2164363170760188,2.687755102040816,2.4444678386256125,83550.0000027701,5.5047739428704485,6355000.0,
0.8979591836734694,1.016929677373346,2.246938775510204,2.043552840035535,83560.00000277068,5.157942140863625,6356000.0,
0.8061224489795918,1.0668063372990142,2.3571428571428568,2.143781589683054,83570.00000277127,5.807934443907807,6357000.0,
0.8673469387755102,1.052951709541884,2.3265306122448974,2.115940270336521,83580.00000277185,5.3824596182178865,6358000.0,
0.8877551020408163,1.025242454027624,2.2653061224489797,2.060257631643455,83590.00000277243,5.227971959863508,6359000.0,
0.8061224489795918,1.2602809426688717,2.075510204081633,1.8234540155478582,83600.00000277301,5.651335299783486,6360000.0,
0.8877551020408163,1.2231045136815892,2.0142857142857142,1.769664811549396,83610.0000027736,5.451770601772625,6361000.0,
0.826530612244898,1.2082339420866763,1.989795918367347,1.7481491299500116,83620.00000277418,5.838107732566905,6362000.0,
0.8061224489795918,1.2119515849854048,1.9959183673469385,1.7535280503498578,83630.00000277476,5.991026016987305,6363000.0,
0.8571428571428571,1.1896457275930352,1.9591836734693875,1.7212545279507805,83640.00000277534,5.608870015685085,6364000.0,
0.7448979591836735,1.1152928696184703,1.836734693877551,1.6136761199538565,83650.00000277592,6.354773989534823,6365000.0,
0.7653061224489796,1.2454103710739586,2.0510204081632653,1.8019383339484734,83660.0000027765,6.355866885049097,6366000.0,
0.8673469387755102,1.2454103710739586,2.051020408163265,1.8019383339484734,83670.00000277709,5.608588427984524,6367000.0,
0.8775510204081632,1.3643749438332622,2.246938775510204,1.9740637867435513,83680.00000277767,5.679401680338357,6368000.0,
0.826530612244898,1.2454103710739586,2.0510204081632653,1.8019383339484736,83690.00000277825,5.886543412082583,6369000.0,
0.8469387755102041,1.1004222980235574,1.8122448979591834,1.592160438354472,83700.00000277883,5.573990183370509,6370000.0,
0.826530612244898,1.3755278725294466,2.2653061224489797,1.99020054794309,83710.00000277942,6.044957179275701,6371000.0,
0.7857142857142857,1.1859280846943068,1.953061224489796,1.7158756075509343,83720.00000278,6.118191588486888,6372000.0,
0.8979591836734694,1.4647513020989245,2.4122448979591837,2.1192946375393986,83730.00000278058,5.664379859308468,6373000.0,
0.8163265306122449,1.234257442377774,2.0326530612244893,1.7858015727489351,83740.00000278116,5.948962867080935,6374000.0,
0.8367346938775511,1.2454103710739586,2.051020408163265,1.8019383339484736,83750.00000278174,5.817683126569552,6375000.0,
0.8469387755102041,1.3866808012256315,2.283673469387755,2.006337309142629,83760.00000278233,5.914873717271922,6376000.0,
0.8061224489795918,1.3197632290485235,2.1734693877551017,1.9095167419453976,83770.00000278291,6.13185565139513,6377000.0,
0.826530612244898,1.3086103003523388,2.1551020408163266,1.893379980745859,83780.00000278349,5.967451968493721,6378000.0,
0.8877551020408163,1.3011750145548822,2.142857142857143,1.8826221399461667,83790.00000278407,5.547987947584403,6379000.0,
0.8061224489795918,1.1301634412133834,1.861224489795918,1.6351918015532416,83800.00000278465,5.898174901928842,6380000.0,
0.7959183673469388,1.1004222980235576,1.8122448979591834,1.592160438354472,83810.00000278524,5.936938272048434,6381000.0,
0.8469387755102041,1.2565632997701432,2.0693877551020408,1.818075095148012,83820.00000278582,5.7641325709752484,6382000.0,
0.8469387755102041,1.026069440048993,1.6897959183673465,1.4845820303575483,83830.0000027864,5.492465122147895,6383000.0,
0.8367346938775511,1.2937397287574257,2.130612244897959,1.871864299146474,83840.00000278698,5.879832846728098,6384000.0,
0.8163265306122449,1.3123279432510666,2.1612244897959183,1.898758901145705,83850.00000278756,6.050099230651038,6385000.0,
0.9081632653061225,1.2231045136815892,2.0142857142857142,1.7696648115493965,83860.00000278815,5.340494857913221,6386000.0,
0.7959183673469388,1.3457867293396208,2.216326530612245,1.9471691847443209,83870.00000278873,6.248293583189309,6387000.0,
0.8469387755102041,1.3755278725294466,2.2653061224489797,1.9902005479430904,83880.00000278931,5.907488331582787,6388000.0,
0.8571428571428571,1.2565632997701435,2.0693877551020408,1.8180750951480122,83890.0000027899,5.698845278463832,6389000.0,
0.8877551020408163,1.3643749438332622,2.246938775510204,1.9740637867435518,83900.00000279048,5.624236143783333,6390000.0,
0.8571428571428571,1.3755278725294469,2.2653061224489797,1.9902005479430904,83910.00000279106,5.83858966096879,6391000.0,
0.7755102040816326,1.1710575130993939,1.9285714285714284,1.6943599259515498,83920.00000279164,6.190045214437308,6392000.0,
0.8469387755102041,1.3086103003523388,2.155102040816326,1.893379980745859,83930.00000279222,5.830886860819596,6393000.0,
0.826530612244898,1.2602809426688715,2.075510204081633,1.8234540155478582,83940.0000027928,5.916880646852456,6394000.0,
0.826530612244898,1.2900220858586975,2.1244897959183673,1.8664853787466278,83950.00000279339,5.953357585526595,6395000.0,
0.7857142857142857,1.1710575130993939,1.9285714285714286,1.6943599259515498,83960.00000279397,6.111732938925257,6396000.0,
0.7653061224489796,1.1338810841121116,1.8673469387755102,1.640570721953088,83970.00000279455,6.226668616753246,6397000.0,
0.8571428571428571,1.297457371656154,2.1367346938775507,1.8772432195463202,83980.00000279513,5.750840743283475,6398000.0,
0.8571428571428571,1.3234808719472517,2.179591836734694,1.9148956623452438,83990.00000279571,5.781677684099308,6399000.0,
0.8469387755102041,1.3234808719472517,2.179591836734694,1.9148956623452433,84000.0000027963,5.851818379088484,6400000.0,
0.8181818181818182,1.1665888312312258,1.9212121212121207,1.687894354965876,84010.00000279688,5.821383880313669,6401000.0,
0.9090909090909091,1.4867567439035179,2.4484848484848483,2.151133499704145,84020.00000279746,5.591874640666293,6402000.0,
0.8686868686868687,1.2549110140373751,2.0666666666666664,1.8156844638591918,84030.00000279804,5.5855347721304724,6403000.0,
0.8181818181818182,1.140828194579432,1.878787878787879,1.6506222398719925,84040.00000279862,5.791380139220823,6404000.0,
0.7777777777777778,1.0893069212758448,1.793939393939394,1.5760780096842253,84050.0000027992,6.02650889895888,6405000.0,
0.8181818181818182,1.1003471941266134,1.8121212121212118,1.5920517732958894,84060.00000279979,5.7428910152106445,6406000.0,
0.8787878787878788,1.4462757434506994,2.3818181818181823,2.092563033128042,84070.00000280037,5.740932167990218,6407000.0,
0.8080808080808081,1.1592286493307131,1.9090909090909092,1.6772451792247665,84080.00000280095,5.888542953715908,6408000.0,
0.8383838383838383,1.1629087402809695,1.915151515151515,1.6825697670953212,84090.00000280153,5.680575485558439,6409000.0,
0.7878787878787878,1.1960295588332754,1.96969696969697,1.7304910579303148,84100.00000280212,6.087265722282448,6410000.0,
0.8181818181818182,1.427875288699418,2.3515151515151516,2.065940093775268,84110.0000028027,6.14567226660224,6411000.0,
0.797979797979798,1.1629087402809695,1.915151515151515,1.6825697670953212,84120.00000280328,5.969718548118448,6412000.0,
0.7878787878787878,1.1886693769327632,1.9575757575757577,1.7198418821892052,84130.00000280386,6.079462414485734,6413000.0,
0.8383838383838383,1.3101123782912187,2.1575757575757577,1.895553281917514,84140.00000280445,5.8585653670406845,6414000.0,
0.797979797979798,1.0856268303255885,1.7878787878787876,1.57075342181367,84150.00000280503,5.874390585009895,6415000.0,
0.8484848484848485,1.1886693769327632,1.9575757575757573,1.7198418821892052,84160.00000280561,5.64664367059398,6416000.0,
0.8282828282828283,1.1261078307784071,1.8545454545454545,1.629323888389773,84170.00000280619,5.709322869031896,6417000.0,
0.8484848484848485,1.3505933787440376,2.2242424242424237,1.954123748493617,84180.00000280677,5.838435053681133,6418000.0,
0.8686868686868687,1.2144300135845567,1.9999999999999998,1.7571139972830885,84190.00000280736,5.5463764111445215,6419000.0,
0.7878787878787878,0.8009374300970379,1.7696969696969695,1.6095094836775619,84200.00000280794,5.938254733379067,6420000.0,
0.8585858585858586,1.0011717876212969,2.212121212121212,2.0118868545969524,84210.00000280852,5.3641859645655385,6421000.0,
0.8282828282828283,1.1739767811011375,2.593939393939394,2.3591440377191666,84220.0000028091,5.769554894421675,6422000.0,
0.8383838383838383,1.0121435332390647,2.2363636363636363,2.0339349297158233,84230.00000280968,5.507494094026922,6423000.0,
0.8484848484848485,1.0834598797545545,2.3939393939393936,2.1772474179884824,84240.00000281027,5.5264562870151215,6424000.0,
0.8585858585858586,1.1355756714389507,2.509090909090909,2.2819757748031186,84250.00000281085,5.522609311600327,6425000.0,
0.8484848484848485,0.9435701231280168,2.0848484848484845,1.8961344602228813,84260.00000281143,5.362538597657711,6426000.0,
0.8383838383838383,1.121860989416741,2.4787878787878785,2.254415680904531,84270.00000281201,5.640289614046189,6427000.0,
0.7575757575757576,0.9271125047013656,2.048484848484849,1.8630623475445753,84280.0000028126,5.985385839720186,6428000.0,
0.8383838383838383,0.9956859148124131,2.1999999999999997,2.000862817037517,84290.00000281318,5.490755488915783,6429000.0,
0.8585858585858586,0.9737424235768779,2.1515151515151514,1.9567666667997758,84300.00000281376,5.336474117031697,6430000.0,
0.797979797979798,0.9984288512168551,2.2060606060606056,2.006374835817235,84310.00000281434,5.773218433975371,6431000.0,
0.8787878787878788,1.1767197175055792,2.5999999999999996,2.364656056498884,84320.00000281492,5.4456902534096585,6432000.0,
0.8282828282828283,1.088945752563438,2.406060606060606,2.188271455547918,84330.0000028155,5.672261335577692,6433000.0,
0.8383838383838383,1.0532875793056933,2.3272727272727267,2.116615211411588,84340.00000281609,5.561870727287425,6434000.0,
0.8383838383838383,1.179462653910021,2.606060606060606,2.3701680752786016,84350.00000281667,5.7128506355504465,6435000.0,
0.898989898989899,1.3742111386253966,3.036363636363636,2.7615214086385573,84360.00000281725,5.5447944127810285,6436000.0,
0.8484848484848485,1.0752310705412287,2.3757575757575755,2.16071136164933,84370.00000281783,5.522948523775968,6437000.0,
0.8383838383838383,1.0148864696435065,2.242424242424242,2.0394469484955406,84380.00000281841,5.517994704919388,6438000.0,
0.8585858585858586,1.1684909082922537,2.5818181818181816,2.3481200001597307,84390.000002819,5.56753411687691,6439000.0,
0.8787878787878788,1.0944316253723219,2.4181818181818175,2.199295493107354,84400.00000281958,5.355730240522604,6440000.0,
0.8383838383838383,0.9655136143635522,2.1333333333333333,1.9402306104606226,84410.00000282016,5.460549973922899,6441000.0,
0.8181818181818182,1.1191180530122993,2.4727272727272727,2.2489036621248126,84420.00000282074,5.78361095384974,6442000.0,
0.8787878787878788,1.2178637635722076,2.6909090909090914,2.447336338194649,84430.00000282133,5.497566811577726,6443000.0,
0.8080808080808081,0.9792282963857618,2.1636363636363636,1.9677907043592109,84440.00000282191,5.683792516947579,6444000.0,
0.8383838383838383,1.182205590314463,2.612121212121212,2.3756800940583194,84450.00000282249,5.720941607888555,6445000.0,
0.8282828282828283,1.0670022613279029,2.3575757575757574,2.144175305310177,84460.00000282307,5.65211004737906,6446000.0,
0.8383838383838383,1.028601151665716,2.272727272727273,2.06700704239413,84470.00000282365,5.538690530464203,6447000.0,
0.8383838383838383,1.0587734521145773,2.3393939393939394,2.1276392489710236,84480.00000282424,5.575161105698415,6448000.0,
0.7878787878787878,1.0286011516657163,2.2727272727272725,2.0670070423941294,84490.00000282482,5.894760436263249,6449000.0,
0.8686868686868687,1.0971745617767639,2.424242424242424,2.2048075118870716,84500.0000028254,5.4258149026689475,6450000.0,
0.8888888888888888,1.1328327350345087,2.5030303030303025,2.2764637560234013,84510.00000282598,5.343070917977825,6451000.0,
0.7878787878787878,0.9929429784079713,2.193939393939394,1.995350798257799,84520.00000282656,5.85104044712851,6452000.0,
0.898989898989899,1.2946659828965814,2.86060606060606,2.6016728640267432,84530.00000282715,5.463952048543803,6453000.0,
0.8383838383838383,1.0395728972834837,2.296969696969697,2.089055117513,84540.00000282773,5.555150805357881,6454000.0,
0.8888888888888888,1.2288355091899756,2.7151515151515153,2.4693844133135197,84550.00000282831,5.452892220721013,6455000.0,
0.8282828282828283,0.9792282963857618,2.163636363636364,1.9677907043592109,84560.00000282889,5.551017089705297,6456000.0,
0.8383838383838383,1.0779740069456702,2.381818181818182,2.1662233804290474,84570.00000282947,5.602400321702019,6457000.0,
0.8787878787878788,1.152033289865602,2.5454545454545454,2.3150478874814246,84580.00000283006,5.429552824256818,6458000.0,
0.8484848484848485,0.9682565507679941,2.1393939393939396,1.9457426292403401,84590.00000283064,5.4073476016628845,6459000.0,
0.8383838383838383,0.995685914812413,2.1999999999999997,2.0008628170375173,84600.00000283122,5.505695247952796,6460000.0,
0.8383838383838383,1.0971745617767639,2.4242424242424243,2.204807511887071,84610.0000028318,5.627229899151267,6461000.0,
0.8585858585858586,1.1191180530122993,2.4727272727272727,2.2489036621248126,84620.00000283238,5.520852791316181,6462000.0,
0.8787878787878788,1.2041490815499987,2.6606060606060598,2.419776244296061,84630.00000283297,5.491155851575978,6463000.0,
0.7878787878787878,0.7981944936925957,1.763636363636364,1.6039974648978441,84640.00000283355,5.61001352422089,6464000.0,
0.8282828282828283,1.124603925821183,2.4848484848484844,2.2599276996842477,84650.00000283413,5.730921813048316,6465000.0,
0.9191919191919192,1.2041490815499982,2.66060606060606,2.419776244296061,84660.00000283471,5.251105044913373,6466000.0,
0.8585858585858586,1.0121435332390645,2.236363636363636,2.0339349297158233,84670.0000028353,5.398611880051022,6467000.0,
0.8383838383838383,1.119118053012299,2.4727272727272727,2.2489036621248126,84680.00000283588,5.656776954962523,6468000.0,
0.898989898989899,1.179462653910021,2.6060606060606055,2.3701680752786016,84690.00000283646,5.342995536525463,6469000.0,
0.8686868686868687,1.2398072548077432,2.7393939393939393,2.491432488432391,84700.00000283704,5.599310677205152,6470000.0,
0.8585858585858586,1.0532875793056933,2.327272727272727,2.116615211411588,84710.00000283762,5.448414945469912,6471000.0,
0.8686868686868687,1.0121435332390647,2.2363636363636363,2.033934929715823,84720.0000028382,5.338162904701727,6472000.0,
0.8686868686868687,1.0752310705412285,2.3757575757575755,2.16071136164933,84730.00000283879,5.411252046479827,6473000.0,
0.8585858585858586,1.0450587700923677,2.3090909090909095,2.1000791550724354,84740.00000283937,5.440242567680356,6474000.0,
0.8686868686868687,1.09168868896788,2.412121212121212,2.1937834743276357,84750.00000283995,5.431127676994282,6475000.0,
0.8686868686868687,1.1602620990789276,2.5636363636363635,2.331583943820578,84760.00000284053,5.5105319514244675,6476000.0,
0.8686868686868687,1.2974089193010232,2.8666666666666663,2.607184882806462,84770.00000284112,5.668875384005744,6477000.0,
0.8888888888888888,1.1492903534611603,2.539393939393939,2.3095358687017074,84780.0000028417,5.373858465981249,6478000.0,
0.8080808080808081,1.0039147240257387,2.218181818181818,2.01739887337667,84790.00000284228,5.731841971153069,6479000.0,
0.8282828282828283,1.2291503773855816,2.0242424242424244,1.7784123487653076,84800.00000284286,5.48655774588995,6480000.0,
0.8181818181818182,1.4205151067989057,2.3393939393939394,2.0552909180341583,84810.00000284344,6.171244389960417,6481000.0,
0.7878787878787878,1.247550832136863,2.0545454545454547,1.8050352881180822,84820.00000284403,6.1895811845545365,6482000.0,
0.8282828282828283,1.2769915597389128,2.103030303030303,1.8476319910825205,84830.00000284461,5.923682493022672,6483000.0,
0.8080808080808081,1.2107499226343004,1.993939393939394,1.7517894094125341,84840.00000284519,5.99030052943131,6484000.0,
0.797979797979798,1.1592286493307131,1.9090909090909087,1.6772451792247665,84850.00000284577,6.002068813891798,6485000.0,
0.8080808080808081,1.1408281945794323,1.878787878787879,1.6506222398719923,84860.00000284635,5.904772390963469,6486000.0,
0.8282828282828283,1.343233196843525,2.212121212121212,1.9434745727525071,84870.00000284694,6.005608371966159,6487000.0,
0.8181818181818182,1.1776291040819942,1.9393939393939394,1.7038681185775404,84880.00000284752,5.877840510096738,6488000.0,
0.8282828282828283,1.2070698316840445,1.987878787878788,1.746464821541979,84890.0000028481,5.842191626224891,6489000.0,
0.8282828282828283,1.1629087402809697,1.915151515151515,1.6825697670953212,84900.00000284868,5.789362991482183,6490000.0,
0.7676767676767676,1.1923494678830193,1.9636363636363636,1.7251664700597593,84910.00000284927,6.285294701765056,6491000.0,
0.8888888888888888,1.3579535606445499,2.2363636363636363,1.9647729242347263,84920.00000284985,5.614968210426569,6492000.0,
0.8181818181818182,1.0966671031763573,1.806060606060606,1.5867271854253346,84930.00000285043,5.7813560892369065,6493000.0,
0.8282828282828283,1.2254702864353255,2.018181818181818,1.773087760894753,84940.00000285101,5.866845833790604,6494000.0,
0.797979797979798,1.2549110140373751,2.0666666666666664,1.8156844638591916,84950.0000028516,6.127037853208035,6495000.0,
0.8787878787878788,1.1960295588332757,1.96969696969697,1.7304910579303148,84960.00000285218,5.497088808485418,6496000.0,
0.8383838383838383,1.409474833948137,2.321212121212121,2.039317154422494,84970.00000285276,6.017082031019337,6497000.0,
0.8787878787878788,1.2880318325896813,2.121212121212121,1.863605754694185,84980.00000285334,5.602700591265749,6498000.0,
0.7878787878787878,1.137148103629176,1.8727272727272728,1.6452976520014375,84990.00000285392,6.058172593244006,6499000.0,
0.8282828282828283,1.4536359253512119,2.3939393939393936,2.103212208869152,85000.0000028545,6.145240934433125,6500000.0,
0.8282828282828283,1.3137924692414749,2.1636363636363636,1.9008778697880688,85010.00000285509,5.9768933471787165,6501000.0,
0.8888888888888888,1.1960295588332754,1.9696969696969695,1.7304910579303148,85020.00000285567,5.437349162934606,6502000.0,
0.8585858585858586,1.3027521963907063,2.145454545454545,1.8849041061764042,85030.00000285625,5.754026675958038,6503000.0,
0.8383838383838383,1.2217901954850692,2.0121212121212118,1.7677631730241983,85040.00000285683,5.796590715262379,6504000.0,
0.8383838383838383,1.3027521963907063,2.1454545454545455,1.8849041061764042,85050.00000285741,5.893641776583588,6505000.0,
0.8181818181818182,1.1776291040819946,1.939393939393939,1.7038681185775406,85060.000002858,5.8867293989861444,6506000.0,
0.8383838383838383,1.1261078307784071,1.8545454545454547,1.629323888389773,85070.00000285858,5.683909340491867,6507000.0,
0.8181818181818182,1.221790195485069,2.012121212121212,1.7677631730241983,85080.00000285916,5.941691720577615,6508000.0,
0.7676767676767676,1.173949013131738,1.933333333333333,1.6985435307069856,85090.00000285974,6.270799372550123,6509000.0,
0.8585858585858586,1.3211526511419875,2.175757575757576,1.9115270455291784,85100.00000286032,5.778751911492075,6510000.0,
0.8383838383838383,1.218110104534813,2.006060606060606,1.7624385851536435,85110.0000028609,5.795574703165283,6511000.0,
0.8080808080808081,1.3469132877937808,2.2181818181818183,1.948799160623062,85120.00000286149,6.172802693816982,6512000.0,
0.7575757575757576,0.9752241018179015,1.6060606060606057,1.4110157856970258,85130.00000286207,6.094226481249985,6513000.0,
0.8282828282828283,1.3321929239927561,2.1939393939393934,1.9275008091408428,85140.00000286265,6.005449993769046,6514000.0,
0.8181818181818182,1.3174725601917314,2.16969696969697,1.9062024576586234,85150.00000286323,6.062093623120526,6515000.0,
0.8585858585858586,1.2953920144901936,2.1333333333333333,1.8742549304352947,85160.00000286382,5.751571875862503,6516000.0,
0.8888888888888888,1.3726739244455743,2.2606060606060607,1.9860712757169456,85170.0000028644,5.64289225606702,6517000.0,
0.8383838383838383,1.1371481036291757,1.8727272727272721,1.6452976520014377,85180.00000286498,5.702379063531043,6518000.0,
0.8787878787878788,1.2733114687886564,2.0969696969696967,1.8423074032119657,85190.00000286556,5.595605004872041,6519000.0,
0.898989898989899,1.4646761982019803,2.412121212121212,2.119185972480816,85200.00000286615,5.683176894784145,6520000.0,
0.8080808080808081,1.2144300135845567,2.0,1.7571139972830887,85210.00000286673,6.013354641983329,6521000.0,
0.8686868686868687,1.3542734696942933,2.2303030303030305,1.959448336364172,85220.00000286731,5.755265971087589,6522000.0,
0.7777777777777778,1.2107499226343006,1.9939393939393943,1.751789409412534,85230.00000286789,6.243948602007735,6523000.0,
0.8585858585858586,1.207069831684044,1.9878787878787878,1.746464821541979,85240.00000286847,5.652467215888501,6524000.0,
0.8484848484848485,1.0819467393753324,1.7818181818181815,1.5654288339431153,85250.00000286906,5.5727681810947916,6525000.0,
0.797979797979798,1.1297879217286633,1.8606060606060608,1.6346484762603282,85260.00000286964,5.9859342312018295,6526000.0,
0.7878787878787878,1.0709064665245636,1.7636363636363637,1.549455070331451,85270.00000287022,5.988455643586423,6527000.0,
0.9191919191919192,1.2512309230871188,2.0606060606060606,1.810359875988637,85280.0000028708,5.329578696697102,6528000.0,
0.8585858585858586,1.3248327420922434,2.1818181818181817,1.916851633399733,85290.00000287138,5.7919793115405405,6529000.0,
0.8787878787878788,1.361633651594806,2.242424242424242,1.9700975121052813,85300.00000287197,5.701167028985079,6530000.0,
0.8484848484848485,1.343233196843525,2.212121212121212,1.9434745727525071,85310.00000287255,5.883570077396755,6531000.0,
0.8080808080808081,1.251230923087119,2.0606060606060606,1.810359875988637,85320.00000287313,6.06439576749307,6532000.0,
0.9292929292929293,1.3873942882465993,2.284848484848485,2.007369627199165,85330.00000287371,5.420346027719962,6533000.0,
0.8686868686868687,1.4573160163014678,2.4,2.108536796739706,85340.0000028743,5.879466111949661,6534000.0,
0.7272727272727273,1.1481883764799445,1.8909090909090909,1.6612714156131019,85350.00000287488,6.598200684518643,6535000.0,
0.797979797979798,1.1886693769327632,1.9575757575757573,1.7198418821892048,85360.00000287546,6.064785675065489,6536000.0,
0.8787878787878788,1.376354015395831,2.2666666666666666,1.9913958635875006,85370.00000287604,5.721136178597928,6537000.0,
0.797979797979798,1.1739490131317383,1.9333333333333333,1.6985435307069856,85380.00000287662,6.047351295112366,6538000.0,
0.8080808080808081,1.2181101045348128,2.006060606060606,1.7624385851536435,85390.0000028772,6.026908754534796,6539000.0,
0.8383838383838383,0.8667679038036437,1.915151515151515,1.7417979343907863,85400.00000287779,5.7437080156825955,6540000.0,
0.8383838383838383,1.1630050354833696,2.5696969696969694,2.337095962600295,85410.00000287837,5.74430480152645,6541000.0,
0.9090909090909091,1.0532875793056933,2.327272727272727,2.116615211411588,85420.00000287895,5.17728078183453,6542000.0,
0.7676767676767676,0.9024260770613882,1.993939393939394,1.8134541785271163,85430.00000287953,5.934999758459524,6543000.0,
0.8181818181818182,1.0039147240257391,2.218181818181818,2.01739887337667,85440.00000288012,5.693177255461691,6544000.0,
0.8181818181818182,1.0697451977323447,2.3636363636363638,2.1496873240898946,85450.0000028807,5.774130550485843,6545000.0,
0.9090909090909091,0.9051690134658302,1.9999999999999998,1.8189661973068338,85460.00000288128,5.016128137188563,6546000.0,
0.898989898989899,1.0724881341367867,2.3696969696969696,2.155199342869612,85470.00000288186,5.259057587566265,6547000.0,
0.797979797979798,0.9463130595324589,2.0909090909090913,1.9016464790025989,85480.00000288244,5.767149277311033,6548000.0,
0.8585858585858586,1.0807169433501123,2.387878787878788,2.171735399208765,85490.00000288303,5.517067969476723,6549000.0,
0.8080808080808081,1.0752310705412285,2.375757575757576,2.16071136164933,85500.00000288361,5.855595949968054,6550000.0,
0.8080808080808081,1.0807169433501125,2.3878787878787877,2.1717353992087656,85510.00000288419,5.862884717569078,6551000.0,
0.797979797979798,1.0094005968346227,2.2303030303030305,2.0284229109361056,85520.00000288477,5.848233659499937,6552000.0,
0.8383838383838383,1.0642593249234609,2.3515151515151516,2.138663286530459,85530.00000288535,5.632306905798703,6553000.0,
0.8585858585858586,1.0752310705412285,2.375757575757576,2.16071136164933,85540.00000288594,5.513031482322984,6554000.0,
0.8181818181818182,0.9435701231280169,2.0848484848484845,1.8961344602228813,85550.00000288652,5.624854842019111,6555000.0,
0.8080808080808081,1.1054033709900897,2.4424242424242424,2.2213435682262244,85560.0000028871,5.895934171773694,6556000.0,
0.8585858585858586,1.1438044806522762,2.527272727272727,2.2985118311422714,85570.00000288768,5.594311101158287,6557000.0,
0.8080808080808081,1.119118053012299,2.4727272727272727,2.2489036621248126,85580.00000288826,5.913906090776237,6558000.0,
0.8484848484848485,1.0807169433501125,2.3878787878787877,2.171735399208765,85590.00000288885,5.587509254827915,6559000.0,
0.8282828282828283,1.1383186078433922,2.5151515151515147,2.287487793582837,85600.00000288943,5.793821246224169,6560000.0,
0.8787878787878788,1.0505446429012515,2.321212121212121,2.111103192631871,85610.00000289001,5.361422065070256,6561000.0,
0.8686868686868687,1.1026604345856477,2.436363636363636,2.2158315494465066,85620.00000289059,5.4842230585798815,6562000.0,
0.8686868686868687,1.1246039258211828,2.484848484848485,2.259927699684248,85630.00000289117,5.509948705467327,6563000.0,
0.8686868686868687,1.09168868896788,2.412121212121212,2.1937834743276357,85640.00000289176,5.4725230258339,6564000.0,
0.8787878787878788,1.22060669997665,2.6969696969696964,2.4528483569743664,85650.00000289234,5.556780038064207,6565000.0,
0.8484848484848485,0.935341313914691,2.0666666666666664,1.8795984038837283,85660.00000289292,5.419507024898267,6566000.0,
0.7878787878787878,1.0450587700923675,2.3090909090909086,2.1000791550724354,85670.0000028935,5.976161772474957,6567000.0,
0.797979797979798,1.0203723424523905,2.2545454545454544,2.050470986054977,85680.00000289408,5.8700843280593835,6568000.0,
0.7777777777777778,0.973742423576878,2.1515151515151514,1.9567666667997758,85690.00000289467,5.9631207785456875,6569000.0,
0.8282828282828283,1.1136321802034155,2.4606060606060605,2.2378796245653776,85700.00000289525,5.768894949439604,6570000.0,
0.8181818181818182,1.1136321802034155,2.4606060606060605,2.237879624565377,85710.00000289583,5.840609701901849,6571000.0,
0.8787878787878788,1.182205590314463,2.612121212121212,2.3756800940583194,85720.00000289641,5.516300614425814,6572000.0,
0.8383838383838383,1.10540337099009,2.4424242424242424,2.2213435682262244,85730.000002897,5.691020888457051,6573000.0,
0.8585858585858586,1.1191180530122993,2.4727272727272727,2.2489036621248126,85740.00000289758,5.573558673672191,6574000.0,
0.8181818181818182,1.0944316253723219,2.418181818181818,2.1992954931073534,85750.00000289816,5.81911766575038,6575000.0,
0.8585858585858586,1.1986632087411146,2.6484848484848484,2.4087522067366254,85760.00000289874,5.667146560932866,6576000.0,
0.8383838383838383,1.0258582152612743,2.2666666666666666,2.0614950236144116,85770.00000289932,5.598069437648093,6577000.0,
0.8888888888888888,1.2480360640210688,2.757575757575758,2.5079685447715434,85780.0000028999,5.530401935818339,6578000.0,
0.8686868686868687,1.061516388519019,2.3454545454545452,2.1331512677507414,85790.00000290049,5.444766540433874,6579000.0,
0.8585858585858586,1.088945752563438,2.406060606060606,2.1882714555479184,85800.00000290107,5.541240347267212,6580000.0,
0.8282828282828283,1.1630050354833694,2.56969696969697,2.337095962600295,85810.00000290165,5.833869494229128,6581000.0,
0.8282828282828283,0.9874571055990875,2.1818181818181817,1.9843267606983641,85820.00000290223,5.622415286198134,6582000.0,
0.8888888888888888,1.0532875793056933,2.3272727272727276,2.1166152114115886,85830.00000290282,5.313582617786401,6583000.0,
0.8282828282828283,0.9572848051502265,2.115151515151515,1.9236945541214696,85840.0000029034,5.586963362485541,6584000.0,
0.8383838383838383,1.1657479718878114,2.5757575757575757,2.3426079813800134,85850.00000290398,5.768781316034187,6585000.0,
0.797979797979798,0.9545418687457847,2.1090909090909093,1.9181825353417519,85860.00000290456,5.796701835693408,6586000.0,
0.8585858585858586,1.154776226270044,2.5515151515151517,2.3205599062611424,85870.00000290514,5.621207604878626,6587000.0,
0.8686868686868687,1.1547762262700438,2.5515151515151513,2.320559906261143,85880.00000290573,5.556309842031227,6588000.0,
0.8080808080808081,0.9463130595324589,2.090909090909091,1.901646479002599,85890.00000290631,5.715559911345837,6589000.0,
0.8585858585858586,0.8695108402080853,1.9212121212121211,1.7473099531705039,85900.00000290689,5.290369096406544,6590000.0,
0.898989898989899,1.1684909082922537,2.5818181818181816,2.348120000159731,85910.00000290747,5.385622471178554,6591000.0,
0.8080808080808081,1.0231152788568323,2.2606060606060603,2.055983004834694,85920.00000290805,5.812102657759836,6592000.0,
0.8080808080808081,0.9956859148124131,2.2,2.000862817037517,85930.00000290864,5.778658819754897,6593000.0,
0.7878787878787878,1.0313440880701579,2.278787878787879,2.072519061173847,85940.00000290922,5.972600829909114,6594000.0,
0.8383838383838383,1.209634954358882,2.6727272727272724,2.430800281855496,85950.0000029098,5.825947716813215,6595000.0,
0.7878787878787878,1.1054033709900897,2.442424242424242,2.2213435682262244,85960.00000291038,6.067624791563958,6596000.0,
0.8484848484848485,1.2068920179544402,2.6666666666666674,2.425288263075778,85970.00000291097,5.754310830850736,6597000.0,
0.8484848484848485,0.9682565507679941,2.1393939393939396,1.9457426292403401,85980.00000291155,5.473538077857214,6598000.0,
0.8080808080808081,1.0011717876212969,2.212121212121212,2.0118868545969524,85990.00000291213,5.788447587356066,6599000.0,
0.8686868686868687,1.2585911049876315,2.0727272727272723,1.8210090517297464,86000.00000291271,5.3124434976229455,6600000.0,
0.8787878787878788,1.3616336515948062,2.242424242424242,1.9700975121052817,86010.0000029133,5.7338107071479,6601000.0,
0.8080808080808081,1.1960295588332754,1.9696969696969697,1.7304910579303145,86020.00000291388,6.031084079230976,6602000.0,
0.7777777777777778,1.254911014037375,2.066666666666667,1.8156844638591916,86030.00000291446,6.342285589658263,6603000.0,
0.7878787878787878,1.2438707411866066,2.048484848484849,1.799710700247527,86040.00000291504,6.247474402454647,6604000.0,
0.7575757575757576,1.096667103176357,1.806060606060606,1.5867271854253349,86050.00000291562,6.303597909712669,6605000.0,
0.7070707070707071,1.008344920370208,1.6606060606060604,1.4589370765320189,86060.0000029162,6.629513530437767,6606000.0,
0.8080808080808081,1.1923494678830193,1.9636363636363636,1.7251664700597598,86070.00000291679,6.029029966680179,6607000.0,
0.8484848484848485,1.3947544701471122,2.296969696969697,2.018018802940275,86080.00000291737,5.980958244744785,6608000.0,
0.7777777777777778,1.3137924692414749,2.1636363636363636,1.9008778697880688,86090.00000291795,6.421107200894885,6609000.0,
0.797979797979798,1.1776291040819942,1.939393939393939,1.7038681185775404,86100.00000291853,6.088418750862277,6610000.0,
0.8080808080808081,1.236510559286094,2.036363636363636,1.7890615245064176,86110.00000291911,6.085679317291602,6611000.0,
0.8787878787878788,1.3064322873409624,2.1515151515151514,1.8902286940469593,86120.0000029197,5.676052832882326,6612000.0,
0.8080808080808081,1.1445082855296882,1.8848484848484848,1.6559468277425475,86130.00000292028,5.972826503518107,6613000.0,
0.7777777777777778,1.2291503773855814,2.024242424242424,1.7784123487653076,86140.00000292086,6.314879056820575,6614000.0,
0.7474747474747475,1.0304254660717451,1.6969696969696966,1.4908846037553483,86150.00000292144,6.305566502096174,6615000.0,
0.797979797979798,1.1665888312312258,1.9212121212121207,1.687894354965876,86160.00000292202,6.077621446910225,6616000.0,
0.8181818181818182,1.2438707411866063,2.048484848484848,1.7997107002475272,86170.0000029226,6.022506214709787,6617000.0,
0.7878787878787878,1.155548558380457,1.9030303030303028,1.6719205913542117,86180.00000292319,6.142552657611363,6618000.0,
0.8181818181818182,1.2401906502363502,2.042424242424242,1.7943861123769724,86190.00000292377,6.018995980091631,6619000.0,
0.797979797979798,1.155548558380457,1.903030303030303,1.6719205913542117,86200.00000292435,6.065811484730266,6620000.0,
0.8080808080808081,1.1592286493307133,1.9090909090909092,1.6772451792247665,86210.00000292493,5.995042953722108,6621000.0,
0.8484848484848485,1.218110104534813,2.0060606060606063,1.7624385851536435,86220.00000292552,5.779436909083058,6622000.0,
0.8181818181818182,1.1481883764799445,1.8909090909090909,1.6612714156131019,86230.0000029261,5.908524065253669,6623000.0,
0.8585858585858586,1.2438707411866066,2.0484848484848484,1.7997107002475272,86240.00000292668,5.742388275194225,6624000.0,
0.8080808080808081,1.2144300135845567,2.0,1.7571139972830887,86250.00000292726,6.065354641986356,6625000.0,
0.797979797979798,1.012025011320464,1.6666666666666667,1.4642616644025739,86260.00000292785,5.888990837148932,6626000.0,
0.8181818181818182,1.3542734696942933,2.23030303030303,1.9594483363641717,86270.00000292843,6.162381154491075,6627000.0,
0.8282828282828283,1.457316016301468,2.3999999999999995,2.108536796739706,86280.00000292901,6.212122995462069,6628000.0,
0.7676767676767676,1.1665888312312258,1.9212121212121211,1.687894354965876,86290.00000292959,6.324369661920237,6629000.0,
0.8787878787878788,1.3321929239927561,2.1939393939393934,1.927500809140843,86300.00000293017,5.713642522865883,6630000.0,
0.7878787878787878,1.0672263755743072,1.7575757575757576,1.5441304824608963,86310.00000293076,6.037118092255227,6631000.0,
0.8080808080808081,1.1665888312312256,1.9212121212121211,1.6878943549658765,86320.00000293134,6.0096511788243125,6632000.0,
0.8787878787878788,1.4425956525004429,2.375757575757576,2.087238445257487,86330.00000293192,5.840652524271262,6633000.0,
0.8080808080808081,1.1923494678830193,1.9636363636363634,1.7251664700597598,86340.0000029325,6.0425299666809655,6634000.0,
0.8383838383838383,1.380034106346087,2.272727272727272,1.9967204514580554,86350.00000293308,6.048472006534015,6635000.0,
0.8383838383838383,1.365313742545062,2.2484848484848476,1.9754220999758365,86360.00000293367,6.0313959099520975,6636000.0,
0.898989898989899,1.4573160163014682,2.4000000000000004,2.108536796739706,86370.00000293425,5.727573995819222,6637000.0,
0.7070707070707071,1.0120250113204636,1.6666666666666663,1.4642616644025739,86380.00000293483,6.653003944782765,6638000.0,
0.9090909090909091,1.4352354705999306,2.3636363636363638,2.0765892695163775,86390.00000293541,5.640534573371812,6639000.0,
0.797979797979798,1.207069831684044,1.987878787878788,1.7464648215419794,86400.000002936,6.140502700642944,6640000.0,
0.8585858585858586,1.1997096497835318,1.9757575757575756,1.7358156458008696,86410.00000293658,5.6989535922664025,6641000.0,
0.8585858585858586,1.3505933787440372,2.224242424242424,1.954123748493617,86420.00000293716,5.875159347173372,6642000.0,
0.8383838383838383,1.3800341063460873,2.2727272727272725,1.9967204514580552,86430.00000293774,6.052327428220987,6643000.0,
0.8585858585858586,1.3211526511419873,2.1757575757575753,1.9115270455291782,86440.00000293832,5.841810735025158,6644000.0,
0.8282828282828283,1.365313742545062,2.2484848484848485,1.9754220999758363,86450.0000029389,6.109339762512745,6645000.0,
0.8181818181818182,1.1445082855296884,1.8848484848484848,1.655946827742547,86460.00000293949,5.9153842010064865,6646000.0,
0.8484848484848485,1.2512309230871188,2.06060606060606,1.8103598759886368,86470.00000294007,5.830376921425159,6647000.0,
0.8585858585858586,1.2438707411866068,2.0484848484848484,1.799710700247527,86480.00000294065,5.753682392841941,6648000.0,
0.8484848484848485,1.203389740733788,1.9818181818181815,1.741140233671424,86490.00000294123,5.774945051746885,6649000.0,
0.8181818181818182,1.0745865574748201,1.7696969696969698,1.554779658202006,86500.00000294182,5.831899619803738,6650000.0,
0.8383838383838383,1.350593378744037,2.224242424242424,1.954123748493617,86510.0000029424,6.021066801322381,6651000.0,
0.7777777777777778,1.2806716506891689,2.109090909090909,1.8529565789530753,86520.00000294298,6.400860953666597,6652000.0,
0.8181818181818182,1.2659512868881437,2.0848484848484845,1.831658227470856,86530.00000294356,6.067271326123812,6653000.0,
0.7777777777777778,1.04514582987277,1.721212121212121,1.5121829552375672,86540.00000294414,6.099081002227391,6654000.0,
0.797979797979798,1.2622711959378876,2.078787878787879,1.8263336396003012,86550.00000294473,6.217274030531114,6655000.0,
0.8282828282828283,1.1297879217286633,1.8606060606060606,1.6346484762603277,86560.00000294531,5.830351271527404,6656000.0,
0.9191919191919192,1.3211526511419875,2.1757575757575762,1.9115270455291784,86570.00000294589,5.462350686562293,6657000.0,
0.8080808080808081,1.3321929239927561,2.193939393939394,1.9275008091408423,86580.00000294647,6.227586243617464,6658000.0,
0.797979797979798,1.1077073760271259,1.8242424242424242,1.6027009490369992,86590.00000294705,6.025605446086102,6659000.0,
0.8484848484848485,0.9545418687457847,2.1090909090909093,1.9181825353417514,86600.00000294764,5.871265398004126,6660000.0,
0.8888888888888888,0.9984288512168552,2.2060606060606056,2.006374835817234,86610.00000294822,5.287321094143066,6661000.0,
0.8181818181818182,0.9325983775102493,2.0606060606060606,1.8740863851040106,86620.0000029488,5.664284436884421,6662000.0,
0.7878787878787878,1.0286011516657163,2.272727272727273,2.0670070423941294,86630.00000294938,6.004504026013228,6663000.0,
0.8787878787878788,0.9243695682969236,2.0424242424242425,1.8575503287648574,86640.00000294996,5.265199853741651,6664000.0,
0.8585858585858586,0.9819712327902035,2.1696969696969695,1.9733027231389288,86650.00000295055,5.456646494827772,6665000.0,
0.8585858585858586,1.0478017064968097,2.3151515151515154,2.105591173852153,86660.00000295113,5.533790223027258,6666000.0,
0.84,0.9830135486238913,2.1719999999999997,1.9753972902752215,86670.00000295171,5.535489939006242,6667000.0,
0.79,0.9612894923007116,2.124,1.9317421015398577,86680.00000295229,5.858844927141881,6668000.0,
0.81,0.9585739852603141,2.118,1.926285202947937,86690.00000295287,5.711323438767547,6669000.0,
0.84,1.072625280957009,2.3699999999999997,2.155474943808598,86700.00000295346,5.643599144164798,6670000.0,
0.82,1.2491332385828455,2.7599999999999993,2.5101733522834304,86710.00000295404,5.996989315517427,6671000.0,
0.85,1.018315140149059,2.2499999999999996,2.046336971970188,86720.00000295462,5.5142507532829725,6672000.0,
0.88,1.1160733936033684,2.4659999999999997,2.242785321279326,86730.0000029552,5.437808401982795,6673000.0,
0.85,1.1812455625729086,2.61,2.3737508874854183,86740.00000295579,5.706874779664027,6674000.0,
0.81,1.0101686190278665,2.2319999999999998,2.029966276194427,86750.00000295637,5.777983480456055,6675000.0,
0.92,1.1595215062497286,2.562,2.3300956987500543,86760.00000295695,5.249912506947054,6676000.0,
0.85,1.1106423795225737,2.454,2.231871524095485,86770.00000295753,5.62522397607548,6677000.0,
0.78,1.0590477457550214,2.34,2.128190450848996,86780.00000295811,6.064417622944396,6678000.0,
0.84,1.0427547035126363,2.304,2.0954490592974726,86790.0000029587,5.612324647207461,6679000.0,
0.85,0.8390916754828247,1.8539999999999994,1.686181664903435,86800.00000295928,5.307164324264093,6680000.0,
0.83,0.9504274641391218,2.0999999999999996,1.909914507172175,86810.00000295986,5.569669234073252,6681000.0,
0.88,1.2246936752192683,2.7059999999999995,2.461061264956146,86820.00000296044,5.565331449273828,6682000.0,
0.88,1.124219914724561,2.484,2.259156017055088,86830.00000296102,5.451611266893506,6683000.0,
0.84,0.9884445627046865,2.184,1.9863110874590626,86840.0000029616,5.5500506700552785,6684000.0,
0.91,1.3224519286735779,2.9219999999999997,2.657509614265284,86850.00000296219,5.490604317379503,6685000.0,
0.81,1.1459439710477413,2.5319999999999996,2.3028112057904515,86860.00000296277,5.951039470604365,6686000.0,
0.81,0.9042638444523642,1.9979999999999998,1.817147231109527,86870.00000296335,5.653162771103927,6687000.0,
0.78,0.9069793514927618,2.004,1.8226041297014473,86880.00000296393,5.87458634824949,6688000.0,
0.89,1.1187889006437661,2.4719999999999995,2.2482422198712464,86890.00000296452,5.386951573916438,6689000.0,
0.9,1.1975386048152934,2.6459999999999995,2.406492279036941,86900.0000029651,5.415040672174645,6690000.0,
0.84,0.9341344218967369,2.064,1.8771731156206526,86910.00000296568,5.4887290738555325,6691000.0,
0.83,1.0699097739166112,2.364,2.1500180452166777,86920.00000296626,5.718925028986199,6692000.0,
0.85,1.0699097739166112,2.364,2.1500180452166773,86930.00000296684,5.584832675363021,6693000.0,
0.85,1.0481857175934313,2.316,2.1063628564813133,86940.00000296743,5.559745550276955,6694000.0,
0.85,1.007453111987469,2.2259999999999995,2.0245093776025063,86950.00000296801,5.512295426034674,6695000.0,
0.84,1.0509012246338287,2.322,2.1118197550732334,86960.00000296859,5.630118124733162,6696000.0,
0.8,0.9938755767854814,2.1959999999999997,1.997224884642903,86970.00000296917,5.840841971159415,6697000.0,
0.76,0.8852552951695819,1.956,1.7789489409660835,86980.00000296975,6.005859599094283,6698000.0,
0.9,1.0780562950378036,2.3819999999999997,2.166388740992439,86990.00000297034,5.286282550199889,6699000.0,
0.88,1.1405129569669459,2.52,2.2918974086066104,87000.00000297092,5.477853360351211,6700000.0,
0.83,0.923272393735147,2.04,1.8553455212529704,87010.0000029715,5.546590835996735,6701000.0,
0.91,1.2328401963404607,2.7239999999999998,2.4774319607319075,87020.00000297208,5.399602413717173,6702000.0,
0.85,1.0807718020782013,2.388,2.1718456395843595,87030.00000297267,5.60231741437693,6703000.0,
0.87,1.2301246893000632,2.718,2.4719750621399874,87040.00000297325,5.645658263726754,6704000.0,
0.83,1.0454702105530336,2.3099999999999996,2.100905957889393,87050.00000297383,5.695744832162975,6705000.0,
0.85,1.1921075907344985,2.634,2.3955784818531005,87060.00000297441,5.734712459855008,6706000.0,
0.88,0.9993065908662764,2.2079999999999997,2.0081386818267446,87070.000002975,5.320573398873363,6707000.0,
0.8,1.1758145484921134,2.5980000000000003,2.3628370903015767,87080.00000297558,6.073765685793026,6708000.0,
0.92,1.162237013290126,2.5679999999999996,2.3355525973419744,87090.00000297616,5.267211971122235,6709000.0,
0.81,0.9667205063815066,2.136,1.9426558987236984,87100.00000297674,5.741627785831925,6710000.0,
0.81,0.9096948585331595,2.01,1.8280610282933683,87110.00000297732,5.671719578611772,6711000.0,
0.84,0.9857290556642888,2.1779999999999995,1.9808541888671416,87120.0000029779,5.560151256912723,6712000.0,
0.88,1.1052113654417786,2.4419999999999997,2.220957726911644,87130.00000297849,5.443647006345683,6713000.0,
0.74,0.9015483374119669,1.9920000000000002,1.8116903325176066,87140.00000297907,6.198846402100557,6714000.0,
0.83,0.9884445627046865,2.184,1.9863110874590624,87150.00000297965,5.631858509454403,6715000.0,
0.83,0.9504274641391217,2.0999999999999996,1.9099145071721757,87160.00000298023,5.586536703953751,6716000.0,
0.87,0.9667205063815066,2.136,1.9426558987236984,87170.00000298081,5.3488718465793355,6717000.0,
0.88,1.0780562950378039,2.3819999999999997,2.166388740992439,87180.0000029814,5.415061699068572,6718000.0,
0.81,0.9314189148563392,2.058,1.8717162170287325,87190.00000298198,5.702490018517162,6719000.0,
0.83,1.442742856138453,2.376,2.0874514287723094,87200.00000298256,5.738962395349389,6720000.0,
0.82,1.2751515142637846,2.0999999999999996,1.8449696971472431,87210.00000298314,6.053109163910236,6721000.0,
0.84,1.348017315078858,2.22,1.9503965369842284,87220.00000298372,5.996208708597012,6722000.0,
0.83,1.2970112545083066,2.136,1.8765977490983388,87230.0000029843,6.007481029699954,6723000.0,
0.81,1.1439930727966525,1.8839999999999997,1.6552013854406695,87240.00000298489,5.967396386344854,6724000.0,
0.78,1.1294199126336375,1.86,1.6341160174732723,87250.00000298547,6.17874091381582,6725000.0,
0.82,1.1549229429189134,1.9019999999999997,1.6710154114162175,87260.00000298605,5.908927979343461,6726000.0,
0.79,1.1877125532856967,1.956,1.718457489342861,87270.00000298664,6.175329814466386,6727000.0,
0.87,1.3115844146713216,2.1599999999999997,1.8976831170657353,87280.00000298722,5.750324614728842,6728000.0,
0.85,1.3006545445490598,2.142,1.881869091090188,87290.0000029878,5.873238287872771,6729000.0,
0.87,1.1148467524706231,1.8360000000000003,1.6130306495058755,87300.00000298838,5.525108911049933,6730000.0,
0.86,1.2678649341822772,2.0879999999999996,1.8344270131635445,87310.00000298896,5.7677475980524635,6731000.0,
0.83,1.4973922067497583,2.4659999999999997,2.1665215586500484,87320.00000298955,6.253241213123642,6732000.0,
0.83,1.1476363628374062,1.89,1.6604727274325188,87330.00000299013,5.832330557807584,6733000.0,
0.77,1.023764501451781,1.686,1.4812470997096439,87340.00000299071,6.126444807265835,6734000.0,
0.77,1.2168588736117258,2.004,1.7606282252776546,87350.00000299129,6.377736199681379,6735000.0,
0.8,1.1184900425113768,1.842,1.6183019914977248,87360.00000299187,6.016110053317918,6736000.0,
0.84,1.3698770553233799,2.256,1.9820245889353245,87370.00000299246,6.029375066031382,6737000.0,
0.84,1.202285713448711,1.9799999999999998,1.7395428573102578,87380.00000299304,5.8303377542758525,6738000.0,
0.83,1.3553038951603655,2.2319999999999998,1.960939220967927,87390.00000299362,6.085423970245052,6739000.0,
0.79,1.2423619038970015,2.046,1.7975276192205996,87400.0000029942,6.2510884861266485,6740000.0,
0.88,1.3407307349973505,2.208,1.9398538530005296,87410.00000299478,5.724009926295937,6741000.0,
0.79,1.1075601723891157,1.8239999999999998,1.6024879655221766,87420.00000299537,6.0814660411800165,6742000.0,
0.83,1.15127965287816,1.8960000000000001,1.6657440694243681,87430.00000299595,5.8415393409894945,6743000.0,
0.88,1.4390995660976995,2.37,2.0821800867804603,87440.00000299653,5.8371563252736856,6744000.0,
0.85,1.2605783541007698,2.0759999999999996,1.8238843291798457,87450.00000299711,5.833619240286985,6745000.0,
0.88,1.3188709947528283,2.1719999999999997,1.9082258010494342,87460.0000029977,5.701442039654567,6746000.0,
0.8,1.2205021636524793,2.01,1.765899567269504,87470.00000299828,6.149125204744617,6747000.0,
0.85,1.311584414671321,2.16,1.8976831170657358,87480.00000299886,5.895038135075951,6748000.0,
0.84,1.205929003489465,1.9859999999999993,1.7448141993021071,87490.00000299944,5.839913099562769,6749000.0,
0.86,1.2241454536932332,2.016,1.7711709092613535,87500.00000300002,5.7257482021354855,6750000.0,
0.81,1.2132155835709721,1.9980000000000002,1.755356883285806,87510.0000030006,6.066189609523802,6751000.0,
0.81,1.1148467524706231,1.8359999999999999,1.6130306495058753,87520.00000300119,5.945240435325869,6752000.0,
0.78,1.136706492715145,1.8719999999999997,1.6446587014569714,87530.00000300177,6.202441657510895,6753000.0,
0.79,1.2897246744267992,2.124,1.8660550651146406,87540.00000300235,6.31812996781035,6754000.0,
0.86,1.271508224223031,2.094,1.8396983551553938,87550.00000300293,5.783146772519105,6755000.0,
0.84,1.1767826831634356,1.9380000000000002,1.7026434633673129,87560.00000300352,5.808548432508165,6756000.0,
0.82,1.1439930727966525,1.8839999999999997,1.6552013854406695,87570.0000030041,5.910720820658659,6757000.0,
0.79,1.1439930727966523,1.8839999999999997,1.6552013854406697,87580.00000300468,6.135684902455851,6758000.0,
0.83,1.2532917740192626,2.0639999999999996,1.8133416451961477,87590.00000300526,5.9721563544129594,6759000.0,
0.84,1.2277887437339867,2.0220000000000002,1.776442251253203,87600.00000300584,5.871174695092266,6760000.0,
0.86,1.2205021636524795,2.01,1.7658995672695041,87610.00000300643,5.726628097437232,6761000.0,
0.84,1.348017315078858,2.2199999999999998,1.9503965369842284,87620.00000300701,6.01525632764574,6762000.0,
0.81,1.0747705620223327,1.7699999999999998,1.5550458875955337,87630.00000300759,5.901195755760394,6763000.0,
0.8,1.1294199126336377,1.8599999999999997,1.6341160174732723,87640.00000300817,6.04377239097156,6764000.0,
0.82,1.2168588736117258,2.0039999999999996,1.7606282252776548,87650.00000300875,6.0034839923845835,6765000.0,
0.79,1.0857004321445936,1.788,1.5708599135710812,87660.00000300934,6.065947382643354,6766000.0,
0.79,1.442742856138453,2.3759999999999994,2.0874514287723094,87670.00000300992,6.518406147192573,6767000.0,
0.76,1.1877125532856965,1.9559999999999997,1.718457489342861,87680.0000030105,6.440671780828157,6768000.0,
0.83,1.2751515142637844,2.1,1.8449696971472431,87690.00000301108,6.003312667960857,6769000.0,
0.87,1.4901056266682509,2.4539999999999993,2.15597887466635,87700.00000301166,5.974831754956323,6770000.0,
0.83,1.3115844146713211,2.16,1.8976831170657358,87710.00000301225,6.048171584114572,6771000.0,
0.89,1.249648483978509,2.0580000000000003,1.8080703032042984,87720.00000301283,5.571288184407084,6772000.0,
0.86,1.249648483978509,2.058,1.8080703032042982,87730.00000301341,5.76610056293294,6773000.0,
0.8,1.092987012226101,1.8000000000000003,1.5814025975547799,87740.00000301399,6.00323126546243,6774000.0,
0.89,1.377163635404887,2.268,1.9925672729190227,87750.00000301457,5.715911950054779,6775000.0,
0.8,1.2860813843860455,2.1179999999999994,1.8607837231227913,87760.00000301516,6.245599230662419,6776000.0,
0.86,1.3771636354048875,2.2680000000000002,1.9925672729190225,87770.00000301574,5.916234459940465,6777000.0,
0.85,1.1986424234079578,1.9739999999999998,1.7342715153184085,87780.00000301632,5.776282851237522,6778000.0,
0.83,1.2205021636524795,2.0099999999999993,1.7658995672695041,87790.0000030169,5.9422893539716135,6779000.0,
0.78,0.7929280557960672,1.7519999999999998,1.5934143888407866,87800.00000301749,6.1228701180051965,6780000.0,
0.86,1.1350819428861512,2.508,2.2809836114227697,87810.00000301807,5.6366045849187865,6781000.0,
0.93,1.1432284640073433,2.526,2.297354307198531,87820.00000301865,5.221533832420831,6782000.0,
0.85,1.0862028161589963,2.4,2.1827594367682006,87830.00000301923,5.646353901532998,6783000.0,
0.9,1.1649525203305235,2.574,2.341009495933895,87840.00000301981,5.420611689416221,6784000.0,
0.8,1.029177168310649,2.274,2.06816456633787,87850.0000030204,5.928968960568435,6785000.0,
0.84,1.0373236894318412,2.292,2.0845352621136315,87860.00000302098,5.6568115352094805,6786000.0,
0.88,1.1350819428861512,2.508,2.2809836114227697,87870.00000302156,5.5112272079889735,6787000.0,
0.91,1.2111161400172807,2.676,2.433776771996543,87880.00000302214,5.413532022155439,6788000.0,
0.77,1.0943493372801887,2.4180000000000006,2.1991301325439623,87890.00000302272,6.246684853797897,6789000.0,
0.87,1.1133578865629712,2.4599999999999995,2.2373284226874053,87900.0000030233,5.550983777824352,6790000.0,
0.81,1.0047376049470715,2.22,2.0190524790105853,87910.00000302389,5.8285624754213705,6791000.0,
0.86,1.1405129569669463,2.52,2.2918974086066104,87920.00000302447,5.64803599664094,6792000.0,
0.89,1.1459439710477408,2.532,2.302811205790452,87930.00000302505,5.4642044620135115,6793000.0,
0.77,0.8716777599675946,1.926,1.751664448006481,87940.00000302563,5.960098389755719,6794000.0,
0.9,1.1812455625729084,2.61,2.373750887485418,87950.00000302622,5.443603958574712,6795000.0,
0.82,1.012884126068264,2.2379999999999995,2.035423174786347,87960.0000030268,5.769856251478804,6796000.0,
0.84,1.0481857175934313,2.316,2.1063628564813133,87970.00000302738,5.674980616354535,6797000.0,
0.83,1.0536167316742264,2.328,2.117276653665155,87980.00000302796,5.7503791949622025,6798000.0,
0.87,1.1540904921689334,2.55,2.319181901566213,87990.00000302854,5.601940795762481,6799000.0,
0.84,1.1866765766537033,2.6220000000000003,2.384664684669259,88000.00000302913,5.841279258093037,6800000.0,
0.86,0.9721515204623015,2.1479999999999997,1.9535696959075393,88010.00000302971,5.456452930938108,6801000.0,
0.85,1.0563322387146237,2.3339999999999996,2.1227335522570754,88020.00000303029,5.620153222187199,6802000.0,
0.72,0.8173676191596446,1.806,1.642526476168071,88030.00000303087,6.30356336014467,6803000.0,
0.82,0.9259879007755444,2.046,1.8608024198448907,88040.00000303145,5.667787684048885,6804000.0,
0.87,1.251848745623243,2.7659999999999996,2.5156302508753514,88050.00000303204,5.717065225020469,6805000.0,
0.84,1.042754703512636,2.304,2.0954490592974726,88060.00000303262,5.672800837687171,6806000.0,
0.86,1.0617632527954188,2.346,2.133647349440916,88070.0000030332,5.563443317372129,6807000.0,
0.85,1.118788900643766,2.472,2.248242219871246,88080.00000303378,5.696455177398119,6808000.0,
0.87,1.1540904921689337,2.55,2.319181901566213,88090.00000303437,5.606538496912174,6809000.0,
0.81,1.2002541118556909,2.6519999999999997,2.4119491776288613,88100.00000303495,6.079323595062188,6810000.0,
0.85,1.0943493372801887,2.4179999999999997,2.1991301325439623,88110.00000303553,5.6691145146175215,6811000.0,
0.88,1.129650928805356,2.496,2.2700698142389286,88120.00000303611,5.516419237443277,6812000.0,
0.8,1.0807718020782011,2.388,2.1718456395843595,88130.0000030367,6.00746225277869,6813000.0,
0.88,0.8662467458867994,1.9140000000000001,1.7407506508226396,88140.00000303728,5.218005393217697,6814000.0,
0.83,1.183961069613306,2.6159999999999997,2.379207786077339,88150.00000303786,5.915613337057955,6815000.0,
0.84,1.0699097739166112,2.364,2.1500180452166777,88160.00000303844,5.709890207215991,6816000.0,
0.91,1.322451928673578,2.9220000000000006,2.657509614265284,88170.00000303902,5.548626295404859,6817000.0,
0.84,1.0644787598358163,2.352,2.139104248032836,88180.0000030396,5.704377095215099,6818000.0,
0.88,1.1921075907344985,2.6340000000000003,2.3955784818531005,88190.00000304019,5.590574535090215,6819000.0,
0.79,0.8988328303715696,1.9860000000000002,1.8062334339256862,88200.00000304077,5.8567478867297265,6820000.0,
0.82,1.0264616612702513,2.268,2.0627076677459493,88210.00000304135,5.798609343189255,6821000.0,
0.85,1.0699097739166112,2.364,2.1500180452166773,88220.00000304193,5.6455385577194965,6822000.0,
0.87,1.2844348301080128,2.838,2.581113033978397,88230.00000304251,5.76279635661264,6823000.0,
0.86,0.9884445627046865,2.1839999999999997,1.9863110874590626,88240.0000030431,5.486096003313596,6824000.0,
0.82,1.0481857175934313,2.316,2.106362856481314,88250.00000304368,5.827053314315197,6825000.0,
0.84,0.9694360134219042,2.1420000000000003,1.9481127973156185,88260.00000304426,5.5950404923416155,6826000.0,
0.87,1.0183151401490589,2.25,2.046336971970188,88270.00000304484,5.458750735970271,6827000.0,
0.87,1.1269354217649588,2.49,2.2646129156470085,88280.00000304542,5.58406140449432,6828000.0,
0.8,0.8988328303715691,1.9860000000000002,1.8062334339256858,88290.000003046,5.788038538145865,6829000.0,
0.81,1.029177168310649,2.2739999999999996,2.06816456633787,88300.00000304659,5.8779940351306115,6830000.0,
0.81,0.9640049993411091,2.1300000000000003,1.9371990001317778,88310.00000304717,5.798028394427505,6831000.0,
0.86,0.9640049993411091,2.13,1.937199000131778,88320.00000304775,5.46139883661198,6832000.0,
0.78,0.9667205063815066,2.136,1.9426558987236981,88330.00000304834,6.025536546829133,6833000.0,
0.86,1.1187889006437661,2.4719999999999995,2.2482422198712464,88340.00000304892,5.642310349754658,6834000.0,
0.81,0.9857290556642888,2.178,1.9808541888671423,88350.0000030495,5.826823525690806,6835000.0,
0.79,0.9504274641391216,2.0999999999999996,1.9099145071721753,88360.00000305008,5.930158815549883,6836000.0,
0.78,0.9341344218967368,2.064,1.8771731156206526,88370.00000305066,5.985810797489803,6837000.0,
0.87,1.2111161400172805,2.6759999999999997,2.4337767719965435,88380.00000305125,5.6854185519110505,6838000.0,
0.94,1.072625280957009,2.3699999999999997,2.155474943808598,88390.00000305183,5.1151311501088985,6839000.0,
0.85,1.4901056266682509,2.454,2.1559788746663497,88400.00000305241,5.7019298584328855,6840000.0,
0.86,1.3808069254456412,2.2739999999999996,1.9978386149108718,88410.00000305299,5.950238285570982,6841000.0,
0.79,1.1294199126336375,1.8600000000000003,1.6341160174732727,88420.00000305357,6.159769509846916,6842000.0,
0.84,1.1840692632449425,1.9499999999999997,1.713186147351011,88430.00000305416,5.858651504036182,6843000.0,
0.78,1.2168588736117258,2.0039999999999996,1.7606282252776548,88440.00000305474,6.351867786868204,6844000.0,
0.81,1.1549229429189136,1.902,1.6710154114162175,88450.00000305532,6.040643139585692,6845000.0,
0.8,1.2751515142637846,2.0999999999999996,1.8449696971472433,88460.0000030559,6.26693689301163,6846000.0,
0.8,1.1002735923076084,1.8119999999999998,1.591945281538478,88470.00000305648,6.048839490566439,6847000.0,
0.77,1.1184900425113768,1.8419999999999999,1.6183019914977248,88480.00000305707,6.308685769684341,6848000.0,
0.92,1.2933679644675526,2.13,1.8713264071064892,88490.00000305765,5.4706151789273285,6849000.0,
0.87,1.2897246744267992,2.124,1.8660550651146404,88500.00000305823,5.781290430543002,6850000.0,
0.78,1.0857004321445936,1.7879999999999998,1.5708599135710815,88510.00000305881,6.1873056824233705,6851000.0,
0.77,1.15127965287816,1.8959999999999997,1.6657440694243681,88520.0000030594,6.353347601329634,6852000.0,
0.83,1.2277887437339867,2.022,1.7764422512532028,88530.00000305998,5.986731016722492,6853000.0,
0.74,1.0674839819408255,1.7579999999999998,1.544503203611835,88540.00000306056,6.498759435252069,6854000.0,
0.86,1.2897246744267992,2.1239999999999997,1.8660550651146406,88550.00000306114,5.8508403192703815,6855000.0,
0.89,1.2168588736117256,2.004,1.7606282252776548,88560.00000306172,5.572198734558963,6856000.0,
0.83,1.2751515142637846,2.0999999999999996,1.844969697147243,88570.0000030623,6.045722306517542,6857000.0,
0.9,1.256935064060016,2.07,1.818612987187997,88580.00000306289,5.555703404673128,6858000.0,
0.87,1.4172398258531778,2.3339999999999996,2.0505520348293644,88590.00000306347,5.931997501148276,6859000.0,
0.88,1.282438094345292,2.112,1.8555123811309417,88600.00000306405,5.711859198285384,6860000.0,
0.82,1.2970112545083063,2.1359999999999992,1.8765977490983388,88610.00000306463,6.148060066651433,6861000.0,
0.85,1.544754977279556,2.5439999999999996,2.2350490045440887,88620.00000306522,6.223003502853468,6862000.0,
0.86,1.1403497827558986,1.8780000000000001,1.6499300434488202,88630.0000030658,5.680869515002109,6863000.0,
0.77,1.1403497827558986,1.878,1.64993004344882,88640.00000306638,6.345386731041346,6864000.0,
0.8,1.0128346313295205,1.6679999999999995,1.4654330737340961,88650.00000306696,5.948540789344352,6865000.0,
0.82,1.3115844146713211,2.1599999999999997,1.8976831170657358,88660.00000306754,6.16827123758208,6866000.0,
0.83,1.2678649341822772,2.0879999999999996,1.8344270131635445,88670.00000306813,6.041762571479862,6867000.0,
0.83,1.3990233756494093,2.3040000000000003,2.024195324870118,88680.00000306871,6.200266717825831,6868000.0,
0.82,1.114846752470623,1.8359999999999999,1.6130306495058755,88690.00000306929,5.929810673922778,6869000.0,
0.82,1.3771636354048875,2.2679999999999993,1.9925672729190222,88700.00000306987,6.250197116525568,6870000.0,
0.81,1.358947185201119,2.238,1.9662105629597764,88710.00000307045,6.305364426354593,6871000.0,
0.86,1.3662337652826262,2.2499999999999996,1.9767532469434748,88720.00000307104,5.9477113551497105,6872000.0,
0.87,1.2751515142637846,2.0999999999999996,1.8449696971472433,88730.00000307162,5.775114384379233,6873000.0,
0.8,1.2350753238154943,2.0340000000000003,1.7869849352369014,88740.0000030722,6.230841654952082,6874000.0,
0.84,1.2751515142637846,2.0999999999999996,1.8449696971472433,88750.00000307278,5.98232085048807,6875000.0,
0.77,1.1184900425113766,1.8419999999999999,1.6183019914977248,88760.00000307336,6.323231224230643,6876000.0,
0.83,1.2059290034894645,1.986,1.7448141993021071,88770.00000307395,5.971960245344223,6877000.0,
0.83,1.326157574834336,2.1839999999999997,1.918768485033133,88780.00000307453,6.117295873470602,6878000.0,
0.85,1.147636362837406,1.89,1.6604727274325188,88790.00000307511,5.763805132921992,6879000.0,
0.85,1.2532917740192628,2.0639999999999996,1.8133416451961475,88800.0000030757,5.888576204900675,6880000.0,
0.75,1.184069263244943,1.95,1.7131861473510113,88810.00000307627,6.581956351188369,6881000.0,
0.79,1.1075601723891155,1.8239999999999998,1.6024879655221766,88820.00000307686,6.1523521171335105,6882000.0,
0.87,1.3625904752418725,2.244,1.9714819049516255,88830.00000307744,5.880216638377303,6883000.0,
0.81,1.2205021636524795,2.01,1.7658995672695044,88840.00000307802,6.140864399751708,6884000.0,
0.77,1.0784138520630864,1.776,1.5603172295873826,88850.0000030786,6.275859548324044,6885000.0,
0.89,1.4354562760569458,2.364,2.076908744788611,88860.00000307919,5.831296939554378,6886000.0,
0.81,1.2751515142637846,2.1,1.8449696971472427,88870.00000307977,6.209814215321307,6887000.0,
0.81,1.1294199126336377,1.86,1.6341160174732723,88880.00000308035,6.0303924849137465,6888000.0,
0.84,1.424526405934685,2.346,2.061094718813063,88890.00000308093,6.166814769144292,6889000.0,
0.87,1.2314320337747404,2.028,1.781713593245052,88900.00000308151,5.732678199909522,6890000.0,
0.8,1.0638406919000718,1.7519999999999998,1.5392318616199858,88910.0000030821,6.025298365058298,6891000.0,
0.78,1.2168588736117258,2.004,1.7606282252776548,88920.00000308268,6.37648317148502,6892000.0,
0.84,1.1694961030819282,1.9259999999999997,1.6921007793836143,88930.00000308326,5.865112027653025,6893000.0,
0.88,1.2423619038970015,2.046,1.7975276192205996,88940.00000308384,5.681772618231407,6894000.0,
0.83,1.1767826831634354,1.9379999999999997,1.702643463367313,88950.00000308442,5.945518895554332,6895000.0,
0.84,1.238718613856248,2.04,1.7922562772287502,88960.000003085,5.94894835000349,6896000.0,
0.79,1.2277887437339872,2.0220000000000002,1.7764422512532025,88970.00000308559,6.312135118836321,6897000.0,
0.82,1.249648483978509,2.0579999999999994,1.8080703032042982,88980.00000308617,6.108349370884438,6898000.0,
0.83,1.2059290034894647,1.9859999999999998,1.7448141993021071,88990.00000308675,5.982562654983396,6899000.0,
0.79,0.8390916754828249,1.8539999999999999,1.6861816649034347,89000.00000308733,6.184524838910963,6900000.0,
0.78,1.0699097739166112,2.364,2.1500180452166777,89010.00000308792,6.192702274440271,6901000.0,
0.89,1.2192626611384734,2.694,2.450147467772305,89020.0000030885,5.595573776725051,6902000.0,
0.82,1.1432284640073436,2.5260000000000002,2.297354307198531,89030.00000308908,5.981007883114866,6903000.0,
0.8,0.9748670275026989,2.154,1.9590265944994598,89040.00000308966,5.92058128456196,6904000.0,
0.94,1.0590477457550214,2.34,2.1281904508489955,89050.00000309024,5.128772070108419,6905000.0,
0.82,0.9422809430179292,2.082,1.8935438113964138,89060.00000309083,5.737413345322982,6906000.0,
0.85,1.0101686190278665,2.2319999999999998,2.0299662761944264,89070.00000309141,5.615254846088007,6907000.0,
0.86,0.9884445627046865,2.184,1.9863110874590626,89080.00000309199,5.525165770757732,6908000.0,
0.77,0.996591083825879,2.202,2.0026817832348236,89090.00000309257,6.182063745419305,6909000.0,
0.84,1.0943493372801887,2.4179999999999997,2.199130132543962,89100.00000309316,5.7837468302704735,6910000.0,
0.84,1.129650928805356,2.496,2.270069814238928,89110.00000309374,5.826248724943319,6911000.0,
0.87,1.1812455625729081,2.61,2.3737508874854183,89120.00000309432,5.68510754335628,6912000.0,
0.82,0.9612894923007116,2.124,1.931742101539857,89130.0000030949,5.764009137131453,6913000.0,
0.86,1.097064844320586,2.424,2.2045870311358824,89140.00000309548,5.654259121474056,6914000.0,
0.85,1.1377974499265486,2.514,2.2864405100146903,89150.00000309607,5.769171117733735,6915000.0,
0.82,1.0726252809570087,2.37,2.155474943808598,89160.00000309665,5.901247903785558,6916000.0,
0.84,1.0699097739166112,2.3639999999999994,2.1500180452166773,89170.00000309723,5.757985445314027,6917000.0,
0.87,1.1079268724821763,2.448,2.226414625503564,89180.00000309781,5.603591807619967,6918000.0,
0.84,1.0155996331086614,2.244,2.040880073378267,89190.0000030984,5.694282896733191,6919000.0,
0.85,1.0671942668762135,2.357999999999999,2.144561146624757,89200.00000309898,5.688461490615831,6920000.0,
0.81,1.1187889006437661,2.472,2.248242219871247,89210.00000309956,6.0335640750506565,6921000.0,
0.8,1.0237461542298538,2.262,2.057250769154029,89220.00000310014,5.9906801929714275,6922000.0,
0.79,0.9938755767854817,2.1959999999999997,1.9972248846429033,89230.00000310072,6.029207059408599,6923000.0,
0.87,1.1079268724821763,2.448,2.226414625503564,89240.0000031013,5.606350428309783,6924000.0,
0.88,1.0074531119874688,2.2260000000000004,2.024509377602506,89250.00000310189,5.428921718335031,6925000.0,
0.77,0.9368499289371343,2.07,1.8826300142125731,89260.00000310247,6.11330899881106,6926000.0,
0.83,0.9938755767854814,2.1959999999999997,1.997224884642904,89270.00000310305,5.740570574617935,6927000.0,
0.87,0.9612894923007117,2.124,1.931742101539857,89280.00000310363,5.439640795917402,6928000.0,
0.85,1.1160733936033687,2.4659999999999997,2.2427853212793263,89290.00000310421,5.750201639706847,6929000.0,
0.87,1.0536167316742264,2.3279999999999994,2.1172766536651544,89300.0000031048,5.54668359979506,6930000.0,
0.89,1.129650928805356,2.4959999999999996,2.2700698142389286,89310.00000310538,5.507920144890847,6931000.0,
0.88,1.2056851259364856,2.6639999999999997,2.422862974812703,89320.00000310596,5.657367188731826,6932000.0,
0.87,1.140512956966946,2.52,2.291897408606611,89330.00000310654,5.647943628867232,6933000.0,
0.8118811881188119,1.1238435078080702,2.483168316831683,2.258399615270069,89340.00000310712,5.986195052480145,6934000.0,
0.8613861386138614,1.215256616098679,2.685148514851485,2.442097191631749,89350.0000031077,5.748743887824434,6935000.0,
0.900990099009901,1.1238435078080704,2.483168316831683,2.258399615270069,89360.00000310829,5.39503290443271,6936000.0,
0.7722772277227723,0.9141310829060859,2.0198019801980203,1.8369757636168025,89370.00000310887,6.023167171644595,6937000.0,
0.8514851485148515,1.0431848828457686,2.304950495049505,2.0963135184803505,89380.00000310945,5.614900850955683,6938000.0,
0.8514851485148515,1.0351190203495384,2.2871287128712865,2.0801049088013794,89390.00000311004,5.605893268256649,6939000.0,
0.8316831683168316,1.010921432860848,2.2336633663366334,2.0314790797644635,89400.00000311062,5.7107483896871,6940000.0,
0.8118811881188119,1.0485621245099221,2.3168316831683162,2.1071192582663323,89410.0000031112,5.8968850559789665,6941000.0,
0.8910891089108911,1.1345979911363773,2.506930693069307,2.280011094842031,89420.00000311178,5.469713301328328,6942000.0,
0.8118811881188119,0.8764903912570118,1.9366336633663368,1.7613355851149342,89430.00000311236,5.685918652826048,6943000.0,
0.8514851485148515,1.0216759161891549,2.257425742574257,2.053090559336426,89440.00000311295,5.592431018021916,6944000.0,
0.8415841584158416,1.0915800578231496,2.4118811881188122,2.193565176554181,89450.00000311353,5.7417574806461245,6945000.0,
0.8811881188118812,1.1211548869759935,2.4772277227722768,2.2529967453770783,89460.00000311411,5.517712849431012,6946000.0,
0.8217821782178217,1.1211548869759937,2.477227722772277,2.2529967453770783,89470.00000311469,5.917065585534488,6947000.0,
0.8316831683168316,0.9679034995476203,2.1386138613861383,1.9450331614766143,89480.00000311527,5.662833969870227,6948000.0,
0.8712871287128713,1.1426638536326075,2.5247524752475243,2.2962197045210027,89490.00000311586,5.6064641958146035,6949000.0,
0.7920792079207921,1.0593166078382292,2.3405940594059405,2.1287307378382945,89500.00000311644,6.06238471758069,6950000.0,
0.8613861386138614,1.2502086869156765,2.762376237623762,2.5123345002406268,89510.00000311702,5.796676751646893,6951000.0,
0.8514851485148515,1.048562124509922,2.3168316831683167,2.1071192582663327,89520.0000031176,5.627727611515126,6952000.0,
0.8613861386138614,1.1292207494722237,2.4950495049504946,2.2692053550560494,89530.00000311818,5.657139031166617,6953000.0,
0.8316831683168316,1.0351190203495386,2.287128712871287,2.080104908801379,89540.00000311877,5.746509774644128,6954000.0,
0.8613861386138614,1.236765582755293,2.7326732673267333,2.4853201507756735,89550.00000311935,5.782909469805636,6955000.0,
0.8217821782178217,1.0243645370212315,2.263366336633663,2.058493429229417,89560.00000311993,5.803621906674125,6956000.0,
0.8118811881188119,0.9652148787155437,2.1326732673267323,1.9396302915836239,89570.00000312051,5.80203052152537,6957000.0,
0.8514851485148515,1.1937476494420654,2.6376237623762373,2.3988742324878243,89580.0000031211,5.801026890796062,6958000.0,
0.8415841584158416,0.8979993579136258,1.9841584158415837,1.8045585442588588,89590.00000312168,5.518326296048132,6959000.0,
0.8217821782178217,1.2985984303676448,2.1386138613861387,1.8788941753126098,89600.00000312226,5.736844017700325,6960000.0,
0.8118811881188119,1.1146303193988953,1.8356435643564355,1.6127175004766567,89610.00000312284,5.9880178326110745,6961000.0,
0.8118811881188119,1.2841695589191153,2.114851485148515,1.858017573364692,89620.00000312342,6.197328359337227,6962000.0,
0.7425742574257426,1.0388787442941159,1.710891089108911,1.5031153402500879,89630.000003124,6.445954042513734,6963000.0,
0.8910891089108911,1.399600530507351,2.3049504950495048,2.0250303889480348,89640.00000312459,5.7768828177341005,6964000.0,
0.8415841584158416,1.1146303193988953,1.8356435643564355,1.6127175004766565,89650.00000312517,5.7785583796954985,6965000.0,
0.7623762376237624,1.3527066982996296,2.227722772277228,1.9571814326173018,89660.00000312575,6.691729565494726,6966000.0,
0.8514851485148515,1.1831674587794097,1.9485148514851482,1.7118813597292668,89670.00000312633,5.792787364552954,6967000.0,
0.8415841584158416,1.3310633911268361,2.192079207920792,1.9258665296954254,89680.00000312692,6.0371435590429,6968000.0,
0.7821782178217822,1.186774676641542,1.9544554455445544,1.7171005102162458,89690.0000031275,6.311696738678912,6969000.0,
0.801980198019802,1.3166345196783062,2.168316831683168,1.904989927747507,89700.00000312808,6.318270203732712,6970000.0,
0.8712871287128713,1.388778876920953,2.287128712871287,2.0093729374870968,89710.00000312866,5.898937120271127,6971000.0,
0.8613861386138614,1.2228468552628655,2.0138613861386134,1.769292015086041,89720.00000312924,5.77456703903902,6972000.0,
0.8910891089108911,1.2553118160220564,2.067326732673267,1.8162643694688563,89730.00000312983,5.618958815923059,6973000.0,
0.8217821782178217,1.2012035480900716,1.9782178217821784,1.7379771121641636,89740.00000313041,6.0274862454451466,6974000.0,
0.8514851485148515,1.35270669829963,2.2277227722772275,1.9571814326173018,89750.00000313099,5.995618331896686,6975000.0,
0.8811881188118812,1.4320654912665416,2.3584158415841583,2.0720027433308505,89760.00000313157,5.88402713070534,6976000.0,
0.801980198019802,1.1254519729852923,1.8534653465346531,1.628374951937595,89770.00000313215,6.08333888007866,6977000.0,
0.8613861386138614,1.1867746766415421,1.9544554455445542,1.7171005102162462,89780.00000313274,5.735448762708678,6978000.0,
0.8613861386138614,1.4248510555422764,2.3465346534653464,2.0615644423568913,89790.00000313332,6.012296053156684,6979000.0,
0.801980198019802,1.1110231015367629,1.8297029702970298,1.6074983499896773,89800.0000031339,6.06682880580342,6980000.0,
0.8118811881188119,1.2697406874705859,2.091089108910891,1.837140971416774,89810.00000313448,6.188824505480431,6981000.0,
0.8613861386138614,1.3094200839540422,2.1564356435643566,1.8945516267735483,89820.00000313506,5.8796692930370895,6982000.0,
0.7821782178217822,0.9559127334650718,1.5742574257425739,1.38307487904956,89830.00000313565,6.0236327353777614,6983000.0,
0.7821782178217822,1.1507024980202187,1.8950495049504945,1.6649090053464515,89840.00000313623,6.273174079935638,6984000.0,
0.8217821782178217,1.2517045981599242,2.0613861386138614,1.8110452189818769,89850.00000313681,6.094240535289494,6985000.0,
0.8712871287128713,1.3779572233345567,2.269306930693069,1.993715486026158,89860.0000031374,5.893334995132592,6986000.0,
0.8811881188118812,1.2264540731249978,2.0198019801980194,1.7745111655730204,89870.00000313797,5.655636644949494,6987000.0,
0.7425742574257426,1.226454073124998,2.0198019801980194,1.7745111655730204,89880.00000313856,6.711888818673431,6988000.0,
0.8316831683168316,1.2192396374007333,2.007920792079208,1.764072864599061,89890.00000313914,5.984559564194749,6989000.0,
0.9207920792079208,1.197596330227939,1.9722772277227725,1.732757961677185,89900.00000313972,5.382333649117302,6990000.0,
0.8811881188118812,1.2769551231948506,2.1029702970297026,1.8475792723907327,89910.0000031403,5.714744578174937,6991000.0,
0.7920792079207921,1.0497003978805128,1.7287128712871285,1.5187727917110263,89920.00000314089,6.071244252510295,6992000.0,
0.7920792079207921,1.020842654983454,1.6811881188118811,1.4770195878151906,89930.00000314147,6.035311352102787,6993000.0,
0.8613861386138614,1.2769551231948506,2.1029702970297026,1.847579272390733,89940.00000314205,5.84749732709858,6994000.0,
0.7722772277227723,1.2625262517463214,2.0792079207920793,1.8267026704428153,89950.00000314263,6.504037838990734,6995000.0,
0.801980198019802,1.064129269329042,1.7524752475247523,1.539649393658944,89960.00000314321,6.0162574841621534,6996000.0,
0.8613861386138614,1.41402940195588,2.328712871287129,2.045906990895953,89970.0000031438,6.0080088461200845,6997000.0,
0.8415841584158416,1.3887788769209533,2.287128712871287,2.0093729374870963,89980.00000314438,6.11984078334026,6998000.0,
0.7524752475247525,1.2336685088492623,2.0316831683168317,1.7849494665469787,89990.00000314496,6.63895157116689,6999000.0,
0.8613861386138614,1.302205648229777,2.1445544554455442,1.884113325799589,90000.00000314554,5.879569775702505,7000000.0,
0.7128712871287128,1.1398808444338218,1.8772277227722776,1.649251553885513,90010.00000314612,6.877330073649011,7001000.0,
0.7920792079207921,1.0677364871911748,1.7584158415841584,1.5448685441459238,90020.0000031467,6.099014815265297,7002000.0,
0.7821782178217822,1.100201447950366,1.8118811881188122,1.5918408985287387,90030.00000314729,6.218229699467144,7003000.0,
0.8613861386138614,1.4428871448529388,2.376237623762376,2.087660194791788,90040.00000314787,6.044728754540995,7004000.0,
0.7821782178217822,1.0460931800183806,1.7227722772277225,1.513553641224047,90050.00000314845,6.150065964516184,7005000.0,
0.8118811881188119,1.2769551231948506,2.1029702970297026,1.8475792723907327,90060.00000314903,6.209905700702492,7006000.0,
0.7920792079207921,1.2048107659522038,1.9841584158415837,1.7431962626511437,90070.00000314962,6.274571092201242,7007000.0,
0.7722772277227723,1.1182375372610276,1.8415841584158412,1.6179366509636364,90080.0000031502,6.323869118952473,7008000.0,
0.8613861386138614,1.258919033884189,2.0732673267326733,1.8214835199558355,90090.00000315078,5.83345543031304,7009000.0,
0.8316831683168316,1.345492262575365,2.215841584158416,1.9467431316433426,90100.00000315136,6.1463633158934,7010000.0,
0.8415841584158416,1.3346706089889686,2.198019801980198,1.9310856801824041,90110.00000315194,6.061665076739081,7011000.0,
0.8415841584158416,1.3490994804374976,2.221782178217822,1.9519622821303222,90120.00000315253,6.0792805592838315,7012000.0,
0.8415841584158416,1.29138399464338,2.1267326732673264,1.8684558743386506,90130.00000315311,6.011171570281437,7013000.0,
0.8613861386138614,1.439279926990807,2.3702970297029697,2.082441044304809,90140.00000315369,6.045138765988673,7014000.0,
0.8118811881188119,1.226454073124998,2.0198019801980194,1.7745111655730201,90150.00000315427,6.152093431714271,7015000.0,
0.6831683168316832,1.010021001397057,1.6633663366336637,1.4613621363542522,90160.00000315486,6.994955379073195,7016000.0,
0.801980198019802,1.2877767767812478,2.120792079207921,1.863236723851671,90170.00000315544,6.305496968763655,7017000.0,
0.8118811881188119,1.1038086658124981,1.8178217821782177,1.5970600490157183,90180.00000315602,6.002493600756276,7018000.0,
0.8514851485148515,1.2192396374007333,2.007920792079208,1.7640728645990613,90190.0000031566,5.8593372487491715,7019000.0,
0.8316831683168316,0.8953107370815492,1.978217821782178,1.7991556743658679,90200.00000315718,5.977635218714932,7020000.0,
0.801980198019802,1.1776159244496047,2.601980198019802,2.3664570131298808,90210.00000315777,6.170111214621846,7021000.0,
0.900990099009901,1.1722386827854514,2.59009900990099,2.3556512733438995,90220.00000315835,5.486548428310904,7022000.0,
0.8316831683168316,1.0270531578533084,2.269306930693069,2.0638962991224075,90230.00000315893,5.7696686780731925,7023000.0,
0.8910891089108911,1.032430399517462,2.281188118811881,2.074702038908389,90240.00000315951,5.3915030040692224,7024000.0,
0.8118811881188119,0.9625262578834668,2.1267326732673264,1.9342274216906334,90250.0000031601,5.831889659282912,7025000.0,
0.7821782178217822,1.0727597119986125,2.3702970297029706,2.1557450873032473,90260.00000316068,6.194791530719379,7026000.0,
0.8811881188118812,1.0969572994873031,2.4237623762376237,2.2043709163401632,90270.00000316126,5.526657160260572,7027000.0,
0.8415841584158416,0.9921010870363108,2.1920792079207914,1.9936589905135298,90280.00000316184,5.662611880066389,7028000.0,
0.900990099009901,1.0646938495023823,2.3524752475247523,2.139536477624276,90290.00000316242,5.370262404557347,7029000.0,
0.8415841584158416,1.2502086869156763,2.762376237623763,2.5123345002406268,90300.000003163,5.970245616393689,7030000.0,
0.8613861386138614,1.1265321286401473,2.4891089108910895,2.263802485163059,90310.00000316359,5.689879827673994,7031000.0,
0.801980198019802,1.0162986745250013,2.2455445544554453,2.0422848195504453,90320.00000316417,5.9743946437285205,7032000.0,
0.8118811881188119,0.9974783287004647,2.203960396039604,2.0044647302995102,90330.00000316475,5.8788428196796865,7033000.0,
0.900990099009901,1.185681786945835,2.6198019801980195,2.3826656228088523,90340.00000316533,5.506743521939769,7034000.0,
0.8316831683168316,1.0162986745250016,2.2455445544554458,2.0422848195504444,90350.00000316591,5.762451977881156,7035000.0,
0.8118811881188119,0.9221969454023162,2.0376237623762377,1.8531843732957745,90360.0000031665,5.787581603666197,7036000.0,
0.8118811881188119,0.9275741870664695,2.049504950495049,1.8639901130817553,90370.00000316708,5.794692596447684,7037000.0,
0.8217821782178217,1.0646938495023825,2.3524752475247523,2.139536477624276,90380.00000316766,5.892215407406502,7038000.0,
0.801980198019802,1.1023345411514565,2.4356435643564356,2.215176656126144,90390.00000316824,6.085130724337017,7039000.0,
0.8415841584158416,1.0378076411816153,2.293069306930693,2.0855077786943697,90400.00000316883,5.7225690796981965,7040000.0,
0.8811881188118812,1.2018135119382953,2.6554455445544547,2.4150828421667963,90410.0000031694,5.651943423828919,7041000.0,
0.7920792079207921,1.0351190203495382,2.287128712871287,2.080104908801379,90420.00000316999,6.077835263378896,7042000.0,
0.8514851485148515,1.1534183369609146,2.548514851485148,2.3178311840929653,90430.00000317057,5.793198279628639,7043000.0,
0.9108910891089109,1.196436270274142,2.643564356435644,2.4042771023808145,90440.00000317115,5.463041992529362,7044000.0,
0.8118811881188119,1.0431848828457688,2.3049504950495043,2.096313518480351,90450.00000317174,5.940993575395584,7045000.0,
0.8316831683168316,1.1319093703043004,2.5009900990099005,2.2746082249490405,90460.00000317232,5.906698171616095,7046000.0,
0.8712871287128713,1.2959152410609807,2.8633663366336637,2.6041832884214666,90470.0000031729,5.826900447297489,7047000.0,
0.8910891089108911,1.1587955786250679,2.5603960396039604,2.3286369238789466,90480.00000317348,5.543979482846156,7048000.0,
0.8316831683168316,0.9974783287004643,2.2039603960396037,2.0044647302995107,90490.00000317406,5.7464894192115645,7049000.0,
0.8316831683168316,1.0646938495023825,2.3524752475247523,2.139536477624276,90500.00000317465,5.827784271604375,7050000.0,
0.8514851485148515,1.070071091166536,2.3643564356435647,2.1503422174102567,90510.00000317523,5.699034653754063,7051000.0,
0.8712871287128713,1.088891436991073,2.4059405940594054,2.188162306661191,90520.00000317581,5.591566308535567,7052000.0,
0.8217821782178217,0.9840352245400809,2.1742574257425735,1.9774503808345578,90530.00000317639,5.801293466187736,7053000.0,
0.8712871287128713,1.0162986745250016,2.2455445544554453,2.0422848195504453,90540.00000317697,5.509158706159789,7054000.0,
0.9108910891089109,1.1399752328005306,2.518811881188119,2.2908168346280124,90550.00000317756,5.405840201390132,7055000.0,
0.7920792079207921,1.0109214328608478,2.2336633663366334,2.031479079764464,90560.00000317814,6.05428580917483,7056000.0,
0.8217821782178217,1.0915800578231498,2.411881188118812,2.1935651765541815,90570.00000317872,5.934088986207004,7057000.0,
0.8811881188118812,1.1883704077779118,2.6257425742574263,2.388068492701843,90580.0000031793,5.644328215737243,7058000.0,
0.8316831683168316,1.0727597119986125,2.37029702970297,2.1557450873032478,90590.00000317988,5.8417682253203305,7059000.0,
0.8910891089108911,1.002855570364618,2.2158415841584156,2.015270470085492,90600.00000318047,5.374313473576406,7060000.0,
0.8217821782178217,1.0324303995174617,2.281188118811881,2.074702038908389,90610.00000318105,5.86403940200381,7061000.0,
0.8514851485148515,1.1587955786250679,2.56039603960396,2.3286369238789466,90620.00000318163,5.808350621583566,7062000.0,
0.8118811881188119,1.0109214328608478,2.233663366336634,2.031479079764464,90630.00000318221,5.910034935780522,7063000.0,
0.8217821782178217,1.0969572994873031,2.423762376237624,2.204370916340163,90640.0000031828,5.944005870641893,7064000.0,
0.8613861386138614,1.0378076411816155,2.293069306930693,2.08550777869437,90650.00000318338,5.602510020395459,7065000.0,
0.8415841584158416,0.973280741211774,2.1504950495049506,1.9558389012625956,90660.00000318396,5.658131233852393,7066000.0,
0.8613861386138614,1.0270531578533084,2.269306930693069,2.0638962991224075,90670.00000318454,5.59094447078449,7067000.0,
0.8217821782178217,1.070071091166536,2.3643564356435647,2.1503422174102567,90680.00000318512,5.9132166291914325,7068000.0,
0.8613861386138614,1.0539393661740755,2.3287128712871286,2.1179249980523136,90690.0000031857,5.623076735616699,7069000.0,
0.8514851485148515,0.9894124662042342,2.1861386138613854,1.988256120620539,90700.00000318629,5.613144873275595,7070000.0,
0.8514851485148515,1.1910590286099885,2.631683168316832,2.3934713625948336,90710.00000318687,5.850427464007961,7071000.0,
0.8613861386138614,1.1695500619533745,2.584158415841584,2.350248403450909,90720.00000318745,5.758670761751368,7072000.0,
0.8514851485148515,1.102334541151457,2.435643564356435,2.2151766561261437,90730.00000318803,5.747158007806717,7073000.0,
0.8415841584158416,1.059316607838229,2.3405940594059405,2.1287307378382945,90740.00000318862,5.764126793020516,7074000.0,
0.900990099009901,1.1695500619533747,2.584158415841584,2.3502484034509092,90750.0000031892,5.506861057938197,7075000.0,
0.8316831683168316,1.1426638536326073,2.5247524752475243,2.296219704521003,90760.00000318978,5.933914871809295,7076000.0,
0.7722772277227723,0.9598376370513902,2.120792079207921,1.9288245517976423,90770.00000319036,6.154146171247182,7077000.0,
0.801980198019802,0.9168197037381628,2.0257425742574258,1.8423786335097925,90780.00000319094,5.873069013489463,7078000.0,
0.8712871287128713,0.9813466037080041,2.1683168316831685,1.9720475109415674,90790.00000319153,5.4804068976091225,7079000.0,
0.801980198019802,1.3563139161617626,2.2336633663366334,1.9624005831042817,90800.00000319211,5.991393391778301,7080000.0,
0.8316831683168316,1.1362736265716893,1.8712871287128714,1.6440324033985334,90810.00000319269,5.928612336890948,7081000.0,
0.8514851485148515,1.334670608988968,2.198019801980198,1.9310856801824046,90820.00000319327,6.024203854918456,7082000.0,
0.8118811881188119,1.0569148336047776,1.7405940594059404,1.5292110926849851,90830.00000319385,5.976441441575443,7083000.0,
0.8415841584158416,1.2949912125055125,2.1326732673267323,1.8736750248256304,90840.00000319444,6.048869558566622,7084000.0,
0.8712871287128713,1.2769551231948506,2.1029702970297026,1.847579272390733,90850.00000319502,5.82241213020214,7085000.0,
0.8712871287128713,1.4537087984393358,2.394059405940594,2.1033176462527265,90860.0000031956,6.025731689289587,7086000.0,
0.7920792079207921,1.1074158836746304,1.8237623762376232,1.602279199502698,90870.00000319618,6.191610053328134,7087000.0,
0.8217821782178217,1.3166345196783067,2.1683168316831685,1.904989927747507,90880.00000319676,6.222890198826799,7088000.0,
0.8217821782178217,1.2517045981599242,2.0613861386138614,1.8110452189818762,90890.00000319735,6.14436101722012,7089000.0,
0.8613861386138614,1.1579169337444832,1.9069306930693068,1.6753473063204105,90900.00000319793,5.753441497969113,7090000.0,
0.7722772277227723,1.1326664087095568,1.8653465346534648,1.638813252911554,90910.00000319851,6.385116760189583,7091000.0,
0.8811881188118812,1.2769551231948508,2.102970297029703,1.8475792723907332,90920.0000031991,5.760137836604546,7092000.0,
0.8514851485148515,1.2913839946433803,2.1267326732673264,1.868455874338651,90930.00000319968,5.978483528768703,7093000.0,
0.8217821782178217,1.2553118160220567,2.067326732673267,1.816264369468856,90940.00000320026,6.151160161847676,7094000.0,
0.8217821782178217,1.2264540731249975,2.01980198019802,1.77451116557302,90950.00000320084,6.116526040972969,7095000.0,
0.7920792079207921,1.165131369468748,1.9188118811881187,1.6857856072943693,90960.00000320142,6.268975854143469,7096000.0,
0.7821782178217822,1.2120252016764683,1.9960396039603963,1.753634563625102,90970.000003202,6.408789182081768,7097000.0,
0.8514851485148515,1.2589190338841891,2.073267326732673,1.8214835199558352,90980.00000320259,5.942681656249323,7098000.0,
0.8415841584158416,1.4104221840937474,2.3227722772277226,2.040687840408973,90990.00000320317,6.193087536571876,7099000.0,
0.8712871287128713,1.1939891123658066,1.9663366336633663,1.727538811190205,91000.00000320375,5.734007958682838,7100000.0,
0.8217821782178217,1.1939891123658068,1.9663366336633665,1.727538811190205,91010.00000320433,6.079912052579423,7101000.0,
0.7821782178217822,1.2444901624356597,2.049504950495049,1.8006069180079176,91020.00000320491,6.452826663558856,7102000.0,
0.9405940594059405,1.2553118160220567,2.067326732673267,1.8162643694688563,91030.0000032055,5.377960983509242,7103000.0,
0.7920792079207921,1.2372757267113947,2.0376237623762377,1.7901686170339588,91040.00000320608,6.3640581051625436,7104000.0,
0.8118811881188119,1.0460931800183808,1.7227722772277225,1.5135536412240465,91050.00000320666,5.973844038987944,7105000.0,
0.8316831683168316,1.2913839946433796,2.126732673267327,1.868455874338651,91060.00000320724,6.127018850882602,7106000.0,
0.8217821782178217,1.3563139161617623,2.2336633663366334,1.9624005831042814,91070.00000320782,6.2803313921385255,7107000.0,
0.8514851485148515,1.2120252016764688,1.996039603960396,1.7536345636251025,91080.0000032084,5.892259830052154,7108000.0,
0.8118811881188119,1.3166345196783067,2.1683168316831676,1.904989927747507,91090.00000320899,6.309023006130162,7109000.0,
0.8415841584158416,1.3923860947830862,2.293069306930693,2.014592087974076,91100.00000320957,6.176832889273627,7110000.0,
0.8316831683168316,1.1434880622959538,1.883168316831683,1.6544707043724924,91110.00000321015,5.951572551274527,7111000.0,
0.801980198019802,1.2156324195386008,2.0019801980198015,1.7588537141120821,91120.00000321073,6.262452770229259,7112000.0,
0.8415841584158416,1.3959933126452184,2.299009900990099,2.0198112384610556,91130.00000321132,6.182530877556949,7113000.0,
0.801980198019802,1.3454922625753654,2.2158415841584156,1.946743131643343,91140.0000032119,6.425364426361577,7114000.0,
0.7821782178217822,1.1903818945036744,1.9603960396039604,1.722319660703226,91150.00000321248,6.390232548861384,7115000.0,
0.8316831683168316,1.23006129098713,2.0257425742574253,1.77973031606,91160.00000321306,6.058047504820008,7116000.0,
0.8217821782178217,1.3166345196783062,2.1683168316831685,1.904989927747507,91170.00000321364,6.236866102442071,7117000.0,
0.8217821782178217,1.403207748369483,2.3108910891089107,2.0302495394350144,91180.00000321423,6.342696175909674,7118000.0,
0.8118811881188119,1.0749509229154393,1.77029702970297,1.5553068451198828,91190.00000321481,6.016217600361548,7119000.0,
0.8712871287128713,1.298598430367645,2.1386138613861383,1.8788941753126098,91200.00000321539,5.8631618350263865,7120000.0,
0.7722772277227723,1.1651313694687477,1.9188118811881187,1.6857856072943689,91210.00000321597,6.442539337583791,7121000.0,
0.8712871287128713,1.2048107659522038,1.9841584158415837,1.7431962626511437,91220.00000321656,5.756428265640536,7122000.0,
0.900990099009901,1.3094200839540417,2.1564356435643566,1.894551626773548,91230.00000321714,5.683200313126979,7123000.0,
0.8910891089108911,1.3671355697481595,2.2514851485148513,1.9780580345652192,91240.00000321772,5.811561028441815,7124000.0,
0.801980198019802,1.100201447950366,1.811881188118812,1.591840898528739,91250.0000032183,6.124940077261586,7125000.0,
0.8811881188118812,1.2985984303676448,2.1386138613861383,1.8788941753126094,91260.00000321888,5.799980241374562,7126000.0,
0.7722772277227723,1.2012035480900716,1.978217821782178,1.737977112164164,91270.00000321947,6.492325107337223,7127000.0,
0.8217821782178217,1.2517045981599242,2.0613861386138614,1.8110452189818769,91280.00000322005,6.163156197944106,7128000.0,
0.8514851485148515,1.1543097158823508,1.9009900990099005,1.6701281558334309,91290.00000322063,5.834245131620095,7129000.0,
0.7623762376237624,1.0605220514669098,1.7465346534653465,1.5344302431719647,91300.00000322121,6.393669184589234,7130000.0,
0.7821782178217822,1.082165358639704,1.7821782178217822,1.5657451460938414,91310.0000032218,6.259981028326906,7131000.0,
0.8514851485148515,1.478959323474262,2.435643564356435,2.1398516996615835,91320.00000322238,6.216915019606027,7132000.0,
0.8316831683168316,1.237275726711395,2.037623762376237,1.7901686170339586,91330.00000322296,6.074817243012751,7133000.0,
0.7821782178217822,1.2264540731249982,2.01980198019802,1.7745111655730204,91340.00000322354,6.44597039747908,7134000.0,
0.8217821782178217,1.23006129098713,2.0257425742574258,1.7797303160599995,91350.00000322412,6.140192655481023,7135000.0,
0.8415841584158416,1.2733479053327186,2.097029702970297,1.8423601219037535,91360.0000032247,6.047622805339198,7136000.0,
0.900990099009901,1.4284582734044093,2.352475247524753,2.0667835928438705,91370.00000322529,5.821473468451371,7137000.0,
0.801980198019802,1.4501015805772035,2.3881188118811876,2.098098495765748,91380.00000322587,6.567655057450979,7138000.0,
0.7326732673267327,1.1723458051930127,1.9306930693069306,1.6962239082683281,91390.00000322645,6.810361166753086,7139000.0,
0.8613861386138614,0.9383286703947765,2.073267326732673,1.8856015926537175,91400.00000322703,5.893685315374017,7140000.0,
0.9207920792079208,1.0028555703646176,2.2158415841584156,2.015270470085492,91410.00000322761,5.235787232495324,7141000.0,
0.8415841584158416,1.0485621245099224,2.3168316831683167,2.107119258266332,91420.0000032282,5.783347936361686,7142000.0,
0.9108910891089109,1.231388341091139,2.720792079207921,2.474514410989693,91430.00000322878,5.544456765928787,7143000.0,
0.8316831683168316,0.9867238453721576,2.18019801980198,1.9828532507275483,91440.00000322936,5.778796528545639,7144000.0,
0.8811881188118812,1.0835141953269196,2.3940594059405935,2.17735656687521,91450.00000322994,5.564435210598504,7145000.0,
0.7821782178217822,0.8549814246003978,1.8891089108910886,1.7181126259710093,91460.00000323053,5.977125618985957,7146000.0,
0.7920792079207921,1.0378076411816153,2.293069306930693,2.0855077786943697,91470.0000032311,6.133729647182449,7147000.0,
0.8217821782178217,1.0136100536929247,2.23960396039604,2.036881949657454,91480.00000323169,5.883065246243861,7148000.0,
0.8415841584158416,1.137286611968454,2.5128712871287124,2.285413964735022,91490.00000323227,5.892067621459662,7149000.0,
0.8514851485148515,1.1534183369609143,2.548514851485148,2.3178311840929653,91500.00000323285,5.842965721492001,7150000.0,
0.8910891089108911,1.0862028161589963,2.4,2.1827594367682,91510.00000323344,5.508292049414674,7151000.0,
0.801980198019802,1.1803045452816816,2.6079207920792076,2.371859883022871,91520.00000323402,6.238155050477953,7152000.0,
0.8514851485148515,1.037807641181615,2.293069306930693,2.08550777869437,91530.0000032346,5.708585718309417,7153000.0,
0.8514851485148515,1.1023345411514565,2.435643564356435,2.215176656126144,91540.00000323518,5.784832426413559,7154000.0,
0.8316831683168316,1.0996459203193798,2.4297029702970296,2.209773786233153,91550.00000323576,5.919809975803913,7155000.0,
0.8613861386138614,1.086202816158996,2.4,2.1827594367682,91560.00000323635,5.70053200514175,7156000.0,
0.8910891089108911,1.25558592857983,2.7742574257425745,2.523140240026608,91570.00000323693,5.701044208909321,7157000.0,
0.8217821782178217,0.924885566234393,2.043564356435643,1.858587243188765,91580.00000323751,5.779918580782555,7158000.0,
0.8811881188118812,1.002855570364618,2.2158415841584156,2.015270470085492,91590.00000323809,5.479193400248395,7159000.0,
0.8712871287128713,1.2206338577628324,2.6970297029702963,2.4529029314177304,91600.00000323867,5.791861586924194,7160000.0,
0.7920792079207921,0.8684245287607816,1.918811881188119,1.7451269754359624,91610.00000323926,5.926883467751553,7161000.0,
0.8514851485148515,1.0512507453419988,2.3227722772277226,2.1125221281593225,91620.00000323984,5.728559596451506,7162000.0,
0.8910891089108911,1.2394542035873695,2.738613861386139,2.490723020668664,91630.00000324042,5.685607495306826,7163000.0,
0.9207920792079208,1.1050231619835331,2.4415841584158415,2.2205795260191343,91640.000003241,5.35663590726483,7164000.0,
0.7425742574257426,0.8979993579136255,1.984158415841584,1.8045585442588583,91650.00000324158,6.363969802194278,7165000.0,
0.7821782178217822,1.0028555703646178,2.2158415841584156,2.0152704700854915,91660.00000324217,6.176306488887637,7166000.0,
0.8118811881188119,1.040496262013692,2.299009900990099,2.09091064858736,91670.00000324275,5.997194176569295,7167000.0,
0.8415841584158416,1.185681786945835,2.61980198019802,2.3826656228088523,91680.00000324333,5.958513652903894,7168000.0,
0.801980198019802,1.0539393661740757,2.3287128712871286,2.1179249980523136,91690.00000324391,6.08898365430723,7169000.0,
0.8415841584158416,1.010921432860848,2.233663366336634,2.0314790797644644,91700.0000032445,5.751798408638259,7170000.0,
0.8316831683168316,0.9894124662042341,2.186138613861386,1.9882561206205394,91710.00000324508,5.794886417880194,7171000.0,
0.8217821782178217,1.0808255744948427,2.3881188118811876,2.1719536969822193,91720.00000324566,5.976423892039639,7172000.0,
0.8712871287128713,1.1345979911363773,2.5069306930693065,2.280011094842031,91730.00000324624,5.69902496727372,7173000.0,
0.9108910891089109,1.129220749472224,2.495049504950495,2.26920535505605,91740.00000324682,5.4457727794783715,7174000.0,
0.8712871287128713,1.118466266143917,2.4712871287128713,2.2475938754840876,91750.0000032474,5.681419237452881,7175000.0,
0.8712871287128713,1.0431848828457686,2.3049504950495043,2.096313518480351,91760.00000324799,5.595471286167533,7176000.0,
0.8415841584158416,1.1507297161288377,2.5425742574257426,2.3124283141999746,91770.00000324857,5.921217662874532,7177000.0,
0.8217821782178217,1.0862028161589963,2.3999999999999995,2.182759436768201,91780.00000324915,5.985858848763657,7178000.0,
0.7920792079207921,1.0189872953570782,2.2514851485148517,2.0476876894434355,91790.00000324973,6.125968960579901,7179000.0,
0.7821782178217822,0.8657359079287048,1.9128712871287128,1.739724105542972,91800.00000325032,6.008090211596567,7180000.0,
0.801980198019802,1.0485621245099221,2.316831683168317,2.107119258266332,91810.0000032509,6.088204624578197,7181000.0,
0.8415841584158416,1.2018135119382953,2.655445544554455,2.415082842166796,91820.00000325148,5.9842701731894365,7182000.0,
0.8415841584158416,1.0485621245099221,2.3168316831683167,2.107119258266332,91830.00000325206,5.802642054009867,7183000.0,
0.8316831683168316,0.9437059120589298,2.085148514851485,1.8964073324396993,91840.00000325264,5.746120203967748,7184000.0,
0.8217821782178217,0.8549814246003979,1.8891089108910892,1.7181126259710093,91850.00000325323,5.707866553011824,7185000.0,
0.8910891089108911,1.1265321286401473,2.4891089108910895,2.263802485163059,91860.00000325381,5.5691060556444265,7186000.0,
0.8910891089108911,1.1614841994571448,2.5663366336633664,2.334039793771937,91870.00000325439,5.608774490672417,7187000.0,
0.8514851485148515,1.0727597119986125,2.3702970297029697,2.1557450873032473,91880.00000325497,5.765913150316373,7188000.0,
0.801980198019802,1.1238435078080704,2.483168316831683,2.258399615270069,91890.00000325555,6.186024621036613,7189000.0,
0.8217821782178217,1.1453524744646841,2.5306930693069307,2.3016225744139933,91900.00000325614,6.063619276340795,7190000.0,
0.9207920792079208,1.2206338577628326,2.6970297029702968,2.4529029314177304,91910.00000325672,5.493804512359154,7191000.0,
0.8415841584158416,0.9571490162193134,2.1148514851485145,1.923421681904652,91920.0000032573,5.698257066511861,7192000.0,
0.8415841584158416,1.266340411908137,2.798019801980198,2.5447517195985707,91930.00000325788,6.066119783742137,7193000.0,
0.8811881188118812,0.9410172912268533,2.079207920792079,1.8910044625467082,91940.00000325846,5.424747712688476,7194000.0,
0.8514851485148515,0.922196945402316,2.0376237623762377,1.853184373295774,91950.00000325905,5.5923452500116095,7195000.0,
0.8811881188118812,1.0189872953570782,2.2514851485148513,2.0476876894434355,91960.00000325963,5.514129402768896,7196000.0,
0.8415841584158416,1.0324303995174617,2.281188118811881,2.074702038908389,91970.00000326021,5.790062004313328,7197000.0,
0.8613861386138614,1.1130890244797633,2.4594059405940594,2.2367881356981063,91980.0000032608,5.75105507457273,7198000.0,
0.8613861386138614,1.1104004036476867,2.4534653465346534,2.231385265805116,91990.00000326138,5.748393572227473,7199000.0,
0.8118811881188119,1.2769551231948508,2.1029702970297026,1.847579272390733,92000.00000326196,5.904009137139601,7200000.0,
0.8431372549019608,1.1822833367543772,1.9470588235294115,1.7106021561785363,92010.00000326254,5.914333725166569,7201000.0,
0.8137254901960784,1.2001426016600323,1.976470588235294,1.7364420679032877,92020.00000326312,6.150534281743422,7202000.0,
0.803921568627451,1.0929870122261012,1.7999999999999996,1.5814025975547799,92030.0000032637,6.092737503200555,7203000.0,
0.8529411764705882,1.2108581606034257,1.9941176470588233,1.7519460149381387,92040.00000326429,5.881233705711895,7204000.0,
0.8725490196078431,1.2465766904147362,2.052941176470588,1.8036258383876413,92050.00000326487,5.7904564318841665,7205000.0,
0.8235294117647058,1.250148543395867,2.0588235294117645,1.8087938207325915,92060.00000326545,6.139939898116292,7206000.0,
0.8921568627450981,1.2715796612826535,2.0941176470588236,1.8398017148022927,92070.00000326603,5.692098082046408,7207000.0,
0.8823529411764706,1.314441897056226,2.1647058823529406,1.9018175029416964,92080.00000326661,5.80436526127922,7208000.0,
0.8333333333333334,1.2608641023392604,2.076470588235294,1.8242977677674421,92090.0000032672,6.081975746517667,7209000.0,
0.8235294117647058,1.2501485433958672,2.0588235294117645,1.8087938207325913,92100.00000326778,6.141844660021166,7210000.0,
0.7745098039215687,1.1215618360751494,1.8470588235294119,1.622746456314382,92110.00000326836,6.365051991076798,7211000.0,
0.8529411764705882,1.2251455725279499,2.0176470588235293,1.7726179443179393,92120.00000326894,5.901662625439712,7212000.0,
0.803921568627451,1.1572803658864599,1.9058823529411766,1.6744262797638847,92130.00000326952,6.177590211412504,7213000.0,
0.8137254901960784,1.296582632150571,2.1352941176470583,1.8759775912169447,92140.0000032701,6.274834078250205,7214000.0,
0.8333333333333334,1.3108700440750949,2.1588235294117646,1.8966495205967457,92150.00000327069,6.144806406012597,7215000.0,
0.803921568627451,1.1394211009808046,1.876470588235294,1.6485863680391335,92160.00000327127,6.156838442871408,7216000.0,
0.8137254901960784,1.3644478387920607,2.2470588235294113,1.974169255771,92170.00000327185,6.359680476773565,7217000.0,
0.803921568627451,1.1358492479996736,1.8705882352941172,1.6434183856941833,92180.00000327243,6.153371015992497,7218000.0,
0.8235294117647058,1.3394448679241429,2.205882352941177,1.9379933793563477,92190.00000327302,6.254561625520036,7219000.0,
0.7352941176470589,1.0965588652072322,1.8058823529411767,1.5865705798997303,92200.0000032736,6.675317390220806,7220000.0,
0.8137254901960784,1.1715677778109843,1.9294117647058824,1.6950982091436857,92210.00000327418,6.124574859664403,7221000.0,
0.8235294117647058,1.3537322798486673,2.229411764705882,1.9586653087361492,92220.00000327476,6.273339197142756,7222000.0,
0.8627450980392157,1.0358373645280043,1.7058823529411762,1.4987148800355754,92230.00000327535,5.620172854514615,7223000.0,
0.8725490196078431,1.232289278490212,2.0294117647058827,1.7829539090078406,92240.00000327593,5.782621420465547,7224000.0,
0.7647058823529411,1.0608403353959215,1.7470588235294113,1.5348907564502274,92250.00000327651,6.374429669561773,7225000.0,
0.7941176470588235,1.3180137500373565,2.1705882352941175,1.9069854852866464,92260.00000327709,6.462681512583297,7226000.0,
0.8725490196078431,1.4358848984146815,2.364705882352941,2.077528902670005,92270.00000327767,6.01730404105322,7227000.0,
0.8431372549019608,1.2572922493581293,2.0705882352941174,1.8191297854224917,92280.00000327826,6.015855923836866,7228000.0,
0.8137254901960784,1.1572803658864599,1.9058823529411757,1.6744262797638847,92290.00000327884,6.110872257058585,7229000.0,
0.8137254901960784,1.2108581606034257,1.9941176470588233,1.7519460149381385,92300.00000327942,6.177196775867414,7230000.0,
0.8823529411764706,1.3715915447543228,2.258823529411765,1.9845052204609008,92310.00000328,5.879357084226546,7231000.0,
0.803921568627451,0.9786877168299076,1.6117647058823528,1.4160271625163716,92320.00000328058,5.964706672342698,7232000.0,
0.803921568627451,1.2822952202260465,2.1117647058823525,1.8553056618371437,92330.00000328117,6.342852591201338,7233000.0,
0.8333333333333334,1.2215737195468188,2.0117647058823525,1.7674499619729893,92340.00000328175,6.046591993049774,7234000.0,
0.8431372549019608,1.235861131471343,2.0352941176470587,1.7881218913527903,92350.00000328233,5.993693435180636,7235000.0,
0.7745098039215687,1.2894389261883086,2.123529411764706,1.8656416265270443,92360.00000328291,6.594462917552753,7236000.0,
0.803921568627451,1.1322773950185423,1.864705882352941,1.6382504033492327,92370.0000032835,6.158196272040898,7237000.0,
0.8333333333333334,1.1144181301128873,1.8352941176470585,1.6124104916244812,92380.00000328408,5.9198876386703425,7238000.0,
0.7745098039215687,1.1858551897355083,1.9529411764705884,1.7157701385234871,92390.00000328466,6.462240878082136,7239000.0,
0.8921568627450981,1.282295220226047,2.1117647058823525,1.8553056618371437,92400.00000328524,5.718614422840946,7240000.0,
0.8137254901960784,1.0751277473204457,1.7705882352941178,1.5555626858300287,92410.00000328582,6.015696749905507,7241000.0,
0.8333333333333334,1.2072863076222948,1.988235294117647,1.7467780325931883,92420.0000032864,6.033211804622917,7242000.0,
0.8725490196078431,1.1858551897355083,1.9529411764705884,1.715770138523487,92430.00000328699,5.737944150207843,7243000.0,
0.8137254901960784,1.1358492479996738,1.8705882352941177,1.6434183856941826,92440.00000328757,6.091764136282475,7244000.0,
0.8921568627450981,1.318013750037357,2.1705882352941175,1.9069854852866464,92450.00000328815,5.760848379332871,7245000.0,
0.8137254901960784,1.142992953961936,1.8823529411764706,1.653754350384084,92460.00000328873,6.101507003850611,7246000.0,
0.8725490196078431,1.3072981910939638,2.1529411764705877,1.8914815382517958,92470.00000328931,5.878923769742358,7247000.0,
0.803921568627451,0.9715440108676454,1.5999999999999996,1.405691197826471,92480.0000032899,5.963625477121801,7248000.0,
0.8235294117647058,1.3644478387920609,2.2470588235294113,1.974169255771,92490.00000329048,6.299208090146196,7249000.0,
0.8921568627450981,1.4001663686033714,2.3058823529411763,2.0258490792205026,92500.00000329106,5.855129336406994,7250000.0,
0.8529411764705882,1.2358611314713432,2.0352941176470583,1.7881218913527905,92510.00000329164,5.932156729029562,7251000.0,
0.8431372549019608,1.2465766904147364,2.052941176470588,1.8036258383876411,92520.00000329223,6.014309563230237,7252000.0,
0.9215686274509803,1.5966182825655784,2.629411764705882,2.310088108192767,92530.00000329281,5.882711328055197,7253000.0,
0.8235294117647058,1.1251336890562804,1.8529411764705879,1.6279144386593323,92540.00000329339,6.010993289276696,7254000.0,
0.7254901960784313,1.1429929539619357,1.8823529411764703,1.6537543503840835,92550.00000329397,6.848447044859751,7255000.0,
0.8333333333333334,1.1358492479996738,1.8705882352941174,1.643418385694183,92560.00000329455,5.954075568370273,7256000.0,
0.8137254901960784,1.2108581606034257,1.9941176470588236,1.7519460149381385,92570.00000329514,6.190208824060943,7257000.0,
0.8431372549019608,1.1929988956977706,1.9647058823529406,1.726106103213387,92580.00000329572,5.953554504380044,7258000.0,
0.8529411764705882,1.2251455725279496,2.0176470588235293,1.7726179443179393,92590.0000032963,5.9232718208432695,7259000.0,
0.8725490196078431,0.939778416921877,2.076470588235294,1.8885149048509187,92600.00000329688,5.831549870271015,7260000.0,
