20_clutch_bind,20_clutch_force,20_clutch_x,20_xs,20_r,20_fs,20_time,
1.0,0.0,0.0,0.0,20000.0,0.0,0.0,
0.7733333333333333,1.2387186138562478,2.04,1.7922562772287502,20009.999999999854,3.3266154489419986,1000.0,
0.8533333333333334,1.063840691900072,1.7519999999999998,1.5392318616199858,20019.99999999971,2.8104351858112837,2000.0,
0.8133333333333334,1.1124178924434542,1.832,1.6095164215113094,20029.999999999563,3.009035113650414,3000.0,
0.88,1.4476005761927915,2.384,2.0944798847614416,20039.999999999418,3.1625733820284085,4000.0,
0.84,1.1609950929868362,1.9120000000000001,1.679800981402633,20049.999999999272,2.97261003132425,5000.0,
0.8266666666666667,1.005548051248013,1.6560000000000001,1.4548903897503973,20059.999999999127,2.833159739403474,6000.0,
0.92,1.4864623366274976,2.4480000000000004,2.1507075326745007,20069.99999999898,3.069050365890959,7000.0,
0.8266666666666667,1.3018689745626446,2.1439999999999992,1.883626205087471,20079.999999998836,3.1929027918001878,8000.0,
0.8133333333333334,1.1075601723891157,1.8239999999999998,1.6024879655221769,20089.99999999869,3.0069969332556776,9000.0,
0.8266666666666667,1.3844502154863947,2.2800000000000002,2.0031099569027213,20099.999999998545,3.294089776788576,10000.0,
0.84,1.2241454536932332,2.016,1.771170909261353,20109.9999999984,3.051598555974667,11000.0,
0.8533333333333334,1.2047145734758802,1.9839999999999993,1.743057085304824,20119.999999998254,2.981771765782843,12000.0,
0.84,1.2581494940736007,2.0719999999999996,1.8203701011852798,20129.99999999811,3.093349397697308,13000.0,
0.8,1.2581494940736007,2.0719999999999996,1.8203701011852802,20139.999999997963,3.2486835342488303,14000.0,
0.8933333333333333,1.1367064927151451,1.8719999999999997,1.644658701456971,20149.999999997817,2.7739221933290312,15000.0,
0.8666666666666667,1.3164421347256596,2.1679999999999997,1.9047115730548683,20159.99999999767,3.0672763092897397,16000.0,
0.9066666666666666,1.292153534453968,2.1279999999999997,1.869569293109206,20169.999999997526,2.90575463358023,17000.0,
0.8533333333333334,1.224145453693233,2.016,1.771170909261353,20179.99999999738,3.008292328537499,18000.0,
0.7733333333333333,1.1221333325521303,1.8479999999999996,1.6235733334895737,20189.999999997235,3.188272412772701,19000.0,
0.8666666666666667,1.3893079355407325,2.2879999999999994,2.010138412891853,20199.99999999709,3.1538137717686343,20000.0,
0.8666666666666667,1.3212998547799975,2.1759999999999993,1.9117400290440003,20209.999999996944,3.0759582939677776,21000.0,
0.8266666666666667,1.088129292171763,1.7919999999999996,1.5743741415656474,20219.9999999968,2.9433789824562475,22000.0,
0.88,1.3164421347256592,2.1679999999999997,1.9047115730548683,20229.999999996653,3.0250448500580154,23000.0,
0.7333333333333333,1.272722654236615,2.0959999999999996,1.8414554691526768,20239.999999996508,3.571163619402729,24000.0,
0.8266666666666667,1.1367064927151453,1.8720000000000006,1.644658701456971,20249.999999996362,3.0040772089199885,25000.0,
0.7733333333333333,1.2532917740192624,2.0639999999999996,1.8133416451961477,20259.999999996217,3.3627014319111628,26000.0,
0.84,1.3747347753777182,2.264,1.9890530449244561,20269.99999999607,3.241030288138588,27000.0,
0.7733333333333333,1.156137372932498,1.9040000000000001,1.6727725254135004,20279.999999995925,3.2384500511954992,28000.0,
0.84,1.1707105330955125,1.928,1.6938578933808974,20289.99999999578,2.9994141266914998,29000.0,
0.9066666666666666,1.4524582962471295,2.392,2.101508340750574,20299.999999995634,3.0902084149696347,30000.0,
0.8,1.2192877336388948,2.008,1.7641424532722212,20309.99999999549,3.2114396670386167,31000.0,
0.9066666666666666,1.1998568534215424,1.9759999999999998,1.7360286293156917,20319.999999995343,2.812780353029632,32000.0,
0.8533333333333334,1.2290031737475715,2.0239999999999996,1.778199365250486,20329.999999995198,3.02335996922604,33000.0,
0.7866666666666666,1.2144300135845567,2.0000000000000004,1.7571139972830887,20339.999999995052,3.261729678275252,34000.0,
0.88,1.1707105330955128,1.928,1.6938578933808974,20349.999999994907,2.866713484569106,35000.0,
0.8266666666666667,1.1804259732041888,1.9439999999999997,1.7079148053591622,20359.99999999476,3.0640604514469536,36000.0,
0.8533333333333334,1.3795924954320564,2.2720000000000002,1.9960815009135888,20369.999999994616,3.2023318305750097,37000.0,
0.7866666666666666,1.1998568534215417,1.9759999999999998,1.7360286293156917,20379.99999999447,3.2459163390849395,38000.0,
0.8933333333333333,1.2338608938019096,2.0319999999999996,1.7852278212396182,20389.999999994325,2.8970054781274395,39000.0,
0.8666666666666667,1.2872958143996303,2.1199999999999997,1.862540837120074,20399.99999999418,3.0484151704517988,40000.0,
0.84,1.1804259732041893,1.9439999999999997,1.7079148053591622,20409.999999994034,3.0185991744398133,41000.0,
0.84,1.2872958143996303,2.1199999999999997,1.862540837120074,20419.99999999389,3.1464600964978686,42000.0,
0.88,1.4233119759211006,2.344,2.0593376048157803,20429.999999993743,3.158609063537506,43000.0,
0.8533333333333334,1.2484340539649241,2.056,1.8063131892070146,20439.999999993597,3.0530055319806504,44000.0,
0.8533333333333334,1.3990233756494093,2.304,2.024195324870118,20449.99999999345,3.230102393329647,45000.0,
0.8,1.0784138520630862,1.7759999999999998,1.5603172295873826,20459.999999993306,3.0453473150687103,46000.0,
0.88,1.2144300135845565,1.9999999999999996,1.7571139972830883,20469.99999999316,2.9236674396701865,47000.0,
0.88,1.1755682531498512,1.936,1.7008863493700297,20479.999999993015,2.8801124088731638,48000.0,
0.76,1.1027024523347775,1.8159999999999998,1.5954595095330444,20489.99999999287,3.239692700429784,49000.0,
0.8266666666666667,1.1609950929868362,1.9119999999999997,1.6798009814026327,20499.999999992724,3.0495876124742183,50000.0,
0.88,1.2824380943452918,2.1119999999999997,1.8555123811309415,20509.99999999258,3.0033735920497744,51000.0,
0.8533333333333334,1.3018689745626446,2.1440000000000006,1.8836262050874704,20519.999999992433,3.1206245795560315,52000.0,
0.8533333333333334,1.2484340539649248,2.056,1.8063131892070154,20529.999999992287,3.058630531980569,53000.0,
0.92,1.433027416029777,2.3600000000000003,2.0733945167940444,20539.999999992142,3.0382153072698515,54000.0,
0.8266666666666667,1.3747347753777184,2.2640000000000002,1.9890530449244563,20549.999999991996,3.3113694863341094,55000.0,
0.8533333333333334,1.1318487726608066,1.864,1.6376302454678386,20559.99999999185,2.9238821554522785,56000.0,
0.8933333333333333,1.3115844146713214,2.16,1.8976831170657358,20569.999999991705,2.994755688055729,57000.0,
0.7733333333333333,1.2727226542366155,2.096,1.8414554691526772,20579.99999999156,3.409896535640178,58000.0,
0.8133333333333334,0.9958326111393364,1.64,1.4408334777721326,20589.999999991414,2.9024138661448164,59000.0,
0.84,1.126030252751493,2.4879999999999995,2.262793949449701,20599.99999999127,3.4239066709019386,60000.0,
0.9066666666666666,1.1622370132901259,2.5679999999999996,2.3355525973419744,20609.999999991123,2.7883467058256155,61000.0,
0.8933333333333333,1.0934441682667229,2.416,2.197311166346655,20619.999999990978,2.7535539196923295,62000.0,
0.88,0.9486171261121901,2.0959999999999996,1.906276574777562,20629.999999990832,2.631304309966599,63000.0,
0.8666666666666667,0.9558584782199167,2.112,1.9208283043560168,20639.999999990687,2.6807567056288377,64000.0,
0.8666666666666667,1.0608580837819528,2.344,2.131828383243609,20649.99999999054,2.8025254812773315,65000.0,
0.8133333333333334,1.0210306471894564,2.2560000000000002,2.0517938705621086,20659.999999990396,2.9379852219440776,66000.0,
0.8666666666666667,1.0101686190278665,2.2319999999999998,2.0299662761944264,20669.99999999025,2.74526840656106,67000.0,
0.88,1.2274091822596658,2.7119999999999997,2.466518163548067,20679.999999990105,2.9511437677098984,68000.0,
0.7866666666666666,0.8870656331965134,1.96,1.782586873360697,20689.99999998996,2.8693173303240047,69000.0,
0.84,1.2708572949060257,2.808,2.553828541018795,20699.999999989814,3.144668208211573,70000.0,
0.8933333333333333,1.1006855203744494,2.4319999999999995,2.2118628959251097,20709.999999989668,2.7670330451859746,71000.0,
0.8666666666666667,1.0572374077280897,2.336,2.124552518454382,20719.999999989523,2.8026554704458886,72000.0,
0.88,1.1115475485360393,2.456,2.233690490292792,20729.999999989377,2.8225131233269454,73000.0,
0.8666666666666667,1.1187889006437657,2.4719999999999995,2.248242219871247,20739.99999998923,2.8749071930408814,74000.0,
0.8133333333333334,1.2599952667444356,2.7840000000000003,2.5320009466511126,20749.999999989086,3.237695819757491,75000.0,
0.7866666666666666,0.9956859148124132,2.1999999999999997,2.0008628170375173,20759.99999998894,3.0121397222085537,76000.0,
0.9066666666666666,1.0934441682667229,2.416,2.1973111663466556,20769.999999988795,2.72188400910849,77000.0,
0.8533333333333334,1.1513749851285358,2.5439999999999996,2.313725002974292,20779.99999998865,2.9605144356876987,78000.0,
0.8666666666666667,1.1224095766976296,2.48,2.2555180846604737,20789.999999988504,2.8821618192568335,79000.0,
0.8666666666666667,1.2599952667444356,2.784,2.5320009466511126,20799.99999998836,3.0415299231569852,80000.0,
0.8133333333333334,0.8798242810887869,1.9439999999999997,1.7680351437822424,20809.999999988213,2.774206902967702,81000.0,
0.7866666666666666,1.0210306471894564,2.256,2.0517938705621086,20819.999999988067,3.048425398958973,82000.0,
0.76,0.9268930697890102,2.0479999999999996,1.8626213860421983,20829.999999987922,3.032224214623603,83000.0,
0.84,1.1079268724821763,2.448,2.226414625503564,20839.999999987776,2.959592308500512,84000.0,
0.7866666666666666,0.9051690134658305,1.9999999999999996,1.8189661973068336,20849.99999998763,2.9031775594797584,85000.0,
0.8666666666666667,1.1332716048592195,2.5039999999999996,2.277345679028156,20859.999999987485,2.899002620981682,86000.0,
0.8666666666666667,0.9377550979506,2.0719999999999996,1.8844489804098794,20869.99999998734,2.6740220360871123,87000.0,
0.92,1.2780986470137523,2.8240000000000003,2.5683802705972485,20879.999999987194,2.889524616310118,88000.0,
0.9333333333333333,1.328788111767839,2.9359999999999995,2.6702423776464315,20889.99999998705,2.9031272625993436,89000.0,
0.8666666666666667,1.1187889006437661,2.4719999999999995,2.2482422198712464,20899.999999986903,2.8847533468868924,90000.0,
0.7866666666666666,0.99206523875855,2.1919999999999997,1.9935869522482896,20909.999999986758,3.0177066594280713,91000.0,
0.8533333333333334,1.1767197175055792,2.599999999999999,2.364656056498884,20919.999999986612,2.9989652939419194,92000.0,
0.8133333333333334,0.8581002247656068,1.896,1.7243799550468786,20929.999999986467,2.755365850111218,93000.0,
0.8266666666666667,1.1115475485360398,2.456,2.233690490292792,20939.99999998632,3.018159131283326,94000.0,
0.84,0.9377550979506,2.0719999999999996,1.8844489804098798,20949.999999986176,2.763990989613613,95000.0,
0.8533333333333334,1.1187889006437661,2.472,2.248242219871247,20959.99999998603,2.9335776179319453,96000.0,
0.72,1.0137892950817298,2.2399999999999993,2.037242140983654,20969.999999985885,3.3317406876016893,97000.0,
0.88,1.183961069613306,2.6159999999999997,2.3792077860773384,20979.99999998574,2.919952730611498,98000.0,
0.88,1.1006855203744494,2.432,2.2118628959251097,20989.999999985594,2.8259274852643035,99000.0,
0.8666666666666667,1.039134027458773,2.2960000000000003,2.0881731945082453,20999.999999985448,2.7989977239810417,100000.0,
0.84,1.0355133514049097,2.288,2.0808973297190176,21009.999999985303,2.8841793865829746,101000.0,
0.84,0.97034118243537,2.1439999999999997,1.9499317635129259,21019.999999985157,2.8072283917779575,102000.0,
0.88,0.99206523875855,2.1919999999999997,1.9935869522482896,21029.99999998501,2.704919589488625,103000.0,
0.8533333333333334,1.0680994358896796,2.3599999999999994,2.1463801128220634,21039.999999984866,2.879175901423178,104000.0,
0.9066666666666666,1.2382712104212557,2.7359999999999993,2.488345757915748,21049.99999998472,2.8980903056022207,105000.0,
0.92,0.9305137458428734,2.056,1.8698972508314253,21059.999999984575,2.522149723732924,106000.0,
0.8133333333333334,1.049996055620363,2.32,2.110000788875927,21069.99999998443,3.0004836749325063,107000.0,
0.8266666666666667,1.049996055620363,2.32,2.1100007888759276,21079.999999984284,2.9527339382400366,108000.0,
0.8666666666666667,1.0753407879974064,2.3759999999999994,2.160931842400519,21089.99999998414,2.8463132169101537,109000.0,
0.8933333333333333,1.049996055620363,2.32,2.1100007888759276,21099.999999983993,2.7335746891176287,110000.0,
0.8533333333333334,1.2310298583135288,2.72,2.4737940283372937,21109.999999983847,3.0744849902010625,111000.0,
0.8666666666666667,1.162237013290126,2.5680000000000005,2.3355525973419744,21119.999999983702,2.948424246094034,112000.0,
0.88,1.209305801990349,2.6719999999999997,2.4301388396019297,21129.999999983556,2.9578444719489143,113000.0,
0.8133333333333334,1.140512956966946,2.5199999999999996,2.2918974086066104,21139.99999998341,3.116365111014304,114000.0,
0.8533333333333334,1.006547942974003,2.2239999999999993,2.0226904114051996,21149.999999983265,2.813920245662519,115000.0,
0.8133333333333334,1.039134027458773,2.2960000000000003,2.088173194508245,21159.99999998312,2.9930303616189904,116000.0,
0.7333333333333333,0.89430698530424,1.9760000000000002,1.7971386029391518,21169.999999982974,3.1227786163121425,117000.0,
0.9066666666666666,1.1296509288053558,2.4960000000000004,2.2700698142389286,21179.99999998283,2.7859355832316313,118000.0,
0.8666666666666667,1.0174099711355928,2.2479999999999993,2.0445180057728813,21189.999999982683,2.785623812838741,119000.0,
0.9066666666666666,1.4330274160297771,2.3599999999999994,2.0733945167940444,21199.999999982538,2.7192243778099128,120000.0,
0.7866666666666666,1.28729581439963,2.12,1.862540837120074,21209.999999982392,3.413338747107115,121000.0,
0.84,1.243576333910586,2.048,1.799284733217883,21219.999999982247,3.1452067467085856,122000.0,
0.8533333333333334,1.3650193352690418,2.2479999999999998,1.9749961329461916,21229.9999999821,3.239003908508195,123000.0,
0.8266666666666667,1.389307935540733,2.288,2.0101384128918527,21239.999999981956,3.3735144381435607,124000.0,
0.7866666666666666,1.0735561320087483,1.768,1.5532887735982506,21249.99999998181,3.144347625423751,125000.0,
0.8,1.306726694616983,2.1519999999999997,1.8906546610766035,21259.999999981665,3.384071701593639,126000.0,
0.8266666666666667,1.3795924954320562,2.272,1.9960815009135888,21269.99999998152,3.3636973734959392,127000.0,
0.7866666666666666,1.3407307349973503,2.2079999999999997,1.9398538530005298,21279.999999981374,3.4860102563414355,128000.0,
0.8133333333333334,1.3844502154863945,2.28,2.0031099569027213,21289.999999981228,3.4261240354233182,129000.0,
0.88,1.1269910526064686,1.8559999999999999,1.6306017894787064,21299.999999981083,2.874608014315567,130000.0,
0.8533333333333334,1.2630072141279391,2.0799999999999996,1.8273985571744125,21309.999999980937,3.124458454045892,131000.0,
0.7733333333333333,1.1027024523347775,1.8159999999999998,1.5954595095330444,21319.99999998079,3.241077309042231,132000.0,
0.84,1.3455884550516886,2.2159999999999997,1.9468823089896625,21329.999999980646,3.2736338750510665,133000.0,
0.7733333333333333,0.966686290813307,1.5919999999999999,1.3986627418373385,21339.9999999805,3.0665736519023783,134000.0,
0.8,1.1269910526064686,1.8559999999999999,1.630601789478706,21349.999999980355,3.1654021490804083,135000.0,
0.84,1.345588455051689,2.2159999999999997,1.9468823089896625,21359.99999998021,3.2755386369558006,136000.0,
0.8133333333333334,1.1852836932585271,1.9519999999999997,1.714943261348294,21369.999999980064,3.1864930654709465,137000.0,
0.7733333333333333,1.1464219328238214,1.888,1.6587156134352354,21379.99999997992,3.3017490510538656,138000.0,
0.8266666666666667,1.219287733638895,2.008,1.7641424532722212,21389.999999979773,3.1775222584234535,139000.0,
0.8133333333333334,1.1949991333672039,1.968,1.7290001733265592,21399.999999979627,3.2004054918340445,140000.0,
0.8,1.1949991333672039,1.968,1.7290001733265592,21409.99999997948,3.2544122500312693,141000.0,
0.8133333333333334,1.350446175106027,2.2239999999999998,1.953910764978795,21419.999999979336,3.3928403792178243,142000.0,
0.88,1.4233119759211006,2.344,2.0593376048157803,21429.99999997919,3.2192151241426856,143000.0,
0.7866666666666666,1.131848772660807,1.8639999999999999,1.6376302454678382,21439.999999979045,3.231329795743977,144000.0,
0.92,1.3698770553233799,2.256,1.982024588935324,21449.9999999789,3.022327234037493,145000.0,
0.8666666666666667,1.175568253149851,1.9359999999999995,1.7008863493700297,21459.999999978754,2.98472952285495,146000.0,
0.84,1.0541252517913953,1.7359999999999998,1.525174949641721,21469.99999997861,2.935542760058524,147000.0,
0.7733333333333333,1.1027024523347775,1.8159999999999998,1.5954595095330446,21479.999999978463,3.2521117918006914,148000.0,
0.8,1.50589321684485,2.4799999999999995,2.17882135663103,21489.999999978318,3.6483631877115825,149000.0,
0.84,1.1658528130411743,1.92,1.686829437391765,21499.999999978172,3.07045652345109,150000.0,
0.8133333333333334,1.2144300135845567,1.9999999999999996,1.7571139972830883,21509.999999978027,3.231509033084783,151000.0,
0.8,1.3455884550516888,2.2159999999999997,1.9468823089896625,21519.99999997788,3.4499822354701015,152000.0,
0.92,1.5058932168448502,2.48,2.17882135663103,21529.999999977736,3.1748085690245307,153000.0,
0.8266666666666667,1.156137372932498,1.9040000000000001,1.6727725254135006,21539.99999997759,3.11080811240751,154000.0,
0.7866666666666666,1.1658528130411743,1.92,1.686829437391765,21549.999999977445,3.282012897922301,155000.0,
0.8133333333333334,1.2144300135845567,2.0,1.7571139972830883,21559.9999999773,3.234787721609326,156000.0,
0.8133333333333334,1.2290031737475715,2.0239999999999996,1.778199365250486,21569.999999977153,3.2533612791867936,157000.0,
0.8133333333333334,1.2484340539649244,2.056,1.806313189207015,21579.999999977008,3.277907443388447,158000.0,
0.7866666666666666,1.3553038951603655,2.232,1.9609392209679268,21589.999999976862,3.5255524090907255,159000.0,
0.7733333333333333,1.263007214127939,2.0799999999999996,1.8273985571744125,21599.999999976717,3.4676782941193136,160000.0,
0.84,1.131848772660807,1.8639999999999999,1.6376302454678386,21609.99999997657,3.0369596499822973,161000.0,
0.8133333333333334,1.3018689745626446,2.1439999999999997,1.8836262050874708,21619.999999976426,3.3462290670741304,162000.0,
0.8666666666666667,1.0978447322804394,1.8079999999999998,1.5884310535439121,21629.99999997628,2.905510075697785,163000.0,
0.8133333333333334,1.282438094345292,2.112,1.8555123811309415,21639.999999976135,3.3236501159872027,164000.0,
0.84,1.1415642127694836,1.88,1.6516871574461034,21649.99999997599,3.0510653326513197,165000.0,
0.8533333333333334,1.3164421347256594,2.1679999999999997,1.9047115730548683,21659.999999975844,3.2089525016210274,166000.0,
0.8266666666666667,1.1949991333672036,1.9679999999999995,1.7290001733265592,21669.9999999757,3.1662054032558222,167000.0,
0.84,1.224145453693233,2.016,1.7711709092613535,21679.999999975553,3.1512810956557553,168000.0,
0.88,1.2970112545083061,2.1359999999999997,1.8765977490983383,21689.999999975407,3.091449152840038,169000.0,
0.8666666666666667,1.2581494940736007,2.072,1.8203701011852798,21699.99999997526,3.0947848008436774,170000.0,
0.8933333333333333,1.4476005761927915,2.384,2.094479884761441,21709.999999975116,3.215072286772802,171000.0,
0.72,1.1464219328238214,1.888,1.6587156134352357,21719.99999997497,3.5715082400204525,172000.0,
0.8133333333333334,1.1998568534215421,1.9759999999999995,1.7360286293156917,21729.999999974825,3.228017442720211,173000.0,
0.84,1.3553038951603653,2.2319999999999998,1.9609392209679273,21739.99999997468,3.3112316212118102,174000.0,
0.8266666666666667,1.156137372932498,1.9039999999999997,1.6727725254135002,21749.999999974534,3.124356499504087,175000.0,
0.8,1.4135965358124238,2.3279999999999994,2.045280692837515,21759.99999997439,3.550992336420788,176000.0,
0.8666666666666667,1.263007214127939,2.08,1.827398557174412,21769.999999974243,3.104697554752466,177000.0,
0.84,1.3115844146713211,2.16,1.8976831170657358,21779.999999974098,3.2617243031692604,178000.0,
0.7866666666666666,1.1027024523347775,1.8160000000000003,1.5954595095330444,21789.999999973952,3.2180082021088485,179000.0,
0.8133333333333334,0.9486171261121901,2.0959999999999996,1.9062765747775612,21799.999999973807,3.3221967060173654,180000.0,
0.8266666666666667,1.2346505343673928,2.728,2.4810698931265214,21809.99999997366,3.22320306575592,181000.0,
0.8666666666666667,1.0029272669201397,2.216,2.015414546615972,21819.999999973516,2.807682231051115,182000.0,
0.8666666666666667,1.2274091822596656,2.712,2.466518163548067,21829.99999997337,3.06731521028902,183000.0,
0.8,0.98120321059696,2.1679999999999997,1.9717593578806076,21839.999999973224,3.015834013234714,184000.0,
0.76,1.0282719992971832,2.272,2.066345600140563,21849.99999997308,3.2371964902912103,185000.0,
0.92,1.2129264780442126,2.68,2.437414704391157,21859.999999972933,2.8754968964148637,186000.0,
0.8266666666666667,1.0536167316742264,2.328,2.117276653665154,21869.999999972788,3.008081530239936,187000.0,
0.8666666666666667,1.1187889006437663,2.472,2.248242219871247,21879.999999972642,2.945061039193707,188000.0,
0.88,1.039134027458773,2.296,2.0881731945082453,21889.999999972497,2.8105280614956953,189000.0,
0.8133333333333334,0.9920652387585498,2.192,1.9935869522482899,21899.99999997235,2.98368349026555,190000.0,
0.8,0.8436175205501538,1.864,1.695276495889969,21909.999999972206,2.848518567342805,191000.0,
0.8666666666666667,1.209305801990349,2.6719999999999997,2.43013883960193,21919.99999997206,3.0519651561320362,192000.0,
0.8533333333333334,1.1115475485360398,2.456,2.2336904902927914,21929.999999971915,2.9857166584298214,193000.0,
0.9466666666666667,1.2491332385828455,2.76,2.5101733522834304,21939.99999997177,2.83725060412702,194000.0,
0.8266666666666667,1.086202816158996,2.4,2.1827594367682006,21949.999999971624,3.052661471148857,195000.0,
0.8,0.9015483374119668,1.9919999999999998,1.8116903325176066,21959.99999997148,2.9242654217533555,196000.0,
0.88,1.140512956966946,2.52,2.291897408606611,21969.999999971333,2.93057987533067,197000.0,
0.8133333333333334,1.0970648443205864,2.424,2.2045870311358824,21979.999999971187,3.118027267595847,198000.0,
0.9333333333333333,1.198443773828759,2.6479999999999997,2.4083112452342488,21989.99999997104,2.8263297576637,199000.0,
0.9066666666666666,1.2129264780442124,2.68,2.4374147043911574,21999.999999970896,2.9260189095973153,200000.0,
0.7866666666666666,0.9232723937351469,2.0400000000000005,1.8553455212529706,22009.99999997075,3.0048343988040163,201000.0,
0.8266666666666667,1.0463753795664996,2.3120000000000003,2.1027249240867,22019.999999970605,3.0089992494643196,202000.0,
0.88,1.2056851259364858,2.6639999999999997,2.4228629748127024,22029.99999997046,3.008275521886912,203000.0,
0.8266666666666667,0.9630998303276431,2.1279999999999997,1.9353800339344716,22039.999999970314,2.9095530205463294,204000.0,
0.8666666666666667,1.2020644498826227,2.656,2.415587110023475,22049.99999997017,3.0516097498537738,205000.0,
0.7866666666666666,0.9268930697890098,2.048,1.8626213860421974,22059.999999970023,3.0128267836181992,206000.0,
0.9066666666666666,1.2093058019903493,2.672,2.4301388396019297,22069.999999969878,2.9261431639496123,207000.0,
0.88,1.198443773828759,2.6479999999999997,2.4083112452342483,22079.999999969732,3.003077015703845,208000.0,
0.8666666666666667,1.0210306471894564,2.256,2.0517938705621086,22089.999999969586,2.845186131361623,209000.0,
0.8533333333333334,1.1115475485360395,2.4559999999999995,2.233690490292792,22099.99999996944,2.9963416584296665,210000.0,
0.84,0.9884445627046866,2.1839999999999997,1.9863110874590628,22109.999999969295,2.897986384161057,211000.0,
0.84,1.162237013290126,2.5679999999999996,2.3355525973419744,22119.99999996915,3.1055170793024445,212000.0,
0.84,1.0536167316742264,2.328,2.1172766536651553,22129.999999969004,2.976842140870809,213000.0,
0.8133333333333334,1.1187889006437663,2.4719999999999995,2.2482422198712464,22139.99999996886,3.1552289761897683,214000.0,
0.8266666666666667,1.0608580837819528,2.344,2.13182838324361,22149.999999968713,3.03490574649902,215000.0,
0.8666666666666667,1.0789614640512697,2.3839999999999995,2.1682077071897456,22159.999999968568,2.916337073894422,216000.0,
0.76,1.0101686190278665,2.232,2.0299662761944264,22169.999999968422,3.2358323934452917,217000.0,
0.88,1.0608580837819532,2.3440000000000003,2.1318283832436093,22179.999999968277,2.8527902467111748,218000.0,
0.92,1.1875817456671693,2.6239999999999997,2.3864836508665657,22189.99999996813,2.867078709048234,219000.0,
0.88,1.1224095766976296,2.479999999999999,2.255518084660473,22199.999999967986,2.9239472462365472,220000.0,
0.8133333333333334,1.082582140105133,2.392,2.1754835719789734,22209.99999996784,3.1153026312651515,221000.0,
0.8666666666666667,0.9630998303276435,2.128,1.9353800339344716,22219.999999967695,2.786342881136338,222000.0,
0.84,1.0427547035126365,2.304,2.095449059297472,22229.99999996755,2.970260361313268,223000.0,
0.8266666666666667,1.0427547035126363,2.304,2.095449059297472,22239.999999967404,3.0188129477860532,224000.0,
0.8533333333333334,1.0934441682667229,2.416,2.1973111663466556,22249.99999996726,2.9845017596764247,225000.0,
0.8266666666666667,0.7893073797422036,1.7439999999999998,1.5861385240515593,22259.999999967113,2.7135137658056716,226000.0,
0.8533333333333334,1.147754309074673,2.536,2.3064491381850654,22269.999999966967,3.049396455935723,227000.0,
0.8,1.216547154098076,2.6879999999999997,2.4446905691803846,22279.99999996682,3.339347275944015,228000.0,
0.7466666666666667,0.8544795487117437,1.888,1.717104090257651,22289.999999966676,3.093674395583311,229000.0,
0.8266666666666667,1.1368922809130828,2.5119999999999996,2.284621543817383,22299.99999996653,3.1365600172220205,230000.0,
0.8133333333333334,1.0246513232433196,2.2640000000000002,2.0590697353513363,22309.999999966385,3.0506335941398763,231000.0,
0.88,1.1079268724821763,2.4479999999999995,2.226414625503564,22319.99999996624,2.9147623550825172,232000.0,
0.7733333333333333,0.89430698530424,1.9759999999999995,1.7971386029391518,22329.999999966094,3.0412555844327644,233000.0,
0.8266666666666667,1.162237013290126,2.568,2.335552597341975,22339.99999996595,3.169799612839374,234000.0,
0.7866666666666666,1.071720111943543,2.368,2.153655977611291,22349.999999965803,3.2165899727974048,235000.0,
0.8266666666666667,0.9449964500583267,2.0880000000000005,1.8990007099883348,22359.999999965657,2.9082989315105663,236000.0,
0.8133333333333334,1.0391340274587728,2.296,2.088173194508245,22369.999999965512,3.0723746239129173,237000.0,
0.8133333333333334,1.0246513232433199,2.2640000000000002,2.059069735351336,22379.999999965366,3.0552237580742365,238000.0,
0.88,1.2599952667444358,2.784,2.532000946651113,22389.99999996522,3.09180977280472,239000.0,
0.88,1.7099174591270556,2.816,2.4740165081745884,22399.999999965075,3.108873451837423,240000.0,
0.7733333333333333,1.0784138520630864,1.7759999999999998,1.5603172295873826,22409.99999996493,3.2848420500691238,241000.0,
0.76,1.0541252517913953,1.7359999999999998,1.5251749496417208,22419.999999964784,3.311213927783013,242000.0,
0.84,1.2047145734758802,1.9839999999999998,1.7430570853048235,22429.99999996464,3.175768143015357,243000.0,
0.88,1.1755682531498508,1.9360000000000002,1.70088634937003,22439.999999964493,2.998900287659314,244000.0,
0.7733333333333333,1.224145453693233,2.0159999999999996,1.7711709092613535,22449.999999964348,3.476046707349445,245000.0,
0.8,1.1269910526064686,1.8559999999999999,1.6306017894787064,22459.999999964202,3.2394021490793317,246000.0,
0.8,0.9909748910849984,1.6319999999999997,1.4338050217830005,22469.999999964057,3.0700486138441505,247000.0,
0.88,1.4330274160297767,2.3599999999999994,2.073394516794045,22479.99999996391,3.2938917606288918,248000.0,
0.7733333333333333,1.2047145734758802,1.9839999999999998,1.743057085304824,22489.999999963766,3.4536791898269663,249000.0,
0.88,1.2387186138562478,2.04,1.7922562772287502,22499.99999996362,3.0742984248256207,250000.0,
0.88,1.4378851360841152,2.3680000000000003,2.0804229727831767,22509.999999963475,3.3012300788724307,251000.0,
0.84,1.1512796528781597,1.8959999999999995,1.665744069424368,22519.99999996333,3.1178694280179875,252000.0,
0.8,1.1464219328238214,1.8880000000000003,1.6587156134352354,22529.999999963184,3.268357416017621,253000.0,
0.92,1.3844502154863947,2.28,2.0031099569027213,22539.999999963038,3.1013560313152126,254000.0,
0.9066666666666666,1.3261575748343362,2.1839999999999997,1.918768485033133,22549.999999962893,3.0832590898800696,255000.0,
0.8,1.131848772660807,1.8639999999999999,1.6376302454678382,22559.999999962747,3.252140965813824,256000.0,
0.7733333333333333,1.2241454536932332,2.016,1.7711709092613535,22569.9999999626,3.48432256941829,257000.0,
0.9066666666666666,1.2970112545083068,2.136,1.8765977490983388,22579.999999962456,3.0528771189322175,258000.0,
0.9066666666666666,1.2387186138562478,2.04,1.7922562772287507,22589.99999996231,2.989172000565967,259000.0,
0.8666666666666667,1.4427428561384532,2.376,2.0874514287723094,22599.999999962165,3.3631617570715475,260000.0,
0.8666666666666667,1.2775803742909535,2.1039999999999996,1.8484839251418088,22609.99999996202,3.1732050472475004,261000.0,
0.8666666666666667,1.1415642127694836,1.8799999999999997,1.6516871574461032,22619.999999961874,3.016878707030411,262000.0,
0.8,1.1707105330955125,1.928,1.6938578933808974,22629.99999996173,3.3053848330238043,263000.0,
0.84,1.263007214127939,2.0799999999999996,1.827398557174412,22639.999999961583,3.258497477124757,264000.0,
0.7866666666666666,1.243576333910586,2.0479999999999996,1.799284733217883,22649.999999961437,3.455390254958604,265000.0,
0.8666666666666667,1.2921535344539685,2.128,1.8695692931092063,22659.999999961292,3.1930971551278575,266000.0,
0.8421052631578947,1.1265436310225163,1.855263157894737,1.6299544316902332,22669.999999961146,3.067142436827715,267000.0,
0.8026315789473685,1.2272134874117626,2.021052631578948,1.775609934096595,22679.999999961,3.3440659843041947,268000.0,
0.8947368421052632,1.3470585545418172,2.218421052631579,1.9490093417232155,22689.999999960855,3.134356619771169,269000.0,
0.7763157894736842,1.1505126444485274,1.894736842105263,1.6646343132155574,22699.99999996071,3.3599789996160827,270000.0,
0.881578947368421,1.409377989449446,2.3210526315789473,2.0391770336890587,22709.999999960564,3.2530227939913146,271000.0,
0.8289473684210527,1.2080382766709536,1.9894736842105258,1.7478660288763352,22719.99999996042,3.217312841686541,272000.0,
0.8026315789473685,1.212832079356156,1.9973684210526315,1.7548020051814006,22729.999999960273,3.3294268529561784,273000.0,
0.9210526315789473,1.5675734780611186,2.5815789473684205,2.2680642517561975,22739.999999960128,3.2870769190271925,274000.0,
0.881578947368421,1.2895329223193912,2.123684210526316,1.8657776260624377,22749.999999959982,3.1194671954556954,275000.0,
0.868421052631579,1.2272134874117626,2.021052631578947,1.775609934096595,22759.999999959837,3.0955761370083517,276000.0,
0.8157894736842105,1.1984506713005494,1.9736842105263157,1.7339940762662056,22769.99999995969,3.260678242227394,277000.0,
0.8552631578947368,1.3662337652826266,2.2500000000000004,1.9767532469434748,22779.999999959546,3.3069779409343956,278000.0,
0.7894736842105263,1.1073684202817073,1.8236842105263158,1.6022105264699742,22789.9999999594,3.255329999011088,279000.0,
0.7631578947368421,1.1313374337077189,1.8631578947368417,1.6368904079952984,22799.999999959255,3.3996800855351994,280000.0,
0.9078947368421053,1.3326771464862108,2.194736842105263,1.928201412808021,22809.99999995911,3.080047291771107,281000.0,
0.8026315789473685,1.0498427880592813,1.7289473684210523,1.5189788108091964,22819.999999958964,3.1322598670780186,282000.0,
0.7763157894736842,1.2751515142637844,2.1,1.8449696971472427,22829.999999958818,3.529344323445776,283000.0,
0.868421052631579,1.313501935745402,2.1631578947368424,1.9004575075877614,22839.999999958673,3.199787077513684,284000.0,
0.8552631578947368,1.255976303522976,2.068421052631579,1.8172257919269839,22849.999999958527,3.1823692164153567,285000.0,
0.7763157894736842,1.0977808149113033,1.8078947368421054,1.5883385738598446,22859.99999995838,3.3029007107205173,286000.0,
0.8026315789473685,1.1936568686153468,1.9657894736842105,1.7270580999611411,22869.999999958236,3.3147167543281513,287000.0,
0.9078947368421053,1.1984506713005494,1.9736842105263157,1.733994076266206,22879.99999995809,2.9362616089578553,288000.0,
0.7763157894736842,1.1121622229669101,1.831578947368421,1.609146502775039,22889.999999957945,3.323459812622625,289000.0,
0.8157894736842105,1.1361312363929208,1.8710526315789473,1.6438263843003629,22899.9999999578,3.192673773630824,290000.0,
0.8421052631578947,1.2607701062081782,2.0763157894736843,1.824161768232049,22909.999999957654,3.24153637611047,291000.0,
0.8157894736842105,1.342264751856615,2.2105263157894735,1.9420733654181506,22919.99999995751,3.4466438893604954,292000.0,
0.9078947368421053,1.6394805183391512,2.6999999999999997,2.372103896332169,22929.999999957363,3.4249321651162736,293000.0,
0.8289473684210527,1.2943267250045931,2.131578947368421,1.8727136023675026,22939.999999957217,3.335375096818982,294000.0,
0.8421052631578947,1.2703577115785825,2.0921052631578947,1.8380337208421782,22949.999999957072,3.255421657487789,295000.0,
0.868421052631579,1.2847391196341893,2.1157894736842104,1.8588416497573732,22959.999999956926,3.173938986234,296000.0,
0.868421052631579,1.3518523572270196,2.226315789473684,1.9559453180282802,22969.99999995678,3.2518269567954325,297000.0,
0.8552631578947368,1.4525222136162657,2.3921052631578945,2.1016008204346415,22979.999999956635,3.4201767420627793,298000.0,
0.8026315789473685,1.4237593975050526,2.344736842105263,2.0599849626042523,22989.99999995649,3.609270724747998,299000.0,
0.881578947368421,1.011169068990118,2.2342105263157896,2.0319767125177655,22999.999999956344,3.2105210172025695,300000.0,
0.8289473684210527,1.0897758517384666,2.4078947368421053,2.1899395664944117,23009.9999999562,3.093059757640733,301000.0,
0.8421052631578947,1.3184501288245711,2.9131578947368424,2.6494678689719273,23019.999999956053,3.3169064029673367,302000.0,
0.8552631578947368,1.007596033410648,2.226315789473684,2.024796582791554,23029.999999955908,2.9030322852069355,303000.0,
0.881578947368421,0.9754387131954142,2.1552631578947365,1.9601754152556536,23039.999999955762,2.780494659732723,304000.0,
0.868421052631579,1.2612815595530449,2.786842105263158,2.534585793352549,23049.999999955617,3.1523817958374516,305000.0,
0.8289473684210527,1.150517456589463,2.542105263157895,2.312001771840001,23059.99999995547,3.1695099476196664,306000.0,
0.881578947368421,1.139798349851052,2.518421052631579,2.2904613826613685,23069.999999955326,2.9687235013122266,307000.0,
0.75,1.0040229978311772,2.2184210526315784,2.0176164530653433,23079.99999995518,3.3092201374457564,308000.0,
0.7763157894736842,0.9004049660265363,1.989473684210526,1.8093926910052192,23089.999999955035,3.0642470748687263,309000.0,
0.8157894736842105,1.0969219228974076,2.4236842105263157,2.2042998259468343,23099.99999995489,3.157513969990975,310000.0,
0.8026315789473685,0.9325622862417697,2.060526315789473,1.87401385854112,23109.999999954744,3.00515629104281,311000.0,
0.8421052631578947,0.9968769266722369,2.2026315789473685,2.003256193612921,23119.999999954598,2.941288225411349,312000.0,
0.881578947368421,1.0897758517384666,2.407894736842105,2.1899395664944112,23129.999999954453,2.915563652706854,313000.0,
0.8552631578947368,1.2041129902815189,2.6605263157894736,2.4197037177331695,23139.999999954307,3.139575188625086,314000.0,
0.75,0.8646746102318326,1.9105263157894736,1.7375913937431071,23149.99999995416,3.1283345680149797,315000.0,
0.881578947368421,1.0504724603642925,2.3210526315789473,2.110958139506088,23159.999999954016,2.872771746073436,316000.0,
0.8289473684210527,0.9575735352980626,2.115789473684211,1.9242747666245978,23169.99999995387,2.9437363282839075,317000.0,
0.8157894736842105,1.1076410296358186,2.4473684210526314,2.2258402151254675,23179.999999953725,3.1758148105089523,318000.0,
0.8289473684210527,1.1004949584768782,2.4315789473684206,2.2114799556730453,23189.99999995358,3.1174193149757934,319000.0,
0.8947368421052632,1.0183151401490589,2.2499999999999996,2.046336971970188,23199.999999953434,2.796937509567061,320000.0,
0.8552631578947368,1.054045495943763,2.3289473684210527,2.1181382692322996,23209.99999995329,2.9684193490916475,321000.0,
0.868421052631579,0.8896858592881254,1.9657894736842105,1.787852301826585,23219.999999953143,2.7347867470473943,322000.0,
0.8157894736842105,1.1326522786921114,2.502631578947368,2.2761011232089454,23229.999999952997,3.209699567416619,323000.0,
0.9342105263157895,1.1219331719537002,2.478947368421052,2.2545607340303118,23239.99999995285,2.7919256488409934,324000.0,
0.868421052631579,1.139798349851052,2.5184210526315782,2.2904613826613685,23249.999999952706,3.02461325133195,325000.0,
0.868421052631579,1.129079243112641,2.494736842105263,2.268920993482735,23259.99999995256,3.0128760981180136,326000.0,
0.868421052631579,0.9289892506622995,2.0526315789473686,1.8668337288149086,23269.999999952415,2.783075500750945,327000.0,
0.8157894736842105,0.943281392980181,2.0842105263157893,1.8955542477197533,23279.99999995227,2.980793320414851,328000.0,
0.868421052631579,1.082629780579526,2.3921052631578945,2.175579307041989,23289.999999952124,2.9612070200495513,329000.0,
0.881578947368421,1.0361803180464109,2.289473684210526,2.0822376206012443,23299.99999995198,2.864917972697807,330000.0,
0.8157894736842105,1.0111690689901183,2.2342105263157888,2.031976712517766,23309.999999951833,3.0659459555237785,331000.0,
0.881578947368421,1.114787100794759,2.4631578947368418,2.2402004745778905,23319.999999951688,2.9552779053675575,332000.0,
0.881578947368421,1.232697274917282,2.7236842105263155,2.477144755542859,23329.999999951542,3.089623774521456,333000.0,
0.8947368421052632,1.161236563327874,2.5657894736842106,2.3335421610186358,23339.999999951397,2.964908511943264,334000.0,
0.8421052631578947,1.0433263892053517,2.305263157894737,2.096597880053666,23349.99999995125,3.0108219621692136,335000.0,
0.881578947368421,1.1183601363742297,2.471052631578947,2.247380604304101,23359.999999951106,2.961718960651699,336000.0,
0.8552631578947368,1.1397983498510518,2.5184210526315787,2.2904613826613685,23369.99999995096,3.0785303782754108,337000.0,
0.8947368421052632,1.1898208479636374,2.6289473684210525,2.3909831988283248,23379.999999950815,2.9992085947714355,338000.0,
0.8421052631578947,1.0683376382616443,2.360526315789474,2.1468587881371444,23389.99999995067,3.043022820423525,339000.0,
0.868421052631579,1.272000666291456,2.8105263157894735,2.5561261825311825,23399.999999950523,3.185937130869253,340000.0,
0.8421052631578947,0.9325622862417697,2.0605263157894735,1.8740138585411195,23409.999999950378,2.8830395898999055,341000.0,
0.8552631578947368,1.2112590614404597,2.676315789473684,2.4340639771855916,23419.999999950232,3.1651613641337506,342000.0,
0.7763157894736842,0.9111240727649474,2.0131578947368416,1.8309330801838524,23429.999999950087,3.1011055852432934,343000.0,
0.7763157894736842,0.9933038910927663,2.1947368421052627,1.9960760638867097,23439.99999994994,3.207642300377423,344000.0,
0.8947368421052632,1.1755287056457555,2.5973684210526313,2.36226267992348,23449.999999949796,2.9873526710043317,345000.0,
0.8289473684210527,0.9432813929801811,2.0842105263157897,1.895554247719753,23459.99999994965,2.944907712154132,346000.0,
0.8157894736842105,1.0933488873179371,2.4157894736842103,2.197119696220623,23469.999999949505,3.1770050876674065,347000.0,
0.8289473684210527,1.0540454959437628,2.3289473684210527,2.1181382692323,23479.99999994936,3.0797977411260526,348000.0,
0.8552631578947368,1.0683376382616443,2.360526315789474,2.146858788137145,23489.999999949214,3.002360930878458,349000.0,
0.9078947368421053,1.2469894172351634,2.7552631578947366,2.5058652744477037,23499.99999994907,3.0256666044795164,350000.0,
0.868421052631579,1.2398433460762228,2.739473684210526,2.4915050149952815,23509.999999948923,3.155574156075857,351000.0,
0.8552631578947368,1.1255062075331703,2.4868421052631575,2.2617408637565233,23519.999999948777,3.0710503349497538,352000.0,
0.8947368421052632,1.0111690689901185,2.234210526315789,2.031976712517766,23529.99999994863,2.8083624888597276,353000.0,
0.8552631578947368,0.9968769266722367,2.2026315789473676,2.003256193612921,23539.999999948486,2.9218837911738746,354000.0,
0.8552631578947368,1.0254612113079997,2.2657894736842104,2.0606972314226097,23549.99999994834,2.9559208009018354,355000.0,
0.8552631578947368,1.064764602682174,2.352631578947368,2.1396786584109333,23559.999999948195,3.0024909200470145,356000.0,
0.7894736842105263,0.9182701439238884,2.0289473684210524,1.8452933396362747,23569.99999994805,3.067805515623761,357000.0,
0.8552631578947368,1.1397983498510518,2.518421052631579,2.2904613826613685,23579.999999947904,3.0914534551983,358000.0,
0.8289473684210527,1.1505174565894634,2.5421052631578944,2.3120017718400017,23589.99999994776,3.203160741269971,359000.0,
0.8421052631578947,1.414171792134648,2.3289473684210527,2.0461130099941225,23599.999999947613,3.0391759014208493,360000.0,
0.8026315789473685,1.2847391196341889,2.115789473684211,1.8588416497573732,23609.999999947468,3.476720870350921,361000.0,
0.8289473684210527,1.0881932095408988,1.7921052631578946,1.5744666212497151,23619.999999947322,3.1298806972113575,362000.0,
0.868421052631579,1.2272134874117626,2.021052631578947,1.775609934096595,23629.999999947177,3.148303409734858,363000.0,
0.881578947368421,1.3662337652826262,2.25,1.9767532469434745,23639.99999994703,3.2596054650848605,364000.0,
0.8289473684210527,1.083399406855697,1.7842105263157895,1.5675306449446502,23649.999999946886,3.1260024590514037,365000.0,
0.8552631578947368,1.356646159912222,2.2342105263157896,1.9628812943333451,23659.99999994674,3.349921663885135,366000.0,
0.7631578947368421,1.164894052504134,1.9184210526315788,1.685442242130752,23669.999999946594,3.503650827405492,367000.0,
0.8289473684210527,1.2272134874117624,2.0210526315789474,1.7756099340965947,23679.99999994645,3.3013972228967883,368000.0,
0.8289473684210527,1.3758213706530302,2.2657894736842104,1.9906251995536046,23689.999999946303,3.481305145537039,369000.0,
0.7368421052631579,1.3039143303749978,2.1473684210526316,1.8865855549776323,23699.999999946158,3.819594448351829,370000.0,
0.881578947368421,1.1888630659301453,1.9578947368421058,1.7201221236560762,23709.999999946012,3.062587955371538,371000.0,
0.881578947368421,1.3326771464862113,2.194736842105263,1.9282014128080214,23719.999999945867,3.2263173601813953,372000.0,
0.8157894736842105,1.11216222296691,1.8315789473684212,1.6091465027750391,23729.99999994572,3.216840789430419,373000.0,
0.8157894736842105,1.0546365907444837,1.736842105263158,1.5259147871142609,23739.999999945576,3.146970659609371,374000.0,
0.7631578947368421,1.0738118014852922,1.7684210526315787,1.5536586923345206,23749.99999994543,3.3898189122772733,375000.0,
0.7894736842105263,1.3710275679678283,2.2578947368421045,1.9836892232485397,23759.999999945285,3.653964919412567,376000.0,
0.8289473684210527,1.1936568686153473,1.9657894736842099,1.7270580999611411,23769.99999994514,3.266630508158172,377000.0,
0.8421052631578947,1.438140805560659,2.3684210526315788,2.0807928915194474,23779.999999944994,3.5065390815907502,378000.0,
0.7105263157894737,1.016286169262866,1.6736842105263159,1.4704269766737428,23789.99999994485,3.56291757154028,379000.0,
0.9078947368421053,1.457316016301468,2.4,2.1085367967397066,23799.999999944703,3.2747219889580914,380000.0,
0.9078947368421053,1.4477284109310637,2.384210526315789,2.0946648441295768,23809.999999944557,3.264741438115319,381000.0,
0.8421052631578947,1.6155115049131406,2.6605263157894736,2.337424014806846,23819.99999994441,3.719666787071785,382000.0,
0.8026315789473685,1.1553064471337295,1.9026315789473685,1.6715702895206224,23829.999999944266,3.329886721005876,383000.0,
0.8026315789473685,0.9204101155588219,1.5157894736842104,1.331707450572446,23839.99999994412,3.0378847341256536,384000.0,
0.8552631578947368,1.457316016301468,2.4,2.1085367967397066,23849.999999943975,3.4793202652016215,385000.0,
0.8552631578947368,1.145718841763325,1.8868421052631577,1.657698336910493,23859.99999994383,3.11560664574163,386000.0,
0.8552631578947368,1.3326771464862108,2.194736842105263,1.9282014128080214,23869.999999943684,3.334819432802226,387000.0,
0.8026315789473685,1.0881932095408988,1.7921052631578946,1.574466621249715,23879.99999994354,3.24954891679181,388000.0,
0.8552631578947368,1.1409250390781231,1.8789473684210527,1.650762360605428,23889.999999943393,3.1118477379865976,389000.0,
0.8026315789473685,1.2415948954673692,2.044736842105263,1.7964178630117895,23899.999999943248,3.4419838041755897,390000.0,
0.8552631578947368,1.3230895411158066,2.1789473684210527,1.9143294601978915,23909.999999943102,3.3260708480614096,391000.0,
0.8552631578947368,1.2080382766709539,1.989473684210526,1.7478660288763352,23919.999999942956,3.1921647542489575,392000.0,
0.8289473684210527,1.4764912270422768,2.4315789473684206,2.136280701959966,23929.99999994281,3.617986242133368,393000.0,
0.8421052631578947,1.0642241961148882,1.7526315789473685,1.5397867397243907,23939.999999942665,3.0725131078737515,394000.0,
0.9078947368421053,1.2463886981525711,2.0526315789473686,1.8033538393168538,23949.99999994252,3.051091899402658,395000.0,
0.868421052631579,1.1313374337077187,1.8631578947368421,1.6368904079952984,23959.999999942374,3.0579006812268794,396000.0,
0.8157894736842105,1.2607701062081778,2.0763157894736843,1.824161768232049,23969.99999994223,3.4144891624356184,397000.0,
0.7368421052631579,1.1696878551893362,1.9263157894736842,1.692378218435817,23979.999999942083,3.657429946313854,398000.0,
0.8552631578947368,1.3566461599122217,2.234210526315789,1.9628812943333447,23989.999999941938,3.370229356192531,399000.0,
0.8421052631578947,1.1265436310225163,1.855263157894736,1.6299544316902332,23999.999999941792,3.150267436826505,400000.0,
0.868421052631579,1.212832079356156,1.9973684210526315,1.7548020051814006,24009.999999941647,3.154773303488672,401000.0,
0.75,1.0546365907444837,1.7368421052631575,1.5259147871142613,24019.9999999415,3.4426698402765727,402000.0,
0.8289473684210527,1.0594303934296856,1.7447368421052631,1.5328507634193262,24029.999999941356,3.1212144428545945,403000.0,
0.8552631578947368,1.2943267250045936,2.131578947368421,1.8727136023675022,24039.99999994121,3.3004404784543366,404000.0,
0.868421052631579,1.1457188417633253,1.8868421052631577,1.6576983369104927,24049.999999941065,3.0799156359574984,405000.0,
0.8289473684210527,1.3949965813938394,2.2973684210526315,2.0183691047738637,24059.99999994092,3.5279292092875143,406000.0,
0.881578947368421,1.2847391196341889,2.1157894736842104,1.8588416497573725,24069.999999940774,3.1928354192743185,407000.0,
0.8289473684210527,1.1696878551893362,1.9263157894736842,1.692378218435817,24079.99999994063,3.2573980475169835,408000.0,
0.7894736842105263,1.1984506713005494,1.9736842105263157,1.733994076266206,24089.999999940483,3.4573675169670266,409000.0,
0.8421052631578947,1.1840692632449428,1.95,1.7131861473510115,24099.999999940337,3.2248291250905456,410000.0,
0.8157894736842105,1.1744816578745383,1.9342105263157892,1.6993141947408816,24109.99999994019,3.317748483832961,411000.0,
0.8289473684210527,1.2847391196341889,2.1157894736842104,1.8588416497573725,24119.999999940046,3.3987297316091496,412000.0,
0.8289473684210527,1.2080382766709539,1.989473684210526,1.7478660288763357,24129.9999999399,3.3068366512090477,413000.0,
0.9210526315789473,1.1648940525041338,1.9184210526315784,1.6854422421307518,24139.999999939755,2.9298821141355873,414000.0,
0.8947368421052632,1.3230895411158066,2.1789473684210523,1.914329460197892,24149.99999993961,3.1934500753526125,415000.0,
0.7894736842105263,1.2032444739857513,1.9815789473684209,1.7409300525712705,24159.999999939464,3.4681063337015483,416000.0,
0.868421052631579,1.2415948954673695,2.044736842105263,1.7964178630117895,24169.99999993932,3.197591091737807,417000.0,
0.8157894736842105,1.2703577115785822,2.0921052631578942,1.838033720842178,24179.999999939173,3.439790098050756,418000.0,
0.7894736842105263,1.3230895411158066,2.1789473684210527,1.9143294601978915,24189.999999939027,3.6219100853995894,419000.0,
0.7631578947368421,0.8432363967550103,1.8631578947368417,1.6945106153858398,24199.999999938882,3.4962318096717255,420000.0,
0.881578947368421,0.9933038910927661,2.194736842105263,1.9960760638867097,24209.999999938736,2.8706103839137773,421000.0,
0.8289473684210527,0.964719606457003,2.1315789473684212,1.9386350260770202,24219.99999993859,3.0190236522207066,422000.0,
0.881578947368421,1.0504724603642923,2.3210526315789473,2.110958139506088,24229.999999938445,2.9366523430874314,423000.0,
0.868421052631579,0.9968769266722365,2.2026315789473685,2.003256193612921,24239.9999999383,2.9200370670645626,424000.0,
0.8289473684210527,0.971865677615944,2.1473684210526316,1.9529952855294426,24249.999999938154,3.0295490713965436,425000.0,
0.881578947368421,1.0218881757285294,2.2578947368421054,2.0535171016963996,24259.99999993801,2.906019423202063,426000.0,
0.8026315789473685,1.0361803180464109,2.289473684210526,2.0822376206012443,24269.999999937863,3.2103197405032233,427000.0,
0.8026315789473685,1.093348887317937,2.4157894736842107,2.1971196962206228,24279.999999937718,3.2822018923824916,428000.0,
0.881578947368421,1.1219331719537002,2.478947368421053,2.254560734030312,24289.999999937572,3.021294344293275,429000.0,
0.868421052631579,1.1648095989073448,2.5736842105263156,2.3407222907448464,24299.999999937427,3.117050447214028,430000.0,
0.8421052631578947,1.1004949584768777,2.431578947368421,2.211479955673045,24309.99999993728,3.1387096381782777,431000.0,
0.8421052631578947,1.111214065215289,2.455263157894737,2.233020344851679,24319.999999937136,3.152063577430132,432000.0,
0.8289473684210527,1.0040229978311779,2.218421052631579,2.017616453065343,24329.99999993699,3.0734213941958,433000.0,
0.8552631578947368,1.0361803180464106,2.289473684210526,2.082237620601244,24339.999999936845,3.017069294933731,434000.0,
0.8289473684210527,0.8396633611755396,1.855263157894737,1.6873304856596285,24349.9999999367,2.87641611823025,435000.0,
0.8157894736842105,1.11836013637423,2.471052631578947,2.2473806043041016,24359.999999936554,3.265083392961381,436000.0,
0.8289473684210527,1.0504724603642925,2.3210526315789473,2.1109581395060886,24369.999999936408,3.1319953489976156,437000.0,
0.8289473684210527,1.0826297805795257,2.3921052631578945,2.1755793070419895,24379.999999936263,3.171423227352491,438000.0,
0.8289473684210527,1.1219331719537002,2.4789473684210526,2.254560734030312,24389.999999936117,3.2194717629784697,439000.0,
0.8552631578947368,1.1112140652152889,2.455263157894737,2.233020344851679,24399.99999993597,3.1084933685465197,440000.0,
0.8552631578947368,1.1719556700662856,2.589473684210526,2.355082550197269,24409.999999935826,3.180129706526137,441000.0,
0.8552631578947368,0.9968769266722365,2.202631578947368,2.003256193612921,24419.99999993568,2.976037637326933,442000.0,
0.8552631578947368,1.0183151401490589,2.25,2.046336971970188,24429.999999935535,3.001719240776747,443000.0,
0.8026315789473685,1.046899424784822,2.3131578947368414,2.103778009779878,24439.99999993539,3.23482223414436,444000.0,
0.8552631578947368,1.2434163816556931,2.7473684210526312,2.498685144721493,24449.999999935244,3.266145307769101,445000.0,
0.9342105263157895,1.1433713854305225,2.5263157894736836,2.2976415123875795,24459.9999999351,2.8836059900264512,446000.0,
0.881578947368421,0.989730855513296,2.1868421052631577,1.9888959341604977,24469.999999934953,2.8820797763905706,447000.0,
0.8552631578947368,1.046899424784822,2.313157894736842,2.103778009779877,24479.999999934807,3.0382177889662096,448000.0,
0.8421052631578947,0.9361353218212398,2.0684210526315794,1.881193988267331,24489.999999934662,2.9547825696495438,449000.0,
0.8421052631578947,0.989730855513296,2.1868421052631577,1.9888959341604988,24499.999999934516,3.0190522659088517,450000.0,
0.881578947368421,1.0504724603642928,2.3210526315789473,2.110958139506088,24509.99999993437,2.9533687609976367,451000.0,
0.8157894736842105,1.2362703104967525,2.7315789473684204,2.48432488526907,24519.999999934225,3.419941025756581,452000.0,
0.8289473684210527,1.0862028161589965,2.4,2.1827594367682,24529.99999993408,3.185257365511714,453000.0,
0.881578947368421,1.0826297805795257,2.392105263157895,2.175579307041989,24539.999999933934,2.991636766017875,454000.0,
0.7894736842105263,0.8718206813907731,1.926315789473684,1.751951653195529,24549.99999993379,3.0743028630808644,455000.0,
0.868421052631579,1.039753353625881,2.297368421052632,2.089417750327455,24559.999999933643,2.9888038617381736,456000.0,
0.8289473684210527,1.0254612113079997,2.2657894736842104,2.06069723142261,24569.999999933498,3.1145214612469827,457000.0,
0.8026315789473685,0.8503824679139508,1.8789473684210525,1.7088708748382622,24579.999999933352,2.999161763288715,458000.0,
0.8421052631578947,0.9146971083444179,2.021052631578947,1.8381132099100643,24589.999999933207,2.935574691145727,459000.0,
0.8289473684210527,0.9718656776159441,2.1473684210526316,1.9529952855294426,24599.99999993306,3.0517712936184433,460000.0,
0.881578947368421,0.9647196064570033,2.1315789473684212,1.9386350260770202,24609.999999932916,2.862067016266893,461000.0,
0.8026315789473685,1.1576635277484038,2.557894736842105,2.3263620312924242,24619.99999993277,3.384626690295536,462000.0,
0.7368421052631579,0.9504274641391218,2.1,1.9099145071721755,24629.999999932625,3.4062908441736015,463000.0,
0.8026315789473685,1.0611915671027035,2.344736842105263,2.1324985286847222,24639.99999993248,3.26574359178612,464000.0,
0.8026315789473685,0.8253712188576583,1.823684210526316,1.6586099667547842,24649.999999932334,2.972590371021792,465000.0,
0.8552631578947368,0.9075510371854772,2.005263157894736,1.8237529504576409,24659.999999932188,2.886364289619123,466000.0,
0.7763157894736842,1.3684726269371568,3.0236842105263158,2.749989685138884,24669.999999932043,3.7743003329893225,467000.0,
0.8947368421052632,1.2041129902815186,2.6605263157894736,2.4197037177331695,24679.999999931897,3.0916527538314846,468000.0,
0.8552631578947368,0.9039780016060069,1.9973684210526315,1.8165728207314298,24689.99999993175,2.8840327403261767,469000.0,
0.8157894736842105,0.9575735352980626,2.1157894736842104,1.9242747666245983,24699.999999931606,3.0899256238999535,470000.0,
0.9078947368421053,1.364899591357686,3.01578947368421,2.7428095554126735,24709.99999993146,3.2256836078598248,471000.0,
0.8421052631578947,1.1612365633278743,2.56578947368421,2.3335421610186353,24719.999999931315,3.2364652939384633,472000.0,
0.8157894736842105,1.0004499622517071,2.210526315789474,2.0104363233391322,24729.99999993117,3.14441930855278,473000.0,
0.8947368421052632,1.1826747768046966,2.613157894736842,2.3766229393759026,24739.999999931024,3.071221809357338,474000.0,
0.8289473684210527,1.1755287056457557,2.5973684210526318,2.3622626799234796,24749.99999993088,3.3069838353685537,475000.0,
0.8289473684210527,0.8753937169702437,1.9342105263157894,1.759131782921741,24759.999999930733,2.945551150617133,476000.0,
0.7763157894736842,1.0397533536258814,2.297368421052632,2.089417750327455,24769.999999930587,3.3576449978763945,477000.0,
0.7631578947368421,1.014742104569589,2.2421052631578946,2.039156842243977,24779.999999930442,3.3834517232142836,478000.0,
0.8947368421052632,1.1004949584768777,2.4315789473684206,2.2114799556730453,24789.999999930296,2.9823149535791447,479000.0,
0.8552631578947368,1.4956664377830855,2.4631578947368413,2.164024607180225,24799.99999993015,3.137286456300619,480000.0,
0.8026315789473685,1.1025746175965054,1.8157894736842106,1.5952745501649095,24809.999999930005,3.3284503432208585,481000.0,
0.7763157894736842,1.2080382766709536,1.9894736842105265,1.7478660288763357,24819.99999992986,3.577808627561523,482000.0,
0.8289473684210527,1.3278833438010085,2.1868421052631573,1.9212654365029564,24829.999999929714,3.495856097270055,483000.0,
0.881578947368421,1.1696878551893364,1.9263157894736842,1.692378218435817,24839.99999992957,3.1082996566197876,484000.0,
0.8421052631578947,1.385408976023435,2.2815789473684207,2.004497152163734,24849.999999929423,3.5107950340143232,485000.0,
0.7894736842105263,1.212832079356156,1.9973684210526317,1.7548020051814006,24859.999999929278,3.5269173005033823,486000.0,
0.7894736842105263,1.361439962597424,2.2421052631578946,1.96981727063841,24869.999999929132,3.715820619275645,487000.0,
0.868421052631579,1.2511825008377735,2.060526315789473,1.8102898156219194,24879.999999928987,3.251661667618253,488000.0,
0.8289473684210527,1.3182957384306044,2.171052631578947,1.9073934838928268,24889.99999992884,3.4880996209501465,489000.0,
0.868421052631579,1.332677146486211,2.194736842105263,1.928201412808021,24899.999999928696,3.346716108061891,490000.0,
0.7763157894736842,1.0881932095408986,1.7921052631578946,1.574466621249715,24909.99999992855,3.429533625834584,491000.0,
0.8421052631578947,1.0833994068556965,1.7842105263157895,1.5675306449446504,24919.999999928405,3.15653367062757,492000.0,
0.8552631578947368,1.1792754605597406,1.9421052631578946,1.7062501710459466,24929.99999992826,3.2206882307949427,493000.0,
0.8157894736842105,1.1744816578745383,1.9342105263157894,1.6993141947408816,24939.999999928114,3.3712968709289566,494000.0,
0.8157894736842105,1.3087081330602,2.1552631578947365,1.8935215312826967,24949.999999927968,3.536477711479113,495000.0,
0.8157894736842105,1.3326771464862106,2.194736842105263,1.928201412808021,24959.999999927823,3.566504244065827,496000.0,
0.9342105263157895,1.5675734780611188,2.5815789473684214,2.268064251756197,24969.999999927677,3.3664138638277983,497000.0,
0.9210526315789473,1.4812850297274789,2.4394736842105265,2.1432166782650306,24979.99999992753,3.321392317977378,498000.0,
0.8157894736842105,1.092987012226101,1.7999999999999998,1.5814025975547799,24989.999999927386,3.2746260149727613,499000.0,
0.8289473684210527,1.409377989449446,2.3210526315789477,2.039177033689058,24999.99999992724,3.6049607491632507,500000.0,
0.8421052631578947,1.260770106208178,2.0763157894736843,1.8241617682320486,25009.999999927095,3.37278637610856,501000.0,
0.8552631578947368,1.3949965813938394,2.2973684210526315,2.0183691047738637,25019.99999992695,3.478454464385501,502000.0,
0.9078947368421053,1.4716974243570746,2.423684210526315,2.1293447256549016,25029.999999926804,3.3618667282646784,503000.0,
0.8947368421052632,1.5004602404682876,2.471052631578947,2.17096058348529,25039.99999992666,3.4440408569810947,504000.0,
0.868421052631579,1.2511825008377733,2.060526315789474,1.810289815621919,25049.999999926513,3.2619646979211327,505000.0,
0.8157894736842105,1.0546365907444832,1.736842105263158,1.525914787114261,25059.999999926367,3.232131949930712,506000.0,
0.8157894736842105,1.1601002498189317,1.9105263157894739,1.678506265825687,25069.99999992622,3.3620551449251876,507000.0,
0.7236842105263158,1.0977808149113035,1.8078947368421054,1.5883385738598443,25079.999999926076,3.7045662169523874,508000.0,
0.8157894736842105,1.2751515142637846,2.1,1.8449696971472436,25089.99999992593,3.5043760497285366,509000.0,
0.8026315789473685,1.1217498283373142,1.8473684210526315,1.6230184553851688,25099.999999925785,3.37135716315995,510000.0,
0.7894736842105263,1.3470585545418174,2.218421052631579,1.9490093417232155,25109.99999992564,3.713604169071644,511000.0,
0.8947368421052632,1.313501935745402,2.163157894736842,1.9004575075877619,25119.999999925494,3.2397933399378007,512000.0,
0.8026315789473685,1.0019047612072591,1.6500000000000001,1.4496190477585478,25129.99999992535,3.2240092106700167,513000.0,
0.868421052631579,1.3278833438010087,2.1868421052631577,1.921265436502956,25139.999999925203,3.355741426181748,514000.0,
0.8552631578947368,1.3710275679678288,2.257894736842105,1.9836892232485397,25149.999999925058,3.458429156379587,515000.0,
0.868421052631579,1.4189655948198505,2.3368421052631576,2.0530489862991876,25159.999999924912,3.4618361394761545,516000.0,
0.8552631578947368,1.5100478458386923,2.486842105263158,2.1848325360954193,25169.999999924767,3.622206712043963,517000.0,
0.8552631578947368,1.212832079356156,1.9973684210526315,1.7548020051814006,25179.99999992462,3.2753082773874502,518000.0,
0.8157894736842105,1.2943267250045931,2.1315789473684212,1.8727136023675026,25189.999999924476,3.5343327596687892,519000.0,
0.7894736842105263,1.380615173338233,2.2736842105263158,1.997561175858669,25199.99999992433,3.762109219547016,520000.0,
0.8289473684210527,1.1265436310225165,1.8552631578947365,1.6299544316902332,25209.999999924185,3.277097078679777,521000.0,
0.8157894736842105,1.4285532001902546,2.352631578947368,2.066920938909318,25219.99999992404,3.700803922799571,522000.0,
0.8552631578947368,1.4956664377830855,2.4631578947368418,2.164024607180225,25229.999999923893,3.609083834932739,523000.0,
0.8552631578947368,1.3662337652826266,2.2499999999999996,1.9767532469434752,25239.999999923748,3.4583625563168083,524000.0,
0.8947368421052632,1.2799453169489865,2.107894736842105,1.8519056734523083,25249.999999923602,3.2099359424593428,525000.0,
0.9078947368421053,1.2320072900969647,2.0289473684210524,1.7825459104016599,25259.999999923457,3.111193536905523,526000.0,
0.8157894736842105,1.26556390889338,2.0842105263157897,1.8310977445371135,25269.99999992331,3.504236404435614,527000.0,
0.8289473684210527,1.2320072900969647,2.0289473684210524,1.7825459104016599,25279.999999923166,3.4087675245473004,528000.0,
0.8026315789473685,1.236801092782167,2.0368421052631573,1.7894818867067244,25289.99999992302,3.5271587385336836,529000.0,
0.8421052631578947,1.313501935745402,2.163157894736842,1.9004575075877614,25299.999999922875,3.4535304236837496,530000.0,
0.8289473684210527,1.1648940525041338,1.9184210526315784,1.685442242130752,25309.99999992273,3.329710285546397,531000.0,
0.75,1.016286169262866,1.6736842105263154,1.4704269766737426,25319.999999922584,3.4827640151418606,532000.0,
0.8289473684210527,1.1457188417633253,1.8868421052631577,1.6576983369104927,25329.99999992244,3.3078481265574666,533000.0,
0.8701298701298701,1.5472153809434412,2.5480519480519477,2.2386088718632595,25339.999999922293,3.5894833482351056,534000.0,
0.7922077922077922,1.1734232858531302,1.9324675324675322,1.6977828752969062,25349.999999922147,3.4713670985212715,535000.0,
0.8571428571428571,1.1166447397634625,1.8389610389610385,1.6156320910083464,25359.999999922,3.1427491660741294,536000.0,
0.8441558441558441,1.1308393762858795,1.862337662337662,1.6361697870804863,25369.999999921856,3.208529722663355,537000.0,
0.7532467532467533,1.1450340128082963,1.8857142857142857,1.6567074831526265,25379.99999992171,3.61530032733351,538000.0,
0.8701298701298701,1.3106381055698269,2.158441558441558,1.896313937327593,25389.999999921565,3.3205811063877735,539000.0,
0.8441558441558441,0.9028179251191661,1.9948051948051948,1.8142416097813612,25399.99999992142,3.3056619237291933,540000.0,
0.8441558441558441,1.1073626112789767,2.446753246753246,2.225280724497451,25409.999999921274,3.1831803241166803,541000.0,
0.8571428571428571,1.0121435332390645,2.2363636363636363,2.0339349297158233,25419.99999992113,3.0244674554319757,542000.0,
0.8441558441558441,1.199055056798892,2.6493506493506485,2.4095396379908705,25429.999999920983,3.2930313749633315,543000.0,
0.7792207792207793,0.9768772080390974,2.1584415584415577,1.963066116833739,25439.999999920838,3.282989083635196,544000.0,
0.8831168831168831,1.0967827137189863,2.4233766233766234,2.2040200806328265,25449.999999920692,3.0331186611097443,545000.0,
0.8311688311688312,1.1602620990789279,2.563636363636363,2.3315839438205783,25459.999999920547,3.2996872129402743,546000.0,
0.8441558441558441,1.0297766958390484,2.2753246753246748,2.0693693361568655,25469.9999999204,3.094963162749327,547000.0,
0.8961038961038961,1.1637887315989244,2.571428571428571,2.338670825108786,25479.999999920256,3.0656743816263203,548000.0,
0.7792207792207793,0.8781314974791883,1.94025974025974,1.7646334407639024,25489.99999992011,3.1595987550832643,549000.0,
0.8181818181818182,1.008616900719068,2.228571428571428,2.0268480484276146,25499.999999919964,3.1692587516581905,550000.0,
0.8961038961038961,1.089729448678993,2.407792207792208,2.1898463180564085,25509.99999991982,2.984767645614198,551000.0,
0.8311688311688312,1.0333033283590451,2.2831168831168833,2.0764562174450734,25519.999999919673,3.150689941917861,552000.0,
0.9090909090909091,1.0050902681990714,2.2207792207792205,2.0197611671394062,25529.999999919528,2.850167866434636,553000.0,
0.8571428571428571,1.0862028161589963,2.4,2.1827594367682006,25539.999999919382,3.1181426794445177,554000.0,
0.948051948051948,1.3013273998787975,2.875324675324675,2.6150591953489153,25549.999999919237,3.04660287383236,555000.0,
0.7662337662337663,0.9169244551991528,2.0259740259740258,1.842589134934195,25559.99999991909,3.268525136431001,556000.0,
0.8311688311688312,1.1461555689989407,2.5324675324675323,2.3032364186677436,25569.999999918946,3.2895902939376898,557000.0,
0.7922077922077922,0.9698239429991038,2.1428571428571432,1.9488923542573215,25579.9999999188,3.2294466165577727,558000.0,
0.8051948051948052,0.8851847625191821,1.9558441558441557,1.7788072033403195,25589.999999918655,3.0728875276301544,559000.0,
0.8311688311688312,1.0579897559990223,2.337662337662337,2.1260643864625335,25599.99999991851,3.1853908001721356,560000.0,
0.8051948051948052,0.8640249673992014,1.9090909090909087,1.7362859156110686,25609.999999918364,3.047898749819837,561000.0,
0.7792207792207793,0.8534450698392112,1.885714285714286,1.7150252717464434,25619.99999991822,3.1365845062785014,562000.0,
0.8571428571428571,1.1990550567988918,2.649350649350649,2.409539637990871,25629.999999918073,3.2552581723121956,563000.0,
0.922077922077922,1.2554811771188399,2.7740259740259745,2.522929738602206,25639.999999917927,3.087772544186483,564000.0,
0.8831168831168831,1.181421894198908,2.61038961038961,2.3741052315498283,25649.99999991778,3.1407247919471324,565000.0,
0.8441558441558441,1.0756229185990058,2.3766233766233764,2.161498792903575,25659.999999917636,3.1609656112494138,566000.0,
0.8311688311688312,1.184948526718905,2.6181818181818177,2.3811921128380367,25669.99999991749,3.342513071194431,567000.0,
0.8571428571428571,1.1461555689989407,2.5324675324675323,2.3032364186677436,25679.999999917345,3.1965724062425114,568000.0,
0.8311688311688312,1.0262500633190514,2.2675324675324675,2.062282454868657,25689.9999999172,3.152828982416464,569000.0,
0.8441558441558441,1.1673153641189211,2.5792207792207793,2.345757706396995,25699.999999917054,3.2720474313268166,570000.0,
0.8961038961038961,1.2731143397188234,2.812987012987013,2.5583641450432477,25709.99999991691,3.2010087559048546,571000.0,
0.8181818181818182,1.0615163885190193,2.3454545454545452,2.1331512677507423,25719.999999916763,3.247881935159515,572000.0,
0.8311688311688312,0.9698239429991039,2.142857142857143,1.948892354257322,25729.999999916618,3.0874413064064905,573000.0,
0.948051948051948,1.1179425088389667,2.4701298701298695,2.2465413683620765,25739.999999916472,2.8635804545162227,574000.0,
0.8961038961038961,1.0191967982790582,2.2519480519480517,2.04810869229224,25749.999999916326,2.9199703400952277,575000.0,
0.8441558441558441,1.1355756714389509,2.5090909090909093,2.2819757748031186,25759.99999991618,3.2381404107674134,576000.0,
0.8181818181818182,1.0932560811989898,2.415584415584415,2.1969331993446177,25769.999999916035,3.2898494960540363,577000.0,
0.8311688311688312,0.9839304730790907,2.174025974025974,1.9772398794101553,25779.99999991589,3.107538225408929,578000.0,
0.8961038961038961,1.2836942372788136,2.8363636363636364,2.5796247889078736,25789.999999915744,3.217452989413762,579000.0,
0.7922077922077922,1.0050902681990712,2.2207792207792205,2.0197611671394062,25799.9999999156,3.2883893549247345,580000.0,
0.8831168831168831,1.1038359787589802,2.4389610389610388,2.2181938432092427,25809.999999915453,3.062281917110606,581000.0,
0.8311688311688312,1.1003093462389832,2.431168831168831,2.211106961921034,25819.999999915308,3.2500565571793887,582000.0,
0.8961038961038961,1.0262500633190514,2.2675324675324675,2.0622824548686567,25829.999999915162,2.9324790561542833,583000.0,
0.8441558441558441,1.184948526718905,2.618181818181818,2.3811921128380362,25839.999999915017,3.3015513316374414,584000.0,
0.8181818181818182,1.0826761836389998,2.3922077922077913,2.1756725554799923,25849.99999991487,3.2819978752266725,585000.0,
0.8441558441558441,1.1920017917588983,2.6337662337662335,2.3953658754144533,25859.999999914726,3.3111375071463387,586000.0,
0.8441558441558441,1.1391023039589474,2.5168831168831165,2.289062656091327,25869.99999991458,3.2490873446756185,587000.0,
0.7532467532467533,0.842865172279221,1.862337662337662,1.6937646278818181,25879.999999914435,3.248627901113374,588000.0,
0.8571428571428571,1.0579897559990221,2.337662337662337,2.126064386462533,25889.99999991429,3.1064395638030278,589000.0,
0.7922077922077922,0.8287586421992339,1.8311688311688308,1.6654171027289844,25899.999999914144,3.072364187678943,590000.0,
0.8441558441558441,0.8604983348792048,1.9012987012987013,1.7291990343228603,25909.999999913998,2.9215103351503493,591000.0,
0.8441558441558441,0.9698239429991038,2.142857142857143,1.9488923542573215,25919.999999913853,3.05163451707699,592000.0,
0.8701298701298701,1.0015636356790747,2.2129870129870133,2.012674285851197,25929.999999913707,2.99761492457256,593000.0,
0.8051948051948052,1.089729448678993,2.4077922077922076,2.189846318056409,25939.99999991356,3.3494994765702364,594000.0,
0.8311688311688312,1.0756229185990056,2.3766233766233764,2.161498792903575,25949.999999913416,3.2284806989249226,595000.0,
0.8441558441558441,1.0121435332390647,2.236363636363636,2.033934929715823,25959.99999991327,3.104228493207369,596000.0,
0.8441558441558441,1.072096286079009,2.3688311688311683,2.1544119116153664,25969.999999913125,3.1758648311869866,597000.0,
0.8571428571428571,1.0650430210390156,2.353246753246753,2.1402381490389497,25979.99999991298,3.1201229184708192,598000.0,
0.7922077922077922,1.0121435332390647,2.2363636363636363,2.033934929715823,25989.999999912834,3.309751673089791,599000.0,
0.8701298701298701,1.5661415629733308,2.579220779220779,2.265992466626113,25999.99999991269,3.1922848214362034,600000.0,
0.7662337662337663,1.258591104987631,2.0727272727272728,1.8210090517297461,26009.999999912543,3.744937543781622,601000.0,
0.8701298701298701,1.367416651659494,2.2519480519480513,1.9784647216161533,26019.999999912397,3.423446002639531,602000.0,
0.8181818181818182,1.2254702864353253,2.018181818181818,1.773087760894753,26029.999999912252,3.4679525722950313,603000.0,
0.8441558441558441,1.4289267432566342,2.353246753246753,2.0674614045954267,26039.999999912106,3.6028793727665724,604000.0,
0.7922077922077922,1.1261078307784074,1.8545454545454543,1.6293238883897734,26049.99999991196,3.4575426716230027,605000.0,
0.8181818181818182,1.2112756499129087,1.994805194805195,1.7525500648226133,26059.999999911815,3.4525083340057012,606000.0,
0.8051948051948052,1.1497655583157687,1.8935064935064936,1.6635533818433397,26069.99999991167,3.4324475482157877,607000.0,
0.8181818181818182,1.154497103823241,1.9012987012987013,1.6703992805340526,26079.999999911524,3.3843821744992635,608000.0,
0.8701298701298701,1.3579535606445496,2.2363636363636368,1.964772924234727,26089.99999991138,3.416749614458116,609000.0,
0.8701298701298701,1.329564287599716,2.1896103896103893,1.9236975320904468,26099.999999911233,3.384720151406582,610000.0,
0.8311688311688312,1.1876179223755468,1.9558441558441555,1.7183205713690466,26109.999999911088,3.373224687843428,611000.0,
0.8441558441558441,1.1355709217933516,1.8701298701298699,1.6430156857711997,26119.999999910942,3.260288630417689,612000.0,
0.8701298701298701,1.3579535606445499,2.2363636363636363,1.9647729242347263,26129.999999910797,3.4191376741595745,613000.0,
0.7792207792207793,1.4194636522416897,2.337662337662337,2.053769607214,26139.99999991065,3.8976416870278436,614000.0,
0.7792207792207793,1.1734232858531302,1.9324675324675322,1.6977828752969064,26149.999999910506,3.5825565501625163,615000.0,
0.8311688311688312,1.1639601948381852,1.9168831168831164,1.6840910779154799,26159.99999991036,3.3478864843999943,616000.0,
0.8181818181818182,1.3579535606445499,2.2363636363636363,1.9647729242347263,26169.999999910215,3.638765462995065,617000.0,
0.8311688311688312,1.0220138296140167,1.683116883116883,1.4787141171940794,26179.99999991007,3.178357263739648,618000.0,
0.8051948051948052,1.348490469629605,2.220779220779221,1.9510811268533,26189.999999909924,3.6869930025893094,619000.0,
0.7532467532467533,1.1213762852709348,1.8467532467532466,1.6224779896990595,26199.999999909778,3.6404443787055003,620000.0,
0.8181818181818182,1.2585911049876313,2.0727272727272728,1.8210090517297464,26209.999999909633,3.519862144176255,621000.0,
0.8571428571428571,1.3484904696296052,2.2207792207792205,1.9510811268533002,26219.999999909487,3.4653570630384167,622000.0,
0.7532467532467533,0.9841614655542383,1.6207792207792207,1.423946927668373,26229.99999990934,3.4603488421850286,623000.0,
0.8181818181818182,1.410000561226745,2.322077922077922,2.0400778098325736,26239.999999909196,3.7068229081510173,624000.0,
0.7792207792207793,1.3295642875997158,2.1896103896103893,1.9236975320904464,26249.99999990905,3.7896041690705373,625000.0,
0.8701298701298701,1.320101196584771,2.174025974025974,1.9100057347090198,26259.999999908905,3.3833968975534465,626000.0,
0.7662337662337663,1.1355709217933518,1.87012987012987,1.6430156857711997,26269.99999990876,3.6020128979176453,627000.0,
0.7272727272727273,1.1781548313606023,1.9402597402597404,1.7046287739876198,26279.999999908614,3.8542450359610494,628000.0,
0.8571428571428571,1.2585911049876313,2.0727272727272728,1.8210090517297464,26289.99999990847,3.3647168951984763,629000.0,
0.7792207792207793,1.315369651077299,2.1662337662337663,1.9031598360183066,26299.999999908323,3.774721052200054,630000.0,
0.8181818181818182,1.1261078307784071,1.8545454545454543,1.6293238883897732,26309.999999908177,3.3642873487140954,631000.0,
0.7922077922077922,1.2964434690474098,2.1350649350649347,1.8757762412554528,26319.999999908032,3.69026142812624,632000.0,
0.7792207792207793,1.092987012226101,1.7999999999999996,1.5814025975547796,26329.999999907886,3.4913299990076543,633000.0,
0.8181818181818182,1.3721481971669667,2.2597402597402603,1.9853106203068667,26339.99999990774,3.6669081139826245,634000.0,
0.7922077922077922,1.2302018319427979,2.0259740259740258,1.7799336595854665,26349.999999907595,3.6086121485023566,635000.0,
0.8311688311688312,1.1450340128082963,1.8857142857142857,1.656707483152626,26359.99999990745,3.3376159216451025,636000.0,
0.8311688311688312,1.367416651659494,2.2519480519480513,1.9784647216161533,26369.999999907304,3.6057950340129405,637000.0,
0.8051948051948052,1.1970810133904914,1.9714285714285715,1.7320123687504732,26379.99999990716,3.5112102908082967,638000.0,
0.9090909090909091,1.4052690157192729,2.314285714285714,2.03323191114186,26389.999999907013,3.3395073458489994,639000.0,
0.8701298701298701,1.2207387409278534,2.01038961038961,1.7662418622040401,26399.999999906868,3.277562433589405,640000.0,
0.8051948051948052,1.092987012226101,1.7999999999999998,1.5814025975547799,26409.999999906722,3.383867740975074,641000.0,
0.8051948051948052,1.395805924704328,2.2987012987012982,2.019540113760433,26419.999999906577,3.7605944548593144,642000.0,
0.9090909090909091,1.4005374702118003,2.306493506493506,2.026386012451147,26429.99999990643,3.336588360076461,643000.0,
0.8571428571428571,1.1024501032410456,1.8155844155844154,1.5950943949362064,26439.999999906286,3.19164330225157,644000.0,
0.8051948051948052,1.268054196002576,2.088311688311688,1.8347008491111736,26449.99999990614,3.603870533729691,645000.0,
0.8051948051948052,1.4005374702118003,2.3064935064935064,2.026386012451147,26459.999999905995,3.7690513742798477,646000.0,
0.7662337662337663,1.1213762852709348,1.8467532467532466,1.6224779896990595,26469.99999990585,3.597047016354293,647000.0,
0.8181818181818182,1.2302018319427976,2.025974025974026,1.7799336595854665,26479.999999905704,3.502307000930733,648000.0,
0.7662337662337663,1.2207387409278532,2.01038961038961,1.7662418622040401,26489.999999905558,3.7280793737370312,649000.0,
0.8051948051948052,1.092987012226101,1.7999999999999998,1.5814025975547799,26499.999999905413,3.3896741925878926,650000.0,
0.8181818181818182,1.2112756499129087,1.994805194805195,1.7525500648226138,26509.999999905267,3.481079762576713,651000.0,
0.8441558441558441,1.2396649229577423,2.041558441558441,1.793625456966893,26519.99999990512,3.4082153702582243,652000.0,
0.8701298701298701,1.2585911049876317,2.0727272727272723,1.8210090517297464,26529.999999904976,3.328825598255007,653000.0,
0.7922077922077922,1.0030876475841273,1.6519480519480518,1.451330522431226,26539.99999990483,3.3343860469346733,654000.0,
0.8051948051948052,1.4241951977491618,2.345454545454545,2.060615505904713,26549.999999904685,3.8042391971890663,655000.0,
0.9090909090909091,1.315369651077299,2.166233766233766,1.9031598360183064,26559.99999990454,3.250332330456973,656000.0,
0.8571428571428571,1.2633226504951036,2.0805194805194804,1.8278549504204598,26569.999999904394,3.38720672859331,657000.0,
0.8181818181818182,1.3011750145548822,2.1428571428571423,1.8826221399461667,26579.99999990425,3.5954012082501725,658000.0,
0.8181818181818182,1.0409400116439056,1.714285714285714,1.5060977119569332,26589.999999904103,3.2779711253272232,659000.0,
0.8181818181818182,1.0297766958390484,2.2753246753246756,2.0693693361568655,26599.999999903957,3.6949820506196973,660000.0,
0.8701298701298701,1.227268116958866,2.7116883116883113,2.4662346882965385,26609.999999903812,3.2976036567890423,661000.0,
0.8571428571428571,1.1355756714389507,2.5090909090909084,2.281975774803119,26619.999999903666,3.241198889391391,662000.0,
0.8051948051948052,1.0720962860790095,2.3688311688311687,2.1544119116153664,26629.99999990352,3.3721163552760602,663000.0,
0.8961038961038961,1.0403565933990389,2.2987012987012982,2.0906299800214905,26639.999999903375,2.9951776476921363,664000.0,
0.8571428571428571,1.1849485267189053,2.618181818181818,2.381192112838037,26649.99999990323,3.3006187357028263,665000.0,
0.8051948051948052,1.1673153641189213,2.5792207792207793,2.3457577063969945,26659.999999903084,3.4923077909062448,666000.0,
0.8441558441558441,1.1038359787589802,2.4389610389610383,2.2181938432092427,26669.99999990294,3.2565410825149406,667000.0,
0.8441558441558441,0.9768772080390975,2.158441558441558,1.963066116833739,26679.999999902793,3.106759154123686,668000.0,
0.8311688311688312,1.1990550567988918,2.649350649350649,2.4095396379908705,26689.999999902648,3.4232349901959873,669000.0,
0.8181818181818182,1.0579897559990221,2.337662337662338,2.1260643864625326,26699.999999902502,3.3057938287452804,670000.0,
0.8051948051948052,1.0826761836389998,2.3922077922077922,2.175672555479992,26709.999999902357,3.3904171957940377,671000.0,
0.8571428571428571,0.9557174129191169,2.111688311688311,1.9205448291044875,26719.99999990221,3.0374248605121026,672000.0,
0.8701298701298701,0.9768772080390974,2.158441558441558,1.9630661168337384,26729.999999902066,3.0170051495229355,673000.0,
0.8441558441558441,1.2413746470388531,2.742857142857143,2.4945822134493723,26739.99999990192,3.4237791972464198,674000.0,
0.8571428571428571,1.1073626112789765,2.446753246753247,2.225280724497451,26749.999999901775,3.2161624404167606,675000.0,
0.8441558441558441,0.983930473079091,2.174025974025974,1.9772398794101558,26759.99999990163,3.1200376373248377,676000.0,
0.8051948051948052,0.9416108828391296,2.0805194805194804,1.8921973039516538,26769.999999901484,3.2190941609296266,677000.0,
0.922077922077922,0.9980370031590774,2.205194805194805,2.005587404562989,26779.999999901338,2.8727978766517217,678000.0,
0.8571428571428571,1.0438832259190356,2.306493506493506,2.0977168613096993,26789.999999901192,3.144527399921037,679000.0,
0.8701298701298701,1.0967827137189863,2.423376623376623,2.204020080632826,26799.999999901047,3.158986103811702,680000.0,
0.8571428571428571,1.0720962860790095,2.3688311688311687,2.1544119116153664,26809.9999999009,3.1786547579864433,681000.0,
0.8831168831168831,1.11441587631897,2.4623376623376623,2.2394544870738686,26819.999999900756,3.133673859935024,682000.0,
0.8051948051948052,1.1214691413589637,2.477922077922078,2.2536282496502853,26829.99999990061,3.4463374819945254,683000.0,
0.8441558441558441,1.2449012795588497,2.7506493506493506,2.50166909473758,26839.999999900465,3.434110746539249,684000.0,
0.7922077922077922,0.9133978226791561,2.0181818181818185,1.8355022536459864,26849.99999990032,3.2414988909067906,685000.0,
0.8961038961038961,1.1743686291589144,2.5948051948051947,2.3599314689734117,26859.999999900174,3.1574809339747105,686000.0,
0.8181818181818182,1.1602620990789279,2.5636363636363635,2.331583943820578,26869.99999990003,3.4415870099697696,687000.0,
0.8051948051948052,1.0791495511190026,2.3844155844155845,2.168585674191783,26879.999999899883,3.3970050876642044,688000.0,
0.7792207792207793,1.0826761836389993,2.3922077922077922,2.175672555479992,26889.999999899737,3.51543110232033,689000.0,
0.8051948051948052,1.1003093462389832,2.431168831168831,2.211106961921035,26899.99999989959,3.4245745106357743,690000.0,
0.8831168831168831,1.2836942372788136,2.836363636363636,2.579624788907873,26909.999999899446,3.330650827492417,691000.0,
0.8441558441558441,1.065043021039016,2.353246753246753,2.1402381490389493,26919.9999998993,3.225970963369529,692000.0,
0.8961038961038961,1.1320490389189537,2.5012987012987007,2.2748888935149107,26929.999999899155,3.1143126955909275,693000.0,
0.8701298701298701,1.0121435332390647,2.2363636363636363,2.0339349297158233,26939.99999989901,3.070072418782417,694000.0,
0.8571428571428571,1.2272681169588657,2.7116883116883117,2.4662346882965376,26949.999999898864,3.3681734091643345,695000.0,
0.8311688311688312,1.0967827137189867,2.423376623376623,2.2040200806328256,26959.99999989872,3.3170635774277306,696000.0,
0.8311688311688312,0.860498334879205,1.901298701298701,1.7291990343228607,26969.999999898573,3.0334089341361095,697000.0,
0.8051948051948052,0.9239777202391461,2.0415584415584416,1.8567628975106123,26979.999999898428,3.210743297700418,698000.0,
0.8441558441558441,1.2025816893188888,2.657142857142857,2.4166265192790792,26989.999999898282,3.393209078101008,699000.0,
0.8571428571428571,1.1990550567988916,2.6493506493506493,2.4095396379908705,26999.999999898137,3.33828847534129,700000.0,
0.8831168831168831,1.0333033283590454,2.2831168831168824,2.0764562174450742,27009.99999989799,3.0530022982743588,701000.0,
0.8181818181818182,1.0086169007190682,2.2285714285714286,2.026848048427615,27019.999999897846,3.265766688164723,702000.0,
0.8051948051948052,0.9486641478791232,2.096103896103896,1.9063710665280715,27029.9999998977,3.2446280546080843,703000.0,
0.8701298701298701,1.1461555689989409,2.532467532467532,2.3032364186677436,27039.999999897555,3.2300564001780088,704000.0,
0.8831168831168831,1.0544631234790254,2.32987012987013,2.1189775051743243,27049.99999989741,3.0793155956895966,705000.0,
0.8571428571428571,1.0544631234790256,2.3298701298701294,2.1189775051743243,27059.999999897263,3.1732342501044233,706000.0,
0.9090909090909091,1.0650430210390156,2.353246753246753,2.14023814903895,27069.999999897118,3.0041158945572946,707000.0,
0.8181818181818182,0.9980370031590778,2.205194805194805,2.005587404562989,27079.999999896972,3.256645226067537,708000.0,
0.8701298701298701,1.2660610746788301,2.797402597402597,2.544190382466831,27089.999999896827,3.3708433246160467,709000.0,
0.8961038961038961,1.008616900719068,2.2285714285714286,2.026848048427615,27099.99999989668,2.986424657309752,710000.0,
0.7792207792207793,0.9416108828391301,2.0805194805194804,1.8921973039516542,27109.999999896536,3.349063966293618,711000.0,
0.948051948051948,1.4106530079986968,3.116883116883117,2.8347525152833772,27119.99999989639,3.2479463234918238,712000.0,
0.7792207792207793,0.9169244551991528,2.0259740259740258,1.8425891349341954,27129.999999896245,3.318716384155628,713000.0,
0.8051948051948052,1.0685696535590123,2.3610389610389606,2.1473250303271585,27139.9999998961,3.400639731016876,714000.0,
0.922077922077922,1.2449012795588497,2.7506493506493506,2.501669094737581,27149.999999895954,3.1613689933103264,715000.0,
0.8311688311688312,0.938084250319133,2.0727272727272728,1.8851104226634459,27159.99999989581,3.1386294886496007,716000.0,
0.8571428571428571,0.923977720239146,2.041558441558441,1.856762897510612,27169.999999895663,3.027667946324467,717000.0,
0.8181818181818182,0.8569717023592078,1.8935064935064934,1.7221121530346517,27179.999999895517,3.0905812869945875,718000.0,
0.8831168831168831,1.0932560811989895,2.4155844155844153,2.196933199344617,27189.99999989537,3.131478209578259,719000.0,
0.8571428571428571,1.5235576534060804,2.509090909090909,2.2043793784096932,27199.999999895226,3.276350404542394,720000.0,
0.7922077922077922,1.1071816487485178,1.823376623376623,1.6019402936269198,27209.99999989508,3.5097178188956413,721000.0,
0.9090909090909091,1.457316016301468,2.4,2.1085367967397066,27219.999999894935,3.444187617917296,722000.0,
0.8311688311688312,1.2112756499129087,1.9948051948051944,1.7525500648226129,27229.99999989479,3.471687891285798,723000.0,
0.7792207792207793,1.4005374702118003,2.3064935064935064,2.026386012451146,27239.999999894644,3.946686420088419,724000.0,
0.8831168831168831,1.3579535606445499,2.236363636363636,1.9647729242347265,27249.9999998945,3.4347385907150922,725000.0,
0.8181818181818182,1.3437589241221326,2.2129870129870133,1.9442352281625865,27259.999999894353,3.690622812006343,726000.0,
0.8181818181818182,1.216007195420381,2.0025974025974023,1.7593959635133267,27269.999999894208,3.5351167308946683,727000.0,
0.7922077922077922,1.0125507385990717,1.6675324675324672,1.465022319812653,27279.999999894062,3.3948558503462736,728000.0,
0.8441558441558441,1.1876179223755472,1.9558441558441555,1.7183205713690461,27289.999999893917,3.393944308029396,729000.0,
0.8571428571428571,1.3532220151370775,2.2285714285714286,1.957927025544013,27299.99999989377,3.536331744917394,730000.0,
0.8051948051948052,1.1261078307784074,1.8545454545454547,1.629323888389773,27309.999999893625,3.4830661769182227,731000.0,
0.7922077922077922,1.1213762852709348,1.8467532467532466,1.6224779896990598,27319.99999989348,3.534848753522194,732000.0,
0.7792207792207793,1.201812558897964,1.9792207792207792,1.7388582674411865,27329.999999893334,3.697656117235575,733000.0,
0.7662337662337663,1.0882554667186286,1.792207792207792,1.5745566988640662,27339.99999989319,3.612804592141104,734000.0,
0.8441558441558441,1.2633226504951036,2.0805194805194804,1.8278549504204602,27349.999999893043,3.487317601340201,735000.0,
0.8961038961038961,1.6371147455854154,2.6961038961038963,2.368680946986813,27359.999999892898,3.7028642812908195,736000.0,
0.8051948051948052,1.1024501032410456,1.8155844155844154,1.5950943949362066,27369.999999892752,3.457555773363701,737000.0,
0.7922077922077922,1.3768797426744388,2.267532467532467,1.9921565189975796,27379.999999892607,3.8613039374577074,738000.0,
0.8571428571428571,1.126107830778407,1.854545454545454,1.629323888389773,27389.99999989246,3.2768197419534104,739000.0,
0.7792207792207793,1.0740608301962118,1.7688311688311684,1.5540190027919263,27399.999999892316,3.538374732068258,740000.0,
0.8311688311688312,1.457316016301468,2.4000000000000004,2.1085367967397066,27409.99999989217,3.7789552070968693,741000.0,
0.8311688311688312,1.1734232858531302,1.9324675324675327,1.6977828752969064,27419.999999892025,3.438021765776204,742000.0,
0.8181818181818182,1.2302018319427976,2.0259740259740258,1.7799336595854665,27429.99999989188,3.5626244612473155,743000.0,
0.8311688311688312,1.2396649229577423,2.0415584415584416,1.7936254569668935,27439.999999891734,3.5189687354176726,744000.0,
0.8701298701298701,1.4525844707939957,2.392207792207792,2.1016908980489934,27449.99999989159,3.6066985708973425,745000.0,
0.7792207792207793,1.092987012226101,1.8000000000000003,1.5814025975547799,27459.999999891443,3.5666633323398913,746000.0,
0.8311688311688312,1.1828863768680746,1.9480519480519476,1.7114746726783328,27469.999999891297,3.4525320471535137,747000.0,
0.9090909090909091,1.1686917403456576,1.9246753246753239,1.690936976606193,27479.99999989115,3.1415580572228317,748000.0,
0.8571428571428571,1.3295642875997156,2.1896103896103893,1.9236975320904464,27489.999999891006,3.5202462143054554,749000.0,
0.8181818181818182,1.2775172870175207,2.103896103896104,1.8483926464926,27499.99999989086,3.624898906338579,750000.0,
0.8571428571428571,1.1970810133904917,1.9714285714285715,1.732012368750473,27509.999999890715,3.3668945156067975,751000.0,
0.7662337662337663,1.1308393762858795,1.8623376623376624,1.6361697870804863,27519.99999989057,3.6805835927625923,752000.0,
0.9090909090909091,1.2396649229577426,2.041558441558441,1.793625456966893,27529.999999890424,3.222485700953226,753000.0,
0.8181818181818182,1.4005374702118003,2.306493506493506,2.0263860124511464,27539.99999989028,3.7777965905601216,754000.0,
0.8311688311688312,1.2160071954203808,2.0025974025974023,1.7593959635133263,27549.999999890133,3.497380531974184,755000.0,
0.7272727272727273,1.2254702864353253,2.018181818181818,1.773087760894753,27559.999999889988,4.010732358116035,756000.0,
0.8311688311688312,1.2160071954203806,2.0025974025974023,1.7593959635133263,27569.999999889842,3.4986305319741655,757000.0,
0.8571428571428571,1.5140945623911357,2.4935064935064934,2.190687581028266,27579.999999889696,3.740986080349912,758000.0,
0.8311688311688312,1.2538595594801594,2.0649350649350646,1.8141631530390334,27589.99999988955,3.545421657483569,759000.0,
0.7922077922077922,1.1497655583157684,1.893506493506493,1.6635533818433397,27599.999999889405,3.5890450490047496,760000.0,
0.7662337662337663,1.1024501032410456,1.8155844155844154,1.5950943949362064,27609.99999988926,3.649634880483652,761000.0,
0.7662337662337663,1.1166447397634625,1.838961038961039,1.6156320910083466,27619.999999889114,3.668838050182389,762000.0,
0.7922077922077922,1.2917119235399377,2.1272727272727274,1.8689303425647397,27629.99999988897,3.7701904608450656,763000.0,
0.8441558441558441,1.1734232858531302,1.9324675324675327,1.6977828752969062,27639.999999888823,3.398667584764065,764000.0,
0.8571428571428571,1.2822488325249928,2.111688311688311,1.8552385451833133,27649.999999888678,3.474741819748441,765000.0,
0.8831168831168831,1.3532220151370773,2.2285714285714286,1.957927025544013,27659.999999888532,3.4534984583018677,766000.0,
0.8701298701298701,1.206544104405436,1.9870129870129867,1.7457041661318995,27669.999999888387,3.3370700901222397,767000.0,
0.8051948051948052,1.3863428336893835,2.2831168831168833,2.0058483163790064,27679.99999988824,3.8301322289202164,768000.0,
0.8181818181818182,1.320101196584771,2.174025974025974,1.91000573470902,27689.999999888096,3.6890093989840906,769000.0,
0.8701298701298701,1.4620475618089406,2.407792207792207,2.11538269543042,27699.99999988795,3.63249943669042,770000.0,
0.8441558441558441,1.3059065600623545,2.1506493506493505,1.8894680386368796,27709.999999887805,3.559917001904161,771000.0,
0.8701298701298701,1.1923494678830193,1.9636363636363634,1.72516647005976,27719.99999988766,3.3237419257606127,772000.0,
0.7402597402597403,1.026745375121489,1.6909090909090907,1.485560015884793,27729.999999887514,3.6838455067249587,773000.0,
0.8571428571428571,1.1639601948381855,1.9168831168831164,1.6840910779154794,27739.999999887368,3.342192954568298,774000.0,
0.8701298701298701,1.2302018319427976,2.0259740259740258,1.7799336595854665,27749.999999887223,3.369034941172571,775000.0,
0.8441558441558441,1.3390273786146607,2.205194805194805,1.9373893294718731,27759.999999887077,3.6022293561891554,776000.0,
0.8961038961038961,1.2302018319427979,2.025974025974026,1.7799336595854665,27769.99999988693,3.272541174761755,777000.0,
0.8571428571428571,1.2585911049876317,2.0727272727272728,1.8210090517297464,27779.999999886786,3.455019925500192,778000.0,
0.8311688311688312,1.4715106528238844,2.423376623376624,2.1290744928118466,27789.99999988664,3.8197831291625564,779000.0,
0.7922077922077922,0.708853136519345,1.5662337662337658,1.4244631389298972,27799.999999886495,3.351310324887093,780000.0,
0.8831168831168831,1.2484279120788464,2.7584415584415583,2.508755976025789,27809.99999988635,3.343658076897566,781000.0,
0.8181818181818182,0.994510370639081,2.197402597402597,1.9985005232747814,27819.999999886204,3.2993190244154285,782000.0,
0.8701298701298701,1.0615163885190193,2.345454545454545,2.1331512677507414,27829.99999988606,3.1799486852974126,783000.0,
0.7922077922077922,1.1426289364789441,2.524675324675324,2.2961495373795353,27839.999999885913,3.59577423127607,784000.0,
0.8701298701298701,1.2484279120788466,2.7584415584415587,2.508755976025789,27849.999999885767,3.3959514810303313,785000.0,
0.8311688311688312,1.0544631234790256,2.3298701298701294,2.1189775051743243,27859.999999885622,3.322397820419459,786000.0,
0.8571428571428571,1.0015636356790747,2.212987012987013,2.012674285851198,27869.999999885476,3.1606090900946753,787000.0,
0.8311688311688312,0.9733505755191005,2.1506493506493505,1.9559792355455305,27879.99999988533,3.226059286155156,788000.0,
0.9090909090909091,1.3577535201987454,2.9999999999999996,2.72844929596025,27889.999999885185,3.3729545864894583,789000.0,
0.8571428571428571,0.9980370031590776,2.205194805194805,2.0055874045629896,27899.99999988504,3.158312867306168,790000.0,
0.8311688311688312,1.0297766958390484,2.275324675324675,2.069369336156865,27909.999999884894,3.295821962165066,791000.0,
0.7792207792207793,1.0544631234790254,2.32987012987013,2.1189775051743247,27919.99999988475,3.5478910084473645,792000.0,
0.7792207792207793,1.0403565933990389,2.2987012987012987,2.090629980021491,27929.999999884603,3.530454294844705,793000.0,
0.8311688311688312,1.1249957738789604,2.4857142857142853,2.260715130938493,27939.999999884458,3.4122574154318075,794000.0,
0.8311688311688312,1.0262500633190517,2.2675324675324675,2.062282454868657,27949.999999884312,3.2940789824144083,795000.0,
0.8571428571428571,1.1038359787589795,2.438961038961038,2.2181938432092427,27959.999999884167,3.285381369142364,796000.0,
0.8961038961038961,0.9557174129191167,2.111688311688311,1.920544829104488,27969.99999988402,2.9778266781699423,797000.0,
0.8311688311688312,0.9839304730790912,2.1740259740259735,1.9772398794101553,27979.999999883876,3.2450382254069288,798000.0,
0.8441558441558441,1.1955284242788953,2.641558441558441,2.402452756702662,27989.99999988373,3.446392133360427,799000.0,
0.8311688311688312,1.1108892437989735,2.454545454545454,2.2323676057856594,27999.999999883585,3.399035496429269,800000.0,
0.8846153846153846,1.1523497825276532,2.5461538461538455,2.3156838896483154,28009.99999988344,3.2162765657407046,801000.0,
0.8717948717948718,0.9817602376821697,2.1692307692307695,1.972878721694335,28019.999999883294,3.0684867432082403,802000.0,
0.8717948717948718,1.033981526920583,2.284615384615384,2.077819079231267,28029.999999883148,3.128975869099353,803000.0,
0.8333333333333334,0.9956859148124132,2.1999999999999997,2.0008628170375173,28039.999999883003,3.2280507900664333,804000.0,
0.7948717948717948,1.0096115919426567,2.23076923076923,2.0288469123806996,28049.999999882857,3.402411357588332,805000.0,
0.8461538461538461,1.1384241053974096,2.515384615384615,2.2876997943051336,28059.99999988271,3.3490436396961623,806000.0,
0.8205128205128205,1.0339815269205828,2.2846153846153845,2.077819079231267,28069.999999882566,3.327036860918026,807000.0,
0.8461538461538461,1.1488683632450922,2.538461538461538,2.3086878658125203,28079.99999988242,3.3625989747282548,808000.0,
0.8333333333333334,1.2045710717660665,2.6615384615384614,2.420624247185248,28089.999999882275,3.4817899014876956,809000.0,
0.8717948717948718,1.096647074006679,2.423076923076923,2.2037475082755873,28099.99999988213,3.2049745848745204,810000.0,
0.8333333333333334,1.065314300463631,2.3538461538461535,2.1407832937534272,28109.999999881984,3.3159125451555242,811000.0,
0.9230769230769231,1.2289410067439923,2.715384615384615,2.469596414035817,28119.99999988184,3.171349979513565,812000.0,
0.8589743589743589,1.2707180381347232,2.8076923076923075,2.5535487000653627,28129.999999881693,3.457250850350046,813000.0,
0.8461538461538461,0.9225761098786345,2.0384615384615383,1.8539463164858119,28139.999999881547,3.098799038931479,814000.0,
0.8461538461538461,1.1175355897020443,2.469230769230769,2.24572365129036,28149.999999881402,3.3298117575106514,815000.0,
0.8205128205128205,1.1105727511369223,2.4538461538461536,2.2317316036187695,28159.999999881256,3.4260074154316076,816000.0,
0.8333333333333334,0.8668734013576602,1.915384615384615,1.742009935113083,28169.99999988111,3.0814757739206136,817000.0,
0.8846153846153846,1.1906453946358224,2.63076923076923,2.392640151842066,28179.999999880965,3.2694223301526946,818000.0,
0.8717948717948718,1.2776808766998453,2.8230769230769224,2.567540747736954,28189.99999988082,3.4179251232577816,819000.0,
0.8589743589743589,0.9365017870088781,2.0692307692307685,1.8819304118289937,28199.999999880674,3.0723423788900464,820000.0,
0.8589743589743589,1.1558312018102141,2.553846153846154,2.322679913484111,28209.99999988053,3.328278115524429,821000.0,
0.8974358974358975,1.117535589702044,2.4692307692307693,2.24572365129036,28219.999999880383,3.1435367999385555,822000.0,
0.8076923076923077,1.0200558497903398,2.253846153846154,2.0498349838880854,28229.999999880238,3.3727643854378635,823000.0,
0.8333333333333334,0.9991673340949745,2.2076923076923074,2.007858840873313,28239.999999880092,3.24453618551302,824000.0,
0.8717948717948718,1.1488683632450924,2.5384615384615383,2.3086878658125194,28249.999999879947,3.2736990048831602,825000.0,
0.8076923076923077,0.9678345605519261,2.1384615384615384,1.9448946263511533,28259.9999998798,3.310014217809323,826000.0,
0.9230769230769231,1.1036099125718004,2.4384615384615387,2.2177395559471784,28269.999999879656,3.0439079608269024,827000.0,
0.8076923076923077,1.0409443654857047,2.3000000000000003,2.0918111269028583,28279.99999987951,3.4018009604257293,828000.0,
0.8205128205128205,1.037462946203144,2.292307692307692,2.084815103067063,28289.999999879365,3.345029840668447,829000.0,
0.8717948717948718,1.0896842354415572,2.4076923076923076,2.1897554606039953,28299.99999987922,3.208752505343769,830000.0,
0.8205128205128205,1.0061301726600957,2.223076923076923,2.0218508885449036,28309.999999879074,3.308093022912839,831000.0,
0.8076923076923077,0.9782788183996087,2.1615384615384605,1.9658826978585393,28319.999999878928,3.3267547275254463,832000.0,
0.8461538461538461,1.0235372690729,2.261538461538461,2.056831007723881,28329.999999878783,3.2296319240396865,833000.0,
0.7564102564102564,0.9643531412693653,2.1307692307692307,1.9378986025153575,28339.999999878637,3.5352431358973386,834000.0,
0.8205128205128205,1.0409443654857047,2.3000000000000003,2.0918111269028588,28349.99999987849,3.353022820419014,835000.0,
0.8205128205128205,0.974797399117048,2.1538461538461533,1.958886674022744,28359.999999878346,3.2730312051572037,836000.0,
0.8974358974358975,1.2184967488963097,2.692307692307692,2.4486083425284297,28369.9999998782,3.2646078058977555,837000.0,
0.8076923076923077,1.0130930112252179,2.238461538461538,2.0358429362164943,28379.999999878055,3.373667537690431,838000.0,
0.7948717948717948,1.065314300463631,2.353846153846154,2.1407832937534272,28389.99999987791,3.4944244425014968,839000.0,
0.8974358974358975,1.4573160163014678,2.4,2.1085367967397066,28399.999999877764,3.118908852276153,840000.0,
0.8461538461538461,1.2611388602608857,2.076923076923077,1.8246953048708998,28409.99999987762,3.5152822893829927,841000.0,
0.8333333333333334,1.3125185916048479,2.1615384615384614,1.8990347432174923,28419.999999877473,3.63163461760163,842000.0,
0.8589743589743589,1.3265312456077463,2.184615384615385,1.9193091354938356,28429.999999877327,3.540137868004947,843000.0,
0.8205128205128205,1.3452147842782782,2.215384615384615,1.9463416585289603,28439.999999877182,3.729477393322381,844000.0,
0.8076923076923077,1.1864047055787594,1.9538461538461536,1.7165652127304025,28449.999999877036,3.592688365620148,845000.0,
0.7307692307692307,1.1256832048995313,1.8538461538461535,1.6287095128662474,28459.99999987689,3.8884752628261223,846000.0,
0.8205128205128205,1.307847706937215,2.1538461538461533,1.892276612458711,28469.999999876745,3.6858112678129324,847000.0,
0.8205128205128205,1.1396958589024302,1.876923076923077,1.6489839051425907,28479.9999998766,3.4815012030205295,848000.0,
0.8717948717948718,1.2985059376019492,2.1384615384615384,1.878760350941149,28489.999999876454,3.4594597519393497,849000.0,
0.782051282051282,1.2004173595816579,1.9769230769230768,1.7368396050067452,28499.99999987631,3.731677935185123,850000.0,
0.8717948717948718,1.4806704396396324,2.438461538461538,2.1423274505336116,28509.999999876163,3.669589621923734,851000.0,
0.8589743589743589,1.2097591289169238,1.9923076923076921,1.7503558665243077,28519.999999876018,3.4095673440961503,852000.0,
0.782051282051282,1.1630502822405948,1.915384615384615,1.6827745589364964,28529.999999875872,3.6858642953063576,853000.0,
0.8846153846153846,1.0976578968937338,1.8076923076923077,1.5881607283135608,28539.999999875727,3.185175593574378,854000.0,
0.7435897435897436,1.0836452428908352,1.7846153846153845,1.5678863360372175,28549.99999987558,3.771105671455266,855000.0,
0.8076923076923077,1.2704806295961517,2.0923076923076924,1.8382115663884622,28559.999999875436,3.7037664937685637,856000.0,
0.8846153846153846,1.2891641682666832,2.1230769230769226,1.8652440894235862,28569.99999987529,3.403400074256817,857000.0,
0.8076923076923077,1.3825818616193415,2.2769230769230764,2.000406704599209,28579.999999875145,3.843828336590907,858000.0,
0.7692307692307693,1.0836452428908352,1.784615384615385,1.5678863360372173,28589.999999875,3.6480688157400514,859000.0,
0.8461538461538461,1.2564679755932526,2.0692307692307694,1.8179371741121184,28599.999999874854,3.521277304472592,860000.0,
0.782051282051282,1.1817338209111266,1.946153846153846,1.709807081971621,28609.999999874708,3.7150006234423714,861000.0,
0.8076923076923077,1.1116705508966325,1.8307692307692303,1.6084351205899041,28619.999999874562,3.510954015378627,862000.0,
0.7564102564102564,1.088316127558468,1.7923076923076922,1.5746444667959985,28629.999999874417,3.718787422855527,863000.0,
0.7948717948717948,1.1677211669082275,1.9230769230769234,1.6895326896952776,28639.99999987427,3.6393879196412375,864000.0,
0.8076923076923077,1.2284426675874556,2.0230769230769234,1.7773883895594322,28649.999999874126,3.6574337789005713,865000.0,
0.7948717948717948,1.0976578968937343,1.8076923076923073,1.5881607283135608,28659.99999987398,3.5525341283326632,866000.0,
0.8333333333333334,1.2097591289169238,1.9923076923076923,1.7503558665243077,28669.999999873835,3.523707877760513,867000.0,
0.8717948717948718,1.25179709092562,2.0615384615384618,1.8111790433533377,28679.99999987369,3.4170584278104563,868000.0,
0.8076923076923077,1.1817338209111263,1.946153846153846,1.7098070819716207,28689.999999873544,3.602143460793333,869000.0,
0.8076923076923077,1.0743034735555697,1.7692307692307685,1.5543700745196554,28699.9999998734,3.4697693799404115,870000.0,
0.8846153846153846,1.4900122089748984,2.4538461538461536,2.155843712051175,28709.999999873253,3.638561627521059,871000.0,
0.782051282051282,1.209759128916924,1.9923076923076921,1.7503558665243075,28719.999999873107,3.7580493779414823,872000.0,
0.8205128205128205,1.1303540895671644,1.8615384615384614,1.6354676436250286,28729.99999987296,3.4857409216429476,873000.0,
0.8846153846153846,1.3125185916048479,2.161538461538461,1.8990347432174923,28739.999999872816,3.4396557991896715,874000.0,
0.9102564102564102,1.359227438281177,2.2384615384615385,1.9666160508053032,28749.99999987267,3.3946414110540903,875000.0,
0.7564102564102564,1.1490376282376957,1.8923076923076927,1.6625001666601527,28759.999999872525,3.807876864431327,876000.0,
0.7948717948717948,1.2004173595816583,1.9769230769230768,1.7368396050067456,28769.99999987238,3.688908936230271,877000.0,
0.8205128205128205,1.2658097449285186,2.0846153846153848,1.831453435629681,28779.999999872234,3.653952501614552,878000.0,
0.8461538461538461,1.1069996662289996,1.8230769230769233,1.601676989831123,28789.99999987209,3.3561480903752767,879000.0,
0.8333333333333334,1.25179709092562,2.0615384615384613,1.811179043353338,28799.999999871943,3.5821534321708315,880000.0,
0.8589743589743589,1.1630502822405946,1.9153846153846155,1.6827745589364962,28809.999999871798,3.3725033136368885,881000.0,
0.8846153846153846,1.2050882442492907,1.9846153846153844,1.7435977357655263,28819.999999871652,3.3228504789905684,882000.0,
0.8205128205128205,1.1303540895671644,1.8615384615384614,1.6354676436250288,28829.999999871507,3.4919909216428566,883000.0,
0.8076923076923077,1.0089110882087087,1.6615384615384614,1.4597562438967195,28839.99999987136,3.3976962679235343,884000.0,
0.8076923076923077,1.1677211669082277,1.9230769230769227,1.6895326896952776,28849.999999871216,3.5949531907578502,885000.0,
0.8205128205128205,1.307847706937215,2.1538461538461533,1.892276612458711,28859.99999987107,3.7101862678125777,886000.0,
0.8205128205128205,1.2144300135845565,2.0,1.757113997283089,28869.999999870925,3.596958454039016,887000.0,
0.8333333333333334,1.004240203541076,1.6538461538461535,1.4529981131379388,28879.99999987078,3.2900082442323844,888000.0,
0.8717948717948718,1.3125185916048479,2.161538461538461,1.8990347432174919,28889.999999870633,3.4990625021188024,889000.0,
0.8205128205128205,1.1303540895671647,1.8615384615384618,1.6354676436250288,28899.999999870488,3.4963659216427927,890000.0,
0.7692307692307693,1.1770629362434937,1.9384615384615382,1.7030489512128395,28909.999999870342,3.79084515043153,891000.0,
0.8461538461538461,1.2424553215903542,2.0461538461538464,1.7976627818357758,28919.999999870197,3.5241108345900964,892000.0,
0.8461538461538461,1.1817338209111266,1.946153846153846,1.709807081971621,28929.99999987005,3.452955121666151,893000.0,
0.7948717948717948,1.2658097449285188,2.0846153846153843,1.831453435629681,28939.999999869906,3.782144517795517,894000.0,
0.7948717948717948,1.2237717829198227,2.0153846153846153,1.7706302588006508,28949.99999986976,3.7299032107523087,895000.0,
0.7948717948717948,1.1303540895671644,1.8615384615384614,1.6354676436250286,28959.999999869615,3.6130228868570193,896000.0,
0.8717948717948718,1.3218603609401138,2.1769230769230763,1.9125510047350547,28969.99999986947,3.5144839434150685,897000.0,
0.7564102564102564,1.1723920515758603,1.9307692307692303,1.6962908204540588,28979.999999869324,3.8536674579968193,898000.0,
0.8333333333333334,1.2050882442492907,1.9846153846153844,1.7435977357655266,28989.99999986918,3.537795123851374,899000.0,
0.8974358974358975,0.9121318520309524,2.0153846153846158,1.8329582449784247,28999.999999869033,3.306485700952003,900000.0,
0.8589743589743589,1.1244984282671662,2.4846153846153842,2.2597156989619513,29009.999999868887,3.339562349309439,901000.0,
0.7692307692307693,1.0200558497903391,2.253846153846154,2.049834983888086,29019.99999986874,3.5940692713756563,902000.0,
0.8333333333333334,1.0827213968764353,2.3923076923076927,2.1757634129324046,29029.999999868596,3.39341644546545,903000.0,
0.8333333333333334,0.971315979834487,2.1461538461538456,1.9518906501869486,29039.99999986845,3.260345329630488,904000.0,
0.8846153846153846,1.1036099125718006,2.4384615384615387,2.217739555947178,29049.999999868305,3.221469176514371,905000.0,
0.7692307692307693,1.065314300463631,2.353846153846154,2.1407832937534277,29059.99999986816,3.6555719239175635,906000.0,
0.8717948717948718,1.152349782527653,2.546153846153846,2.315683889648315,29069.999999868014,3.325927691706572,907000.0,
0.8589743589743589,1.0722771390287529,2.3692307692307693,2.154775341425018,29079.99999986787,3.2829465200467483,908000.0,
0.8076923076923077,0.8703548206402214,1.9230769230769227,1.7490059589488793,29089.999999867723,3.242023428711525,909000.0,
0.9230769230769231,1.2428666838742362,2.7461538461538457,2.4975805093789987,29099.999999867578,3.240880574181648,910000.0,
0.8589743589743589,0.971315979834487,2.146153846153846,1.951890650186948,29109.999999867432,3.16720069292504,911000.0,
0.8333333333333334,1.1070913318543616,2.4461538461538455,2.2247355797829735,29119.999999867287,3.4281988289773424,912000.0,
0.8589743589743589,1.040944365485705,2.2999999999999994,2.091811126902859,29129.99999986714,3.249454634429425,913000.0,
0.8205128205128205,0.9051690134658301,1.9999999999999996,1.8189661973068338,29139.999999866995,3.2369216101440728,914000.0,
0.7948717948717948,1.006130172660096,2.223076923076923,2.0218508885449036,29149.99999986685,3.468999249457626,915000.0,
0.8846153846153846,1.127979847549727,2.492307692307692,2.2667117227977465,29159.999999866704,3.255394610257441,916000.0,
0.8076923076923077,1.0827213968764353,2.3923076923076922,2.1757634129324046,29169.99999986656,3.510032840559462,917000.0,
0.7948717948717948,1.0479072040508268,2.315384615384615,2.10580317457445,29179.999999866413,3.5234929341104526,918000.0,
0.8717948717948718,1.1593126210927749,2.5615384615384613,2.3296759373199056,29189.999999866268,3.340973300648815,919000.0,
0.8076923076923077,1.211533910331188,2.676923076923076,2.4346162948568386,29199.999999866122,3.671419761979604,920000.0,
0.8589743589743589,1.1140541704194835,2.461538461538461,2.2387276274545647,29209.999999865977,3.3393436610686797,921000.0,
0.782051282051282,0.8807990784879041,1.9461538461538463,1.769994030456265,29219.99999986583,3.3701988216547174,922000.0,
0.8205128205128205,1.0513886233333873,2.3230769230769233,2.1127991984102454,29229.999999865686,3.4207517596700763,923000.0,
0.8846153846153846,1.2254595874614318,2.7076923076923074,2.462600390200021,29239.99999986554,3.370226780012634,924000.0,
0.8333333333333334,0.9887230762472914,2.1846153846153844,1.9868707693659258,29249.999999865395,3.294156922248742,925000.0,
0.7692307692307693,1.0374629462031437,2.2923076923076917,2.084815103067063,29259.99999986525,3.632698496712069,926000.0,
0.8589743589743589,1.2219781681788708,2.6999999999999997,2.4556043663642257,29269.999999865104,3.4685686136840337,927000.0,
0.8589743589743589,1.2010896524835053,2.6538461538461533,2.4136282233494524,29279.99999986496,3.4448476551133016,928000.0,
0.8461538461538461,0.9852416569647306,2.176923076923077,1.9798747455301304,29289.999999864813,3.242555291547366,929000.0,
0.7948717948717948,1.1419055246799703,2.5230769230769234,2.2946958181409287,29299.999999864667,3.6494908213534556,930000.0,
0.8205128205128205,1.162794040375336,2.5692307692307685,2.3366719611557016,29309.99999986452,3.5615271116898786,931000.0,
0.8974358974358975,1.215015329613749,2.684615384615384,2.441612318692634,29319.999999864376,3.3150142244106835,932000.0,
0.8589743589743589,0.9121318520309522,2.0153846153846153,1.832958244978425,29329.99999986423,3.1114340963774496,933000.0,
0.8205128205128205,1.1244984282671662,2.4846153846153847,2.2597156989619513,29339.999999864085,3.5167293344330193,934000.0,
0.8333333333333334,0.9225761098786347,2.0384615384615383,1.8539463164858114,29349.99999986394,3.2209344087601104,935000.0,
0.8717948717948718,1.1906453946358229,2.6307692307692303,2.392640151842066,29359.999999863794,3.386913835006872,936000.0,
0.8333333333333334,1.1105727511369226,2.453846153846154,2.2317316036187695,29369.99999986365,3.4477611475008074,937000.0,
0.8076923076923077,0.9817602376821699,2.1692307692307686,1.972878721694335,29379.999999863503,3.398366643461606,938000.0,
0.8974358974358975,1.0409443654857045,2.3000000000000003,2.0918111269028588,29389.999999863358,3.1250494358108045,939000.0,
0.8333333333333334,0.7972450157064426,1.7615384615384613,1.6020894583971732,29399.999999863212,3.073614018830358,940000.0,
0.8333333333333334,1.030500107638022,2.2769230769230764,2.070823055395472,29409.999999863066,3.3541355137636297,941000.0,
0.7948717948717948,1.1419055246799705,2.5230769230769234,2.2946958181409283,29419.99999986292,3.6572327568372147,942000.0,
0.8461538461538461,1.152349782527653,2.546153846153846,2.3156838896483154,29429.999999862775,3.4485315611519085,943000.0,
0.8461538461538461,0.9782788183996087,2.1615384615384614,1.9658826978585398,29439.99999986263,3.2434173914248174,944000.0,
0.8205128205128205,1.148868363245092,2.5384615384615383,2.308687865812519,29449.999999862484,3.553305192687266,945000.0,
0.8717948717948718,1.2150153296137491,2.684615384615385,2.4416123186926346,29459.99999986234,3.4207499368932313,946000.0,
0.9230769230769231,1.208052491048627,2.6692307692307695,2.427620271021044,29469.999999862193,3.2237207541758277,947000.0,
0.6923076923076923,0.9573903027042434,2.1153846153846154,1.9239065548437668,29479.999999862048,3.936967474255502,948000.0,
0.8974358974358975,1.1105727511369226,2.453846153846153,2.2317316036187687,29489.999999861902,3.208349636964936,949000.0,
0.8333333333333334,1.0374629462031437,2.2923076923076913,2.0848151030670636,29499.999999861757,3.3680293815801563,950000.0,
0.8333333333333334,0.9852416569647305,2.1769230769230767,1.9798747455301304,29509.99999986161,3.3059792191094357,951000.0,
0.8589743589743589,1.295087973112649,2.861538461538461,2.602520866915931,29519.999999861466,3.5686068940544837,952000.0,
0.7692307692307693,1.1210170089846052,2.476923076923076,2.252719675126156,29529.99999986132,3.7593187783277076,953000.0,
0.8076923076923077,1.0792399775938744,2.384615384615384,2.168767389096609,29539.999999861175,3.5292145754156325,954000.0,
0.8846153846153846,1.33686500450338,2.9538461538461536,2.6864731529454775,29549.99999986103,3.5141343529003723,955000.0,
0.8846153846153846,1.0479072040508264,2.315384615384615,2.1058031745744503,29559.999999860884,3.188066114707622,956000.0,
0.8717948717948718,1.1767197175055795,2.5999999999999996,2.364656056498884,29569.999999860738,3.3832932053572953,957000.0,
0.8717948717948718,1.058351461898509,2.338461538461538,2.126791246081836,29579.999999860593,3.2481060886315296,958000.0,
0.8589743589743589,1.1070913318543614,2.4461538461538463,2.2247355797829735,29589.999999860447,3.353924237067163,959000.0,
0.7948717948717948,1.3685692076164429,2.253846153846154,1.9801323123228656,29599.9999998603,3.515550907782349,960000.0,
0.8589743589743589,1.3919236309546072,2.292307692307692,2.013922966116771,29609.999999860156,3.686714077810715,961000.0,
0.8205128205128205,1.2237717829198227,2.0153846153846153,1.7706302588006513,29619.99999986001,3.6552187354156898,962000.0,
0.8205128205128205,1.153708512905329,1.8999999999999995,1.6692582974189338,29629.999999859865,3.570454125085517,963000.0,
0.8461538461538461,1.3545565536135438,2.2307692307692304,1.9598579200465223,29639.99999985972,3.700230472435049,964000.0,
0.8461538461538461,1.2564679755932533,2.069230769230769,1.8179371741121184,29649.999999859574,3.58491366810803,965000.0,
0.8076923076923077,1.2751515142637846,2.0999999999999996,1.844969697147243,29659.99999985943,3.779390763673506,966000.0,
0.8717948717948718,1.3031768222695819,2.1461538461538456,1.8855184816999297,29669.999999859283,3.5342292961159183,967000.0,
0.8333333333333334,1.4059362849575063,2.315384615384615,2.0341973583931146,29679.999999859137,3.8212743111621537,968000.0,
0.7692307692307693,1.149037628237696,1.8923076923076922,1.662500166660153,29689.999999858992,3.8064122500232362,969000.0,
0.8461538461538461,1.2798223989314177,2.1076923076923073,1.8517278279060245,29699.999999858846,3.6155446532652107,970000.0,
0.7948717948717948,1.1864047055787592,1.953846153846154,1.7165652127304019,29709.9999998587,3.7319252747418705,971000.0,
0.8461538461538461,1.1677211669082272,1.9230769230769227,1.6895326896952776,29719.999999858555,3.484273500268089,972000.0,
0.8589743589743589,1.7422399810270757,2.869230769230769,2.520782773025354,29729.99999985841,4.10170923162632,973000.0,
0.8205128205128205,1.335873014943012,2.1999999999999997,1.9328253970113976,29739.999999858264,3.799342111943843,974000.0,
0.8333333333333334,1.3545565536135438,2.2307692307692313,1.9598579200465225,29749.99999985812,3.763926325857028,975000.0,
0.9358974358974359,1.5180375169806957,2.499999999999999,2.196392496603861,29759.999999857973,3.5266674838814267,976000.0,
0.8846153846153846,1.195746474914025,1.969230769230769,1.730081474247964,29769.999999857828,3.3673626817701914,977000.0,
0.8076923076923077,1.2424553215903542,2.046153846153846,1.7976627818357753,29779.999999857682,3.746528810839624,978000.0,
0.8333333333333334,1.205088244249291,1.9846153846153844,1.7435977357655266,29789.999999857537,3.587025893081427,979000.0,
0.8589743589743589,1.2658097449285188,2.0846153846153843,1.831453435629681,29799.99999985739,3.5512382104965967,980000.0,
0.8589743589743589,1.4713286703043669,2.423076923076923,2.1288111890160497,29809.999999857246,3.791096063919217,981000.0,
0.8076923076923077,1.4573160163014682,2.4,2.108536796739706,29819.9999998571,4.015086496354934,982000.0,
0.8205128205128205,1.092987012226101,1.7999999999999996,1.5814025975547799,29829.999999856955,3.5089497961325256,983000.0,
0.8461538461538461,1.3919236309546075,2.2923076923076917,2.013922966116771,29839.99999985681,3.7565127759591594,984000.0,
0.8717948717948718,1.3685692076164429,2.2538461538461534,1.9801323123228656,29849.999999856664,3.6198264440136345,985000.0,
0.7435897435897436,1.2144300135845565,2.0000000000000004,1.757113997283089,29859.999999856518,4.037333466524817,986000.0,
0.8717948717948718,1.3545565536135438,2.2307692307692304,1.9598579200465223,29869.999999856373,3.6049295761867626,987000.0,
0.782051282051282,1.144366743570063,1.8846153846153844,1.655742035901372,29879.999999856227,3.7504984589722583,988000.0,
0.8461538461538461,1.2284426675874556,2.023076923076923,1.7773883895594322,29889.99999985608,3.566338304100966,989000.0,
0.8589743589743589,1.1630502822405948,1.9153846153846148,1.6827745589364962,29899.999999855936,3.437577940501613,990000.0,
0.8461538461538461,1.4900122089748986,2.453846153846154,2.155843712051174,29909.99999985579,3.8766780651345933,991000.0,
0.8717948717948718,1.2891641682666832,2.123076923076923,1.8652440894235867,29919.999999855645,3.532861840053556,992000.0,
0.9102564102564102,1.4152780542927719,2.330769230769231,2.0477136199106765,29929.9999998555,3.5226970173757204,993000.0,
0.782051282051282,1.1723920515758606,1.9307692307692308,1.6962908204540588,29939.999999855354,3.7902685249468275,994000.0,
0.8076923076923077,1.3312021302753796,2.1923076923076925,1.9260672662526168,29949.99999985521,3.8671994628621964,995000.0,
0.7948717948717948,1.135024974234797,1.8692307692307686,1.6422257743838093,29959.999999855063,3.683415290147619,996000.0,
0.782051282051282,1.2284426675874556,2.0230769230769226,1.7773883895594322,29969.999999854917,3.863907017551789,997000.0,
0.717948717948718,1.0322655115468733,1.6999999999999995,1.4935468976906252,29979.999999854772,3.936366248205235,998000.0,
0.7948717948717948,1.4526451316338351,2.3923076923076922,2.101778665980925,29989.999999854626,4.084937423649606,999000.0,
0.782051282051282,1.494683093642531,2.4615384615384617,2.162601842809955,29999.99999985448,4.206312808245136,1000000.0,
0.8589743589743589,1.410607169625139,2.3230769230769224,2.0409554891518957,30009.999999854335,3.732345660143225,1001000.0,
0.8076923076923077,1.4619869009691009,2.4076923076923076,2.115294927498488,30019.99999985419,4.03356790911785,1002000.0,
0.8205128205128205,1.2891641682666835,2.123076923076923,1.865244089423586,30029.999999854044,3.7605407050568034,1003000.0,
0.8461538461538461,1.1723920515758606,1.9307692307692308,1.6962908204540592,30039.9999998539,3.509187576087131,1004000.0,
0.8461538461538461,1.1069996662289998,1.8230769230769226,1.6016769898311232,30049.999999853753,3.432511726737802,1005000.0,
0.8333333333333334,1.247126206257987,2.0538461538461537,1.8044209125945565,30059.999999853608,3.6540868321070055,1006000.0,
0.8846153846153846,1.3171894762724807,2.1692307692307695,1.9057928739762735,30069.999999853462,3.5220373789577577,1007000.0,
0.7948717948717948,1.4152780542927716,2.33076923076923,2.047713619910677,30079.999999853317,4.043733681188184,1008000.0,
0.8717948717948718,1.289164168266683,2.1230769230769226,1.8652440894235867,30089.99999985317,3.54286184005341,1009000.0,
0.8589743589743589,1.3779109769517084,2.2692307692307696,1.9936485738404275,30099.999999853026,3.6996545701651233,1010000.0,
0.8076923076923077,1.2144300135845567,2.0000000000000004,1.757113997283089,30109.99999985288,3.7327831914035694,1011000.0,
0.8589743589743589,1.1817338209111263,1.9461538461538463,1.7098070819716207,30119.999999852735,3.4724632541775633,1012000.0,
0.8205128205128205,1.2658097449285186,2.0846153846153848,1.831453435629681,30129.99999985259,3.738327501613324,1013000.0,
0.8333333333333334,1.1583793975729622,1.9076923076923076,1.6760164281777155,30139.999999852444,3.552513738607981,1014000.0,
0.8461538461538461,1.097657896893734,1.8076923076923073,1.5881607283135606,30149.999999852298,3.4275320599475516,1015000.0,
0.8333333333333334,1.074303473555569,1.769230769230769,1.5543700745196556,30159.999999852153,3.4528533990178603,1016000.0,
0.8461538461538461,1.3125185916048479,2.1615384615384614,1.8990347432174923,30169.999999852007,3.6826704567273345,1017000.0,
0.8846153846153846,1.2658097449285186,2.0846153846153848,1.831453435629681,30179.99999985186,3.470332755119563,1018000.0,
0.7564102564102564,1.144366743570063,1.8846153846153844,1.655742035901372,30189.999999851716,3.8986509491066057,1019000.0,
0.8333333333333334,1.0479072040508266,2.315384615384615,2.10580317457445,30199.99999985157,3.853274311161688,1020000.0,
0.8076923076923077,0.9713159798344873,2.146153846153846,1.9518906501869482,30209.999999851425,3.4381340702525973,1021000.0,
0.8589743589743589,1.1349426861148488,2.507692307692307,2.280703770469337,30219.99999985128,3.423960142026586,1022000.0,
0.8461538461538461,1.1767197175055795,2.5999999999999996,2.3646560564988843,30229.999999851134,3.5258172418826916,1023000.0,
0.717948717948718,1.0270186883554613,2.269230769230769,2.0638270315596765,30239.99999985099,3.9476296016169266,1024000.0,
0.8461538461538461,1.0687957197461917,2.361538461538461,2.147779317589223,30249.999999850843,3.3994828202882466,1025000.0,
0.8205128205128205,1.0270186883554613,2.269230769230769,2.063827031559677,30259.999999850697,3.455425901414792,1026000.0,
0.8717948717948718,1.2533109417219184,2.7692307692307687,2.518568580886386,30269.999999850552,3.512324315487202,1027000.0,
0.8974358974358975,1.0444257847682654,2.3076923076923075,2.098807150738654,30279.999999850406,3.1797858744392036,1028000.0,
0.8205128205128205,1.0165744305077784,2.246153846153846,2.0428389600522903,30289.99999985026,3.4445719621629016,1029000.0,
0.7564102564102564,0.8947247556181478,1.9769230769230768,1.7979781257994467,30299.999999850115,3.5760734057124397,1030000.0,
0.8974358974358975,1.0722771390287527,2.369230769230769,2.154775341425019,30309.99999984997,3.2125345263294363,1031000.0,
0.8589743589743589,1.1906453946358229,2.6307692307692307,2.392640151842066,30319.999999849824,3.494778220603155,1032000.0,
0.8974358974358975,1.2324224260265533,2.7230769230769227,2.476592437871612,30329.99999984968,3.3921249889841114,1033000.0,
0.8205128205128205,1.065314300463631,2.353846153846154,2.1407832937534272,30339.999999849533,3.5070986786715515,1034000.0,
0.8974358974358975,1.1175355897020443,2.4692307692307693,2.2457236512903602,30349.999999849388,3.265251085651071,1035000.0,
0.9487179487179487,1.2254595874614316,2.7076923076923074,2.4626003902000213,30359.999999849242,3.2030492948757643,1036000.0,
0.7564102564102564,1.0827213968764353,2.3923076923076922,2.1757634129324055,30369.999999849097,3.829357100935191,1037000.0,
0.9358974358974359,1.0444257847682659,2.307692307692308,2.098807150738654,30379.99999984895,3.0545891946676504,1038000.0,
0.782051282051282,1.0513886233333873,2.323076923076923,2.1127991984102454,30389.999999848806,3.665051026537989,1039000.0,
0.8974358974358975,1.18020113678814,2.6076923076923078,2.3716520803346794,30399.99999984866,3.3379355524041068,1040000.0,
0.8589743589743589,0.999167334094974,2.2076923076923074,2.0078588408733125,30409.999999848515,3.27723659788388,1041000.0,
0.7948717948717948,0.9852416569647306,2.1769230769230767,1.979874745530131,30419.99999984837,3.524655632936458,1042000.0,
0.8846153846153846,1.0722771390287524,2.369230769230769,2.1547753414250184,30429.999999848224,3.2660495194645436,1043000.0,
0.8589743589743589,1.068795719746192,2.3615384615384616,2.147779317589223,30439.999999848078,3.36008755431363,1044000.0,
0.8205128205128205,1.0061301726600957,2.2230769230769223,2.021850888544904,30449.999999847932,3.4418430229108923,1045000.0,
0.8205128205128205,1.0792399775938744,2.384615384615384,2.1687673890966095,30459.999999847787,3.5315705976739267,1046000.0,
0.7948717948717948,1.0618328811810702,2.346153846153846,2.133787269917632,30469.99999984764,3.6242381408214834,1047000.0,
0.8076923076923077,1.1105727511369226,2.453846153846153,2.2317316036187687,30479.999999847496,3.627690072817268,1048000.0,
0.8461538461538461,1.0722771390287529,2.369230769230769,2.154775341425019,30489.99999984735,3.418142679440152,1049000.0,
0.8589743589743589,1.0061301726600962,2.223076923076923,2.0218508885449036,30499.999999847205,3.290715723377526,1050000.0,
0.8076923076923077,1.027018688355461,2.2692307692307687,2.063827031559677,30509.99999984706,3.5261469474687637,1051000.0,
0.8333333333333334,1.06183288118107,2.3461538461538463,2.133787269917632,30519.999999846914,3.460042534321986,1052000.0,
0.8717948717948718,1.093165654724118,2.415384615384615,2.1967514844397917,30529.99999984677,3.343922368636562,1053000.0,
0.8333333333333334,0.9887230762472913,2.184615384615385,1.9868707693659262,30539.999999846623,3.373541537632202,1054000.0,
0.8333333333333334,0.9852416569647306,2.1769230769230763,1.9798747455301309,30549.999999846477,3.369979219108505,1055000.0,
0.8717948717948718,1.065314300463631,2.353846153846153,2.140783293753427,30559.99999984633,3.313739932867154,1056000.0,
0.8717948717948718,1.040944365485705,2.3,2.091811126902859,30569.999999846186,3.286374419215995,1057000.0,
0.8589743589743589,0.9643531412693651,2.1307692307692307,1.9378986025153575,30579.99999984604,3.2468558957882476,1058000.0,
0.8461538461538461,1.1105727511369226,2.4538461538461536,2.2317316036187687,30589.999999845895,3.4694617361739617,1059000.0,
0.8461538461538461,1.0061301726600962,2.223076923076923,2.021850888544904,30599.99999984575,3.346635658580128,1060000.0,
0.8076923076923077,0.9330203677263174,2.061538461538461,1.874934387993198,30609.999999845604,3.416117280657985,1061000.0,
0.8461538461538461,0.9747973991170478,2.1538461538461537,1.9588866740227444,30619.99999984546,3.310818138332265,1062000.0,
0.8589743589743589,1.0548700426159485,2.33076923076923,2.1197952222460406,30629.999999845313,3.3552188555648237,1063000.0,
0.7948717948717948,1.1314612668322879,2.4999999999999996,2.2737077466335425,30639.999999845168,3.722802884059953,1064000.0,
0.8846153846153846,1.0165744305077784,2.2461538461538457,2.0428389600522903,30649.999999845022,3.215834863455141,1065000.0,
0.7948717948717948,0.974797399117048,2.1538461538461537,1.9588866740227435,30659.999999844877,3.5269999537085024,1066000.0,
0.8481012658227848,1.0037063997418576,2.217721518987342,2.01698023903897,30669.99999984473,3.3130239638567702,1067000.0,
0.810126582278481,0.9521461394811453,2.10379746835443,1.9133682404582009,30679.999999844586,3.405302265903231,1068000.0,
0.8354430379746836,0.8902738271682914,1.9670886075949363,1.789033842161278,30689.99999984444,3.2286580658347077,1069000.0,
0.759493670886076,1.0552666600025695,2.331645569620253,2.1205922376197384,30699.999999844295,3.7694311023166347,1070000.0,
0.8860759493670886,1.0277678545301894,2.2708860759493668,2.0653325050433287,30709.99999984415,3.2004780072382784,1071000.0,
0.8734177215189873,1.1996353887325626,2.650632911392405,2.410705833645892,30719.999999844003,3.444217329111107,1072000.0,
0.8607594936708861,1.0655787120547113,2.354430379746835,2.141314637335893,30729.999999843858,3.3397135036928756,1073000.0,
0.810126582278481,1.127451024367566,2.4911392405063295,2.265649035632815,30739.999999843712,3.6254442331848518,1074000.0,
0.8354430379746836,0.9177726326406707,2.0278481012658225,1.8442935747376878,30749.999999843567,3.2652096663243206,1075000.0,
0.810126582278481,0.9487087887970979,2.0962025316455692,1.90646077388615,30759.99999984342,3.4060592861525363,1076000.0,
0.8607594936708861,1.2374462462570843,2.7341772151898733,2.486687965938456,30769.999999843276,3.5417360801926576,1077000.0,
0.8987341772151899,1.213384791468752,2.681012658227848,2.438335699934097,30779.99999984313,3.3658760355608712,1078000.0,
0.8227848101265823,0.9658955422173352,2.134177215189873,1.9409981067464066,30789.999999842985,3.376393043599375,1079000.0,
0.8354430379746836,1.8031979821958033,2.969620253164557,2.608980656725396,30799.99999984284,3.7784261405807755,1080000.0,
0.8227848101265823,1.342022027670023,2.210126582278481,1.941722176744477,30809.999999842694,3.8347621566880075,1081000.0,
0.759493670886076,1.1529398863144527,1.8987341772151896,1.668146199952299,30819.99999984255,3.9060341836271646,1082000.0,
0.8481012658227848,1.3512455467605384,2.225316455696202,1.955067346344095,30829.999999842403,3.7323611670577623,1083000.0,
0.7848101265822784,1.240563317674351,2.043037974683544,1.7949253111486743,30839.999999842257,3.8929726144364625,1084000.0,
0.8481012658227848,1.41119842084889,2.324050632911392,2.0418109487416145,30849.99999984211,3.8042458991917716,1085000.0,
0.8987341772151899,1.3466337872152807,2.2177215189873416,1.9483947615442858,30859.999999841966,3.518646044912577,1086000.0,
0.7974683544303798,1.3650808253963116,2.2481012658227852,1.9750851007435228,30869.99999984182,3.989225161985616,1087000.0,
0.7721518987341772,1.1944457222217728,1.9670886075949363,1.7281994631505824,30879.999999841675,3.899688722201716,1088000.0,
0.8227848101265823,1.2036692413122885,1.9822784810126581,1.7415446327502004,30889.99999984153,3.671533385576228,1089000.0,
0.7974683544303798,1.1114340504071323,1.830379746835443,1.6080929367540169,30899.999999841384,3.6730649203324908,1090000.0,
0.7468354430379747,0.9961400617756867,1.640506329113924,1.4412783167587868,30909.99999984124,3.768387540323087,1091000.0,
0.810126582278481,1.120657569497648,1.845569620253164,1.621438106353635,30919.999999841093,3.6283085623296327,1092000.0,
0.8354430379746836,1.378916104032085,2.2708860759493668,1.9951028551429502,30929.999999840948,3.828093518444188,1093000.0,
0.8860759493670886,1.4434807376656944,2.377215189873417,2.0885190423402786,30939.999999840802,3.6827825467767283,1094000.0,
0.7848101265822784,1.1391046076786793,1.8759493670886074,1.6481284455528717,30949.999999840657,3.7707913549257452,1095000.0,
0.7974683544303798,1.1022105313166166,1.8151898734177212,1.5947477671543981,30959.99999984051,3.665308444012583,1096000.0,
0.9240506329113924,1.3696925849415693,2.255696202531645,1.981757685543332,30969.999999840365,3.453226222043334,1097000.0,
0.7848101265822784,1.1621634054049683,1.913924050632911,1.6814913695519178,30979.99999984022,3.8021082100930856,1098000.0,
0.8860759493670886,1.6556216767475533,2.7265822784810125,2.395457943131502,30989.999999840074,3.925055892311928,1099000.0,
0.7974683544303798,1.1713869244954835,1.9291139240506334,1.6948365391515363,30999.99999983993,3.7545931275225533,1100000.0,
0.8481012658227848,1.2036692413122887,1.9822784810126577,1.7415446327502009,31009.999999839783,3.569099553170864,1101000.0,
0.8607594936708861,1.1806104435859992,1.9443037974683544,1.7081817087511544,31019.999999839638,3.490412132971624,1102000.0,
0.7848101265822784,1.1483281267691947,1.8911392405063288,1.6614736151524903,31029.999999839492,3.7877051937668105,1103000.0,
0.8607594936708861,1.2221162794933194,2.0126582278481018,1.768234971949437,31039.999999839347,3.539808618805111,1104000.0,
0.8227848101265823,1.1575516458597104,1.906329113924051,1.6748187847521085,31049.9999998392,3.6253289234106436,1105000.0,
0.8734177215189873,1.120657569497648,1.8455696202531644,1.621438106353635,31059.999999839056,3.3735035940447586,1106000.0,
0.8227848101265823,1.1990574817670305,1.9746835443037976,1.7348720479503916,31069.99999983891,3.6770052470518304,1107000.0,
0.7974683544303798,1.1852222031312574,1.9518987341772152,1.7148542935509643,31079.999999838765,3.77702149279591,1108000.0,
0.7848101265822784,1.1759986840407415,1.9367088607594938,1.7015091239513456,31089.99999983862,3.8268338070643706,1109000.0,
0.8860759493670886,1.1114340504071323,1.830379746835443,1.6080929367540169,31099.999999838474,3.317186999727647,1110000.0,
0.8227848101265823,1.3097397108532183,2.1569620253164556,1.8950140831458124,31109.99999983833,3.8139882639411615,1111000.0,
0.8354430379746836,1.4480924972109526,2.3848101265822783,2.0951916271400886,31119.999999838183,3.922410716339938,1112000.0,
0.8481012658227848,1.4065866613036324,2.316455696202531,2.0351383639418055,31129.999999838037,3.815524570772493,1113000.0,
0.8734177215189873,1.3097397108532183,2.156962025316455,1.8950140831458124,31139.99999983789,3.5946266254517933,1114000.0,
0.8481012658227848,1.194445722221773,1.9670886075949372,1.728199463150582,31149.999999837746,3.5665822694669997,1115000.0,
0.8227848101265823,1.139104607678679,1.8759493670886074,1.6481284455528717,31159.9999998376,3.6096779077751378,1116000.0,
0.7848101265822784,1.2036692413122885,1.9822784810126586,1.7415446327502009,31169.999999837455,3.867252742942557,1117000.0,
0.8734177215189873,1.143716367223937,1.8835443037974677,1.6548010303526814,31179.99999983731,3.406860768253017,1118000.0,
0.8607594936708861,1.2497868367648666,2.0582278481012652,1.808270480748293,31189.999999837164,3.580778825046927,1119000.0,
0.7848101265822784,1.0607046954092965,1.7468354430379747,1.5346945039561153,31199.99999983702,3.687023724775813,1120000.0,
0.8481012658227848,1.3281867490342494,2.187341772151898,1.921704422345049,31209.999999836873,3.7278590025741956,1121000.0,
0.9113924050632911,1.4988218522087884,2.468354430379747,2.1685900599379893,31219.999999836728,3.6567600878230433,1122000.0,
0.8481012658227848,1.3005161917627026,2.1417721518987336,1.8816689135461941,31229.999999836582,3.696426554448026,1123000.0,
0.759493670886076,1.0422576572282654,1.7164556962025315,1.5080041647568785,31239.999999836436,3.7883025819966107,1124000.0,
0.8227848101265823,1.1852222031312574,1.9518987341772152,1.7148542935509636,31249.99999983629,3.6712669853251145,1125000.0,
0.810126582278481,1.1160458099523902,1.8379746835443036,1.614765521553826,31259.999999836145,3.643865921640646,1126000.0,
0.810126582278481,1.1990574817670305,1.9746835443037971,1.7348720479503916,31269.999999836,3.7469584540368333,1127000.0,
0.810126582278481,1.3005161917627022,2.141772151898734,1.8816689135461937,31279.999999835854,3.872821549187732,1128000.0,
0.8607594936708861,1.2820691535816713,2.1113924050632913,1.8549785743469571,31289.99999983571,3.624165634289894,1129000.0,
0.8481012658227848,1.2175045199480616,2.00506329113924,1.7615623871496282,31299.999999835563,3.6027262249948815,1130000.0,
0.7848101265822784,1.0514811763187806,1.7316455696202533,1.521349334356497,31309.999999835418,3.682367950450698,1131000.0,
0.8354430379746836,1.4665395353919837,2.4151898734177215,2.121881966339325,31319.999999835272,3.956612474162511,1132000.0,
0.8987341772151899,1.5311041690255929,2.521518987341772,2.2152981535366543,31329.999999835127,3.750380695095497,1133000.0,
0.7974683544303798,1.0514811763187808,1.7316455696202526,1.521349334356497,31339.99999983498,3.625822427427644,1134000.0,
0.7974683544303798,1.0837634931355853,1.7848101265822778,1.5680574279551613,31349.999999834836,3.666938348515373,1135000.0,
0.8354430379746836,0.9361871876873353,1.5417721518987342,1.354534714361267,31359.99999983469,3.3242210276675177,1136000.0,
0.8607594936708861,1.3005161917627026,2.141772151898734,1.8816689135461937,31369.999999834545,3.6503026345295533,1137000.0,
0.7974683544303798,1.1990574817670305,1.9746835443037978,1.7348720479503912,31379.9999998344,3.8134181120373167,1138000.0,
0.8860759493670886,1.3374102681247648,2.20253164556962,1.9350495919446675,31389.999999834254,3.5887887311515914,1139000.0,
0.8987341772151899,0.8765244244321015,1.9367088607594938,1.761403975873073,31399.999999834108,3.3592069864503236,1140000.0,
0.8607594936708861,1.326817364042318,2.9316455696202532,2.666282096811789,31409.999999833963,3.6832113493837784,1141000.0,
0.7974683544303798,0.9762075942694776,2.156962025316455,1.9617205064625596,31419.999999833817,3.5365111102546334,1142000.0,
0.9113924050632911,1.1652618818920875,2.574683544303797,2.3416311679253794,31429.99999983367,3.302437342614271,1143000.0,
0.8354430379746836,1.1033895695792335,2.4379746835443044,2.2172967696284562,31439.999999833526,3.5292056969016894,1144000.0,
0.8860759493670886,1.1996353887325621,2.6506329113924045,2.4107058336458924,31449.99999983338,3.4367285101231984,1145000.0,
0.8227848101265823,0.9624581915332879,2.1265822784810124,1.9340906401743547,31459.999999833235,3.4134461096904705,1146000.0,
0.7974683544303798,1.1308883750516132,2.49873417721519,2.2725565022048664,31469.99999983309,3.7336505020290116,1147000.0,
0.8354430379746836,1.0965148682111385,2.4227848101265814,2.2034818364843547,31479.999999832944,3.5234011301125703,1148000.0,
0.810126582278481,0.8833991258001964,1.9518987341772154,1.7752189090171753,31489.9999998328,3.3710676708900724,1149000.0,
0.8354430379746836,0.9693328929013824,2.1417721518987336,1.9479055733184574,31499.999999832653,3.372380280878148,1150000.0,
0.8481012658227848,1.0896401668430433,2.4075949367088607,2.189666903340252,31509.999999832507,3.4644981071544536,1151000.0,
0.8481012658227848,1.0999522188951862,2.430379746835443,2.210389303056406,31519.999999832362,3.477254108827867,1152000.0,
0.9367088607594937,1.2236968435208944,2.7037974683544292,2.4590580996502513,31529.999999832216,3.280970954552668,1153000.0,
0.8860759493670886,1.2718197530975592,2.8101265822784804,2.5557626316589688,31539.99999983207,3.5233365784779056,1154000.0,
0.9113924050632911,1.024330503846142,2.263291139240506,2.058425038471278,31549.999999831925,3.154470969480429,1155000.0,
0.8481012658227848,1.1308883750516132,2.49873417721519,2.2725565022048677,31559.99999983178,3.5161191287734703,1156000.0,
0.7974683544303798,0.9693328929013829,2.141772151898734,1.9479055733184578,31569.999999831634,3.5374142625072023,1157000.0,
0.8354430379746836,1.0208931531620946,2.255696202531645,2.0515175718992262,31579.99999983149,3.4389448348265055,1158000.0,
0.8227848101265823,1.1480751284718504,2.5367088607594943,2.3070938350651233,31589.999999831343,3.6470420792003,1159000.0,
0.8227848101265823,0.9246473340087659,2.0430379746835445,1.8581085078817907,31599.999999831198,3.376106759775927,1160000.0,
0.8607594936708861,1.1205763229994707,2.475949367088607,2.2518341024887136,31609.999999831052,3.455372492877946,1161000.0,
0.8987341772151899,1.0793281147909015,2.3848101265822783,2.1689445036240973,31619.999999830907,3.264038324890462,1162000.0,
0.8734177215189873,1.1652618818920877,2.5746835443037974,2.3416311679253794,31629.99999983076,3.45761577780023,1163000.0,
0.8354430379746836,1.1618245312080404,2.567088607594937,2.334723701353328,31639.999999830616,3.611271787335993,1164000.0,
0.9240506329113924,1.1343257257356607,2.5063291139240502,2.2794639687769185,31649.99999983047,3.2357744155048906,1165000.0,
0.8227848101265823,1.0243305038461419,2.263291139240506,2.058425038471278,31659.999999830325,3.500952458501299,1166000.0,
0.8354430379746836,0.9658955422173354,2.134177215189873,1.9409981067464055,31669.99999983018,3.3785689065743654,1167000.0,
0.8227848101265823,0.9452714381130505,2.0886075949367084,1.8995533073140984,31679.999999830034,3.4060960555333697,1168000.0,
0.8354430379746836,0.9555834901651927,2.1113924050632904,1.9202757070302523,31689.999999829888,3.3674378139664807,1169000.0,
0.8987341772151899,1.220259492836847,2.6962025316455698,2.4521506330781997,31699.999999829743,3.4253563370823636,1170000.0,
0.8481012658227848,1.075890764106854,2.3772151898734175,2.1620370370520465,31709.999999829597,3.460226423331012,1171000.0,
0.8734177215189873,1.1377630764197082,2.51392405063291,2.2863714353489692,31719.99999982945,3.431349029505691,1172000.0,
0.8607594936708861,1.062141361370664,2.3468354430379743,2.1344071707638412,31729.999999829306,3.394543640397318,1173000.0,
0.8987341772151899,1.0483919586344745,2.3164556962025316,2.106777304475636,31739.99999982916,3.236376968040254,1174000.0,
0.8227848101265823,1.1686992325761345,2.582278481012658,2.348538634497431,31749.999999829015,3.681954451880748,1175000.0,
0.8607594936708861,1.2030727394166096,2.6582278481012658,2.4176133002179436,31759.99999982887,3.5600374472447878,1176000.0,
0.8354430379746836,1.0518293093185216,2.3240506329113924,2.113684771047688,31769.999999828724,3.4874896278014558,1177000.0,
0.8607594936708861,0.9177726326406709,2.0278481012658225,1.8442935747376885,31779.99999982858,3.229762323196254,1178000.0,
0.7974683544303798,0.9452714381130505,2.0886075949367084,1.8995533073140982,31789.999999828433,3.5212102160263914,1179000.0,
0.8734177215189873,1.2718197530975588,2.8101265822784804,2.5557626316589688,31799.999999828287,3.5894718912092496,1180000.0,
0.8987341772151899,1.2511956489932743,2.7645569620253156,2.5143178322266606,31809.999999828142,3.465975440411256,1181000.0,
0.8987341772151899,1.1171389723154235,2.4683544303797467,2.2449266359166624,31819.999999827996,3.317377166361245,1182000.0,
0.9113924050632911,0.9487087887970982,2.0962025316455692,1.9064607738861497,31829.99999982785,3.0870526988013904,1183000.0,
0.8481012658227848,1.0483919586344743,2.316455696202531,2.106777304475637,31839.999999827705,3.4355636526992868,1184000.0,
0.8354430379746836,0.941834087429003,2.0810126582278485,1.8926458407420468,31849.99999982756,3.360677165236658,1185000.0,
0.8354430379746836,1.0896401668430438,2.4075949367088603,2.189666903340252,31859.999999827414,3.538202623929213,1186000.0,
0.8481012658227848,1.051829309318522,2.3240506329113924,2.1136847710476876,31869.99999982727,3.4414076930580633,1187000.0,
0.8987341772151899,1.2271341942049419,2.7113924050632905,2.4659655662223026,31879.999999827123,3.4431464977593924,1188000.0,
0.8734177215189873,1.2546329996773216,2.772151898734177,2.5212252987987127,31889.999999826978,3.5750116952642648,1189000.0,
0.8607594936708861,1.1377630764197082,2.5139240506329115,2.2863714353489697,31899.999999826832,3.492398279939444,1190000.0,
0.8227848101265823,0.845588268275674,1.8683544303797468,1.699236776724612,31909.999999826687,3.299096510653891,1191000.0,
0.8860759493670886,0.98651964632162,2.179746835443038,1.982442906178714,31919.99999982654,3.2230693151161725,1192000.0,
0.8607594936708861,1.0140184517939999,2.2405063291139236,2.037702638755124,31929.999999826396,3.350400848388963,1193000.0,
0.8734177215189873,1.1377630764197084,2.5139240506329115,2.2863714353489692,31939.99999982625,3.4441026526939114,1194000.0,
0.7721518987341772,0.9418340874290033,2.0810126582278476,1.892645840742047,31949.999999826105,3.6426998836985836,1195000.0,
0.8227848101265823,1.0037063997418572,2.217721518987342,2.01698023903897,31959.99999982596,3.4943477781281302,1196000.0,
0.8354430379746836,0.9727702435854303,2.1493670886075953,1.9548130398905088,31969.999999825814,3.4049795339692452,1197000.0,
0.8607594936708861,1.1549498298399457,2.5518987341772155,2.3209087682092258,31979.999999825668,3.517071125824652,1198000.0,
0.8607594936708861,1.1927606873644674,2.6354430379746834,2.3968909005017895,31989.999999825523,3.561586680889896,1199000.0,
0.7848101265822784,1.332798508579507,2.194936708860759,1.9283770071448578,31999.999999825377,3.6528702171968854,1200000.0,
0.8481012658227848,1.3512455467605387,2.2253164556962024,1.955067346344095,32009.99999982523,3.8028089282507676,1201000.0,
0.8734177215189873,1.3189632299437337,2.1721518987341772,1.9083592527454305,32019.999999825086,3.6562013791923653,1202000.0,
0.8481012658227848,1.235951558129093,2.0354430379746833,1.788252726348865,32029.99999982494,3.6680592998644186,1203000.0,
0.8607594936708861,1.2221162794933198,2.012658227848101,1.7682349719494377,32039.999999824795,3.5986321482160206,1204000.0,
0.8481012658227848,1.360469065851054,2.240506329113924,1.9684125159437131,32049.99999982465,3.8160724806111914,1205000.0,
0.8607594936708861,1.2082810008575464,1.9898734177215185,1.7482172175500101,32059.999999824504,3.5837352803891487,1206000.0,
0.7848101265822784,1.2774573940364133,2.10379746835443,1.8483059895471476,32069.99999982436,4.019337647219226,1207000.0,
0.8987341772151899,1.378916104032085,2.2708860759493663,1.9951028551429502,32079.999999824213,3.623298200242951,1208000.0,
0.8354430379746836,1.019198859501976,1.6784810126582275,1.4746412407578326,32089.999999824067,3.467825907566217,1209000.0,
0.8734177215189873,1.2036692413122885,1.9822784810126586,1.7415446327502004,32099.999999823922,3.5288357980055713,1210000.0,
0.7721518987341772,0.9915283022304292,1.6329113924050633,1.4346057319589773,32109.999999823776,3.7175497684412613,1211000.0,
0.8607594936708861,1.1806104435859992,1.9443037974683548,1.7081817087511548,32119.99999982363,3.555118015323623,1212000.0,
0.8860759493670886,1.388139623122601,2.286075949367089,2.008448024742568,32129.999999823485,3.688326146077105,1213000.0,
0.7974683544303798,1.3143514703984758,2.1645569620253164,1.9016866679456215,32139.99999982334,4.006247081907792,1214000.0,
0.8354430379746836,1.0330341381377497,1.7012658227848094,1.4946589951572604,32149.999999823194,3.4880226804786814,1215000.0,
0.8860759493670886,1.342022027670023,2.2101265822784812,1.9417221767444768,32159.99999982305,3.63799343120917,1216000.0,
0.8481012658227848,1.3235749894889914,2.179746835443038,1.9150318375452402,32169.999999822903,3.7797346890796995,1217000.0,
0.8354430379746836,1.2128927604028041,1.9974683544303795,1.754889802349819,32179.999999822758,3.705126182886825,1218000.0,
0.8354430379746836,1.1944457222217728,1.967088607594936,1.7281994631505824,32189.999999822612,3.6836516977913405,1219000.0,
0.8354430379746836,1.3973631422131163,2.3012658227848104,2.0217931943421874,32199.999999822467,3.9271437611143023,1220000.0,
0.8227848101265823,1.2912926726721867,2.1265822784810124,1.8683237439465752,32209.99999982232,3.859260325227846,1221000.0,
0.8481012658227848,1.4250336994846633,2.3468354430379748,2.0618287031410425,32219.999999822176,3.9023501829551495,1222000.0,
0.8227848101265823,1.1252693290429057,1.853164556962025,1.6281106911534442,32229.99999982203,3.6587088768168554,1223000.0,
0.7341772151898734,1.1621634054049685,1.9139240506329112,1.6814913695519178,32239.999999821885,4.151219121132724,1224000.0,
0.8607594936708861,1.1990574817670308,1.9746835443037976,1.7348720479503916,32249.99999982174,3.5841961920338283,1225000.0,
0.8227848101265823,1.286680913126929,2.1189873417721516,1.8616511591467662,32259.999999821594,3.856732186703564,1226000.0,
0.8607594936708861,1.268233874945898,2.088607594936708,1.8349608199475296,32269.999999821448,3.665739354697495,1227000.0,
0.8860759493670886,1.1529398863144522,1.8987341772151891,1.6681461999522995,32279.999999821302,3.431457871679212,1228000.0,
0.8481012658227848,1.2359515581290932,2.0354430379746833,1.7882527263488646,32289.999999821157,3.683581687923895,1229000.0,
0.7974683544303798,1.088375252680843,1.7924050632911392,1.5747300127549706,32299.99999982101,3.733038808896644,1230000.0,
0.8354430379746836,1.259010355855382,2.0734177215189873,1.8216156503479108,32309.999999820866,3.768206335019342,1231000.0,
0.8354430379746836,1.3051279513079603,2.149367088607595,1.8883414983460025,32319.99999982072,3.8240137598792376,1232000.0,
0.8227848101265823,1.0514811763187808,1.7316455696202526,1.521349334356497,32329.999999820575,3.57518173735206,1233000.0,
0.9240506329113924,1.4895983331182727,2.4531645569620246,2.155244890338371,32339.99999982043,3.658055730343057,1234000.0,
0.7848101265822784,1.2543985963101245,2.065822784810127,1.8149430655481023,32349.999999820284,4.008020792051595,1235000.0,
0.8607594936708861,1.2866809131269292,2.1189873417721525,1.8616511591467662,32359.99999982014,3.692464590231263,1236000.0,
0.8607594936708861,1.3789161040320852,2.2708860759493663,1.9951028551429504,32369.999999819993,3.800208414959304,1237000.0,
0.9240506329113924,1.3466337872152807,2.2177215189873416,1.9483947615442858,32379.999999819847,3.5055324546397877,1238000.0,
0.8860759493670886,1.337410268124765,2.2025316455696196,1.9350495919446675,32389.9999998197,3.6459315882936165,1239000.0,
0.9367088607594937,1.5726100049329133,2.589873417721519,2.275351416734936,32399.999999819556,3.7004863565999497,1240000.0,
0.7341772151898734,1.0883752526808435,1.7924050632911392,1.5747300127549704,32409.99999981941,4.06243870621521,1241000.0,
0.8354430379746836,1.2912926726721865,2.126582278481012,1.8683237439465752,32419.999999819265,3.813513956663602,1242000.0,
0.759493670886076,1.0745399740450698,1.7696202531645564,1.5547122583555426,32429.99999981912,3.9101409658042483,1243000.0,
0.8354430379746836,1.2221162794933198,2.012658227848101,1.7682349719494377,32439.999999818974,3.7319240314949402,1244000.0,
0.8607594936708861,1.3973631422131163,2.3012658227848104,2.0217931943421865,32449.99999981883,3.8263454151989618,1245000.0,
0.8607594936708861,1.282069153581671,2.1113924050632904,1.854978574346957,32459.999999818683,3.692989163700657,1246000.0,
0.8227848101265823,1.318963229943734,2.172151898734177,1.9083592527454305,32469.999999818538,3.90889069483457,1247000.0,
0.8734177215189873,1.3143514703984762,2.164556962025316,1.9016866679456217,32479.999999818392,3.677587915364799,1248000.0,
0.7848101265822784,1.0791517335903273,1.7772151898734174,1.561384843155352,32489.999999818247,3.793754628263335,1249000.0,
0.8734177215189873,1.2405633176743507,2.043037974683544,1.7949253111486745,32499.9999998181,3.594265247753102,1250000.0,
0.7974683544303798,1.3281867490342492,2.187341772151898,1.921704422345049,32509.999999817956,4.0470881455935785,1251000.0,
0.7341772151898734,1.2866809131269292,2.118987341772152,1.8616511591467662,32519.99999981781,4.340130898891665,1252000.0,
0.9113924050632911,1.4296454590299215,2.354430379746835,2.0685012879408515,32529.999999817665,3.6536359897507276,1253000.0,
0.8860759493670886,1.2866809131269294,2.118987341772152,1.8616511591467664,32539.99999981752,3.597251316224506,1254000.0,
0.8227848101265823,1.2221162794933194,2.012658227848101,1.7682349719494372,32549.999999817373,3.796107478133225,1255000.0,
0.8481012658227848,1.1713869244954838,1.9291139240506323,1.6948365391515359,32559.999999817228,3.623572642295971,1256000.0,
0.8607594936708861,1.1898339626765149,1.9594936708860757,1.7215268783507731,32569.999999817082,3.5923041625019256,1257000.0,
0.8607594936708861,1.2497868367648668,2.0582278481012657,1.808270480748293,32579.999999816937,3.6625435309280907,1258000.0,
0.8734177215189873,1.1068222908618746,1.822784810126582,1.6014203519542072,32589.99999981679,3.4463588547358435,1259000.0,
0.8354430379746836,1.0965148682111385,2.4227848101265823,2.2034818364843543,32599.999999816646,4.039708368162524,1260000.0,
0.8354430379746836,1.0140184517939999,2.2405063291139236,2.037702638755124,32609.9999998165,3.493140268036514,1261000.0,
0.8607594936708861,1.0449546079504268,2.3088607594936708,2.0998698379035856,32619.999999816355,3.4269296180406923,1262000.0,
0.8354430379746836,0.9212099833247186,2.0354430379746833,1.8512010413097397,32629.99999981621,3.3832634648687203,1263000.0,
0.9113924050632911,1.2030727394166096,2.6582278481012658,2.4176133002179436,32639.999999816064,3.4111464779526997,1264000.0,
0.8481012658227848,1.137763076419708,2.5139240506329115,2.2863714353489692,32649.99999981592,3.5892997468035603,1265000.0,
0.8987341772151899,1.1377630764197086,2.5139240506329115,2.2863714353489692,32659.999999815773,3.387649056842789,1266000.0,
0.8481012658227848,0.9727702435854301,2.1493670886075944,1.9548130398905088,32669.999999815627,3.395949988685514,1267000.0,
0.8481012658227848,1.0483919586344743,2.316455696202531,2.1067773044756364,32679.99999981548,3.4857129064299004,1268000.0,
0.8987341772151899,1.1033895695792337,2.437974683544304,2.2172967696284567,32689.999999815336,3.351092619654067,1269000.0,
0.8987341772151899,1.0105811011099521,2.232911392405063,2.030795172183073,32699.99999981519,3.2483902392445767,1270000.0,
0.810126582278481,1.089640166843044,2.4075949367088607,2.189666903340252,32709.999999815045,3.701896455926228,1271000.0,
0.8860759493670886,0.931522035376861,2.0582278481012652,1.8719234410258934,32719.9999998149,3.2067148684778504,1272000.0,
0.7974683544303798,1.0793281147909013,2.3848101265822783,2.168944503624098,32729.999999814754,3.748995572494574,1273000.0,
0.8734177215189873,1.0518293093185218,2.324050632911392,2.1136847710476876,32739.99999981461,3.3920915280411537,1274000.0,
0.8354430379746836,1.2065100901006574,2.665822784810127,2.4245207667899944,32749.999999814463,3.73203177449436,1275000.0,
0.810126582278481,0.9796449449535252,2.164556962025316,1.968627973034611,32759.999999814318,3.5692461039063073,1276000.0,
0.8987341772151899,1.2443209476251793,2.7493670886075954,2.500502899082559,32769.99999981432,3.5124106318869686,1277000.0,
0.8734177215189873,1.1927606873644674,2.6354430379746834,2.3968909005017895,32779.9999998149,3.5557665841069683,1278000.0,
0.8987341772151899,1.1652618818920877,2.5746835443037974,2.341631167925379,32789.99999981548,3.4255702629727485,1279000.0,
0.810126582278481,1.1205763229994712,2.475949367088607,2.2518341024887127,32799.999999816064,3.745708273727356,1280000.0,
0.8734177215189873,1.2099474407847046,2.6734177215189874,2.4314282333620456,32809.999999816646,3.5771833017911097,1281000.0,
0.8227848101265823,1.1240136736835185,2.4835443037974683,2.2587415690607644,32819.99999981723,3.6934904649630025,1282000.0,
0.8481012658227848,1.062141361370664,2.3468354430379743,2.1344071707638417,32829.99999981781,3.5108801126848066,1283000.0,
0.810126582278481,1.130888375051613,2.4987341772151894,2.2725565022048673,32839.99999981839,3.760937212979364,1284000.0,
0.8481012658227848,1.1205763229994707,2.475949367088607,2.251834102488714,32849.999999818974,3.58097506744123,1285000.0,
0.9113924050632911,1.0587040106866166,2.3392405063291135,2.1274997041917905,32859.999999819556,3.2649641228590176,1286000.0,
0.8481012658227848,1.182448635312325,2.612658227848101,2.3761685007856364,32869.99999982014,3.655123017780336,1287000.0,
0.9113924050632911,1.1412004271037555,2.521518987341772,2.2932789019210205,32879.99999982072,3.3565921353167756,1288000.0,
0.9113924050632911,1.2752571037816065,2.8177215189873417,2.56267009823102,32889.9999998213,3.504237655560561,1289000.0,
0.8734177215189873,1.0277678545301896,2.2708860759493668,2.065332505043329,32899.999999821885,3.373818268253635,1290000.0,
0.8354430379746836,1.0415172572663793,2.3012658227848095,2.092962371331534,32909.99999982247,3.5442373231160933,1291000.0,
0.8987341772151899,0.9521461394811453,2.10379746835443,1.913368240458201,32919.99999982305,3.1957654228257883,1292000.0,
0.7974683544303798,0.8937111778523388,1.9746835443037982,1.7959413087333294,32929.99999982363,3.5289362389199614,1293000.0,
0.8227848101265823,0.9521461394811456,2.10379746835443,1.9133682404582009,32939.99999982421,3.4919899233943945,1294000.0,
0.7974683544303798,0.9968316983737625,2.2025316455696204,2.0031653058948673,32949.999999824795,3.659515939256424,1295000.0,
0.8860759493670886,1.2099474407847046,2.6734177215189874,2.431428233362046,32959.99999982538,3.5346521117660212,1296000.0,
0.810126582278481,1.1377630764197082,2.5139240506329115,2.2863714353489697,32969.99999982596,3.7775481724810795,1297000.0,
0.810126582278481,1.151512479155898,2.5443037974683542,2.314001301637174,32979.99999982654,3.7951450914836,1298000.0,
0.8354430379746836,1.237446246257084,2.734177215189873,2.486687965938456,32989.99999982712,3.7836068705446433,1299000.0,
0.810126582278481,1.0140184517939999,2.2405063291139236,2.037702638755124,32999.999999827705,3.62667590145883,1300000.0,
0.8227848101265823,1.106826920263281,2.4455696202531643,2.2242042362005074,33009.99999982829,3.684294256960625,1301000.0,
0.8227848101265823,0.9899569970056675,2.187341772151899,1.9893503727507649,33019.99999982887,3.5428677348475617,1302000.0,
0.8354430379746836,1.1343257257356607,2.5063291139240507,2.279463968776918,33029.99999982945,3.662598974769141,1303000.0,
0.8354430379746836,1.086202816158996,2.4,2.1827594367682006,33039.99999983003,3.605603370881957,1304000.0,
0.8481012658227848,1.3130679613061285,2.9012658227848096,2.638652230523584,33049.999999830616,3.8198831185796256,1305000.0,
0.8734177215189873,1.082765465474949,2.3924050632911387,2.1758519701961494,33059.9999998312,3.4460619097706386,1306000.0,
0.8734177215189873,1.1549498298399457,2.5518987341772146,2.320908768209226,33069.99999983178,3.52928748636248,1307000.0,
0.8481012658227848,0.9899569970056677,2.1873417721518984,1.989350372750765,33079.99999983236,3.4406925785836644,1308000.0,
0.8860759493670886,1.258070350361369,2.7797468354430377,2.528132765370764,33089.999999832944,3.5963908240029743,1309000.0,
0.7848101265822784,0.9315220353768607,2.0582278481012657,1.871923441025893,33099.999999833526,3.6450006580070067,1310000.0,
0.8481012658227848,1.00026904905781,2.210126582278481,2.010072772466919,33109.99999983411,3.4546426101079364,1311000.0,
0.8734177215189873,1.1618245312080402,2.567088607594936,2.3347237013533286,33119.99999983469,3.540057071986989,1312000.0,
0.8227848101265823,0.9830822956375729,2.1721518987341764,1.9755354396066622,33129.99999983527,3.5412815593390405,1313000.0,
0.8607594936708861,1.1308883750516134,2.4987341772151894,2.272556502204867,33139.999999835854,3.557352671040429,1314000.0,
0.8734177215189873,0.9212099833247183,2.0354430379746833,1.8512010413097397,33149.99999983644,3.2663099809322724,1315000.0,
0.9240506329113924,1.2718197530975588,2.810126582278481,2.5557626316589688,33159.99999983702,3.4673090478956645,1316000.0,
0.8354430379746836,1.247758298309227,2.7569620253164553,2.5074103656546103,33169.9999998376,3.806859175274358,1317000.0,
0.8734177215189873,1.1102642709473287,2.453164556962024,2.231111702772559,33179.99999983818,3.484502571108986,1318000.0,
0.8607594936708861,1.1274510243675655,2.491139240506329,2.2656490356328156,33189.999999838765,3.5563004548047217,1319000.0,
0.8354430379746836,1.3097397108532185,2.156962025316455,1.8950140831458124,33199.99999983935,3.483639393166279,1320000.0,
0.7974683544303798,1.166775164950226,1.9215189873417726,1.688163954351727,33209.99999983993,3.8891275878215215,1321000.0,
0.8354430379746836,1.166775164950226,1.9215189873417715,1.688163954351727,33219.99999984051,3.7129551217084575,1322000.0,
0.8607594936708861,1.3235749894889917,2.179746835443038,1.9150318375452398,33229.99999984109,3.7865032966371035,1323000.0,
0.8734177215189873,1.1206575694976482,1.8455696202531644,1.621438106353635,33239.999999841675,3.499880405681293,1324000.0,
0.7341772151898734,0.9592459854136244,1.5797468354430377,1.387897638360313,33249.99999984226,3.944486773265063,1325000.0,
0.8354430379746836,1.2636221154006397,2.081012658227848,1.8282882351477199,33259.99999984284,3.8313022290659124,1326000.0,
0.8227848101265823,1.148328126769195,1.8911392405063288,1.6614736151524903,33269.99999984342,3.7507341848687443,1327000.0,
0.8481012658227848,1.2405633176743511,2.0430379746835445,1.7949253111486745,33279.999999844,3.74812391191012,1328000.0,
0.8481012658227848,1.171386924495484,1.9291139240506325,1.6948365391515363,33289.999999844586,3.6671547318932816,1329000.0,
0.8227848101265823,1.4065866613036322,2.316455696202531,2.0351383639418055,33299.99999984517,4.066463788379937,1330000.0,
0.8227848101265823,1.1483281267691945,1.8911392405063285,1.6614736151524903,33309.99999984575,3.7531957233304256,1331000.0,
0.810126582278481,1.3005161917627024,2.141772151898733,1.8816689135461937,33319.99999984633,4.0003215492338615,1332000.0,
0.7721518987341772,1.2128927604028041,1.997468354430379,1.754889802349819,33329.999999846914,4.084234886451434,1333000.0,
0.8125,1.0838787871242168,1.7849999999999997,1.5682242425751567,33339.999999847496,3.6933861995639328,1334000.0,
0.8625,1.2569350640600163,2.07,1.818612987187997,33349.99999984808,3.680501523572781,1335000.0,
0.7875,1.1795151506940005,1.9425000000000001,1.7065969698611998,33359.99999984866,3.9333493977340157,1336000.0,
0.7875,1.193177488346827,1.9649999999999999,1.7263645023306347,33369.99999984924,3.9513333185630386,1337000.0,
0.7875,1.2478268389581322,2.0549999999999997,1.8054346322083739,33379.999999849824,4.021364239974257,1338000.0,
0.8125,1.1704069255921166,1.9274999999999998,1.6934186148815769,33389.999999850406,3.8029592930630653,1339000.0,
0.775,1.161298700490232,1.9125,1.6802402599019532,33399.99999985099,3.9758660651766267,1340000.0,
0.8375,1.4891948041580627,2.4524999999999997,2.154661039168387,33409.99999985157,4.071274393050442,1341000.0,
0.875,1.307030302120379,2.1525,1.8910939395759243,33419.99999985215,3.689174631019532,1342000.0,
0.8375,1.1248658000826957,1.8524999999999998,1.6275268399834608,33429.999999852735,3.63744871654261,1343000.0,
0.825,1.1521904753883478,1.8974999999999997,1.6670619049223305,33439.99999985332,3.7262884550425666,1344000.0,
0.8875,1.3798961029354526,2.2725,1.9965207794129092,33449.9999998539,3.7210068765715505,1345000.0,
0.875,1.2387186138562478,2.04,1.7922562772287502,33459.99999985448,3.6133898444320867,1346000.0,
0.8125,1.1476363628374062,1.89,1.6604727274325186,33469.99999985506,3.779857061980631,1347000.0,
0.775,1.2205021636524793,2.0100000000000002,1.7658995672695041,33479.999999855645,4.057418920870149,1348000.0,
0.8625,1.2523809515090742,2.0624999999999996,1.812023809698185,33489.99999985623,3.683337335108394,1349000.0,
0.8125,1.0838787871242168,1.7849999999999997,1.5682242425751565,33499.99999985681,3.7032323534106593,1350000.0,
0.8625,1.193177488346827,1.9650000000000003,1.7263645023306347,33509.99999985739,3.6158550589783185,1351000.0,
0.85,1.2068398259996531,1.9875,1.7461320348000693,33519.99999985797,3.685690971790183,1352000.0,
0.775,1.2751515142637844,2.1,1.8449696971472431,33529.999999858555,4.131160018433311,1353000.0,
0.825,1.307030302120379,2.1525,1.8910939395759243,33539.99999985914,3.9200336995665936,1354000.0,
0.8,1.1795151506940007,1.9424999999999997,1.7065969698611998,33549.99999985972,3.8837658133951134,1355000.0,
0.825,1.407220778241105,2.3175,2.036055844351779,33559.9999998603,4.042688822137241,1356000.0,
0.8625,1.2387186138562478,2.04,1.7922562772287502,33569.999999860884,3.6721346247865454,1357000.0,
0.8,1.102095237327985,1.815,1.5945809525344028,33579.999999861466,3.7888659216877025,1358000.0,
0.775,1.1749610381430586,1.935,1.700007792371388,33589.99999986205,4.005752952471309,1359000.0,
0.75,1.0656623369204485,1.7549999999999997,1.5418675326159101,33599.99999986263,3.9942131159235785,1360000.0,
0.875,1.0565541118185642,1.7399999999999998,1.5286891776362872,33609.99999986321,3.413773270675233,1361000.0,
0.8625,1.3616796527316841,2.2424999999999997,1.9701640694536628,33619.999999863794,3.8175966988451915,1362000.0,
0.8625,1.3662337652826264,2.25,1.9767532469434745,33629.999999864376,3.8234565394839986,1363000.0,
0.8375,1.2933679644675529,2.13,1.8713264071064892,33639.99999986496,3.85118264416705,1364000.0,
0.8625,1.193177488346827,1.9649999999999999,1.7263645023306347,33649.99999986554,3.6239710010077766,1365000.0,
0.8375,1.2205021636524793,2.01,1.7658995672695041,33659.99999986612,3.7653727327461364,1366000.0,
0.9,1.3662337652826264,2.25,1.9767532469434748,33669.999999866704,3.666368072561184,1367000.0,
0.825,1.357125540180742,2.2350000000000003,1.9635748919638512,33679.99999986729,3.989240048731164,1368000.0,
0.8625,1.6212640681353832,2.67,2.345747186372923,33689.99999986787,4.1226221080091365,1369000.0,
0.8625,1.407220778241105,2.3175,2.036055844351779,33699.99999986845,3.8750356849433407,1370000.0,
0.775,1.1704069255921166,1.9274999999999998,1.6934186148815766,33709.99999986903,4.0076186136963505,1371000.0,
0.8,1.3343549774260317,2.1975,1.9306290045147936,33719.999999869615,4.08794059681077,1372000.0,
0.75,1.0838787871242168,1.7849999999999997,1.5682242425751565,33729.9999998702,4.02716838286244,1373000.0,
0.8125,1.102095237327985,1.815,1.5945809525344028,33739.99999987078,3.7404218305853885,1374000.0,
0.85,1.297922077018495,2.1375,1.8779155845963011,33749.99999987136,3.8063759729896085,1375000.0,
0.875,1.256935064060016,2.0699999999999994,1.8186129871879966,33759.99999987194,3.6513515018088194,1376000.0,
0.7875,1.0155670988600858,1.6724999999999999,1.4693865802279829,33769.999999872525,3.7511931414384962,1377000.0,
0.825,1.5210735920146572,2.505,2.2007852815970685,33779.99999987311,4.194025566105959,1378000.0,
0.775,1.1795151506940005,1.9424999999999997,1.7065969698611998,33789.99999987369,4.024532452537792,1379000.0,
0.85,1.0895971999594933,2.4074999999999998,2.189580560008101,33799.99999987427,4.0021972104414445,1380000.0,
0.875,1.3136265307922859,2.9025,2.6397746938415425,33809.99999987485,3.718998892360151,1381000.0,
0.85,1.0997803513609838,2.4299999999999997,2.210043929727803,33819.999999875436,3.5773857075104227,1382000.0,
0.8375,1.2016118653758894,2.655,2.414677626924822,33829.99999987602,3.7529664064463217,1383000.0,
0.8625,1.0929915837599897,2.415,2.196401683248002,33839.9999998766,3.5188279232265782,1384000.0,
0.825,1.0318926753510465,2.28,2.073621464929791,33849.99999987718,3.6053214246957683,1385000.0,
0.8375,0.991160069745084,2.19,1.9917679860509832,33859.999999877764,3.50347172509621,1386000.0,
0.85,1.1337241893659524,2.505,2.2782551621268095,33869.999999878346,3.620260811045851,1387000.0,
0.8,1.042075826752537,2.3024999999999998,2.0940848346494922,33879.99999987893,3.7325916584694836,1388000.0,
0.7875,1.0997803513609834,2.4299999999999997,2.210043929727803,33889.99999987951,3.8657496525511905,1389000.0,
0.85,1.014920756348562,2.2424999999999997,2.0395158487302876,33899.99999988009,3.4822567722019655,1390000.0,
0.9125,1.1235410379644617,2.4825,2.2577917924071076,33909.999999880674,3.3633299046439444,1391000.0,
0.8625,1.2627107737848329,2.79,2.537457845243033,33919.99999988126,3.7202414768788397,1392000.0,
0.825,1.0522589781540277,2.325,2.114548204369194,33929.99999988184,3.634856337184513,1393000.0,
0.9125,1.2525276223833426,2.7674999999999996,2.516994475523331,33939.99999988242,3.506328901267471,1394000.0,
0.8375,1.340781601196261,2.9625,2.6943436797607476,33949.999999883,3.926303404441212,1395000.0,
0.9125,1.238950087181355,2.7375,2.4897099825637286,33959.999999883585,3.4925453010461784,1396000.0,
0.8,0.9470330803386247,2.0925,1.903093383932275,33969.99999988417,3.619413225452421,1397000.0,
0.8875,1.065836513356015,2.3549999999999995,2.141832697328797,33979.99999988475,3.396996071413359,1398000.0,
0.875,1.2016118653758894,2.6550000000000002,2.414677626924822,33989.99999988533,3.6012678461705825,1399000.0,
0.8375,0.9436386965381278,2.085,1.896272260692374,33999.99999988591,3.455087995894361,1400000.0,
0.9,0.9538218479396186,2.1075,1.9167356304120762,34009.999999886495,3.227021497736719,1401000.0,
0.85,1.1506961083684366,2.5424999999999995,2.3123607783263127,34019.99999988708,3.6490513039904644,1402000.0,
0.8,0.9436386965381278,2.085,1.896272260692374,34029.99999988766,3.618920245702018,1403000.0,
0.825,1.0047376049470715,2.2199999999999998,2.0190524790105853,34039.99999988824,3.5839213393582874,1404000.0,
0.85,1.1133578865629712,2.46,2.2373284226874057,34049.99999988882,3.606888690101784,1405000.0,
0.825,0.9640049993411092,2.13,1.9371990001317783,34059.999999889405,3.5357606052905255,1406000.0,
0.8625,1.137118573166449,2.5125,2.28507628536671,34069.99999988999,3.583322983408756,1407000.0,
0.8,0.9300611613361405,2.0549999999999997,1.8689877677327718,34079.99999989057,3.605073326699716,1408000.0,
0.8625,1.2287669357798645,2.715,2.4692466128440267,34089.99999989115,3.690741374844668,1409000.0,
0.8625,1.09299158375999,2.415,2.1964016832480016,34099.999999891734,3.5339003869955716,1410000.0,
0.8,0.9402443127376312,2.0774999999999997,1.889451137452474,34109.999999892316,3.6196772659516885,1411000.0,
0.8375,1.0794140485580024,2.3850000000000002,2.169117190288399,34119.9999998929,3.624371998306568,1412000.0,
0.8125,0.9096948585331592,2.01,1.828061028293368,34129.99999989348,3.5276213643777683,1413000.0,
0.8625,0.960610615540612,2.1224999999999996,1.9303778768918776,34139.99999989406,3.38273404703121,1414000.0,
0.8625,1.2287669357798645,2.715,2.4692466128440267,34149.999999894644,3.6942196357144352,1415000.0,
0.8,1.1031747351614807,2.4375,2.216865052967704,34159.999999895226,3.8264652939816823,1416000.0,
0.875,1.011526372548065,2.235,2.0326947254903867,34169.99999989581,3.3943129972250965,1417000.0,
0.875,1.0556533619545243,2.3324999999999996,2.121369327609095,34179.99999989639,3.4453152708325114,1418000.0,
0.8875,1.0454702105530338,2.3099999999999996,2.1009059578893927,34189.99999989697,3.38587911050928,1419000.0,
0.8,1.0794140485580024,2.385,2.169117190288399,34199.999999897555,3.79926443572748,1420000.0,
0.875,1.035287059151543,2.2875,2.0804425881696913,34209.99999989814,3.423753781914918,1421000.0,
0.9,1.262710773784833,2.79,2.5374578452430328,34219.99999989872,3.581898082009859,1422000.0,
0.8375,0.9741881507425996,2.1525,1.9576623698514797,34229.9999998993,3.505296299422888,1423000.0,
0.7375,0.8961173233311719,1.9799999999999998,1.8007765353337652,34239.99999989988,3.8754099299732476,1424000.0,
0.875,1.1065691189619773,2.4450000000000003,2.223686176207605,34249.999999900465,3.5075047074126906,1425000.0,
0.8125,1.0284982915505498,2.2725,2.06680034168989,34259.99999990105,3.6818409742457914,1426000.0,
0.8875,1.2084006329768833,2.6700000000000004,2.428319873404624,34269.99999990163,3.5739697273251476,1427000.0,
0.8625,1.113357886562971,2.46,2.2373284226874057,34279.99999990221,3.567948274303983,1428000.0,
0.8375,1.1778511787724117,2.6025,2.3669297642455174,34289.99999990279,3.7520581239363047,1429000.0,
0.875,1.1099635027624744,2.4524999999999997,2.2305072994475053,34299.999999903375,3.5142411460419964,1430000.0,
0.8875,0.991160069745084,2.19,1.991767986050983,34309.99999990396,3.3314451490359276,1431000.0,
0.9125,1.1540904921689337,2.55,2.319181901566213,34319.99999990454,3.4192745119926182,1432000.0,
0.8,0.9572162317401155,2.1149999999999998,1.9235567536519766,34329.99999990512,3.654642164705594,1433000.0,
0.875,1.1778511787724113,2.6025,2.3669297642455174,34339.9999999057,3.5941127757677713,1434000.0,
0.875,0.964004999341109,2.13,1.937199000131778,34349.999999906286,3.3502885707034595,1435000.0,
0.8625,0.9029060909321653,1.9949999999999997,1.814418781813567,34359.99999990687,3.3285838735728843,1436000.0,
0.85,1.116752270363468,2.4675000000000002,2.244149545927306,34369.99999990745,3.629705612221111,1437000.0,
0.9125,1.2457388547823487,2.7525,2.50335222904353,34379.99999990803,3.5229987449938127,1438000.0,
0.8625,1.2491332385828455,2.76,2.5101733522834304,34389.999999908614,3.7317457838926145,1439000.0,
0.8125,1.3389090899769736,2.2049999999999996,1.9372181820046053,34399.999999909196,3.65285703061002,1440000.0,
0.85,1.2614891766109584,2.0774999999999997,1.8252021646778083,34409.99999990978,3.802337266630059,1441000.0,
0.7875,1.1157575749808115,1.8375,1.6143484850038377,34419.99999991036,3.9196889841338836,1442000.0,
0.85,1.1795151506940005,1.9425000000000001,1.7065969698611998,34429.99999991094,3.7070737067278254,1443000.0,
0.8875,1.3024761895694368,2.1450000000000005,1.8845047620861124,34439.999999911524,3.6895478192609774,1444000.0,
0.8375,1.1977316008977692,1.9725000000000001,1.7329536798204461,34449.99999991211,3.785348180205944,1445000.0,
0.8125,1.3480173150788581,2.2199999999999998,1.9503965369842284,34459.99999991269,4.087402849358273,1446000.0,
0.8375,1.2705974017128425,2.0925,1.8383805196574314,34469.99999991327,3.8735461513284895,1447000.0,
0.8625,1.193177488346827,1.9649999999999999,1.7263645023306347,34479.99999991385,3.672086943039563,1448000.0,
0.775,1.0519999992676223,1.7324999999999995,1.5221000001464755,34489.999999914435,3.905158063603158,1449000.0,
0.7875,1.3252467523241473,2.1825,1.9174506495351704,34499.99999991502,4.190786352189209,1450000.0,
0.875,1.3890043280373368,2.2875,2.0096991343925326,34509.9999999156,3.845144946356823,1451000.0,
0.8125,1.3343549774260315,2.1975,1.9306290045147936,34519.99999991618,4.074279972247316,1452000.0,
0.825,1.256935064060016,2.07,1.8186129871879966,34529.99999991676,3.9193121988908577,1453000.0,
0.875,1.302476189569437,2.145,1.8845047620861126,34539.999999917345,3.7479699309650374,1454000.0,
0.8,1.2341645013053058,2.0324999999999998,1.7856670997389386,34549.99999991793,4.014577501662883,1455000.0,
0.8,1.1294199126336377,1.8599999999999999,1.634116017473272,34559.99999991851,3.8842717658233337,1456000.0,
0.825,1.3389090899769738,2.205,1.9372181820046053,34569.99999991909,4.021098896972161,1457000.0,
0.9375,1.2569350640600163,2.07,1.8186129871879966,34579.99999991967,3.4516614016907776,1458000.0,
0.8,1.1658528130411743,1.92,1.686829437391765,34589.999999920256,3.9316878913328637,1459000.0,
0.8125,1.3662337652826264,2.25,1.9767532469434745,34599.99999992084,4.118438480378796,1460000.0,
0.7875,1.0747705620223327,1.77,1.5550458875955335,34609.99999992142,3.879705475615882,1461000.0,
0.875,1.4618701288524103,2.4074999999999998,2.1151259742295183,34619.999999922,3.934705861574416,1462000.0,
0.7625,1.0519999992676223,1.7325,1.5221000001464753,34629.999999922584,3.978357376121777,1463000.0,
0.8375,1.3389090899769738,2.2049999999999996,1.9372181820046053,34639.999999923166,3.965261600002669,1464000.0,
0.8,1.193177488346827,1.9649999999999999,1.7263645023306347,34649.99999992375,3.969593735465148,1465000.0,
0.7875,1.143082250286464,1.8824999999999998,1.6538835499427074,34659.99999992433,3.9696250797609958,1466000.0,
0.7375,1.097541124777043,1.8074999999999997,1.5879917750445913,34669.99999992491,4.177679491257481,1467000.0,
0.8125,1.1385281377355219,1.875,1.6472943724528952,34679.999999925494,3.8431084772441846,1468000.0,
0.7625,1.1203116875317536,1.8450000000000002,1.6209376624936493,34689.999999926076,4.07188090171431,1469000.0,
0.9125,1.2660432891619002,2.085,1.83179134216762,34699.99999992666,3.5627844265066706,1470000.0,
0.825,1.3798961029354524,2.2725,1.9965207794129092,34709.99999992724,4.079264973285961,1471000.0,
0.8375,1.3389090899769738,2.2049999999999996,1.9372181820046053,34719.99999992782,3.970037719405933,1472000.0,
0.8375,1.1248658000826957,1.8524999999999998,1.6275268399834608,34729.999999928405,3.7150606568456355,1473000.0,
0.9125,1.3434632025279158,2.2125,1.9438073594944172,34739.99999992899,3.649819948003802,1474000.0,
0.7625,1.2159480511015377,2.0025,1.7593103897796922,34749.99999992957,4.201240067051961,1475000.0,
0.8125,1.4390995660976995,2.37,2.0821800867804603,34759.99999993015,4.217965619844075,1476000.0,
0.725,1.1795151506940007,1.9424999999999997,1.7065969698611994,34769.99999993073,4.3696726216822634,1477000.0,
0.8375,1.0519999992676223,1.7325,1.5221000001464753,34779.999999931315,3.6310417902009458,1478000.0,
0.9625,1.3753419903845105,2.2649999999999997,1.989931601923098,34789.9999999319,3.4959371328937237,1479000.0,
0.8375,1.1704069255921166,1.9274999999999998,1.6934186148815769,34799.99999993248,3.7736172246183215,1480000.0,
0.8625,1.202285713448711,1.9799999999999998,1.7395428573102578,34809.99999993306,3.7017776388109773,1481000.0,
0.875,1.1476363628374062,1.89,1.6604727274325186,34819.99999993364,3.587010128986505,1482000.0,
0.8625,1.147636362837406,1.8900000000000001,1.6604727274325186,34829.999999934225,3.639575493174749,1483000.0,
0.8375,1.3115844146713211,2.1599999999999997,1.8976831170657356,34839.99999993481,3.944575420533929,1484000.0,
0.8375,1.3161385272222634,2.1674999999999995,1.9042722945555473,34849.99999993539,3.9506101817888206,1485000.0,
0.775,1.1476363628374062,1.89,1.6604727274325186,34859.99999993597,4.052430790791366,1486000.0,
0.7875,1.2205021636524793,2.01,1.7658995672695041,34869.999999936554,4.081269414194807,1487000.0,
0.8375,1.2113939385505954,1.9949999999999999,1.752721212289881,34879.999999937136,3.8273330609869323,1488000.0,
0.8,1.1567445879392904,1.905,1.673651082412142,34889.99999993772,3.9390526099565997,1489000.0,
0.9125,1.46187012885241,2.4074999999999998,2.1151259742295183,34899.9999999383,3.788348086442114,1490000.0,
0.8125,1.097541124777043,1.8074999999999999,1.5879917750445913,34909.99999993888,3.8068167689884196,1491000.0,
0.85,1.1521904753883478,1.8975000000000002,1.6670619049223305,34919.999999939464,3.703750559311088,1492000.0,
0.8625,1.033783549063854,1.7025,1.4957432901872292,34929.999999940046,3.5133693322782147,1493000.0,
0.8,1.188623375795885,1.9575,1.719775324840823,34939.99999994063,3.982026094777525,1494000.0,
0.75,0.9745800859016066,1.6049999999999998,1.4100839828196787,34949.99999994121,3.962770114570361,1495000.0,
0.7875,1.297922077018495,2.1375,1.8779155845963007,34959.99999994179,4.185294701009128,1496000.0,
0.85,1.557506492422194,2.565,2.2534987015155608,34969.999999942374,4.183534108762843,1497000.0,
0.7875,1.0656623369204485,1.7549999999999997,1.5418675326159101,34979.99999994296,3.8916315389799365,1498000.0,
0.8125,0.9427012980450122,1.5524999999999998,1.3639597403909973,34989.99999994354,3.6211677514723606,1499000.0,
0.8,0.8112577283187505,1.7925,1.6302484543362497,34999.99999994412,3.8605379996268363,1500000.0,
0.85,1.0997803513609836,2.4299999999999997,2.210043929727803,35009.9999999447,3.647385707514497,1501000.0,
0.8375,1.042075826752537,2.3024999999999998,2.0940848346494922,35019.999999945285,3.6335203901837674,1502000.0,
0.9,1.1608792597699271,2.565,2.3328241480460146,35029.99999994587,3.513751955329249,1503000.0,
0.9,1.1778511787724113,2.6025,2.3669297642455174,35039.99999994645,3.5331651986653747,1504000.0,
0.9125,1.2525276223833424,2.7674999999999996,2.516994475523331,35049.99999994703,3.5671508190792305,1505000.0,
0.8625,0.9843713021440902,2.175,1.9781257395711815,35059.99999994761,3.4636160025166083,1506000.0,
0.875,1.113357886562971,2.46,2.2373284226874057,35069.999999948195,3.5621204418165533,1507000.0,
0.8125,1.065836513356015,2.3549999999999995,2.141832697328797,35079.99999994878,3.778257247240071,1508000.0,
0.85,1.0454702105530338,2.3099999999999996,2.100905957889393,35089.99999994936,3.588197306564242,1509000.0,
0.7625,0.9232723937351468,2.04,1.8553455212529706,35099.99999994994,3.8403539590318,1510000.0,
0.8875,1.1744567949719147,2.5949999999999998,2.360108641005617,35109.99999995052,3.583047092956107,1511000.0,
0.825,0.964004999341109,2.13,1.9371990001317783,35119.999999951106,3.6000030295366883,1512000.0,
0.8,0.9436386965381279,2.085,1.896272260692374,35129.99999995169,3.6876702457060206,1513000.0,
0.8,0.964004999341109,2.13,1.9371990001317783,35139.99999995227,3.7137531242097825,1514000.0,
0.825,0.9979488373460779,2.2049999999999996,2.0054102325307843,35149.99999995285,3.642965257421605,1515000.0,
0.9,1.0895971999594931,2.4074999999999998,2.189580560008101,35159.999999953434,3.4417718888736317,1516000.0,
0.8375,0.9606106155406122,2.1224999999999996,1.9303778768918776,35169.999999954016,3.5452037200804978,1517000.0,
0.825,1.0760196647575053,2.3775,2.1622960670484987,35179.9999999546,3.739414745193138,1518000.0,
0.875,1.0997803513609836,2.4299999999999997,2.210043929727803,35189.99999995518,3.55346040158611,1519000.0,
0.8875,1.0251039077500528,2.2649999999999997,2.059979218449989,35199.99999995576,3.4198325721430365,1520000.0,
0.9,1.1948230977748957,2.6399999999999997,2.4010353804450206,35209.999999956344,3.561467330890908,1521000.0,
0.875,1.0692308971565119,2.3625,2.148653820568698,35219.999999956926,3.5202610253525277,1522000.0,
0.7625,1.035287059151543,2.2874999999999996,2.0804425881696913,35229.99999995751,3.9957830284308486,1523000.0,
0.925,1.2457388547823487,2.7525,2.50335222904353,35239.99999995809,3.5218771403344404,1524000.0,
0.8375,1.1235410379644617,2.4825,2.257791792407107,35249.99999995867,3.7445236274525366,1525000.0,
0.8625,1.1540904921689337,2.55,2.319181901566213,35259.999999959255,3.671986077908406,1526000.0,
0.7875,0.8757510205281906,1.935,1.7598497958943617,35269.99999995984,3.6688870102289353,1527000.0,
0.7625,0.7196093657053348,1.5899999999999999,1.4460781268589329,35279.99999996042,3.5850581845671607,1528000.0,
0.8625,1.188034330173902,2.6249999999999996,2.3873931339652197,35289.999999961,3.7130803828418033,1529000.0,
0.8125,1.0488645943535306,2.3175,2.1077270811292936,35299.99999996158,3.7709071930839553,1530000.0,
0.825,1.0386814429520401,2.2949999999999995,2.0872637114095918,35309.999999962165,3.7020350823990937,1531000.0,
0.85,1.1744567949719147,2.5949999999999998,2.360108641005617,35319.99999996275,3.7534756411754775,1532000.0,
0.9,1.0522589781540277,2.325,2.114548204369194,35329.99999996333,3.409729420201442,1533000.0,
0.7875,1.0692308971565119,2.3625,2.148653820568698,35339.99999996391,3.919020186900078,1534000.0,
0.775,0.9606106155406124,2.1224999999999996,1.9303778768918776,35349.99999996449,3.842720149119924,1535000.0,
0.775,0.8553847177252095,1.8899999999999995,1.7189230564549582,35359.999999965075,3.7075899583904093,1536000.0,
0.8125,1.0284982915505494,2.2725,2.06680034168989,35369.99999996566,3.7501486665574597,1537000.0,
0.9375,0.9741881507425998,2.1525,1.9576623698514797,35379.99999996624,3.19273136082135,1538000.0,
0.8875,1.1540904921689334,2.55,2.3191819015662127,35389.99999996682,3.575873794024088,1539000.0,
0.9,1.1337241893659522,2.505,2.278255162126809,35399.999999967404,3.5041352104371404,1540000.0,
0.85,1.1337241893659524,2.505,2.278255162126809,35409.999999967986,3.710849046345242,1541000.0,
0.8125,1.0760196647575058,2.3775,2.1622960670484987,35419.99999996857,3.811713433581585,1542000.0,
0.8125,1.1574848759694303,2.5575,2.3260030248061137,35429.99999996915,3.9125936935347596,1543000.0,
0.8625,1.0488645943535306,2.3175,2.1077270811292936,35439.99999996973,3.560419819572314,1544000.0,
0.8,0.9877656859445871,2.1825,1.9849468628110825,35449.999999970314,3.762828982465258,1545000.0,
0.8625,1.0115263725480652,2.235,2.032694725490387,35459.999999970896,3.5182885479138712,1546000.0,
0.9125,1.021709523949556,2.2575,2.053158095210089,35469.99999997148,3.337213176961352,1547000.0,
0.875,1.0284982915505494,2.2725,2.0668003416898904,35479.99999997206,3.4885666189465785,1548000.0,
0.875,1.1439073407674427,2.5275,2.2987185318465118,35489.99999997264,3.621034103765919,1549000.0,
0.8125,1.0895971999594931,2.4074999999999998,2.189580560008101,35499.999999973224,3.8333473230612407,1550000.0,
0.825,1.014920756348562,2.2424999999999997,2.039515848730287,35509.99999997381,3.685355462274371,1551000.0,
0.8375,1.1065691189619773,2.4449999999999994,2.2236861762076043,35519.99999997439,3.740378052525135,1552000.0,
0.8625,1.2117950167773803,2.6774999999999998,2.435140996644524,35529.99999997497,3.7545420484698346,1553000.0,
0.825,1.1099635027624744,2.4524999999999997,2.2305072994475053,35539.99999997555,3.802376973079219,1554000.0,
0.8375,0.8384127987227252,1.8524999999999998,1.6848174402554548,35549.999999976135,3.421982446269416,1555000.0,
0.85,1.1473017245679398,2.535,2.3055396550864122,35559.99999997672,3.7356461465833877,1556000.0,
0.8125,1.1201466541639649,2.475,2.2509706691672067,35569.9999999773,3.875254343620841,1557000.0,
0.8125,1.0047376049470715,2.2199999999999998,2.0190524790105853,35579.99999997788,3.7338278215077776,1558000.0,
0.9,1.1608792597699271,2.565,2.332824148046014,35589.99999997846,3.5448630664421708,1559000.0,
0.8,1.3935584405882788,2.2949999999999995,2.0162883118823443,35599.999999979045,3.83584867872512,1560000.0,
0.8375,1.3434632025279156,2.2125,1.9438073594944167,35609.99999997963,4.028609794096717,1561000.0,
0.8125,1.193177488346827,1.9649999999999999,1.7263645023306347,35619.99999998021,3.96821537030762,1562000.0,
0.7875,1.2296103887543637,2.0249999999999995,1.7790779222491273,35629.99999998079,4.141089382580962,1563000.0,
0.775,1.0110129863091433,1.6649999999999998,1.4627974027381712,35639.99999998137,3.9264651436610523,1564000.0,
0.8125,1.1886233757958848,1.9575,1.719775324840823,35649.999999981956,3.9644564625527217,1565000.0,
0.8125,1.1749610381430586,1.9349999999999998,1.700007792371388,35659.99999998254,3.948256662364664,1566000.0,
0.8,1.2523809515090742,2.0625,1.812023809698185,35669.99999998312,4.107348064421667,1567000.0,
0.8625,1.2705974017128425,2.0925,1.8383805196574314,35679.9999999837,3.8314143788302975,1568000.0,
0.8375,1.1294199126336377,1.8599999999999999,1.6341160174732725,35689.999999984284,3.7778118360142754,1569000.0,
0.75,1.3844502154863947,2.28,2.003109956902721,35699.999999984866,4.559263620686322,1570000.0,
0.8125,1.3890043280373365,2.2875,2.0096991343925326,35709.99999998545,4.214771480696262,1571000.0,
0.8625,1.3298008648750894,2.19,1.9240398270249819,35719.99999998603,3.902374915830139,1572000.0,
0.8375,1.1840692632449425,1.95,1.7131861473510113,35729.99999998661,3.845452851669703,1573000.0,
0.85,1.2751515142637846,2.1,1.8449696971472431,35739.999999987194,3.8966458991673507,1574000.0,
0.7625,1.0793246745732747,1.7774999999999999,1.5616350650853448,35749.99999998778,4.0876356388219905,1575000.0,
0.9,1.297922077018495,2.1375,1.8779155845963011,35759.99999998836,3.7065773078300186,1576000.0,
0.85,1.138528137735522,1.875,1.6472943724528952,35769.99999998894,3.7376772208989095,1577000.0,
0.8125,1.2842597393656685,2.1149999999999998,1.8581480521268658,35779.99999998952,4.090162756177536,1578000.0,
0.9,1.3525714276298,2.2275,1.95698571447404,35789.999999990105,3.7689654751760093,1579000.0,
0.8125,1.143082250286464,1.8824999999999998,1.653883549942707,35799.99999999069,3.9176366157724334,1580000.0,
0.775,1.2842597393656685,2.1149999999999998,1.8581480521268663,35809.99999999127,4.290009341153982,1581000.0,
0.85,1.284259739365669,2.1149999999999998,1.8581480521268658,35819.99999999185,3.912067340463959,1582000.0,
0.775,1.2660432891619005,2.085,1.83179134216762,35829.99999999243,4.267794566697582,1583000.0,
0.825,0.9563636356978386,1.5749999999999997,1.3837272728604322,35839.999999993015,3.6343771342140525,1584000.0,
0.8125,1.3798961029354524,2.2725,1.9965207794129092,35849.9999999936,4.212176742109829,1585000.0,
0.85,1.1112034624298694,1.8299999999999996,1.607759307514026,35859.99999999418,3.7108246617160967,1586000.0,
0.8,1.1430822502864642,1.8824999999999996,1.6538835499427074,35869.99999999476,3.9832246878941326,1587000.0,
0.8,1.4709783539542942,2.4225,2.128304329209141,35879.99999999534,4.3937198174789565,1588000.0,
0.8375,1.3298008648750896,2.19,1.9240398270249819,35889.999999995925,4.0290129730196895,1589000.0,
0.8375,1.297922077018495,2.1375,1.8779155845963011,35899.99999999651,3.9915457636387157,1590000.0,
0.825,1.1476363628374062,1.89,1.6604727274325186,35909.99999999709,3.8704652883228663,1591000.0,
0.7875,1.1840692632449425,1.95,1.7131861473510113,35919.99999999767,4.101672080347847,1592000.0,
0.8125,1.297922077018495,2.1375,1.8779155845963011,35929.999999998254,4.116208710212321,1593000.0,
0.8,1.3206926397732055,2.175,1.9108614720453587,35939.999999998836,4.2096126747528135,1594000.0,
0.8625,1.1886233757958848,1.9575,1.719775324840823,35949.99999999942,3.7520242038550258,1595000.0,
0.7875,1.3206926397732053,2.175,1.9108614720453587,35960.0,4.27770176482833,1596000.0,
0.775,1.1704069255921166,1.9274999999999998,1.6934186148815769,35970.00000000058,4.153425065317742,1597000.0,
0.7875,1.143082250286464,1.8824999999999998,1.6538835499427074,35980.000000001164,4.053434603575398,1598000.0,
0.8375,1.2705974017128423,2.0925,1.8383805196574314,35990.000000001746,3.9642924199904876,1599000.0,
0.9,1.3844502154863947,2.2800000000000002,2.0031099569027213,36000.00000000233,3.816053017239572,1600000.0,
0.8888888888888888,1.367358237517427,2.2518518518518515,1.9783802043483667,36010.00000000291,3.8166085727951593,1601000.0,
0.8765432098765432,1.4258307937270536,2.3481481481481485,2.0629819894027377,36020.00000000349,3.9376351309046984,1602000.0,
0.8395061728395061,1.3943455711526391,2.2962962962962963,2.017427182065768,36030.000000004075,4.074438106848653,1603000.0,
0.8888888888888888,1.376354015395831,2.266666666666666,1.9913958635875006,36040.00000000466,3.8283954895751284,1604000.0,
0.7654320987654321,1.2234257914629607,2.0148148148148146,1.7701296565222224,36050.00000000524,4.246730469529824,1605000.0,
0.8271604938271605,1.2504131250981732,2.059259259259259,1.809176634239625,36060.00000000582,3.9630337781388603,1606000.0,
0.8888888888888888,1.376354015395831,2.2666666666666666,1.9913958635875004,36070.0000000064,3.8300621562418917,1607000.0,
0.8148148148148148,1.2774004587333856,2.1037037037037036,1.8482236119570263,36080.000000006985,4.057412684238795,1608000.0,
0.8518518518518519,1.304387792368598,2.1481481481481484,1.8872705896744288,36090.00000000757,3.913263930206014,1609000.0,
0.9259259259259259,1.2998899034293956,2.140740740740741,1.8807627600548618,36100.00000000815,3.5958784290685593,1610000.0,
0.7901234567901234,1.2729025697941836,2.096296296296296,1.8417157823374597,36110.00000000873,4.18038918993269,1611000.0,
0.8641975308641975,1.2279236804021627,2.022222222222222,1.7766374861417897,36120.00000000931,3.7705945444991538,1612000.0,
0.8518518518518519,1.3403709038822142,2.2074074074074073,1.9393332266309649,36130.000000009895,3.957823814736627,1613000.0,
0.8271604938271605,1.2549110140373754,2.066666666666667,1.8156844638591916,36140.00000001048,3.973247643871606,1614000.0,
0.8518518518518519,1.1874426799493443,1.9555555555555557,1.7180670195656866,36150.00000001106,3.779458798235789,1615000.0,
0.8765432098765432,1.1874426799493445,1.9555555555555557,1.7180670195656866,36160.00000001164,3.673558550398194,1616000.0,
0.8148148148148148,1.2684046808549814,2.0888888888888886,1.8352079527178924,36170.00000001222,4.0518269568428895,1617000.0,
0.7901234567901234,1.245915236158971,2.051851851851852,1.8026688046200576,36180.000000012806,4.150608345800878,1618000.0,
0.8271604938271605,1.2908941255509916,2.1259259259259258,1.8677471008157274,36190.00000001339,4.01973468913451,1619000.0,
0.8271604938271605,1.035915648744228,2.2888888888888888,2.0817057591400427,36200.00000001397,4.139962123308546,1620000.0,
0.8888888888888888,1.0124483039506693,2.237037037037037,2.034547376246903,36210.00000001455,3.4284460086443156,1621000.0,
0.8765432098765432,0.9420462695699936,2.0814814814814815,1.8930722275674827,36220.000000015134,3.3969795470078634,1622000.0,
0.8271604938271605,1.2001870622991377,2.6518518518518515,2.411814439392024,36230.000000015716,3.9124619708749457,1623000.0,
0.7654320987654321,0.8749967130169691,1.933333333333333,1.7583339907299396,36240.0000000163,3.803782802528516,1624000.0,
0.7777777777777778,0.9621611365359009,2.1259259259259258,1.9334936986187454,36250.00000001688,3.8561087628857744,1625000.0,
0.8518518518518519,0.9822760035018083,2.1703703703703705,1.9739151696700086,36260.00000001746,3.5449877722615164,1626000.0,
0.8888888888888888,1.1934821066438355,2.637037037037037,2.39834061570827,36270.000000018044,3.6354423700076546,1627000.0,
0.8888888888888888,1.230359362747999,2.718518518518518,2.472446645968918,36280.00000001863,3.677484838680426,1628000.0,
0.8641975308641975,1.146547417056718,2.533333333333333,2.3040238499219896,36290.00000001921,3.686144868342847,1629000.0,
0.9135802469135802,1.143194939229067,2.5259259259259257,2.2972869380801124,36300.00000001979,3.483764730810296,1630000.0,
0.8518518518518519,1.099612727469601,2.4296296296296296,2.2097070841357094,36310.00000002037,3.685629433731123,1631000.0,
0.8271604938271605,1.0023908704677158,2.2148148148148143,2.0143366407212717,36320.000000020955,3.6787083658253295,1632000.0,
0.8888888888888888,0.9319888360870398,2.0592592592592593,1.8728614920418514,36330.00000002154,3.3445957739647874,1633000.0,
0.8518518518518519,1.0426206043995303,2.303703703703704,2.0951795828237976,36340.00000002212,3.620464767518533,1634000.0,
0.9135802469135802,1.1633098061949745,2.5703703703703704,2.3377084091313756,36350.0000000227,3.5084850581650273,1635000.0,
0.8518518518518519,1.0929077718142988,2.4148148148148145,2.196233260451955,36360.00000002328,3.6806569495562265,1636000.0,
0.8518518518518519,0.9085214912934814,2.0074074074074075,1.8257031091487108,36370.000000023865,3.464783199959359,1637000.0,
0.8148148148148148,1.1029652052972523,2.4370370370370367,2.2164439959775866,36380.00000002445,3.8615148732045994,1638000.0,
0.7777777777777778,0.888406624327574,1.962962962962963,1.7852816380974483,36390.00000002503,3.7701704217930456,1639000.0,
0.8765432098765432,1.0459730822271813,2.311111111111111,2.1019164946656748,36400.00000002561,3.5256847839835554,1640000.0,
0.9135802469135802,1.2270068849203473,2.711111111111111,2.4657097341270418,36410.00000002619,3.581450779472719,1641000.0,
0.9012345679012346,0.9956859148124131,2.1999999999999997,2.0008628170375173,36420.000000026776,3.3743884808526143,1642000.0,
0.8518518518518519,1.1398424614014155,2.5185185185185186,2.2905500262382352,36430.00000002736,3.7398121648688756,1643000.0,
0.9012345679012346,1.2236544070926965,2.7037037037037037,2.458972822285164,36440.00000002794,3.6284357120129926,1644000.0,
0.9012345679012346,1.1096701609525548,2.4518518518518513,2.229917819661341,36450.00000002852,3.5025079868438262,1645000.0,
0.8888888888888888,1.2236544070926962,2.7037037037037033,2.4589728222851646,36460.000000029104,3.6799417635687934,1646000.0,
0.7407407407407407,0.918578924776435,2.0296296296296292,1.8459138446743426,36470.000000029686,4.004744881822305,1647000.0,
0.8024691358024691,1.0124483039506693,2.2370370370370365,2.034547376246903,36480.00000003027,3.814278655730055,1648000.0,
0.8395061728395061,0.9588086587082497,2.1185185185185187,1.9267567867768685,36490.00000003085,3.5826956082032346,1649000.0,
0.8148148148148148,1.0258582152612743,2.2666666666666666,2.0614950236144116,36500.00000003143,3.774156294524504,1650000.0,
0.8765432098765432,1.0828503383313448,2.3925925925925924,2.1760225249263234,36510.000000032014,3.5739532029196517,1651000.0,
0.8395061728395061,1.173367239677928,2.592592592592592,2.357919144657007,36520.000000032596,3.8400374472995717,1652000.0,
0.9259259259259259,1.203539540126789,2.659259259259259,2.4185513512339005,36530.00000003318,3.5147533700364124,1653000.0,
0.8024691358024691,0.8548818460510617,1.8888888888888886,1.7179125196786766,36540.00000003376,3.6216189158861436,1654000.0,
0.8518518518518519,1.0359156487442278,2.2888888888888888,2.081705759140043,36550.00000003434,3.6247676456630162,1655000.0,
0.8148148148148148,1.0158007817783206,2.244444444444444,2.0412842880887805,36560.000000034925,3.765449444341091,1656000.0,
0.8148148148148148,0.9018165356381789,1.9925925925925922,1.8122292854649564,36570.00000003551,3.626165748320649,1657000.0,
0.8888888888888888,1.1666622840226257,2.5777777777777775,2.3444453209732528,36580.00000003609,3.622492291782019,1658000.0,
0.8395061728395061,1.0292106930889253,2.274074074074074,2.068231935456289,36590.00000003667,3.672439207980558,1659000.0,
0.8148148148148148,1.0895552939866473,2.4074074074074074,2.189496348610078,36600.00000003725,3.858390588112057,1660000.0,
0.8024691358024691,1.06944042702074,2.3629629629629627,2.1490748775588147,36610.000000037835,3.893299609094763,1661000.0,
0.8148148148148148,1.005743348295367,2.2222222222222223,2.0210735525631485,36620.00000003842,3.7567425941576773,1662000.0,
0.8518518518518519,1.0962602496419498,2.422222222222222,2.202970172293832,36630.000000039,3.7002446409200322,1663000.0,
0.7901234567901234,0.9152264469487839,2.022222222222222,1.8391769328324652,36640.00000003958,3.760830346958408,1664000.0,
0.8395061728395061,1.0426206043995303,2.303703703703704,2.095179582823797,36650.00000004016,3.691942190571337,1665000.0,
0.8148148148148148,1.0023908704677158,2.214814814814815,2.014336640721272,36660.000000040745,3.7550524319753977,1666000.0,
0.7901234567901234,0.9822760035018083,2.1703703703703696,1.9739151696700086,36670.00000004133,3.847564941970939,1667000.0,
0.8518518518518519,1.2068920179544402,2.6666666666666665,2.425288263075778,36680.00000004191,3.833015267489936,1668000.0,
0.8148148148148148,0.874996713016969,1.9333333333333333,1.7583339907299393,36690.00000004249,3.600523238740496,1669000.0,
0.8888888888888888,1.099612727469601,2.4296296296296296,2.209707084135709,36700.000000043074,3.5537282073269205,1670000.0,
0.8024691358024691,1.102965205297252,2.4370370370370362,2.216443995977586,36710.000000043656,3.9412304866396974,1671000.0,
0.7777777777777778,1.0023908704677156,2.2148148148148143,2.0143366407212713,36720.00000004424,3.9376739763554,1672000.0,
0.7777777777777778,1.022505737433623,2.259259259259259,2.0547581117725344,36730.00000004482,3.9641708688036674,1673000.0,
0.8518518518518519,1.0325631709165768,2.2814814814814817,2.074968847298166,36740.0000000454,3.63184662096743,1674000.0,
0.7654320987654321,0.8884066243275741,1.962962962962963,1.7852816380974477,36750.000000045984,3.854205428597512,1675000.0,
0.8148148148148148,1.06944042702074,2.3629629629629627,2.1490748775588147,36760.000000046566,3.843401130169614,1676000.0,
0.8271604938271605,1.0962602496419498,2.422222222222222,2.2029701722938317,36770.00000004715,3.8190579137838037,1677000.0,
0.8641975308641975,1.1364899835737645,2.5111111111111106,2.2838131143963585,36780.00000004773,3.7025069810284874,1678000.0,
0.8641975308641975,1.1130226387802062,2.4592592592592593,2.2366547315032177,36790.00000004831,3.6759233391959754,1679000.0,
0.8641975308641975,1.2908941255509918,2.1259259259259258,1.8677471008157274,36800.000000048894,3.501926458027598,1680000.0,
0.8148148148148148,1.1874426799493445,1.9555555555555557,1.7180670195656864,36810.00000004948,3.991252379976108,1681000.0,
0.8641975308641975,1.362860348578225,2.2444444444444445,1.9718723747287992,36820.00000005006,3.966735546248068,1682000.0,
0.8518518518518519,1.4258307937270533,2.348148148148148,2.0629819894027377,36830.00000005064,4.098726004266989,1683000.0,
0.8271604938271605,1.3223793481254063,2.177777777777778,1.9133019081526967,36840.00000005122,4.096604883592404,1684000.0,
0.8271604938271605,1.097484901165303,1.8074074074074071,1.5879104271743467,36850.000000051805,3.825314582043658,1685000.0,
0.8271604938271605,1.1964384578277485,1.9703703703703703,1.7310826788048208,36860.00000005239,3.945542016217694,1686000.0,
0.9135802469135802,1.389847682213437,2.2888888888888888,2.0109193524462015,36870.00000005297,3.7845603008355218,1687000.0,
0.8518518518518519,1.151459568435728,1.896296296296296,1.6660043826091506,36880.00000005355,3.779536594867195,1688000.0,
0.8148148148148148,1.1289701237397176,1.8592592592592592,1.6334652345113154,36890.00000005413,3.9243390912948772,1689000.0,
0.8024691358024691,1.2189279025237587,2.0074074074074075,1.7636218269026562,36900.000000054715,4.097430155491872,1690000.0,
0.7654320987654321,1.0615017896516865,1.748148148148148,1.535847790217811,36910.0000000553,4.0906684671667115,1691000.0,
0.8641975308641975,1.1514595684357278,1.8962962962962961,1.6660043826091508,36920.00000005588,3.7278289292263684,1692000.0,
0.8641975308641975,1.223425791462961,2.014814814814814,1.7701296565222229,36930.00000005646,3.8116755587293434,1693000.0,
0.8148148148148148,0.9940334555636556,1.637037037037037,1.438230345924306,36940.00000005704,3.7617653015638273,1694000.0,
0.7901234567901234,1.2594089029765774,2.074074074074074,1.8221922934787587,36950.000000057626,4.215811267869713,1695000.0,
0.8395061728395061,1.385349793274235,2.2814814814814808,2.004411522826634,36960.00000005821,4.1184284302613845,1696000.0,
0.9135802469135802,1.304387792368598,2.1481481481481484,1.8872705896744284,36970.00000005879,3.696421772762431,1697000.0,
0.8518518518518519,1.2953920144901938,2.1333333333333333,1.8742549304352947,36980.00000005937,3.9542978721198763,1698000.0,
0.8148148148148148,1.2189279025237587,2.0074074074074075,1.7636218269026558,36990.000000059954,4.040802425863524,1699000.0,
0.7901234567901234,1.0839912343476965,1.7851851851851852,1.568386938315646,37000.000000060536,3.9969232810114668,1700000.0,
0.8765432098765432,1.2459152361589712,2.051851851851852,1.8026688046200576,37010.00000006112,3.7881540018514004,1701000.0,
0.8395061728395061,1.2549110140373751,2.066666666666667,1.8156844638591916,37020.0000000617,3.9665822373470956,1702000.0,
0.8395061728395061,1.1964384578277485,1.9703703703703703,1.7310826788048208,37030.00000006228,3.897519339509192,1703000.0,
0.7654320987654321,1.1919405688885463,1.962962962962963,1.7245748491852533,37040.000000062864,4.269467517460517,1704000.0,
0.8518518518518519,1.380851904335033,2.2740740740740737,1.9979036932070673,37050.000000063446,4.058678322517678,1705000.0,
0.8395061728395061,1.398843460091841,2.3037037037037034,2.023935011685335,37060.00000006403,4.140384121617993,1706000.0,
0.8641975308641975,1.3988434600918411,2.303703703703704,2.023935011685335,37070.00000006461,4.0226588610003695,1707000.0,
0.8024691358024691,1.2324215693413652,2.0296296296296297,1.7831453157613566,37080.00000006519,4.125322263372918,1708000.0,
0.8518518518518519,1.3358730149430122,2.1999999999999993,1.932825397011397,37090.000000065775,4.008195858159064,1709000.0,
0.8641975308641975,1.4393244605446598,2.3703703703703702,2.0825054782614387,37100.00000006636,4.071215447238732,1710000.0,
0.9012345679012346,1.362860348578225,2.244444444444444,1.9718723747287996,37110.00000006694,3.819609427910031,1711000.0,
0.8765432098765432,1.4258307937270536,2.3481481481481477,2.0629819894027377,37120.00000006752,3.999606961894221,1712000.0,
0.9259259259259259,1.3673582375174267,2.251851851851852,1.9783802043483663,37130.0000000681,3.723677563220164,1713000.0,
0.8518518518518519,1.322379348125406,2.1777777777777776,1.9133019081526965,37140.000000068685,3.9952540174023325,1714000.0,
0.8148148148148148,1.299889903429396,2.140740740740741,1.8807627600548613,37150.00000006927,4.1498618512179775,1715000.0,
0.8641975308641975,1.2594089029765771,2.074074074074074,1.8221922934787587,37160.00000006985,3.866456016338721,1716000.0,
0.7777777777777778,1.0300165670772723,1.6962962962962964,1.4902929828808416,37170.00000007043,4.001764157712207,1717000.0,
0.8271604938271605,1.0659996785908887,1.7555555555555553,1.5423556198373778,37180.00000007101,3.8069518502757362,1718000.0,
0.9135802469135802,1.3583624596390227,2.237037037037037,1.9653645451092325,37190.000000071595,3.7673940436942637,1719000.0,
0.8395061728395061,1.2998899034293958,2.140740740740741,1.8807627600548613,37200.00000007218,4.0307482673587955,1720000.0,
0.8641975308641975,1.4258307937270533,2.348148148148148,2.0629819894027377,37210.00000007276,4.061887061350153,1721000.0,
0.8395061728395061,1.2459152361589712,2.051851851851852,1.8026688046200576,37220.00000007334,3.9676313842867397,1722000.0,
0.8518518518518519,1.4888012388758824,2.4518518518518513,2.1540916040766755,37230.000000073924,4.195836236979282,1723000.0,
0.8518518518518519,1.2818983476725876,2.111111111111111,1.8547314415765936,37240.000000074506,3.9535299444073324,1724000.0,
0.8148148148148148,1.3358730149430125,2.1999999999999997,1.9328253970113976,37250.00000007509,4.200083548682009,1725000.0,
0.9135802469135802,1.3088856813078,2.1555555555555554,1.8937784192939957,37260.00000007567,3.7170208133589564,1726000.0,
0.8765432098765432,1.2998899034293958,2.1407407407407404,1.8807627600548613,37270.00000007625,3.8643786222593572,1727000.0,
0.8641975308641975,1.2144300135845567,1.9999999999999996,1.7571139972830885,37280.000000076834,3.8212661586140677,1728000.0,
0.8148148148148148,1.3718561264566294,2.259259259259259,1.9848880339679336,37290.000000077416,4.246668882509469,1729000.0,
0.8641975308641975,1.448320238423064,2.385185185185185,2.0955211375005725,37300.000000078,4.093053418784407,1730000.0,
0.8641975308641975,1.313383570247002,2.162962962962963,1.9002862489135628,37310.00000007858,3.937483845609283,1731000.0,
0.9135802469135802,1.2863962366117898,2.1185185185185187,1.8612392711961607,37320.00000007916,3.695647232002701,1732000.0,
0.8395061728395061,1.1649532352533343,1.9185185185185183,1.6855278714678517,37330.000000079744,3.8776619420318723,1733000.0,
0.8888888888888888,1.4393244605446598,2.3703703703703702,2.0825054782614387,37340.00000008033,3.971459462593987,1734000.0,
0.8395061728395061,1.1829447910101423,1.948148148148148,1.7115591899461198,37350.00000008091,3.9002695305069626,1735000.0,
0.8271604938271605,1.1244722348005156,1.8518518518518519,1.6269574048917488,37360.00000008149,3.888388821216359,1736000.0,
0.8641975308641975,1.2054342357061525,1.9851851851851854,1.7440983380439543,37370.00000008207,3.8159996156407843,1737000.0,
0.8888888888888888,1.3313751260038102,2.1925925925925926,1.9263175673918302,37380.000000082655,3.852238683457882,1738000.0,
0.8518518518518519,1.1964384578277485,1.9703703703703703,1.7310826788048208,37390.00000008324,3.861903117198679,1739000.0,
0.8518518518518519,1.066087949193089,2.355555555555555,2.1423379657169375,37400.00000008382,4.137049613023628,1740000.0,
0.8888888888888888,1.2236544070926962,2.7037037037037037,2.458972822285164,37410.0000000844,3.7327195413496432,1741000.0,
0.8271604938271605,1.099612727469601,2.4296296296296296,2.209707084135709,37420.00000008498,3.8619168795179983,1742000.0,
0.8024691358024691,1.1364899835737647,2.511111111111111,2.283813114396358,37430.000000085565,4.0273152103407,1743000.0,
0.8641975308641975,1.0392681265718788,2.2962962962962963,2.0884426709819204,37440.00000008615,3.6277216893570725,1744000.0,
0.7654320987654321,0.8548818460510617,1.8888888888888886,1.7179125196786769,37450.00000008673,3.855568218271148,1745000.0,
0.8148148148148148,1.039268126571879,2.2962962962962963,2.0884426709819204,37460.00000008731,3.84879573113636,1746000.0,
0.8395061728395061,1.1968345844714867,2.6444444444444444,2.405077527550147,37470.00000008789,3.9238735491892687,1747000.0,
0.8395061728395061,0.9889809591571107,2.185185185185185,1.987388993353763,37480.000000088476,3.6768714366824735,1748000.0,
0.8765432098765432,1.0962602496419498,2.422222222222222,2.202970172293832,37490.00000008906,3.6444631017420064,1749000.0,
0.8518518518518519,1.0526780378824838,2.325925925925926,2.115390318349429,37500.00000008964,3.699517696683595,1750000.0,
0.8148148148148148,0.9856284813294596,2.1777777777777776,1.980652081511886,37510.00000009022,3.7859955604602336,1751000.0,
0.8765432098765432,1.0426206043995303,2.303703703703704,2.095179582823797,37520.000000090804,3.584958717733147,1752000.0,
0.8395061728395061,1.0493255600548326,2.318518518518519,2.108653406507552,37530.000000091386,3.7516936818696363,1753000.0,
0.8765432098765432,0.9722185700188545,2.1481481481481484,1.9537044341443768,37540.00000009197,3.505767664425681,1754000.0,
0.7777777777777778,0.8817016686722716,1.9481481481481482,1.7718078144136937,37550.00000009255,3.835200558177024,1755000.0,
0.8024691358024691,0.9219314026040862,2.037037037037037,1.8526507565162196,37560.00000009313,3.7679422094404895,1756000.0,
0.8765432098765432,1.2605316631968597,2.785185185185185,2.533078852545813,37570.000000093714,3.8363783763612505,1757000.0,
0.8765432098765432,0.9856284813294595,2.1777777777777776,1.980652081511886,37580.0000000943,3.5233198167660804,1758000.0,
0.8518518518518519,1.1163751166078573,2.4666666666666663,2.243391643345095,37590.00000009488,3.7795099195354243,1759000.0,
0.8518518518518519,1.005743348295367,2.2222222222222223,2.0210735525631485,37600.00000009546,3.6502175538352875,1760000.0,
0.8395061728395061,1.3041138749563255,2.8814814814814813,2.620658706490216,37610.00000009604,4.059897409914336,1761000.0,
0.7777777777777778,1.025858215261274,2.2666666666666666,2.0614950236144116,37620.000000096625,4.024989133950444,1762000.0,
0.8271604938271605,0.8817016686722717,1.948148148148148,1.771807814413694,37630.00000009721,3.6110094800771817,1763000.0,
0.8765432098765432,1.0493255600548328,2.318518518518518,2.108653406507552,37640.00000009779,3.5993685967205757,1764000.0,
0.8024691358024691,0.9219314026040861,2.037037037037037,1.85265075651622,37650.00000009837,3.773480670979273,1765000.0,
0.8148148148148148,1.09626024964195,2.4222222222222216,2.2029701722938317,37660.00000009895,3.930861821571547,1766000.0,
0.8765432098765432,1.1532523727120207,2.548148148148148,2.317497673605744,37670.000000099535,3.719623129470424,1767000.0,
0.8765432098765432,0.9286363582593886,2.0518518518518523,1.8661245801999744,37680.00000010012,3.463934436925905,1768000.0,
0.7777777777777778,0.8314145012575034,1.8370370370370372,1.670754136785536,37690.0000001007,3.779434517533157,1769000.0,
0.8518518518518519,0.9521037030529471,2.1037037037037036,1.913282963093114,37700.00000010128,3.5930463760872775,1770000.0,
0.8765432098765432,0.948751225225296,2.096296296296296,1.9065460512512367,37710.00000010186,3.488572524591334,1771000.0,
0.7407407407407407,0.9990383926400644,2.2074074074074073,2.0075997288793945,37720.000000102445,4.1966984967763885,1772000.0,
0.8765432098765432,1.143194939229067,2.525925925925926,2.2972869380801124,37730.00000010303,3.7115294377506314,1773000.0,
0.8148148148148148,1.0158007817783206,2.2444444444444445,2.04128428808878,37740.00000010361,3.8369645958604046,1774000.0,
0.8148148148148148,1.0090958261230183,2.2296296296296294,2.0278104644050257,37750.00000010419,3.829341847253175,1775000.0,
0.8888888888888888,1.3644584758540477,3.0148148148148146,2.741923119644005,37760.000000104774,3.91056856315174,1776000.0,
0.8148148148148148,1.0191532596059718,2.2518518518518515,2.0480211999306572,37770.000000105356,3.8428971822853555,1777000.0,
0.7654320987654321,1.0158007817783206,2.244444444444444,2.04128428808878,37780.00000010594,4.087091343980581,1778000.0,
0.8518518518518519,1.116375116607857,2.4666666666666663,2.243391643345095,37790.00000010652,3.791104122434649,1779000.0,
0.8148148148148148,1.0493255600548328,2.3185185185185184,2.108653406507552,37800.0000001071,3.8817450055636087,1780000.0,
0.7777777777777778,0.9353413139146912,2.0666666666666664,1.8795984038837283,37810.000000107684,3.920673752854747,1781000.0,
0.8395061728395061,1.126432550090811,2.488888888888889,2.2636023788707265,37820.000000108266,3.8606005376487804,1782000.0,
0.8518518518518519,1.139842461401416,2.5185185185185186,2.2905500262382352,37830.00000010885,3.8209715851634547,1783000.0,
0.8148148148148148,1.304113874956326,2.8814814814814813,2.620658706490216,37840.00000010943,4.19686399809437,1784000.0,
0.8641975308641975,1.2001870622991377,2.651851851851852,2.4118144393920242,37850.00000011001,3.8373564578428363,1785000.0,
0.8024691358024691,1.2437692740586037,2.748148148148148,2.499394293336427,37860.000000110595,4.187463249254117,1786000.0,
0.7160493827160493,0.9588086587082498,2.1185185185185182,1.9267567867768685,37870.00000011118,4.295574161347263,1787000.0,
0.8148148148148148,1.116375116607857,2.4666666666666663,2.243391643345095,37880.00000011176,3.9688815825456327,1788000.0,
0.7777777777777778,0.9286363582593886,2.051851851851852,1.866124580199974,37890.00000011234,3.9171324606633036,1789000.0,
0.8148148148148148,0.8984640578105276,1.985185185185185,1.8054923736230795,37900.00000011292,3.7026574043247384,1790000.0,
0.9012345679012346,1.1029652052972523,2.437037037037037,2.216443995977586,37910.000000113505,3.575068241532325,1791000.0,
0.8888888888888888,1.0862028161589965,2.4,2.1827594367682006,37920.00000011409,3.606419834884213,1792000.0,
0.8518518518518519,0.9688660921912036,2.140740740740741,1.9469675223025003,37930.00000011467,3.626057296670645,1793000.0,
0.8518518518518519,1.1666622840226257,2.5777777777777775,2.3444453209732523,37940.00000011525,3.8588325363568403,1794000.0,
0.8888888888888888,1.082850338331345,2.3925925925925924,2.1760225249263234,37950.00000011583,3.604314963994869,1795000.0,
0.8641975308641975,1.2739415745074647,2.814814814814815,2.5600264999133215,37960.000000116415,3.9289866791128376,1796000.0,
0.8641975308641975,1.0426206043995303,2.3037037037037034,2.0951795828237976,37970.000000117,3.661886699416546,1797000.0,
0.7530864197530864,0.7945372451533398,1.7555555555555553,1.5966481065248876,37980.00000011758,3.873398637052772,1798000.0,
0.8271604938271605,1.1666622840226255,2.5777777777777775,2.3444453209732523,37990.00000011816,3.9770066419199046,1799000.0,
0.7777777777777778,1.088489123286899,1.7925925925925925,1.5748947679352128,38000.00000011874,3.7732550854035325,1800000.0,
0.9135802469135802,1.466311794179872,2.414814814814815,2.121552455978841,38010.000000119326,3.9298791260996655,1801000.0,
0.8888888888888888,1.3538645706998205,2.2296296296296294,1.9588567154896657,38020.00000011991,3.9130948642985195,1802000.0,
0.8271604938271605,1.4348265716054578,2.3629629629629627,2.0759976486418714,38030.00000012049,4.303593317953021,1803000.0,
0.8518518518518519,1.2549110140373754,2.066666666666667,1.8156844638591916,38040.00000012107,3.96822597304116,1804000.0,
0.7901234567901234,1.2324215693413652,2.02962962962963,1.7831453157613568,38050.000000121654,4.250405423741649,1805000.0,
0.8024691358024691,1.1469616794965258,1.8888888888888888,1.6594965529895835,38060.000000122236,4.07913378526209,1806000.0,
0.8888888888888888,1.5067927946326907,2.4814814814814814,2.180122922554943,38070.00000012282,4.087916894000937,1807000.0,
0.8395061728395061,1.380851904335033,2.274074074074074,1.9979036932070673,38080.0000001234,4.1789530037347,1808000.0,
0.8395061728395061,1.021020789198868,1.6814814814814814,1.4772773236417076,38090.00000012398,3.7509188812931256,1809000.0,
0.7654320987654321,1.1199743458613132,1.8444444444444446,1.6204495752721817,38100.000000124564,4.243834226090208,1810000.0,
0.8518518518518519,1.2504131250981732,2.059259259259259,1.8091766342396243,38110.00000012515,3.9670038135620427,1811000.0,
0.8024691358024691,1.2144300135845565,2.0,1.7571139972830885,38120.00000012573,4.166902016972005,1812000.0,
0.7654320987654321,1.2144300135845567,2.0,1.7571139972830885,38130.00000012631,4.369171469406172,1813000.0,
0.8641975308641975,1.223425791462961,2.0148148148148146,1.7701296565222229,38140.00000012689,3.880818415876224,1814000.0,
0.691358024691358,1.070497567530091,1.7629629629629628,1.5488634494569449,38150.000000127475,4.6305375530852775,1815000.0,
0.7654320987654321,1.2684046808549816,2.0888888888888886,1.8352079527178926,38160.00000012806,4.441622244388613,1816000.0,
0.7901234567901234,1.2594089029765774,2.074074074074074,1.8221922934787587,38170.00000012864,4.29206126787415,1817000.0,
0.7777777777777778,1.173949013131738,1.9333333333333333,1.698543530706986,38180.00000012922,4.250947143912952,1818000.0,
0.8271604938271605,1.3313751260038102,2.1925925925925926,1.9263175673918305,38190.0000001298,4.188077391181435,1819000.0,
0.8271604938271605,1.3538645706998207,2.2296296296296294,1.9588567154896657,38200.000000130385,4.215863137754258,1820000.0,
0.8024691358024691,1.187442679949344,1.9555555555555557,1.7180670195656864,38210.00000013097,4.138810108903831,1821000.0,
0.8518518518518519,1.1829447910101423,1.948148148148148,1.7115591899461198,38220.00000013155,3.8941786677489283,1822000.0,
0.7407407407407407,1.0120250113204639,1.6666666666666663,1.4642616644025737,38230.00000013213,4.248230431996906,1823000.0,
0.8271604938271605,1.17844690207094,1.9407407407407407,1.7050513603265522,38240.00000013271,4.006179090606049,1824000.0,
0.7901234567901234,1.2549110140373751,2.0666666666666664,1.8156844638591916,38250.000000133296,4.291368627185764,1825000.0,
0.8024691358024691,1.2459152361589712,2.051851851851852,1.8026688046200576,38260.00000013388,4.214752832796007,1826000.0,
0.8518518518518519,1.0120250113204639,1.6666666666666667,1.4642616644025737,38270.00000013446,3.6964322597075903,1827000.0,
0.8641975308641975,1.241417347219769,2.0444444444444447,1.796160975000491,38280.00000013504,3.9096372161095676,1828000.0,
0.8518518518518519,1.3088856813078,2.1555555555555554,1.8937784192939955,38290.000000135624,4.046080292591342,1829000.0,
0.7901234567901234,1.0390123449556763,1.711111111111111,1.503308642119976,38300.000000136206,4.021246874129421,1830000.0,
0.9259259259259259,1.1469616794965258,1.8888888888888886,1.6594965529895835,38310.00000013679,3.5485826138945877,1831000.0,
0.8271604938271605,1.2549110140373751,2.0666666666666664,1.8156844638591916,38320.00000013737,4.1033968976105255,1832000.0,
0.8271604938271605,1.3088856813078003,2.1555555555555554,1.8937784192939955,38330.00000013795,4.169246868489731,1833000.0,
0.8024691358024691,1.2998899034293958,2.140740740740741,1.8807627600548618,38340.000000138534,4.286936648933285,1834000.0,
0.7777777777777778,1.164953235253334,1.9185185185185183,1.6855278714678517,38350.000000139116,4.2501747945778545,1835000.0,
0.8765432098765432,1.3448687928214165,2.2148148148148143,1.9458410562505313,38360.0000001397,3.977101017203124,1836000.0,
0.8518518518518519,1.3133835702470018,2.162962962962963,1.9002862489135623,38370.00000014028,4.055998104244878,1837000.0,
0.7901234567901234,1.2639067919157794,2.081481481481481,1.8287001230983255,38380.00000014086,4.310878908563591,1838000.0,
0.8765432098765432,1.2908941255509918,2.1259259259259253,1.8677471008157278,38390.000000141445,3.9172144249651324,1839000.0,
0.7654320987654321,1.083991234347697,1.7851851851851852,1.5683869383156455,38400.00000014203,4.216178870726772,1840000.0,
0.9382716049382716,1.4348265716054576,2.362962962962963,2.0759976486418714,38410.00000014261,3.813957267143958,1841000.0,
0.8518518518518519,1.3673582375174267,2.2518518518518515,1.9783802043483663,38420.00000014319,4.122258220895835,1842000.0,
0.8271604938271605,1.0570039007124845,1.7407407407407405,1.5293399605982438,38430.00000014377,3.870703223292755,1843000.0,
0.8518518518518519,1.3538645706998207,2.22962962962963,1.9588567154896652,38440.000000144355,4.10757724970422,1844000.0,
0.7901234567901234,1.3538645706998205,2.2296296296296294,1.9588567154896657,38450.00000014494,4.429106722337399,1845000.0,
0.8518518518518519,1.2639067919157794,2.0814814814814815,1.8287001230983255,38460.00000014552,4.003134060117225,1846000.0,
0.8024691358024691,1.3313751260038102,2.192592592592592,1.9263175673918305,38470.0000001461,4.334172080141867,1847000.0,
0.7777777777777778,1.2459152361589712,2.051851851851852,1.8026688046200576,38480.00000014668,4.362522763996694,1848000.0,
0.8271604938271605,1.358362459639023,2.237037037037037,1.9653645451092325,38490.000000147265,4.23861431692057,1849000.0,
0.8148148148148148,1.097484901165303,1.8074074074074071,1.5879104271743467,38500.00000014785,3.983273893898625,1850000.0,
0.8765432098765432,1.3178814591862043,2.1703703703703705,1.9067940785331294,38510.00000014843,3.9547633548873877,1851000.0,
0.7901234567901234,1.2863962366117896,2.1185185185185182,1.8612392711961607,38520.00000014901,4.348092112007489,1852000.0,
0.8518518518518519,1.2144300135845565,2.0,1.7571139972830887,38530.000000149594,3.9491105956996493,1853000.0,
0.9259259259259259,1.3493666817606187,2.222222222222222,1.9523488858700986,38540.000000150176,3.7794466830071882,1854000.0,
0.8024691358024691,1.2009363467669505,1.9777777777777772,1.7375905084243874,38550.00000015076,4.176548370631605,1855000.0,
0.8148148148148148,1.1514595684357278,1.896296296296296,1.6660043826091506,38560.00000015134,4.053151894639812,1856000.0,
0.9012345679012346,1.4977970167542867,2.4666666666666663,2.1671072633158097,38570.00000015192,4.049333676164839,1857000.0,
0.8641975308641975,1.2234257914629607,2.0148148148148146,1.7701296565222229,38580.000000152504,3.9059612730205444,1858000.0,
0.8395061728395061,1.2953920144901938,2.1333333333333333,1.8742549304352945,38590.000000153086,4.1071551937742115,1859000.0,
0.8148148148148148,0.9923334369847622,2.192592592592592,1.99412590519564,38600.00000015367,4.27638159407957,1860000.0,
0.8888888888888888,1.1934821066438355,2.6370370370370364,2.39834061570827,38610.00000015425,3.765442370015222,1861000.0,
0.7777777777777778,1.1633098061949743,2.57037037037037,2.337708409131375,38620.00000015483,4.265204671503818,1862000.0,
0.9012345679012346,1.1532523727120207,2.5481481481481483,2.317497673605744,38630.000000155414,3.670318386200324,1863000.0,
0.8148148148148148,0.945398747397645,2.0888888888888886,1.8998091394093597,38640.000000156,3.8051075536691137,1864000.0,
0.8395061728395061,1.0359156487442278,2.2888888888888888,2.081705759140043,38650.00000015658,3.801602463988781,1865000.0,
0.8148148148148148,0.9252838804317376,2.0444444444444443,1.859387668358097,38660.00000015716,3.7816332472413285,1866000.0,
0.7682926829268293,1.162369477048194,2.568292682926829,2.3358187875171903,38670.00000015774,4.285620589220812,1867000.0,
0.8292682926829268,1.1060723798692216,2.4439024390243897,2.2226879630505456,38680.000000158325,3.903201987532909,1868000.0,
0.8414634146341463,1.0464636887385452,2.3121951219512193,2.10290238420351,38690.00000015891,3.7763742388336907,1869000.0,
0.8414634146341463,1.0663332524487705,2.3560975609756096,2.142830910485855,38700.00000015949,3.8005670536777596,1870000.0,
0.8780487804878049,1.1126955677726302,2.458536585365853,2.235997471811327,38710.00000016007,3.6955671744489482,1871000.0,
0.7804878048780488,0.8808839911533323,1.9463414634146337,1.7701646651839675,38720.00000016065,3.8611294887116276,1872000.0,
0.8536585365853658,1.1424999133379685,2.5243902439024386,2.2958902612348453,38730.000000161235,3.837211327095524,1873000.0,
0.8292682926829268,1.0497752826902491,2.3195121951219506,2.1095571385839014,38740.00000016182,3.8388437232878827,1874000.0,
0.9024390243902439,1.1656810709998986,2.575609756097561,2.342473541897581,38750.0000001624,3.6565628084455346,1875000.0,
0.8780487804878049,1.149123101241377,2.539024390243902,2.309199769995627,38760.00000016298,3.7398318653440707,1876000.0,
0.8292682926829268,1.0729564403521794,2.370731707317073,2.1561404192466376,38770.00000016356,3.8685621781156065,1877000.0,
0.8170731707317073,1.086202816158996,2.4,2.1827594367682006,38780.000000164146,3.943110909373471,1878000.0,
0.8292682926829268,1.0464636887385455,2.3121951219512193,2.10290238420351,38790.00000016473,3.8377915070521755,1879000.0,
0.8536585365853658,0.9239347125254876,2.041463414634146,1.8566764721290487,38800.00000016531,3.585177806143993,1880000.0,
0.8414634146341463,1.2418477318890964,2.74390243902439,2.4955328926465707,38810.00000016589,4.01552629011446,1881000.0,
0.8536585365853658,1.082891222207292,2.3926829268292678,2.17610468238781,38820.000000166474,3.7725268603427446,1882000.0,
0.9024390243902439,1.0232825310766154,2.260975609756098,2.056319103540775,38830.000000167056,3.5030941560983653,1883000.0,
0.8536585365853658,0.9835434036561643,2.173170731707317,1.9764620509760842,38840.00000016764,3.657290844325776,1884000.0,
0.9024390243902439,1.1391883193862642,2.5170731707317073,2.289235506854454,38850.00000016822,3.632611380982092,1885000.0,
0.8414634146341463,0.9173115246220791,2.026829268292683,1.8433669633682672,38860.0000001688,3.632744130753826,1886000.0,
0.8414634146341463,1.2087317923720535,2.670731707317073,2.4289853488426627,38870.000000169384,3.979649376485714,1887000.0,
0.8780487804878049,1.1160071617243343,2.4658536585365853,2.2426522261917183,38880.00000016997,3.70878315645005,1888000.0,
0.7804878048780488,0.8974419609118535,1.9829268292682927,1.803438437085922,38890.00000017055,3.8929693874653513,1889000.0,
0.7926829268292683,1.0961375980141093,2.421951219512195,2.202723699909373,38900.00000017113,4.08435512369492,1890000.0,
0.7439024390243902,0.9007535548635578,1.9902439024390246,1.810093191466313,38910.00000017171,4.090190024620113,1891000.0,
0.8048780487804879,1.0895144101107002,2.4073170731707316,2.1894141911485914,38920.000000172295,4.015454267152952,1892000.0,
0.8658536585365854,1.1093839738209261,2.451219512195122,2.2293427174309364,38930.00000017288,3.756187124737123,1893000.0,
0.8170731707317073,0.9901665915595727,2.18780487804878,1.989771559736866,38940.00000017346,3.835126276282196,1894000.0,
0.8048780487804879,1.0663332524487705,2.3560975609756096,2.142830910485855,38950.00000017404,3.9884716167246013,1895000.0,
0.8658536585365854,1.1524346951930813,2.546341463414634,2.3158545243760176,38960.00000017462,3.8075978170261897,1896000.0,
0.8536585365853658,1.1391883193862644,2.517073170731707,2.289235506854454,38970.000000175205,3.847046317038611,1897000.0,
0.8780487804878049,1.2683404835027305,2.8024390243902437,2.5487709276896973,38980.00000017579,3.8878294395868798,1898000.0,
0.8658536585365854,1.0928260040624045,2.414634146341463,2.196068945528982,38990.00000017637,3.7404441174105774,1899000.0,
0.8780487804878049,1.1822390407584198,2.612195121951219,2.3757473137995353,39000.00000017695,3.790880574239258,1900000.0,
0.8414634146341463,0.9636738399459386,2.1292682926829265,1.936533524693739,39010.00000017753,3.696537027226165,1901000.0,
0.7804878048780488,1.043152094786841,2.3048780487804876,2.09624762982312,39020.000000178115,4.087785496493153,1902000.0,
0.8780487804878049,1.1259419435794473,2.4878048780487805,2.2626164893328906,39030.0000001787,3.7284311024521912,1903000.0,
0.9024390243902439,1.175615852855011,2.597560975609756,2.362437805038754,39040.00000017928,3.683247296448058,1904000.0,
0.8414634146341463,0.9603622459942343,2.1219512195121943,1.9298787703133482,39050.00000017986,3.694920350356159,1905000.0,
0.8780487804878049,1.15905788309649,2.560975609756097,2.3291640331368,39060.000000180444,3.7678131446800314,1906000.0,
0.8048780487804879,1.0398405008351366,2.2975609756097564,2.0895928754427286,39070.000000181026,3.962829107144449,1907000.0,
0.7804878048780488,0.8841955851050367,1.9536585365853658,1.7768194195643585,39080.00000018161,3.887872468463559,1908000.0,
0.8780487804878049,1.1921738226135323,2.6341463414634143,2.395711576940708,39090.00000018219,3.807195186907871,1909000.0,
0.8414634146341463,0.8577028334914025,1.8951219512195119,1.7235813845212316,39100.00000018277,3.575817860135571,1910000.0,
0.9024390243902439,1.1656810709998984,2.575609756097561,2.342473541897581,39110.000000183354,3.676022267906127,1911000.0,
0.8170731707317073,1.2584057016476176,2.7804878048780486,2.5288066645485245,39120.000000183936,4.174165187136846,1912000.0,
0.8170731707317073,1.122630349627743,2.4804878048780483,2.2559617349525,39130.00000018452,4.008589383172258,1913000.0,
0.8414634146341463,1.1491231012413772,2.5390243902439025,2.309199769995627,39140.0000001851,3.924462236302342,1914000.0,
0.8902439024390244,1.0100361552697983,2.231707317073171,2.0297000860192114,39150.00000018568,3.5537365032218426,1915000.0,
0.7926829268292683,1.0630216584970664,2.3487804878048775,2.1361761561054644,39160.000000186265,4.05857809230512,1916000.0,
0.7195121951219512,0.9305579004288962,2.0560975609756103,1.86998598088983,39170.00000018685,4.2878906413261895,1917000.0,
0.7926829268292683,0.9868549976078685,2.1804878048780485,1.983116805356475,39180.00000018743,3.9637216893372806,1918000.0,
0.8414634146341463,1.0001013734146855,2.209756097560976,2.009735822878038,39190.00000018801,3.7502625017838342,1919000.0,
0.7926829268292683,1.4617590529365334,2.4073170731707316,2.114965262583425,39200.00000018859,4.094461255879387,1920000.0,
0.8292682926829268,1.3684552836001591,2.2536585365853656,1.9799674798653344,39210.000000189175,4.25078137144556,1921000.0,
0.8048780487804879,1.212949001372868,1.9975609756097559,1.7549711753351827,39220.00000018976,4.186994213873675,1922000.0,
0.8536585365853658,1.2307211479131297,2.0268292682926825,1.7806850387100572,39230.00000019034,3.9691276304566614,1923000.0,
0.8658536585365854,1.4928603093819917,2.4585365853658536,2.1599645234894553,39240.00000019092,4.216540075667821,1924000.0,
0.9024390243902439,1.42621475985601,2.348780487804878,2.063537535833676,39250.0000001915,3.972289328530907,1925000.0,
0.8048780487804879,1.2618224043585882,2.0780487804878045,1.8256842996160874,39260.000000192085,4.250139956977287,1926000.0,
0.7682926829268293,1.1596325617520828,1.909756097560975,1.677829585210559,39270.00000019267,4.320153493123329,1927000.0,
0.8780487804878049,1.3906704667754866,2.290243902439024,2.012109809083927,39280.00000019325,4.043816364981822,1928000.0,
0.8658536585365854,1.27959455089885,2.1073170731707314,1.8513981629909615,39290.00000019383,3.9730500447437933,1929000.0,
0.7926829268292683,1.3728983202352245,2.260975609756098,1.986395945709053,39300.00000019441,4.458114804036836,1930000.0,
0.8170731707317073,1.2040629281027375,1.982926829268293,1.742114243647745,39310.000000194996,4.118999404590041,1931000.0,
0.8292682926829268,1.1463034518468866,1.8878048780487806,1.6585441876794034,39320.00000019558,3.9893629860964013,1932000.0,
0.8292682926829268,1.1551895251170174,1.9024390243902438,1.67140111936684,39330.00000019616,4.0006667803339475,1933000.0,
0.7560975609756098,1.1862907815624755,1.9536585365853658,1.7164003802728711,39340.00000019674,4.429607162761907,1934000.0,
0.8658536585365854,1.3640122469650935,2.2463414634146344,1.9735390140216156,39350.000000197324,4.073926820482469,1935000.0,
0.7682926829268293,1.1907338181975409,1.960975609756097,1.7228288461165895,39360.000000197906,4.3663487792907665,1936000.0,
0.8658536585365854,1.417328686585879,2.3341463414634145,2.0506806041462387,39370.00000019849,4.136630314129075,1937000.0,
0.8414634146341463,1.3062527707092426,2.151219512195122,1.8899689580532737,39380.00000019907,4.125109089873659,1938000.0,
0.8170731707317073,1.399556540045617,2.3048780487804876,2.024966740771364,39390.00000019965,4.3630363624905595,1939000.0,
0.7926829268292683,1.1862907815624755,1.9536585365853658,1.7164003802728705,39400.000000200234,4.228856062942342,1940000.0,
0.7804878048780488,0.8886073270130902,1.4634146341463412,1.2856931687437234,39410.00000020082,3.914150012784453,1941000.0,
0.8902439024390244,1.4795311994767952,2.4365853658536585,2.1406791259582993,39420.0000002014,4.095909018633303,1942000.0,
0.8414634146341463,1.3862274301404207,2.2829268292682925,2.0056813432402083,39430.00000020198,4.223049989487691,1943000.0,
0.8048780487804879,1.1951768548326065,1.9682926829268292,1.7292573119603079,39440.00000020256,4.178247001506247,1944000.0,
0.8414634146341463,1.4039995766806825,2.3121951219512193,2.0313952066150835,39450.000000203145,4.245329931752998,1945000.0,
0.8292682926829268,1.2573793677235225,2.070731707317073,1.8192558337723683,39460.00000020373,4.131542767006942,1946000.0,
0.7682926829268293,1.0307844993351845,1.697560975609756,1.4914040757427192,39470.00000020431,4.165144903946518,1947000.0,
0.7804878048780488,1.0085693161598575,1.6609756097560975,1.4592617465241262,39480.00000020489,4.072226311379003,1948000.0,
0.8658536585365854,1.4173286865858787,2.3341463414634145,2.050680604146239,39490.00000020547,4.143390877509749,1949000.0,
0.8292682926829268,1.199619891467672,1.975609756097561,1.7356857778040264,39500.000000206055,4.064244575051495,1950000.0,
0.8658536585365854,1.4395438697612062,2.370731707317073,2.082822933364832,39510.00000020664,4.1701746101911805,1951000.0,
0.9146341463414634,1.2085059647378027,1.9902439024390246,1.7485427094914636,39520.00000020722,3.6956971881554272,1952000.0,
0.8292682926829268,1.141860415211821,1.880487804878049,1.6521157218356848,39530.0000002078,3.9963581478018946,1953000.0,
0.8902439024390244,1.3062527707092426,2.1512195121951216,1.8899689580532733,39540.00000020838,3.9078428383742425,1954000.0,
0.8780487804878049,1.2440502578183263,2.0487804878048776,1.799970436241213,39550.000000208966,3.891832238114819,1955000.0,
0.8292682926829268,1.239607221183261,2.041463414634146,1.7935419703974937,39560.00000020955,4.115994002061675,1956000.0,
0.8536585365853658,1.4173286865858787,2.3341463414634145,2.050680604146239,39570.00000021013,4.207153604331585,1957000.0,
0.7804878048780488,1.141860415211821,1.8804878048780487,1.6521157218356843,39580.00000021071,4.249255532039696,1958000.0,
0.7560975609756098,1.2218350746429991,2.012195121951219,1.7678281070226196,39590.000000211294,4.492746389095152,1959000.0,
0.8902439024390244,1.3462401004248317,2.217073170731707,1.9478251506467408,39600.000000211876,3.9560477840823562,1960000.0,
0.8536585365853658,1.2529363310884571,2.063414634146341,1.81282736792865,39610.00000021246,4.016865416463308,1961000.0,
0.7682926829268293,1.141860415211821,1.8804878048780487,1.6521157218356841,39620.00000021304,4.319243715088092,1962000.0,
0.8048780487804879,1.1907338181975409,1.9609756097560977,1.7228288461165895,39630.00000021362,4.184242016596684,1963000.0,
0.7682926829268293,1.0529996825105121,1.7341463414634144,1.523546404961312,39640.000000214204,4.20485355506424,1964000.0,
0.8292682926829268,1.2262781112780647,2.019512195121951,1.7742565728663382,39650.000000214786,4.105214781293952,1965000.0,
0.7804878048780488,1.1507464884819523,1.8951219512195119,1.6649726535231217,39660.00000021537,4.265640813417342,1966000.0,
0.7926829268292683,1.1240882686715592,1.851219512195122,1.6264018584608102,39670.00000021595,4.1670005851424605,1967000.0,
0.8536585365853658,1.270708477628719,2.0926829268292684,1.8385412313035243,39680.00000021653,4.04168421669642,1968000.0,
0.926829268292683,1.2529363310884574,2.0634146341463415,1.81282736792865,39690.000000217115,3.7039549888480297,1969000.0,
0.7804878048780488,1.204062928102737,1.982926829268293,1.7421142436477455,39700.0000002177,4.3364525016816176,1970000.0,
0.7926829268292683,1.1285313053066246,1.8585365853658533,1.6328303243045286,39710.00000021828,4.175067185205302,1971000.0,
0.8780487804878049,1.27959455089885,2.1073170731707314,1.851398162990962,39720.00000021886,3.9417576830126313,1972000.0,
0.8292682926829268,1.1374173785767556,1.873170731707317,1.6456872559919662,39730.00000021944,4.002765074213236,1973000.0,
0.8292682926829268,1.0574427191455775,1.7414634146341466,1.5299748708050307,39740.000000220025,3.90691327901685,1974000.0,
0.8658536585365854,1.32846795388457,2.18780487804878,1.9221112872718669,39750.00000022061,4.055410876362613,1975000.0,
0.7926829268292683,1.2085059647378027,1.9902439024390242,1.7485427094914636,39760.00000022119,4.279035217103274,1976000.0,
0.8414634146341463,1.359569210330028,2.239024390243902,1.9671105481778968,39770.00000022177,4.211079351453299,1977000.0,
0.8658536585365854,1.3018097340741772,2.1439024390243904,1.8835404922095547,39780.00000022235,4.026312650666201,1978000.0,
0.7926829268292683,1.110759158766363,1.8292682926829265,1.6071164609296542,39790.000000222935,4.157570015724027,1979000.0,
0.8048780487804879,0.8908187730084454,1.9682926829268292,1.7901289283251403,39800.00000022352,4.200065183325698,1980000.0,
0.8414634146341463,1.0630216584970666,2.348780487804878,2.1361761561054644,39810.0000002241,3.8609793623186106,1981000.0,
0.8536585365853658,1.010036155269798,2.231707317073171,2.029700086019211,39820.00000022468,3.744325210505006,1982000.0,
0.8048780487804879,1.0795796282555874,2.385365853658536,2.1694499280074186,39830.000000225264,4.05826256848769,1983000.0,
0.8414634146341463,1.096137598014109,2.4219512195121946,2.202723699909373,39840.000000225846,3.902073667252009,1984000.0,
0.8292682926829268,1.1524346951930815,2.5463414634146337,2.3158545243760176,39850.00000022643,4.027933014839216,1985000.0,
0.8658536585365854,1.1358767254345603,2.5097560975609756,2.2825807524740633,39860.00000022701,3.839178753364371,1986000.0,
0.8292682926829268,1.092826004062405,2.4146341463414633,2.196068945528982,39870.00000022759,3.957228416711115,1987000.0,
0.8536585365853658,0.993478185511277,2.1951219512195124,1.9964263141172567,39880.000000228174,3.7283573030737953,1988000.0,
0.8170731707317073,0.9537390580908258,2.1073170731707314,1.9165692615525665,39890.000000228756,3.8472597427864335,1989000.0,
0.8414634146341463,0.9007535548635578,1.9902439024390242,1.810093191466313,39900.00000022934,3.673356398580542,1990000.0,
0.8414634146341463,1.056398470593658,2.3341463414634145,2.122866647344683,39910.00000022992,3.8589054288685207,1991000.0,
0.8780487804878049,1.0365289068834325,2.290243902439024,2.082938121062338,39920.0000002305,3.6760440328846076,1992000.0,
0.8658536585365854,1.096137598014109,2.421951219512195,2.2027236999093733,39930.000000231084,3.7972265216959102,1993000.0,
0.8414634146341463,1.0795796282555876,2.3853658536585365,2.1694499280074186,39940.00000023167,3.888193181452365,1994000.0,
0.8536585365853658,0.9272463064771919,2.0487804878048785,1.8633312265094397,39950.00000023225,3.6547713876341,1995000.0,
0.8902439024390244,1.1689926649516025,2.5829268292682923,2.349128296277972,39960.00000023283,3.7766739524560413,1996000.0,
0.7804878048780488,0.9471158701874176,2.0926829268292684,1.9032597527917847,39970.00000023341,4.0241140837285965,1997000.0,
0.7804878048780488,0.9802318097044599,2.1658536585365855,1.9698072965956932,39980.000000233995,4.067168881234844,1998000.0,
0.9024390243902439,1.1888622286618282,2.626829268292683,2.3890568225603173,39990.00000023458,3.7492770642369804,1999000.0,
0.8536585365853658,1.1623694770481943,2.5682926829268293,2.3358187875171903,40000.00000023516,3.933058530303155,2000000.0,
0.9024390243902439,1.1954854165652369,2.6414634146341465,2.402366331321099,40010.00000023574,3.757697353535415,2001000.0,
0.8170731707317073,1.1424999133379687,2.524390243902439,2.2958902612348444,40020.00000023632,4.086041685029658,2002000.0,
0.8780487804878049,1.2848984532612515,2.8390243902439027,2.5820446995916515,40030.000000236905,3.965020460704147,2003000.0,
0.8536585365853658,0.9669854338976428,2.136585365853658,1.9431882790741295,40040.00000023749,3.7064657940412133,2004000.0,
0.8902439024390244,1.2451593258408005,2.7512195121951217,2.5021876470269615,40050.00000023807,3.867162530441455,2005000.0,
0.8292682926829268,1.0464636887385455,2.3121951219512193,2.10290238420351,40060.00000023865,3.912497389409465,2006000.0,
0.8536585365853658,1.15905788309649,2.560975609756097,2.329164033136799,40070.00000023923,3.933179234531391,2007000.0,
0.8414634146341463,1.029905718980024,2.2756097560975608,2.0696286123015564,40080.000000239816,3.8372763617340517,2008000.0,
0.7926829268292683,0.9305579004288962,2.05609756097561,1.86998598088983,40090.0000002404,3.948700735976298,2009000.0,
0.8048780487804879,1.0232825310766154,2.2609756097560973,2.0563191035407744,40100.00000024098,4.00468132653901,2010000.0,
0.8414634146341463,0.9835434036561643,2.1731707317073172,1.9764620509760842,40110.00000024156,3.7839182478710147,2011000.0,
0.8048780487804879,1.168992664951603,2.5829268292682928,2.349128296277972,40120.000000242144,4.186927250444368,2012000.0,
0.8414634146341463,0.9404926822840091,2.078048780487805,1.889950244031003,40130.000000242726,3.7339159413128695,2013000.0,
0.8536585365853658,1.2584057016476178,2.7804878048780486,2.528806664548525,40140.00000024331,4.053558107691517,2014000.0,
0.8048780487804879,1.0795796282555876,2.385365853658536,2.1694499280074186,40150.00000024389,4.077656507882759,2015000.0,
0.8658536585365854,1.0332173129317281,2.2829268292682925,2.0762833666819467,40160.00000024447,3.7375157699113792,2016000.0,
0.8902439024390244,1.1391883193862644,2.517073170731707,2.289235506854454,40170.000000245054,3.754701947849071,2017000.0,
0.7682926829268293,0.9504274641391217,2.0999999999999996,1.9099145071721755,40180.000000245636,4.105632572424108,2018000.0,
0.8414634146341463,1.0729564403521794,2.370731707317073,2.1561404192466376,40190.00000024622,3.8948149001766947,2019000.0,
0.8170731707317073,1.059710064545362,2.341463414634146,2.1295214017250736,40200.0000002468,3.9954630641199285,2020000.0,
0.8536585365853658,1.1060723798692216,2.4439024390243897,2.2226879630505456,40210.00000024738,3.8791105021799144,2021000.0,
0.8414634146341463,1.109383973820926,2.451219512195122,2.2293427174309364,40220.000000247965,3.939844722559943,2022000.0,
0.8414634146341463,1.1292535375311514,2.495121951219512,2.269271243713282,40230.00000024855,3.964037537404013,2023000.0,
0.8902439024390244,1.1987970105169408,2.6487804878048777,2.4090210857014895,40240.00000024913,3.825495272133068,2024000.0,
0.8902439024390244,1.1126955677726302,2.4585365853658536,2.2359974718113276,40250.00000024971,3.7293265282285324,2025000.0,
0.8292682926829268,1.072956440352179,2.370731707317073,2.1561404192466376,40260.00000025029,3.9562092369442374,2026000.0,
0.8536585365853658,1.1060723798692218,2.4439024390243897,2.2226879630505456,40270.000000250875,3.8825390736086853,2027000.0,
0.8292682926829268,0.98023180970446,2.165853658536585,1.9698072965956932,40280.00000025146,3.8455707117514684,2028000.0,
0.8902439024390244,1.3014564230197727,2.875609756097561,2.6153184714936057,40290.00000025204,3.943551050561066,2029000.0,
0.8658536585365854,1.1954854165652367,2.641463414634146,2.402366331321099,40300.00000025262,3.9328113262209605,2030000.0,
0.8414634146341463,1.202108604468645,2.65609756097561,2.41567584008188,40310.0000002532,4.055256602460434,2031000.0,
0.9146341463414634,1.3478187383436324,2.978048780487805,2.708485032819078,40320.000000253785,3.8906791539669507,2032000.0,
0.7926829268292683,1.1524346951930815,2.5463414634146337,2.3158545243760176,40330.00000025437,4.243376077064284,2033000.0,
0.8048780487804879,1.0497752826902491,2.319512195121951,2.109557138583901,40340.00000025495,4.052142017938614,2034000.0,
0.8170731707317073,1.006724561318094,2.224390243902439,2.02304533163882,40350.00000025553,3.939570358678121,2035000.0,
0.7926829268292683,0.9106883367186706,2.0121951219512195,1.8300574546074855,40360.000000256114,3.9402499017582113,2036000.0,
0.8292682926829268,1.1921738226135323,2.6341463414634148,2.395711576940708,40370.000000256696,4.106441962612716,2037000.0,
0.8170731707317073,1.0795796282555876,2.3853658536585365,2.1694499280074186,40380.00000025728,4.030527306273367,2038000.0,
0.8780487804878049,1.0563984705936582,2.3341463414634145,2.1228666473446833,40390.00000025786,3.7247843693338845,2039000.0,
0.8658536585365854,1.3195818806144393,2.173170731707317,1.9092543555844292,40400.00000025844,3.6936670296220777,2040000.0,
0.7926829268292683,1.1818477449274103,1.946341463414634,1.709971914429152,40410.000000259024,4.285404847498647,2041000.0,
0.7195121951219512,0.9241516200936138,1.521951219512195,1.3371208954934721,40420.000000259606,4.363732760187171,2042000.0,
0.8048780487804879,1.2662654409936538,2.0853658536585367,1.832112765459806,40430.00000026019,4.326569184315889,2043000.0,
0.8536585365853658,1.2351641845481955,2.034146341463414,1.7871135045537758,40440.00000026077,4.0434751876617625,2044000.0,
0.8780487804878049,1.2484932944533917,2.0560975609756094,1.8063989020849314,40450.00000026135,3.946892363174331,2045000.0,
0.8780487804878049,1.1774047082923444,1.9390243902439024,1.7035434485854335,40460.000000261934,3.866485917824282,2046000.0,
0.8292682926829268,1.1463034518468862,1.88780487804878,1.6585441876794034,40470.00000026252,4.057010044923868,2047000.0,
0.8536585365853658,1.1463034518468866,1.8878048780487804,1.6585441876794034,40480.0000002631,3.94166690078322,2048000.0,
0.7926829268292683,1.3684552836001591,2.2536585365853656,1.979967479865334,40490.00000026368,4.525740511670708,2049000.0,
0.9024390243902439,1.1996198914676721,1.9756097560975607,1.7356857778040267,40500.00000026426,3.7887652851856006,2050000.0,
0.7560975609756098,1.0574427191455773,1.7414634146341466,1.529974870805031,40510.000000264845,4.33467908021492,2051000.0,
0.8170731707317073,1.310695807344308,2.158536585365854,1.8963974238969923,40520.00000026543,4.321744122471989,2052000.0,
0.8048780487804879,1.4617590529365334,2.4073170731707316,2.114965262583425,40530.00000026601,4.575515793093759,2053000.0,
0.8170731707317073,1.2840375875339158,2.1146341463414635,1.85782662883468,40540.00000026659,4.290311674345907,2054000.0,
0.8658536585365854,1.5106324559222535,2.4878048780487796,2.1856783868643297,40550.00000026717,4.310868470267912,2055000.0,
0.8414634146341463,1.2840375875339154,2.114634146341463,1.85782662883468,40560.000000267755,4.167114234509861,2056000.0,
0.7682926829268293,1.2707084776287192,2.092682926829268,1.8385412313035243,40570.00000026834,4.547268177285026,2057000.0,
0.8536585365853658,1.2484932944533917,2.05609756097561,1.8063989020849318,40580.00000026892,4.067089287836888,2058000.0,
0.8292682926829268,1.0574427191455773,1.7414634146341461,1.5299748708050307,40590.0000002695,3.9569132790197594,2059000.0,
0.7804878048780488,1.2618224043585882,2.078048780487805,1.825684299616087,40600.00000027008,4.466706830637701,2060000.0,
0.7804878048780488,1.124088268671559,1.851219512195122,1.62640185846081,40610.000000270666,4.290859969288731,2061000.0,
0.8292682926829268,1.3151388439793736,2.1658536585365855,1.9028258897407107,40620.00000027125,4.269429194260617,2062000.0,
0.8170731707317073,1.2440502578183263,2.048780487804878,1.7999704362412123,40630.00000027183,4.246745091709229,2063000.0,
0.8536585365853658,1.3284679538845698,2.1878048780487807,1.9221112872718666,40640.00000027241,4.16420246031361,2064000.0,
0.7682926829268293,1.1152021954014284,1.8365853658536582,1.613544926773373,40650.000000272994,4.349942540100594,2065000.0,
0.8780487804878049,1.1507464884819518,1.8951219512195123,1.664972653523122,40660.000000273576,3.8472362785964256,2066000.0,
0.8414634146341463,1.199619891467672,1.9756097560975607,1.7356857778040264,40670.00000027416,4.073168566721363,2067000.0,
0.7560975609756098,1.2262781112780643,2.019512195121951,1.7742565728663378,40680.00000027474,4.568945244003687,2068000.0,
0.8170731707317073,1.1596325617520826,1.909756097560975,1.677829585210559,40690.00000027532,4.147010001001498,2069000.0,
0.8902439024390244,1.4039995766806828,2.312195121951219,2.031395206615083,40700.000000275904,4.08120226426367,2070000.0,
0.8536585365853658,1.3018097340741772,2.14390243902439,1.8835404922095547,40710.00000027649,4.136974259964526,2071000.0,
0.8780487804878049,1.417328686585879,2.3341463414634145,2.050680604146239,40720.00000027707,4.1541771153260925,2072000.0,
0.8780487804878049,1.3373540271547009,2.2024390243902436,1.9349682189593038,40730.00000027765,4.063650419862839,2073000.0,
0.8170731707317073,1.2173920380079337,2.0048780487804874,1.761399641178901,40740.00000027823,4.220685777911818,2074000.0,
0.8048780487804879,1.0041262795247923,1.6536585365853658,1.4528332806804074,40750.000000278815,4.020275074613281,2075000.0,
0.8292682926829268,1.4039995766806825,2.3121951219512193,2.031395206615083,40760.0000002794,4.384820077812674,2076000.0,
0.8414634146341463,1.2529363310884574,2.063414634146341,1.81282736792865,40770.00000027998,4.142327234097126,2077000.0,
0.8536585365853658,1.3728983202352245,2.260975609756098,1.9863959457090525,40780.00000028056,4.224249460896271,2078000.0,
0.8170731707317073,1.2529363310884574,2.0634146341463415,1.81282736792865,40790.00000028114,4.267172823174722,2079000.0,
0.7195121951219512,1.0130123527949229,1.668292682926829,1.4656902123678444,40800.000000281725,4.512996829366761,2080000.0,
0.8414634146341463,1.239607221183261,2.0414634146341464,1.7935419703974942,40810.00000028231,4.128805683195433,2081000.0,
0.8292682926829268,1.1640755983871482,1.9170731707317075,1.6842580510542777,40820.00000028289,4.099029398105971,2082000.0,
0.8536585365853658,1.3018097340741772,2.1439024390243904,1.8835404922095547,40830.00000028347,4.143831402822068,2083000.0,
0.8048780487804879,1.3284679538845698,2.1878048780487807,1.9221112872718662,40840.00000028405,4.428699579121201,2084000.0,
0.8048780487804879,1.1240882686715592,1.8512195121951218,1.62640185846081,40850.000000284635,4.175379364159617,2085000.0,
0.8048780487804879,1.0218984260650539,1.6829268292682926,1.478547144055282,40860.00000028522,4.049022286981872,2086000.0,
0.9024390243902439,1.368455283600159,2.2536585365853656,1.9799674798653344,40870.0000002858,3.995853152144385,2087000.0,
0.7682926829268293,1.2085059647378027,1.990243902439024,1.7485427094914636,40880.00000028638,4.485988716063073,2088000.0,
0.8536585365853658,1.1063161221312974,1.8219512195121947,1.6006879950859356,40890.000000286964,3.9182531716891797,2089000.0,
0.8414634146341463,1.190733818197541,1.9609756097560977,1.7228288461165895,40900.000000287546,4.075941639067781,2090000.0,
0.8658536585365854,1.3329109905196357,2.1951219512195124,1.9285397531155852,40910.00000028813,4.125894383466069,2091000.0,
0.8048780487804879,1.18184774492741,1.946341463414634,1.709971914429152,40920.00000028871,4.251383561932284,2092000.0,
0.8536585365853658,1.2529363310884574,2.0634146341463415,1.8128273679286497,40930.00000028929,4.09229398789627,2093000.0,
0.8292682926829268,1.270708477628719,2.092682926829268,1.8385412313035243,40940.000000289874,4.234674928956511,2094000.0,
0.8048780487804879,1.1818477449274098,1.946341463414634,1.709971914429152,40950.000000290456,4.253201743750572,2095000.0,
0.8048780487804879,1.3018097340741772,2.1439024390243895,1.883540492209555,40960.00000029104,4.402851487842046,2096000.0,
0.8658536585365854,1.2973666974391118,2.136585365853658,1.8771120263658365,40970.00000029162,4.088223509767633,2097000.0,
0.7926829268292683,1.1063161221312974,1.8219512195121956,1.6006879950859356,40980.0000002922,4.2251957233579,2098000.0,
0.8048780487804879,1.2440502578183263,2.0487804878048776,1.7999704362412128,40990.000000292785,4.332907896130337,2099000.0,
0.8292682926829268,0.9934781855112771,2.1951219512195124,1.9964263141172567,41000.00000029337,4.313213253325174,2100000.0,
0.8170731707317073,1.0398405008351366,2.297560975609756,2.0895928754427286,41010.00000029395,4.01950329958187,2101000.0,
0.8292682926829268,0.8974419609118535,1.9829268292682927,1.8034384370859218,41020.00000029453,3.7892653058570356,2102000.0,
0.9024390243902439,1.1259419435794473,2.4878048780487805,2.2626164893328906,41030.00000029511,3.7357708023922087,2103000.0,
0.9146341463414634,1.1656810709998984,2.575609756097561,2.342473541897581,41040.000000295695,3.7299419710067037,2104000.0,
0.8292682926829268,1.15905788309649,2.560975609756097,2.3291640331367995,41050.00000029628,4.106508035550377,2105000.0,
0.9024390243902439,1.1623694770481943,2.568292682926829,2.33581878751719,41060.00000029686,3.777758069209022,2106000.0,
0.8170731707317073,1.172304258903307,2.5902439024390245,2.355783050658362,41070.00000029744,4.18520521244163,2107000.0,
0.9024390243902439,1.1689926649516027,2.5829268292682923,2.349128296277972,41080.00000029802,3.7861783585074567,2108000.0,
0.8292682926829268,1.1491231012413772,2.539024390243902,2.309199769995627,41090.000000298605,4.096880798607583,2109000.0,
0.8170731707317073,1.0100361552697983,2.2317073170731705,2.0297000860192114,41100.00000029919,3.9883994736663957,2110000.0,
0.8414634146341463,1.1458115072896728,2.5317073170731703,2.302545015615236,41110.00000029977,4.034729617409863,2111000.0,
0.8414634146341463,1.0001013734146855,2.2097560975609754,2.009735822878038,41120.00000030035,3.8621465597613605,2112000.0,
0.8658536585365854,1.2584057016476178,2.7804878048780486,2.528806664548525,41130.00000030093,4.052240387868123,2113000.0,
0.926829268292683,1.225289762130575,2.707317073170732,2.4622591207446165,41140.000000301516,3.750441585503178,2114000.0,
0.8292682926829268,1.225289762130575,2.707317073170732,2.462259120744617,41150.0000003021,4.192258242621233,2115000.0,
0.8658536585365854,1.0696448464004749,2.3634146341463413,2.149485664866246,41160.00000030268,3.8359250339208164,2116000.0,
0.8536585365853658,1.0365289068834325,2.290243902439024,2.082938121062337,41170.00000030326,3.8525024338283256,2117000.0,
0.8780487804878049,1.2550941076959132,2.7731707317073173,2.5221519101681342,41180.000000303844,3.9949655115917864,2118000.0,
0.7682926829268293,0.9272463064771919,2.048780487804878,1.863331226509439,41190.000000304426,4.139587256105965,2119000.0,
0.8292682926829268,1.0299057189800238,2.275609756097561,2.069628612301556,41200.00000030501,3.9595892494104454,2120000.0,
0.8902439024390244,1.1259419435794473,2.48780487804878,2.2626164893328906,41210.00000030559,3.796808758589936,2121000.0,
0.8658536585365854,0.8510796455879939,1.8804878048780487,1.7102718757604498,41220.00000030617,3.5868779005882887,2122000.0,
0.8902439024390244,1.1524346951930813,2.5463414634146337,2.3158545243760176,41230.000000306754,3.8276636302655893,2123000.0,
0.8780487804878049,1.1756158528550111,2.597560975609756,2.362437805038754,41240.00000030734,3.90778194357873,2124000.0,
0.8658536585365854,1.0928260040624047,2.414634146341463,2.196068945528982,41250.00000030792,3.86776806107996,2125000.0,
0.7804878048780488,1.029905718980024,2.2756097560975608,2.069628612301556,41260.0000003085,4.210813577498817,2126000.0,
0.8902439024390244,1.056398470593658,2.3341463414634145,2.1228666473446833,41270.00000030908,3.7219791040033505,2127000.0,
0.8292682926829268,0.993478185511277,2.1951219512195124,1.9964263141172567,41280.000000309665,3.920367811992524,2128000.0,
0.9024390243902439,1.2716520774544344,2.809756097560976,2.5554256820700885,41290.00000031025,3.9112874372274713,2129000.0,
0.8414634146341463,1.0332173129317281,2.2829268292682925,2.0762833666819467,41300.00000031083,3.911936516869179,2130000.0,
0.8414634146341463,1.132565131482856,2.5024390243902435,2.2759259980936726,41310.00000031141,4.0305817505096835,2131000.0,
0.7926829268292683,0.953739058090826,2.1073170731707314,1.916569261552566,41320.00000031199,4.053636965646523,2132000.0,
0.8170731707317073,1.0762680343038835,2.3780487804878043,2.162795173627028,41330.000000312575,4.083190728604434,2133000.0,
0.8554216867469879,1.1581801112056767,2.559036144578313,2.3274001223371776,41340.00000031316,3.964630270896509,2134000.0,
0.891566265060241,1.1876253682702276,2.6240963855421686,2.386571311888123,41350.00000031374,3.837468994189353,2135000.0,
0.8433734939759037,1.2334291014817518,2.725301204819277,2.478615384522926,41360.00000031432,4.111634506093871,2136000.0,
0.8313253012048193,1.1974404539584116,2.6457831325301204,2.4062950417384377,41370.0000003149,4.128512430175885,2137000.0,
0.8192771084337349,1.1221914636823365,2.479518072289156,2.255079779552689,41380.000000315486,4.09796605131212,2138000.0,
0.8192771084337349,1.0174972163417102,2.248192771084337,2.0446933278159953,41390.00000031607,3.970765719999331,2139000.0,
0.891566265060241,1.0665726447826287,2.3566265060240963,2.1433119770675706,41400.00000031665,3.7043963448723396,2140000.0,
0.8674698795180723,0.9880519592771594,2.183132530120482,1.9855221382650499,41410.00000031723,3.7173348975500207,2141000.0,
0.8072289156626506,0.9716934831301863,2.146987951807229,1.9526492551811911,41420.000000317814,3.9750799866179856,2142000.0,
0.8313253012048193,1.1156480732235474,2.465060240963855,2.241930626319146,41430.000000318396,4.033602754799367,2143000.0,
0.7710843373493976,1.1516367207468874,2.544578313253012,2.3142509691036346,41440.00000031898,4.396025747274935,2144000.0,
0.8313253012048193,1.0665726447826287,2.3566265060240963,2.14331197706757,41450.00000031956,3.975729413341518,2145000.0,
0.7951807228915663,0.9553350069832137,2.110843373493976,1.9197763720973329,41460.00000032014,4.017160690654782,2146000.0,
0.8554216867469879,1.2334291014817516,2.725301204819277,2.478615384522927,41470.000000320724,4.059921344036571,2147000.0,
0.8192771084337349,0.9945953497359485,2.197590361445783,1.9986712914985933,41480.000000321306,3.94810608870143,2148000.0,
0.8313253012048193,1.148365025517493,2.5373493975903614,2.307676392486863,41490.00000032189,4.07643619016765,2149000.0,
0.8674698795180723,1.0207689115711052,2.2554216867469883,2.0512679044327666,41500.00000032247,3.7600502731113874,2150000.0,
0.9036144578313253,1.2301574062523573,2.718072289156626,2.472040807906155,41510.00000032305,3.841904862967549,2151000.0,
0.8795180722891566,1.0927462066177853,2.414457831325301,2.1959085900017437,41520.000000323635,3.7914758240123154,2152000.0,
0.8554216867469879,1.148365025517493,2.5373493975903614,2.3076763924868624,41530.00000032422,3.963860522839114,2153000.0,
0.7590361445783133,1.0403990829474725,2.298795180722891,2.0907153641333966,41540.0000003248,4.3256019664804395,2154000.0,
0.8674698795180723,0.9880519592771594,2.1831325301204823,1.9855221382650496,41550.00000032538,3.725112675328251,2155000.0,
0.8795180722891566,1.1810819778114385,2.6096385542168674,2.3734221586545794,41560.00000032596,3.894104166602487,2156000.0,
0.8313253012048193,1.0927462066177853,2.414457831325301,2.195908590001744,41570.000000326545,4.014170074679865,2157000.0,
0.8313253012048193,1.1352782445999146,2.508433734939759,2.2813780860197754,41580.00000032713,4.065911511672895,2158000.0,
0.8313253012048193,1.0109538258829212,2.2337349397590356,2.0315441745824514,41590.00000032771,3.9169415587235017,2159000.0,
0.8433734939759037,1.365136388764327,2.2481927710843372,1.975165493331472,41600.00000032829,3.8693152708571916,2160000.0,
0.7951807228915663,1.36074688269113,2.240963855421686,1.9688144788834607,41610.00000032887,4.536087746469812,2161000.0,
0.8072289156626506,1.2553987369343973,2.067469879518072,1.8163901321311926,41620.000000329455,4.3384760473015085,2162000.0,
0.8192771084337349,1.4441474980818765,2.378313253012048,2.089483753395673,41630.00000033004,4.505647681535944,2163000.0,
0.8795180722891566,1.2510092308612002,2.0602409638554215,1.8100391176831818,41640.00000033062,3.9779940570565806,2164000.0,
0.8674698795180723,1.2158931822756227,2.0024096385542167,1.7592310020990922,41650.0000003312,3.9933185296184694,2165000.0,
0.8072289156626506,0.8998487450054246,1.4819277108433735,1.3019579618422885,41660.000000331784,3.90040665431501,2166000.0,
0.7831325301204819,1.229061700495214,2.0240963855421685,1.778284045443126,41670.000000332366,4.441414171457854,2167000.0,
0.8674698795180723,1.2905147855199748,2.125301204819277,1.8671982477152824,41680.00000033295,4.081007322247473,2168000.0,
0.8795180722891566,1.2817357733735806,2.1108433734939758,1.85449621881926,41690.00000033353,4.015669441009173,2169000.0,
0.8674698795180723,1.2729567612271857,2.0963855421686746,1.8417941899232377,41700.00000033411,4.061877933132238,2170000.0,
0.8674698795180723,1.369525894837524,2.255421686746988,1.9815165077794827,41710.000000334694,4.173756239933078,2171000.0,
0.8072289156626506,1.255398736934397,2.0674698795180726,1.8163901321311926,41720.000000335276,4.344446196555587,2172000.0,
0.8674698795180723,1.255398736934397,2.067469879518072,1.816390132131193,41730.00000033586,4.043304099572593,2173000.0,
0.927710843373494,1.2905147855199748,2.125301204819277,1.8671982477152822,41740.00000033644,3.8191237298939216,2174000.0,
0.8674698795180723,1.3212413280323552,2.1759036144578308,1.9116553488513603,41750.00000033702,4.120317086532804,2175000.0,
0.8072289156626506,1.1983351579828336,1.9734939759036143,1.733826944307048,41760.000000337604,4.276143553973939,2176000.0,
0.8674698795180723,1.1939456519096365,1.9662650602409637,1.7274759298590363,41770.00000033819,3.974684571002512,2177000.0,
0.9036144578313253,1.435368485935482,2.3638554216867464,2.0767817244996505,41780.00000033877,4.083405124484378,2178000.0,
0.7951807228915663,1.1456610851044675,1.8867469879518068,1.6576147709309137,41790.00000033935,4.276510152535705,2179000.0,
0.7469879518072289,1.0534814575673264,1.7349397590361446,1.5242434675226793,41800.00000033993,4.429657435189938,2180000.0,
0.8192771084337349,1.2466197247880026,2.053012048192771,1.803688103235171,41810.000000340515,4.275135840604332,2181000.0,
0.7831325301204819,1.136882072958073,1.872289156626506,1.6449127420348912,41820.0000003411,4.332938647064812,2182000.0,
0.8313253012048193,1.3344098462519467,2.1975903614457826,1.930708392195394,41830.00000034168,4.319939380327632,2183000.0,
0.8192771084337349,1.2510092308611998,2.0602409638554215,1.8100391176831818,41840.00000034226,4.282258325958484,2184000.0,
0.8433734939759037,1.1895561458364394,1.959036144578313,1.721124915411026,41850.00000034284,4.087613715830345,2185000.0,
0.8192771084337349,1.2861252794467777,2.1180722891566264,1.8608472332672712,41860.000000343425,4.326297032320362,2186000.0,
0.7951807228915663,1.3607468826911298,2.2409638554216866,1.9688144788834607,41870.00000034401,4.551845322228305,2187000.0,
0.8313253012048193,1.3256308341055525,2.1831325301204823,1.9180063632993716,41880.00000034459,4.312277670064746,2188000.0,
0.7951807228915663,1.1983351579828336,1.9734939759036143,1.733826944307048,41890.00000034517,4.348812395701275,2189000.0,
0.7710843373493976,1.2334512065684113,2.031325301204819,1.7846350598911371,41900.00000034575,4.530878908576398,2190000.0,
0.8072289156626506,1.5099900891798343,2.486746987951807,2.18474897011584,41910.000000346336,4.671178767248356,2191000.0,
0.8072289156626506,1.1983351579828336,1.9734939759036139,1.733826944307048,41920.00000034692,4.285695792780465,2192000.0,
0.8433734939759037,1.0754289879333123,1.7710843373493979,1.5559985397627352,41930.0000003475,3.9568629428883324,2193000.0,
0.9036144578313253,1.3695258948375244,2.255421686746988,1.9815165077794832,41940.00000034808,4.019072657003136,2194000.0,
0.7831325301204819,1.2553987369343973,2.0674698795180717,1.816390132131193,41950.000000348664,4.492275310296584,2195000.0,
0.7951807228915663,1.202724664056031,1.9807228915662647,1.7401779587550592,41960.000000349246,4.358574956369331,2196000.0,
0.7831325301204819,1.0095863968353547,1.6626506024096388,1.4607333230425676,41970.00000034983,4.179622629862493,2197000.0,
0.8192771084337349,1.097376518299298,1.8072289156626509,1.5877536120027906,41980.00000035041,4.10297133856723,2198000.0,
0.8554216867469879,1.3212413280323552,2.1759036144578316,1.9116553488513603,41990.00000035099,4.191870848315743,2199000.0,
0.8554216867469879,1.4704845345210598,2.4216867469879517,2.12758984008374,42000.000000351574,4.366901638999755,2200000.0,
0.8674698795180723,1.2553987369343973,2.0674698795180726,1.8163901321311926,42010.000000352156,4.058859655129054,2201000.0,
0.8795180722891566,1.2378407126416084,2.03855421686747,1.7909860743391481,42020.00000035274,3.9838435500409966,2202000.0,
0.8072289156626506,1.2597882430075944,2.0746987951807223,1.8227411465792038,42030.00000035332,4.368391405572715,2203000.0,
0.8674698795180723,1.3387993523251442,2.2048192771084336,1.9370594066434048,42040.0000003539,4.156668697871262,2204000.0,
0.7831325301204819,1.2553987369343973,2.067469879518072,1.8163901321311933,42050.000000354485,4.498429156450788,2205000.0,
0.8795180722891566,1.338799352325144,2.204819277108433,1.9370594066434048,42060.00000035507,4.100823921188158,2206000.0,
0.8674698795180723,1.0403129393477348,1.7132530120481926,1.5051904241786458,42070.00000035565,3.8142468606890674,2207000.0,
0.8192771084337349,1.2115036762024254,1.9951807228915661,1.7528799876510814,42080.00000035623,4.248155957772861,2208000.0,
0.8674698795180723,1.4529265102282707,2.3927710843373498,2.102185782291695,42090.00000035681,4.291009727120862,2209000.0,
0.8072289156626506,1.1939456519096368,1.9662650602409635,1.7274759298590368,42100.000000357395,4.291004315108324,2210000.0,
0.8072289156626506,1.3695258948375242,2.255421686746988,1.9815165077794832,42110.00000035798,4.509111183213055,2211000.0,
0.8433734939759037,1.452926510228271,2.3927710843373493,2.1021857822916954,42120.00000035856,4.415324290752986,2212000.0,
0.8192771084337349,1.1676086154704532,1.92289156626506,1.6893698431709696,42130.00000035914,4.197519339526655,2213000.0,
0.7951807228915663,1.180777133690045,1.9445783132530121,1.7084228865150028,42140.00000035972,4.341883365152135,2214000.0,
0.7831325301204819,1.1763876276168477,1.9373493975903613,1.702071872066992,42150.000000360305,4.403691893784122,2215000.0,
0.8674698795180723,1.180777133690045,1.9445783132530121,1.708422886515003,42160.00000036089,3.9811708625006332,2216000.0,
0.9036144578313253,1.4265894737890874,2.3493975903614457,2.0640796956036285,42170.00000036147,4.094489684376912,2217000.0,
0.8313253012048193,1.3607468826911298,2.2409638554216866,1.9688144788834607,42180.00000036205,4.371910018364352,2218000.0,
0.7951807228915663,1.2202826883488196,2.0096385542168673,1.765582016547104,42190.000000362634,4.394594896011073,2219000.0,
0.7831325301204819,0.922618054689268,2.0385542168674693,1.8540306059296163,42200.000000363216,4.4852396792774565,2220000.0,
0.8554216867469879,0.9357048356068461,2.067469879518072,1.8803289123967026,42210.0000003638,3.7535676247767853,2221000.0,
0.8433734939759037,1.0992895970765746,2.4289156626506023,2.209057743235287,42220.00000036438,4.001726236587736,2222000.0,
0.891566265060241,1.1352782445999148,2.508433734939759,2.281378086019776,42230.00000036496,3.8263228960213658,2223000.0,
0.8313253012048193,1.030583997259289,2.2771084337349397,2.070991634283082,42240.000000365544,3.9782358228450936,2224000.0,
0.8072289156626506,1.079659425700207,2.3855421686746983,2.1696102835346567,42250.000000366126,4.158381079655373,2225000.0,
0.7951807228915663,0.9880519592771594,2.1831325301204823,1.9855221382650496,42260.00000036671,4.106789585209081,2226000.0,
0.8433734939759037,1.0829311209296015,2.392771084337349,2.176184860151429,42270.00000036729,3.985186900585063,2227000.0,
0.8192771084337349,1.0403990829474725,2.298795180722892,2.090715364133397,42280.00000036787,4.051072410124118,2228000.0,
0.8192771084337349,0.9913236545065537,2.1903614457831324,1.9920967148818218,42290.000000368454,3.9917597548212664,2229000.0,
0.8554216867469879,1.1516367207468876,2.544578313253012,2.314250969103634,42300.00000036904,4.011065462335156,2230000.0,
0.8554216867469879,0.9684217879007917,2.1397590361445777,1.94607467856442,42310.00000036962,3.797448005627781,2231000.0,
0.8433734939759037,1.0305839972592883,2.2771084337349397,2.070991634283082,42320.0000003702,3.925975311090429,2232000.0,
0.8313253012048193,0.9455199212950298,2.089156626506024,1.9000526422470183,42330.00000037078,3.8811297604536072,2233000.0,
0.8072289156626506,0.9062595785422951,2.0024096385542167,1.821157722845758,42340.000000371365,3.948945448101855,2234000.0,
0.8795180722891566,1.09601790184718,2.421686746987952,2.2024831666185154,42350.00000037195,3.840675148727836,2235000.0,
0.8192771084337349,1.3184931774460105,2.9132530120481928,2.6495543765589904,42360.00000037253,4.395216672527019,2236000.0,
0.8554216867469879,0.9455199212950298,2.089156626506024,1.9000526422470176,42370.00000037311,3.7740556826944816,2237000.0,
0.7951807228915663,0.9324331403774515,2.0602409638554215,1.8737543357799313,42380.00000037369,4.044117434168963,2238000.0,
0.8674698795180723,1.0502141686356559,2.3204819277108433,2.110439093983712,42390.000000374275,3.8434385555636776,2239000.0,
0.8313253012048193,0.9291614451480569,2.053012048192771,1.8671797591631596,42400.00000037486,3.865510144219079,2240000.0,
0.8795180722891566,1.1221914636823365,2.4795180722891565,2.255079779552689,42410.00000037544,3.873721801225534,2241000.0,
0.8795180722891566,1.0763877304708127,2.378313253012048,2.1630357069178854,42420.00000037602,3.822191529217943,2242000.0,
0.7831325301204819,0.9782368735889756,2.16144578313253,1.9657984084147346,42430.0000003766,4.167899392487995,2243000.0,
0.8072289156626506,0.9389765308362407,2.0746987951807228,1.8869034890134748,42440.000000377186,3.995445553182762,2244000.0,
0.8674698795180723,1.0862028161589965,2.4000000000000004,2.182759436768201,42450.00000037777,3.8882588020143896,2245000.0,
0.8674698795180723,1.082931120929602,2.3927710843373493,2.176184860151429,42460.00000037835,3.88504282001387,2246000.0,
0.8554216867469879,1.279232834693276,2.826506024096386,2.57065945715773,42470.00000037893,4.16980458145614,2247000.0,
0.8674698795180723,1.2497875776287244,2.7614457831325296,2.5114882676067847,42480.000000379514,4.078502346486535,2248000.0,
0.8072289156626506,0.961878397442003,2.125301204819277,1.932925525330876,42490.000000380096,4.026801596888581,2249000.0,
0.8674698795180723,1.13200654937052,2.5012048192771084,2.274803509403004,42500.00000038068,3.943838105577836,2250000.0,
0.8433734939759037,0.9520633117538189,2.103614457831325,1.9132017954805614,42510.00000038126,3.8437293554202907,2251000.0,
0.8072289156626506,1.0894745113883906,2.4072289156626505,2.1893340133849724,42520.00000038184,4.186659469389434,2252000.0,
0.927710843373494,1.148365025517493,2.5373493975903614,2.307676392486863,42530.000000382424,3.706936326257272,2253000.0,
0.7951807228915663,1.223614015793568,2.703614457831325,2.458891654672611,42540.00000038301,4.419996413859493,2254000.0,
0.8433734939759037,1.0534858638650508,2.327710843373494,2.1170136706004836,42550.00000038359,3.9662732386380264,2255000.0,
0.8192771084337349,0.8833577119365331,1.9518072289156623,1.7751356865283556,42560.00000038417,3.8758601484499593,2256000.0,
0.8795180722891566,1.2955913108402486,2.862650602409638,2.6035323402415886,42570.00000038475,4.07964217539189,2257000.0,
0.8433734939759037,1.141821635058704,2.52289156626506,2.2945272392533194,42580.000000385335,4.072728510196315,2258000.0,
0.9036144578313253,1.138549939829309,2.5156626506024096,2.287952662636547,42590.00000038592,3.7981259334627286,2259000.0,
0.8313253012048193,1.2072555396465954,2.667469879518072,2.426018771588753,42600.0000003865,4.2116233303556765,2260000.0,
0.8554216867469879,1.118919768452942,2.472289156626506,2.2485052029359176,42610.00000038708,3.9902836730348,2261000.0,
0.7469879518072289,0.9258897499186626,2.045783132530121,1.860605182546388,42620.00000038766,4.311752407211741,2262000.0,
0.8072289156626506,1.0338556924886833,2.2843373493975907,2.0775662108998536,42630.000000388245,4.124325708663313,2263000.0,
0.8554216867469879,0.8997161880835058,1.9879518072289153,1.8080085696122146,42640.00000038883,3.735721741053727,2264000.0,
0.8192771084337349,1.0305839972592883,2.2771084337349397,2.070991634283082,42650.00000038941,4.060856937888337,2265000.0,
0.8554216867469879,1.0600292543238397,2.342168674698795,2.130162823834027,42660.00000038999,3.924256733982633,2266000.0,
0.8554216867469879,0.9160746642304787,2.0240963855421685,1.8408814526960726,42670.00000039057,3.7565351709157797,2267000.0,
0.8795180722891566,1.331579958363589,2.942168674698795,2.675852683026077,42680.000000391155,4.126588171891381,2268000.0,
0.8192771084337349,1.1483650255174933,2.5373493975903614,2.307676392486863,42690.00000039174,4.206972016497753,2269000.0,
0.7590361445783133,1.0600292543238397,2.342168674698795,2.1301628238340267,42700.00000039232,4.42511473194883,2270000.0,
0.8674698795180723,1.2923196156108543,2.8554216867469875,2.596957763624817,42710.0000003929,4.140310112494456,2271000.0,
0.8674698795180723,1.1320065493705203,2.501204819277108,2.274803509403004,42720.000000393484,3.9560603278007695,2272000.0,
0.8554216867469879,1.0698443400120234,2.363855421686747,2.1498865536843423,42730.000000394066,3.939674369364824,2273000.0,
0.8674698795180723,1.2334291014817516,2.7253012048192766,2.4786153845229264,42740.00000039465,4.074089103151282,2274000.0,
0.891566265060241,1.2203423205641737,2.6963855421686747,2.45231707805584,42750.00000039523,3.949840710955887,2275000.0,
0.8554216867469879,0.98150856881837,2.1686746987951806,1.9723729850315068,42760.00000039581,3.8380987495188204,2276000.0,
0.8072289156626506,0.9553350069832137,2.1108433734939758,1.9197763720973329,42770.000000396394,4.0354120236346365,2277000.0,
0.8554216867469879,1.033855692488683,2.2843373493975903,2.0775662108998536,42780.000000396976,3.9004200349362943,2278000.0,
0.8192771084337349,1.1025612923059689,2.436144578313253,2.215632319852059,42790.00000039756,4.156946871548734,2279000.0,
0.9156626506024096,1.619727741009764,2.6674698795180722,2.3435243313161194,42800.00000039814,3.8342369709814244,2280000.0,
0.8072289156626506,1.4441474980818765,2.378313253012048,2.0894837533956734,42810.00000039872,4.64334391559282,2281000.0,
0.7831325301204819,1.0973765182992983,1.8072289156626502,1.587753612002791,42820.000000399305,4.34403155419642,2282000.0,
0.8674698795180723,1.3036833037395663,2.1469879518072292,1.8862512910593157,42830.00000039989,4.160076586309888,2283000.0,
0.8795180722891566,1.2992937976663692,2.139759036144578,1.8799002766113044,42840.00000040047,4.098646372742997,2284000.0,
0.9518072289156626,1.4485370041550736,2.3855421686746983,2.095834767843684,42850.00000040105,3.9446629284658687,2285000.0,
0.8433734939759037,1.3168518219591576,2.1686746987951806,1.9053043344033491,42860.00000040163,4.296264303236356,2286000.0,
0.8313253012048193,1.1719981215436504,1.9301204819277107,1.6957208576189808,42870.000000402215,4.184864407131307,2287000.0,
0.8554216867469879,1.3431888583983411,2.2120481927710847,1.9434104210914163,42880.0000004028,4.267668665507068,2288000.0,
0.8313253012048193,1.2202826883488198,2.0096385542168678,1.765582016547104,42890.00000040338,4.244105262853534,2289000.0,
0.8554216867469879,1.2115036762024254,1.9951807228915661,1.7528799876510812,42900.00000040396,4.1148535933626125,2290000.0,
0.7951807228915663,1.2553987369343973,2.0674698795180726,1.8163901321311926,42910.00000040454,4.482392351053052,2291000.0,
0.8433734939759037,1.2466197247880029,2.053012048192771,1.8036881032351706,42920.000000405125,4.2164176737336145,2292000.0,
0.7710843373493976,1.2641777490807915,2.0819277108433734,1.8290921610272153,42930.00000040571,4.635102393400889,2293000.0,
0.8674698795180723,1.3300203401787496,2.190361445783133,1.9243573777473824,42940.00000040629,4.196548447760967,2294000.0,
0.8313253012048193,1.303683303739566,2.1469879518072292,1.886251291059316,42950.00000040687,4.347906003106374,2295000.0,
0.7951807228915663,1.2641777490807913,2.0819277108433734,1.829092161027215,42960.00000040745,4.4964629269343,2296000.0,
0.9156626506024096,1.4397579920086794,2.371084337349398,2.0831327389476617,42970.000000408036,4.097101491324747,2297000.0,
0.8313253012048193,1.1368820729580729,1.872289156626506,1.6449127420348917,42980.00000040862,4.1490001747751135,2298000.0,
0.8072289156626506,1.1632191093972564,1.91566265060241,1.6830188287229584,42990.0000004092,4.306074419163244,2299000.0,
0.7710843373493976,1.1456610851044673,1.886746987951807,1.6576147709309137,43000.00000040978,4.485776094806847,2300000.0,
0.8313253012048193,1.136882072958073,1.8722891566265065,1.6449127420348917,43010.000000410364,4.150739305209998,2301000.0,
0.891566265060241,1.2773462673003835,2.1036144578313247,1.848145204371249,43020.000000410946,4.028372164728431,2302000.0,
0.8554216867469879,1.3080728098127632,2.15421686746988,1.8926023055073264,43030.00000041153,4.235068214344137,2303000.0,
0.7831325301204819,1.0359234332745375,1.7060240963855422,1.4988394097306348,43040.00000041211,4.279099153319436,2304000.0,
0.8554216867469879,1.343188858398341,2.2120481927710838,1.9434104210914163,43050.00000041269,4.277246130296358,2305000.0,
0.7951807228915663,1.0885975061529038,1.7927710843373488,1.5750515831067686,43060.000000413274,4.281718075979885,2306000.0,
0.8674698795180723,1.2817357733735806,2.1108433734939753,1.8544962188192597,43070.00000041386,4.148109294360984,2307000.0,
0.8192771084337349,1.382694413057116,2.277108433734939,2.0005695511235166,43080.00000041444,4.515932886584217,2308000.0,
0.891566265060241,1.3387993523251438,2.2048192771084336,1.937059406643405,43090.00000041502,4.101083057391558,2309000.0,
0.8674698795180723,1.167608615470453,1.9228915662650599,1.6893698431709696,43100.0000004156,4.018212709556088,2310000.0,
0.8795180722891566,1.1983351579828339,1.9734939759036143,1.7338269443070475,43110.000000416185,3.998652302966688,2311000.0,
0.891566265060241,1.325630834105552,2.1831325301204823,1.9180063632993711,43120.00000041677,4.087934584253462,2312000.0,
0.7951807228915663,1.163219109397256,1.9156626506024097,1.6830188287229584,43130.00000041735,4.37980281945409,2313000.0,
0.8313253012048193,1.180777133690045,1.9445783132530117,1.7084228865150028,43140.00000041793,4.211076842032952,2314000.0,
0.7951807228915663,1.202724664056031,1.9807228915662651,1.7401779587550588,43150.00000041851,4.430696168494742,2315000.0,
0.7710843373493976,1.088597506152904,1.7927710843373492,1.5750515831067684,43160.000000419095,4.42177176585462,2316000.0,
0.8554216867469879,1.2334512065684113,2.031325301204819,1.7846350598911371,43170.00000041968,4.155721833087115,2317000.0,
0.8072289156626506,1.2290617004952138,2.0240963855421685,1.778284045443126,43180.00000042026,4.3989838976882405,2318000.0,
0.7590361445783133,1.097376518299298,1.8072289156626502,1.5877536120027906,43190.00000042084,4.505429381315134,2319000.0,
0.8795180722891566,1.3387993523251438,2.204819277108433,1.937059406643405,43200.00000042142,4.163289674616451,2320000.0,
0.8554216867469879,1.0929870122261012,1.8,1.5814025975547794,43210.000000422006,3.993770732658912,2321000.0,
0.8072289156626506,1.1719981215436506,1.9301204819277107,1.6957208576189808,43220.00000042259,4.330681255106592,2322000.0,
0.8795180722891566,1.2773462673003833,2.1036144578313256,1.8481452043712492,43230.00000042317,4.095062194382915,2323000.0,
0.7951807228915663,1.1544400972508615,1.9012048192771085,1.6703167998269357,43240.00000042375,4.375429213270376,2324000.0,
0.8433734939759037,1.272956761227186,2.0963855421686746,1.8417941899232373,43250.000000424334,4.266503016941172,2325000.0,
0.8313253012048193,1.1763876276168477,1.9373493975903613,1.702071872066992,43260.000000424916,4.212753233278642,2326000.0,
0.7469879518072289,1.259788243007594,2.074698795180723,1.822741146579204,43270.0000004255,4.800681035059042,2327000.0,
0.7710843373493976,1.2773462673003828,2.103614457831325,1.848145204371249,43280.00000042608,4.674055315468193,2328000.0,
0.7590361445783133,0.978859854322974,1.6120481927710846,1.4162762219064893,43290.00000042666,4.3556375859181236,2329000.0,
0.8554216867469879,1.347578364471538,2.219277108433735,1.9497614355394273,43300.000000427244,4.296462031763028,2330000.0,
0.8192771084337349,1.3826944130571157,2.277108433734939,2.0005695511235166,43310.000000427826,4.529462298349709,2331000.0,
0.8433734939759037,1.3695258948375242,2.2554216867469883,1.9815165077794834,43320.00000042841,4.385006418222234,2332000.0,
0.8674698795180723,1.2949042915931719,2.1325301204819276,1.8735492621632932,43330.00000042899,4.177734113976077,2333000.0,
0.7710843373493976,1.119324048665284,1.8433734939759037,1.619508684242847,43340.00000042957,4.472870250676019,2334000.0,
0.8795180722891566,1.2905147855199748,2.125301204819277,1.8671982477152822,43350.000000430155,4.116609961674066,2335000.0,
0.8072289156626506,1.1544400972508617,1.9012048192771083,1.6703167998269361,43360.00000043074,4.31728847874437,2336000.0,
0.8433734939759037,1.4968215709602426,2.4650602409638553,2.165695926771807,43370.00000043132,4.5387998627679105,2337000.0,
0.8554216867469879,1.2422302187148055,2.0457831325301203,1.7973370887871591,43380.0000004319,4.17781560785049,2338000.0,
0.8072289156626506,1.1939456519096365,1.9662650602409637,1.7274759298590368,43390.00000043248,4.368019240485942,2339000.0,
0.7710843373493976,0.8768143214777442,1.9373493975903613,1.7619865332948124,43400.000000433065,4.550624579629046,2340000.0,
0.8795180722891566,1.073116035241418,2.371084337349398,2.1564611303011136,43410.00000043365,3.8727182319054876,2341000.0,
0.891566265060241,1.2105272348759897,2.674698795180723,2.4325933482055246,43420.00000043423,3.9750481148482755,2342000.0,
0.8433734939759037,1.13200654937052,2.5012048192771084,2.274803509403004,43430.00000043481,4.109662051454581,2343000.0,
0.8313253012048193,0.9749651783595811,2.1542168674698794,1.9592238317979636,43440.00000043539,3.980897243592972,2344000.0,
0.7469879518072289,1.033855692488683,2.28433734939759,2.077566210899853,43450.000000435975,4.5098358464618205,2345000.0,
0.7590361445783133,0.9324331403774516,2.0602409638554215,1.8737543357799311,43460.00000043656,4.305265883419096,2346000.0,
0.8433734939759037,1.2203423205641735,2.6963855421686747,2.4523170780558394,43470.00000043714,4.216688751584332,2347000.0,
0.7951807228915663,0.9160746642304789,2.0240963855421685,1.840881452696073,43480.00000043772,4.0902120778061954,2348000.0,
0.7951807228915663,0.8244671978074312,1.821686746987952,1.6567933074264651,43490.000000438304,3.975614809425732,2349000.0,
0.8674698795180723,1.194168758729017,2.6385542168674694,2.399720465121666,43500.000000438886,4.07105287470267,2350000.0,
0.8192771084337349,0.9651500926713971,2.1325301204819276,1.939500101947648,43510.00000043947,4.03157731905606,2351000.0,
0.8313253012048193,0.9324331403774515,2.0602409638554215,1.8737543357799313,43520.00000044005,3.9343731979045935,2352000.0,
0.8554216867469879,1.1745385873526495,2.595180722891566,2.3602730054210355,43530.00000044063,4.107133841610715,2353000.0,
0.8433734939759037,1.073116035241418,2.3710843373493975,2.1564611303011136,43540.000000441214,4.046120441844726,2354000.0,
0.9036144578313253,1.3217648726754054,2.9204819277108434,2.656128953175762,43550.000000441796,4.052083792482055,2355000.0,
0.8313253012048193,1.0174972163417104,2.248192771084337,2.0446933278159953,43560.00000044238,4.039015492180576,2356000.0,
0.8192771084337349,1.089474511388391,2.407228915662651,2.1893340133849724,43570.00000044296,4.186855653666715,2357000.0,
0.8674698795180723,0.9847802640477646,2.175903614457831,1.9789475616482781,43580.00000044354,3.8341189155564854,2358000.0,
0.9036144578313253,1.1516367207468876,2.5445783132530124,2.314250969103634,43590.000000444124,3.8659419710146197,2359000.0,
0.8674698795180723,0.9945953497359485,2.197590361445783,1.9986712914985933,43600.00000044471,3.8465446393359843,2360000.0,
0.8192771084337349,1.0960179018471798,2.4216867469879517,2.2024831666185154,43610.00000044529,4.197195380256256,2361000.0,
0.8554216867469879,1.0240406068004995,2.2626506024096384,2.057842481049539,43620.00000044587,3.9362700051908903,2362000.0,
0.8313253012048193,1.0960179018471803,2.4216867469879513,2.2024831666185154,43630.00000044645,4.13752588199174,2363000.0,
0.8313253012048193,1.0142255211123157,2.240963855421687,2.038118751199223,43640.000000447035,4.039717655890415,2364000.0,
0.8433734939759037,1.089474511388391,2.4072289156626505,2.1893340133849724,43650.00000044762,4.071802634990789,2365000.0,
0.8433734939759037,1.0698443400120237,2.363855421686747,2.1498865536843423,43660.0000004482,4.0490982889302725,2366000.0,
0.8795180722891566,1.1647235016644657,2.5734939759036144,2.340549275570721,43670.00000044878,3.9911212416749873,2367000.0,
0.9156626506024096,1.125463158911731,2.486746987951807,2.2616543561694606,43680.00000044936,3.7912268709710455,2368000.0,
0.8192771084337349,0.9586067022126081,2.118072289156626,1.9263509487141044,43690.000000449945,4.034178768937862,2369000.0,
0.7590361445783133,0.9553350069832137,2.1108433734939758,1.919776372097333,43700.00000045053,4.350676279106938,2370000.0,
0.8433734939759037,0.974965178359581,2.154216867469879,1.9592238317979631,43710.00000045111,3.9394558543996854,2371000.0,
0.7831325301204819,0.8637275405601657,1.908433734939759,1.7356882268277256,43720.00000045169,4.101064398009674,2372000.0,
0.8433734939759037,1.0927462066177853,2.414457831325301,2.195908590001744,43730.00000045227,4.08025335933448,2373000.0,
0.8313253012048193,1.1778102825820442,2.6024096385542173,2.3668475820378077,43740.000000452856,4.2422906298326,2374000.0,
0.8433734939759037,1.0894745113883908,2.407228915662651,2.1893340133849724,43750.00000045344,4.077516920705407,2375000.0,
0.7951807228915663,1.0698443400120234,2.3638554216867473,2.149886553684342,43760.00000045402,4.300558791290035,2376000.0,
0.8433734939759037,1.1876253682702278,2.624096385542168,2.3865713118881224,43770.0000004546,4.195038651008223,2377000.0,
0.8433734939759037,1.010953825882921,2.233734939759036,2.031544174582452,43780.000000455184,3.9861281078918784,2378000.0,
0.8192771084337349,1.073116035241418,2.371084337349398,2.1564611303011136,43790.000000455766,4.179829866605721,2379000.0,
0.891566265060241,1.2432441871699356,2.746987951807229,2.4983391143732416,43800.00000045635,4.032284696476464,2380000.0,
0.8192771084337349,1.1058329875353639,2.4433734939759035,2.22220689646883,43810.00000045693,4.220940264258694,2381000.0,
0.891566265060241,1.0633009495532342,2.3493975903614452,2.136737400450799,43820.00000045751,3.8315375515821186,2382000.0,
0.8674698795180723,1.1025612923059689,2.4361445783132525,2.215632319852059,43830.000000458094,3.9837831564660573,2383000.0,
0.8433734939759037,1.0698443400120234,2.363855421686747,2.149886553684342,43840.00000045868,4.059384003216586,2384000.0,
0.8072289156626506,1.1156480732235472,2.465060240963855,2.241930626319146,43850.00000045926,4.298486419130145,2385000.0,
0.8433734939759037,0.9716934831301864,2.1469879518072292,1.9526492551811911,43860.00000045984,3.944147987199616,2386000.0,
0.9036144578313253,1.351210129739956,2.985542168674699,2.7153001427267074,43870.00000046042,4.101736543634484,2387000.0,
0.8554216867469879,1.1189197684529417,2.4722891566265055,2.2485052029359176,43880.000000461005,4.061832968813612,2388000.0,
0.8674698795180723,1.13200654937052,2.5012048192771084,2.274803509403004,43890.00000046159,4.021060327804553,2389000.0,
0.8674698795180723,1.0534858638650508,2.327710843373494,2.117013670600484,43900.00000046217,3.931098982013558,2390000.0,
0.8313253012048193,1.0502141686356559,2.3204819277108433,2.110439093983712,43910.00000046275,4.098660521752736,2391000.0,
0.8072289156626506,0.8735426262483493,1.9301204819277107,1.7554119566780408,43920.00000046333,4.0027438504894715,2392000.0,
0.891566265060241,1.2367007967111463,2.7325301204819277,2.485189961139698,43930.000000463915,4.0319725152866095,2393000.0,
0.8433734939759037,1.0534858638650504,2.327710843373494,2.117013670600484,43940.0000004645,4.045701810071221,2394000.0,
0.8554216867469879,1.0698443400120237,2.3638554216867473,2.149886553684342,43950.00000046508,4.008406763735022,2395000.0,
0.8554216867469879,1.125463158911731,2.486746987951807,2.2616543561694606,43960.00000046566,4.073989326674149,2396000.0,
0.8192771084337349,1.2726894442344865,2.8120481927710843,2.5575103039241864,43970.00000046624,4.434015056994936,2397000.0,
0.8795180722891566,1.1778102825820442,2.602409638554217,2.3668475820378077,43980.000000466825,4.022987033678154,2398000.0,
0.8795180722891566,1.118919768452942,2.472289156626506,2.2485052029359176,43990.00000046741,3.9565772710382485,2399000.0,
0.8192771084337349,1.413420955569496,2.3277108433734943,2.045026652259595,44000.00000046799,4.16822245154411,2400000.0,
0.8214285714285714,1.3835827654766915,2.2785714285714285,2.00185487547609,44010.00000046857,4.525518149336879,2401000.0,
0.8095238095238095,1.201418263439008,1.9785714285714289,1.7382877758836268,44020.000000469154,4.367631384310023,2402000.0,
0.8333333333333334,1.3488847650885614,2.2214285714285715,1.9516516184108592,44030.000000469736,4.4203731467378065,2403000.0,
0.8095238095238095,1.4963512667381142,2.464285714285714,2.1650154609380916,44040.00000047032,4.733136858973694,2404000.0,
0.7857142857142857,1.2404535138756545,2.0428571428571423,1.7947664400820125,44050.0000004709,4.551483260147983,2405000.0,
0.8333333333333334,1.14069676275978,1.8785714285714281,1.6504320760194726,44060.00000047148,4.1722618296576535,2406000.0,
0.8452380952380952,1.2317790137786218,2.0285714285714285,1.782215625815704,44070.000000472064,4.221820241712969,2407000.0,
0.8690476190476191,1.4139435158163052,2.3285714285714283,2.0457827254081673,44080.000000472646,4.316315826476555,2408000.0,
0.8690476190476191,1.2534652640212032,2.0642857142857136,1.8135926614814735,44090.00000047323,4.132203865506881,2409000.0,
0.8095238095238095,1.1753947631479105,1.935714285714286,1.7006353330847037,44100.00000047381,4.3401905898330595,2410000.0,
0.9047619047619048,1.3098495146519147,2.157142857142857,1.8951729542124742,44110.00000047439,4.032462621512983,2411000.0,
0.75,1.2404535138756543,2.0428571428571423,1.794766440082012,44120.000000474975,4.77266500269497,2412000.0,
0.8690476190476191,1.231779013778622,2.0285714285714285,1.7822156258157043,44130.00000047556,4.109441604953901,2413000.0,
0.7619047619047619,1.110336012420166,1.8285714285714285,1.6065042260873956,44140.00000047614,4.528562891367606,2414000.0,
0.8690476190476191,1.2014182634390078,1.9785714285714284,1.7382877758836268,44150.00000047672,4.075601837439889,2415000.0,
0.8452380952380952,1.4226180159133377,2.3428571428571425,2.058333539674475,44160.0000004773,4.452672018886731,2416000.0,
0.7261904761904762,1.0192537614013244,1.6785714285714286,1.4747206762911635,44170.000000477885,4.627821573146739,2417000.0,
0.8214285714285714,1.3532220151370773,2.2285714285714286,1.957927025544013,44180.00000047847,4.4984123083442995,2418000.0,
0.8809523809523809,1.379245515428175,2.2714285714285714,1.9955794683429364,44190.00000047905,4.224546260813665,2419000.0,
0.7857142857142857,1.0843125121290687,1.7857142857142858,1.568851783288472,44200.00000047963,4.361849257925584,2420000.0,
0.8571428571428571,1.3358730149430127,2.1999999999999993,1.9328253970113978,44210.00000048021,4.292404628603642,2421000.0,
0.8452380952380952,1.0496145117409381,1.7285714285714282,1.5186485262232408,44220.000000480795,4.014752380147751,2422000.0,
0.8452380952380952,1.2014182634390078,1.9785714285714289,1.7382877758836268,44230.00000048138,4.194914565255359,2423000.0,
0.8333333333333334,1.3141867647004308,2.164285714285714,1.9014483613456281,44240.00000048196,4.390735546272748,2424000.0,
0.7857142857142857,1.0452772616924222,1.721428571428571,1.512373119090087,44250.00000048254,4.315198333127605,2425000.0,
0.75,1.0062420112557757,1.6571428571428566,1.4558944548917019,44260.00000048312,4.469271888091206,2426000.0,
0.8214285714285714,1.1320222626627474,1.8642857142857143,1.6378812617531646,44270.000000483706,4.23434304446281,2427000.0,
0.8452380952380952,1.149371262856813,1.8928571428571428,1.6629828902857804,44280.00000048429,4.136154733580812,2428000.0,
0.8928571428571429,1.522374767029212,2.507142857142857,2.202667903737015,44290.00000048487,4.333857072462955,2429000.0,
0.8571428571428571,1.2144300135845565,1.9999999999999996,1.757113997283089,44300.00000048545,4.155721127019067,2430000.0,
0.8095238095238095,1.1970810133904917,1.9714285714285718,1.7320123687504734,44310.000000486034,4.379332428368731,2431000.0,
0.8452380952380952,1.1406967627597797,1.8785714285714283,1.6504320760194726,44320.000000486616,4.128145465860511,2432000.0,
0.8690476190476191,1.171057513099394,1.9285714285714288,1.6943599259515498,44330.0000004872,4.050529193214057,2433000.0,
0.8452380952380952,1.2144300135845567,2.0,1.757113997283089,44340.00000048778,4.216505931625101,2434000.0,
0.8214285714285714,1.2057555134875242,1.9857142857142855,1.744563183016781,44350.00000048836,4.328742944017881,2435000.0,
0.8690476190476191,1.2578025140697195,2.0714285714285716,1.8198680686146274,44360.000000488944,4.151989194330692,2436000.0,
0.8690476190476191,1.4486415162044357,2.3857142857142852,2.095985982473399,44370.00000048953,4.372132703636424,2437000.0,
0.8214285714285714,1.1320222626627474,1.8642857142857143,1.637881261753165,44380.00000049011,4.240719856057384,2438000.0,
0.8452380952380952,1.2404535138756543,2.042857142857143,1.7947664400820125,44390.00000049069,4.250111199575295,2439000.0,
0.8809523809523809,1.4182807658648215,2.3357142857142854,2.052058132541321,44400.00000049127,4.280207896445114,2440000.0,
0.8571428571428571,1.4443042661559193,2.3785714285714286,2.089710575340245,44410.000000491855,4.430018866130458,2441000.0,
0.8690476190476191,1.426955265961854,2.3499999999999996,2.064608946807629,44420.00000049244,4.349918388288955,2442000.0,
0.8928571428571429,1.3445475150400448,2.2142857142857144,1.9453762112777053,44430.00000049302,4.142157216902189,2443000.0,
0.7857142857142857,1.1753947631479102,1.9357142857142853,1.7006353330847042,44440.0000004936,4.4923175774049575,2444000.0,
0.9047619047619048,1.4486415162044355,2.3857142857142852,2.095985982473399,44450.00000049418,4.2037590442826,2445000.0,
0.8452380952380952,1.1363595127112638,1.871428571428571,1.6441566688863187,44460.000000494765,4.130901395381035,2446000.0,
0.8809523809523809,1.2881632644093333,2.1214285714285714,1.863795918546705,44470.00000049535,4.136290732630997,2447000.0,
0.8809523809523809,1.4790022665440494,2.4357142857142855,2.1399138324054756,44480.00000049593,4.353459329648813,2448000.0,
0.8333333333333334,1.249128013972687,2.057142857142857,1.80731725434832,44490.00000049651,4.326950759686,2449000.0,
0.8571428571428571,1.1450340128082968,1.8857142857142855,1.6567074831526265,44500.00000049709,4.08587023722519,2450000.0,
0.8690476190476191,1.201418263439008,1.9785714285714284,1.7382877758836268,44510.000000497676,4.095327864838297,2451000.0,
0.8928571428571429,1.2621397641182357,2.0785714285714283,1.8261434757477812,44520.00000049826,4.054660535870042,2452000.0,
0.8452380952380952,1.4096062657677888,2.321428571428571,2.039507318275014,44530.00000049884,4.458122906039689,2453000.0,
0.7976190476190477,1.1667202630508775,1.9214285714285713,1.688084518818396,44540.00000049942,4.4203627179193985,2454000.0,
0.7976190476190477,1.1537085129053288,1.9,1.6692582974189343,44550.000000500004,4.404646493856357,2455000.0,
0.8690476190476191,1.4399670161074032,2.371428571428571,2.083435168207091,44560.000000500586,4.37256204599113,2456000.0,
0.8095238095238095,1.1623830130023614,1.9142857142857141,1.681809111685242,44570.00000050117,4.351764310243107,2457000.0,
0.8809523809523809,1.309849514651915,2.1571428571428575,1.895172954212474,44580.00000050175,4.166853503176975,2458000.0,
0.8928571428571429,1.1710575130993939,1.9285714285714282,1.6943599259515503,44590.00000050233,3.9563817480624897,2459000.0,
0.8690476190476191,0.8922380275591757,1.9714285714285713,1.7929809659167357,44600.000000502914,4.095268563412894,2460000.0,
0.8214285714285714,1.0215478866257226,2.2571428571428576,2.0528332798177122,44610.000000503496,4.119562644650768,2461000.0,
0.8690476190476191,1.0344788725323772,2.2857142857142856,2.0788185112078104,44620.00000050408,3.9092606205077303,2462000.0,
0.8095238095238095,1.0926683091123235,2.4142857142857137,2.1957520524632494,44630.00000050466,4.269175558379149,2463000.0,
0.8452380952380952,0.979522182429095,2.1642857142857146,1.9683812777998957,44640.00000050524,3.955488215892863,2464000.0,
0.8690476190476191,1.1767197175055792,2.5999999999999996,2.364656056498884,44650.000000505825,4.074578853079729,2465000.0,
0.7738095238095238,0.9827549289057587,2.1714285714285713,1.9748775856474197,44660.00000050641,4.326018677422118,2466000.0,
0.8928571428571429,1.1508577456922697,2.5428571428571427,2.312685593718689,44670.00000050699,3.9380246752334256,2467000.0,
0.9047619047619048,1.060340844345687,2.3428571428571425,2.130788973988005,44680.00000050757,3.7866898806499507,2468000.0,
0.8690476190476191,1.0377116190090412,2.2928571428571427,2.085314819055335,44690.00000050815,3.9168161096043885,2469000.0,
0.8928571428571429,1.2316764076088618,2.721428571428571,2.4750932899067988,44700.000000508735,4.030141576580101,2470000.0,
0.8214285714285714,1.1185302809256334,2.4714285714285715,2.247722515243445,44710.00000050932,4.2434252695959245,2471000.0,
0.9047619047619048,1.1120647879723056,2.4571428571428573,2.2347298995483955,44720.0000005099,3.8459637130794944,2472000.0,
0.8571428571428571,1.0797373232056688,2.3857142857142857,2.1697668210731518,44730.00000051048,4.0224685438006444,2473000.0,
0.8095238095238095,1.170254224552252,2.5857142857142854,2.351663440803835,44740.00000051106,4.371487571570025,2474000.0,
0.8928571428571429,1.057108097869023,2.3357142857142854,2.124292666140481,44750.000000511645,3.8372917363383046,2475000.0,
0.8571428571428571,1.137926759785615,2.5142857142857142,2.2867003623285913,44760.00000051223,4.092022886477345,2476000.0,
0.8571428571428571,0.9310309852791396,2.0571428571428574,1.8709366600870287,44770.00000051281,3.8512000384420455,2477000.0,
0.8214285714285714,1.1637887315989248,2.571428571428571,2.338670825108786,44780.00000051339,4.302580484908574,2478000.0,
0.8214285714285714,0.9762894359524312,2.1571428571428566,1.9618849699523704,44790.000000513974,4.074900182962151,2479000.0,
0.8690476190476191,1.3124950695254538,2.9,2.6375009860949086,44800.000000514556,4.2390326828017075,2480000.0,
0.8095238095238095,1.2510728864688438,2.764285714285714,2.5140711369919453,44810.00000051514,4.4754400362907605,2481000.0,
0.8214285714285714,1.0571080978690233,2.3357142857142854,2.1242926661404806,44820.00000051572,4.17502724964332,2482000.0,
0.8690476190476191,1.2349091540855255,2.7285714285714286,2.4815895977543234,44830.0000005163,4.151399574624351,2483000.0,
0.8095238095238095,1.0086169007190682,2.228571428571428,2.0268480484276146,44840.000000516884,4.1777002891882,2484000.0,
0.8333333333333334,1.0053841542424042,2.221428571428571,2.0203517405800904,44850.000000517466,4.055029556582287,2485000.0,
0.8571428571428571,1.0183151401490589,2.2500000000000004,2.046336971970188,44860.00000051805,3.9580315524572427,2486000.0,
0.8333333333333334,1.0765045767290051,2.378571428571428,2.1632705132256276,44870.00000051863,4.141516920709132,2487000.0,
0.8452380952380952,1.0959010555889872,2.4214285714285717,2.2022483603107736,44880.00000051921,4.106697023575776,2488000.0,
0.8571428571428571,1.1799524639822432,2.6071428571428568,2.3711523643464085,44890.000000519794,4.148275096929387,2489000.0,
0.7976190476190477,1.0215478866257226,2.257142857142857,2.0528332798177127,44900.00000052038,4.259848096730904,2490000.0,
0.8214285714285714,1.08943556263566,2.4071428571428566,2.1892557446157244,44910.00000052096,4.219599815446487,2491000.0,
0.8809523809523809,1.1767197175055795,2.6,2.364656056498884,44920.00000052154,4.034111571282204,2492000.0,
0.7857142857142857,1.1055992950189786,2.4428571428571426,2.221737283853347,44930.00000052212,4.433183951303198,2493000.0,
0.9047619047619048,1.280167604758817,2.8285714285714287,2.572537907619665,44940.000000522705,4.043340510581049,2494000.0,
0.8690476190476191,1.1670214780755883,2.5785714285714283,2.3451671329563104,44950.00000052329,4.079857591270834,2495000.0,
0.9404761904761905,1.0474098584390323,2.314285714285714,2.1048037425979076,44960.00000052387,3.64331934320636,2496000.0,
0.8928571428571429,1.2155126752255434,2.6857142857142855,2.442611750669177,44970.00000052445,4.026438196311623,2497000.0,
0.8333333333333334,1.1831852104589067,2.6142857142857143,2.3776486721939327,44980.00000052503,4.275819395471094,2498000.0,
0.8333333333333334,1.0280133795790496,2.2714285714285714,2.0658258955127615,44990.000000525615,4.090184626986727,2499000.0,
0.8333333333333334,1.08943556263566,2.407142857142857,2.189255744615725,45000.0000005262,4.164462675226122,2500000.0,
0.8214285714285714,1.0959010555889872,2.4214285714285713,2.2022483603107736,45010.00000052678,4.233267951795803,2501000.0,
0.8690476190476191,1.128228520355624,2.4928571428571424,2.2672114387860183,45020.00000052736,4.039054735812468,2502000.0,
0.8809523809523809,1.280167604758817,2.8285714285714283,2.5725379076196644,45030.00000052794,4.157484848705145,2503000.0,
0.7976190476190477,0.9536602106157853,2.107142857142857,1.9164108150197,45040.000000528526,4.183093398450275,2504000.0,
0.8095238095238095,0.9762894359524312,2.157142857142857,1.9618849699523702,45050.00000052911,4.15011930330072,2505000.0,
0.8214285714285714,1.1282285203556242,2.492857142857143,2.2672114387860183,45060.00000052969,4.275521677019123,2506000.0,
0.9166666666666666,1.1055992950189784,2.442857142857142,2.221737283853347,45070.00000053027,3.807144685533033,2507000.0,
0.8928571428571429,1.1670214780755883,2.5785714285714287,2.345167132956311,45080.000000530854,3.9779947221706817,2508000.0,
0.8214285714285714,1.1864179569355702,2.6214285714285714,2.3841449800414574,45090.000000531436,4.348100121551333,2509000.0,
0.8333333333333334,1.011849647195732,2.2357142857142853,2.033344356275139,45100.00000053202,4.077073862412826,2510000.0,
0.9285714285714286,1.1831852104589065,2.6142857142857143,2.3776486721939327,45110.0000005326,3.843940483115473,2511000.0,
0.8809523809523809,1.2413746470388531,2.7428571428571424,2.494582213449372,45120.00000053318,4.11831446426655,2512000.0,
0.8690476190476191,1.1120647879723058,2.4571428571428573,2.2347298995483955,45130.000000533764,4.0264827697826995,2513000.0,
0.8333333333333334,1.2252109146555346,2.7071428571428573,2.46210067421175,45140.000000534346,4.335393097650436,2514000.0,
0.8333333333333334,1.0474098584390323,2.3142857142857145,2.1048037425979076,45150.00000053493,4.122603258762095,2515000.0,
0.7976190476190477,0.8599105627925384,1.9,1.728017887441492,45160.00000053551,4.072720705657367,2516000.0,
0.9404761904761905,1.167021478075588,2.5785714285714287,2.3451671329563104,45170.00000053609,3.7811342299091404,2517000.0,
0.8452380952380952,0.9633584500457762,2.1285714285714286,1.9358997385622732,45180.000000536675,3.9667874620890164,2518000.0,
0.8214285714285714,1.0732718302523414,2.3714285714285714,2.1567742053781025,45190.00000053726,4.216154112256145,2519000.0,
0.8214285714285714,1.374908265379659,2.2642857142857142,1.989304061209783,45200.00000053784,4.157701060653335,2520000.0,
0.8333333333333334,1.2274417637301056,2.0214285714285714,1.7759402186825504,45210.00000053842,4.342070116540155,2521000.0,
0.8452380952380952,1.262139764118236,2.0785714285714283,1.8261434757477812,45220.000000539,4.3225287350762835,2522000.0,
0.8095238095238095,1.3098495146519147,2.157142857142857,1.8951729542124742,45230.000000539585,4.572752341694816,2523000.0,
0.7857142857142857,1.2838260143608171,2.114285714285714,1.8575205114135511,45240.00000054017,4.6788058365272365,2524000.0,
0.75,1.014916511352808,1.671428571428572,1.4684452691580099,45250.00000054075,4.543695031081384,2525000.0,
0.8333333333333334,1.4139435158163054,2.3285714285714283,2.0457827254081677,45260.00000054133,4.568729361900903,2526000.0,
0.8333333333333334,1.2231045136815892,2.0142857142857147,1.7696648115493965,45270.00000054191,4.340293987910707,2527000.0,
0.8214285714285714,1.36189651523411,2.2428571428571424,1.9704778398103209,45280.000000542495,4.572740685277732,2528000.0,
0.8452380952380952,1.2968377645063658,2.1357142857142852,1.8763467328130126,45290.00000054308,4.367523552437118,2529000.0,
0.8452380952380952,1.236116263827138,2.0357142857142856,1.788491032948858,45300.00000054366,4.296247410788486,2530000.0,
0.8928571428571429,1.331535764894496,2.1928571428571426,1.9265499898782434,45310.00000054424,4.1745173900752395,2531000.0,
0.8333333333333334,1.2274417637301056,2.0214285714285714,1.7759402186825504,45320.000000544824,4.348355830826235,2532000.0,
0.8690476190476191,1.1406967627597804,1.8785714285714288,1.6504320760194728,45330.000000545406,4.070388055840158,2533000.0,
0.8214285714285714,1.2447907639241707,2.05,1.8010418472151664,45340.00000054599,4.43365542281366,2534000.0,
0.7738095238095238,1.0235910114498405,1.6857142857142857,1.4809960834243174,45350.00000054657,4.421252999481557,2535000.0,
0.75,1.2274417637301054,2.0214285714285714,1.7759402186825504,45360.00000054715,4.834046161235647,2536000.0,
0.7857142857142857,1.3098495146519145,2.157142857142857,1.8951729542124742,45370.000000547734,4.719805442958788,2537000.0,
0.8214285714285714,1.2014182634390078,1.9785714285714289,1.7382877758836273,45380.000000548316,4.383172958455047,2538000.0,
0.8452380952380952,1.2274417637301056,2.021428571428571,1.7759402186825504,45390.0000005489,4.2910550444768,2539000.0,
0.8095238095238095,1.1580457629538452,1.9071428571428573,1.675533704552088,45400.00000054948,4.395230060186018,2540000.0,
0.8571428571428571,1.3228612647974636,2.1785714285714284,1.913999175611936,45410.00000055006,4.343890920104382,2541000.0,
0.8095238095238095,1.3879200155252076,2.2857142857142856,2.0081302826092444,45420.000000550644,4.68036884277424,2542000.0,
0.8690476190476191,1.426955265961854,2.349999999999999,2.0646089468076294,45430.00000055123,4.405260854045602,2543000.0,
0.8690476190476191,1.1927437633419753,1.964285714285714,1.7257369616173195,45440.00000055181,4.136305152400841,2544000.0,
0.8809523809523809,1.457316016301468,2.4,2.108536796739707,45450.00000055239,4.38127493748461,2545000.0,
0.8333333333333334,1.2708142642152682,2.0928571428571425,1.8386942900140895,45460.00000055297,4.408402831408896,2546000.0,
0.7976190476190477,1.2447907639241709,2.0499999999999994,1.801041847215166,45470.000000553555,4.573764539913028,2547000.0,
0.8690476190476191,1.2708142642152684,2.0928571428571425,1.838694290014089,45480.00000055414,4.228331482172978,2548000.0,
0.8214285714285714,1.1103360124201662,1.828571428571428,1.6065042260873956,45490.00000055472,4.278667029678857,2549000.0,
0.8333333333333334,1.1927437633419753,1.9642857142857142,1.7257369616173195,45500.0000005553,4.3170039446467925,2550000.0,
0.8333333333333334,1.153708512905329,1.9,1.6692582974189345,45510.00000055588,4.270733072694278,2551000.0,
0.7857142857142857,1.127685012614231,1.8571428571428572,1.6316058546200107,45520.000000556465,4.4970506221840845,2552000.0,
0.8571428571428571,1.2534652640212032,2.0642857142857145,1.813592661481474,45530.00000055705,4.269595585865798,2553000.0,
0.8571428571428571,1.266477014166752,2.085714285714285,1.8324188828809356,45540.00000055763,4.285331516591195,2554000.0,
0.8928571428571429,1.36189651523411,2.2428571428571424,1.9704778398103209,45550.00000055821,4.221321430456352,2555000.0,
0.7976190476190477,1.1537085129053286,1.8999999999999997,1.6692582974189345,45560.00000055879,4.464945001322553,2556000.0,
0.7976190476190477,1.1016615123231337,1.8142857142857143,1.5939534118210874,45570.000000559376,4.400289060294165,2557000.0,
0.8571428571428571,1.505025766835147,2.4785714285714286,2.1775662752043994,45580.00000055996,4.565860616926674,2558000.0,
0.8452380952380952,1.3532220151370775,2.228571428571428,1.957927025544013,45590.00000056054,4.451133088395562,2559000.0,
0.8095238095238095,1.088649762177585,1.7928571428571427,1.575127190421626,45600.00000056112,4.321270294521911,2560000.0,
0.8214285714285714,1.3445475150400448,2.2142857142857144,1.9453762112777055,45610.000000561704,4.570750598086072,2561000.0,
0.8571428571428571,1.301175014554882,2.1428571428571423,1.8826221399461662,45620.000000562286,4.3302569614887165,2562000.0,
0.8214285714285714,1.0799752620805523,1.7785714285714287,1.5625763761553182,45630.00000056287,4.249822058251394,2563000.0,
0.8571428571428571,1.2708142642152684,2.092857142857143,1.838694290014089,45640.00000056345,4.295947197203676,2564000.0,
0.75,1.2014182634390078,1.9785714285714284,1.7382877758836268,45650.00000056403,4.817760859261287,2565000.0,
0.7976190476190477,1.2578025140697195,2.0714285714285716,1.8198680686146274,45660.000000564614,4.601421062484227,2566000.0,
0.8809523809523809,1.3879200155252076,2.2857142857142856,2.0081302826092444,45670.0000005652,4.314392990658196,2567000.0,
0.8095238095238095,1.314186764700431,2.1642857142857146,1.901448361345628,45680.00000056578,4.604580709403348,2568000.0,
0.8690476190476191,1.3749082653796587,2.2642857142857142,1.9893040612097825,45690.00000056636,4.359617730088837,2569000.0,
0.9047619047619048,1.4963512667381142,2.4642857142857144,2.1650154609380916,45700.00000056694,4.322280347507864,2570000.0,
0.8214285714285714,1.231779013778622,2.0285714285714285,1.782215625815704,45710.000000567525,4.43926430669569,2571000.0,
0.7142857142857143,0.9585322607220965,1.5785714285714285,1.3868649764270093,45720.00000056811,4.723275165087615,2572000.0,
0.8095238095238095,1.3922572655737238,2.2928571428571427,2.0144056897423983,45730.00000056869,4.703961916364645,2573000.0,
0.7738095238095238,1.1103360124201662,1.8285714285714285,1.6065042260873956,45740.00000056927,4.557354231506143,2574000.0,
0.8571428571428571,1.331535764894496,2.192857142857142,1.9265499898782434,45750.00000056985,4.372900059107574,2575000.0,
0.7380952380952381,1.0886497621775848,1.7928571428571427,1.575127190421626,45760.000000570435,4.749780323024631,2576000.0,
0.8690476190476191,1.6177942680965702,2.664285714285714,2.3407268606664005,45770.00000057102,4.64348655513321,2577000.0,
0.8928571428571429,1.3662337652826262,2.2499999999999996,1.9767532469434748,45780.0000005716,4.23844581717807,2578000.0,
0.8214285714285714,1.2925005144578496,2.1285714285714286,1.870071325679859,45790.00000057218,4.517823814769224,2579000.0,
0.7976190476190477,0.8599105627925387,1.8999999999999992,1.7280178874414924,45800.00000057276,4.479273359532343,2580000.0,
0.8452380952380952,1.141159506262279,2.5214285714285714,2.293196670176115,45810.000000573345,4.212636599023284,2581000.0,
0.9047619047619048,1.0635735908223505,2.35,2.1372852818355295,45820.00000057393,3.850262916232914,2582000.0,
0.8452380952380952,1.147624999215606,2.535714285714285,2.306189285871164,45830.00000057451,4.2214126751934815,2583000.0,
0.8571428571428571,1.037711619009041,2.2928571428571427,2.0853148190553346,45840.00000057509,4.035105222241501,2584000.0,
0.8690476190476191,1.170254224552252,2.5857142857142854,2.351663440803835,45850.000000575674,4.132892532424934,2585000.0,
0.8214285714285714,1.0312461260557135,2.2785714285714285,2.0723222033602857,45860.000000576256,4.2038329651204815,2586000.0,
0.8571428571428571,0.9730566894757676,2.15,1.9553886621048462,45870.00000057684,3.961341137786113,2587000.0,
0.8452380952380952,1.0635735908223505,2.35,2.1372852818355303,45880.00000057742,4.124788473714302,2588000.0,
0.8928571428571429,1.08943556263566,2.407142857142857,2.189255744615725,45890.000000578,3.934298496880477,2589000.0,
0.8333333333333334,1.0926683091123235,2.4142857142857137,2.1957520524632494,45900.000000578584,4.219770542429683,2590000.0,
0.8690476190476191,1.1346940133089514,2.5071428571428576,2.2802040544810662,45910.000000579166,4.095261604419136,2591000.0,
0.8095238095238095,1.0506426049156956,2.3214285714285716,2.1113000504454322,45920.00000057975,4.293143806140673,2592000.0,
0.8928571428571429,1.008616900719068,2.2285714285714286,2.0268480484276146,45930.00000058033,3.8459149288673506,2593000.0,
0.8214285714285714,1.0635735908223505,2.35,2.13728528183553,45940.00000058091,4.2478258207786865,2594000.0,
0.8452380952380952,0.9859876753824224,2.1785714285714284,1.9813738934949432,45950.000000581495,4.03694034840532,2595000.0,
0.8571428571428571,1.0409443654857047,2.3,2.0918111269028588,45960.00000058208,4.045543426464665,2596000.0,
0.8690476190476191,1.1831852104589067,2.614285714285714,2.3776486721939327,45970.00000058266,4.1543473655233845,2597000.0,
0.8214285714285714,1.176719717505579,2.6,2.364656056498884,45980.00000058324,4.3878877721033325,2598000.0,
0.7619047619047619,1.0959010555889872,2.4214285714285713,2.2022483603107736,45990.00000058382,4.625242010533415,2599000.0,
0.8452380952380952,1.0409443654857047,2.3,2.0918111269028588,46000.000000584405,4.10477643247134,2600000.0,
0.9166666666666666,1.2122799287488795,2.6785714285714284,2.4361154428216527,46010.00000058499,3.9723547275269366,2601000.0,
0.8928571428571429,1.1540904921689337,2.55,2.319181901566213,46020.00000058557,4.01364535129148,2602000.0,
0.8452380952380952,1.0053841542424042,2.2214285714285715,2.02035174058009,46030.00000058615,4.064395337479364,2603000.0,
0.8214285714285714,0.9116345064191576,2.0142857142857142,1.8319588130018825,46040.00000058673,4.068653602085282,2604000.0,
0.8333333333333334,1.0377116190090412,2.2928571428571423,2.0853148190553346,46050.000000587315,4.162393942877671,2605000.0,
0.8690476190476191,1.099133802065651,2.428571428571428,2.2087446681582983,46060.0000005879,4.06256218326294,2606000.0,
0.8690476190476191,1.3027968300954627,2.878571428571428,2.618012062552335,46070.00000058848,4.297462105927413,2607000.0,
0.7857142857142857,1.0635735908223505,2.3499999999999996,2.13728528183553,46080.00000058906,4.449393661117606,2608000.0,
0.7619047619047619,1.0053841542424042,2.221428571428571,2.0203517405800904,46090.00000058964,4.512688577516387,2609000.0,
0.7976190476190477,0.989220421859086,2.1857142857142855,1.9878702013424683,46100.000000590226,4.290959931953021,2610000.0,
0.8571428571428571,1.1637887315989248,2.571428571428571,2.338670825108786,46110.00000059081,4.197195186930573,2611000.0,
0.8214285714285714,1.1282285203556242,2.492857142857143,2.267211438786018,46120.00000059139,4.336970952385019,2612000.0,
0.8571428571428571,0.96659119652244,2.1357142857142852,1.9423960464097978,46130.00000059197,3.968242507119182,2613000.0,
0.8452380952380952,1.1443922527389425,2.5285714285714285,2.2996929780236397,46140.000000592554,4.235052806123516,2614000.0,
0.8452380952380952,1.1249957738789604,2.4857142857142853,2.260715130938493,46150.000000593136,4.212668239584979,2615000.0,
0.8928571428571429,1.0732718302523414,2.3714285714285714,2.1567742053781025,46160.00000059372,3.9305951166119986,2616000.0,
0.8571428571428571,0.9536602106157853,2.1071428571428563,1.9164108150197,46170.0000005943,3.955378579117104,2617000.0,
0.7619047619047619,1.0215478866257226,2.2571428571428567,2.0528332798177127,46180.00000059488,4.539528476269821,2618000.0,
0.7619047619047619,0.8890052810825118,1.9642857142857142,1.7864846580692113,46190.000000595464,4.366191306494393,2619000.0,
0.8928571428571429,1.0506426049156956,2.3214285714285716,2.111300050445432,46200.00000059605,3.9073837175684125,2620000.0,
0.8452380952380952,1.1605559851222609,2.5642857142857145,2.3321745172612616,46210.00000059663,4.2581197571124605,2621000.0,
0.8452380952380952,1.0344788725323772,2.2857142857142856,2.07881851120781,46220.00000059721,4.10952148306249,2622000.0,
0.7619047619047619,0.9633584500457766,2.1285714285714286,1.9358997385622734,46230.00000059779,4.466279840758824,2623000.0,
0.8214285714285714,1.0247806331023863,2.2642857142857142,2.059329587665237,46240.000000598375,4.217990915729308,2624000.0,
0.7738095238095238,0.9892204218590858,2.1857142857142855,1.987870201342469,46250.00000059896,4.432220237552113,2625000.0,
0.8333333333333334,1.1055992950189784,2.442857142857142,2.2217372838533467,46260.00000059954,4.255859154090295,2626000.0,
0.8809523809523809,1.0312461260557135,2.2785714285714285,2.0723222033602857,46270.00000060012,3.941952359370388,2627000.0,
0.8809523809523809,1.1961161963655615,2.642857142857143,2.40363390358403,46280.0000006007,4.129642709451868,2628000.0,
0.8928571428571429,1.118530280925633,2.4714285714285715,2.2477225152434444,46290.000000601285,3.9882179146998222,2629000.0,
0.8809523809523809,1.0571080978690233,2.3357142857142854,2.1242926661404815,46300.00000060187,3.9729308138612667,2630000.0,
0.8809523809523809,1.315727816002117,2.907142857142857,2.6439972939424337,46310.00000060245,4.267039683093459,2631000.0,
0.8333333333333334,1.1249957738789604,2.4857142857142858,2.2607151309384927,46320.00000060303,4.282563500151044,2632000.0,
0.8214285714285714,1.1120647879723056,2.457142857142857,2.234729899548396,46330.00000060361,4.329467278179949,2633000.0,
0.7976190476190477,1.1379267597856149,2.5142857142857142,2.2867003623285913,46340.000000604196,4.49172608696622,2634000.0,
0.9047619047619048,1.2413746470388527,2.7428571428571424,2.4945822134493723,46350.00000060478,4.074674609947514,2635000.0,
0.8214285714285714,1.141159506262279,2.521428571428571,2.293196670176115,46360.00000060536,4.366626065663496,2636000.0,
0.7976190476190477,0.9795221824290947,2.1642857142857137,1.9683812777998955,46370.00000060594,4.294920348190986,2637000.0,
0.8690476190476191,0.976289435952431,2.157142857142857,1.9618849699523708,46380.000000606524,3.9387412688323096,2638000.0,
0.8333333333333334,1.0377116190090407,2.2928571428571427,2.0853148190553346,46390.000000607106,4.181822514307373,2639000.0,
0.8214285714285714,1.413943515816305,2.3285714285714283,2.0457827254081673,46400.00000060769,4.26268593509735,2640000.0,
0.8571428571428571,1.409606265767789,2.3214285714285716,2.0395073182750134,46410.00000060827,4.500648976795218,2641000.0,
0.75,1.0799752620805525,1.7785714285714282,1.5625763761553182,46420.00000060885,4.704725746341747,2642000.0,
0.8690476190476191,1.3228612647974634,2.1785714285714284,1.913999175611936,46430.000000609434,4.340275975996616,2643000.0,
0.8214285714285714,0.9932302611102267,1.6357142857142855,1.4370682334922402,46440.000000610016,4.19117597011634,2644000.0,
0.8095238095238095,1.1884065132934591,1.9571428571428569,1.7194615544841656,46450.0000006106,4.494499222373842,2645000.0,
0.8333333333333334,1.3228612647974634,2.1785714285714284,1.9139991756119357,46460.00000061118,4.528002089253714,2646000.0,
0.8095238095238095,1.3141867647004308,2.164285714285714,1.901448361345628,46470.00000061176,4.651051297641347,2647000.0,
0.9047619047619048,1.3098495146519145,2.157142857142857,1.8951729542124742,46480.000000612345,4.157199463625507,2648000.0,
0.7857142857142857,1.3055122646033983,2.15,1.8888975470793203,46490.00000061293,4.782164094416144,2649000.0,
0.8095238095238095,1.3922572655737238,2.292857142857143,2.014405689742398,46500.00000061351,4.749256034014341,2650000.0,
0.7619047619047619,1.0713007619835195,1.7642857142857142,1.5500255618890104,46510.00000061409,4.62545412517813,2651000.0,
0.7976190476190477,1.1406967627597802,1.8785714285714281,1.6504320760194726,46520.00000061467,4.505945195173262,2652000.0,
0.8333333333333334,1.2057555134875242,1.9857142857142855,1.7445631830167811,46530.000000615255,4.391475187682019,2653000.0,
0.8214285714285714,1.4529787662529519,2.3928571428571423,2.1022613896065523,46540.00000061584,4.756666903913618,2654000.0,
0.8928571428571429,1.253465264021203,2.064285714285714,1.8135926614814735,46550.00000061642,4.153211762434334,2655000.0,
0.8095238095238095,1.1537085129053288,1.9,1.6692582974189343,46560.000000617,4.458107574835941,2656000.0,
0.8809523809523809,1.3488847650885611,2.2214285714285715,1.9516516184108592,46570.00000061758,4.3187313550302395,2657000.0,
0.8928571428571429,1.231779013778622,2.0285714285714285,1.7822156258157043,46580.000000618165,4.130523162162736,2658000.0,
0.8333333333333334,1.3185240147489472,2.1714285714285713,1.9077237684787822,46590.00000061875,4.530225960624497,2659000.0,
0.7976190476190477,1.032265511546873,1.6999999999999995,1.4935468976906254,46600.00000061933,4.374777656339448,2660000.0,
0.8690476190476191,1.4312925160103704,2.3571428571428568,2.070884353940783,46610.00000061991,4.474909196570946,2661000.0,
0.8690476190476191,1.5310492671262448,2.5214285714285714,2.2152187180033223,46620.000000620494,4.590245732101573,2662000.0,
0.8095238095238095,1.0279282614983567,1.6928571428571426,1.4872714905574713,46630.000000621076,4.306849617215803,2663000.0,
0.8690476190476191,1.5137002669321795,2.4928571428571424,2.190117089470707,46640.00000062166,4.571378389412576,2664000.0,
0.7619047619047619,1.249128013972687,2.057142857142857,1.8073172543483196,46650.00000062224,4.867602393414422,2665000.0,
0.8571428571428571,1.457316016301468,2.3999999999999995,2.1085367967397066,46660.00000062282,4.570199241307541,2666000.0,
0.8235294117647058,1.165852813041174,1.92,1.6868294373917654,46670.000000623404,4.368246987333168,2667000.0,
0.8823529411764706,1.2472910610109627,2.0541176470588236,1.8046594348566312,46680.000000623986,4.169860535876748,2668000.0,
0.8117647058823529,1.2301461667015332,2.025882352941176,1.77985311960087,46690.00000062457,4.511916292383433,2669000.0,
0.7411764705882353,1.1401354715770309,1.8776470588235288,1.6496199645081229,46700.00000062515,4.820814525220262,2670000.0,
0.8352941176470589,1.2087150488147471,1.9905882352941182,1.7488452255311686,46710.00000062573,4.3602898472406295,2671000.0,
0.788235294117647,1.058697223607243,1.7435294117647053,1.5317899670432573,46720.000000626314,4.43088155240969,2672000.0,
0.8941176470588236,1.4015951097958237,2.3082352941176465,2.0279162721584827,46730.0000006269,4.290202425493169,2673000.0,
0.7764705882352941,1.0458385528751712,1.7223529411764706,1.5131852306014362,46740.00000062748,4.482667833321632,2674000.0,
0.8588235294117647,1.3458742032901794,2.216470588235294,1.9472957475772579,46750.00000062806,4.402727497048025,2675000.0,
0.8470588235294118,1.2087150488147473,1.9905882352941175,1.7488452255311686,46760.00000062864,4.3025080438068946,2676000.0,
0.7294117647058823,1.2644359553203912,2.0823529411764703,1.8294657501123923,46770.000000629225,5.0734976807593295,2677000.0,
0.7647058823529411,1.1401354715770309,1.8776470588235294,1.6496199645081235,46780.00000062981,4.677404847521463,2678000.0,
0.8941176470588236,1.3973088862184664,2.301176470588235,2.0217146933445425,46790.00000063039,4.288566517544994,2679000.0,
0.8235294117647058,1.2044288252373898,1.9835294117647062,1.7426436467172286,46800.00000063097,4.422517859286147,2680000.0,
0.8588235294117647,1.3673053211769655,2.251764705882353,1.97830364164696,46810.00000063155,4.4309692096561175,2681000.0,
0.8705882352941177,1.4573160163014678,2.4,2.108536796739706,46820.000000632135,4.475022451222724,2682000.0,
0.8235294117647058,1.2001426016600327,1.9764705882352944,1.7364420679032877,46830.00000063272,4.419027444942314,2683000.0,
0.8352941176470589,1.1658528130411743,1.92,1.6868294373917654,46840.0000006333,4.316299846667061,2684000.0,
0.7294117647058823,1.1315630244223163,1.8635294117647059,1.6372168068802426,46850.00000063388,4.896494469044528,2685000.0,
0.8,1.1315630244223165,1.8635294117647059,1.6372168068802428,46860.00000063446,4.4650390747171045,2686000.0,
0.8235294117647058,0.9858314227921695,1.623529411764706,1.426363127206272,46870.000000635046,4.161078156317184,2687000.0,
0.8235294117647058,1.0972732358034583,1.8070588235294116,1.5876041763687199,46880.00000063563,4.296971786402353,2688000.0,
0.8117647058823529,1.1444216951543884,1.884705882352941,1.6558215433220635,46890.00000063621,4.417907885405741,2689000.0,
0.9294117647058824,1.2772946260524631,2.103529411764706,1.8480704865542137,46900.00000063679,4.002149914168795,2690000.0,
0.8235294117647058,1.3201568618260358,2.174117647058823,1.9100862746936167,46910.000000637374,4.569330475144155,2691000.0,
0.8352941176470589,1.273008402475106,2.0964705882352948,1.8418689077402732,46920.000000637956,4.449091749510763,2692000.0,
0.8117647058823529,1.1872839309279608,1.9552941176470586,1.717837331461467,46930.00000063854,4.473028030924045,2693000.0,
0.9764705882352941,1.5987613943542573,2.632941176470588,2.313188897599737,46940.00000063912,4.140415885843333,2694000.0,
0.8352941176470589,1.307298191093964,2.1529411764705877,1.8914815382517955,46950.0000006397,4.4918330457447055,2695000.0,
0.8588235294117647,1.2044288252373898,1.9835294117647058,1.742643646717228,46960.000000640284,4.2495376732885966,2696000.0,
0.9058823529411765,1.2215737195468188,2.0117647058823525,1.76744996197299,46970.000000640866,4.048228132030798,2697000.0,
0.8117647058823529,1.0029763171015988,1.6517647058823526,1.4511694424620334,46980.00000064145,4.248880970413478,2698000.0,
0.8235294117647058,1.15728036588646,1.9058823529411764,1.6744262797638847,46990.00000064203,4.376123301503507,2699000.0,
0.8235294117647058,1.0159191045251788,2.2447058823529407,2.0415220614479055,47000.00000064261,4.626520332869506,2700000.0,
0.8705882352941177,1.182044241114202,2.611764705882353,2.3753558576595117,47010.000000643195,4.169102168913625,2701000.0,
0.8588235294117647,1.0350873895162198,2.287058823529412,2.0800413456261673,47020.00000064378,4.055646960462768,2702000.0,
0.9058823529411765,1.3226116643818366,2.92235294117647,2.6578306083001024,47030.00000064436,4.162880408796907,2703000.0,
0.8823529411764706,1.14370767113212,2.527058823529412,2.2983172893029877,47040.00000064494,4.071666027348511,2704000.0,
0.9058823529411765,1.0191138186903521,2.251764705882353,2.0479419421442824,47050.00000064552,3.8288892804362384,2705000.0,
0.9176470588235294,1.194823097774896,2.6399999999999997,2.40103538044502,47060.000000646105,3.9717918373817804,2706000.0,
0.9058823529411765,1.0095296761948316,2.2305882352941175,2.028682300055151,47070.00000064669,3.819348343915269,2707000.0,
0.8352941176470589,1.0957869586545168,2.4211764705882355,2.2020190788573317,47080.00000064727,4.245939316768328,2708000.0,
0.8588235294117647,1.067034531167955,2.357647058823529,2.144240152589938,47090.00000064785,4.096681303482136,2709000.0,
0.8470588235294118,1.1053711011500376,2.4423529411764706,2.221278720946463,47100.00000064843,4.199393661148267,2710000.0,
0.8470588235294118,0.9743878203779232,2.1529411764705877,1.9580636123950035,47110.000000649015,4.045316176903442,2711000.0,
0.8235294117647058,1.1469023852972935,2.5341176470588236,2.3047371699993646,47120.0000006496,4.370950039359952,2712000.0,
0.8,1.0638398170027819,2.3505882352941176,2.1378202718935615,47130.00000065018,4.396267418384787,2713000.0,
0.8705882352941177,1.067034531167955,2.357647058823529,2.1442401525899384,47140.00000065076,4.044023448029831,2714000.0,
0.8470588235294118,1.1564865277928136,2.5552941176470587,2.3239968120884957,47150.000000651344,4.262516039823928,2715000.0,
0.8588235294117647,1.067034531167955,2.357647058823529,2.1442401525899384,47160.000000651926,4.100516919920715,2716000.0,
0.8470588235294118,1.0159191045251788,2.244705882352941,2.041522061447905,47170.00000065251,4.097679498466369,2717000.0,
0.8470588235294118,0.9488301070565347,2.096470588235294,1.9067045668239868,47180.00000065309,4.019032765343696,2718000.0,
0.8823529411764706,0.9711931062127493,2.145882352941176,1.9516437316986266,47190.00000065367,3.8841495204403556,2719000.0,
0.788235294117647,0.9967508195341375,2.20235294117647,2.003002777269643,47200.000000654254,4.380949547243985,2720000.0,
0.8588235294117647,0.9041041087441054,1.997647058823529,1.8168262370747084,47210.000000654836,3.913543140386255,2721000.0,
0.8235294117647058,0.9903613912037905,2.1882352941176473,1.9901630158768884,47220.00000065542,4.186578832246745,2722000.0,
0.8352941176470589,1.0638398170027819,2.3505882352941176,2.1378202718935606,47230.000000656,4.216143442960406,2723000.0,
0.8941176470588236,1.0638398170027819,2.3505882352941176,2.137820271893561,47240.00000065658,3.9392919006604097,2724000.0,
0.8588235294117647,0.955219535386882,2.1105882352941174,1.9195443282167408,47250.000000657164,3.975252883737561,2725000.0,
0.8941176470588236,1.079813387828649,2.3858823529411763,2.169919675375447,47260.00000065775,3.9582097101367695,2726000.0,
0.8705882352941177,1.3258063785470098,2.929411764705882,2.6642504889964793,47270.00000065833,4.348288407857533,2727000.0,
0.8588235294117647,1.1117605294803843,2.4564705882352937,2.234118482339217,47280.00000065891,4.159170479599953,2728000.0,
0.8941176470588236,1.1245393861410786,2.484705882352941,2.259798005124725,47290.00000065949,4.009811155617868,2729000.0,
0.8352941176470589,1.0446715320117406,2.3082352941176465,2.099300987715299,47300.000000660075,4.197139158112204,2730000.0,
0.8117647058823529,0.9168829654047997,2.025882352941176,1.8425057598602161,47310.00000066066,4.161954377744622,2731000.0,
0.8705882352941177,1.1916283836097226,2.6329411764705886,2.3946154997486433,47320.00000066124,4.196867737997294,2732000.0,
0.8470588235294118,1.1053711011500373,2.4423529411764706,2.221278720946463,47330.00000066182,4.212171438926788,2733000.0,
0.8470588235294118,0.9584142495520556,2.1176470588235294,1.9259642089131186,47340.0000006624,4.039236266901425,2734000.0,
0.8705882352941177,0.9552195353868819,2.110588235294117,1.9195443282167408,47350.000000662985,3.92693865557926,2735000.0,
0.9176470588235294,1.1788495269490284,2.604705882352941,2.368935976963135,47360.00000066357,3.969769356354487,2736000.0,
0.8588235294117647,1.0989816728196904,2.428235294117647,2.2084389595537086,47370.00000066415,4.149222495817241,2737000.0,
0.8823529411764706,1.1916283836097223,2.632941176470588,2.3946154997486437,47380.00000066473,4.144109501490848,2738000.0,
0.8235294117647058,0.9807772487082703,2.1670588235294113,1.9709033737877575,47390.00000066531,4.184655230645608,2739000.0,
0.8588235294117647,1.1500970994624666,2.541176470588235,2.311157050695742,47400.000000665896,4.210384293963036,2740000.0,
0.9058823529411765,1.418453089337042,3.134117647058823,2.850427029191415,47410.00000066648,4.2884196441382185,2741000.0,
0.8588235294117647,1.1117605294803843,2.4564705882352937,2.234118482339217,47420.00000066706,4.166841712477113,2742000.0,
0.788235294117647,1.233159667756978,2.7247058823529406,2.4780739488015455,47430.00000066764,4.694602563646896,2743000.0,
0.8117647058823529,0.8945199662485852,1.9764705882352942,1.7975665949855768,47440.000000668224,4.141941987480158,2744000.0,
0.788235294117647,1.134123528636599,2.505882352941176,2.279057647213856,47450.000000668806,4.570153730434543,2745000.0,
0.9058823529411765,1.0318926753510465,2.28,2.0736214649297904,47460.00000066939,3.8642945118161656,2746000.0,
0.8470588235294118,1.0766186736634755,2.378823529411765,2.1634997946790695,47470.00000066997,4.18600537870005,2747000.0,
0.8705882352941177,1.1564865277928136,2.555294117647059,2.323996812088496,47480.00000067055,4.165150741451347,2748000.0,
0.8235294117647058,1.2395490960873252,2.7388235294117647,2.4909137101942993,47490.000000671134,4.504592473891935,2749000.0,
0.8588235294117647,1.1916283836097221,2.6329411764705877,2.394615499748644,47500.00000067172,4.264222090573172,2750000.0,
0.8823529411764706,1.255522666913193,2.7741176470588234,2.5230131136761846,47510.0000006723,4.2234563559018525,2751000.0,
0.8941176470588236,1.0446715320117403,2.308235294117647,2.0993009877152984,47520.00000067288,3.9325905292897074,2752000.0,
0.8352941176470589,0.9424406787261878,2.0823529411764707,1.8938648054312328,47530.00000067346,4.087707854883776,2753000.0,
0.8352941176470589,0.9424406787261879,2.0823529411764707,1.8938648054312326,47540.000000674045,4.0882712351655,2754000.0,
0.8705882352941177,1.344974663538051,2.971764705882353,2.7027697731747424,47550.00000067463,4.385441167645421,2755000.0,
0.8117647058823529,1.1596812419579872,2.5623529411764703,2.330416692784873,47560.00000067521,4.475546457557363,2756000.0,
0.8588235294117647,1.2427438102524988,2.7458823529411767,2.497333590890676,47570.00000067579,4.3275756695410115,2757000.0,
0.8352941176470589,1.0766186736634757,2.378823529411765,2.163499794679069,47580.00000067637,4.251160384034215,2758000.0,
0.8117647058823529,1.0159191045251788,2.244705882352941,2.0415220614479055,47590.000000676955,4.300187302748933,2759000.0,
0.8470588235294118,1.3072981910939643,2.152941176470588,1.8914815382517955,47600.00000067754,4.072538399127248,2760000.0,
0.8117647058823529,1.2687221788977487,2.089411764705882,1.835667328926333,47610.00000067812,4.612770800164485,2761000.0,
0.8823529411764706,1.371591544754323,2.2588235294117647,1.9845052204609006,47620.0000006787,4.360867750788808,2762000.0,
0.8235294117647058,1.3887364390637518,2.2870588235294114,2.009311535716661,47630.00000067928,4.693748533220919,2763000.0,
0.8352941176470589,1.2901532967845346,2.1247058823529414,1.866675222996034,47640.000000679865,4.5101807074892,2764000.0,
0.8941176470588236,1.174425260195889,1.9341176470588233,1.6992325950196456,47650.00000068045,4.0845519358118505,2765000.0,
0.7764705882352941,1.2558635081656768,2.0682352941176467,1.8170625924845116,47660.00000068103,4.8089120939262875,2766000.0,
0.8470588235294118,1.1829977073506035,1.948235294117647,1.7116357526475265,47670.00000068161,4.322702849025778,2767000.0,
0.8352941176470589,1.3415879797128216,2.209411764705882,1.9410941687633176,47680.000000682194,4.574010961699252,2768000.0,
0.7411764705882353,1.1229905772676019,1.8494117647058823,1.624813649252362,47690.000000682776,4.8605396678223105,2769000.0,
0.788235294117647,1.2130012723921044,1.9976470588235296,1.7550468043451088,47700.00000068336,4.685147882961054,2770000.0,
0.8352941176470589,1.3415879797128218,2.209411764705882,1.9410941687633183,47710.00000068394,4.575701102544421,2771000.0,
0.8117647058823529,1.1315630244223165,1.8635294117647057,1.6372168068802426,47720.00000068452,4.45018343595599,2772000.0,
0.8352941176470589,1.2344323902788907,2.0329411764705885,1.7860546984148107,47730.000000685104,4.44854300251795,2773000.0,
0.788235294117647,1.3673053211769655,2.251764705882353,1.9783036416469595,47740.000000685686,4.8832948105240765,2774000.0,
0.8705882352941177,1.3715915447543223,2.2588235294117647,1.9845052204609002,47750.00000068627,4.426825423097173,2775000.0,
0.8588235294117647,1.354446650444894,2.2305882352941175,1.959698905205139,47760.00000068685,4.468051579354681,2776000.0,
0.8705882352941177,1.3501604268675367,2.2235294117647055,1.9534973263911986,47770.00000068743,4.403289679578631,2777000.0,
0.8352941176470589,1.1872839309279606,1.9552941176470586,1.7178373314614666,47780.000000688015,4.394914565267,2778000.0,
0.8117647058823529,1.1958563780826754,1.9694117647058822,1.7302404890893477,47790.0000006886,4.533443364378407,2779000.0,
0.7764705882352941,1.1058456829581729,1.8211764705882352,1.6000073339966006,47800.00000068918,4.624192167523177,2780000.0,
0.8352941176470589,1.277294626052463,2.1035294117647054,1.848070486554213,47810.00000068976,4.5043639890077,2781000.0,
0.7764705882352941,0.9558278577506686,1.5741176470588236,1.3829520755086897,47820.00000069034,4.432199513846917,2782000.0,
0.7764705882352941,1.0201212114110276,1.6799999999999997,1.4759757577177943,47830.000000690925,4.515607620833777,2783000.0,
0.8352941176470589,1.307298191093964,2.152941176470588,1.8914815382517953,47840.00000069151,4.541973890818046,2784000.0,
0.8588235294117647,1.3673053211769657,2.2517647058823527,1.9783036416469595,47850.00000069209,4.487955511029298,2785000.0,
0.788235294117647,1.2430048374336051,2.0470588235294116,1.798457856042691,47860.00000069267,4.732764346073962,2786000.0,
0.8705882352941177,1.2987257439392492,2.138823529411765,1.8790783806239153,47870.00000069325,4.3496147059451005,2787000.0,
0.8352941176470589,1.4101675569505379,2.3223529411764705,2.0403194297863627,47880.000000693835,4.667380878111259,2788000.0,
0.7529411764705882,1.0544110000298859,1.7364705882352938,1.5255883882293169,47890.00000069442,4.706011484494473,2789000.0,
0.8352941176470589,1.1272768008449592,1.8564705882352937,1.6310152280663022,47900.000000695,4.329835606717321,2790000.0,
0.8,1.3501604268675367,2.2235294117647055,1.9534973263911986,47910.00000069558,4.800050533659578,2791000.0,
0.7647058823529411,1.1572803658864599,1.9058823529411764,1.6744262797638847,47920.00000069616,4.769978940084032,2792000.0,
0.9411764705882353,1.324443085403393,2.1811764705882353,1.9162878535075567,47930.000000696746,4.0537182783050465,2793000.0,
0.7647058823529411,0.9258242927091678,1.5247058823529414,1.3395410238111074,47940.00000069733,4.4685363828522595,2794000.0,
0.8588235294117647,1.2044288252373898,1.9835294117647058,1.742643646717228,47950.00000069791,4.30378424863422,2795000.0,
0.8,1.2687221788977485,2.0894117647058827,1.8356673289263326,47960.00000069849,4.701193900168101,2796000.0,
0.7764705882352941,1.127276800844959,1.8564705882352943,1.631015228066302,47970.000000699074,4.662095879953728,2797000.0,
0.7764705882352941,1.075842117916672,1.771764705882353,1.5565962822990187,47980.000000699656,4.5964603034552125,2798000.0,
0.8470588235294118,1.307298191093964,2.152941176470588,1.8914815382517955,47990.00000070024,4.487224253446058,2799000.0,
0.8705882352941177,1.1744252601958889,1.9341176470588233,1.6992325950196459,48000.00000070082,4.213864150294354,2800000.0,
0.7764705882352941,1.225859943124176,2.0188235294117645,1.7736515407869295,48010.0000007014,4.791483260161953,2801000.0,
0.8,1.1958563780826752,1.9694117647058822,1.7302404890893472,48020.000000701984,4.613641060914171,2802000.0,
0.9294117647058824,1.3030119675166068,2.1458823529411766,1.8852799594378555,48030.00000070257,4.08703566131709,2803000.0,
0.8470588235294118,1.195856378082675,1.9694117647058822,1.7302404890893477,48040.00000070315,4.358438779752337,2804000.0,
0.8117647058823529,1.208715048814747,1.9905882352941175,1.7488452255311682,48050.00000070373,4.564356219628937,2805000.0,
0.8235294117647058,1.2172874959694617,2.004705882352941,1.7612483831590486,48060.00000070431,4.510131959464997,2806000.0,
0.8470588235294118,1.457316016301468,2.4,2.1085367967397066,48070.000000704895,4.668773074871843,2807000.0,
0.8352941176470589,1.2601497317430344,2.0752941176470587,1.8232641712984523,48080.00000070548,4.4990496789198335,2808000.0,
0.8,1.1872839309279606,1.9552941176470593,1.717837331461467,48090.00000070606,4.607043149029841,2809000.0,
0.8235294117647058,1.1144181301128875,1.8352941176470592,1.6124104916244812,48100.00000070664,4.387504872353576,2810000.0,
0.8705882352941177,1.3801639919090374,2.2729411764705874,1.9969083780887806,48110.00000070722,4.456131612397641,2811000.0,
0.788235294117647,1.311584414671321,2.16,1.8976831170657356,48120.000000707805,4.835290675406297,2812000.0,
0.7294117647058823,1.0458385528751712,1.7223529411764706,1.5131852306014362,48130.00000070839,4.861549629025022,2813000.0,
0.8352941176470589,1.427312451259967,2.3505882352941176,2.065125745042124,48140.00000070897,4.7025543431304415,2814000.0,
0.8235294117647058,1.3072981910939638,2.152941176470588,1.8914815382517953,48150.00000070955,4.624573517830763,2815000.0,
0.7647058823529411,1.2130012723921042,1.997647058823529,1.7550468043451086,48160.00000071013,4.8576139716691955,2816000.0,
0.8,1.1615665894638172,1.9129411764705881,1.680627858577825,48170.000000710716,4.579602354552876,2817000.0,
0.8352941176470589,1.2558635081656768,2.0682352941176467,1.8170625924845119,48180.0000007113,4.499552087313465,2818000.0,
0.8823529411764706,1.2472910610109624,2.054117647058823,1.8046594348566312,48190.00000071188,4.250393869214769,2819000.0,
0.8235294117647058,0.9456353928913614,2.0894117647058827,1.90028468612761,48200.00000071246,4.580588360164097,2820000.0,
0.8588235294117647,1.1628759561231607,2.5694117647058823,2.336836573481249,48210.000000713044,4.269647346241769,2821000.0,
0.8235294117647058,1.1309288144714253,2.4988235294117644,2.2726377665174797,48220.000000713626,4.414410703360772,2822000.0,
0.8588235294117647,1.0127243903600052,2.237647058823529,2.035102180751528,48230.00000071421,4.09590922172309,2823000.0,
0.8235294117647058,0.9200776795699732,2.032941176470588,1.8489256405565935,48240.00000071479,4.159520039551931,2824000.0,
0.8235294117647058,1.1852389552793756,2.6188235294117646,2.381775738355889,48250.00000071537,4.482073017199095,2825000.0,
0.8470588235294118,1.0734239594983024,2.3717647058823523,2.1570799139826926,48260.000000715954,4.226122730035387,2826000.0,
0.8470588235294118,1.1596812419579872,2.5623529411764707,2.330416692784873,48270.000000716536,4.328509799605881,2827000.0,
0.8117647058823529,1.0830081019938225,2.3929411764705883,2.1763395560718233,48280.00000071712,4.42283316919814,2828000.0,
0.8352941176470589,0.9392459645610143,2.0752941176470587,1.887444924734856,48290.0000007177,4.126700098491343,2829000.0,
0.8,1.0766186736634755,2.3788235294117643,2.1634997946790695,48300.00000071828,4.481064518626425,2830000.0,
0.8705882352941177,0.9903613912037903,2.188235294117647,1.9901630158768884,48310.000000718865,4.01919619266927,2831000.0,
0.8470588235294118,0.9296618220654939,2.0541176470588236,1.8681852826457241,48320.00000071945,4.05973687334407,2832000.0,
0.7647058823529411,0.9009093945789323,1.9905882352941175,1.810406356378331,48330.00000072003,4.45995536222181,2833000.0,
0.8117647058823529,0.999945533699311,2.209411764705882,2.0094226579660206,48340.00000072061,4.323987976371771,2834000.0,
0.8117647058823529,0.9967508195341377,2.2023529411764704,2.003002777269643,48350.00000072119,4.320632169066881,2835000.0,
0.7529411764705882,1.0063349620296582,2.2235294117647055,2.0222624193587735,48360.000000721775,4.67153549652713,2836000.0,
0.8,0.999945533699311,2.209411764705882,2.0094226579660197,48370.00000072236,4.389340740730282,2837000.0,
0.7647058823529411,0.9264671079003205,2.0470588235294116,1.8617654019493473,48380.00000072294,4.496453910411497,2838000.0,
0.8470588235294118,0.9903613912037906,2.1882352941176473,1.9901630158768886,48390.00000072352,4.135284975799231,2839000.0,
0.8117647058823529,1.0031402478644849,2.216470588235294,2.0158425386623975,48400.0000007241,4.33140175469139,2840000.0,
0.8823529411764706,1.15329181362764,2.5482352941176463,2.317576931392119,48410.000000724685,4.15559472218102,2841000.0,
0.8235294117647058,1.1309288144714256,2.4988235294117644,2.2726377665174797,48420.00000072527,4.425839274790008,2842000.0,
0.8705882352941177,1.086202816158996,2.3999999999999995,2.1827594367682006,48430.00000072585,4.135770802415491,2843000.0,
0.8470588235294118,1.1277341003062522,2.491764705882353,2.2662178858211024,48440.00000072643,4.300238868489798,2844000.0,
0.8823529411764706,1.1245393861410786,2.484705882352941,2.2597980051247255,48450.000000727014,4.125141971029707,2845000.0,
0.8823529411764706,0.961608963717229,2.124705882352941,1.9323840896094948,48460.000000727596,3.941020825616042,2846000.0,
0.8117647058823529,1.1373182428017723,2.5129411764705876,2.285477527910234,48470.00000072818,4.500751458599878,2847000.0,
0.9058823529411765,1.2714962377390604,2.809411764705882,2.55511251715807,48480.00000072876,4.181778963806019,2848000.0,
0.7529411764705882,0.9424406787261879,2.0823529411764707,1.8938648054312326,48490.00000072934,4.594800901515183,2849000.0,
0.8588235294117647,1.32580637854701,2.929411764705882,2.6642504889964793,48500.000000729924,4.4752512627636145,2850000.0,
0.8705882352941177,1.319416950216663,2.915294117647058,2.651410727603726,48510.000000730506,4.407976226671171,2851000.0,
0.8588235294117647,1.15329181362764,2.548235294117647,2.317576931392119,48520.00000073109,4.275474029638384,2852000.0,
0.8470588235294118,1.1596812419579872,2.56235294117647,2.330416692784873,48530.00000073167,4.342954244051165,2853000.0,
0.8705882352941177,1.1277341003062522,2.491764705882353,2.266217885821102,48540.00000073225,4.189421601774173,2854000.0,
0.8588235294117647,1.0510609603420877,2.3223529411764705,2.1121407491080526,48550.000000732834,4.158081940196398,2855000.0,
0.8705882352941177,1.2107966686007634,2.6752941176470584,2.433134783926906,48560.00000073342,4.285912389680092,2856000.0,
0.8235294117647058,1.0063349620296584,2.2235294117647055,2.0222624193587744,48570.000000734,4.2831181682540755,2857000.0,
0.8470588235294118,1.0638398170027816,2.3505882352941176,2.1378202718935615,48580.00000073458,4.232585895145876,2858000.0,
0.8941176470588236,1.3353905210425308,2.9505882352941173,2.683510131085611,48590.00000073516,4.314052556498474,2859000.0,
0.8352941176470589,1.134123528636599,2.505882352941176,2.279057647213856,48600.000000735745,4.377469013230735,2860000.0,
0.9294117647058824,1.1181499578107317,2.4705882352941173,2.246958243731971,48610.00000073633,3.9175005875846307,2861000.0,
0.8352941176470589,1.047866246176914,2.3152941176470585,2.1057208684116757,48620.00000073691,4.275330013103009,2862000.0,
0.8941176470588236,0.961608963717229,2.124705882352941,1.932384089609495,48630.00000073749,3.8981126568584563,2863000.0,
0.8588235294117647,1.0414768178465665,2.301176470588235,2.092881107018922,48640.00000073807,4.151853829071763,2864000.0,
0.8823529411764706,1.1245393861410786,2.4847058823529413,2.259798005124726,48650.000000738655,4.135808637696996,2865000.0,
0.8235294117647058,0.9392459645610142,2.0752941176470587,1.8874449247348557,48660.00000073924,4.206795814185307,2866000.0,
0.8470588235294118,1.060645102837608,2.3435294117647056,2.131400391197184,48670.00000073982,4.2338143575900595,2867000.0,
0.8470588235294118,1.003140247864485,2.216470588235294,2.015842538662397,48680.0000007404,4.16648223713571,2868000.0,
0.8117647058823529,1.0893975303241696,2.407058823529412,2.1891793174645775,48690.00000074098,4.454472320041256,2869000.0,
0.8,1.0510609603420877,2.3223529411764705,2.1121407491080526,48700.000000741566,4.472646788740765,2870000.0,
0.8470588235294118,1.0318926753510465,2.2799999999999994,2.0736214649297904,48710.00000074215,4.202092741807442,2871000.0,
0.788235294117647,0.9743878203779232,2.1529411764705877,1.9580636123950035,48720.00000074273,4.443324846827205,2872000.0,
0.788235294117647,1.0159191045251785,2.244705882352941,2.041522061447905,48730.00000074331,4.496610804327489,2873000.0,
0.8470588235294118,1.0989816728196904,2.4282352941176466,2.208438959553709,48740.000000743894,4.282961697152466,2874000.0,
0.8352941176470589,1.0989816728196904,2.4282352941176466,2.208438959553708,48750.000000744476,4.343848481619435,2875000.0,
0.7647058823529411,0.9296618220654939,2.0541176470588236,1.8681852826457246,48760.00000074506,4.524016228936547,2876000.0,
0.8470588235294118,1.0095296761948316,2.230588235294118,2.0286823000551517,48770.00000074564,4.179025312248216,2877000.0,
0.8117647058823529,0.948830107056535,2.0964705882352943,1.906704566823987,48780.00000074622,4.2865269435524445,2878000.0,
0.8588235294117647,1.0286979611858729,2.272941176470588,2.0672015842334135,48790.000000746804,4.14519351652212,2879000.0,
0.8823529411764706,1.3973088862184664,2.3011764705882354,2.0217146933445425,48800.00000074739,4.0496710602970145,2880000.0,
0.7647058823529411,1.2301461667015334,2.0258823529411765,1.77985311960087,48810.00000074797,4.920034218076162,2881000.0,
0.8588235294117647,1.264435955320391,2.08235294117647,1.8294657501123923,48820.00000074855,4.421326797363776,2882000.0,
0.8,1.191570154505318,1.96235294117647,1.724038910275407,48830.00000074913,4.655930340268776,2883000.0,
0.9058823529411765,1.4658884634561826,2.4141176470588235,2.120939954367587,48840.000000749715,4.415069083105229,2884000.0,
0.8588235294117647,1.341587979712822,2.209411764705882,1.9410941687633179,48850.0000007503,4.512805181930402,2885000.0,
0.7529411764705882,1.341587979712822,2.209411764705882,1.9410941687633179,48860.00000075088,5.148043410639401,2886000.0,
0.8117647058823529,1.1958563780826754,1.9694117647058822,1.7302404890893472,48870.00000075146,4.596052060034225,2887000.0,
0.8705882352941177,1.2301461667015334,2.0258823529411765,1.77985311960087,48880.00000075204,4.325435461823876,2888000.0,
0.8823529411764706,1.2772946260524631,2.103529411764706,1.8480704865542132,48890.000000752625,4.321731242930642,2889000.0,
0.8823529411764706,1.2301461667015332,2.025882352941176,1.77985311960087,48900.00000075321,4.268829655666286,2890000.0,
0.8588235294117647,1.238718613856248,2.0399999999999996,1.792256277228751,48910.00000075379,4.396313454563351,2891000.0,
0.7529411764705882,1.080128341494029,1.7788235294117645,1.5627978611129587,48920.00000075437,4.804542328630285,2892000.0,
0.8352941176470589,1.1872839309279606,1.955294117647059,1.717837331461467,48930.00000075495,4.459703297665137,2893000.0,
0.7294117647058823,1.3415879797128218,2.209411764705882,1.9410941687633176,48940.000000755535,5.319270617434521,2894000.0,
0.7647058823529411,0.9986900935242413,1.644705882352941,1.444967863648093,48950.00000075612,4.625976276229435,2895000.0,
0.8,1.1315630244223163,1.8635294117647059,1.6372168068802426,48960.0000007567,4.588568486489,2896000.0,
0.788235294117647,1.1872839309279608,1.9552941176470586,1.7178373314614666,48970.00000075728,4.728342300510957,2897000.0,
0.9058823529411765,1.2987257439392497,2.1388235294117646,1.8790783806239149,48980.000000757864,4.237811535586961,2898000.0,
0.8823529411764706,1.3973088862184664,2.301176470588235,2.0217146933445425,48990.000000758446,4.463080737785757,2899000.0,
0.8941176470588236,1.2430048374336053,2.0470588235294116,1.798457856042691,49000.00000075903,4.232305410358169,2900000.0,
0.8,1.1529941423091026,1.8988235294117641,1.668224700949944,49010.00000075961,4.618298560318242,2901000.0,
0.8117647058823529,1.2344323902788907,2.032941176470588,1.7860546984148102,49020.00000076019,4.652268886653258,2902000.0,
0.7529411764705882,1.0929870122261007,1.8,1.5814025975547796,49030.000000760774,4.828495250696719,2903000.0,
0.788235294117647,1.1487079187317453,1.8917647058823523,1.662023122136004,49040.000000761356,4.683581688023464,2904000.0,
0.8470588235294118,1.3673053211769657,2.2517647058823527,1.9783036416469595,49050.00000076194,4.616954893130807,2905000.0,
0.8705882352941177,1.3373017561354648,2.2023529411764704,1.9348925899493779,49060.00000076252,4.4582493145526065,2906000.0,
0.7647058823529411,1.1872839309279608,1.9552941176470584,1.7178373314614666,49070.0000007631,4.879983602065497,2907000.0,
0.8352941176470589,1.2215737195468188,2.0117647058823525,1.7674499619729895,49080.000000763685,4.509205157279755,2908000.0,
0.8588235294117647,1.3801639919090376,2.272941176470588,1.9969083780887809,49090.00000076427,4.570873141337719,2909000.0,
0.7764705882352941,1.0286936585657422,1.6941176470588233,1.488378915345675,49100.00000076485,4.6036175906587244,2910000.0,
0.8352941176470589,1.230146166701533,2.0258823529411765,1.77985311960087,49110.00000076543,4.521158086972117,2911000.0,
0.8,1.2687221788977485,2.0894117647058823,1.835667328926333,49120.00000076601,4.76942919428972,2912000.0,
0.8235294117647058,1.0972732358034585,1.807058823529412,1.5876041763687199,49130.000000766595,4.425543214981266,2913000.0,
0.8470588235294118,1.2258599431241766,2.0188235294117645,1.7736515407869295,49140.00000076718,4.454970766263222,2914000.0,
0.8,1.2001426016600325,1.9764705882352938,1.7364420679032877,49150.00000076776,4.685469428625032,2915000.0,
0.8235294117647058,1.0758421179166722,1.771764705882353,1.5565962822990187,49160.00000076834,4.401234000404555,2916000.0,
0.8117647058823529,1.2258599431241761,2.018823529411765,1.7736515407869295,49170.00000076892,4.6504042778399866,2917000.0,
0.8588235294117647,1.1829977073506035,1.948235294117647,1.7116357526475263,49180.000000769505,4.346227467537091,2918000.0,
0.788235294117647,1.0629834471846,1.7505882352941178,1.5379915458571976,49190.00000077009,4.5837819853149195,2919000.0,
0.8588235294117647,1.2815808496298204,2.110588235294118,1.8542720653681537,49200.00000077067,4.462111948273228,2920000.0,
0.8,1.3115844146713214,2.1599999999999997,1.897683117065736,49210.00000077125,4.828301106654053,2921000.0,
0.7647058823529411,1.1358492479996738,1.8705882352941177,1.6434183856941829,49220.00000077183,4.821953632082891,2922000.0,
0.8235294117647058,1.3030119675166065,2.145882352941176,1.8852799594378555,49230.000000772416,4.681083103490422,2923000.0,
0.8823529411764706,1.393022662641109,2.294117647058823,2.015513114530602,49240.000000773,4.471556351065527,2924000.0,
0.8352941176470589,1.2558635081656766,2.0682352941176467,1.8170625924845116,49250.00000077358,4.559833777457819,2925000.0,
0.8235294117647058,1.2472910610109624,2.0541176470588236,1.8046594348566312,49260.00000077416,4.615136288447953,2926000.0,
0.8588235294117647,1.3201568618260358,2.1741176470588233,1.9100862746936167,49270.000000774744,4.510864839186854,2927000.0,
0.7764705882352941,1.075842117916672,1.771764705882353,1.5565962822990187,49280.000000775326,4.675248182247676,2928000.0,
0.8352941176470589,1.2087150488147471,1.990588235294117,1.7488452255311682,49290.00000077591,4.505641959925148,2929000.0,
0.8352941176470589,1.42302622768261,2.343529411764706,2.0589241662281843,49300.00000077649,4.762775061386706,2930000.0,
0.8470588235294118,1.2215737195468186,2.0117647058823525,1.7674499619729895,49310.00000077707,4.459355085651613,2931000.0,
0.8470588235294118,1.1958563780826752,1.9694117647058824,1.7302404890893477,49320.000000777654,4.429549890867587,2932000.0,
0.8470588235294118,1.2987257439392497,2.1388235294117646,1.8790783806239149,49330.00000077824,4.551548447781632,2933000.0,
0.8488372093023255,1.097223395994419,1.8069767441860463,1.587532064987163,49340.00000077882,4.270150850150187,2934000.0,
0.8953488372093024,1.3683519571667857,2.253488372093023,1.9798179806596663,49350.0000007794,4.351663224958305,2935000.0,
0.9186046511627907,1.4912070864480136,2.455813953488372,2.1575725361987694,49360.00000077998,4.375741891645284,2936000.0,
0.8488372093023255,1.33446088702024,2.1976744186046506,1.9307822412006033,49370.000000780565,4.551279949167003,2937000.0,
0.8953488372093024,1.2243149090439658,2.016279069767442,1.771416087958649,49380.00000078115,4.192349119262778,2938000.0,
0.7790697674418605,1.3259881194836032,2.183720930232558,1.9185233063358378,49390.00000078173,4.949175795239478,2939000.0,
0.7674418604651163,0.7893915815108986,1.744186046511628,1.586307730209448,49400.00000078231,4.677000773095444,2940000.0,
0.9069767441860465,1.1714571069621729,2.5883720930232554,2.354080671630821,49410.00000078289,4.081860400053933,2941000.0,
0.8604651162790697,1.0735725508548217,2.3720930232558137,2.15737851308485,49420.000000783475,4.189284315932119,2942000.0,
0.8604651162790697,0.9725304284214269,2.1488372093023256,1.9543311236180403,49430.00000078406,4.072397524996044,2943000.0,
0.7906976744186046,0.9599001631172525,2.120930232558139,1.9289501999346887,49440.00000078464,4.416341382846333,2944000.0,
0.8372093023255814,1.1398814437017377,2.51860465116279,2.290628362422443,49450.00000078522,4.386522280053037,2945000.0,
0.8372093023255814,1.127251178397563,2.4906976744186045,2.265247438739092,49460.0000007858,4.3719916853841925,2946000.0,
0.7906976744186046,0.947269897813078,2.093023255813953,1.9035692762513374,49470.000000786385,4.4021325179029205,2947000.0,
0.7674418604651163,1.158826841657999,2.5604651162790697,2.32869974794747,49480.00000078697,4.811801642243395,2948000.0,
0.8604651162790697,1.1714571069621729,2.588372093023256,2.354080671630821,49490.00000078755,4.306825827084126,2949000.0,
0.8255813953488372,1.0167363569860373,2.246511627906977,2.043164356509769,49500.00000078813,4.301959531074367,2950000.0,
0.872093023255814,0.9914758263776883,2.190697674418604,1.9924025091430668,49510.000000788714,4.044089614319525,2951000.0,
0.8837209302325582,1.1998752038965657,2.6511627906976742,2.4111877499183607,49520.000000789296,4.227224572902503,2952000.0,
0.8604651162790697,1.057784719224604,2.3372093023255816,2.1256523584806604,49530.00000078988,4.176882241335186,2953000.0,
0.8255813953488372,1.0356817549422987,2.2883720930232556,2.0812357420347958,49540.00000079046,4.327160999021519,2954000.0,
0.8372093023255814,1.1682995406361298,2.5813953488372094,2.3477354407099833,49550.00000079104,4.426021673613884,2955000.0,
0.8604651162790697,1.1240936120715195,2.483720930232558,2.2589022078182537,49560.000000791624,4.255565549238453,2956000.0,
0.8488372093023255,1.0546271528985607,2.3302325581395347,2.1193071275598223,49570.000000792206,4.23257171444895,2957000.0,
0.8953488372093024,1.1146209130933884,2.4627906976744183,2.239866515055741,49580.00000079279,4.080223357552349,2958000.0,
0.8837209302325582,1.0640998518766909,2.3511627906976744,2.138342820322336,49590.00000079337,4.077268253511805,2959000.0,
0.8953488372093024,1.1398814437017375,2.5186046511627906,2.290628362422443,49600.00000079395,4.109475378751345,2960000.0,
0.8837209302325582,1.0862028161589963,2.4,2.1827594367682,49610.000000794535,4.103332134147107,2961000.0,
0.872093023255814,1.1998752038965654,2.6511627906976742,2.4111877499183607,49620.00000079512,4.2889209005415125,2962000.0,
0.7674418604651163,1.174614673288217,2.5953488372093014,2.3604259025516585,49630.0000007957,4.841464574368148,2963000.0,
0.8255813953488372,0.9756879947474704,2.155813953488372,1.9606763545388775,49640.00000079628,4.26012630357459,2964000.0,
0.813953488372093,1.0672574182027348,2.358139534883721,2.144688051243173,49650.00000079686,4.43405625672787,2965000.0,
0.8604651162790697,1.1461965763538247,2.5325581395348835,2.3033188242641187,49660.000000797445,4.28665818340469,2966000.0,
0.8255813953488372,1.0072636580079068,2.225581395348837,2.0241286637472555,49670.00000079803,4.300063022453527,2967000.0,
0.8837209302325582,1.032524188616255,2.281395348837209,2.074890511113958,49680.00000079861,4.04627473982264,2968000.0,
0.8488372093023255,0.8051794131411164,1.77906976744186,1.6180338848136369,49690.00000079919,3.9452771169268637,2969000.0,
0.9186046511627907,1.1240936120715195,2.4837209302325576,2.2589022078182537,49700.00000079977,3.993314565109849,2970000.0,
0.8953488372093024,1.1682995406361294,2.581395348837209,2.347735440709983,49710.000000800355,4.146929357145934,2971000.0,
0.8372093023255814,0.9377971988349476,2.072093023255814,1.8845335834888248,49720.00000080094,4.160143876463021,2972000.0,
0.7674418604651163,0.9756879947474703,2.155813953488372,1.960676354538878,49730.00000080152,4.588317690209346,2973000.0,
0.8023255813953488,1.127251178397563,2.4906976744186045,2.2652474387390913,49740.0000008021,4.578310164459814,2974000.0,
0.8837209302325582,1.2030327702226093,2.6581395348837207,2.4175329808391988,49750.000000802684,4.242902871640572,2975000.0,
0.8488372093023255,0.9820031273995575,2.169767441860465,1.9733668163805536,49760.000000803266,4.157425602217853,2976000.0,
0.8604651162790697,0.8841185712922062,1.9534883720930225,1.7766646578345817,49770.00000080385,3.988026988333424,2977000.0,
0.8255813953488372,1.0483120202464733,2.3162790697674422,2.106616665718147,49780.00000080443,4.355980756996376,2978000.0,
0.8604651162790697,1.019893923312081,2.2534883720930234,2.0495095874306064,49790.00000080501,4.146901046086315,2979000.0,
0.8488372093023255,1.0262090559641681,2.267441860465116,2.062200049272282,49800.000000805594,4.211695600253002,2980000.0,
0.8604651162790697,1.0862028161589963,2.4,2.1827594367682006,49810.000000806176,4.22504381344901,2981000.0,
0.8837209302325582,1.0514695865725165,2.323255813953488,2.1129618966389843,49820.00000080676,4.075081374352524,2982000.0,
0.8255813953488372,1.105148214115258,2.4418604651162785,2.2208308222932267,49830.00000080734,4.427641498865772,2983000.0,
0.8372093023255814,0.9725304284214269,2.1488372093023256,1.9543311236180403,49840.00000080792,4.2082974562472595,2984000.0,
0.8953488372093024,1.1209360457454758,2.476744186046511,2.252556976897416,49850.000000808504,4.101302596619133,2985000.0,
0.8023255813953488,1.1177784794194323,2.469767441860465,2.2462117459765785,49860.00000080909,4.573460133849795,2986000.0,
0.8255813953488372,1.0230514896381242,2.2604651162790694,2.055854818351445,49870.00000080967,4.330453917104869,2987000.0,
0.9069767441860465,1.1714571069621735,2.588372093023256,2.354080671630821,49880.00000081025,4.1059629641579,2988000.0,
0.813953488372093,1.0640998518766909,2.3511627906976735,2.138342820322336,49890.00000081083,4.443891246670958,2989000.0,
0.9069767441860465,1.1777722396142605,2.6023255813953488,2.3667711334724966,49900.000000811415,4.113951443748722,2990000.0,
0.8488372093023255,1.08936038248504,2.406976744186047,2.189104667689038,49910.000000812,4.292120450675202,2991000.0,
0.8837209302325582,1.2061903365486528,2.6651162790697667,2.423878211760037,49920.00000081258,4.255423275641616,2992000.0,
0.8372093023255814,1.1777722396142607,2.6023255813953483,2.3667711334724966,49930.00000081316,4.458447397394547,2993000.0,
0.8953488372093024,1.0672574182027346,2.3581395348837204,2.1446880512431736,49940.00000081374,4.046025168454785,2994000.0,
0.8837209302325582,1.2567113977653503,2.7767441860465114,2.5254019064934417,49950.000000814325,4.314170792281654,2995000.0,
0.813953488372093,0.8335975100755089,1.841860465116279,1.675140963101177,49960.00000081491,4.164702655315452,2996000.0,
0.8488372093023255,1.0735725508548217,2.372093023255814,2.157378513084849,49970.00000081549,4.276808758617876,2997000.0,
0.7790697674418605,0.9409547651609911,2.0790697674418603,1.8908788144096624,49980.00000081607,4.490177758349819,2998000.0,
0.8255813953488372,1.1083057804413012,2.4488372093023263,2.2271760532140648,49990.00000081665,4.440480241176716,2999000.0,
0.8837209302325582,1.6606624371807428,2.7348837209302324,2.4027512334940835,50000.000000817236,4.295364157752354,3000000.0,
0.7674418604651163,1.1734783038241472,1.9325581395348836,1.6978624787700543,50010.00000081782,4.86301415355267,3001000.0,
0.8837209302325582,1.5081526215212868,2.483720930232558,2.182090405928301,50020.0000008184,4.602380598110955,3002000.0,
0.8837209302325582,1.109932547299374,1.827906976744186,1.6059204672843115,50030.00000081898,4.152289461491452,3003000.0,
0.8023255813953488,1.1861874551291018,1.9534883720930225,1.7162508810672032,50040.000000819564,4.669158277488541,3004000.0,
0.8953488372093024,1.3725883409351036,2.260465116279069,1.985947448092049,50050.000000820146,4.39275840683153,3005000.0,
0.813953488372093,1.2370240603489207,2.0372093023255817,1.7898044902557968,50060.00000082073,4.66605527422312,3006000.0,
0.813953488372093,1.2285512928122844,2.0232558139534884,1.7775455553910313,50070.00000082131,4.656217302678143,3007000.0,
0.813953488372093,1.2454968278855567,2.0511627906976737,1.8020634251205636,50080.00000082189,4.677607531482482,3008000.0,
0.8953488372093024,1.491207086448014,2.4558139534883723,2.1575725361987694,50090.000000822474,4.527319603118798,3009000.0,
0.8255813953488372,1.2539695954221934,2.0651162790697675,1.8143223599853286,50100.000000823056,4.623115284675058,3010000.0,
0.813953488372093,1.07180509338451,1.765116279069767,1.5507552603928656,50110.00000082364,4.465929114809867,3011000.0,
0.8372093023255814,1.4615524000697864,2.4069767441860463,2.1146662641720892,50120.00000082422,4.807962589050373,3012000.0,
0.8604651162790697,1.3175153519469667,2.169767441860465,1.9062643714710714,50130.0000008248,4.5111637874738735,3013000.0,
0.7790697674418605,1.148060001214238,1.8906976744186046,1.6610856741757571,50140.000000825385,4.765566568806781,3014000.0,
0.8488372093023255,1.3048062006420122,2.1488372093023256,1.8878759691739233,50150.00000082597,4.559084017271852,3015000.0,
0.8023255813953488,1.2582059791905116,2.072093023255814,1.8204518274177124,50160.00000082655,4.765877017623456,3016000.0,
0.8488372093023255,1.474261551374741,2.4279069767441857,2.133054666469238,50170.00000082713,4.759812238683076,3017000.0,
0.8837209302325582,1.431897713691559,2.358139534883721,2.0717599921454095,50180.00000082771,4.524513202409384,3018000.0,
0.8023255813953488,1.1395872336776016,1.876744186046511,1.6488267393109917,50190.000000828295,4.619772494230656,3019000.0,
0.8837209302325582,1.3048062006420118,2.148837209302325,1.8878759691739233,50200.00000082888,4.381751753432327,3020000.0,
0.8255813953488372,1.2878606655687392,2.1209302325581394,1.863358099444392,50210.00000082946,4.6703636231627845,3021000.0,
0.8604651162790697,1.1353508499092835,1.8697674418604646,1.6426972718786086,50220.00000083004,4.304323960781715,3022000.0,
0.8372093023255814,1.2920970493370574,2.127906976744186,1.869487566876775,50230.00000083062,4.611668697897747,3023000.0,
0.8837209302325582,1.2539695954221934,2.065116279069767,1.8143223599853293,50240.000000831205,4.326331384367918,3024000.0,
0.686046511627907,0.9108225101884178,1.4999999999999998,1.3178354979623166,50250.00000083179,5.073398913251855,3025000.0,
0.8372093023255814,1.283624281800421,2.113953488372093,1.857228632012009,50260.00000083237,4.603215114451306,3026000.0,
0.8023255813953488,1.2116057577390111,1.9953488372093022,1.7530276856615001,50270.00000083295,4.714172393785725,3027000.0,
0.7441860465116279,1.2497332116538755,2.0581395348837206,1.8081928925529462,50280.000000833534,5.1343258782483705,3028000.0,
0.8255813953488372,1.2878606655687392,2.1209302325581394,1.863358099444392,50290.000000834116,4.6748706654165675,3029000.0,
0.813953488372093,1.1395872336776014,1.8767441860465113,1.6488267393109914,50300.0000008347,4.560061458599154,3030000.0,
0.8837209302325582,1.3641155733984671,2.246511627906977,1.9736885132272834,50310.00000083528,4.454654464709706,3031000.0,
0.8488372093023255,1.2963334331053755,2.1348837209302327,1.8756170343091576,50320.00000083586,4.558417469215534,3032000.0,
0.8372093023255814,1.266678746727148,2.086046511627907,1.8327107622824776,50330.000000836444,4.586863503114011,3033000.0,
0.9069767441860465,1.3980066435450131,2.3023255813953485,2.0227242526863463,50340.000000837026,4.379338094237789,3034000.0,
0.6976744186046512,1.1014597797627375,1.8139534883720927,1.5936615324195456,50350.00000083761,5.268755684421237,3035000.0,
0.9302325581395349,1.4488432487648315,2.386046511627906,2.0962778618749414,50360.00000083819,4.325503992493207,3036000.0,
0.8372093023255814,0.9701318829448725,1.5976744186046505,1.4036480420156767,50370.00000083877,4.2348769713742,3037000.0,
0.8604651162790697,1.2454968278855572,2.051162790697674,1.8020634251205634,50380.000000839354,4.440980097349238,3038000.0,
0.8488372093023255,1.2963334331053755,2.1348837209302323,1.8756170343091576,50390.00000083994,4.562253085654115,3039000.0,
0.8255813953488372,1.0633323258478737,1.7511627906976743,1.5384963255281,50400.00000084052,4.409103944064895,3040000.0,
0.872093023255814,1.2624423629588295,2.0790697674418603,1.8265812948500948,50410.0000008411,4.402797909602028,3041000.0,
0.8023255813953488,1.2200785252756476,2.009302325581395,1.765286620526266,50420.00000084168,4.733428306947838,3042000.0,
0.8372093023255814,1.2793878980321025,2.1069767441860465,1.851099164579626,50430.000000842265,4.607599433839697,3043000.0,
0.8372093023255814,1.491207086448014,2.455813953488372,2.157572536198769,50440.00000084285,4.861161242225401,3044000.0,
0.8372093023255814,1.3175153519469667,2.1697674418604658,1.906264371471072,50450.00000084343,4.654251670460294,3045000.0,
0.872093023255814,1.3683519571667855,2.253488372093023,1.979817980659666,50460.00000084401,4.526907577627306,3046000.0,
0.813953488372093,1.2539695954221932,2.065116279069767,1.8143223599853286,50470.00000084459,4.710302645885932,3047000.0,
0.7674418604651163,1.2412604441172388,2.044186046511628,1.7959339576881803,50480.000000845175,4.979821184845326,3048000.0,
0.8953488372093024,1.2116057577390116,1.995348837209302,1.7530276856615001,50490.00000084576,4.235816820406056,3049000.0,
0.7325581395348837,0.9531863478715998,1.5697674418604648,1.379130172286145,50500.00000084634,4.824981363851925,3050000.0,
0.8604651162790697,1.3302245032519215,2.190697674418604,1.9246527737682206,50510.00000084692,4.546474422775422,3051000.0,
0.8837209302325582,1.3090425844103302,2.155813953488372,1.8940054366063064,50520.0000008475,4.403387661381667,3052000.0,
0.8023255813953488,1.1861874551291018,1.953488372093023,1.7162508810672026,50530.000000848086,4.697564074591643,3053000.0,
0.8255813953488372,1.3852974922400585,2.2813953488372087,2.004335850389198,50540.00000084867,4.806977244202367,3054000.0,
0.8023255813953488,1.2327876765806025,2.030232558139535,1.7836750228234144,50550.00000084925,4.756804930313871,3055000.0,
0.7209302325581395,1.1056961635310556,1.8209302325581391,1.5997909998519286,50560.00000084983,5.118220484990297,3056000.0,
0.8023255813953488,1.215842141507329,2.002325581395348,1.7591571530938828,50570.000000850414,4.736843828628409,3057000.0,
0.9186046511627907,1.2836242818004209,2.113953488372093,1.857228632012009,50580.000000850996,4.211537825829981,3058000.0,
0.8604651162790697,1.2285512928122841,2.023255813953488,1.7775455553910313,50590.00000085158,4.432637989021501,3059000.0,
0.8953488372093024,0.9662152957693397,2.1348837209302327,1.941640661776364,50600.00000085216,4.33616201627012,3060000.0,
0.9302325581395349,1.1209360457454758,2.476744186046511,2.2525569768974165,50610.00000085274,3.985503749248128,3061000.0,
0.872093023255814,1.2567113977653503,2.7767441860465114,2.525401906493441,50620.000000853324,4.4074264028474905,3062000.0,
0.8604651162790697,1.111463346767345,2.455813953488372,2.2335212841349033,50630.00000085391,4.298724970645075,3063000.0,
0.8488372093023255,0.9599001631172525,2.1209302325581394,1.9289501999346887,50640.00000085449,4.1796056716963,3064000.0,
0.8953488372093024,1.0925179488110834,2.413953488372093,2.1954498986098763,50650.00000085507,4.111121345500023,3065000.0,
0.8023255813953488,1.117778479419432,2.4697674418604647,2.2462117459765785,50660.00000085565,4.619836945446696,3066000.0,
0.8837209302325582,1.1019906477892143,2.434883720930232,2.2144855913723895,50670.000000856235,4.176986785731916,3067000.0,
0.8488372093023255,1.0988330814631708,2.4279069767441857,2.2081403604515515,50680.00000085682,4.345471849473812,3068000.0,
0.9302325581395349,1.1367238773756938,2.5116279069767447,2.284283131501605,50690.0000008574,4.006475668250845,3069000.0,
0.8604651162790697,1.1556692753319553,2.553488372093023,2.322354517026632,50700.00000085798,4.353883211950113,3070000.0,
0.8372093023255814,1.035681754942299,2.288372093023256,2.0812357420347958,50710.00000085856,4.332061540705559,3071000.0,
0.813953488372093,0.9599001631172523,2.120930232558139,1.9289501999346894,50720.000000859145,4.363303057626409,3072000.0,
0.872093023255814,1.1146209130933882,2.4627906976744183,2.2398665150557404,50730.00000085973,4.250362647090648,3073000.0,
0.8255813953488372,1.048312020246473,2.316279069767442,2.106616665718147,50740.00000086031,4.410065264041777,3074000.0,
0.9069767441860465,1.2156630355267837,2.6860465116279064,2.4429139045225496,50750.00000086089,4.199318218731733,3075000.0,
0.872093023255814,1.070414984528778,2.365116279069767,2.1510332821640117,50760.00000086147,4.201273182336655,3076000.0,
0.8372093023255814,1.0956755151371271,2.4209302325581397,2.2017951295307134,50770.000000862055,4.407054087605132,3077000.0,
0.8255813953488372,1.0988330814631706,2.4279069767441857,2.208140360451552,50780.00000086264,4.473513310022697,3078000.0,
0.8255813953488372,1.000948525355819,2.2116279069767444,2.0114382019055803,50790.00000086322,4.355512298399741,3079000.0,
0.8604651162790697,1.0988330814631706,2.427906976744185,2.2081403604515515,50800.0000008638,4.293235743400219,3080000.0,
0.9069767441860465,1.1619844079840425,2.5674418604651157,2.3350449788683076,50810.000000864384,4.143211014005301,3081000.0,
0.8837209302325582,1.0988330814631706,2.427906976744186,2.2081403604515515,50820.000000864966,4.181308486995011,3082000.0,
0.8953488372093024,1.2535538314393069,2.769767441860465,2.519056675572603,50830.00000086555,4.30033025337105,3083000.0,
0.8255813953488372,1.0104212243339503,2.2325581395348832,2.030473894668093,50840.00000086613,4.369803173218487,3084000.0,
0.8604651162790697,1.1304087447236064,2.4976744186046504,2.27159266965993,50850.00000086671,4.332634487189532,3085000.0,
0.813953488372093,1.073572550854822,2.3720930232558137,2.157378513084849,50860.000000867294,4.510957705418744,3086000.0,
0.8488372093023255,1.086202816158996,2.4,2.1827594367682006,50870.000000867876,4.341003317746212,3087000.0,
0.872093023255814,1.1240936120715193,2.4837209302325576,2.2589022078182537,50880.00000086846,4.269224675252704,3088000.0,
0.8255813953488372,0.9820031273995575,2.169767441860465,1.9733668163805531,50890.00000086904,4.338198154396711,3089000.0,
0.8837209302325582,1.2061903365486528,2.665116279069767,2.423878211760037,50900.00000086962,4.307002223013038,3090000.0,
0.8953488372093024,1.124093612071519,2.483720930232558,2.258902207818254,50910.000000870205,4.15989416420727,3091000.0,
0.8604651162790697,0.925166933530773,2.0441860465116277,1.8591526598054733,50920.00000087079,4.097894003911594,3092000.0,
0.8372093023255814,1.0514695865725165,2.323255813953488,2.1129618966389847,50930.00000087137,4.363141450709031,3093000.0,
0.8488372093023255,1.1209360457454758,2.476744186046511,2.2525569768974156,50940.00000087195,4.385757533423657,3094000.0,
0.8372093023255814,1.0767301171808652,2.37906976744186,2.163723744005687,50950.00000087253,4.394424862269067,3095000.0,
0.8604651162790697,1.3040748926560044,2.8813953488372093,2.620580370306008,50960.000000873115,4.540408659111313,3096000.0,
0.8604651162790697,0.9599001631172525,2.120930232558139,1.928950199934689,50970.0000008737,4.140962351809551,3097000.0,
0.813953488372093,0.8178096784452908,1.8069767441860465,1.6434148084969877,50980.00000087428,4.203591890744578,3098000.0,
0.8604651162790697,1.1240936120715195,2.4837209302325585,2.258902207818254,50990.00000087486,4.332862846540249,3099000.0,
0.8604651162790697,1.0167363569860373,2.246511627906976,2.0431643565097692,51000.00000087544,4.208636847386882,3100000.0,
0.8604651162790697,1.0893603824850397,2.4069767441860463,2.1891046676890387,51010.000000876025,4.293578282426294,3101000.0,
0.8953488372093024,1.2724992293955684,2.8116279069767445,2.55712806109763,51020.00000087661,4.331360178361734,3102000.0,
0.7906976744186046,1.1177784794194323,2.4697674418604643,2.2462117459765785,51030.00000087719,4.709540429939827,3103000.0,
0.8604651162790697,1.0988330814631708,2.427906976744186,2.2081403604515515,51040.00000087777,4.3062087163739475,3104000.0,
0.8255813953488372,1.143039010027781,2.5255813953488366,2.2969735933432807,51050.00000087835,4.542269786876491,3105000.0,
0.8488372093023255,1.1051482141152578,2.4418604651162785,2.2208308222932267,51060.000000878936,4.3737335125994,3106000.0,
0.813953488372093,0.9851606937256012,2.176744186046511,1.9797120473013912,51070.00000087952,4.414337423803544,3107000.0,
0.813953488372093,1.0893603824850402,2.4069767441860463,2.189104667689038,51080.0000008801,4.542925612850889,3108000.0,
0.872093023255814,1.08936038248504,2.4069767441860463,2.1891046676890378,51090.00000088068,4.240597238660859,3109000.0,
0.8023255813953488,0.906221535574511,2.002325581395348,1.8210812742804463,51100.000000881264,4.381664522684947,3110000.0,
0.8372093023255814,1.127251178397563,2.4906976744186045,2.2652474387390917,51110.000000881846,4.463658352056196,3111000.0,
0.7790697674418605,1.041996887594386,2.3023255813953485,2.093926203876472,51120.00000088243,4.687933318492167,3112000.0,
0.8837209302325582,1.1461965763538247,2.532558139534883,2.3033188242641183,51130.00000088301,4.2512198101617,3113000.0,
0.872093023255814,1.095675515137127,2.4209302325581397,2.201795129530714,51140.00000088359,4.250505257435408,3114000.0,
0.8372093023255814,1.0514695865725168,2.3232558139534882,2.1129618966389843,51150.000000884174,4.3753636729319645,3115000.0,
0.8604651162790697,1.067257418202735,2.3581395348837204,2.144688051243174,51160.00000088476,4.275999161774358,3116000.0,
0.813953488372093,1.127251178397563,2.490697674418604,2.265247438739092,51170.00000088534,4.594620019258001,3117000.0,
0.8023255813953488,1.190402504918435,2.6302325581395345,2.3921520571558474,51180.00000088592,4.740498774331267,3118000.0,
0.872093023255814,1.1840873722663476,2.6162790697674425,2.379461595314172,51190.0000008865,4.354550853610403,3119000.0,
0.872093023255814,1.5716983780460598,2.5883720930232554,2.274032417414044,51200.000000887085,4.340601482728314,3120000.0,
0.8604651162790697,1.1819510713607835,1.9465116279069767,1.7101214136348204,51210.00000088767,4.411994488417653,3121000.0,
0.8488372093023255,1.4064794110816494,2.3162790697674422,2.034983187551112,51220.00000088825,4.737493552861688,3122000.0,
0.7209302325581395,1.080277860921146,1.7790697674418605,1.5630141952576313,51230.00000088883,5.126188645888745,3123000.0,
0.8372093023255814,1.376824724703422,2.267441860465116,1.9920769155244318,51240.00000088941,4.76898231014417,3124000.0,
0.7674418604651163,1.0506231745429189,1.7302325581395346,1.5201079232309511,51250.000000889995,4.778081712372413,3125000.0,
0.813953488372093,1.1734783038241472,1.9325581395348832,1.6978624787700543,51260.00000089058,4.656556201925247,3126000.0,
0.8372093023255814,1.3895338760083762,2.288372093023255,2.010465317821581,51270.00000089116,4.78582935198074,3127000.0,
0.7906976744186046,1.2327876765806023,2.030232558139535,1.7836750228234146,51280.00000089174,4.869699120468044,3128000.0,
0.8372093023255814,1.342933654556876,2.2116279069767435,1.9430411760653694,51290.00000089232,4.731279087469291,3129000.0,
0.813953488372093,1.2878606655687392,2.1209302325581394,1.863358099444392,51300.000000892906,4.799368817783021,3130000.0,
0.7558139534883721,1.169241920055829,1.9255813953488372,1.6917330113376716,51310.00000089349,5.012224694318516,3131000.0,
0.8023255813953488,1.148060001214238,1.8906976744186048,1.661085674175757,51320.00000089407,4.695840001598971,3132000.0,
0.7558139534883721,1.2920970493370576,2.127906976744186,1.869487566876775,51330.00000089465,5.176002249982982,3133000.0,
0.813953488372093,1.1565327687508744,1.9046511627906972,1.6733446090405233,51340.000000895234,4.640308830264064,3134000.0,
0.872093023255814,1.1777146875924656,1.9395348837209296,1.703991946202437,51350.000000895816,4.355776841851514,3135000.0,
0.8372093023255814,1.2963334331053755,2.1348837209302327,1.8756170343091576,51360.0000008964,4.679506600735781,3136000.0,
0.813953488372093,1.2582059791905118,2.072093023255814,1.8204518274177117,51370.00000089698,4.766935917375718,3137000.0,
0.8604651162790697,1.3980066435450127,2.3023255813953485,2.0227242526863467,51380.00000089756,4.672275288524184,3138000.0,
0.872093023255814,1.436134097459877,2.3651162790697673,2.077889459577792,51390.000000898144,4.654231098499604,3139000.0,
0.8372093023255814,1.169241920055829,1.9255813953488372,1.6917330113376716,51400.000000898726,4.529925071260062,3140000.0,
0.8023255813953488,1.3852974922400585,2.281395348837209,2.004335850389198,51410.00000089931,4.996744700558994,3141000.0,
0.8604651162790697,1.2709151304954664,2.0930232558139537,1.8388402297148603,51420.00000089989,4.526736503088351,3142000.0,
0.872093023255814,1.1904238388974202,1.9604651162790694,1.7223803484995857,51430.00000090047,4.374616668681444,3143000.0,
0.7674418604651163,1.1395872336776014,1.8767441860465113,1.6488267393109914,51440.000000901055,4.905519728821307,3144000.0,
0.8953488372093024,1.1988966064340565,1.9744186046511631,1.7346392833643516,51450.00000090164,4.271492313756672,3145000.0,
0.8488372093023255,1.0675687096161917,1.7581395348837212,1.5446257929604827,51460.00000090222,4.351379575793557,3146000.0,
0.8488372093023255,1.2582059791905118,2.072093023255814,1.8204518274177117,51470.0000009028,4.576513893374295,3147000.0,
0.8255813953488372,1.1650055362875107,1.9186046511627908,1.6856035439052883,51480.00000090338,4.5931024806572935,3148000.0,
0.8372093023255814,1.2582059791905116,2.072093023255814,1.8204518274177117,51490.000000903965,4.641187697449002,3149000.0,
0.8023255813953488,1.152296384982556,1.897674418604651,1.66721514160814,51500.00000090455,4.711554914702121,3150000.0,
0.8604651162790697,1.3302245032519213,2.1906976744186046,1.9246527737682206,51510.00000090513,4.600528476832622,3151000.0,
0.8488372093023255,1.1904238388974202,1.96046511627907,1.7223803484995857,51520.00000090571,4.499400687001771,3152000.0,
0.8604651162790697,1.3048062006420122,2.148837209302325,1.8878759691739238,51530.00000090629,4.572069368394143,3153000.0,
0.8255813953488372,1.249733211653875,2.0581395348837215,1.8081928925529462,51540.000000906875,4.699110650819564,3154000.0,
0.8023255813953488,1.19042383889742,1.9604651162790694,1.722380348499586,51550.00000090746,4.76197463987154,3155000.0,
0.8488372093023255,1.3556428058618308,2.2325581395348832,1.9614295783625177,51560.00000090804,4.696233990549013,3156000.0,
0.8953488372093024,1.2963334331053757,2.1348837209302327,1.8756170343091574,51570.00000090862,4.386551626662664,3157000.0,
0.8372093023255814,1.211605757739011,1.9953488372093022,1.7530276856615,51580.000000909204,4.590526321826668,3158000.0,
0.8255813953488372,1.1226416986043286,1.8488372093023253,1.6243088695814598,51590.000000909786,4.547985719520277,3159000.0,
0.8488372093023255,1.173478303824147,1.9325581395348836,1.6978624787700538,51600.00000091037,4.483821015545842,3160000.0,
0.7674418604651163,1.5378073078995138,2.532558139534884,2.224996677954981,51610.00000091095,5.434715583111065,3161000.0,
0.8372093023255814,1.181951071360784,1.9465116279069765,1.7101214136348204,51620.00000091153,4.557327668652803,3162000.0,
0.8372093023255814,1.2582059791905116,2.072093023255814,1.8204518274177117,51630.000000912114,4.648965475227232,3163000.0,
0.8255813953488372,1.198896606434057,1.974418604651163,1.7346392833643516,51640.000000912696,4.643167720553634,3164000.0,
0.7674418604651163,1.0675687096161917,1.7581395348837208,1.5446257929604827,51650.00000091328,4.824404682317787,3165000.0,
0.7790697674418605,0.9489499641032817,1.5627906976744184,1.3730007048537622,51660.00000091386,4.6007387599830745,3166000.0,
0.7674418604651163,1.0548595583112368,1.7372093023255812,1.526237390663334,51670.00000091444,4.809056394253826,3167000.0,
0.8488372093023255,1.2963334331053755,2.1348837209302327,1.8756170343091576,51680.000000915024,4.6329380171650785,3168000.0,
0.8488372093023255,1.3725883409351036,2.2604651162790694,1.985947448092049,51690.00000091561,4.723320511320679,3169000.0,
0.872093023255814,1.2920970493370574,2.127906976744186,1.8694875668767748,51700.00000091619,4.505601949986399,3170000.0,
0.813953488372093,1.2836242818004209,2.113953488372093,1.857228632012009,51710.00000091677,4.817592689154737,3171000.0,
0.8023255813953488,1.3175153519469665,2.169767441860465,1.9062643714710716,51720.00000091735,4.930233627151258,3172000.0,
0.7441860465116279,1.1353508499092833,1.8697674418604653,1.6426972718786088,51730.000000917935,5.07124957965935,3173000.0,
0.872093023255814,1.2116057577390111,1.9953488372093022,1.7530276856615001,51740.00000091852,4.4154386022874315,3174000.0,
0.8372093023255814,1.3429336545568762,2.211627906976744,1.9430411760653694,51750.0000009191,4.756834643026334,3175000.0,
0.8837209302325582,1.3895338760083766,2.2883720930232556,2.0104653178215806,51760.00000091968,4.559733070299044,3176000.0,
0.8372093023255814,1.4446068649965134,2.3790697674418606,2.090148394442558,51770.00000092026,4.879388755495965,3177000.0,
0.813953488372093,1.1692419200558288,1.9255813953488365,1.6917330113376716,51780.000000920845,4.681065787583042,3178000.0,
0.872093023255814,1.317515351946967,2.169767441860465,1.906264371471072,51790.00000092143,4.539548270312709,3179000.0,
0.8837209302325582,0.918851800878686,2.030232558139534,1.8464621979637976,51800.00000092201,4.384467634104581,3180000.0,
0.8604651162790697,1.1651419743100861,2.574418604651163,2.3413902097891452,51810.00000092259,4.424892024279542,3181000.0,
0.7209302325581395,1.0893603824850395,2.4069767441860463,2.1891046676890387,51820.00000092317,5.1768514983828124,3182000.0,
0.8604651162790697,1.0830452498329528,2.3930232558139535,2.176414205847362,51830.000000923756,4.33056339853591,3183000.0,
0.872093023255814,1.1461965763538244,2.5325581395348835,2.3033188242641187,51840.00000092434,4.345769407632727,3184000.0,
0.8255813953488372,1.1682995406361298,2.5813953488372094,2.347735440709983,51850.00000092492,4.61793747184134,3185000.0,
0.8372093023255814,1.0830452498329528,2.3930232558139535,2.176414205847362,51860.0000009255,4.452523492939782,3186000.0,
0.872093023255814,0.9725304284214269,2.1488372093023256,1.9543311236180403,51870.000000926084,4.1482322246703385,3187000.0,
0.8488372093023255,1.300917326329961,2.874418604651163,2.614235139385171,51880.000000926666,4.649297124252214,3188000.0,
0.813953488372093,1.0104212243339497,2.2325581395348832,2.030473894668093,51890.00000092725,4.492228932839384,3189000.0,
0.9186046511627907,0.9977909590297758,2.2046511627906975,2.0050929709847423,51900.00000092783,3.967212942817725,3190000.0,
0.7674418604651163,0.8778034386401192,1.93953488372093,1.763974195992906,51910.00000092841,4.5928923595317,3191000.0,
0.8837209302325582,1.2630265304174373,2.790697674418605,2.538092368335117,51920.000000928994,4.425001073972946,3192000.0,
0.872093023255814,1.0419968875943861,2.302325581395349,2.093926203876471,51930.000000929576,4.231087097855517,3193000.0,
0.8488372093023255,1.013578790659994,2.2395348837209297,2.036819125588931,51940.00000093016,4.314076383600116,3194000.0,
0.8372093023255814,1.086202816158996,2.4,2.1827594367682,51950.00000093074,4.46129503049618,3195000.0,
0.8604651162790697,1.0577847192246037,2.3372093023255816,2.125652358480661,51960.00000093132,4.308233592694182,3196000.0,
0.8372093023255814,1.064099851876691,2.3511627906976744,2.1383428203223365,51970.000000931905,4.4360053787146025,3197000.0,
0.8488372093023255,0.9314820661828601,2.0581395348837206,1.8718431216471487,51980.00000093249,4.219551475312113,3198000.0,
0.8488372093023255,1.0956755151371271,2.420930232558139,2.201795129530714,51990.00000093307,4.4135327987377195,3199000.0,
0.8953488372093024,1.3261778569383094,2.9302325581395343,2.6649969867518726,52000.00000093365,4.442222022113734,3200000.0,
0.8275862068965517,1.1205368132214935,2.475862068965516,2.2517547063212184,52010.00000093423,4.521201427171322,3201000.0,
0.8620689655172413,1.21729625948853,2.689655172413793,2.4461959205160864,52020.000000934815,4.453127661087596,3202000.0,
0.7931034482758621,0.9894433698919595,2.186206896551724,1.9883182225733318,52030.0000009354,4.55364308966189,3203000.0,
0.8275862068965517,1.0674751813976342,2.3586206896551722,2.1451256533756453,52040.00000093598,4.458751955384256,3204000.0,
0.8620689655172413,1.108051723380585,2.4482758620689653,2.2266655173928482,52050.00000093656,4.3280039992024735,3205000.0,
0.8850574712643678,1.1892048073464871,2.627586206896552,2.3897452454272545,52060.00000093714,4.307800236950926,3206000.0,
0.8620689655172413,1.1860835348862604,2.620689655172414,2.383472948195161,52070.000000937725,4.4195875672157845,3207000.0,
0.8045977011494253,0.9488668279090082,2.0965517241379312,1.906778358556129,52080.00000093831,4.441017343345217,3208000.0,
0.8275862068965517,0.9644731902101431,2.1310344827586203,1.9381398447165918,52090.00000093889,4.337068993810643,3209000.0,
0.8390804597701149,1.1423857204430825,2.5241379310344825,2.295660786945866,52100.00000093947,4.49023777650184,3210000.0,
0.7931034482758621,1.0487475466362723,2.317241379310345,2.10749186998309,52110.000000940054,4.633055602368756,3211000.0,
0.8850574712643678,1.0768389987783153,2.3793103448275863,2.1639425450719227,52120.000000940636,4.183958349348107,3212000.0,
0.8735632183908046,1.3046918883748861,2.8827586206896547,2.6218202430146778,52130.00000094122,4.500368345983003,3213000.0,
0.8850574712643678,1.1049304509203584,2.4413793103448276,2.2203932201607555,52140.0000009418,4.2167370030671,3214000.0,
0.9195402298850575,1.3452684303578373,2.9724137931034478,2.7033601070318807,52150.00000094238,4.320476918090371,3215000.0,
0.8390804597701149,1.0737177263180882,2.372413793103448,2.157670247839831,52160.000000942964,4.4116882492571765,3216000.0,
0.8620689655172413,1.1267793581419472,2.4896551724137925,2.264299300785403,52170.000000943546,4.3561280555260256,3217000.0,
0.8620689655172413,1.1892048073464876,2.627586206896552,2.3897452454272536,52180.00000094413,4.429074909936656,3218000.0,
0.8160919540229885,1.2922067985339782,2.8551724137931034,2.596731054086307,52190.00000094471,4.805377344768496,3219000.0,
0.8850574712643678,1.1860835348862604,2.6206896551724133,2.3834729481951613,52200.00000094529,4.311546331704079,3220000.0,
0.7701149425287356,0.9176541033067381,2.027586206896552,1.8440553862352038,52210.000000945874,4.6071001043850455,3221000.0,
0.8735632183908046,1.0893240886192233,2.4068965517241385,2.1890317340002925,52220.00000094646,4.258565733105086,3222000.0,
0.8045977011494253,0.9894433698919592,2.186206896551724,1.9883182225733318,52230.00000094704,4.500019616953099,3223000.0,
0.8390804597701149,0.9457455554487815,2.089655172413793,1.9005060613240365,52240.00000094762,4.263557031920038,3224000.0,
0.7011494252873564,0.8115308396590203,1.793103448275862,1.630797280344058,52250.0000009482,4.911524312400916,3225000.0,
0.8275862068965517,1.0050497321930942,2.220689655172414,2.0196797087337943,52260.000000948785,4.395543426485037,3226000.0,
0.8275862068965517,1.1205368132214935,2.475862068965517,2.2517547063212184,52270.00000094937,4.535645871616606,3227000.0,
0.896551724137931,1.1642346276646711,2.572413793103448,2.3395668675705137,52280.00000094995,4.236002725807109,3228000.0,
0.8620689655172413,1.139264447982855,2.517241379310344,2.2893884897137737,52290.00000095053,4.377010759741851,3229000.0,
0.8390804597701149,1.1860835348862604,2.6206896551724137,2.3834729481951618,52300.00000095111,4.55327489782517,3230000.0,
0.7931034482758621,0.9988071872726403,2.2068965517241375,2.0071351142696097,52310.000000951695,4.581681526070359,3231000.0,
0.7931034482758621,0.942624282988554,2.082758620689655,1.8942337640919436,52320.00000095228,4.511421922117995,3232000.0,
0.7931034482758621,0.8833201062442413,1.951724137931034,1.775060116682186,52330.00000095286,4.437226800715779,3233000.0,
0.8275862068965517,1.0331411843351375,2.2827586206896546,2.0761303838226275,52340.00000095344,4.433931708934709,3234000.0,
0.7931034482758621,1.0206560944942293,2.2551724137931037,2.051041194894257,52350.00000095402,4.611548988799165,3235000.0,
0.8620689655172413,1.0799602712385423,2.3862068965517236,2.1702148423040155,52360.000000954606,4.311951248051999,3236000.0,
0.9080459770114943,1.1517495378237634,2.544827586206896,2.3144776786421435,52370.00000095519,4.173189997428056,3237000.0,
0.8160919540229885,0.983200824971505,2.1724137931034475,1.9757736281091471,52380.00000095577,4.437440447586933,3238000.0,
0.7931034482758621,1.0487475466362723,2.3172413793103446,2.1074918699830905,52390.00000095635,4.6492874864276725,3239000.0,
0.8390804597701149,1.3945006707712324,2.296551724137931,2.0176515899836844,52400.000000956934,4.383920334950583,3240000.0,
0.8275862068965517,1.2353684620946355,2.034482758620689,1.787409066201763,52410.000000957516,4.682178558449884,3241000.0,
0.8505747126436781,1.314934566432934,2.1655172413793102,1.9025303280927235,52420.0000009581,4.649717666024675,3242000.0,
0.8620689655172413,1.4489406368974365,2.3862068965517236,2.0964187691722374,52430.00000095868,4.7437018055498665,3243000.0,
0.7816091954022989,1.2856207385188239,2.1172413793103444,1.86011723160658,52440.00000095926,5.023658886136809,3244000.0,
0.8620689655172413,1.3609991531551069,2.241379310344828,1.9691794797138062,52450.000000959844,4.642756351075493,3245000.0,
0.8505747126436781,1.4405652574934051,2.372413793103448,2.0843007416047667,52460.00000096043,4.799580775785084,3246000.0,
0.9080459770114943,1.2939961179228554,2.1310344827586203,1.8722352591740499,52470.00000096101,4.334904585638744,3247000.0,
0.8160919540229885,1.1809284959684307,1.9448275862068964,1.7086418870132103,52480.00000096159,4.685360269794764,3248000.0,
0.8850574712643678,1.3191222561349492,2.1724137931034484,1.9085893418764588,52490.00000096217,4.476927744024904,3249000.0,
0.7931034482758621,1.3023714973268867,2.1448275862068966,1.8843532867415196,52500.000000962755,4.975451018458239,3250000.0,
0.8045977011494253,1.0469224255039282,1.7241379310344824,1.5147534459336969,52510.00000096334,4.587457871786049,3251000.0,
0.7931034482758621,1.2353684620946352,2.0344827586206895,1.7874090662017623,52520.00000096392,4.892128350846627,3252000.0,
0.7816091954022989,1.2060546341805256,1.9862068965517243,1.744995969715619,52530.0000009645,4.927155193821941,3253000.0,
0.8275862068965517,1.3861252913672009,2.282758620689655,2.0055335624162147,52540.00000096508,4.871565282710211,3254000.0,
0.7931034482758621,1.1767408062664153,1.9379310344827585,1.7025828732294763,52550.000000965665,4.819945654367668,3255000.0,
0.896551724137931,1.2856207385188239,2.117241379310344,1.8601172316065806,52560.00000096625,4.385753900735012,3256000.0,
0.8275862068965517,1.285620738518824,2.1172413793103444,1.8601172316065806,52570.00000096683,4.751788948018518,3257000.0,
0.9195402298850575,1.1683654268623838,1.9241379310344828,1.6904648456620066,52580.00000096741,4.149594901790317,3258000.0,
0.7931034482758621,1.3442483943470438,2.2137931034482756,1.9449434245788673,52590.00000096799,5.033469714701349,3259000.0,
0.735632183908046,1.009233218185787,1.6620689655172414,1.4602223218800838,52600.000000968575,4.97192328106822,3260000.0,
0.7816091954022989,1.0678608740140068,1.7586206896551722,1.5450485148523712,52610.00000096916,4.755054353609169,3261000.0,
0.8160919540229885,1.1432392886502896,1.8827586206896547,1.6541107629595975,52620.00000096974,4.6470650439265135,3262000.0,
0.8275862068965517,1.1139254607361795,1.8344827586206895,1.6116976664734541,52630.00000097032,4.54765715403135,3263000.0,
0.9195402298850575,1.5159436721296882,2.4965517241379307,2.1933629897119937,52640.000000970904,4.530586243518685,3264000.0,
0.7586206896551724,1.1013623916301325,1.8137931034482764,1.5935206251222496,52650.000000971486,4.945732243606602,3265000.0,
0.8850574712643678,1.2688699797107608,2.0896551724137926,1.8358811764716414,52660.00000097207,4.428980366766919,3266000.0,
0.7816091954022989,1.2186177032865724,2.0068965517241377,1.7631730110668236,52670.00000097265,4.951463826355158,3267000.0,
0.8390804597701149,1.4698790854075148,2.420689655172414,2.126713838090911,52680.00000097323,4.912318910091439,3268000.0,
0.8045977011494253,1.2898084282208395,2.124137931034483,1.8661762453903148,52690.000000973814,4.899616189449095,3269000.0,
0.8620689655172413,1.4656913957054996,2.4137931034482754,2.120654824307176,52700.000000974396,4.777532685768058,3270000.0,
0.7931034482758621,1.3777499119631693,2.268965517241379,1.993415534848745,52710.00000097498,5.082667280391651,3271000.0,
0.8275862068965517,1.1474269783523054,1.8896551724137924,1.6601697767433323,52720.00000097556,4.5931381544844605,3272000.0,
0.8390804597701149,1.2856207385188239,2.117241379310345,1.86011723160658,52730.00000097614,4.695463072018775,3273000.0,
0.8045977011494253,1.193491565074478,1.96551724137931,1.726818928364415,52740.000000976725,4.782765230967354,3274000.0,
0.8160919540229885,1.2563069106047138,2.0689655172413794,1.8177041351204366,52750.00000097731,4.792936637026023,3275000.0,
0.8850574712643678,1.3777499119631695,2.2689655172413796,1.9934155348487455,52760.00000097789,4.557195355156306,3276000.0,
0.8160919540229885,1.2018669444785095,1.9793103448275862,1.7389369559318848,52770.00000097847,4.727355270082711,3277000.0,
0.7816091954022989,1.1893038753724623,1.958620689655172,1.72075991458068,52780.00000097905,4.920429958288953,3278000.0,
0.7241379310344828,1.1851161856704469,1.9517241379310344,1.7147009007969451,52790.000000979635,5.305792193009139,3279000.0,
0.8045977011494253,1.193491565074478,1.96551724137931,1.7268189283644149,52800.00000098022,4.786193802396125,3280000.0,
0.8275862068965517,1.0887993225240853,1.793103448275862,1.575343583771045,52810.0000009808,4.5272964036923184,3281000.0,
0.7586206896551724,1.080423943120054,1.7793103448275858,1.5632255562035757,52820.00000098138,4.928434591783311,3282000.0,
0.7816091954022989,1.2228053929885878,2.0137931034482754,1.7692320248505582,52830.00000098196,4.966233370533283,3283000.0,
0.8390804597701149,1.210242323882541,1.993103448275862,1.751054983499354,52840.000000982545,4.611655920329309,3284000.0,
0.8160919540229885,1.1683654268623838,1.9241379310344826,1.6904648456620066,52850.00000098313,4.6908111569477215,3285000.0,
0.8735632183908046,1.3484360840490595,2.2206896551724133,1.9510024383626023,52860.00000098371,4.588864991033307,3286000.0,
0.8160919540229885,1.122300840140211,1.8482758620689657,1.6238156940409234,52870.00000098429,4.635492578851602,3287000.0,
0.8390804597701149,1.3819376016651852,2.2758620689655173,1.9994745486324803,52880.00000098487,4.81847084042656,3288000.0,
0.8275862068965517,1.1348639092462582,1.8689655172413793,1.6419927353921275,52890.000000985456,4.587402223759647,3289000.0,
0.8275862068965517,1.2898084282208395,2.124137931034482,1.866176245390315,52900.00000098604,4.775182406409521,3290000.0,
0.8275862068965517,1.3442483943470438,2.2137931034482756,1.9449434245788675,52910.00000098662,4.841519587700939,3291000.0,
0.7586206896551724,1.0594854946099754,1.7448275862068967,1.5329304872849017,52920.0000009872,4.906894515717349,3292000.0,
0.8390804597701149,1.2018669444785095,1.9793103448275857,1.7389369559318844,52930.000000987784,4.606605810628901,3293000.0,
0.8160919540229885,1.1976792547764938,1.9724137931034484,1.73287794214815,52940.000000988366,4.7318013404484045,3294000.0,
0.8505747126436781,1.3651868428571226,2.2482758620689656,1.9752384934975413,52950.00000098895,4.737446693714239,3295000.0,
0.8275862068965517,1.0427347358019126,1.7172413793103445,1.5086944321499625,52960.00000098953,4.479968361403511,3296000.0,
0.8045977011494253,1.2437438414986666,2.0482758620689654,1.7995270937692323,52970.00000099011,4.8583644888096105,3297000.0,
0.7931034482758621,1.0762362534180379,1.7724137931034478,1.5571665424198409,52980.000000990694,4.718150058748701,3298000.0,
0.8275862068965517,1.2856207385188239,2.117241379310345,1.86011723160658,52990.00000099128,4.77512228135321,3299000.0,
0.8275862068965517,0.9051690134658303,2.0,1.8189661973068332,53000.00000099186,4.689655710946558,3300000.0,
0.735632183908046,0.8645924714828793,1.9103448275862067,1.7374263332896305,53010.00000099244,4.800927266020446,3301000.0,
0.8390804597701149,1.1767197175055792,2.6,2.3646560564988843,53020.00000099302,4.581567334647751,3302000.0,
0.8275862068965517,0.9519881003692351,2.1034482758620685,1.9130506557882216,53030.000000993605,4.374205065811474,3303000.0,
0.8505747126436781,0.930139193147646,2.055172413793103,1.869144575163574,53040.00000099419,4.230836619056085,3304000.0,
0.7586206896551724,1.026898639414683,2.268965517241379,2.0635857893584424,53050.00000099477,4.871817903566437,3305000.0,
0.9080459770114943,1.1423857204430823,2.5241379310344825,2.295660786945866,53060.00000099535,4.197814654238707,3306000.0,
0.8620689655172413,1.0206560944942293,2.2551724137931033,2.0510411948942573,53070.00000099593,4.281025069697466,3307000.0,
0.8735632183908046,1.0893240886192233,2.4068965517241376,2.1890317340002934,53080.000000996515,4.303828891002458,3308000.0,
0.8160919540229885,1.0705964538578612,2.3655172413793095,2.151397950607738,53090.0000009971,4.584530866083812,3309000.0,
0.7931034482758621,1.0705964538578614,2.36551724137931,2.151397950607737,53100.00000099768,4.717995528868884,3310000.0,
0.8390804597701149,1.0893240886192233,2.406896551724138,2.1890317340002925,53110.00000099826,4.4823424070711475,3311000.0,
0.9195402298850575,1.2797217086930703,2.8275862068965516,2.571641865157937,53120.00000099884,4.29769485828276,3312000.0,
0.8505747126436781,1.179840989965806,2.6068965517241374,2.3709283537309767,53130.000000999426,4.529269812612853,3313000.0,
0.8620689655172413,1.0112922771135482,2.2344827586206892,2.03222430319798,53140.00000100001,4.273896374869426,3314000.0,
0.9080459770114943,0.9800795525112781,2.1655172413793102,1.9695013308770548,53150.00000100059,4.023629380693821,3315000.0,
0.7816091954022989,1.0737177263180884,2.372413793103448,2.15767024783983,53160.00000100117,4.794900620529511,3316000.0,
0.8735632183908046,1.1704771725851253,2.5862068965517246,2.3521114620346983,53170.000001001754,4.401464658174227,3317000.0,
0.9080459770114943,1.120536813221493,2.4758620689655166,2.2517547063212184,53180.000001002336,4.179829148817817,3318000.0,
0.8160919540229885,0.8926839236249221,1.9724137931034482,1.793877008378463,53190.00000100292,4.372159174108567,3319000.0,
0.8275862068965517,1.1642346276646711,2.5724137931034483,2.339566867570514,53200.0000010035,4.6401140640717875,3320000.0,
0.8390804597701149,0.9363817380681,2.0689655172413794,1.8816891696277591,53210.00000100408,4.305548098880402,3321000.0,
0.8160919540229885,1.1735984450453523,2.5931034482758615,2.3583837592667916,53220.000001004664,4.718068517257643,3322000.0,
0.8160919540229885,0.9270179206874194,2.048275862068965,1.8628722779314812,53230.000001005246,4.4164839310726025,3323000.0,
0.9195402298850575,0.9738370075908244,2.151724137931035,1.956956736412869,53240.00000100583,3.9710452458344165,3324000.0,
0.8735632183908046,0.8833201062442412,1.951724137931034,1.7750601166821862,53250.00000100641,4.0769559111789855,3325000.0,
0.8850574712643678,1.1205368132214937,2.475862068965517,2.2517547063212184,53260.00000100699,4.292551983852288,3326000.0,
0.8620689655172413,1.008171004653321,2.227586206896552,2.025952005965888,53270.000001007575,4.2772090321493,3327000.0,
0.8620689655172413,1.0144135495737752,2.2413793103448274,2.0384966004300717,53280.00000100816,4.284983717590392,3328000.0,
0.9310344827586207,1.3515109752782914,2.986206896551724,2.7159047014960653,53290.00000100874,4.3301389488342545,3329000.0,
0.8045977011494253,1.0081710046533214,2.227586206896552,2.0259520059658875,53300.00000100932,4.584438248731494,3330000.0,
0.8850574712643678,1.1299006306021742,2.496551724137931,2.270571598017496,53310.0000010099,4.305729284009832,3331000.0,
0.8390804597701149,1.0674751813976342,2.3586206896551722,2.1451256533756458,53320.000001010485,4.467810147780335,3332000.0,
0.8505747126436781,1.2141749870283034,2.6827586206896545,2.439923623283994,53330.00000101107,4.580446268619391,3333000.0,
0.8390804597701149,1.18608353488626,2.6206896551724133,2.3834729481951613,53340.00000101165,4.61026119919835,3334000.0,
0.7931034482758621,1.023777366954456,2.2620689655172415,2.0573134921263496,53350.00000101223,4.673455520745144,3335000.0,
0.8620689655172413,1.033141184335137,2.2827586206896546,2.076130383822627,53360.00000101281,4.310974440580487,3336000.0,
0.8735632183908046,1.0986879059999044,2.4275862068965512,2.2078486256965704,53370.000001013395,4.329811155636494,3337000.0,
0.7701149425287356,1.0549900915567263,2.331034482758621,2.1200364644472747,53380.00000101398,4.855282656295812,3338000.0,
0.8505747126436781,1.0955666335396772,2.4206896551724135,2.201576328464478,53390.00000101456,4.444244555734304,3339000.0,
0.8390804597701149,0.9769582800510512,2.158620689655172,1.9632290336449618,53400.00000101514,4.364317402340141,3340000.0,
0.7931034482758621,0.9238966482271921,2.0413793103448277,1.8565999806993891,53410.000001015724,4.550997223219666,3341000.0,
0.8045977011494253,1.0019284597328673,2.2137931034482756,2.0134074115017024,53420.000001016306,4.583536800045043,3342000.0,
0.8045977011494253,0.9270179206874193,2.0482758620689654,1.8628722779314817,53430.00000101689,4.49100513008859,3343000.0,
0.8850574712643678,0.973837007590824,2.1517241379310343,1.956956736412869,53440.00000101747,4.1361509047636345,3344000.0,
0.8850574712643678,1.198568624727168,2.648275862068965,2.4085621371235315,53450.00000101805,4.390587926722911,3345000.0,
0.8275862068965517,0.9707157351305973,2.1448275862068966,1.950684439180777,53460.000001018634,4.4207231800384,3346000.0,
0.8620689655172413,1.0893240886192233,2.4068965517241376,2.1890317340002934,53470.000001019216,4.382013276217035,3347000.0,
0.7816091954022989,1.039383729255591,2.296551724137931,2.088674978286812,53480.0000010198,4.769796830171234,3348000.0,
0.8390804597701149,1.2797217086930706,2.8275862068965516,2.5716418651579374,53490.00000102038,4.730076557023384,3349000.0,
0.8390804597701149,0.8864413787044684,1.958620689655172,1.7813324139142783,53500.00000102096,4.261920547310971,3350000.0,
0.8850574712643678,1.0799602712385423,2.3862068965517236,2.1702148423040155,53510.000001021544,4.259692774080099,3351000.0,
0.8735632183908046,1.0300199118749105,2.275862068965517,2.0698580865905347,53520.00000102213,4.25909910973071,3352000.0,
0.8735632183908046,1.1486282653635362,2.5379310344827584,2.308205381410051,53530.00000102271,4.39540077754009,3353000.0,
0.9080459770114943,1.1985686247271685,2.648275862068965,2.408562137123531,53540.00000102329,4.283990764021331,3354000.0,
0.8735632183908046,1.1174155407612663,2.4689655172413785,2.245482409089126,53550.00000102387,4.360723053324394,3355000.0,
0.8390804597701149,0.9832008249715053,2.1724137931034484,1.975773628109147,53560.000001024455,4.3805242709444805,3356000.0,
0.896551724137931,1.0986879059999046,2.4275862068965517,2.207848625696571,53570.00000102504,4.229046767031027,3357000.0,
0.8620689655172413,1.0518688190964993,2.3241379310344827,2.113764167215183,53580.00000102562,4.344431830237683,3358000.0,
0.8620689655172413,1.1611133552044441,2.5655172413793097,2.3332945703384214,53590.0000010262,4.471688825456263,3359000.0,
0.8505747126436781,1.3484360840490595,2.220689655172414,1.9510024383626021,53600.00000102678,4.349177387935603,3360000.0,
0.8160919540229885,1.1390515989482741,1.8758620689655172,1.648051749175863,53610.000001027365,4.697708297393487,3361000.0,
0.8505747126436781,1.0929870122261012,1.8,1.5814025975547796,53620.00000102795,4.453644190136633,3362000.0,
0.8160919540229885,1.2018669444785095,1.9793103448275864,1.7389369559318844,53630.00000102853,4.775805974310884,3363000.0,
0.7931034482758621,1.1893038753724623,1.958620689655172,1.7207599145806802,53640.00000102911,4.898974451649985,3364000.0,
0.8620689655172413,1.340060704645028,2.206896551724138,1.9388844107951329,53650.00000102969,4.682467750807526,3365000.0,
0.8275862068965517,1.3107468767309183,2.158620689655172,1.8964713143089889,53660.000001030276,4.842705253917213,3366000.0,
0.8390804597701149,1.2772453591147923,2.103448275862069,1.8479992040391107,53670.00000103086,4.7369883047868315,3367000.0,
0.7816091954022989,1.1851161856704466,1.951724137931034,1.7147009007969451,53680.00000103144,4.968013355290926,3368000.0,
0.9080459770114943,1.4112514295792955,2.3241379310344827,2.0418876451186234,53690.00000103202,4.525806004808293,3369000.0,
0.7931034482758621,1.3065591870289022,2.151724137931035,1.890412300525254,53700.000001032604,5.050296366347438,3370000.0,
0.8160919540229885,1.2018669444785095,1.9793103448275862,1.7389369559318848,53710.000001033186,4.780313016564667,3371000.0,
0.8390804597701149,1.3191222561349496,2.1724137931034475,1.9085893418764583,53720.00000103377,4.7896361135644385,3372000.0,
0.8390804597701149,1.4070637398772796,2.3172413793103446,2.0358286313348892,53730.00000103435,4.894991032545056,3373000.0,
0.7931034482758621,1.210242323882541,1.9931034482758618,1.7510549834993547,53740.00000103493,4.931172205568828,3374000.0,
0.8620689655172413,1.4321898780893738,2.358620689655172,2.072182714037298,53750.000001035514,4.794670925336612,3375000.0,
0.8505747126436781,1.2604946003067297,2.0758620689655167,1.8237631489041715,53760.0000010361,4.658146354502137,3376000.0,
0.8390804597701149,1.0971747019281166,1.8068965517241375,1.587461611338515,53770.00000103668,4.527863001016728,3377000.0,
0.8390804597701149,1.306559187028902,2.1517241379310343,1.890412300525254,53780.00000103726,4.777951359972491,3378000.0,
0.8505747126436781,1.5243190515337193,2.510344827586207,2.205481017279463,53790.00000103784,4.9699399660799095,3379000.0,
0.8045977011494253,1.2186177032865722,2.0068965517241377,1.7631730110668236,53800.000001038425,4.874564859891625,3380000.0,
0.8045977011494253,1.1055500813321484,1.8206896551724134,1.5995796389059842,53810.00000103901,4.734609386891161,3381000.0,
0.7931034482758621,1.2437438414986668,2.048275862068966,1.7995270937692325,53820.00000103959,4.978050930679284,3382000.0,
0.896551724137931,1.2311807723926196,2.0275862068965513,1.7813500524180281,53830.00000104017,4.390160605187781,3383000.0,
0.8505747126436781,1.3442483943470434,2.2137931034482756,1.9449434245788673,53840.00000104075,4.760937977225461,3384000.0,
0.8160919540229885,1.2311807723926196,2.0275862068965513,1.7813500524180277,53850.000001041335,4.824120101473965,3385000.0,
0.8160919540229885,1.2939961179228554,2.1310344827586203,1.8722352591740499,53860.00000104192,4.901654398109639,3386000.0,
0.7586206896551724,1.1013623916301325,1.8137931034482757,1.5935206251222496,53870.0000010425,5.019671637550301,3387000.0,
0.8045977011494253,1.235368462094635,2.0344827586206895,1.7874090662017625,53880.00000104308,4.899955088696198,3388000.0,
0.8160919540229885,1.2563069106047138,2.068965517241379,1.8177041351204368,53890.00000104366,4.857161989142437,3389000.0,
0.7816091954022989,1.180928495968431,1.9448275862068964,1.708641887013211,53900.000001044245,4.97559675229057,3390000.0,
0.7471264367816092,1.0971747019281166,1.8068965517241375,1.587461611338515,53910.00000104483,5.093753831911597,3391000.0,
0.7471264367816092,1.0846116328220694,1.786206896551724,1.5692845699873101,53920.00000104541,5.077554031723538,3392000.0,
0.7586206896551724,1.1934915650744782,1.9655172413793103,1.726818928364415,53930.00000104599,5.144751002545331,3393000.0,
0.8390804597701149,1.327497635538981,2.186206896551724,1.9207073694439283,53940.000001046574,4.811672524635698,3394000.0,
0.8390804597701149,1.1013623916301325,1.8137931034482753,1.5935206251222493,53950.000001047156,4.542716822990937,3395000.0,
0.8390804597701149,1.2437438414986663,2.0482758620689654,1.7995270937692325,53960.00000104774,4.71295224954662,3396000.0,
0.8275862068965517,1.1432392886502898,1.882758620689655,1.654110762959597,53970.00000104832,4.6575224738763445,3397000.0,
0.8620689655172413,1.1976792547764938,1.9724137931034478,1.7328779421481497,53980.0000010489,4.534905268961053,3398000.0,
0.8275862068965517,1.4154391192813107,2.3310344827586205,2.0479466589023585,53990.000001049484,4.987541713666671,3399000.0,
0.8160919540229885,1.2269930826906035,2.020689655172413,1.7752910386342933,54000.000001050066,4.827439411276213,3400000.0,
0.7586206896551724,1.1641777371603683,1.9172413793103447,1.6844058318782715,54010.00000105065,5.110958532416407,3401000.0,
0.8275862068965517,1.3316853252409966,2.193103448275862,1.926766383227663,54020.00000105123,4.888005879201388,3402000.0,
0.7816091954022989,1.2269930826906037,2.020689655172413,1.7752910386342933,54030.00000105181,5.042179385303207,3403000.0,
0.8505747126436781,1.302371497326887,2.1448275862068966,1.8843532867415191,54040.000001052395,4.722515138837528,3404000.0,
0.8505747126436781,1.3861252913672009,2.282758620689655,2.0055335624162147,54050.00000105298,4.821522977776847,3405000.0,
0.8275862068965517,1.4740667751095307,2.427586206896552,2.132772851874646,54060.00000105356,5.062272353348218,3406000.0,
0.8505747126436781,1.1390515989482741,1.8758620689655172,1.648051749175862,54070.00000105414,4.532125528581686,3407000.0,
0.8275862068965517,1.3651868428571226,2.2482758620689656,1.9752384934975415,54080.00000105472,4.931820212987734,3408000.0,
0.8620689655172413,1.2563069106047138,2.0689655172413794,1.8177041351204368,54090.000001055305,4.608780016388795,3409000.0,
0.8160919540229885,1.1725531165643994,1.9310344827586203,1.696523859445741,54100.00000105589,4.766365086586685,3410000.0,
0.8505747126436781,1.1516146680543207,1.8965517241379306,1.666228790527067,54110.00000105647,4.549057785503785,3411000.0,
0.8390804597701149,1.5117559824276718,2.489655172413793,2.187303975928259,54120.00000105705,5.041131102435123,3412000.0,
0.8160919540229885,1.1934915650744784,1.9655172413793096,1.7268189283644149,54130.00000105763,4.793712199549837,3413000.0,
0.896551724137931,1.4573160163014682,2.4,2.1085367967397066,54140.000001058215,4.658285813138319,3414000.0,
0.7931034482758621,1.0636731843119913,1.7517241379310347,1.538989501068636,54150.0000010588,4.770135754227634,3415000.0,
0.8160919540229885,1.080423943120054,1.7793103448275858,1.5632255562035753,54160.00000105938,4.6568546909578945,3416000.0,
0.8045977011494253,1.2186177032865722,2.0068965517241377,1.7631730110668236,54170.00000105996,4.895707717035714,3417000.0,
0.8275862068965517,1.168365426862384,1.9241379310344828,1.690464845662006,54180.00000106054,4.699549890883304,3418000.0,
0.9080459770114943,1.2898084282208395,2.1241379310344826,1.8661762453903155,54190.000001061126,4.417381433693492,3419000.0,
0.8275862068965517,1.0331411843351375,2.2827586206896546,2.076130383822628,54200.00000106171,4.9637875049378,3420000.0,
0.8275862068965517,1.0268986394146833,2.2689655172413787,2.063585789358442,54210.00000106229,4.53027752271743,3421000.0,
0.8735632183908046,1.1018091784601312,2.434482758620689,2.214120922928663,54220.00000106287,4.378121033323832,3422000.0,
0.7931034482758621,0.9956859148124132,2.1999999999999997,2.000862817037517,54230.000001063454,4.689050356453073,3423000.0,
0.8160919540229885,1.1267793581419474,2.489655172413793,2.2642993007854035,54240.000001064036,4.718163438942731,3424000.0,
0.9195402298850575,1.0893240886192233,2.4068965517241376,2.189031734000293,54250.00000106462,4.147137446455741,3425000.0,
0.8045977011494253,1.0705964538578614,2.3655172413793104,2.1513979506077376,54260.0000010652,4.716881307031757,3426000.0,
0.9080459770114943,1.1455069929033093,2.531034482758621,2.3019330841779584,54270.00000106578,4.262517827711131,3427000.0,
0.7931034482758621,1.0425050017158184,2.303448275862069,2.094947275518905,54280.000001066364,4.750981668925651,3428000.0,
0.8850574712643678,1.0206560944942296,2.2551724137931033,2.0510411948942573,54290.00000106695,4.233206236722001,3429000.0,
0.8850574712643678,1.1392644479828553,2.5172413793103448,2.2893884897137733,54300.00000106753,4.3677377530013874,3430000.0,
0.8390804597701149,1.1767197175055795,2.6,2.3646560564988843,54310.00000106811,4.6522522661587145,3431000.0,
0.8850574712643678,1.0175348220340024,2.248275862068965,2.044768897662165,54320.00000106869,4.231238045760536,3432000.0,
0.8160919540229885,0.9145328308465112,2.0206896551724136,1.8377830890031122,54330.000001069275,4.463157130848618,3433000.0,
0.7471264367816092,0.8708350164033333,1.9241379310344828,1.7499709277538158,54340.00000106986,4.817268406672272,3434000.0,
0.7931034482758621,1.1954473522669413,2.6413793103448278,2.402289839891439,54350.00000107044,4.947879994983101,3435000.0,
0.7816091954022989,0.8396222918010633,1.855172413793103,1.6872479554328905,54360.00000107102,4.5659844028427194,3436000.0,
0.9080459770114943,1.139264447982855,2.5172413793103448,2.2893884897137737,54370.0000010716,4.260706417482571,3437000.0,
0.8160919540229885,1.0955666335396772,2.4206896551724135,2.2015763284644776,54380.000001072185,4.687804184853085,3438000.0,
0.9310344827586207,1.3046918883748864,2.882758620689655,2.6218202430146778,54390.00000107277,4.334172769076968,3439000.0,
0.8390804597701149,1.0081710046533212,2.227586206896551,2.025952005965887,54400.00000107335,4.456310649472063,3440000.0,
0.8505747126436781,1.0019284597328673,2.213793103448276,2.0134074115017024,54410.00000107393,4.38929156761329,3441000.0,
0.8620689655172413,1.1174155407612663,2.468965517241379,2.245482409089126,54420.00000107451,4.46526602737142,3442000.0,
0.8045977011494253,1.0487475466362726,2.3172413793103446,2.10749186998309,54430.000001075095,4.699440522342634,3443000.0,
0.8505747126436781,1.139264447982855,2.5172413793103448,2.2893884897137737,54440.00000107568,4.552375770015399,3444000.0,
0.8045977011494253,0.9207753757669651,2.0344827586206895,1.8503276834672968,54450.00000107626,4.541532252833704,3445000.0,
0.8275862068965517,1.0393837292555912,2.296551724137931,2.0886749782868126,54460.00000107684,4.559252561831556,3446000.0,
0.8390804597701149,0.9519881003692351,2.1034482758620694,1.9130506557882214,54470.000001077424,4.393188558065226,3447000.0,
0.8735632183908046,1.1829622624260334,2.6137931034482755,2.377200650963068,54480.000001078006,4.484704168917174,3448000.0,
0.8620689655172413,1.1330219030624011,2.5034482758620693,2.2768438952495886,54490.00000107859,4.487102740974287,3449000.0,
0.8620689655172413,1.1673559001248983,2.579310344827586,2.345839164802606,54500.00000107917,4.527463510900148,3450000.0,
0.8160919540229885,1.0893240886192235,2.406896551724137,2.1890317340002934,54510.00000107975,4.687478812908729,3451000.0,
0.8620689655172413,1.005049732193094,2.220689655172414,2.0196797087337948,54520.000001080334,4.340255022765985,3452000.0,
0.8850574712643678,1.0425050017158182,2.303448275862069,2.0949472755189045,54530.000001080916,4.270360196830235,3453000.0,
0.8850574712643678,1.1299006306021742,2.496551724137931,2.2705715980174954,54540.0000010815,4.369625387909656,3454000.0,
0.8505747126436781,1.1049304509203581,2.441379310344827,2.2203932201607555,54550.00000108208,4.5179560707665924,3455000.0,
0.8620689655172413,0.9738370075908241,2.151724137931034,1.9569567364128695,54560.00000108266,4.306181595560808,3456000.0,
0.8850574712643678,1.1267793581419474,2.4896551724137925,2.2642993007854035,54570.000001083245,4.3676571969481905,3457000.0,
0.8160919540229885,0.9863220974317323,2.1793103448275857,1.9820459253412392,54580.00000108383,4.565208767369357,3458000.0,
0.8505747126436781,0.7928032048976581,1.7517241379310342,1.5931634969515027,54590.00000108441,4.153157822064354,3459000.0,
0.8850574712643678,0.877077561323787,1.9379310344827585,1.7625155222180011,54600.00000108499,4.087085036906984,3460000.0,
0.8390804597701149,1.2141749870283032,2.6827586206896545,2.4399236232839945,54610.00000108557,4.713329094221,3461000.0,
0.8390804597701149,1.017534822034002,2.2482758620689656,2.044768897662165,54620.000001086155,4.479525061967549,3462000.0,
0.8735632183908046,1.0955666335396772,2.4206896551724135,2.2015763284644785,54630.00000108674,4.392553909534568,3463000.0,
0.9310344827586207,1.0924453610794504,2.4137931034482754,2.195304031232386,54640.00000108732,4.11854995580975,3464000.0,
0.896551724137931,1.095566633539677,2.4206896551724135,2.2015763284644785,54650.0000010879,4.280949963136305,3465000.0,
0.9310344827586207,1.1142942683010393,2.462068965517241,2.239210111857033,54660.00000108848,4.143004954924354,3466000.0,
0.8068181818181818,0.9658564814141074,2.1340909090909093,1.9409196128080872,54670.000001089065,4.558805216494733,3467000.0,
0.875,1.1540904921689334,2.5500000000000003,2.319181901566213,54680.00000108965,4.419217705422767,3468000.0,
0.8181818181818182,1.0769454057940047,2.3795454545454544,2.1641563733866533,54690.00000109023,4.6323749405078,3469000.0,
0.8636363636363636,1.0059719263290703,2.2227272727272727,2.021532887461458,54700.00000109081,4.306912230574339,3470000.0,
0.8522727272727273,1.0491731746990303,2.318181818181818,2.108347183242012,54710.000001091394,4.415560525069448,3471000.0,
0.875,0.9967145159640787,2.202272727272727,2.0029298240799114,54720.000001091976,4.241437368980976,3472000.0,
0.7613636363636364,0.9998003194190759,2.209090909090909,2.009130845207094,54730.00000109256,4.879137733068317,3473000.0,
0.9318181818181818,1.1386614748939479,2.5159090909090907,2.2881767959303017,54740.00000109314,4.136122070699614,3474000.0,
0.8181818181818182,1.0707737988840103,2.3659090909090907,2.1517543311322886,54750.00000109372,4.628165198729112,3475000.0,
0.8522727272727273,1.0460873712440333,2.311363636363636,2.1021461621148294,54760.000001094304,4.414606515682405,3476000.0,
0.7613636363636364,0.978199695234096,2.161363636363636,1.9657236973168168,54770.000001094886,4.853154823691168,3477000.0,
0.8181818181818182,1.206549150903885,2.6659090909090906,2.4245992607283138,54780.00000109547,4.795779517864612,3478000.0,
0.8295454545454546,1.163347902533925,2.5704545454545458,2.3377849649477604,54790.00000109605,4.678553636023259,3479000.0,
0.7727272727272727,1.3538134583255115,2.2295454545454545,1.9587827628803522,54800.00000109663,4.8234835327604815,3480000.0,
0.8409090909090909,1.1261078307784074,1.8545454545454545,1.6293238883897734,54810.000001097214,4.572125528584014,3481000.0,
0.875,1.1012672168641775,1.8136363636363635,1.5933829202635281,54820.0000010978,4.366120975204768,3482000.0,
0.875,1.1468083423735986,1.8886363636363634,1.659274695161644,54830.00000109838,4.418687456306474,3483000.0,
0.8522727272727273,1.312412435135129,2.161363636363636,1.8988811493366107,54840.00000109896,4.731361257314873,3484000.0,
0.8068181818181818,1.092987012226101,1.7999999999999998,1.5814025975547799,54850.00000109954,4.7265162969383585,3485000.0,
0.8181818181818182,1.1343880354164837,1.868181818181818,1.6413042110985214,54860.000001100125,4.71202704338027,3486000.0,
0.7272727272727273,1.1757890586068662,1.936363636363636,1.7012058246422632,54870.00000110071,5.358581830689615,3487000.0,
0.7727272727272727,1.2006296725210959,1.9772727272727273,1.737146792768508,54880.00000110129,5.076106046891027,3488000.0,
0.8295454545454546,1.266871309625708,2.0863636363636364,1.8329893744384946,54890.00000110187,4.80882842813422,3489000.0,
0.8181818181818182,1.3538134583255117,2.2295454545454545,1.9587827628803522,54900.00000110245,4.982435893602544,3490000.0,
0.8409090909090909,1.407634788473009,2.3181818181818183,2.0366548604872166,54910.000001103035,4.912319748545476,3491000.0,
0.875,1.266871309625708,2.0863636363636364,1.8329893744384949,54920.00000110362,4.5605776006987675,3492000.0,
0.8636363636363636,1.3703738676016644,2.256818181818182,1.982743408297849,54930.0000011042,4.740956583627521,3493000.0,
0.8863636363636364,1.3786540722397411,2.270454545454545,1.9947237310065973,54940.00000110478,4.629248184151854,3494000.0,
0.7954545454545454,1.2710114119447462,2.0931818181818183,1.8389795357928689,54950.00000110536,5.023554346541248,3495000.0,
0.8295454545454546,1.2461707980305166,2.0522727272727277,1.8030385676666236,54960.000001105946,4.787710003197774,3496000.0,
0.7954545454545454,1.2792916165828225,2.1068181818181815,1.8509598585016172,54970.00000110653,5.035106603800612,3497000.0,
0.875,1.2296103887543637,2.025,1.7790779222491273,54980.00000110711,4.521110574248581,3498000.0,
0.7613636363636364,1.3413931513683965,2.209090909090909,1.9408122788172297,54990.00000110769,5.343319363092208,3499000.0,
0.7613636363636364,1.3165525374541671,2.168181818181818,1.9048713106909845,55000.000001108274,5.311289900040718,3500000.0,
0.8863636363636364,1.2710114119447462,2.0931818181818183,1.8389795357928689,55010.000001108856,4.511394926383351,3501000.0,
0.8295454545454546,1.2999921281780142,2.1409090909090907,1.8809106652734882,55020.00000110944,4.855878182005909,3502000.0,
0.875,1.33311294673032,2.1954545454545453,1.9288319561084817,55030.00000111002,4.641996614532942,3503000.0,
0.7727272727272727,1.2420306957114784,2.0454545454545454,1.7970484063122498,55040.0000011106,5.139095606314423,3504000.0,
0.7954545454545454,1.3413931513683968,2.209090909090909,1.94081227881723,55050.000001111184,5.117748533245599,3505000.0,
0.8295454545454546,1.3496733560064733,2.2227272727272727,1.952792601525978,55060.000001111766,4.917959662128014,3506000.0,
0.8863636363636364,1.312412435135129,2.161363636363636,1.8988811493366107,55070.00000111235,4.561180696136783,3507000.0,
0.8409090909090909,1.33311294673032,2.1954545454545453,1.9288319561084812,55080.00000111293,4.8328883691763265,3508000.0,
0.8409090909090909,1.2792916165828228,2.1068181818181815,1.8509598585016172,55090.00000111351,4.7694251657577125,3509000.0,
0.8522727272727273,1.2089098771591722,1.9909090909090907,1.7491271154772563,55100.000001114095,4.623784922623892,3510000.0,
0.8409090909090909,1.312412435135129,2.161363636363636,1.8988811493366107,55110.00000111468,4.809893166198356,3511000.0,
0.7840909090909091,1.010184965845336,1.6636363636363634,1.461599370467296,55120.00000111526,4.773566333350419,3512000.0,
0.9318181818181818,1.2130499794782106,1.9977272727272726,1.7551172768316305,55130.00000111584,4.234978026839929,3513000.0,
0.7727272727272727,1.2337504910734018,2.0318181818181817,1.7850680836035016,55140.00000111642,5.134262400312549,3514000.0,
0.7613636363636364,1.2296103887543637,2.025,1.7790779222491273,55150.000001117005,5.206052451002691,3515000.0,
0.875,1.1923494678830193,1.9636363636363638,1.7251664700597595,55160.00000111759,4.4878773140325245,3516000.0,
0.7954545454545454,1.0929870122261012,1.8,1.5814025975547799,55170.00000111817,4.81232367260997,3517000.0,
0.8181818181818182,1.2834317189018611,2.1136363636363638,1.8569500198559916,55180.00000111875,4.911969323196765,3518000.0,
0.8295454545454546,1.3041322304970526,2.147727272727273,1.886900826627862,55190.00000111933,4.870184058774607,3519000.0,
0.7727272727272727,1.1054073191832159,1.8204545454545453,1.599373081617902,55200.000001119915,4.971700648454866,3520000.0,
0.8409090909090909,1.3331129467303202,2.1954545454545453,1.9288319561084812,55210.0000011205,4.839915396203763,3521000.0,
0.7613636363636364,1.1882093655639812,1.9568181818181818,1.7191763087053857,55220.00000112108,5.1558540921857166,3522000.0,
0.8068181818181818,1.1716489562878278,1.9295454545454547,1.695215663287889,55230.00000112166,4.845421241692167,3523000.0,
0.8409090909090909,1.16750885396879,1.9227272727272726,1.6892255019335145,55240.000001122244,4.644602421027984,3524000.0,
0.8181818181818182,1.1675088539687897,1.9227272727272726,1.6892255019335145,55250.000001122826,4.774174710501016,3525000.0,
0.8068181818181818,0.9894844542501443,1.6295454545454542,1.4316485636954257,55260.00000112341,4.621330027899079,3526000.0,
0.8409090909090909,1.3041322304970526,2.147727272727273,1.8869008266278622,55270.00000112399,4.808695085007634,3527000.0,
0.8068181818181818,1.2296103887543637,2.025,1.7790779222491269,55280.00000112457,4.920077665031134,3528000.0,
0.7954545454545454,1.171648956287828,1.9295454545454545,1.695215663287889,55290.000001125154,4.918070116573683,3529000.0,
0.8295454545454546,1.0308854774405274,1.6977272727272725,1.4915501772391673,55300.000001125736,4.546818109884899,3530000.0,
0.9204545454545454,1.1840692632449428,1.9499999999999995,1.7131861473510115,55310.00000112632,4.264665372498623,3531000.0,
0.8409090909090909,1.3082723328160908,2.1545454545454548,1.8928909879822362,55320.0000011269,4.816321152630431,3532000.0,
0.7727272727272727,1.1509484446926366,1.8954545454545455,1.665264856516018,55330.00000112748,5.038283281467503,3533000.0,
0.8181818181818182,1.2875718212208993,2.1204545454545456,1.8629401812103656,55340.000001128064,4.9259183371427735,3534000.0,
0.8636363636363636,1.3041322304970526,2.147727272727273,1.8869008266278622,55350.00000112865,4.6863610038234675,3535000.0,
0.875,1.3206926397732053,2.1750000000000003,1.9108614720453587,55360.00000112923,4.64494483515438,3536000.0,
0.8409090909090909,0.9894844542501445,1.6295454545454542,1.4316485636954255,55370.00000112981,4.439924756498112,3537000.0,
0.875,1.3538134583255115,2.229545454545455,1.9587827628803522,55380.00000113039,4.68383616025318,3538000.0,
0.8409090909090909,1.2420306957114784,2.0454545454545454,1.7970484063122498,55390.000001130975,4.741331097695436,3539000.0,
0.8409090909090909,1.0275725505140505,2.2704545454545455,2.0649400353517353,55400.00000113156,4.904342680593943,3540000.0,
0.8068181818181818,0.9689422848691045,2.1409090909090907,1.9471206339352698,55410.00000113214,4.604320015145606,3541000.0,
0.875,0.9967145159640787,2.202272727272727,2.002929824079912,55420.00000113272,4.277801005346729,3542000.0,
0.8068181818181818,1.194205937083896,2.6386363636363637,2.3997951762195844,55430.0000011333,4.884646795355555,3543000.0,
0.8636363636363636,1.043001567789036,2.3045454545454547,2.095945140987647,55440.000001133885,4.388736025951302,3544000.0,
0.7954545454545454,1.1170608507089677,2.4681818181818183,2.244769648040024,55450.00000113447,4.858587926703647,3545000.0,
0.875,1.0399157643340389,2.2977272727272724,2.0897441198604647,55460.00000113505,4.329251782704726,3546000.0,
0.875,1.0306583539690475,2.277272727272727,2.071141056478918,55470.00000113563,4.319191365664247,3547000.0,
0.8636363636363636,1.1417472783489448,2.522727272727273,2.2943778170574833,55480.00000113621,4.505178427652373,3548000.0,
0.8522727272727273,1.0862028161589963,2.4,2.1827594367682006,55490.000001136796,4.500608637718229,3549000.0,
0.875,1.1818627232639078,2.6113636363636363,2.374991091710854,55500.00000113738,4.493554800702619,3550000.0,
0.7727272727272727,0.9288268399541416,2.0522727272727272,1.866507359281899,55510.00000113796,4.761420028277127,3551000.0,
0.8636363636363636,1.1139750472539705,2.4613636363636364,2.2385686269128424,55520.00000113854,4.475126370595156,3552000.0,
0.8295454545454546,1.0244867470590533,2.2636363636363637,2.0587390142245527,55530.000001139124,4.551707311617554,3553000.0,
0.8295454545454546,0.8208237190292412,1.813636363636364,1.6494716198305155,55540.000001139706,4.306743661389868,3554000.0,
0.7954545454545454,0.9504274641391216,2.0999999999999996,1.9099145071721757,55550.00000114029,4.6548202407304595,3555000.0,
0.8636363636363636,0.9380842503191331,2.0727272727272723,1.885110422663446,55560.00000114087,4.273568605723362,3556000.0,
0.8295454545454546,1.0399157643340387,2.2977272727272724,2.089744119860465,55570.00000114145,4.572498455729994,3557000.0,
0.7727272727272727,1.0368299608790417,2.290909090909091,2.0835430987332826,55580.000001142034,4.905306420062531,3558000.0,
0.8409090909090909,1.055344781609025,2.3318181818181816,2.1207492254963767,55590.00000114262,4.530137037682337,3559000.0,
0.8409090909090909,1.0738596023390075,2.372727272727273,2.1579553522594708,55600.0000011432,4.55269520287478,3560000.0,
0.8295454545454546,1.0337441574240447,2.284090909090909,2.0773420776061,55610.00000114378,4.567250491235882,3561000.0,
0.875,1.0769454057940047,2.3795454545454544,2.164156373386654,55620.00000114436,4.37988306125686,3562000.0,
0.9204545454545454,1.107803440343976,2.4477272727272723,2.2261665846584773,55630.000001144945,4.197611145150345,3563000.0,
0.8295454545454546,1.0522589781540275,2.3249999999999997,2.114548204369194,55640.00000114553,4.591213562800888,3564000.0,
0.8295454545454546,1.0954602265239877,2.4204545454545454,2.2013625001497474,55650.00000114611,4.643839725219502,3565000.0,
0.7954545454545454,1.0183151401490589,2.25,2.0463369719701885,55660.00000114669,4.74645046200046,3566000.0,
0.7954545454545454,0.9411700537741301,2.0795454545454546,1.8913114437906287,55670.00000114727,4.650039496272012,3567000.0,
0.8068181818181818,1.169519509443919,2.584090909090909,2.350187007202125,55680.000001147855,4.868134039971614,3568000.0,
0.8636363636363636,0.9781996952340958,2.161363636363636,1.9657236973168168,55690.00000114844,4.326860173520032,3569000.0,
0.7954545454545454,0.8609391639442042,1.9022727272727271,1.7300848944838862,55700.00000114902,4.550892091914491,3570000.0,
0.7727272727272727,0.9041404123141645,1.9977272727272728,1.8168991902644398,55710.0000011496,4.741237592508429,3571000.0,
0.8068181818181818,0.9010546088591673,1.9909090909090907,1.8106981691372575,55720.00000115018,4.537642332204729,3572000.0,
0.875,1.0769454057940047,2.3795454545454544,2.1641563733866533,55730.000001150765,4.385597346971478,3573000.0,
0.8863636363636364,1.1294040645289563,2.4954545454545456,2.269573732548754,55740.00000115135,4.389068688275408,3574000.0,
0.7954545454545454,1.0738596023390075,2.372727272727273,2.157955352259471,55750.00000115193,4.821420643039552,3575000.0,
0.8181818181818182,1.0337441574240447,2.284090909090909,2.0773420776061,55760.00000115251,4.639017859170199,3576000.0,
0.8522727272727273,0.8887113950391786,1.9636363636363634,1.7858940846285278,55770.000001153094,4.283818703605178,3577000.0,
0.8636363636363636,0.9720280883241017,2.1477272727272725,1.9533216550624524,55780.000001153676,4.324450944466631,3578000.0,
0.8068181818181818,0.9380842503191331,2.0727272727272728,1.885110422663446,55790.00000115426,4.587481887817311,3579000.0,
0.8068181818181818,1.0121435332390647,2.2363636363636363,2.0339349297158233,55800.00000115484,4.679837055380075,3580000.0,
0.8522727272727273,1.0800312092490019,2.3863636363636362,2.170357394513836,55810.00000115542,4.510433952278162,3581000.0,
0.8636363636363636,1.0337441574240447,2.284090909090909,2.0773420776061,55820.000001156004,4.398016919214055,3582000.0,
0.9090909090909091,1.1695195094439192,2.584090909090909,2.350187007202125,55830.000001156586,4.3279689604752445,3583000.0,
0.8522727272727273,0.9998003194190759,2.209090909090909,2.009130845207094,55840.00000115717,4.417896374877808,3584000.0,
0.8181818181818182,1.0337441574240447,2.284090909090909,2.0773420776061,55850.00000115775,4.644017859170489,3585000.0,
0.8636363636363636,0.9936287125090818,2.1954545454545453,1.996728802952729,55860.00000115833,4.353672719838959,3586000.0,
0.8295454545454546,1.033744157424045,2.284090909090909,2.0773420776061,55870.000001158915,4.581497066579177,3587000.0,
0.8181818181818182,1.0460873712440333,2.311363636363636,2.1021461621148294,55880.0000011595,4.660770676061683,3588000.0,
0.8295454545454546,1.1294040645289563,2.495454545454545,2.269573732548754,55890.00000116008,4.69790900939064,3589000.0,
0.7954545454545454,0.978199695234096,2.161363636363636,1.9657236973168168,55900.00000116066,4.709733902679591,3590000.0,
0.8409090909090909,0.9103120192241587,2.0113636363636362,1.8293012325188045,55910.00000116124,4.374962941874314,3591000.0,
0.7954545454545454,0.9288268399541416,2.0522727272727277,1.866507359281899,55920.000001161825,4.648808027470573,3592000.0,
0.7727272727272727,0.9658564814141073,2.1340909090909084,1.9409196128080877,55930.00000116241,4.834046623109109,3593000.0,
0.8295454545454546,1.0460873712440333,2.311363636363636,2.1021461621148294,55940.00000116299,4.600212173650071,3594000.0,
0.7727272727272727,1.0244867470590533,2.2636363636363637,2.0587390142245527,55950.00000116357,4.911097555120284,3595000.0,
0.8409090909090909,1.0460873712440335,2.311363636363636,2.1021461621148294,55960.00000116415,4.539128225357565,3596000.0,
0.8522727272727273,1.101631833433982,2.434090909090909,2.213764542404112,55970.000001164735,4.544312017989036,3597000.0,
0.875,1.0923744230689905,2.4136363636363636,2.1951614790225658,55980.00000116532,4.41621752255923,3598000.0,
0.8295454545454546,1.1324898679839535,2.502272727272727,2.2757747536759365,55990.0000011659,4.707108334103833,3599000.0,
0.8977272727272727,1.4448957093443533,2.3795454545454544,2.090566312676584,56000.00000116648,4.288240452112236,3600000.0,
0.8409090909090909,1.2834317189018611,2.1136363636363638,1.8569500198559914,56010.00000116706,4.824078260410275,3601000.0,
0.8636363636363636,1.3910743791968556,2.290909090909091,2.01269421506972,56020.000001167646,4.822294018109502,3602000.0,
0.8409090909090909,1.1633687516497515,1.9159090909090908,1.6832353405791407,56030.00000116823,4.682381758813234,3603000.0,
0.7613636363636364,1.1136875238212922,1.8340909090909092,1.6113534043266504,56040.00000116881,5.106929882138466,3604000.0,
0.8522727272727273,1.0515859890357182,1.7318181818181815,1.5215009840110378,56050.00000116939,4.489858227228655,3605000.0,
0.7840909090909091,1.1302479330974453,1.861363636363636,1.6353140497441472,56060.000001169974,4.9811828712983095,3606000.0,
0.875,1.444895709344353,2.3795454545454544,2.090566312676584,56070.000001170556,4.823774317263813,3607000.0,
0.8522727272727273,1.2378905933924402,2.0386363636363636,1.7910582449578756,56080.00000117114,4.710055629673968,3608000.0,
0.8068181818181818,1.2378905933924402,2.0386363636363636,1.7910582449578756,56090.00000117172,4.975974256697886,3609000.0,
0.8068181818181818,1.2875718212208993,2.1204545454545456,1.8629401812103656,56100.0000011723,5.03811437006277,3610000.0,
0.8181818181818182,1.1840692632449428,1.95,1.7131861473510115,56110.000001172884,4.842192988507984,3611000.0,
0.7954545454545454,1.2089098771591722,1.9909090909090907,1.7491271154772563,56120.00000117347,5.01234098852899,3612000.0,
0.8181818181818182,1.1757890586068662,1.9363636363636365,1.7012058246422628,56130.00000117405,4.8331838495059545,3613000.0,
0.8522727272727273,1.266871309625708,2.0863636363636364,1.8329893744384946,56140.00000117463,4.747259670054521,3614000.0,
0.8522727272727273,1.4241951977491618,2.3454545454545452,2.060615505904713,56150.00000117521,4.932386365452738,3615000.0,
0.8863636363636364,1.2378905933924402,2.0386363636363636,1.7910582449578754,56160.000001175795,4.53300220802008,3616000.0,
0.8409090909090909,1.349673356006473,2.2227272727272727,1.952792601525978,56170.00000117638,4.911500747778425,3617000.0,
0.7840909090909091,1.1675088539687897,1.9227272727272726,1.6892255019335145,56180.00000117696,5.035660567482458,3618000.0,
0.8295454545454546,1.3372530490493586,2.202272727272727,1.9348221174628555,56190.00000117754,4.964905045525781,3619000.0,
0.7613636363636364,1.2585911049876315,2.0727272727272723,1.8210090517297461,56200.00000117812,5.3068032424769,3620000.0,
0.8181818181818182,1.279291616582823,2.1068181818181815,1.8509598585016172,56210.000001178705,4.964131420365716,3621000.0,
0.8636363636363636,1.2917119235399375,2.127272727272727,1.8689303425647397,56220.00000117929,4.717769069454737,3622000.0,
0.8181818181818182,1.2792916165828228,2.1068181818181815,1.8509598585016172,56230.00000117987,4.965242531476892,3623000.0,
0.75,1.1675088539687897,1.9227272727272726,1.6892255019335147,56240.00000118045,5.268190593277327,3624000.0,
0.7954545454545454,1.2213301841162874,2.0113636363636362,1.7670975995403793,56250.00000118103,5.035383660132654,3625000.0,
0.8636363636363636,1.2420306957114784,2.0454545454545454,1.7970484063122498,56260.000001181616,4.662348700390328,3626000.0,
0.7840909090909091,1.2296103887543637,2.025,1.7790779222491275,56270.0000011822,5.120079916194799,3627000.0,
0.8636363636363636,1.3041322304970526,2.147727272727273,1.8869008266278622,56280.00000118278,4.735308372247368,3628000.0,
0.7840909090909091,1.059866193673795,1.7454545454545454,1.5334813067197863,56290.00000118336,4.904753986237039,3629000.0,
0.8295454545454546,1.3372530490493584,2.202272727272727,1.9348221174628555,56300.000001183944,4.970932442786405,3630000.0,
0.8409090909090909,1.0391656820786037,1.7113636363636362,1.5035304999479158,56310.000001184526,4.549815946351129,3631000.0,
0.8522727272727273,1.2710114119447462,2.0931818181818183,1.8389795357928689,56320.00000118511,4.7617173901094185,3632000.0,
0.7954545454545454,1.0805667052689862,1.779545454545454,1.563432113491657,56330.00000118569,4.862995286724884,3633000.0,
0.6931818181818182,1.076426602949948,1.7727272727272727,1.557441952137283,56340.00000118627,5.575169525683095,3634000.0,
0.8636363636363636,1.1923494678830193,1.9636363636363638,1.7251664700597595,56350.000001186854,4.60955991027344,3635000.0,
0.8636363636363636,1.2006296725210959,1.9772727272727273,1.737146792768508,56360.000001187436,4.6196738314333485,3636000.0,
0.875,1.3538134583255115,2.2295454545454545,1.9587827628803522,56370.00000118802,4.735264731684746,3637000.0,
0.8522727272727273,1.2089098771591724,1.9909090909090907,1.7491271154772563,56380.0000011886,4.692051589294532,3638000.0,
0.8409090909090909,1.221330184116287,2.0113636363636362,1.7670975995403788,56390.00000118918,4.7707683271529495,3639000.0,
0.8522727272727273,1.2254702864353253,2.0181818181818176,1.773087760894753,56400.000001189765,4.712549136178613,3640000.0,
0.8295454545454546,1.2751515142637844,2.1,1.844969697147243,56410.00000119035,4.902097715921956,3641000.0,
0.8863636363636364,1.1592286493307131,1.9090909090909092,1.677245179224766,56420.00000119093,4.457588732669164,3642000.0,
0.7840909090909091,1.3082723328160908,2.1545454545454543,1.8928909879822362,56430.00000119151,5.229677757897251,3643000.0,
0.7386363636363636,1.1633687516497515,1.9159090909090906,1.6832353405791407,56440.00000119209,5.3559423100349965,3644000.0,
0.8522727272727273,1.2337504910734018,2.0318181818181817,1.7850680836035016,56450.000001192675,4.724931242954111,3645000.0,
0.8295454545454546,1.2461707980305166,2.052272727272727,1.8030385676666236,56460.00000119326,4.869901784024476,3646000.0,
0.7954545454545454,1.3248327420922434,2.1818181818181817,1.9168516333997332,56470.00000119384,5.178072590160302,3647000.0,
0.8409090909090909,1.5483982673203094,2.55,2.240320346535938,56480.00000119442,5.164579020693151,3648000.0,
0.8181818181818182,1.14266824005456,1.8818181818181814,1.6532845338072695,56490.000001195,4.8127028490543005,3649000.0,
0.7727272727272727,1.1633687516497515,1.9159090909090908,1.6832353405791407,56500.000001195585,5.123180149298364,3650000.0,
0.8295454545454546,1.266871309625708,2.0863636363636364,1.8329893744384946,56510.00000119617,4.897595551427059,3651000.0,
0.8409090909090909,1.2627312073066699,2.0795454545454546,1.8269992130841204,56520.00000119675,4.82702900337976,3652000.0,
0.7727272727272727,1.1799291609259044,1.9431818181818181,1.707195985996637,56530.00000119733,5.146375973067605,3653000.0,
0.8522727272727273,1.3082723328160908,2.1545454545454548,1.8928909879822362,56540.000001197914,4.81717020393248,3654000.0,
0.8409090909090909,1.2710114119447462,2.0931818181818183,1.8389795357928689,56550.000001198496,4.838497354841351,3655000.0,
0.75,1.0764266029499483,1.7727272727272727,1.557441952137283,56560.00000119908,5.16614153131394,3656000.0,
0.8863636363636364,1.3289728444112818,2.1886363636363635,1.9228417947541074,56570.00000119966,4.656787311734869,3657000.0,
0.8522727272727273,1.3165525374541671,2.1681818181818184,1.9048713106909845,56580.00000120024,4.829018977374613,3658000.0,
0.7954545454545454,1.1468083423735984,1.8886363636363634,1.659274695161644,56590.000001200824,4.961127630514404,3659000.0,
0.8636363636363636,1.0059719263290705,2.2227272727272727,2.021532887461458,56600.000001201406,4.804882307048731,3660000.0,
0.8181818181818182,1.0954602265239877,2.4204545454545454,2.2013625001497474,56610.00000120199,4.761670832517321,3661000.0,
0.8863636363636364,1.225063971633868,2.7068181818181816,2.4618053874914083,56620.00000120257,4.542120891165628,3662000.0,
0.8636363636363636,1.0121435332390647,2.2363636363636363,2.0339349297158233,56630.00000120315,4.415637249107613,3663000.0,
0.7954545454545454,1.1078034403439765,2.4477272727272723,2.2261665846584773,56640.000001203734,4.914950039391616,3664000.0,
0.875,1.2219781681788706,2.6999999999999997,2.4556043663642257,56650.00000120432,4.599141283206314,3665000.0,
0.875,1.2065491509038848,2.665909090909091,2.4245992607283138,56660.0000012049,4.582027601125842,3666000.0,
0.8522727272727273,0.9905429090540846,2.1886363636363635,1.9905277818255465,56670.00000120548,4.4513010133854625,3667000.0,
0.8295454545454546,1.2590078096388366,2.7818181818181817,2.530016619890414,56680.00000120606,4.897431332265345,3668000.0,
0.875,1.021400943604056,2.256818181818182,2.0525379930973706,56690.000001206645,4.371988091484568,3669000.0,
0.9090909090909091,1.1479188852589393,2.536363636363636,2.3067798593118485,56700.00000120723,4.347708273874298,3670000.0,
0.7386363636363636,0.8640249673992014,1.9090909090909092,1.7362859156110688,56710.00000120781,4.967292263665989,3671000.0,
0.875,1.1263182610739593,2.4886363636363638,2.2633727114215714,56720.00000120839,4.493452038722991,3672000.0,
0.9204545454545454,1.2312355785438625,2.7204545454545457,2.474207429745773,56730.00000120897,4.386031245913878,3673000.0,
0.8295454545454546,1.0892886196139935,2.4068181818181817,2.188960457895383,56740.000001209555,4.696126007304081,3674000.0,
0.875,1.0769454057940047,2.3795454545454544,2.1641563733866533,56750.00000121014,4.438584359961575,3675000.0,
0.8522727272727273,0.9349984468641359,2.065909090909091,1.8789094015362635,56760.00000121072,4.390928844416202,3676000.0,
0.8522727272727273,1.0183151401490589,2.25,2.0463369719701885,56770.0000012113,4.489220431203876,3677000.0,
0.9318181818181818,1.2374071854538564,2.734090909090909,2.4866094720001373,56780.00000121188,4.3416052722818925,3678000.0,
0.8863636363636364,1.0862028161589963,2.4,2.1827594367682006,56790.000001212466,4.394174972168845,3679000.0,
0.8636363636363636,1.166433705988922,2.577272727272727,2.3439859860749426,56800.00000121305,4.603236396502706,3680000.0,
0.8181818181818182,1.039915764334039,2.2977272727272724,2.0897441198604647,56810.00000121363,4.704894267619142,3681000.0,
0.8863636363636364,1.289865844188808,2.8499999999999996,2.592026831162238,56820.00000121421,4.625487106356413,3682000.0,
0.8522727272727273,1.073859602339008,2.3727272727272726,2.1579553522594708,56830.000001214794,4.557592600173602,3683000.0,
0.8181818181818182,0.9288268399541418,2.0522727272727272,1.866507359281899,56840.000001215376,4.570785582266031,3684000.0,
0.8068181818181818,0.9720280883241017,2.147727272727273,1.9533216550624524,56850.00000121596,4.689271433517086,3685000.0,
0.8068181818181818,0.956599071049116,2.1136363636363638,1.9223165494265402,56860.00000121654,4.670711524781924,3686000.0,
0.875,1.086202816158996,2.4,2.1827594367682006,56870.00000121712,4.455398023755695,3687000.0,
0.8409090909090909,1.064602191974016,2.352272727272727,2.1393522888779235,56880.000001217704,4.6108755797420615,3688000.0,
0.8863636363636364,1.1602620990789279,2.563636363636364,2.331583943820578,56890.000001218286,4.482857240078809,3689000.0,
0.8068181818181818,0.9627706779591104,2.127272727272727,1.9347185916809053,56900.00000121887,4.680614361515571,3690000.0,
0.8863636363636364,1.036829960879042,2.2909090909090906,2.083543098733282,56910.00000121945,4.344626109802074,3691000.0,
0.8181818181818182,1.1880343301739023,2.625,2.3873931339652192,56920.00000122003,4.892039181423775,3692000.0,
0.7954545454545454,1.0244867470590533,2.2636363636363637,2.0587390142245527,56930.000001220615,4.826780482120107,3693000.0,
0.8409090909090909,1.1078034403439765,2.4477272727272723,2.2261665846584773,56940.0000012212,4.665493280506527,3694000.0,
0.9090909090909091,1.061516388519019,2.3454545454545457,2.1331512677507414,56950.00000122178,4.2651655274611135,3695000.0,
0.8068181818181818,0.8856255915841816,1.9568181818181818,1.7796930635013455,56960.00000122236,4.5883781981214895,3696000.0,
0.8295454545454546,1.0707737988840103,2.3659090909090907,2.1517543311322886,56970.00000122294,4.68640951108237,3697000.0,
0.8295454545454546,1.061516388519019,2.3454545454545452,2.1331512677507414,56980.000001223525,4.675797838313645,3698000.0,
0.9090909090909091,1.2158065612688764,2.6863636363636365,2.443202324109861,56990.00000122411,4.436884717486073,3699000.0,
0.875,1.1417472783489446,2.5227272727272725,2.294377817057484,57000.00000122469,4.525630655869276,3700000.0,
0.8636363636363636,1.0954602265239877,2.4204545454545454,2.201362500149748,57010.00000122527,4.532109209754478,3701000.0,
0.8295454545454546,0.9133978226791558,2.018181818181818,1.835502253645987,57020.00000122585,4.499435731547909,3702000.0,
0.8636363636363636,1.225063971633868,2.7068181818181816,2.461805387491408,57030.000001226435,4.683229335671242,3703000.0,
0.8068181818181818,1.043001567789036,2.3045454545454542,2.095945140987647,57040.00000122702,4.787942788347487,3704000.0,
0.8522727272727273,1.1787769198089106,2.604545454545454,2.3687900705836724,57050.0000012276,4.692428919338971,3705000.0,
0.8409090909090909,1.0954602265239877,2.4204545454545454,2.2013625001497483,57060.00000122818,4.65730135055881,3706000.0,
0.8409090909090909,1.1540904921689334,2.5500000000000003,2.319181901566213,57070.000001228764,4.727564369163642,3707000.0,
0.8068181818181818,1.0152293366940617,2.2431818181818177,2.040135950843006,57080.000001229346,4.755774389243988,3708000.0,
0.8522727272727273,1.0275725505140505,2.270454545454545,2.0649400353517353,57090.00000122993,4.517149126033126,3709000.0,
0.8295454545454546,0.9874571055990874,2.1818181818181817,1.984326760698364,57100.00000123051,4.5930962369858905,3710000.0,
0.8636363636363636,1.1602620990789276,2.5636363636363635,2.331583943820578,57110.00000123109,4.612406114818399,3711000.0,
0.7954545454545454,1.0121435332390645,2.2363636363636363,2.0339349297158233,57120.000001231674,4.822120441889895,3712000.0,
0.8522727272727273,0.981285498689093,2.1681818181818184,1.9719247184439994,57130.000001232256,4.464972318558633,3713000.0,
0.75,0.9349984468641359,2.065909090909091,1.8789094015362635,57140.00000123284,5.012722171686419,3714000.0,
0.8863636363636364,1.043001567789036,2.3045454545454542,2.0959451409876473,57150.00000123342,4.363896640675605,3715000.0,
0.875,1.0707737988840105,2.3659090909090907,2.1517543311322886,57160.000001234,4.452829796221523,3716000.0,
0.8068181818181818,1.0553447816090247,2.3318181818181816,2.1207492254963767,57170.000001234584,4.810565363223392,3717000.0,
0.7840909090909091,0.9380842503191331,2.0727272727272723,1.885110422663446,57180.00000123517,4.801032087468879,3718000.0,
0.9204545454545454,1.1695195094439192,2.584090909090909,2.3501870072021247,57190.00000123575,4.341697738744891,3719000.0,
0.8409090909090909,1.5773789835535774,2.597727272727272,2.2822514760165573,57200.00000123633,4.760278624951595,3720000.0,
0.8409090909090909,1.2130499794782104,1.9977272727272726,1.7551172768316305,57210.00000123691,4.805245921639979,3721000.0,
0.8295454545454546,1.2875718212208995,2.1204545454545456,1.8629401812103656,57220.000001237495,4.96145370239339,3722000.0,
0.8636363636363636,1.2503109003495547,2.059090909090909,1.809028729020998,57230.00000123808,4.722988937342651,3723000.0,
0.9204545454545454,1.3745139699207027,2.2636363636363637,1.988733569652223,57240.00000123866,4.566876905682775,3724000.0,
0.8068181818181818,1.3827941745587793,2.2772727272727273,2.0007138923609715,57250.00000123924,5.220925174203631,3725000.0,
0.8977272727272727,1.440755607025315,2.372727272727273,2.0845761513222096,57260.00000123982,4.757294853487535,3726000.0,
0.8068181818181818,1.3413931513683968,2.209090909090909,1.9408122788172297,57270.000001240405,5.17073799053111,3727000.0,
0.8409090909090909,1.2875718212208993,2.1204545454545456,1.8629401812103656,57280.00000124099,4.8976502739828565,3728000.0,
0.8863636363636364,1.4738764255776209,2.427272727272727,2.1324974421572027,57290.00000124157,4.857191352027247,3729000.0,
0.875,1.2544510026685933,2.065909090909091,1.8150188903753721,57300.00000124215,4.670019327819911,3730000.0,
0.8636363636363636,1.4324754023872386,2.359090909090909,2.072595828613461,57310.00000124273,4.938126781807582,3731000.0,
0.7613636363636364,1.0598661936737948,1.7454545454545454,1.5334813067197863,57320.000001243316,5.112657090307395,3732000.0,
0.7954545454545454,1.2751515142637846,2.1,1.844969697147243,57330.0000012439,5.164759046607385,3733000.0,
0.8426966292134831,1.4491288476705608,2.3865168539325836,2.096691084398472,57340.00000124448,5.044430232666482,3734000.0,
0.898876404494382,1.428660926093293,2.352808988764045,2.0670768035453864,57350.00000124506,4.706882780370146,3735000.0,
0.8764044943820225,1.2239817103206152,2.0157303370786517,1.7709339950145284,57360.000001245644,4.594540669562123,3736000.0,
0.8202247191011236,1.2403560475824293,2.042696629213483,1.7946254196969975,57370.000001246226,4.9297464142760195,3737000.0,
0.8651685393258427,1.4000058358851182,2.3056179775280903,2.0256168103510657,57380.00000124681,4.8587054467674164,3738000.0,
0.7752808988764045,1.1707651142197186,1.9280898876404493,1.6939368647965058,57390.00000124739,5.126926016998157,3739000.0,
0.8426966292134831,1.391818667254211,2.292134831460674,2.013771098009832,57400.00000124797,4.979622151905932,3740000.0,
0.8651685393258427,1.2280752946360687,2.0224719101123596,1.7768568511851455,57410.000001248554,4.661538977012112,3741000.0,
0.8539325842696629,1.2731047221060576,2.096629213483146,1.8420082690619344,57420.00000124914,4.776133161510053,3742000.0,
0.7865168539325843,1.2935726436833255,2.1303370786516855,1.87162254991502,57430.00000124972,5.212110932787759,3743000.0,
0.9101123595505618,1.318134149576047,2.1707865168539326,1.907159686938723,57440.0000012503,4.531774559501206,3744000.0,
0.8089887640449438,1.3222277338915003,2.17752808988764,1.91308254310934,57450.00000125088,5.103862060051046,3745000.0,
0.8764044943820225,1.3017598123142327,2.143820224719101,1.8834682622562544,57460.000001251465,4.688415683375652,3746000.0,
0.9325842696629213,1.3877250829387575,2.285393258426966,2.0078482418392145,57470.00000125205,4.49864255890224,3747000.0,
0.797752808988764,1.0479575847561118,1.7258426966292135,1.5162511796779912,57480.00000125263,4.833634155642716,3748000.0,
0.8876404494382022,1.3304149025224075,2.191011235955056,1.9249282554505747,57490.00000125321,4.662869953567537,3749000.0,
0.8651685393258427,1.4163801731469323,2.332584269662921,2.0493082350335343,57500.00000125379,4.883865395031434,3750000.0,
0.8314606741573034,1.3181341495760468,2.1707865168539326,1.907159686938723,57510.000001254375,4.964239720535324,3751000.0,
0.797752808988764,1.4040994202005719,2.3123595505617978,2.031539666521683,57520.00000125496,5.282318991622522,3752000.0,
0.8089887640449438,1.1912330357969863,1.9617977528089887,1.7235511456495913,57530.00000125554,4.946382502684475,3753000.0,
0.8876404494382022,1.469596769247829,2.4202247191011237,2.126305365251558,57540.00000125612,4.82220142367607,3754000.0,
0.8651685393258427,1.449128847670561,2.3865168539325845,2.096691084398472,57550.0000012567,4.924315161688767,3755000.0,
0.8876404494382022,1.5023454437714567,2.474157303370786,2.173688214616495,57560.000001257285,4.86010815826604,3756000.0,
0.8426966292134831,1.3263213182069542,2.1842696629213476,1.9190053992799574,57570.00000125787,4.910965297703717,3757000.0,
0.8314606741573034,1.3754443299923969,2.2651685393258427,1.9900796733273631,57580.00000125845,5.036950613198451,3758000.0,
0.8202247191011236,1.2280752946360685,2.0224719101123596,1.776856851185146,57590.00000125903,4.926828783972253,3759000.0,
0.898876404494382,1.3017598123142327,2.143820224719101,1.8834682622562546,57600.000001259614,4.578205291291669,3760000.0,
0.8314606741573034,1.2771983064215113,2.103370786516854,1.8479311252325517,57610.000001260196,4.920411476741671,3761000.0,
0.8651685393258427,1.559655624187807,2.5685393258426967,2.256608201005135,57620.00000126078,5.055703254027094,3762000.0,
0.8426966292134831,1.3590699927305825,2.238202247191011,1.9663882486448947,57630.00000126136,4.953027058138608,3763000.0,
0.797752808988764,1.1748586985351723,1.9348314606741572,1.6998597209671227,57640.00000126194,5.00172146728178,3764000.0,
0.8202247191011236,0.9906474043397622,1.6314606741573032,1.433331193289351,57650.000001262524,4.640649575255031,3765000.0,
0.7191011235955056,1.158484361273358,1.9078651685393258,1.6761682962846542,57660.000001263106,5.5272641900110875,3766000.0,
0.8764044943820225,1.2321688789515222,2.0292134831460675,1.782779707355763,57670.00000126369,4.61977987479575,3767000.0,
0.7752808988764045,1.281291890736965,2.1101123595505618,1.8538539814031687,57680.00000126427,5.286301134535874,3768000.0,
0.8089887640449438,1.3386020711533146,2.2044943820224723,1.936773967791809,57690.00000126485,5.137435893611565,3769000.0,
0.797752808988764,1.015208910232483,1.6719101123595503,1.4688683303130539,57700.000001265435,4.804977366451846,3770000.0,
0.8314606741573034,1.207607373058801,1.9887640449438202,1.74724257033206,57710.00000126602,4.842119678508455,3771000.0,
0.9213483146067416,1.3713507456769432,2.2584269662921344,1.9841568171567463,57720.0000012666,4.547927028934667,3772000.0,
0.8764044943820225,1.5023454437714572,2.474157303370786,2.173688214616495,57730.00000126718,4.931135185936624,3773000.0,
0.8764044943820225,1.363163577046036,2.244943820224719,1.9723111048155115,57740.00000126776,4.772837927749956,3774000.0,
0.8426966292134831,1.432754510408747,2.359550561797753,2.0729996597160034,57750.000001268345,5.0468660191170684,3775000.0,
0.797752808988764,1.0602383377024724,1.746067415730337,1.5340197481898425,57760.00000126893,4.864802986801747,3776000.0,
0.797752808988764,1.2076073730588008,1.9887640449438202,1.74724257033206,57770.00000126951,5.050096566332952,3777000.0,
0.7865168539325843,1.244449631897883,2.049438202247191,1.8005482758676143,57780.00000127009,5.169654532090289,3778000.0,
0.8202247191011236,1.1625779455888117,1.9146067415730335,1.6820911524552715,57790.00000127067,4.857934755682401,3779000.0,
0.8539325842696629,0.9977200024831232,2.204494382022472,2.004950381525847,57800.000001271255,4.872834004474452,3780000.0,
0.8202247191011236,1.0862028161589963,2.3999999999999995,2.1827594367682006,57810.00000127184,4.7659157622680315,3781000.0,
0.8314606741573034,0.9946688709770583,2.1977528089887635,1.998819034793352,57820.00000127242,4.591963912491569,3782000.0,
0.7865168539325843,0.967208687422477,2.1370786516853935,1.943636914200898,57830.000001273,4.8200196169717255,3783000.0,
0.8314606741573034,0.9916177394709936,2.191011235955056,1.992687688060857,57840.00000127358,4.5893753894640685,3784000.0,
0.8539325842696629,1.1045096051953838,2.440449438202247,2.2195475171631704,57850.000001274166,4.601330985129134,3785000.0,
0.797752808988764,0.8939815312769265,1.9752808988764046,1.7964845926210191,57860.00000127475,4.662030370296813,3786000.0,
0.8426966292134831,1.1746856298348696,2.595505617977528,2.360568492010554,57870.00000127533,4.74702428083644,3787000.0,
0.8426966292134831,1.080100553146867,2.386516853932584,2.1704967433032105,57880.00000127591,4.635316656500041,3788000.0,
0.8314606741573034,1.1441743147742236,2.5280898876404496,2.2992550246856043,57890.000001276494,4.775558297599192,3789000.0,
0.797752808988764,0.9824643449527999,2.1707865168539326,1.9742936478633726,57900.000001277076,4.775198967721631,3790000.0,
0.8202247191011236,1.1014584736893192,2.433707865168539,2.2134161704306754,57910.00000127766,4.789994577613539,3791000.0,
0.8651685393258427,1.2235037339319033,2.7033707865168535,2.458670039730473,57920.00000127824,4.682748471784165,3792000.0,
0.8651685393258427,1.0770494216408024,2.379775280898876,2.164365396570716,57930.00000127882,4.513989591343831,3793000.0,
0.8202247191011236,0.9458507668800248,2.0898876404494384,1.900717487073433,57940.000001279404,4.601924907668057,3794000.0,
0.8202247191011236,1.09535621067719,2.4202247191011237,2.2011534769656858,57950.00000127999,4.7847466131194265,3795000.0,
0.8314606741573034,0.9519530298921539,2.103370786516854,1.912980180538423,57960.00000128057,4.548157022538544,3796000.0,
0.8426966292134831,0.9946688709770583,2.197752808988764,1.9988190347933525,57970.00000128115,4.538737726992148,3797000.0,
0.8314606741573034,1.1289186572439005,2.49438202247191,2.26859829102313,57980.00000128173,4.762075141921113,3798000.0,
0.8764044943820225,1.0068733970013168,2.2247191011235956,2.0233444217233325,57990.000001282315,4.379122209494549,3799000.0,
0.8314606741573034,1.058742632604415,2.339325842696629,2.127577316175746,58000.0000012829,4.678755328503416,3800000.0,
0.8539325842696629,0.9489018983860895,2.096629213483146,1.9068488338059284,58010.00000128348,4.427527223208213,3801000.0,
0.8202247191011236,1.147225446280288,2.5348314606741575,2.3053863714180993,58020.00000128406,4.851820064745345,3802000.0,
0.8651685393258427,1.0007711339891872,2.2112359550561798,2.011081728258342,58030.00000128464,4.43101858353902,3803000.0,
0.8764044943820225,1.1563788407984819,2.5550561797752804,2.3237804116155845,58040.000001285225,4.552275856904283,3804000.0,
0.8764044943820225,1.1472254462802882,2.534831460674157,2.3053863714180993,58050.00000128581,4.542344419569451,3805000.0,
0.8651685393258427,1.0404358435680274,2.298876404494382,2.0907892357807767,58060.00000128639,4.478423247857511,3806000.0,
0.8426966292134831,1.0434869750740918,2.30561797752809,2.0969205825132713,58070.00000128697,4.602001877187605,3807000.0,
0.8539325842696629,0.9885666079649291,2.184269662921348,1.9865563413283625,58080.00000128755,4.4776608962678575,3808000.0,
0.8202247191011236,0.9824643449527999,2.1707865168539326,1.9742936478633726,58090.000001288136,4.654782557647672,3809000.0,
0.8426966292134831,1.0434869750740918,2.30561797752809,2.0969205825132717,58100.00000128872,4.603601877187698,3810000.0,
0.898876404494382,1.1990946818833863,2.649438202247191,2.4096192658705133,58110.0000012893,4.4894903336888365,3811000.0,
0.8314606741573034,1.1197652627257069,2.474157303370786,2.250204250825645,58120.00000128988,4.758633897163186,3812000.0,
0.8539325842696629,0.8939815312769265,1.975280898876404,1.7964845926210193,58130.000001290464,4.369528372251797,3813000.0,
0.8651685393258427,1.0892539476650607,2.406741573033708,2.188890783500695,58140.000001291046,4.539005212333544,3814000.0,
0.898876404494382,1.2448616544743552,2.750561797752809,2.5015894668579377,58150.00000129163,4.542406090696405,3815000.0,
0.7865168539325843,0.86957247922841,1.9213483146067412,1.7474338187610596,58160.00000129221,4.71473929512608,3816000.0,
0.8202247191011236,1.0068733970013166,2.224719101123595,2.023344421723332,58170.00000129279,4.688925100556393,3817000.0,
0.898876404494382,1.1136629997135776,2.460674157303371,2.237941557360655,58180.000001293374,4.397947587275128,3818000.0,
0.8876404494382022,1.1136629997135774,2.460674157303371,2.237941557360655,58190.000001293956,4.454124139012817,3819000.0,
0.8202247191011236,0.9641575559164121,2.1303370786516855,1.9375055674684027,58200.00000129454,4.638490718959824,3820000.0,
0.8539325842696629,1.1502765777863526,2.541573033707865,2.311517718150595,58210.00000129512,4.673873887243343,3821000.0,
0.8089887640449438,1.0923050791711255,2.4134831460674153,2.1950221302331903,58220.0000012957,4.862429889635296,3822000.0,
0.8089887640449438,0.9885666079649291,2.184269662921348,1.9865563413283622,58230.000001296285,4.734753168283224,3823000.0,
0.8314606741573034,1.162481103810611,2.5685393258426963,2.336043105080574,58240.00000129687,4.816494841171083,3824000.0,
0.8202247191011236,1.0343335805558982,2.2853932584269665,2.0785265423157866,58250.00000129745,4.726787516123192,3825000.0,
0.9325842696629213,1.1075607367014484,2.447191011235955,2.2256788638956655,58260.00000129803,4.236297657517461,3826000.0,
0.797752808988764,0.8299077696495701,1.8337078651685392,1.6677263112386251,58270.00000129861,4.604811147976542,3827000.0,
0.8539325842696629,1.0831516846529317,2.3932584269662924,2.1766280900357056,58280.000001299195,4.598951315021526,3828000.0,
0.8314606741573034,1.1472254462802882,2.534831460674157,2.3053863714180993,58290.00000129978,4.800849523330717,3829000.0,
0.8651685393258427,1.1289186572439005,2.49438202247191,2.2685982910231295,58300.00000130036,4.593163123405674,3830000.0,
0.8314606741573034,1.049589238086221,2.3191011235955052,2.1091832759782614,58310.00000130094,4.6845032729352125,3831000.0,
0.8539325842696629,1.0953562106771901,2.420224719101124,2.2011534769656858,58320.00000130152,4.615348720497425,3832000.0,
0.898876404494382,1.064844895616544,2.352808988764045,2.1398400096407357,58330.000001302105,4.3511374464676145,3833000.0,
0.8651685393258427,1.0312824490498333,2.2786516853932586,2.0723951955832915,58340.00000130269,4.48238880484382,3834000.0,
0.8426966292134831,1.1197652627257069,2.474157303370786,2.2502042508256452,58350.00000130327,4.707452111868391,3835000.0,
0.797752808988764,1.0465381065801567,2.3123595505617978,2.103051929245766,58360.00000130385,4.881432274551798,3836000.0,
0.8764044943820225,0.9183905833254435,2.0292134831460675,1.8455353664809784,58370.000001304434,4.297648229788597,3837000.0,
0.8089887640449438,1.1441743147742236,2.528089887640449,2.2992550246856047,58380.000001305016,4.935434916978532,3838000.0,
0.8876404494382022,1.2235037339319033,2.703370786516854,2.4586700397304733,58390.0000013056,4.587995345917596,3839000.0,
0.8651685393258427,1.6497144791277853,2.7168539325842693,2.3869110367587125,58400.00000130618,4.714736801760674,3840000.0,
0.8539325842696629,1.3386020711533146,2.204494382022472,1.9367739677918085,58410.00000130676,4.904939267634215,3841000.0,
0.8089887640449438,1.2280752946360687,2.0224719101123596,1.776856851185146,58420.000001307344,5.0413680726412196,3842000.0,
0.7865168539325843,1.1584843612733582,1.907865168539326,1.6761682962846542,58430.000001307926,5.097498688012698,3843000.0,
0.7865168539325843,1.1584843612733582,1.907865168539326,1.6761682962846542,58440.00000130851,5.09807011658416,3844000.0,
0.7865168539325843,1.2403560475824293,2.042696629213483,1.7946254196969975,58450.00000130909,5.202735546320012,3845000.0,
0.8089887640449438,1.1462036083269975,1.8876404494382022,1.6583997277728029,58460.00000130967,4.942387793731524,3846000.0,
0.797752808988764,1.30994698094514,2.1573033707865163,1.8953139745974887,58470.000001310254,5.217818046643476,3847000.0,
0.8539325842696629,1.2935726436833257,2.130337078651685,1.8716225499150203,58480.00000131084,4.855891648623522,3848000.0,
0.8202247191011236,1.1339228553806366,1.8674157303370784,1.6406311592609515,58490.00000131142,4.861355262143159,3849000.0,
0.8651685393258427,1.2280752946360687,2.022471910112359,1.776856851185146,58500.000001312,4.7181623536387844,3850000.0,
0.8314606741573034,1.2649175534751507,2.0831460674157305,1.8301625567207005,58510.00000131258,4.954290030633338,3851000.0,
0.8426966292134831,1.4532224319860143,2.393258426966292,2.1026139405690896,58520.000001313165,5.1122212860578164,3852000.0,
0.8089887640449438,1.2198881260051615,2.0089887640449438,1.7650111388439116,58530.00000131375,5.0373589336394815,3853000.0,
0.8426966292134831,1.1175485181188225,1.8404494382022467,1.6169397345784828,58540.00000131433,4.714954908268812,3854000.0,
0.7752808988764045,1.1830458671660795,1.9483146067415729,1.7117054333083572,58550.00000131491,5.210012785295204,3855000.0,
0.8651685393258427,1.3918186672542108,2.292134831460674,2.013771098009832,58560.00000131549,4.910541057054741,3856000.0,
0.7752808988764045,1.1584843612733582,1.907865168539326,1.6761682962846542,58570.000001316075,5.17949142262205,3857000.0,
0.8202247191011236,1.281291890736965,2.1101123595505613,1.8538539814031687,58580.00000131666,5.0459558668929425,3858000.0,
0.8426966292134831,1.2157945416897078,2.0022471910112363,1.7590882826732943,58590.00000131724,4.834206856239749,3859000.0,
0.8314606741573034,1.1748586985351723,1.9348314606741572,1.6998597209671227,58600.00000131782,4.850840867259864,3860000.0,
0.8089887640449438,0.9374308082388657,1.5438202247191009,1.3563340630713279,58610.0000013184,4.692654749178625,3861000.0,
0.8089887640449438,1.1175485181188223,1.840449438202247,1.6169397345784826,58620.000001318986,4.915855807224714,3862000.0,
0.7752808988764045,1.174858698535172,1.9348314606741572,1.699859720967123,58630.00000131957,5.204090205467201,3863000.0,
0.8426966292134831,1.3140405652605935,2.1640449438202247,1.9012368307681062,58640.00000132015,4.9534588042106895,3864000.0,
0.8202247191011236,1.4818775221941891,2.4404494382022466,2.1440739337634094,58650.00000132073,5.2943410888067675,3865000.0,
0.8314606741573034,1.3754443299923969,2.265168539325843,1.9900796733273631,58660.000001321314,5.095328991580229,3866000.0,
0.8314606741573034,1.0847998435951942,1.7865168539325842,1.5695568852135455,58670.000001321896,4.746310622805246,3867000.0,
0.8089887640449438,1.1421100240115438,1.880898876404494,1.6524768716021856,58680.00000132248,4.949549890897856,3868000.0,
0.8426966292134831,1.215794541689708,2.002247191011236,1.7590882826732943,58690.00000132306,4.839540189573394,3869000.0,
0.8539325842696629,1.1789522828506258,1.941573033707865,1.7057825771377397,58700.00000132364,4.733244120806955,3870000.0,
0.8202247191011236,1.0438640004406583,1.7191011235955056,1.510328323507374,58710.000001324224,4.763612274614299,3871000.0,
0.8426966292134831,1.289479059367872,2.1235955056179776,1.8656996937444035,58720.00000132481,4.928579150551576,3872000.0,
0.8426966292134831,1.1871394514815328,1.9550561797752808,1.7176282894789743,58730.00000132539,4.807669482526484,3873000.0,
0.8202247191011236,1.4245673417778395,2.346067415730337,2.0611539473747693,58740.00000132597,5.2294012798063,3874000.0,
0.8202247191011236,1.0029281572861226,1.651685393258427,1.4510997618012025,58750.00000132655,4.715895972686293,3875000.0,
0.8426966292134831,1.3345084868378614,2.197752808988764,1.9308511116211917,58760.000001327135,4.984147404482753,3876000.0,
0.8651685393258427,1.3426956554687681,2.2112359550561798,1.9426968239624258,58770.00000132772,4.864671601874799,3877000.0,
0.8764044943820225,1.2608239691596972,2.076404494382022,1.8242397005500832,58780.0000013283,4.7093991443955705,3878000.0,
0.8876404494382022,1.4614096006169215,2.4067415730337074,2.1144596529103232,58790.00000132888,4.876269043829745,3879000.0,
0.8764044943820225,1.3426956554687681,2.2112359550561798,1.942696823962426,58800.00000132946,4.803842478773929,3880000.0,
0.8426966292134831,1.1994202044278937,1.9752808988764043,1.7353968579908257,58810.000001330045,4.826509309356414,3881000.0,
0.8539325842696629,1.3672571613614897,2.251685393258427,1.978233960986129,58820.00000133063,4.9600748338003084,3882000.0,
0.8202247191011236,1.187139451481533,1.9550561797752808,1.7176282894789745,58830.00000133121,4.94486590670561,3883000.0,
0.8764044943820225,1.5187197810332718,2.501123595505618,2.1973796392989637,58840.00000133179,5.006741801533546,3884000.0,
0.8539325842696629,1.3140405652605933,2.1640449438202243,1.9012368307681058,58850.00000133237,4.899334346261192,3885000.0,
0.6853932584269663,1.0315832474942979,1.6988764044943818,1.4925597549955225,58860.000001332955,5.692634574338568,3886000.0,
0.7415730337078652,0.9742730670779477,1.604494382022472,1.4096397686068824,58870.00000133354,5.184698529963633,3887000.0,
0.8764044943820225,1.1912330357969865,1.9617977528089883,1.7235511456495916,58880.00000133412,4.6351223101743155,3888000.0,
0.8202247191011236,1.2157945416897078,2.002247191011236,1.7590882826732943,58890.0000013347,4.983089235863713,3889000.0,
0.8314606741573034,1.1953266201124402,1.9685393258426964,1.7294740018202086,58900.000001335284,4.891673908076711,3890000.0,
0.8426966292134831,1.3058533966296866,2.150561797752809,1.889391118426872,58910.000001335866,4.958143364102852,3891000.0,
0.7415730337078652,1.084799843595194,1.7865168539325842,1.5695568852135457,58920.00000133645,5.33677251647949,3892000.0,
0.898876404494382,1.2649175534751504,2.08314606741573,1.8301625567207,58930.00000133703,4.603718278337061,3893000.0,
0.8314606741573034,1.2403560475824293,2.0426966292134834,1.794625419696997,58940.00000133761,4.947993084358311,3894000.0,
0.8202247191011236,1.2771983064215116,2.103370786516854,1.8479311252325517,58950.000001338194,5.061239031221858,3895000.0,
0.7752808988764045,1.0479575847561116,1.7258426966292135,1.516251179677991,58960.000001338776,5.059536594941701,3896000.0,
0.8539325842696629,1.1462036083269973,1.887640449438202,1.6583997277728029,58970.00000133936,4.709104225641954,3897000.0,
0.8089887640449438,1.400005835885118,2.30561797752809,2.025616810351066,58980.00000133994,5.285004436131438,3898000.0,
0.7752808988764045,1.3386020711533146,2.204494382022472,1.936773967791809,58990.00000134052,5.436164990439643,3899000.0,
0.8202247191011236,0.955004161398219,2.1101123595505618,1.9191115272709178,59000.000001341105,5.068969565524419,3900000.0,
0.9325842696629213,1.1655322353166757,2.575280898876404,2.342174451813069,59010.00000134169,4.334604445191316,3901000.0,
0.8314606741573034,1.0343335805558982,2.285393258426966,2.0785265423157866,59020.00000134227,4.704533630772599,3902000.0,
0.7752808988764045,0.9611064244103478,2.123595505617977,1.9313742207359077,59030.00000134285,4.951569156235081,3903000.0,
0.8539325842696629,1.089253947665061,2.406741573033708,2.188890783500695,59040.00000134343,4.646097386182795,3904000.0,
0.8651685393258427,1.080100553146867,2.3865168539325845,2.17049674330321,59050.000001344015,4.575698042049033,3905000.0,
0.8651685393258427,1.2296059969440323,2.7168539325842693,2.470932733195463,59060.0000013446,4.749022516048384,3906000.0,
0.898876404494382,1.0221290545316397,2.2584269662921344,2.054001155385807,59070.00000134518,4.340616073262812,3907000.0,
0.898876404494382,1.2174014709197738,2.689887640449438,2.446407346265483,59080.00000134576,4.55835663649464,3908000.0,
0.7865168539325843,1.0007711339891876,2.2112359550561798,2.011081728258342,59090.00000134634,4.934691870467876,3909000.0,
0.7752808988764045,0.9946688709770583,2.197752808988764,1.998819034793352,59100.000001346925,4.998917819198177,3910000.0,
0.9101123595505618,1.1319697887499651,2.501123595505618,2.274729637755625,59110.00000134751,4.409692730944014,3911000.0,
0.7865168539325843,0.9824643449528,2.1707865168539326,1.9742936478633726,59120.00000134809,4.913130381550284,3912000.0,
0.8426966292134831,1.2143503394137092,2.68314606741573,2.440275999532988,59130.00000134867,4.861293069540575,3913000.0,
0.8426966292134831,1.2296059969440323,2.7168539325842693,2.470932733195463,59140.00000134925,4.879929783143255,3914000.0,
0.8202247191011236,1.1289186572439005,2.49438202247191,2.26859829102313,59150.000001349836,4.891418637019655,3915000.0,
0.8202247191011236,0.9824643449528,2.1707865168539326,1.9742936478633726,59160.00000135042,4.713412694637387,3916000.0,
0.7078651685393258,1.1807878928469988,2.608988764044944,2.3728311854755435,59170.000001351,5.742379721763733,3917000.0,
0.898876404494382,1.0831516846529314,2.393258426966292,2.1766280900357056,59180.00000135158,4.4140037492730695,3918000.0,
0.8651685393258427,1.0617937641104793,2.346067415730337,2.1337086629082416,59190.000001352164,4.561810974202202,3919000.0,
0.8202247191011236,1.202145813389451,2.6561797752808984,2.4157506126030084,59200.000001352746,4.983435306841102,3920000.0,
0.8314606741573034,1.0678960271226086,2.359550561797753,2.145971356373231,59210.00000135333,4.755169546238564,3921000.0,
0.7640449438202247,1.0862028161589963,2.3999999999999995,2.1827594367682006,59220.00000135391,5.199291921263156,3922000.0,
0.8876404494382022,0.9183905833254434,2.0292134831460675,1.8455353664809788,59230.00000135449,4.286791923084946,3923000.0,
0.8202247191011236,1.0556915010983503,2.332584269662921,2.121445969443251,59240.000001355074,4.807073200075367,3924000.0,
0.8764044943820225,1.2875774955592594,2.8449438202247186,2.5874283211128666,59250.00000135566,4.764028168109295,3925000.0,
0.8089887640449438,0.997720002483123,2.2044943820224723,2.004950381525847,59260.00000135624,4.8032900031771,3926000.0,
0.8539325842696629,1.0831516846529317,2.393258426966292,2.1766280900357056,59270.00000135682,4.651056578182454,3927000.0,
0.8314606741573034,1.186890155859128,2.6224719101123593,2.3850938789405336,59280.0000013574,4.902067890259734,3928000.0,
0.8426966292134831,1.0099245285073812,2.2314606741573035,2.0294757684558267,59290.000001357985,4.627241107265563,3929000.0,
0.8202247191011236,1.0648448956165442,2.352808988764045,2.1398400096407357,59300.00000135857,4.821520489282671,3930000.0,
0.8764044943820225,1.162481103810611,2.5685393258426963,2.336043105080574,59310.00000135915,4.624366900601402,3931000.0,
0.8089887640449438,1.0587426326044147,2.339325842696629,2.127577316175746,59320.00000135973,4.882054087632779,3932000.0,
0.8539325842696629,1.0984073421832548,2.4269662921348316,2.2072848236981804,59330.00000136031,4.672079650816832,3933000.0,
0.8764044943820225,1.1746856298348693,2.595505617977528,2.360568492010554,59340.000001360895,4.639831039270196,3934000.0,
0.8314606741573034,1.1106118682075132,2.453932584269663,2.23181021062816,59350.00000136148,4.814111571327607,3935000.0,
0.8426966292134831,1.0739982901347378,2.3730337078651687,2.1582340498382204,59360.00000136206,4.707008637730242,3936000.0,
0.7528089887640449,0.8848281367587328,1.9550561797752808,1.7780905524235342,59370.00000136264,5.0183508086463595,3937000.0,
0.8314606741573034,1.028231317543769,2.2719101123595506,2.0662638488507965,59380.00000136322,4.7166538820159,3938000.0,
0.8202247191011236,1.003822265495252,2.2179775280898872,2.017213074990837,59390.000001363805,4.752054542970698,3939000.0,
0.7752808988764045,1.0007711339891876,2.2112359550561798,2.0110817282583415,59400.00000136439,5.024180158446717,3940000.0,
0.8426966292134831,1.1380720517620946,2.5146067415730338,2.2869923312206146,59410.00000136497,4.785709501528195,3941000.0,
0.8202247191011236,0.9702598189285415,2.143820224719101,1.9497682609333926,59420.00000136555,4.712779779348367,3942000.0,
0.8651685393258427,1.1289186572439007,2.49438202247191,2.26859829102313,59430.000001366134,4.65186442211039,3943000.0,
0.8314606741573034,1.1472254462802882,2.534831460674157,2.3053863714180993,59440.000001366716,4.863011685496497,3944000.0,
0.8764044943820225,1.1075607367014484,2.4471910112359554,2.225678863895665,59450.0000013673,4.56888084069521,3945000.0,
0.8314606741573034,1.0923050791711253,2.4134831460674153,2.1950221302331903,59460.00000136788,4.798039892622026,3946000.0,
0.8202247191011236,0.9000837942890559,1.98876404494382,1.808747286086009,59470.00000136846,4.629962434240111,3947000.0,
0.8539325842696629,1.1136629997135779,2.460674157303371,2.237941557360655,59480.000001369044,4.697839565556749,3948000.0,
0.8651685393258427,1.1045096051953838,2.4404494382022466,2.21954751716317,59490.000001369626,4.626768245067479,3949000.0,
0.8426966292134831,1.0221290545316397,2.258426966292135,2.054001155385807,59500.00000137021,4.652923811481667,3950000.0,
0.8539325842696629,1.217401470919774,2.6898876404494376,2.4464073462654827,59510.00000137079,4.820901722627254,3951000.0,
0.8426966292134831,0.9458507668800247,2.0898876404494384,1.9007174870734334,59520.00000137137,4.5634735768018135,3952000.0,
0.8876404494382022,1.1045096051953838,2.4404494382022466,2.2195475171631704,59530.000001371955,4.511660188230447,3953000.0,
0.9101123595505618,1.3577535201987452,3.0,2.7284492959602504,59540.00000137254,4.679010658092676,3954000.0,
0.8089887640449438,1.1075607367014484,2.4471910112359554,2.225678863895665,59550.00000137312,4.955176466309023,3955000.0,
0.8764044943820225,1.0160267915195105,2.244943820224719,2.0417384619208163,59560.0000013737,4.470079287859739,3956000.0,
0.8539325842696629,0.9946688709770585,2.1977528089887635,1.9988190347933525,59570.00000137428,4.563228020062943,3957000.0,
0.8539325842696629,1.0434869750740918,2.30561797752809,2.0969205825132717,59580.000001374865,4.620922905123973,3958000.0,
0.8089887640449438,0.9550041613982186,2.1101123595505618,1.919111527270918,59590.00000137545,4.768821810725993,3959000.0,
0.8426966292134831,1.5064390280869109,2.4808988764044946,2.179611070787112,59600.00000137603,4.777739454592801,3960000.0,
0.8089887640449438,1.2853854750524183,2.1168539325842692,1.859776837573786,59610.00000137661,5.178320934548612,3961000.0,
0.7865168539325843,1.0970805965415544,1.8067415730337077,1.5873254537253971,59620.00000137719,5.087428187143363,3962000.0,
0.8426966292134831,1.3304149025224077,2.191011235955056,1.9249282554505747,59630.000001377775,5.025689684431115,3963000.0,
0.8202247191011236,1.2731047221060576,2.0966292134831463,1.8420082690619344,59640.00000137836,5.094056442127135,3964000.0,
0.8202247191011236,1.1912330357969867,1.9617977528089887,1.7235511456495916,59650.00000137894,4.994788221832546,3965000.0,
0.8314606741573034,1.2485432162133363,2.0561797752808983,1.8064711320382314,59660.00000137952,4.9967587331193695,3966000.0,
0.8089887640449438,1.2321688789515222,2.0292134831460675,1.782779707355763,59670.000001380104,5.115872642146308,3967000.0,
0.7752808988764045,1.1543907769579045,1.9011235955056178,1.6702454401140372,59680.000001380686,5.238559118218907,3968000.0,
0.7640449438202247,1.2690111377906041,2.0898876404494384,1.8360854128913173,59690.00000138127,5.466202812812018,3969000.0,
0.8539325842696629,1.3017598123142324,2.1438202247191005,1.8834682622562544,59700.00000138185,4.929689780313453,3970000.0,
0.7865168539325843,1.0888934279106475,1.7932584269662917,1.5754797413841626,59710.00000138243,5.08216164417008,3971000.0,
0.8202247191011236,1.2239817103206148,2.0157303370786517,1.7709339950145284,59720.000001383014,5.038550304471166,3972000.0,
0.9101123595505618,1.522813365348725,2.507865168539326,2.203302495469581,59730.000001383596,4.869755426220978,3973000.0,
0.8426966292134831,1.2362624632669756,2.0359550561797755,1.78870256352638,59740.00000138418,4.919828789848345,3974000.0,
0.8426966292134831,1.318134149576047,2.170786516853932,1.9071596869387233,59750.00000138476,5.017516524268474,3975000.0,
0.8539325842696629,1.3058533966296861,2.150561797752809,1.8893911184268715,59760.00000138534,4.9376414777356805,3976000.0,
0.8651685393258427,1.1543907769579045,1.9011235955056178,1.6702454401140372,59770.000001385924,4.698968560482149,3977000.0,
0.8089887640449438,1.2157945416897078,2.002247191011236,1.7590882826732943,59780.00000138651,5.101743253031365,3978000.0,
0.7303370786516854,1.1502971926424508,1.8943820224719097,1.66432258394342,59790.00000138709,5.562096156200843,3979000.0,
0.8202247191011236,1.2076073730588006,1.9887640449438202,1.74724257033206,59800.00000138767,5.022970633015237,3980000.0,
0.8876404494382022,1.4245673417778395,2.346067415730337,2.0611539473747693,59810.00000138825,4.886408777545684,3981000.0,
0.8314606741573034,1.30994698094514,2.1573033707865163,1.895313974597489,59820.000001388835,5.079257855567582,3982000.0,
0.8651685393258427,1.318134149576047,2.1707865168539326,1.907159686938723,59830.00000138942,4.891347263898107,3983000.0,
0.8539325842696629,1.346789239784222,2.2179775280898877,1.9486196801330435,59840.00000139,4.9897900309037375,3984000.0,
0.8089887640449438,1.1953266201124402,1.9685393258426962,1.7294740018202088,59850.00000139058,5.080331516637469,3985000.0,
0.8202247191011236,1.3467892397842218,2.2179775280898872,1.9486196801330429,59860.00000139116,5.195945785598475,3986000.0,
0.8876404494382022,1.477783937878736,2.433707865168539,2.1381510775927923,59870.000001391745,4.949399626317757,3987000.0,
0.7640449438202247,1.0397704161252048,1.712359550561798,1.5044054673367566,59880.00000139233,5.177343632985895,3988000.0,
0.8089887640449438,1.3058533966296861,2.150561797752809,1.889391118426872,59890.00000139291,5.219177115388083,3989000.0,
0.8202247191011236,1.1543907769579045,1.9011235955056178,1.6702454401140368,59900.00000139349,4.963569577495284,3990000.0,
0.8539325842696629,1.3017598123142327,2.143820224719101,1.8834682622562546,59910.00000139407,4.940742411893043,3991000.0,
0.7752808988764045,1.1298292710651832,1.860674157303371,1.634708303090334,59920.000001394656,5.220791378734901,3992000.0,
0.8314606741573034,1.4204737574623858,2.339325842696629,2.0552310912041523,59930.00000139524,5.218134654352183,3993000.0,
0.8539325842696629,1.1994202044278937,1.9752808988764043,1.7353968579908254,59940.00000139582,4.822476292131501,3994000.0,
0.8539325842696629,1.0766126749642868,1.7730337078651683,1.5577111728723112,59950.0000013964,4.67918852736494,3995000.0,
0.8764044943820225,1.187139451481533,1.9550561797752806,1.7176282894789745,59960.000001396984,4.685836040894522,3996000.0,
0.8426966292134831,1.2444496318978828,2.049438202247191,1.8005482758676146,59970.000001397566,4.9418108966244025,3997000.0,
0.7640449438202247,1.0684255063333798,1.7595505617977527,1.5458654605310769,59980.00000139815,5.220730442229289,3998000.0,
0.8202247191011236,1.3058533966296861,2.150561797752809,1.8893911184268715,59990.00000139873,5.153160990520074,3999000.0,
0.797752808988764,1.1257356867497297,1.853932584269663,1.628785446919717,60000.00000139931,5.073102480685232,4000000.0,
0.8222222222222222,1.3520654151241398,2.2266666666666666,1.9562535836418384,60010.000001399894,5.158455234717573,4001000.0,
0.8666666666666667,1.3034882145807576,2.1466666666666665,1.8859690237505151,60020.000001400476,4.838381273335877,4002000.0,
0.8222222222222222,1.3804021154411128,2.273333333333333,1.997252910245111,60030.00000140106,5.193999870238279,4003000.0,
0.8444444444444444,1.3804021154411128,2.2733333333333334,1.9972529102451106,60040.00000140164,5.05784197891625,4004000.0,
0.8,1.206333813493993,1.9866666666666666,1.7453999039678685,60050.00000140222,5.121803378088841,4005000.0,
0.8555555555555555,1.2427667139015295,2.0466666666666664,1.7981133238863607,60060.000001402805,4.832322133234769,4006000.0,
0.9222222222222223,1.3399211149882944,2.2066666666666666,1.9386824436690078,60070.00000140339,4.588827715143233,4007000.0,
0.8333333333333334,1.3237287148071666,2.1799999999999997,1.9152542570385669,60080.00000140397,5.05940512454119,4008000.0,
0.9,1.4451717161656223,2.38,2.0909656567668757,60090.00000140455,4.82006486991176,4009000.0,
0.8,1.1537085129053288,1.9,1.6692582974189343,60100.00000140513,5.058799530130951,4010000.0,
0.8555555555555555,1.4370755160750586,2.3666666666666667,2.079251563451655,60110.000001405715,5.062033720190993,4011000.0,
0.8777777777777778,1.4492198162109042,2.3866666666666667,2.0968227034244857,60120.0000014063,4.948222575530821,4012000.0,
0.8333333333333334,1.3561135151694217,2.2333333333333334,1.962110630299449,60130.00000140688,5.100933551642717,4013000.0,
0.7333333333333333,1.0201212114110276,1.68,1.4759757577177945,60140.00000140746,5.338950136893191,4014000.0,
0.8111111111111111,1.315632514716603,2.1666666666666665,1.9035401637233456,60150.00000140804,5.191872963458284,4015000.0,
0.7777777777777778,1.1982376134034294,1.9733333333333336,1.7336858106526474,60160.000001408625,5.26401693163245,4016000.0,
0.8222222222222222,1.5828071177052057,2.606666666666667,2.2901052431256255,60170.00000140921,5.447735683803157,4017000.0,
0.8888888888888888,1.2872958143996303,2.1199999999999997,1.862540837120074,60180.00000140979,4.707205291299177,4018000.0,
0.8777777777777778,1.3034882145807578,2.146666666666667,1.8859690237505151,60190.00000141037,4.785743535699215,4019000.0,
0.8222222222222222,0.8719794829720832,1.9266666666666663,1.7522707700722502,60200.000001410954,4.947174083591259,4020000.0,
0.8888888888888888,1.2249953982237567,2.706666666666666,2.461667587021915,60210.000001411536,4.638617323101407,4021000.0,
0.8555555555555555,0.989651454722641,2.186666666666666,1.9887363757221383,60220.00000141212,4.544784817311877,4022000.0,
0.8777777777777778,1.0228409852163882,2.26,2.0554318029567225,60230.0000014127,4.468044160474102,4023000.0,
0.8444444444444444,0.992668684767527,2.193333333333333,1.994799596379828,60240.00000141328,4.609210284698143,4024000.0,
0.9,1.1857714076402377,2.6199999999999997,2.3828457184719523,60250.000001413864,4.539743539451915,4025000.0,
0.8111111111111111,1.046978825575477,2.313333333333333,2.1039375682182375,60260.000001414446,4.866683483695604,4026000.0,
0.8,0.9383585439595771,2.0733333333333333,1.8856616245414177,60270.00000141503,4.799056513393754,4027000.0,
0.7888888888888889,0.9202551636902606,2.033333333333333,1.849282300595281,60280.00000141561,4.844264292114284,4028000.0,
0.7666666666666667,0.8538761027027664,1.8866666666666667,1.7158914461261134,60290.00000141619,4.898676076104958,4029000.0,
0.8888888888888888,1.1616335672811486,2.566666666666667,2.3343399532104363,60300.000001416774,4.571835263291235,4030000.0,
0.8111111111111111,1.0017203749021855,2.2133333333333334,2.0129892583528957,60310.00000141736,4.813625119851978,4031000.0,
0.7888888888888889,0.9805997645879826,2.1666666666666665,1.97054671374907,60320.00000141794,4.923010969308711,4032000.0,
0.9111111111111111,1.0952545062936543,2.42,2.200949098741269,60330.00000141852,4.3889354338345274,4033000.0,
0.8555555555555555,1.134478496877174,2.506666666666667,2.2797709672912316,60340.0000014191,4.720296944505848,4034000.0,
0.8111111111111111,0.9805997645879827,2.1666666666666665,1.97054671374907,60350.000001419685,4.789777792067472,4035000.0,
0.8888888888888888,1.1978403278197818,2.6466666666666665,2.4070986011027102,60360.00000142027,4.615567868897371,4036000.0,
0.9111111111111111,1.164650797326035,2.5733333333333333,2.340403173868126,60370.00000142085,4.467053314236035,4037000.0,
0.8333333333333334,1.0862028161589963,2.4,2.1827594367682006,60380.00000142143,4.790374046164317,4038000.0,
0.8222222222222222,0.9715480744533245,2.1466666666666665,1.9523570517760018,60390.00000142201,4.716204414983994,4039000.0,
0.8444444444444444,1.1465474170567185,2.533333333333333,2.304023849921989,60400.000001422595,4.799856151883202,4040000.0,
0.8,1.0228409852163882,2.2600000000000002,2.055431802956722,60410.00000142318,4.912437342743,4041000.0,
0.8222222222222222,1.1103406565180851,2.453333333333333,2.231265202029716,60420.00000142376,4.886627825603392,4042000.0,
0.8,0.8749967130169692,1.9333333333333333,1.7583339907299396,60430.00000142434,4.728743113604902,4043000.0,
0.7777777777777778,1.104306196428313,2.4399999999999995,2.2191387607143374,60440.00000142492,5.159247966951088,4044000.0,
0.9222222222222223,1.0680994358896796,2.36,2.1463801128220634,60450.000001425506,4.312394569133753,4045000.0,
0.8777777777777778,1.1495646471016043,2.5399999999999996,2.3100870705796788,60460.00000142609,4.624058458825025,4046000.0,
0.8,1.0077548349919576,2.2266666666666666,2.025115699668275,60470.00000142667,4.8969129882959885,4047000.0,
0.8777777777777778,1.1797369475504653,2.6066666666666665,2.3707192771565735,60480.00000142725,4.659444623893408,4048000.0,
0.8444444444444444,1.043961595530591,2.3066666666666666,2.097874347560548,60490.000001427834,4.6831097842867475,4049000.0,
0.8666666666666667,1.0168065251266158,2.246666666666666,2.043305361641343,60500.000001428416,4.532210093197915,4050000.0,
0.8111111111111111,1.0077548349919576,2.2266666666666666,2.025115699668275,60510.000001429,4.832023769278363,4051000.0,
0.9,1.2159437080890985,2.686666666666666,2.443477925048847,60520.00000142958,4.586601651062536,4052000.0,
0.8666666666666667,1.1827541775953516,2.6133333333333333,2.376782497814263,60530.00000143016,4.7252266152773155,4053000.0,
0.9111111111111111,1.2219781681788706,2.7,2.4556043663642253,60540.000001430744,4.538266282245727,4054000.0,
0.7777777777777778,0.9564619242288939,2.1133333333333337,1.9220409484875547,60550.00000143133,4.975448188409344,4055000.0,
0.8555555555555555,1.110340656518085,2.453333333333333,2.231265202029716,60560.00000143191,4.703512455775112,4056000.0,
0.9,1.1043061964283127,2.4399999999999995,2.2191387607143374,60570.00000143249,4.465029107242055,4057000.0,
0.8888888888888888,1.110340656518085,2.4533333333333327,2.231265202029716,60580.00000143307,4.528130738683602,4058000.0,
0.8111111111111111,0.9775825345430964,2.1599999999999997,1.9644834930913804,60590.000001433655,4.799208604341665,4059000.0,
0.7888888888888889,1.080168356069224,2.3866666666666663,2.170632995452822,60600.00000143424,5.064999324708387,4060000.0,
0.8444444444444444,1.0650822058447937,2.3533333333333335,2.1403168921643743,60610.00000143482,4.714436822817092,4061000.0,
0.7555555555555555,0.9112034735556024,2.013333333333333,1.8310926386222128,60620.0000014354,5.0660016562952075,4062000.0,
0.8666666666666667,1.0922372762487684,2.413333333333334,2.1948858780835794,60630.00000143598,4.625912241928993,4063000.0,
0.8888888888888888,1.26120215876239,2.7866666666666666,2.5344262349141884,60640.000001436565,4.700849928708621,4064000.0,
0.8111111111111111,1.0590477457550211,2.34,2.128190450848995,60650.00000143715,4.902932837342861,4065000.0,
0.8777777777777778,0.9172379336453744,2.026666666666667,1.8432190799375916,60660.00000143773,4.369509038432442,4066000.0,
0.7666666666666667,0.9805997645879826,2.1666666666666665,1.97054671374907,60670.00000143831,5.085996794507247,4067000.0,
0.8444444444444444,1.1435301870118322,2.526666666666667,2.2979606292643,60680.00000143889,4.811019958409853,4068000.0,
0.9111111111111111,1.2159437080890987,2.686666666666667,2.4434779250488465,60690.000001439475,4.538960167513476,4069000.0,
0.8666666666666667,1.1737024874606932,2.5933333333333333,2.3585928358411943,60700.00000144006,4.723500306148089,4070000.0,
0.8888888888888888,1.1435301870118324,2.5266666666666664,2.2979606292643,60710.00000144064,4.571968960489447,4071000.0,
0.8666666666666667,1.140512956966946,2.52,2.291897408606611,60720.00000144122,4.68623033506562,4072000.0,
0.8444444444444444,1.1646507973260347,2.5733333333333333,2.3404031738681264,60730.000001441804,4.838662786413667,4073000.0,
0.8444444444444444,1.1103406565180851,2.453333333333333,2.231265202029716,60740.000001442386,4.774874461772704,4074000.0,
0.9,1.2310298583135293,2.7199999999999998,2.473794028337294,60750.00000144297,4.6147220648928124,4075000.0,
0.8777777777777778,1.1737024874606932,2.5933333333333333,2.3585928358411943,60760.00000144355,4.666747137716011,4076000.0,
0.8333333333333334,1.0137892950817298,2.2399999999999998,2.037242140983654,60770.00000144413,4.724277820872806,4077000.0,
0.8222222222222222,0.9715480744533243,2.1466666666666665,1.9523570517760018,60780.000001444714,4.737285496066303,4078000.0,
0.9222222222222223,1.2280126282686428,2.7133333333333334,2.4677308076796045,60790.000001445296,4.502179958461294,4079000.0,
0.8333333333333334,1.5504223173429503,2.5533333333333332,2.2432488698647433,60800.00000144588,4.8960495954044765,4080000.0,
0.8444444444444444,1.2953920144901938,2.1333333333333337,1.8742549304352945,60810.00000144646,4.997698438318838,4081000.0,
0.8666666666666667,1.2265743137204024,2.02,1.7746851372559196,60820.00000144704,4.790660105678881,4082000.0,
0.7222222222222222,1.1658528130411745,1.9200000000000002,1.686829437391765,60830.000001447625,5.665331587412685,4083000.0,
0.8111111111111111,1.3520654151241398,2.2266666666666666,1.9562535836418389,60840.00000144821,5.274598457113613,4084000.0,
0.9,1.2953920144901938,2.1333333333333333,1.8742549304352947,60850.00000144879,4.691173843360999,4085000.0,
0.8555555555555555,1.3682578153052671,2.253333333333333,1.9796817702722798,60860.00000144937,5.020558485527271,4086000.0,
0.8444444444444444,1.2144300135845567,2.0,1.7571139972830887,60870.00000144995,4.904980279351819,4087000.0,
0.8555555555555555,1.3399211149882941,2.206666666666666,1.9386824436690082,60880.000001450535,4.988476628013985,4088000.0,
0.8333333333333334,1.1779971131770202,1.9400000000000002,1.7044005773645958,60890.00000145112,4.927727202587528,4089000.0,
0.8111111111111111,1.149660412860047,1.8933333333333329,1.6634012507613236,60900.0000014517,5.028345714596428,4090000.0,
0.8555555555555555,1.4127869158033677,2.3266666666666667,2.0441092835059935,60910.00000145228,5.07520288870702,4091000.0,
0.9111111111111111,1.3642097152599855,2.2466666666666666,1.9738247236146698,60920.00000145286,4.7129106631894935,4092000.0,
0.7777777777777778,1.2427667139015297,2.046666666666667,1.7981133238863607,60930.000001453445,5.365268632275425,4093000.0,
0.8222222222222222,1.267055314173221,2.086666666666667,1.8332556038320225,60940.00000145403,5.105334841672086,4094000.0,
0.8222222222222222,1.3075363146260393,2.1533333333333333,1.8918260704081256,60950.00000145461,5.155109031412031,4095000.0,
0.8666666666666667,1.400642615667522,2.3066666666666666,2.0265381435331618,60960.00000145519,4.998687633567001,4096000.0,
0.8222222222222222,1.125371812588356,1.853333333333333,1.628258970815662,60970.00000145577,4.9346386910959925,4097000.0,
0.8222222222222222,1.1496604128600472,1.893333333333333,1.663401250761324,60980.000001456356,4.964719421156189,4098000.0,
0.8222222222222222,1.2872958143996298,2.1199999999999997,1.8625408371200738,60990.00000145694,5.132654368974632,4099000.0,
0.8222222222222222,1.234670513810966,2.033333333333333,1.7863992305711403,61000.00000145752,5.069191165556018,4100000.0,
0.8666666666666667,1.2468148139468114,2.0533333333333332,1.803970370543971,61010.0000014581,4.823758118761201,4101000.0,
0.9,1.3682578153052674,2.253333333333333,1.97968177027228,61020.000001458684,4.780530905995519,4102000.0,
0.8111111111111111,1.3115844146713214,2.16,1.8976831170657356,61030.000001459266,5.235101333268277,4103000.0,
0.8333333333333334,1.0970351122713828,1.8066666666666666,1.5872596442123899,61040.00000145985,4.838572801501229,4104000.0,
0.9,1.4087388157580858,2.32,2.038252236848383,61050.00000146043,4.826991276869109,4105000.0,
0.8444444444444444,1.3804021154411128,2.2733333333333334,1.9972529102451106,61060.00000146101,5.111526189445691,4106000.0,
0.8666666666666667,1.404690715712804,2.313333333333333,2.0323951901907726,61070.000001461594,5.008999543875987,4107000.0,
0.8555555555555555,1.343969215033576,2.2133333333333334,1.9445394903266182,61080.00000146218,5.003597783911673,4108000.0,
0.8555555555555555,1.2994401145354757,2.14,1.8801119770929051,61090.00000146276,4.952070263848989,4109000.0,
0.8444444444444444,1.1334680126789194,1.8666666666666667,1.6399730641308827,61100.00000146334,4.821209488806374,4110000.0,
0.8111111111111111,1.2872958143996303,2.12,1.862540837120074,61110.00000146392,5.209540045262338,4111000.0,
0.8111111111111111,1.0282174115015914,1.6933333333333334,1.4876898510330152,61120.000001464505,4.8906762608675285,4112000.0,
0.7888888888888889,1.1415642127694832,1.88,1.651687157446103,61130.00000146509,5.172684213485101,4113000.0,
0.8888888888888888,1.2549110140373751,2.0666666666666664,1.8156844638591918,61140.00000146567,4.718772390894435,4114000.0,
0.8888888888888888,1.2306224137656843,2.026666666666667,1.78054218391353,61150.00000146625,4.69194771558881,4115000.0,
0.8555555555555555,1.210381913539275,1.9933333333333332,1.7512569506254785,61160.00000146683,4.851612626321174,4116000.0,
0.8333333333333334,1.3034882145807576,2.1466666666666665,1.8859690237505153,61170.000001467415,5.0932498576062155,4117000.0,
0.7888888888888889,1.097035112271383,1.8066666666666666,1.5872596442123903,61180.000001468,5.119055776234151,4118000.0,
0.7888888888888889,1.202285713448711,1.98,1.7395428573102578,61190.00000146858,5.253035411529388,4119000.0,
0.7222222222222222,1.149660412860047,1.893333333333333,1.663401250761324,61200.00000146916,5.665680571778603,4120000.0,
0.8555555555555555,1.202285713448711,1.9799999999999995,1.7395428573102578,61210.00000146974,4.844746937903783,4121000.0,
0.8555555555555555,1.291343914444912,2.126666666666667,1.8683978837776845,61220.000001470326,4.949360419587685,4122000.0,
0.8333333333333334,1.3034882145807574,2.146666666666666,1.8859690237505151,61230.00000147091,5.096449857606402,4123000.0,
0.8222222222222222,1.2225262136751205,2.013333333333333,1.7688280905983094,61240.00000147149,5.0673940437699345,4124000.0,
0.8777777777777778,1.2387186138562478,2.04,1.7922562772287507,61250.00000147207,4.765626269054163,4125000.0,
0.8333333333333334,1.0241693114563097,1.6866666666666665,1.4818328043754048,61260.000001472654,4.762867173857157,4126000.0,
0.7444444444444445,1.1820452132223018,1.9466666666666665,1.7102576240222063,61270.000001473236,5.544236853704901,4127000.0,
0.8333333333333334,1.0525060117732823,1.7333333333333334,1.522832130978677,61280.00000147382,4.797937880904253,4128000.0,
0.8333333333333334,1.3925464155769582,2.2933333333333334,2.0148240502179418,61290.0000014744,5.206519698802029,4129000.0,
0.8444444444444444,1.3642097152599855,2.2466666666666666,1.9738247236146698,61300.00000147498,5.104982557652986,4130000.0,
0.8555555555555555,1.3318249148977306,2.1933333333333334,1.926968350353787,61310.000001475564,5.0013511993380035,4131000.0,
0.8333333333333334,1.2670553141732208,2.0866666666666664,1.8332556038320225,61320.000001476146,5.0575303771176365,4132000.0,
0.9111111111111111,1.323728714807167,2.1799999999999997,1.9152542570385669,61330.00000147673,4.688480296840003,4133000.0,
0.8333333333333334,1.3804021154411126,2.2733333333333334,1.9972529102451106,61340.00000147731,5.194613205305836,4134000.0,
0.8444444444444444,1.2225262136751203,2.013333333333333,1.7688280905983094,61350.00000147789,4.93983104261843,4135000.0,
0.8666666666666667,1.3763540153958311,2.2666666666666666,1.9913958635875004,61360.000001478475,4.991175146075219,4136000.0,
0.7666666666666667,1.2751515142637844,2.1,1.8449696971472431,61370.00000147906,5.510774439014277,4137000.0,
0.8111111111111111,1.2751515142637844,2.0999999999999996,1.844969697147243,61380.00000147964,5.20936214098613,4138000.0,
0.8222222222222222,1.2751515142637841,2.0999999999999996,1.8449696971472431,61390.00000148022,5.1395058958377,4139000.0,
0.8888888888888888,0.9564619242288941,2.1133333333333337,1.9220409484875542,61400.0000014808,4.763651178751786,4140000.0,
0.8555555555555555,1.0168065251266158,2.246666666666667,2.0433053616413432,61410.000001481385,4.6383426918136275,4141000.0,
0.8444444444444444,1.0228409852163882,2.26,2.0554318029567225,61420.00000148197,4.707045903654357,4142000.0,
0.8555555555555555,1.0530132856652492,2.3266666666666667,2.1160640095336167,61430.00000148255,4.6817012430926095,4143000.0,
0.8777777777777778,1.0017203749021855,2.213333333333333,2.0129892583528957,61440.00000148313,4.505248528474145,4144000.0,
0.8111111111111111,0.9775825345430964,2.16,1.9644834930913808,61450.00000148371,4.846331892015641,4145000.0,
0.7888888888888889,0.8810311731067414,1.9466666666666665,1.7704604320453183,61460.000001484295,4.8610226139136925,4146000.0,
0.8333333333333334,1.1374957269220598,2.513333333333333,2.2858341879489212,61470.00000148488,4.910058872416709,4147000.0,
0.7666666666666667,0.9715480744533245,2.146666666666666,1.9523570517760018,61480.00000148546,5.121146763899556,4148000.0,
0.8888888888888888,1.0892200462038824,2.4066666666666667,2.18882265742589,61490.00000148604,4.549870052082774,4149000.0,
0.8555555555555555,1.1314612668322876,2.4999999999999996,2.273707746633542,61500.000001486624,4.7770300522491,4150000.0,
0.8333333333333334,0.9866342246777549,2.1799999999999997,1.982673155064449,61510.000001487206,4.731158403057001,4151000.0,
0.8666666666666667,1.1465474170567183,2.533333333333333,2.3040238499219896,61520.00000148779,4.73421881465877,4152000.0,
0.8777777777777778,0.9021517834209439,1.9933333333333327,1.812902976649145,61530.00000148837,4.39637291792616,4153000.0,
0.8444444444444444,1.134478496877174,2.5066666666666664,2.2797709672912316,61540.00000148895,4.845564009568813,4154000.0,
0.8111111111111111,0.8840484031516275,1.9533333333333334,1.7765236527030075,61550.000001489534,4.736495291670314,4155000.0,
0.7888888888888889,1.0137892950817298,2.2399999999999998,2.0372421409836536,61560.000001490116,5.034941360079499,4156000.0,
0.8111111111111111,0.9896514547226409,2.1866666666666665,1.9887363757221383,61570.0000014907,4.867786725114093,4157000.0,
0.8333333333333334,1.022840985216388,2.2600000000000002,2.0554318029567225,61580.00000149128,4.778339849036911,4158000.0,
0.7888888888888889,1.1284440367874016,2.493333333333333,2.267644525975853,61590.00000149186,5.181968497452984,4159000.0,
0.8222222222222222,1.0892200462038824,2.4066666666666667,2.1888226574258898,61600.000001492444,4.924724380630371,4160000.0,
0.8222222222222222,1.107323426473199,2.4466666666666663,2.2252019813720265,61610.00000149303,4.947282545822815,4161000.0,
0.8333333333333334,1.016806525126616,2.2466666666666666,2.043305361641343,61620.00000149361,4.773231830262642,4162000.0,
0.8666666666666667,0.8659450228823109,1.913333333333333,1.7401443287568712,61630.00000149419,4.416087847021963,4163000.0,
0.8888888888888888,1.228012628268643,2.713333333333333,2.467730807679604,61640.00000149477,4.713511706906066,4164000.0,
0.8444444444444444,1.1827541775953514,2.6133333333333333,2.3767824978142627,61650.000001495355,4.908522052524886,4165000.0,
0.8666666666666667,1.231029858313529,2.72,2.4737940283372937,61660.00000149594,4.838878041750381,4166000.0,
0.8666666666666667,1.0409443654857047,2.3,2.091811126902859,61670.00000149652,4.620061447461895,4167000.0,
0.8555555555555555,1.1405129569669459,2.5199999999999996,2.2918974086066104,61680.0000014971,4.796960599160284,4168000.0,
0.9,1.167668027370921,2.5799999999999996,2.3464663945258155,61690.00000149768,4.590739783601258,4169000.0,
0.8444444444444444,1.140512956966946,2.52,2.291897408606611,61700.000001498265,4.861131133359822,4170000.0,
0.9111111111111111,0.9987031448572992,2.206666666666667,2.0069260376952065,61710.00000149885,4.350281500554642,4171000.0,
0.8444444444444444,1.053013285665249,2.326666666666666,2.1160640095336167,61720.00000149943,4.75856573313419,4172000.0,
0.8555555555555555,1.0318926753510462,2.2799999999999994,2.0736214649297904,61730.00000150001,4.672599231037955,4173000.0,
0.8888888888888888,0.992668684767527,2.193333333333333,1.994799596379828,61740.00000150059,4.453749770467601,4174000.0,
0.8333333333333334,0.9594791542737798,2.12,1.9281041691452436,61750.000001501176,4.711372318572976,4175000.0,
0.8777777777777778,1.0379271354408188,2.293333333333333,2.0857479062451696,61760.00000150176,4.5626992683292285,4176000.0,
0.8666666666666667,1.0379271354408186,2.2933333333333334,2.0857479062451696,61770.00000150234,4.621708233307838,4177000.0,
0.8777777777777778,1.1797369475504653,2.6066666666666665,2.3707192771565735,61780.00000150292,4.725267408707365,4178000.0,
0.8555555555555555,0.9715480744533243,2.146666666666666,1.9523570517760014,61790.000001503504,4.605183463755085,4179000.0,
0.8666666666666667,1.0379271354408184,2.2933333333333334,2.0857479062451696,61800.000001504086,4.623246694846388,4180000.0,
0.8555555555555555,1.1012889663834267,2.433333333333333,2.213075540056648,61810.00000150467,4.757867623153967,4181000.0,
0.8222222222222222,0.9956859148124132,2.2,2.0008628170375173,61820.00000150525,4.822858545154952,4182000.0,
0.8555555555555555,1.0499960556203631,2.3200000000000003,2.110000788875927,61830.00000150583,4.698953831353043,4183000.0,
0.8,0.9987031448572992,2.206666666666666,2.006926037695207,61840.000001506414,4.9617094867432066,4184000.0,
0.9111111111111111,1.0318926753510462,2.2799999999999994,2.0736214649297904,61850.000001506996,4.393538302316469,4185000.0,
0.8888888888888888,1.08318558611411,2.393333333333333,2.176696216110511,61860.00000150758,4.561581284482856,4186000.0,
0.8666666666666667,1.071116665934566,2.3666666666666663,2.152443333479754,61870.00000150816,4.6651320505445115,4187000.0,
0.8333333333333334,1.1525818771464906,2.546666666666667,2.3161502912373684,61880.00000150874,4.950028919353966,4188000.0,
0.8555555555555555,1.1405129569669459,2.5199999999999996,2.291897408606611,61890.000001509325,4.807869690070009,4189000.0,
0.8888888888888888,1.1465474170567183,2.533333333333333,2.304023849921989,61900.00000150991,4.634863344293407,4190000.0,
0.8444444444444444,1.0379271354408184,2.2933333333333334,2.085747906245169,61910.00000151049,4.750700555237421,4191000.0,
0.8555555555555555,1.1314612668322876,2.5,2.273707746633542,61920.00000151107,4.7988482340685525,4192000.0,
0.8555555555555555,1.104306196428313,2.44,2.2191387607143374,61930.00000151165,4.7676280219080915,4193000.0,
0.8888888888888888,1.080168356069224,2.3866666666666663,2.170632995452822,61940.000001512235,4.562186900682592,4194000.0,
0.8888888888888888,0.9987031448572992,2.2066666666666666,2.006926037695207,61950.00000151282,4.471038538069206,4195000.0,
0.7666666666666667,0.8206865722090192,1.8133333333333332,1.6491960188915298,61960.0000015134,4.952196978365125,4196000.0,
0.8555555555555555,1.167668027370921,2.58,2.3464663945258155,61970.00000151398,4.843765226906067,4197000.0,
0.8444444444444444,1.1224095766976294,2.48,2.255518084660474,61980.00000151456,4.854429761989121,4198000.0,
0.8333333333333334,1.0680994358896796,2.36,2.146380112822064,61990.000001515145,4.8545166565128,4199000.0,
0.8888888888888888,1.5706628175693598,2.586666666666666,2.272534103152795,62000.00000151573,4.667018414697673,4200000.0,
0.8888888888888888,1.3884983155316764,2.2866666666666666,2.0089670035603318,62010.00000151631,4.9125581050780545,4201000.0,
0.7666666666666667,1.1699009130864562,1.9266666666666667,1.6926864840493756,62020.00000151689,5.411172205596767,4202000.0,
0.8,1.453267916256186,2.3933333333333335,2.102679750082096,62030.000001517474,5.540471006547985,4203000.0,
0.7666666666666667,1.1739490131317383,1.9333333333333331,1.6985435307069856,62040.000001518056,5.417611756380536,4204000.0,
0.8222222222222222,1.2953920144901938,2.1333333333333333,1.8742549304352945,62050.00000151864,5.199798396115139,4205000.0,
0.8777777777777778,1.408738815758086,2.32,2.038252236848383,62060.00000151922,5.000332828185227,4206000.0,
0.8222222222222222,1.2589591140826568,2.0733333333333333,1.8215415105168022,62070.0000015198,5.156569192916846,4207000.0,
0.7666666666666667,1.2508629139920933,2.06,1.809827417201581,62080.000001520384,5.520253076343453,4208000.0,
0.8,1.044409811682719,1.7200000000000002,1.511118037663456,62090.000001520966,5.032731709164678,4209000.0,
0.8555555555555555,1.2225262136751205,2.0133333333333328,1.7688280905983094,62100.00000152155,4.914638431677602,4210000.0,
0.8555555555555555,1.1779971131770202,1.94,1.7044005773645963,62110.00000152213,4.863110911614918,4211000.0,
0.8444444444444444,1.125371812588356,1.853333333333333,1.628258970815662,62120.00000152271,4.86530609396541,4212000.0,
0.9111111111111111,1.24276671390153,2.0466666666666664,1.798113323886361,62130.000001523294,4.638643954384867,4213000.0,
0.8888888888888888,1.1941895133581475,1.9666666666666666,1.7278287639950372,62140.00000152388,4.7004607026332135,4214000.0,
0.7222222222222222,1.2751515142637844,2.1,1.8449696971472431,62150.00000152446,5.897899019879487,4215000.0,
0.8555555555555555,1.3156325147166033,2.1666666666666665,1.903540163723346,62160.00000152504,5.026580861466529,4216000.0,
0.8111111111111111,1.202285713448711,1.9800000000000002,1.7395428573102578,62170.00000152562,5.162815263271435,4217000.0,
0.8555555555555555,1.295392014490194,2.1333333333333333,1.8742549304352947,62180.000001526205,5.003962094968189,4218000.0,
0.8777777777777778,1.2225262136751203,2.0133333333333336,1.7688280905983094,62190.00000152679,4.794774167584763,4219000.0,
0.8444444444444444,1.2751515142637846,2.1,1.8449696971472431,62200.00000152737,5.046887319633926,4220000.0,
0.8666666666666667,1.173949013131738,1.9333333333333333,1.6985435307069856,62210.00000152795,4.801220656285853,4221000.0,
0.7555555555555555,1.2306224137656843,2.0266666666666664,1.78054218391353,62220.00000152853,5.582879665402266,4222000.0,
0.8666666666666667,1.2751515142637841,2.1,1.844969697147243,62230.000001529115,4.919018414002377,4223000.0,
0.9111111111111111,1.5504223173429503,2.5533333333333337,2.2432488698647433,62240.0000015297,4.98168059230869,4224000.0,
0.7777777777777778,1.0606022118638463,1.7466666666666666,1.5345462242938976,62250.00000153028,5.206485701088509,4225000.0,
0.8555555555555555,1.2670553141732208,2.086666666666667,1.8332556038320225,62260.00000153086,4.9749971205719685,4226000.0,
0.8222222222222222,1.348017315078858,2.2199999999999998,1.9503965369842284,62270.00000153144,5.27569403196691,4227000.0,
0.8555555555555555,1.348017315078858,2.2199999999999993,1.9503965369842284,62280.000001532026,5.070666991760437,4228000.0,
0.8666666666666667,1.1860933132675837,1.9533333333333334,1.716114670679817,62290.00000153261,4.819335874391554,4229000.0,
0.8777777777777778,1.3318249148977306,2.1933333333333334,1.9269683503537876,62300.00000153319,4.924861295560214,4230000.0,
0.8888888888888888,1.3520654151241398,2.2266666666666666,1.9562535836418389,62310.00000153377,4.88657109212045,4231000.0,
0.8111111111111111,1.0403617116374368,1.7133333333333332,1.505260991005846,62320.000001534354,4.971402110353905,4232000.0,
0.8666666666666667,1.3358730149430125,2.2,1.9328253970113976,62330.000001534936,4.994209889145374,4233000.0,
0.8444444444444444,1.3156325147166033,2.166666666666667,1.903540163723346,62340.00000153552,5.102193767539009,4234000.0,
0.7777777777777778,1.1982376134034294,1.9733333333333332,1.7336858106526474,62350.0000015361,5.389159788782591,4235000.0,
0.8333333333333334,1.0848908121355372,1.7866666666666662,1.569688504239559,62360.00000153668,4.8943996413423125,4236000.0,
0.8666666666666667,1.4735084164825958,2.4266666666666663,2.1319649833701475,62370.000001537264,5.155071249896295,4237000.0,
0.8222222222222222,1.1820452132223018,1.9466666666666665,1.7102576240222063,62380.00000153785,5.079782016195768,4238000.0,
0.8222222222222222,1.2265743137204024,2.02,1.7746851372559194,62390.00000153843,5.134479570855651,4239000.0,
0.7666666666666667,1.3642097152599855,2.2466666666666666,1.9738247236146693,62400.00000153901,5.686647454809899,4240000.0,
0.7888888888888889,1.3156325147166033,2.1666666666666665,1.903540163723346,62410.00000153959,5.465446849760296,4241000.0,
0.8,1.1010832123166645,1.8133333333333328,1.5931166908700005,62420.000001540175,5.121906793291512,4242000.0,
0.8555555555555555,1.5706628175693602,2.586666666666667,2.2725341031527946,62430.00000154076,5.338694202464074,4243000.0,
0.7888888888888889,1.064650311909128,1.7533333333333332,1.5404032709515076,62440.00000154134,5.148990536342467,4244000.0,
0.7444444444444445,1.121323712543074,1.846666666666667,1.6224019241580518,62450.00000154192,5.533118419960786,4245000.0,
0.8111111111111111,0.9836883110034911,1.6199999999999994,1.4232623377993017,62460.0000015425,4.909202027380994,4246000.0,
0.8,1.2508629139920933,2.0599999999999996,1.809827417201581,62470.000001543085,5.311909198163737,4247000.0,
0.8,1.1051313123619466,1.82,1.5989737375276105,62480.00000154367,5.130300251681642,4248000.0,
0.8777777777777778,1.3115844146713211,2.1599999999999997,1.897683117065736,62490.00000154425,4.911422750999041,4249000.0,
0.8333333333333334,1.3115844146713214,2.1599999999999993,1.8976831170657356,62500.00000154483,5.173898631052354,4250000.0,
0.8777777777777778,1.2913439144449121,2.1266666666666665,1.8683978837776845,62510.00000154541,4.8893766115006585,4251000.0,
0.7888888888888889,1.1334680126789198,1.8666666666666667,1.6399730641308827,62520.000001545995,5.240731283797396,4252000.0,
0.8444444444444444,1.1699009130864562,1.9266666666666663,1.6926864840493756,62530.00000154658,4.939616870872311,4253000.0,
0.8333333333333334,1.2103819135392746,1.9933333333333332,1.7512569506254785,62540.00000154716,5.0545889630273555,4254000.0,
0.7333333333333333,0.9715440108676454,1.6,1.405691197826471,62550.00000154774,5.418769105857688,4255000.0,
0.9,1.4087388157580858,2.3200000000000003,2.038252236848383,62560.000001548324,4.901559178108016,4256000.0,
0.8333333333333334,1.3318249148977304,2.193333333333333,1.926968350353787,62570.000001548906,5.201920564657596,4257000.0,
0.8111111111111111,1.1860933132675837,1.9533333333333334,1.716114670679817,62580.00000154949,5.165317783597381,4258000.0,
0.8555555555555555,1.3965945156222401,2.3,2.0206810968755518,62590.00000155007,5.143549433954938,4259000.0,
0.8222222222222222,0.896117323331172,1.98,1.8007765353337655,62600.00000155065,5.116290732688039,4260000.0,
0.8555555555555555,0.9987031448572994,2.2066666666666666,2.0069260376952065,62610.000001551234,4.679520559034938,4261000.0,
0.7777777777777778,0.8931000932862857,1.9733333333333332,1.7947133146760763,62620.000001551816,5.012268691490018,4262000.0,
0.8666666666666667,0.9112034735556023,2.0133333333333328,1.831092638622213,62630.0000015524,4.519591187545411,4263000.0,
0.8666666666666667,1.0680994358896796,2.36,2.1463801128220643,62640.00000155298,4.701137810751428,4264000.0,
0.7777777777777778,0.9202551636902604,2.033333333333333,1.8492823005952812,62650.00000155356,5.048896639152372,4265000.0,
0.8222222222222222,0.9051690134658301,2.0,1.8189661973068338,62660.000001554145,4.758175827303644,4266000.0,
0.8021978021978022,1.1070913318543616,2.4461538461538455,2.2247355797829735,62670.00000155473,5.088015222017727,4267000.0,
0.8461538461538461,1.059346153122098,2.340659340659341,2.128790110034921,62680.00000155531,4.767796103151435,4268000.0,
0.8571428571428571,1.0414417110974994,2.3010989010989005,2.0928105588794006,62690.00000155589,4.686294816902875,4269000.0,
0.8241758241758241,1.014585048060601,2.2417582417582413,2.038841232146121,62700.00000155647,4.841693858427584,4270000.0,
0.8131868131868132,0.8862698802176426,1.9582417582417582,1.7809877821982294,62710.000001557055,4.749869717680568,4271000.0,
0.7692307692307693,0.9429672799622056,2.0835164835164837,1.8949230275240423,62720.00000155764,5.0955688926445655,4272000.0,
0.8241758241758241,0.996680606036002,2.202197802197802,2.002861680990602,62730.00000155822,4.821569802104499,4273000.0,
0.8571428571428571,1.2115339103311882,2.6769230769230767,2.434616294856839,62740.0000015588,4.887299818573099,4274000.0,
0.7582417582417582,0.9220787642668403,2.037362637362637,1.852946884509269,62750.00000155938,5.14360822546157,4275000.0,
0.9120879120879121,1.1787090999527567,2.604395604395604,2.3686537844050526,62760.000001559965,4.55785937475023,4276000.0,
0.8241758241758241,1.1757250262819903,2.5978021978021975,2.3626571925457998,62770.00000156055,5.0409436986697544,4277000.0,
0.8241758241758241,0.9220787642668401,2.0373626373626372,1.8529468845092691,62780.00000156113,4.733719567424737,4278000.0,
0.8351648351648352,0.9728080166698702,2.14945054945055,1.9548889461165748,62790.00000156171,4.7327017042833335,4279000.0,
0.9010989010989011,1.0653143004636307,2.353846153846154,2.1407832937534272,62800.00000156229,4.489553675009365,4280000.0,
0.8791208791208791,0.9190946905960737,2.0307692307692307,1.846950292650016,62810.000001562876,4.435967710660281,4281000.0,
0.8461538461538461,1.0324894900851997,2.2813186813186808,2.0748207833016408,62820.00000156346,4.743329137744614,4282000.0,
0.8791208791208791,1.0682983741343972,2.36043956043956,2.146779885612681,62830.00000156404,4.606686900685181,4283000.0,
0.8021978021978022,0.9519195009745048,2.103296703296703,1.9129128031018021,62840.00000156462,4.903896912291326,4284000.0,
0.8131868131868132,1.1011231845128284,2.4329670329670323,2.212742396064467,62850.000001565204,5.0216487810710335,4285000.0,
0.8241758241758241,1.0295054164144333,2.2747252747252746,2.068824191442388,62860.000001565786,4.8683305720307315,4286000.0,
0.8791208791208791,1.127979847549727,2.4923076923076923,2.2667117227977465,62870.00000156637,4.676574576695236,4287000.0,
0.8351648351648352,1.0981391108420622,2.4263736263736257,2.206745804205214,62880.00000156695,4.887506040726628,4288000.0,
0.9230769230769231,1.1906453946358226,2.6307692307692307,2.392640151842066,62890.00000156753,4.522720606195931,4289000.0,
0.8571428571428571,1.047409858439032,2.314285714285714,2.1048037425979076,62900.000001568114,4.704026886237855,4290000.0,
0.8571428571428571,1.059346153122098,2.340659340659341,2.128790110034921,62910.0000015687,4.7184653838809485,4291000.0,
0.8351648351648352,0.9877283850237025,2.182417582417582,1.9848719054128416,62920.00000156928,4.757408987444242,4292000.0,
0.8681318681318682,1.1518524369158587,2.545054945054945,2.3146844576717727,62930.00000156986,4.766308503391784,4293000.0,
0.8021978021978022,0.9399832062914392,2.0769230769230766,1.8889264356647888,62940.00000157044,4.8944968737141235,4294000.0,
0.8571428571428571,1.0742665214759302,2.3736263736263736,2.1587730693311875,62950.000001571025,4.737923762345155,4295000.0,
0.7582417582417582,0.9638557956575711,2.1296703296703297,1.9368991705388154,62960.00000157161,5.210879382803677,4296000.0,
0.8791208791208791,0.9996646797067686,2.208791208791209,2.0088582728498547,62970.00000157219,4.535616073274163,4297000.0,
0.8241758241758241,1.0384576374267327,2.294505494505494,2.0868139670201478,62980.00000157277,4.885592600192695,4298000.0,
0.8571428571428571,1.0205531954021336,2.2549450549450545,2.050834415864628,62990.00000157335,4.67730949731046,4299000.0,
0.8791208791208791,1.2204861313434876,2.696703296703297,2.452606070434599,63000.000001573935,4.788300474511018,4300000.0,
0.8791208791208791,1.110075405525128,2.4527472527472525,2.230732171642227,63010.00000157452,4.663208273892662,4301000.0,
0.8571428571428571,1.1070913318543616,2.446153846153846,2.2247355797829735,63020.0000015751,4.779809118043277,4302000.0,
0.7472527472527473,0.9131265432545407,2.0175824175824175,1.834957108931509,63030.00000157568,5.22373993301168,4303000.0,
0.7802197802197802,0.9161106169253073,2.024175824175824,1.8409537007907628,63040.00000157626,5.007406565476568,4304000.0,
0.8791208791208791,1.2533109417219188,2.769230769230769,2.5185685808863854,63050.000001576846,4.828138696316628,4305000.0,
0.8571428571428571,1.1399161422327928,2.5186813186813186,2.2906980902347596,63060.00000157743,4.820156012202848,4306000.0,
0.7912087912087912,1.0414417110974992,2.3010989010989014,2.092810558879401,63070.00000157801,5.097930496090455,4307000.0,
0.8241758241758241,1.080234668817463,2.386813186813187,2.170766253049694,63080.00000157859,4.941615398280423,4308000.0,
0.8351648351648352,1.0205531954021339,2.254945054945055,2.050834415864628,63090.000001579174,4.8056597472399885,4309000.0,
0.8021978021978022,0.9369991326206727,2.07032967032967,1.8829298438055357,63100.000001579756,4.899544124344227,4310000.0,
0.8461538461538461,0.9936965323652354,2.195604395604396,1.9968650891313486,63110.00000158034,4.712547850050468,4311000.0,
0.8131868131868132,1.0503939321097986,2.320879120879121,2.1108003344571613,63120.00000158092,4.973860105819509,4312000.0,
0.8791208791208791,1.0563620794513313,2.3340659340659333,2.1227935181756674,63130.0000015815,4.608109365484069,4313000.0,
0.8791208791208791,1.2055657629896552,2.6637362637362636,2.4226231111383325,63140.000001582084,4.77832855550894,4314000.0,
0.8351648351648352,0.9429672799622055,2.083516483516483,1.8949230275240423,63150.000001582666,4.715918716910785,4315000.0,
0.8021978021978022,1.110075405525128,2.4527472527472525,2.230732171642227,63160.00000158325,5.118584409745862,4316000.0,
0.8791208791208791,1.1578205842573916,2.558241758241758,2.326677641390279,63170.00000158383,4.725518414701079,4317000.0,
0.8461538461538461,1.205565762989655,2.6637362637362636,2.422623111138332,63180.00000158441,4.966575122606812,4318000.0,
0.8461538461538461,1.0205531954021339,2.2549450549450545,2.050834415864628,63190.000001584995,4.7484433868865255,4319000.0,
0.8571428571428571,1.449308785442669,2.3868131868131868,2.0969514297246525,63200.00000158558,4.757707113731535,4320000.0,
0.8461538461538461,1.1410303973788967,1.8791208791208789,1.6509147996451,63210.00000158616,4.891864495716266,4321000.0,
0.8791208791208791,1.3532220151370773,2.228571428571428,1.9579270255440129,63220.00000158674,4.950287542326866,4322000.0,
0.8351648351648352,1.1970810133904917,1.9714285714285715,1.732012368750473,63230.00000158732,5.0243970029896365,4323000.0,
0.7912087912087912,1.1970810133904917,1.971428571428571,1.7320123687504732,63240.000001587905,5.304085725377981,4324000.0,
0.8681318681318682,1.4653232471602673,2.4131868131868126,2.1201221637547594,63250.00000158849,5.143597664560337,4325000.0,
0.8131868131868132,1.1610484745258947,1.9120879120879122,1.6798782171827333,63260.00000158907,5.117502853926229,4326000.0,
0.8241758241758241,1.2891641682666835,2.1230769230769226,1.8652440894235862,63270.00000158965,5.205249857612735,4327000.0,
0.8351648351648352,1.161048474525895,1.9120879120879117,1.679878217182733,63280.00000159023,4.9838843577703384,4328000.0,
0.8571428571428571,1.401265400289873,2.3076923076923075,2.027439227634333,63290.000001590815,5.136858351731667,4329000.0,
0.8461538461538461,1.3452147842782778,2.215384615384615,1.94634165852896,63300.0000015914,5.13784864127295,4330000.0,
0.9120879120879121,1.477334093448466,2.432967032967033,2.1375002142773396,63310.00000159198,4.911773524247068,4331000.0,
0.8571428571428571,1.2451243985432874,2.0505494505494504,1.8015245708407934,63320.00000159256,4.956232311232535,4332000.0,
0.8351648351648352,1.4292907082956705,2.3538461538461535,2.06798801218702,63330.000001593144,5.307700716626407,4333000.0,
0.8791208791208791,1.3011750145548822,2.142857142857143,1.8826221399461662,63340.000001593726,4.897084079164968,4334000.0,
0.8461538461538461,1.2211027059668895,2.010989010989011,1.766768469795633,63350.00000159431,4.993768133138864,4335000.0,
0.8571428571428571,1.281156937407884,2.1098901098901095,1.8536587224085332,63360.00000159489,5.000321555292633,4336000.0,
0.7912087912087912,1.169055705384694,1.925274725274725,1.6914635841977863,63370.00000159547,5.275887072204408,4337000.0,
0.9010989010989011,1.3572256305664772,2.235164835164835,1.9637197090515397,63380.000001596054,4.841796736466609,4338000.0,
0.8681318681318682,1.4292907082956705,2.353846153846154,2.06798801218702,63390.000001596636,5.109180436248366,4339000.0,
0.8351648351648352,1.293167783696083,2.1296703296703297,1.8710367729311133,63400.00000159722,5.148395635856062,4340000.0,
0.9230769230769231,1.477334093448466,2.4329670329670323,2.13750021427734,63410.0000015978,4.858061934672975,4341000.0,
0.8791208791208791,1.2771533219784845,2.103296703296703,1.8478660389010064,63420.00000159838,4.873759403859549,4342000.0,
0.8791208791208791,1.4372979391544696,2.367032967032967,2.079573379202073,63430.000001598964,5.056423905897262,4343000.0,
0.8241758241758241,1.2571352448314863,2.07032967032967,1.818902621363373,63440.00000159955,5.175454763845224,4344000.0,
0.9010989010989011,1.5133666323130628,2.4923076923076923,2.18963436584508,63450.00000160013,5.018489799380702,4345000.0,
0.8241758241758241,1.2331135522550882,2.030769230769231,1.7841465203182134,63460.00000160071,5.147375110185922,4346000.0,
0.8791208791208791,1.2050882442492907,1.9846153846153842,1.7435977357655266,63470.00000160129,4.794285377942737,4347000.0,
0.8131868131868132,1.2891641682666832,2.123076923076923,1.8652440894235867,63480.000001601875,5.286942423256811,4348000.0,
0.8461538461538461,1.1530412436670956,1.898901098901099,1.66829285016768,63490.00000160246,4.920604586784985,4349000.0,
0.8351648351648352,1.3211930917018804,2.1758241758241756,1.9115855574838,63500.00000160304,5.187215412547521,4350000.0,
0.8681318681318682,1.4212834774368714,2.340659340659341,2.0564026451719664,63510.00000160362,5.106032866525292,4351000.0,
0.8131868131868132,1.2731497065490849,2.096703296703297,1.8420733553934798,63520.0000016042,5.269411125739349,4352000.0,
0.8351648351648352,1.2851605528372838,2.116483516483516,1.8594514059160596,63530.000001604785,5.1456501357492135,4353000.0,
0.7802197802197802,0.9208315487619165,1.5164835164835164,1.332317206731133,63540.00000160537,5.041626351353298,4354000.0,
0.8681318681318682,1.1930773979610918,1.964835164835165,1.7262196852429468,63550.00000160595,4.845187888901411,4355000.0,
0.8351648351648352,1.1370267819494972,1.872527472527473,1.645122116137573,63560.00000160653,4.969858383765246,4356000.0,
0.8131868131868132,1.2130954751080902,1.997802197802198,1.75518310278058,63570.00000160711,5.1982633546431485,4357000.0,
0.8571428571428571,1.4052690157192729,2.314285714285714,2.03323191114186,63580.000001607696,5.156401031271961,4358000.0,
0.7362637362637363,1.2371171676844879,2.0373626373626372,1.78993920382574,63590.00000160828,5.7751860040007434,4359000.0,
0.8241758241758241,1.2491280139726868,2.0571428571428565,1.8073172543483198,63600.00000160886,5.174272657070376,4360000.0,
0.8681318681318682,1.3372075534194785,2.2021978021978024,1.9347562915139065,63610.00000160944,5.014249207214413,4361000.0,
0.8681318681318682,1.1450340128082965,1.8857142857142852,1.6567074831526263,63620.000001610024,4.793391078155992,4362000.0,
0.8021978021978022,1.1090014739436993,1.8263736263736263,1.6045733315848867,63630.000001610606,5.142999097775991,4363000.0,
0.8131868131868132,1.225106321396289,2.0175824175824175,1.77256115330316,63640.00000161119,5.216817233186964,4364000.0,
0.8131868131868132,1.2691460911196852,2.09010989010989,1.8362806718859532,63650.00000161177,5.271514787846847,4365000.0,
0.8351648351648352,1.2891641682666832,2.1230769230769226,1.8652440894235862,63660.00000161235,5.157286043697972,4366000.0,
0.8791208791208791,1.305178629984282,2.1494505494505494,1.8884148234536933,63670.000001612934,4.918138191716872,4367000.0,
0.8571428571428571,1.1730593208140938,1.9318681318681314,1.6972562677053133,63680.000001613516,4.890617925677755,4368000.0,
0.8351648351648352,1.261138860260886,2.076923076923077,1.8246953048708998,63690.0000016141,5.125308372270069,4369000.0,
0.7802197802197802,1.3171894762724805,2.169230769230769,1.9057928739762728,63700.00000161468,5.55864848379694,4370000.0,
0.8351648351648352,1.333203937990079,2.1956043956043962,1.9289636080063794,63710.00000161526,5.212649452182719,4371000.0,
0.7802197802197802,1.1730593208140936,1.9318681318681317,1.6972562677053133,63720.000001615845,5.375045045110905,4372000.0,
0.8241758241758241,1.2531316294020867,2.0637362637362635,1.8131099378558464,63730.00000161643,5.186063710458452,4373000.0,
0.8241758241758241,1.2571352448314859,2.0703296703296705,1.818902621363373,63740.00000161701,5.191454763846155,4374000.0,
0.7692307692307693,1.1330231665200974,1.865934065934066,1.6393294326300465,63750.00000161759,5.401498688030394,4375000.0,
0.9010989010989011,1.3572256305664772,2.235164835164835,1.96371970905154,63760.00000161817,4.860333321833541,4376000.0,
0.8351648351648352,1.1850701671022927,1.9516483516483516,1.7146343182278931,63770.000001618755,5.038436647567263,4377000.0,
0.9010989010989011,1.3492183997076779,2.2219780219780216,1.9521343420364865,63780.00000161934,4.8524228583195645,4378000.0,
0.8571428571428571,1.3051786299842818,2.1494505494505494,1.8884148234536937,63790.00000161992,5.050398145350996,4379000.0,
0.7802197802197802,0.8146521121192472,1.7999999999999996,1.6370695775761501,63800.0000016205,5.276924198892754,4380000.0,
0.8791208791208791,1.1130594791958943,2.4593406593406595,2.23672876350148,63810.00000162108,4.706602657695488,4381000.0,
0.9120879120879121,1.136932068562026,2.5120879120879116,2.2847014983755067,63820.000001621665,4.563139978891076,4382000.0,
0.8901098901098901,1.047409858439032,2.314285714285714,2.1048037425979076,63830.00000162225,4.575729594157645,4383000.0,
0.8351648351648352,1.1637887315989246,2.5714285714285716,2.338670825108786,63840.00000162283,5.016639139267391,4384000.0,
0.8571428571428571,1.223470205014254,2.7032967032967035,2.4586026622938526,63850.00000162341,4.958148572629732,4385000.0,
0.8351648351648352,0.8236043331315465,1.8197802197802193,1.6550593531539102,63860.000001623994,4.610365714786777,4386000.0,
0.8351648351648352,1.062330226792864,2.347252747252747,2.134786701894174,63870.000001624576,4.896734876933911,4387000.0,
0.8351648351648352,0.9847443113529359,2.1758241758241756,1.9788753135535888,63880.00000162516,4.8043622676571855,4388000.0,
0.8791208791208791,1.1936294683065891,2.6373626373626373,2.3986367437013194,63890.00000162574,4.802251020309136,4389000.0,
0.8681318681318682,1.0563620794513315,2.334065934065934,2.1227935181756674,63900.00000162632,4.705427205555757,4390000.0,
0.8351648351648352,1.014585048060601,2.241758241758242,2.038841232146121,63910.000001626904,4.841671570820403,4391000.0,
0.8791208791208791,0.814652112119247,1.8,1.6370695775761503,63920.000001627486,4.3726642776461215,4392000.0,
0.8571428571428571,1.059346153122098,2.340659340659341,2.128790110034921,63930.00000162807,4.770773076191686,4393000.0,
0.8791208791208791,1.0921709635005292,2.413186813186813,2.194752620486707,63940.00000162865,4.689341971092388,4394000.0,
0.7472527472527473,1.0414417110974992,2.3010989010989014,2.092810558879401,63950.00000162923,5.44957346645173,4395000.0,
0.9010989010989011,1.116043552866661,2.4659340659340656,2.242725355360734,63960.000001629815,4.602436138045288,4396000.0,
0.8351648351648352,1.0623302267928647,2.347252747252747,2.134786701894174,63970.0000016304,4.901998034828955,4397000.0,
0.8021978021978022,1.059346153122098,2.3406593406593403,2.128790110034921,63980.00000163098,5.100278081410455,4398000.0,
0.8241758241758241,1.0533780057805653,2.327472527472527,2.116796926316414,63990.00000163156,4.957562647131813,4399000.0,
0.8021978021978022,1.1458842895743258,2.5318681318681313,2.302691273953266,64000.00000163214,5.209250278905761,4400000.0,
0.7912087912087912,0.9787761640114032,2.1626373626373625,1.9668821298350818,64010.000001632725,5.070950429637457,4401000.0,
0.9120879120879121,1.1637887315989246,2.571428571428571,2.338670825108786,64020.00000163331,4.602223790173056,4402000.0,
0.8131868131868132,0.9787761640114031,2.162637362637362,1.9668821298350818,64030.00000163389,4.934978796404074,4403000.0,
0.8241758241758241,1.0832187424882298,2.3934065934065933,2.1767628449089473,64040.00000163447,4.996436074337269,4404000.0,
0.8901098901098901,1.1846772472942897,2.6175824175824176,2.3806469681235596,64050.00000163505,4.740807771761098,4405000.0,
0.7692307692307693,0.8295724804730795,1.8329670329670331,1.6670525368724167,64060.000001635635,5.024727081884587,4406000.0,
0.8461538461538461,1.047409858439032,2.314285714285714,2.1048037425979076,64070.00000163622,4.825897365283443,4407000.0,
0.8791208791208791,1.1369320685620259,2.512087912087912,2.2847014983755063,64080.0000016368,4.747257728100248,4408000.0,
0.8241758241758241,1.029505416414433,2.2747252747252746,2.068824191442388,64090.00000163738,4.93393057203455,4409000.0,
0.8571428571428571,1.0235372690729003,2.2615384615384615,2.056831007723881,64100.00000163796,4.737713993519412,4410000.0,
0.8351648351648352,1.2264542786850203,2.70989010989011,2.4645992541531054,64110.000001638546,5.105883412752886,4411000.0,
0.9010989010989011,1.1936294683065896,2.6373626373626373,2.3986367437013194,64120.00000163913,4.696342458838835,4412000.0,
0.8461538461538461,0.9936965323652354,2.1956043956043954,1.9968650891313482,64130.00000163971,4.765534863040566,4413000.0,
0.8241758241758241,1.029505416414433,2.2747252747252746,2.068824191442388,64140.00000164029,4.9365972387013715,4414000.0,
0.8241758241758241,1.0862028161589963,2.4,2.1827594367682006,64150.000001640874,5.00592341705814,4415000.0,
0.7802197802197802,1.0354735637559662,2.2879120879120873,2.0808173751608945,64160.000001641456,5.223491469164608,4416000.0,
0.8681318681318682,1.1458842895743258,2.5318681318681318,2.3026912739532666,64170.00000164204,4.822218612153925,4417000.0,
0.8461538461538461,0.8474769224976783,1.8725274725274723,1.703032088027937,64180.00000164262,4.595327272158279,4418000.0,
0.8241758241758241,1.229438352355787,2.716483516483516,2.4705958460123587,64190.0000016432,5.181849200977036,4419000.0,
0.9010989010989011,1.18467724729429,2.6175824175824176,2.380646968123559,64200.000001643784,4.690310116008339,4420000.0,
0.8571428571428571,0.9310309852791396,2.057142857142857,1.870936660087029,64210.00000164437,4.635431021401378,4421000.0,
0.8571428571428571,1.1399161422327928,2.5186813186813186,2.2906980902347596,64220.00000164495,4.87964319169349,4422000.0,
0.8681318681318682,1.0265213427436668,2.268131868131868,2.0628275995831347,64230.00000164553,4.687762559475749,4423000.0,
0.8461538461538461,0.9847443113529362,2.1758241758241756,1.9788753135535881,64240.00000164611,4.760669251195194,4424000.0,
0.8571428571428571,1.0623302267928643,2.3472527472527474,2.134786701894174,64250.000001646695,4.790664751885458,4425000.0,
0.8241758241758241,1.1488683632450922,2.538461538461538,2.3086878658125194,64260.00000164728,5.087824280856278,4426000.0,
0.6703296703296703,0.8982061749007082,1.9846153846153844,1.8049741496352427,64270.00000164786,5.8822387200800685,4427000.0,
0.7582417582417582,1.0324894900851997,2.281318681318681,2.074820783301641,64280.00000164844,5.377918023285149,4428000.0,
0.8681318681318682,1.0503939321097986,2.3208791208791206,2.1108003344571613,64290.00000164902,4.71829933963185,4429000.0,
0.8681318681318682,1.1608046579281581,2.5648351648351646,2.3326742332495325,64300.000001649605,4.845987644055558,4430000.0,
0.8791208791208791,1.0056328270483013,2.2219780219780216,2.0208514565683617,64310.00000165019,4.609404840879057,4431000.0,
0.8241758241758241,0.8982061749007085,1.9846153846153844,1.8049741496352423,64320.00000165077,4.786887492331945,4432000.0,
0.8461538461538461,1.0862028161589963,2.4,2.1827594367682,64330.00000165135,4.885250081550679,4433000.0,
0.8791208791208791,1.2622631627342182,2.789010989010989,2.536558356464145,64340.00000165193,4.9028218477218735,4434000.0,
0.8021978021978022,0.9638557956575707,2.129670329670329,1.936899170538815,64350.000001652515,5.001516128955854,4435000.0,
0.8351648351648352,0.9966806060360023,2.2021978021978024,2.002861680990602,64360.0000016531,4.843917567871275,4436000.0,
0.8791208791208791,1.0682983741343974,2.3604395604395605,2.1467798856126805,64370.00000165368,4.683686900689665,4437000.0,
0.7802197802197802,1.0116009743898344,2.2351648351648348,2.0328446402868683,64380.00000165426,5.205288572935497,4438000.0,
0.7252747252747253,0.9101424695837743,2.010989010989011,1.8289605170722558,64390.000001654844,5.460344920319259,4439000.0,
0.8791208791208791,1.697532942065446,2.795604395604396,2.4560978071913064,64400.000001655426,4.909216231522545,4440000.0,
0.8681318681318682,1.4773340934484662,2.432967032967033,2.13750021427734,64410.00000165601,5.2161671204147195,4441000.0,
0.9010989010989011,1.2651424756902856,2.0835164835164837,1.8304879883784264,64420.00000165659,4.790338601180131,4442000.0,
0.8461538461538461,1.2691460911196852,2.09010989010989,1.8362806718859528,64430.00000165717,5.106650575335693,4443000.0,
0.8681318681318682,1.489344939736665,2.4527472527472525,2.15487826479992,64440.000001657754,5.231521386392352,4444000.0,
0.9120879120879121,1.3732400922840757,2.2615384615384615,1.9868904430816463,64450.000001658336,4.852586125383283,4445000.0,
0.8681318681318682,1.3332039379900793,2.1956043956043954,1.92896360800638,64460.00000165892,5.052675422355205,4446000.0,
0.8351648351648352,1.3091822454136814,2.1560439560439555,1.8942075069612194,64470.0000016595,5.223886636073833,4447000.0,
0.7692307692307693,1.1850701671022927,1.9516483516483514,1.7146343182278931,64480.00000166008,5.5108740745039615,4448000.0,
0.7802197802197802,1.2411207831138875,2.043956043956044,1.7957318873332664,64490.000001660665,5.505659032004714,4449000.0,
0.7692307692307693,1.225106321396289,2.0175824175824175,1.7725611533031596,64500.00000166125,5.56406393222908,4450000.0,
0.7692307692307693,1.2090918596786904,1.9912087912087915,1.7493904192730532,64510.00000166183,5.543816560567663,4451000.0,
0.8021978021978022,1.2211027059668893,2.010989010989011,1.7667684697956332,64520.00000166241,5.331508852766642,4452000.0,
0.9010989010989011,1.3292003225606797,2.189010989010989,1.923170924498853,64530.00000166299,4.866793041000026,4453000.0,
0.8241758241758241,1.281156937407884,2.10989010989011,1.8536587224085332,64540.000001663575,5.263267750841334,4454000.0,
0.8351648351648352,1.2971713991254825,2.136263736263736,1.8768294564386399,64550.00000166416,5.213715754334261,4455000.0,
0.8901098901098901,1.2611388602608857,2.076923076923077,1.8246953048709,64560.00000166474,4.8518942752188625,4456000.0,
0.7472527472527473,1.0489472425027049,1.7274725274725273,1.5176830789719864,64570.00000166532,5.496088221716701,4457000.0,
0.8131868131868132,1.205088244249291,1.9846153846153842,1.7435977357655266,64580.0000016659,5.243011219401046,4458000.0,
0.9010989010989011,1.2491280139726868,2.057142857142857,1.80731725434832,64590.000001666485,4.780859137567179,4459000.0,
0.8241758241758241,1.2771533219784843,2.103296703296703,1.8478660389010064,64600.00000166707,5.261610030787182,4460000.0,
0.8021978021978022,1.2491280139726868,2.0571428571428565,1.8073172543483194,64610.00000166765,5.37137601754128,4461000.0,
0.8571428571428571,1.2771533219784843,2.1032967032967034,1.8478660389010069,64620.00000166823,5.060266055244145,4462000.0,
0.8021978021978022,1.1170087048024988,1.8395604395604392,1.61615869859994,64630.000001668814,5.207775234877136,4463000.0,
0.7802197802197802,1.2251063213962894,2.0175824175824175,1.77256115330316,64640.000001669396,5.493584158536172,4464000.0,
0.8571428571428571,1.401265400289873,2.3076923076923075,2.027439227634333,64650.00000166998,5.206601941479316,4465000.0,
0.8241758241758241,1.5053594014542635,2.479120879120879,2.1780489988300267,64660.00000167056,5.5417000738846465,4466000.0,
0.7912087912087912,1.149037628237696,1.8923076923076922,1.6625001666601529,64670.00000167114,5.322808669147822,4467000.0,
0.8681318681318682,1.4413015545838694,2.3736263736263736,2.0853660627096,64680.000001671724,5.188332170584143,4468000.0,
0.8021978021978022,1.2531316294020864,2.063736263736264,1.8131099378558464,64690.000001672306,5.380750387460376,4469000.0,
0.8241758241758241,1.2971713991254827,2.1362637362637362,1.8768294564386396,64700.00000167289,5.291231964392517,4470000.0,
0.8681318681318682,1.2731497065490847,2.0967032967032964,1.8420733553934798,64710.00000167347,4.9961572570251755,4471000.0,
0.8571428571428571,1.2251063213962892,2.0175824175824175,1.77256115330316,64720.00000167405,5.004672759693421,4472000.0,
0.8571428571428571,1.337207553419479,2.202197802197802,1.9347562915139065,64730.000001674634,5.135970350899993,4473000.0,
0.8241758241758241,1.269146091119685,2.09010989010989,1.8362806718859528,64740.00000167522,5.259361257345607,4474000.0,
0.8021978021978022,1.3051786299842818,2.1494505494505494,1.888414823453693,64750.0000016758,5.448918566268509,4475000.0,
0.8461538461538461,1.2891641682666832,2.123076923076923,1.8652440894235867,64760.00000167638,5.147451160016909,4476000.0,
0.8131868131868132,0.9848893956323108,1.621978021978022,1.4250001428515597,64770.00000167696,4.982496419075357,4477000.0,
0.8791208791208791,1.4453051700132686,2.38021978021978,2.0911587462171264,64780.000001677545,5.133032131003074,4478000.0,
0.8571428571428571,1.3892545540016743,2.287912087912088,2.010061177111753,64790.00000167813,5.199768774656322,4479000.0,
0.8791208791208791,1.4853413243072653,2.446153846153846,2.1490855812923932,64800.00000167871,5.179573256512553,4480000.0,
0.7802197802197802,1.2651424756902856,2.0835164835164837,1.8304879883784269,64810.00000167929,5.554475567561429,4481000.0,
0.8461538461538461,1.413276246578072,2.327472527472527,2.0448172781569127,64820.00000167987,5.297245953865615,4482000.0,
0.8241758241758241,1.2931677836960829,2.12967032967033,1.8710367729311126,64830.000001680455,5.293307577671915,4483000.0,
0.8461538461538461,1.269146091119685,2.0901098901098902,1.8362806718859532,64840.00000168104,5.127949276635634,4484000.0,
0.8681318681318682,1.2971713991254827,2.1362637362637367,1.8768294564386396,64850.00000168162,5.030916421892072,4485000.0,
0.8241758241758241,1.173059320814094,1.9318681318681317,1.6972562677053131,64860.0000016822,5.149175976041862,4486000.0,
0.8571428571428571,1.2170990905374897,2.004395604395604,1.7609757862881066,64870.00000168278,5.00302329805091,4487000.0,
0.8571428571428571,1.1410303973788969,1.879120879120879,1.6509147996451,64880.000001683366,4.914789309878736,4488000.0,
0.8351648351648352,1.32519670713128,2.182417582417582,1.9173782409913265,64890.00000168395,5.265167109973823,4489000.0,
0.8351648351648352,1.1290195510906977,1.8593406593406592,1.63353674912252,64900.00000168453,5.0307970941884195,4490000.0,
0.8241758241758241,1.193077397961092,1.9648351648351647,1.7262196852429466,64910.00000168511,5.176131242980375,4491000.0,
0.9010989010989011,1.3612292459958768,2.2417582417582413,1.9695123925590665,64920.000001685694,4.92136172432556,4492000.0,
0.8241758241758241,1.1770629362434935,1.9384615384615385,1.7030489512128397,64930.000001686276,5.15776702942975,4493000.0,
0.8791208791208791,1.1690557053846944,1.9252747252747249,1.6914635841977863,64940.00000168686,4.826798364988536,4494000.0,
0.8351648351648352,1.3412111688488784,2.2087912087912085,1.9405489750214329,64950.00000168744,5.287500215451658,4495000.0,
0.7912087912087912,1.205088244249291,1.9846153846153844,1.7435977357655261,64960.00000168802,5.409761531052304,4496000.0,
0.8241758241758241,1.393258169431074,2.294505494505494,2.0158538606192797,64970.000001688604,5.422217245697474,4497000.0,
0.8021978021978022,1.2531316294020867,2.063736263736264,1.8131099378558464,64980.000001689186,5.396640798420204,4498000.0,
0.7472527472527473,1.1009942430849005,1.813186813186813,1.5929879645698333,64990.00000168977,5.590445237203137,4499000.0,
0.8571428571428571,0.8653813645222772,1.9120879120879122,1.7390116391834562,65000.00000169035,4.944297579371105,4500000.0,
0.8681318681318682,1.148868363245092,2.5384615384615383,2.30868786581252,65010.00000169093,4.868187608410069,4501000.0,
0.8351648351648352,1.0116009743898342,2.235164835164835,2.0328446402868683,65020.000001691515,4.896519587875912,4502000.0,
0.8461538461538461,1.1190276265374275,2.472527472527472,2.2487219472199866,65030.0000016921,4.9604066756363965,4503000.0,
0.7912087912087912,0.9429672799622055,2.0835164835164837,1.8949230275240423,65040.00000169268,5.082914201189719,4504000.0,
0.8241758241758241,1.008616900719068,2.2285714285714286,2.0268480484276146,65050.00000169326,4.959785839660487,4505000.0,
0.8461538461538461,1.029505416414433,2.274725274725275,2.068824191442388,65060.00000169384,4.856166141595026,4506000.0,
0.8901098901098901,1.1369320685620263,2.5120879120879116,2.2847014983755067,65070.000001694425,4.73753849689198,4507000.0,
0.8461538461538461,1.0623302267928645,2.3472527472527474,2.134786701894174,65080.00000169501,4.895998060354013,4508000.0,
0.8021978021978022,1.0444257847682659,2.3076923076923075,2.0988071507386543,65090.00000169559,5.14250063593182,4509000.0,
0.8131868131868132,1.0503939321097986,2.3208791208791206,2.1108003344571613,65100.00000169617,5.080887132852766,4510000.0,
0.8241758241758241,0.9549035746452715,2.10989010989011,1.9189093949610552,65110.00000169675,4.897813670691134,4511000.0,
0.8131868131868132,0.9041743222422411,1.9978021978021974,1.8169673333537493,65120.000001697335,4.902157612610293,4512000.0,
0.8791208791208791,1.0265213427436666,2.268131868131868,2.062827599583134,65130.00000169792,4.674165527484921,4513000.0,
0.8681318681318682,1.092170963500529,2.4131868131868126,2.1947526204867076,65140.0000016985,4.809460223894562,4514000.0,
0.8791208791208791,1.23540649969732,2.7296703296703293,2.4825890297308653,65150.00000169908,4.912772393519759,4515000.0,
0.8351648351648352,1.0265213427436668,2.268131868131868,2.062827599583135,65160.000001699664,4.921753186826325,4516000.0,
0.8461538461538461,0.8683654381930436,1.9186813186813185,1.7450082310427097,65170.000001700246,4.671442271229822,4517000.0,
0.8021978021978022,1.0832187424882296,2.3934065934065933,2.1767628449089473,65180.00000170083,5.1957904873364456,4518000.0,
0.8791208791208791,1.142900215903559,2.525274725274725,2.2966946820940133,65190.00000170141,4.809546495704472,4519000.0,
0.8351648351648352,1.0056328270483015,2.2219780219780216,2.0208514565683613,65200.00000170199,4.898847200928048,4520000.0,
0.8681318681318682,1.1309639212204934,2.4989010989010985,2.272708314657,65210.000001702574,4.857690086584855,4521000.0,
0.8791208791208791,0.9907124586944692,2.189010989010989,1.9908684972720951,65220.000001703156,4.63793292187922,4522000.0,
0.8791208791208791,1.127979847549727,2.4923076923076923,2.2667117227977465,65230.00000170374,4.7945745767021055,4523000.0,
0.8241758241758241,0.9757920903406367,2.156043956043956,1.9608855379758285,65240.00000170432,4.930091736401915,4524000.0,
0.7692307692307693,0.9966806060360021,2.2021978021978024,2.0028616809906015,65250.0000017049,5.309967645120344,4525000.0,
0.8571428571428571,1.0742665214759304,2.373626373626374,2.1587730693311875,65260.000001705484,4.8563853008135895,4526000.0,
0.8791208791208791,1.1578205842573916,2.558241758241758,2.3266776413902797,65270.00000170607,4.83051841470719,4527000.0,
0.8131868131868132,1.0772505951466969,2.3802197802197798,2.1647696611904403,65280.00000170665,5.123643299560869,4528000.0,
0.9230769230769231,1.2055657629896552,2.6637362637362636,2.422623111138332,65290.00000170723,4.653170052871618,4529000.0,
0.8571428571428571,1.1637887315989246,2.5714285714285707,2.3386708251087867,65300.00000170781,4.962879161341816,4530000.0,
0.7912087912087912,1.0384576374267327,2.2945054945054943,2.0868139670201478,65310.000001708395,5.218603402986036,4531000.0,
0.8241758241758241,0.9966806060360021,2.202197802197802,2.0028616809906015,65320.00000170898,4.959703135445872,4532000.0,
0.8461538461538461,1.0056328270483015,2.2219780219780216,2.0208514565683613,65330.00000170956,4.841979055461843,4533000.0,
0.8478260869565217,1.1334290255572135,2.5043478260869563,2.2776620209755136,65340.00000171014,4.944041927697853,4534000.0,
0.8043478260869565,0.9209110832652361,2.034782608695652,1.8506003920426048,65350.00000171072,4.947616482021256,4535000.0,
0.8695652173913043,1.1747519587806536,2.5956521739130434,2.3607017821569123,65360.000001711305,4.86896225271242,4536000.0,
0.8152173913043478,1.0006053116247275,2.210869565217391,2.010748502892446,65370.00000171189,4.980473182382011,4537000.0,
0.8260869565217391,1.0212667782364477,2.256521739130435,2.0522683834831454,65380.00000171247,4.94047820535436,4538000.0,
0.9130434782608695,1.1481872159941564,2.536956521739131,2.3073190785402993,65390.00000171305,4.609440760483845,4539000.0,
0.8695652173913043,1.086202816158996,2.4,2.1827594367682006,65400.00000171363,4.769130738697632,4540000.0,
0.8913043478260869,1.0921060923337735,2.4130434782608696,2.1946222597941145,65410.000001714216,4.659921469559663,4541000.0,
0.8695652173913043,1.1747519587806534,2.5956521739130434,2.3607017821569123,65420.0000017148,4.871962252712596,4542000.0,
0.8043478260869565,1.0448798829355563,2.3086956521739133,2.099719675586802,65430.00000171538,5.106064178908932,4543000.0,
0.8695652173913043,1.027170054411225,2.269565217391304,2.0641312065090593,65440.00000171596,4.70324306268781,4544000.0,
0.9347826086956522,1.1039126446833278,2.4391304347826086,2.2183479058459428,65450.000001716544,4.457671666512334,4545000.0,
0.8369565217391305,1.1186708351202705,2.4717391304347824,2.2480049634107284,65460.000001717126,4.996850868055347,4546000.0,
0.8043478260869565,1.2337847205284251,2.7260869565217387,2.479330012416054,65470.00000171771,5.343081004024517,4547000.0,
0.8152173913043478,1.1245741112950476,2.4847826086956517,2.2598677864366423,65480.00000171829,5.138408243311278,4548000.0,
0.8478260869565217,1.0065085877995046,2.2239130434782606,2.02261132591836,65490.00000171887,4.802033206240489,4549000.0,
0.8369565217391305,1.0507831591103334,2.3217391304347825,2.111582498612716,65500.000001719454,4.917816242173465,4550000.0,
0.8043478260869565,1.0271700544112248,2.269565217391304,2.064131206509059,65510.00000172004,5.088370878581637,4551000.0,
0.8152173913043478,1.1186708351202708,2.471739130434783,2.2480049634107284,65520.00000172062,5.13330022453701,4552000.0,
0.8369565217391305,0.8323619406435785,1.8391304347826085,1.6726580466538927,65530.0000017212,4.658403877252238,4553000.0,
0.8369565217391305,0.9887987592751734,2.1847826086956523,1.9870228568406176,65540.00000172178,4.8458348813315775,4554000.0,
0.8804347826086957,1.1186708351202705,2.471739130434783,2.248004963410728,65550.00000172236,4.754537244941761,4555000.0,
0.8913043478260869,1.165897044518488,2.5760869565217392,2.3429075476180414,65560.00000172295,4.7500283915234265,4556000.0,
0.8695652173913043,1.1481872159941562,2.5369565217391306,2.3073190785402993,65570.00000172353,4.84891279850856,4557000.0,
0.8478260869565217,1.0448798829355561,2.308695652173913,2.099719675586802,65580.00000172411,4.851907041529435,4558000.0,
0.7934782608695652,1.012411863974282,2.2369565217391303,2.0344741489442737,65590.0000017247,5.143858787600836,4559000.0,
0.9130434782608695,1.3503933738010887,2.2239130434782606,1.9538343687180428,65600.00000172528,4.46426892960457,4560000.0,
0.8478260869565217,1.3226726887083975,2.178260869565217,1.913726331823538,65610.00000172586,5.1810985560308245,4561000.0,
0.8804347826086957,1.2197101440784026,2.008695652173913,1.7647536233582328,65620.00000172644,4.872754731659841,4562000.0,
0.8043478260869565,1.1048673058372542,1.8195652173913044,1.5985917562238539,65630.00000172702,5.191453947922484,4563000.0,
0.8043478260869565,1.1919894589857116,1.9630434782608692,1.7246455864637273,65640.0000017276,5.300308516701678,4564000.0,
0.8369565217391305,1.3899943525049328,2.2891304347826087,2.0111315642816225,65650.00000172819,5.330899745970063,4565000.0,
0.8369565217391305,1.6394805183391514,2.6999999999999997,2.37210389633217,65660.00000172877,5.629506593460329,4566000.0,
0.8369565217391305,1.4177150375976237,2.334782608695652,2.051239601176128,65670.00000172935,5.365059525561391,4567000.0,
0.8804347826086957,1.2751515142637844,2.099999999999999,1.8449696971472433,65680.00000172993,4.938688139771806,4568000.0,
0.8152173913043478,1.1523884802818674,1.8978260869565218,1.667348390900148,65690.00000173051,5.183727202602429,4569000.0,
0.8043478260869565,1.073186522874179,1.7673913043478258,1.5527539997729904,65700.0000017311,5.155850812346989,4570000.0,
0.8260869565217391,1.223670241948787,2.0152173913043474,1.7704833429145908,65710.00000173168,5.202861345638729,4571000.0,
0.8152173913043478,1.4256352333383924,2.347826086956522,2.062699040288843,65720.00000173226,5.52050988635186,4572000.0,
0.8478260869565217,1.2870318078749379,2.1195652173913038,1.862158855816317,65730.00000173284,5.145214440176333,4573000.0,
0.9021739130434783,1.3820741567641641,2.2760869565217394,1.9996721251689067,65740.00000173342,4.94109183652488,4574000.0,
0.8478260869565217,1.290991905745322,2.126086956521739,1.8678885753726748,65750.000001734,5.150910965869666,4575000.0,
0.7934782608695652,1.223670241948787,2.015217391304348,1.7704833429145903,65760.00000173459,5.4194172913500696,4576000.0,
0.8804347826086957,1.3979145482457016,2.302173913043478,2.022591003394338,65770.00000173517,5.082567141331772,4577000.0,
0.8586956521739131,1.3226726887083975,2.178260869565217,1.913726331823538,65780.00000173575,5.124122624942328,4578000.0,
0.8043478260869565,1.1801091653745583,1.943478260869565,1.7074564277946536,65790.00000173633,5.293646530050447,4579000.0,
0.8043478260869565,1.1405081866707143,1.8782608695652174,1.6501592322310747,65800.00000173692,5.244953421391645,4580000.0,
0.8369565217391305,1.2117899483376338,1.9956521739130435,1.753294184245517,65810.0000017375,5.126291886445982,4581000.0,
0.7608695652173914,1.2553510249118625,2.067391304347826,1.8163210993654537,65820.00000173808,5.6967442043024565,4582000.0,
0.782608695652174,1.0850668164853323,1.78695652173913,1.5699431584420642,65830.00000173866,5.3214714878601885,4583000.0,
0.8478260869565217,1.354353471671473,2.2304347826086954,1.959564088274401,65840.00000173924,5.230260505167446,4584000.0,
0.8369565217391305,1.1563485781522518,1.9043478260869564,1.6730781104565058,65850.00000173983,5.062128171419412,4585000.0,
0.8478260869565217,1.2117899483376338,1.995652173913043,1.753294184245517,65860.00000174041,5.063134298158362,4586000.0,
0.8260869565217391,1.2632712206526313,2.0804347826086955,1.8277805384781691,65870.00000174099,5.2592204251228205,4587000.0,
0.8586956521739131,1.3226726887083975,2.178260869565217,1.913726331823538,65880.00000174157,5.129185916081863,4588000.0,
0.8260869565217391,1.231590437689556,2.028260869565217,1.7819427820273064,65890.00000174216,5.221922635220212,4589000.0,
0.8695652173913043,1.2909919057453223,2.1260869565217386,1.8678885753726748,65900.00000174274,5.02963819172336,4590000.0,
0.8478260869565217,1.389994352504933,2.289130434782609,2.0111315642816225,65910.00000174332,5.275888210766095,4591000.0,
0.8152173913043478,1.3028721993564754,2.1456521739130436,1.8850777340417484,65920.0000017439,5.380587231334662,4592000.0,
0.8478260869565217,1.231590437689556,2.028260869565217,1.7819427820273062,65930.00000174448,5.09007846508648,4593000.0,
0.8695652173913043,1.2830717100045532,2.1130434782608694,1.856429136259959,65940.00000174507,5.022529966621594,4594000.0,
0.8152173913043478,1.2791116121341688,2.1065217391304345,1.8506994167036013,65950.00000174565,5.353040911008725,4595000.0,
0.8695652173913043,1.393954450375317,2.295652173913043,2.0168612838379802,65960.00000174623,5.15104511804803,4596000.0,
0.7608695652173914,1.148428382411483,1.8913043478260867,1.6616186713437906,65970.00000174681,5.564788731302458,4597000.0,
0.7717391304347826,1.0890269143557165,1.793478260869565,1.5756728779984222,65980.0000017474,5.410003889155547,4598000.0,
0.782608695652174,1.1721889696337897,1.9304347826086956,1.6959969886819377,65990.00000174798,5.441683127994846,4599000.0,
0.8043478260869565,1.1919894589857116,1.96304347826087,1.7246455864637273,66000.00000174856,5.319767976162271,4600000.0,
0.8043478260869565,1.148428382411483,1.8913043478260867,1.6616186713437902,66010.00000174914,5.266151502583531,4601000.0,
0.8043478260869565,1.2989121014860912,2.1391304347826083,1.8793480144853905,66020.00000174972,5.453779910081724,4602000.0,
0.9130434782608695,1.1088274037076387,1.8260869565217388,1.6043214757802113,66030.0000017503,4.596808585124193,4603000.0,
0.8695652173913043,1.140508186670714,1.8782608695652172,1.650159232231075,66040.00000175089,4.863581914787969,4604000.0,
0.8369565217391305,1.3860342546345488,2.282608695652174,2.0054018447252644,66050.00000175147,5.346947421243022,4605000.0,
0.8804347826086957,1.318712590838013,2.171739130434783,1.90799661226718,66060.00000175205,5.006930350202886,4606000.0,
0.8913043478260869,1.3147524929676286,2.1652173913043473,1.9022668927108224,66070.00000175263,4.941914992223911,4607000.0,
0.8804347826086957,1.1682288717634053,1.923913043478261,1.6902672691255798,66080.00000175321,4.836998224834252,4608000.0,
0.8043478260869565,1.2830717100045532,2.11304347826087,1.856429136259959,66090.0000017538,5.437870234185978,4609000.0,
0.7934782608695652,1.1286278930595608,1.858695652173913,1.632970073562001,66100.00000175438,5.318268029737336,4610000.0,
0.8043478260869565,1.148428382411483,1.891304347826087,1.6616186713437902,66110.00000175496,5.271556907989251,4611000.0,
0.8152173913043478,1.3028721993564758,2.145652173913043,1.8850777340417484,66120.00000175554,5.39125389800195,4612000.0,
0.8804347826086957,1.2711914163934002,2.0934782608695652,1.8392399775908854,66130.00000175613,4.956412473056119,4613000.0,
0.8043478260869565,1.0613062292630258,1.7478260869565216,1.5355648411039167,66140.0000017567,5.164864501372344,4614000.0,
0.8695652173913043,1.231590437689556,2.028260869565217,1.7819427820273062,66150.00000175729,4.973826503459958,4615000.0,
0.8695652173913043,1.3662337652826264,2.2499999999999996,1.9767532469434743,66160.00000175787,5.129166330192018,4616000.0,
0.8260869565217391,1.1840692632449425,1.95,1.7131861473510115,66170.00000175845,5.179133845103905,4617000.0,
0.8043478260869565,1.140508186670714,1.8782608695652174,1.650159232231074,66180.00000175904,5.265493961933381,4618000.0,
0.8369565217391305,1.3187125908380133,2.1717391304347826,1.9079966122671796,66190.00000175962,5.273783874889142,4619000.0,
0.8695652173913043,1.018315140149059,2.2499999999999996,2.0463369719701876,66200.0000017602,5.131166330192134,4620000.0,
0.8695652173913043,1.0714446257220533,2.367391304347826,2.153102379203415,66210.00000176078,4.792658819697505,4621000.0,
0.8695652173913043,1.053734797197722,2.3282608695652174,2.1175139101256724,66220.00000176136,4.772792516894553,4622000.0,
0.9021739130434783,1.0330733305860018,2.282608695652174,2.0759940295349733,66230.00000176195,4.577862005099858,4623000.0,
0.7282608695652174,0.997653673537339,2.2043478260869565,2.0048170913794885,66240.00000176253,5.623043850370353,4624000.0,
0.8586956521739131,1.3488986059365797,2.9804347826086954,2.710655061421379,66250.00000176311,5.178461667791723,4625000.0,
0.8804347826086957,1.095057730421162,2.419565217391304,2.200553671307072,66260.00000176369,4.7627791507176545,4626000.0,
0.8586956521739131,0.8677815976922415,1.9173913043478266,1.743834984809378,66270.00000176427,4.619186164519894,4627000.0,
0.8260869565217391,1.0242184163238361,2.2630434782608693,2.058199794996102,66280.00000176486,4.991419661989219,4628000.0,
0.8695652173913043,1.0360249686733902,2.2891304347826087,2.08192544104793,66290.00000176544,4.755926214091775,4629000.0,
0.8152173913043478,1.1039126446833278,2.4391304347826086,2.2183479058459428,66300.00000176602,5.156796844270114,4630000.0,
0.8586956521739131,1.0448798829355561,2.3086956521739133,2.0997196755868015,66310.0000017666,4.827452522018555,4631000.0,
0.8478260869565217,0.9917503973625618,2.1913043478260867,1.9929542683535746,66320.00000176718,4.827190212394266,4632000.0,
0.8152173913043478,1.074396263809442,2.373913043478261,2.159033790716372,66330.00000176777,5.1221900837315735,4633000.0,
0.8804347826086957,1.0065085877995046,2.223913043478261,2.0226113259183593,66340.00000176835,4.666155433172299,4634000.0,
0.8369565217391305,1.2042683396545393,2.660869565217391,2.420015897286483,66350.00000176893,5.145356977371709,4635000.0,
0.7934782608695652,0.926814359440013,2.0478260869565217,1.862463215068519,66360.00000176951,5.0781742613409255,4636000.0,
0.8804347826086957,1.136380663644602,2.510869565217391,2.2835934324884706,66370.0000017701,4.81514593907052,4637000.0,
0.8260869565217391,1.2013167015671506,2.654347826086956,2.414084485773526,66380.00000177068,5.211064954652485,4638000.0,
0.8913043478260869,1.1511388540815453,2.543478260869565,2.3132504900532562,66390.00000177126,4.77395822664531,4639000.0,
0.8152173913043478,1.1688486826058764,2.5826086956521737,2.3488389591309984,66400.00000177184,5.24178505078875,4640000.0,
0.8152173913043478,0.9474758260517331,2.0934782608695652,1.9039830956592183,66410.00000177242,4.970767680082366,4641000.0,
0.8478260869565217,1.0773479018968306,2.380434782608696,2.1649652022293293,66420.000001773,4.933279576717035,4642000.0,
0.8478260869565217,1.145235577906768,2.5304347826086953,2.301387667027342,66430.00000177359,5.013865040728786,4643000.0,
0.8369565217391305,0.9858471211877845,2.178260869565217,1.98109144532766,66440.00000177417,4.889061495567548,4644000.0,
0.8260869565217391,0.9740405688382303,2.152173913043478,1.9573657992758318,66450.00000177475,4.939625425559796,4645000.0,
0.8478260869565217,0.9917503973625618,2.1913043478260867,1.9929542683535744,66460.00000177533,4.834369699574171,4646000.0,
0.8804347826086957,1.207219977741928,2.667391304347826,2.4259473087994405,66470.00000177592,4.900543678539375,4647000.0,
0.8152173913043478,0.9592823784012875,2.119565217391304,1.9277087417110468,66480.0000017765,4.98898371763137,4648000.0,
0.8913043478260869,1.2485429109653683,2.758695652173913,2.5089870699808388,66490.00000177708,4.8881188758323235,4649000.0,
0.8478260869565217,1.1836068730428193,2.6152173913043475,2.378496016695784,66500.00000177766,5.06271323499203,4650000.0,
0.8369565217391305,1.1334290255572137,2.5043478260869563,2.277662020975513,66510.00000177824,5.069029485203961,4651000.0,
0.8369565217391305,0.9504274641391217,2.0999999999999996,1.9099145071721753,66520.00000177883,4.850897749483673,4652000.0,
0.7934782608695652,0.8766365119544072,1.9369565217391307,1.7616292193482486,66530.00000177941,5.02425149464728,4653000.0,
0.8586956521739131,1.1688486826058762,2.5826086956521737,2.3488389591309984,66540.00000177999,4.98346682036948,4654000.0,
0.8586956521739131,1.0212667782364475,2.256521739130435,2.052268383483145,66550.00000178057,4.812105615281061,4655000.0,
0.8369565217391305,1.2810109299266421,2.8304347826086955,2.5742325966233675,66560.00000178115,5.247958513801351,4656000.0,
0.8152173913043478,1.0684929876346647,2.3608695652173908,2.147170967690458,66570.00000178174,5.127748731624592,4657000.0,
0.8804347826086957,1.207219977741928,2.6673913043478263,2.42594730879944,66580.00000178232,4.905975777305122,4658000.0,
0.8369565217391305,1.0478315210229447,2.3152173913043477,2.105651087099759,66590.0000017829,4.97091298628014,4659000.0,
0.8586956521739131,1.003556949712116,2.2173913043478253,2.016679914405403,66600.00000178348,4.794013156746543,4660000.0,
0.9021739130434783,1.0330733305860016,2.282608695652174,2.0759940295349737,66610.00000178406,4.596175258112972,4661000.0,
0.8695652173913043,1.1806552349554307,2.6086956521739126,2.3725646051828266,66620.00000178465,4.938751020317081,4662000.0,
0.8478260869565217,1.1334290255572135,2.5043478260869567,2.2776620209755136,66630.00000178523,5.010195773855549,4663000.0,
0.8152173913043478,1.003556949712116,2.217391304347826,2.0166799144054024,66640.00000178581,5.05182719177315,4664000.0,
0.8586956521739131,0.9947020354499504,2.1978260869565216,1.998885679866531,66650.0000017864,4.786232750264168,4665000.0,
0.8586956521739131,1.106864282770716,2.445652173913043,2.2242793173588997,66660.00000178698,4.9173584053719255,4666000.0,
0.8043478260869565,1.0301216924986132,2.276086956521739,2.0700626180220167,66670.00000178756,5.154743185396635,4667000.0,
0.8478260869565217,0.9209110832652359,2.0347826086956515,1.850600392042605,66680.00000178814,4.762097688075418,4668000.0,
0.9130434782608695,1.207219977741928,2.6673913043478255,2.42594730879944,66690.00000178872,4.736000451925483,4669000.0,
0.9130434782608695,1.1954134253923736,2.6413043478260874,2.4022216627476114,66700.0000017893,4.723545656495046,4670000.0,
0.8695652173913043,1.1511388540815448,2.5434782608695654,2.313250490053256,66710.00000178989,4.909307182312374,4671000.0,
0.8369565217391305,1.0714446257220533,2.367391304347826,2.153102379203415,66720.00000179047,5.005879293193754,4672000.0,
0.8695652173913043,1.2308330824410363,2.7195652173913043,2.4733986009030966,66730.00000179105,5.001955544925848,4673000.0,
0.8586956521739131,1.074396263809442,2.3739130434782605,2.1590337907163724,66740.00000179163,4.883598180759031,4674000.0,
0.8260869565217391,1.027170054411225,2.2695652173913046,2.064131206509059,66750.00000179221,5.019729539675393,4675000.0,
0.8152173913043478,0.9740405688382303,2.152173913043478,1.9573657992758324,66760.0000017928,5.022020431234889,4676000.0,
0.782608695652174,1.0773479018968306,2.3804347826086953,2.1649652022293298,66770.00000179338,5.363830652555698,4677000.0,
0.8260869565217391,1.0478315210229447,2.3152173913043477,2.105651087099759,66780.00000179396,5.046319736100199,4678000.0,
0.8913043478260869,1.1895101492175966,2.628260869565217,2.390358839721698,66790.00000179454,4.836521143140554,4679000.0,
0.8369565217391305,1.5365179737091565,2.5304347826086953,2.2231311878668643,66800.00000179512,5.098200950349759,4680000.0,
0.8695652173913043,1.223670241948787,2.0152173913043474,1.7704833429145908,66810.0000017957,4.9977182783599945,4681000.0,
0.8586956521739131,1.2949520036157067,2.1326086956521735,1.8736182949290328,66820.00000179629,5.144498535976689,4682000.0,
0.8043478260869565,1.1603086760226362,1.910869565217391,1.678807830012864,66830.00000179687,5.3252459216702475,4683000.0,
0.8695652173913043,1.1405081866707143,1.8782608695652172,1.6501592322310747,66840.00000179745,4.903581914790298,4684000.0,
0.8695652173913043,1.3226726887083975,2.1782608695652175,1.913726331823538,66850.00000179803,5.113571092133663,4685000.0,
0.8695652173913043,1.4058347439864705,2.3152173913043477,2.0340504425070542,66860.00000179862,5.209707455703476,4686000.0,
0.8369565217391305,1.393954450375317,2.2956521739130435,2.0168612838379802,66870.0000017992,5.399007914857847,4687000.0,
0.7065217391304348,1.1444682845410987,1.8847826086956518,1.6558889517874327,66880.00000179978,6.0432443413432075,4688000.0,
0.8152173913043478,1.298912101486091,2.1391304347826083,1.8793480144853907,66890.00000180036,5.4274628446166675,4689000.0,
0.8586956521739131,1.2395106334303245,2.041304347826087,1.7934022211400222,66900.00000180095,5.083984535254708,4690000.0,
0.8913043478260869,1.2593111227822467,2.0739130434782607,1.8220508189218119,66910.00000180153,4.9206880890914775,4691000.0,
0.8695652173913043,1.3860342546345485,2.2826086956521734,2.005401844725264,66920.00000180211,5.189936892948941,4692000.0,
0.8260869565217391,1.1642687738930206,1.917391304347826,1.6845375495692223,66930.00000180269,5.1951648316802235,4693000.0,
0.8695652173913043,1.2038697525968651,1.982608695652174,1.7418347451328011,66940.00000180327,4.981447715605663,4694000.0,
0.782608695652174,1.1603086760226362,1.9108695652173908,1.6788078300128644,66950.00000180386,5.479836086161476,4695000.0,
0.8913043478260869,1.4375155269495459,2.367391304347826,2.0798881989579168,66960.00000180444,5.123063762059807,4696000.0,
0.8586956521739131,1.2474308291710938,2.0543478260869565,1.8048616602527379,66970.00000180502,5.096752358142899,4697000.0,
0.8152173913043478,1.1840692632449428,1.9499999999999997,1.7131861473510115,66980.0000018056,5.29138896304114,4698000.0,
0.8478260869565217,1.2078298504672493,1.9891304347826086,1.7475644646891593,66990.00000180618,5.116412131442821,4699000.0,
0.9021739130434783,1.4612761141718522,2.4065217391304343,2.114266516296064,67000.00000180677,5.089604849558624,4700000.0,
0.8260869565217391,1.2117899483376338,1.9956521739130435,1.7532941842455172,67010.00000180735,5.256900990218685,4701000.0,
0.8369565217391305,1.34247317806032,2.2108695652173913,1.9423749296053274,67020.00000180793,5.345290031053369,4702000.0,
0.8695652173913043,1.346433275930704,2.217391304347826,1.9481046491616854,67030.00000180851,5.14989576743984,4703000.0,
0.8152173913043478,1.2593111227822469,2.073913043478261,1.8220508189218116,67040.0000018091,5.386885644073752,4704000.0,
0.8913043478260869,1.2989121014860912,2.1391304347826083,1.8793480144853907,67050.00000180968,4.971947723735213,4705000.0,
0.8478260869565217,1.2553510249118625,2.0673913043478263,1.8163210993654537,67060.00000181026,5.176052491044368,4706000.0,
0.8695652173913043,1.362273667412242,2.243478260869565,1.9710235273871168,67070.00000181084,5.170112217643724,4707000.0,
0.8804347826086957,1.1919894589857116,1.9630434782608692,1.7246455864637276,67080.00000181142,4.913368274521722,4708000.0,
0.8152173913043478,1.1523884802818676,1.8978260869565218,1.6673483909001479,67090.000001812,5.2583938692734415,4709000.0,
0.8478260869565217,1.1642687738930204,1.9173913043478261,1.6845375495692216,67100.00000181259,5.070673425740212,4710000.0,
0.8152173913043478,1.326632786578782,2.1847826086956523,1.9194560513798962,67110.00000181317,5.473200218331052,4711000.0,
0.8043478260869565,1.140508186670714,1.8782608695652172,1.650159232231075,67120.00000181375,5.316304772747149,4712000.0,
0.8043478260869565,1.2672313185230157,2.0869565217391304,1.833510258034527,67130.00000181433,5.474392990725717,4713000.0,
0.8260869565217391,1.2236702419487868,2.0152173913043474,1.7704833429145908,67140.00000181491,5.278124503537846,4714000.0,
0.8478260869565217,1.2276303398191717,2.0217391304347823,1.7762130624709485,67150.0000018155,5.14797168298659,4715000.0,
0.8369565217391305,1.2751515142637846,2.1,1.844969697147243,67160.00000181608,5.272126484699491,4716000.0,
0.8369565217391305,1.2474308291710936,2.054347826086956,1.8048616602527374,67170.00000181666,5.239525146666695,4717000.0,
0.8260869565217391,1.4216751354680084,2.3413043478260867,2.0569693207324855,67180.00000181724,5.5199199009559745,4718000.0,
0.8804347826086957,1.492956897134928,2.4586956521739127,2.1601042727469273,67190.00000181783,5.260639932666828,4719000.0,
0.8478260869565217,1.3028721993564758,2.1456521739130436,1.8850777340417484,67200.00000181841,5.239282594235868,4720000.0,
0.8586956521739131,1.1523884802818676,1.8978260869565213,1.6673483909001485,67210.00000181899,4.998222027791597,4721000.0,
0.8478260869565217,1.3028721993564754,2.1456521739130436,1.8850777340417486,67220.00000181957,5.240308235261569,4722000.0,
0.8043478260869565,1.1603086760226362,1.910869565217391,1.678807830012864,67230.00000182015,5.346867543293128,4723000.0,
0.8043478260869565,0.9900244675961061,1.6304347826086956,1.4324298890894744,67240.00000182074,5.135703392276392,4724000.0,
0.8043478260869565,1.1563485781522518,1.9043478260869562,1.673078110456506,67250.00000182132,5.343025259454334,4725000.0,
0.7717391304347826,1.1642687738930209,1.9173913043478255,1.6845375495692223,67260.0000018219,5.579613059264419,4726000.0,
0.8369565217391305,1.1088274037076387,1.8260869565217388,1.6043214757802113,67270.00000182248,5.0791158591002725,4727000.0,
0.8369565217391305,1.2672313185230157,2.0869565217391304,1.8335102580345277,67280.00000182306,5.268897159918676,4728000.0,
0.8043478260869565,1.1444682845410983,1.8847826086956525,1.6558889517874322,67290.00000182365,5.33041732685681,4729000.0,
0.8913043478260869,1.2909919057453223,2.1260869565217386,1.8678885753726748,67300.00000182423,4.975256772417011,4730000.0,
0.8260869565217391,1.168228871763405,1.923913043478261,1.6902672691255802,67310.00000182481,5.21995863436659,4731000.0,
0.7934782608695652,1.2711914163934,2.0934782608695657,1.839239977590885,67320.00000182539,5.5647864427099,4732000.0,
0.8369565217391305,1.3781140588937795,2.2695652173913037,1.9939424056125485,67330.00000182597,5.403977836725454,4733000.0,
0.8478260869565217,1.298912101486091,2.1391304347826083,1.8793480144853907,67340.00000182656,5.241791196748139,4734000.0,
0.8043478260869565,1.1167475994484077,1.839130434782609,1.6157809148929272,67350.00000182714,5.299197015660681,4735000.0,
0.8586956521739131,1.3028721993564756,2.1456521739130436,1.8850777340417484,67360.00000182772,5.181063827220696,4736000.0,
0.8260869565217391,1.3424731780603194,2.210869565217391,1.9423749296053274,67370.0000018283,5.434043847252512,4737000.0,
0.9021739130434783,1.3503933738010887,2.223913043478261,1.953834368718043,67380.00000182888,4.985011932522217,4738000.0,
0.8043478260869565,1.2711914163934,2.0934782608695652,1.839239977590885,67390.00000182947,5.4933704097005265,4739000.0,
0.7934782608695652,0.864829959604853,1.910869565217391,1.7379035732964203,67400.00000183005,5.42942737265385,4740000.0,
0.8695652173913043,1.074396263809442,2.3739130434782614,2.159033790716372,67410.00000183063,4.856053203501494,4741000.0,
0.8804347826086957,1.1540904921689334,2.55,2.319181901566213,67420.00000183121,4.887112657891296,4742000.0,
0.8478260869565217,1.0625897114598875,2.3478260869565215,2.1353081446645437,67430.0000018318,4.967667352102117,4743000.0,
0.8369565217391305,1.0242184163238361,2.2630434782608693,2.058199794996102,67440.00000183238,4.986855770278581,4744000.0,
0.8152173913043478,1.130477387469825,2.4978260869565214,2.2717306094625562,67450.00000183296,5.250716262091787,4745000.0,
0.8913043478260869,0.9887987592751734,2.184782608695652,1.987022856840617,67460.00000183354,4.644015681255834,4746000.0,
0.8369565217391305,1.3754633487230767,3.0391304347826082,2.764037765037993,67470.00000183412,5.4080834817167265,4747000.0,
0.75,0.997653673537339,2.2043478260869565,2.0048170913794885,67480.0000018347,5.531941130073947,4748000.0,
0.8804347826086957,1.1334290255572135,2.5043478260869563,2.2776620209755136,67490.00000183529,4.867102103221396,4749000.0,
0.8260869565217391,1.0065085877995046,2.223913043478261,2.0226113259183593,67500.00000183587,5.0341919748319235,4750000.0,
0.8804347826086957,1.3193822250626936,2.9152173913043478,2.6513409462918087,67510.00000183645,5.079295860684469,4751000.0,
0.8804347826086957,1.1806552349554307,2.608695652173913,2.3725646051828266,67520.00000183703,4.922223229945383,4752000.0,
0.8043478260869565,1.1688486826058764,2.5826086956521737,2.348838959130998,67530.00000183762,5.373701064992153,4753000.0,
0.8043478260869565,1.1127675589454935,2.4586956521739127,2.2361421403848145,67540.0000018382,5.304519127468467,4754000.0,
0.8804347826086957,1.0596380733724993,2.341304347826087,2.1293767331515867,67550.00000183878,4.786253120493251,4755000.0,
0.8260869565217391,0.9592823784012876,2.119565217391304,1.9277087417110466,67560.00000183936,4.980181300297424,4756000.0,
0.8586956521739131,1.109815920858105,2.4521739130434783,2.230210728871857,67570.00000183994,4.966871705425744,4757000.0,
0.7717391304347826,0.9622340164886761,2.126086956521739,1.9336401532240037,67580.00000184053,5.335849711642939,4758000.0,
0.8586956521739131,1.1009610065959388,2.4326086956521737,2.212416494332986,67590.00000184111,4.957572311601508,4759000.0,
0.75,0.926814359440013,2.0478260869565217,1.862463215068519,67600.00000184169,5.4444452330170465,4760000.0,
0.8586956521739131,1.121622473207659,2.4782608695652173,2.2539363749236854,67610.00000184227,4.982646424617748,4761000.0,
0.782608695652174,1.0507831591103334,2.321739130434782,2.111582498612716,67620.00000184285,5.377109036775701,4762000.0,
0.8804347826086957,1.1245741112950476,2.484782608695652,2.2598677864366423,67630.00000184344,4.8639582499857585,4763000.0,
0.7934782608695652,0.9622340164886759,2.126086956521739,1.9336401532240037,67640.00000184402,5.192949719543323,4764000.0,
0.8152173913043478,1.1688486826058762,2.582608695652173,2.3488389591309984,67650.0000018446,5.308451717459297,4765000.0,
0.8478260869565217,1.080299539984219,2.38695652173913,2.1708966137422863,67660.00000184518,5.000350739593041,4766000.0,
0.8369565217391305,1.1334290255572135,2.504347826086956,2.277662020975513,67670.00000184576,5.129289225467208,4767000.0,
0.8804347826086957,1.2101716158293168,2.6739130434782608,2.431878720312397,67680.00000184635,4.963649242790257,4768000.0,
0.8043478260869565,0.9297659975274017,2.054347826086956,1.868394626581476,67690.00000184693,5.08511178084104,4769000.0,
0.7608695652173914,0.8559750453426871,1.8913043478260867,1.7201093387575495,67700.00000184751,5.2792786311606505,4770000.0,
0.8913043478260869,1.1954134253923736,2.641304347826087,2.4022216627476123,67710.0000018481,4.888022379827061,4771000.0,
0.7717391304347826,0.9474758260517331,2.093478260869565,1.9039830956592187,67720.00000184868,5.324613746570176,4772000.0,
0.8478260869565217,1.1275257493824362,2.4913043478260866,2.2657991979495993,67730.00000184926,5.059643191703968,4773000.0,
0.8478260869565217,0.9858471211877847,2.178260869565217,1.9810914453276598,67740.00000184984,4.893047886653896,4774000.0,
0.8804347826086957,1.1718003206932652,2.589130434782608,2.3547703706439553,67750.00000185042,4.923523821154449,4775000.0,
0.8152173913043478,0.9120561690030702,2.0152173913043474,1.8328061575037338,67760.000001851,4.999319567440198,4776000.0,
0.8586956521739131,1.2810109299266421,2.8304347826086955,2.574232596623367,67770.00000185159,5.1763646273795665,4777000.0,
0.782608695652174,1.0802995399842192,2.3869565217391306,2.1708966137422863,67780.00000185217,5.423713301226183,4778000.0,
0.8478260869565217,1.1186708351202703,2.471739130434783,2.248004963410728,67790.00000185275,5.052275856933387,4779000.0,
0.8043478260869565,0.9858471211877845,2.1782608695652175,1.98109144532766,67800.00000185333,5.1607802048515925,4780000.0,
0.7934782608695652,1.0153635020616705,2.243478260869565,2.040405560457231,67810.00000185391,5.269222495882434,4781000.0,
0.8695652173913043,0.968137292663453,2.139130434782609,1.9455029762499179,67820.0000018545,4.754355386684799,4782000.0,
0.8260869565217391,1.1039126446833278,2.439130434782608,2.218347905845943,67830.00000185508,5.169470570008089,4783000.0,
0.8804347826086957,1.074396263809442,2.373913043478261,2.159033790716372,67840.00000185566,4.817336497286662,4784000.0,
0.8804347826086957,1.1629454064310993,2.5695652173913035,2.336976136105085,67850.00000185624,4.918404659276721,4785000.0,
0.8586956521739131,1.1599937683437107,2.5630434782608695,2.331044724592127,67860.00000185682,5.039990211359202,4786000.0,
0.782608695652174,0.9002496166535158,1.9891304347826084,1.8090805114519057,67870.0000018574,5.198649510303908,4787000.0,
0.8043478260869565,1.1304773874698246,2.4978260869565214,2.2717306094625562,67880.00000185799,5.3449151304997855,4788000.0,
0.8478260869565217,0.9799438450130075,2.1652173913043478,1.9692286223017461,67890.00000185857,4.89377735578153,4789000.0,
0.8369565217391305,0.9976536735373389,2.2043478260869565,2.0048170913794885,67900.00000185915,4.979012181496104,4790000.0,
0.8369565217391305,1.0684929876346647,2.3608695652173908,2.1471709676904576,67910.00000185973,5.064170842495538,4791000.0,
0.7934782608695652,0.9563307403138986,2.1130434782608694,1.9217773301980898,67920.00000186032,5.2008524399814835,4792000.0,
0.8695652173913043,1.0655413495472763,2.3543478260869564,2.141239556177501,67930.0000018609,4.871870052101516,4793000.0,
0.8152173913043478,1.089154454246385,2.4065217391304343,2.1886908482811576,67940.00000186148,5.226160130672555,4794000.0,
0.8260869565217391,1.0566864352851106,2.3347826086956522,2.1234453216386298,67950.00000186206,5.118617790210615,4795000.0,
0.8478260869565217,1.0802995399842192,2.38695652173913,2.1708966137422867,67960.00000186265,5.015735354978552,4796000.0,
0.8695652173913043,1.0360249686733902,2.2891304347826087,2.08192544104793,67970.00000186323,4.839926214096664,4797000.0,
0.8478260869565217,1.0537347971977218,2.3282608695652174,2.117513910125673,67980.00000186381,4.985428222461205,4798000.0,
0.8695652173913043,1.0035569497121162,2.2173913043478257,2.0166799144054024,67990.00000186439,4.803587992291257,4799000.0,
0.8913043478260869,1.6870016927837643,2.778260869565217,2.4408605310084646,68000.00000186497,4.971712194277089,4800000.0,
0.8709677419354839,1.265357723831651,2.083870967741935,1.8307994229756057,68010.00000186556,5.058247757112766,4801000.0,
0.8494623655913979,1.2261825621031168,2.019354838709677,1.774118326289054,68020.00000186614,5.140693396017503,4802000.0,
0.8064516129032258,1.2065949812388501,1.9870967741935481,1.7457777779457786,68030.00000186672,5.391108443533444,4803000.0,
0.8172043010752689,1.2379351106216772,2.038709677419355,1.7911226552950192,68040.0000018673,5.359049543389652,4804000.0,
0.8387096774193549,1.2614402076587976,2.0774193548387094,1.8251313133069502,68050.00000186788,5.250176145154718,4805000.0,
0.8602150537634409,1.3123679179058918,2.161290322580645,1.8988167389994668,68060.00000186847,5.178625204688126,4806000.0,
0.8817204301075269,1.2457701429673838,2.051612903225806,1.8024588746323298,68070.00000186905,4.977273454948429,4807000.0,
0.7634408602150538,1.0459768181518603,1.7225806451612902,1.5133852815309181,68080.00000186963,5.487262592928589,4808000.0,
0.8602150537634409,1.4220583707457874,2.3419354838709676,2.0575238097218103,68090.00000187021,5.307640356114592,4809000.0,
0.8172043010752689,1.2496876591402375,2.058064516129032,1.8081269843009848,68100.0000018708,5.376588846182284,4810000.0,
0.7849462365591398,1.0420593019790068,1.7161290322580645,1.5077171718622633,68110.00000187138,5.33357965882002,4811000.0,
0.9032258064516129,1.4142233384000806,2.3290322580645157,2.0461875903845,68120.00000187196,5.047649648583615,4812000.0,
0.7634408602150538,1.2614402076587976,2.07741935483871,1.8251313133069502,68130.00000187254,5.7723061876350235,4813000.0,
0.8279569892473119,1.3006153693873317,2.141935483870968,1.8818124099935012,68140.00000187312,5.370351030686267,4814000.0,
0.8064516129032258,1.21834752975741,2.0064516129032253,1.7627821069517438,68150.0000018737,5.412081603696831,4815000.0,
0.8494623655913979,1.422058370745787,2.341935483870968,2.0575238097218107,68160.00000187429,5.378369980875743,4816000.0,
0.8279569892473119,1.3789656928444,2.270967741935484,1.995174603366604,68170.00000187487,5.466540382394247,4817000.0,
0.7634408602150538,1.0969045283989545,1.806451612903225,1.5870707072234351,68180.00000187545,5.559604523252576,4818000.0,
0.8494623655913979,1.2026774650659964,1.9806451612903222,1.7401096682771235,68190.00000187603,5.121630433683166,4819000.0,
0.8494623655913979,1.3084504017330385,2.1548387096774193,1.8931486293308117,68200.00000187661,5.2466542705190795,4820000.0,
0.8602150537634409,1.441645951610054,2.374193548387096,2.085864358065086,68210.0000018772,5.336410918869651,4821000.0,
0.8387096774193549,1.2810277885230645,2.1096774193548384,1.8534718616502257,68220.00000187778,5.28224851721134,4822000.0,
0.7849462365591398,1.1243271416089282,1.851612903225806,1.6267474749040205,68230.00000187836,5.444961975061261,4823000.0,
0.8279569892473119,1.284945304695918,2.116129032258064,1.8591399713188808,68240.00000187894,5.356619653851486,4824000.0,
0.8172043010752689,1.1752548518560226,1.935483870967742,1.7004329005965377,68250.00000187953,5.293401332006006,4825000.0,
0.7634408602150538,1.2888628208687714,2.1225806451612903,1.8648080809875363,68260.00000188011,5.815549892262598,4826000.0,
0.8172043010752689,1.3868007251901067,2.2838709677419353,2.0065108227039143,68270.00000188069,5.553319308585934,4827000.0,
0.8602150537634409,1.2771102723502115,2.1032258064516127,1.8478037519815707,68280.00000188127,5.148638191730289,4828000.0,
0.8602150537634409,1.2888628208687714,2.12258064516129,1.864808080987536,68290.00000188185,5.162800529383143,4829000.0,
0.8064516129032258,1.265357723831651,2.083870967741935,1.8307994229756055,68300.00000188244,5.478374244349355,4830000.0,
0.8387096774193549,1.0538118504975669,1.735483870967742,1.5247215008682287,68310.00000188302,5.015952591104283,4831000.0,
0.7956989247311828,1.1830898842017294,1.9483870967741936,1.711769119933848,68320.0000018836,5.450096746494912,4832000.0,
0.7956989247311828,1.2183475297574102,2.0064516129032253,1.7627821069517438,68330.00000188418,5.494947571314921,4833000.0,
0.8279569892473119,1.1948424327202898,1.967741935483871,1.7287734489398132,68340.00000188476,5.2529889123747315,4834000.0,
0.8387096774193549,1.1948424327202896,1.9677419354838712,1.7287734489398132,68350.00000188535,5.186155721190469,4835000.0,
0.8494623655913979,1.3006153693873317,2.1419354838709674,1.8818124099935014,68360.00000188593,5.245532017251821,4836000.0,
0.8709677419354839,1.3711306604986933,2.258064516129032,1.983838384029294,68370.00000188651,5.197468536250034,4837000.0,
0.7204301075268817,1.0303067534604466,1.6967741935483867,1.4907128428562981,68380.00000188709,5.8110198221149,4838000.0,
0.8709677419354839,1.4886561456842953,2.4516129032258065,2.1538816740889475,68390.00000188767,5.333392858747141,4839000.0,
0.7956989247311828,1.3123679179058916,2.1612903225806455,1.8988167389994666,68400.00000188826,5.616892113177422,4840000.0,
0.7956989247311828,1.1870074003745827,1.9548387096774191,1.7174372296025031,68410.00000188884,5.459884976279998,4841000.0,
0.8279569892473119,1.3241204664244521,2.1806451612903226,1.915821068005432,68420.00000188942,5.413285758277403,4842000.0,
0.8064516129032258,1.245770142967384,2.051612903225806,1.8024588746323298,68430.00000189,5.4610189774114,4843000.0,
0.8494623655913979,1.20659498123885,1.9870967741935481,1.7457777779457786,68440.00000189058,5.138900421077262,4844000.0,
0.7741935483870968,1.1008220445718078,1.8129032258064512,1.59273881689209,68450.00000189117,5.502447918820432,4845000.0,
0.8387096774193549,1.163502303337462,1.9161290322580646,1.6834285715905717,68460.00000189175,5.15442966949076,4846000.0,
0.8494623655913979,1.1478322386460489,1.8903225806451613,1.6607561329159515,68470.00000189233,5.071243015240256,4847000.0,
0.8064516129032258,1.2183475297574105,2.0064516129032257,1.7627821069517435,68480.00000189291,5.429681603697855,4848000.0,
0.8709677419354839,1.167419819510316,1.92258064516129,1.6890966812592274,68490.0000018935,4.969504237337799,4849000.0,
0.7956989247311828,1.2810277885230645,2.1096774193548384,1.8534718616502264,68500.00000189408,5.582910599223643,4850000.0,
0.7956989247311828,1.3789656928443996,2.270967741935484,1.995174603366604,68510.00000189466,5.7065352627626496,4851000.0,
0.7741935483870968,1.159584787164609,1.909677419354839,1.6777604619219169,68520.00000189524,5.582238683558582,4852000.0,
0.8387096774193549,1.1752548518560229,1.935483870967742,1.7004329005965377,68530.00000189582,5.172032067083611,4853000.0,
0.8279569892473119,1.1047395607446615,1.8193548387096774,1.5984069265607452,68540.0000018964,5.1545529760930835,4854000.0,
0.8387096774193549,1.2418526267945305,2.04516129032258,1.7967907649636745,68550.00000189699,5.252462747459072,4855000.0,
0.8172043010752689,1.4729860809928814,2.4258064516129028,2.1312092354143273,68560.00000189757,5.674046125556008,4856000.0,
0.8387096774193549,1.0812344637075408,1.780645161290323,1.5643982685488143,68570.00000189815,5.061982117111823,4857000.0,
0.8602150537634409,1.2888628208687714,2.1225806451612907,1.864808080987536,68580.00000189873,5.177300529383987,4858000.0,
0.7741935483870968,1.1478322386460484,1.8903225806451611,1.6607561329159515,68590.00000189932,5.57094719727789,4859000.0,
0.8387096774193549,0.9051690134658305,2.0,1.8189661973068336,68600.0000018999,5.222330657349894,4860000.0,
0.8387096774193549,1.118321716636816,2.4709677419354845,2.2473033986081203,68610.00000190048,5.108252816117361,4861000.0,
0.8709677419354839,1.0832829161155582,2.3935483870967738,2.176891803873662,68620.00000190106,4.87932236060098,4862000.0,
0.8602150537634409,1.042404315507424,2.3032258064516125,2.0947449433501277,68630.00000190164,4.893292516901567,4863000.0,
0.7311827956989247,0.9285282138133355,2.051612903225806,1.8659072604631393,68640.00000190223,5.601660645508491,4864000.0,
0.8387096774193549,1.1971590178096467,2.6451612903225805,2.4057294867606505,68650.00000190281,5.204302418797907,4865000.0,
0.8817204301075269,0.972326714464908,2.148387096774193,1.9539217538812117,68660.00000190339,4.695929078721687,4866000.0,
0.7741935483870968,1.1095620165065017,2.451612903225807,2.2297004999245056,68670.00000190397,5.525959271459012,4867000.0,
0.8602150537634409,1.0511640156377384,2.32258064516129,2.1123478420337425,68680.00000190455,4.905975668303203,4868000.0,
0.8494623655913979,0.9898461147255367,2.1870967741935488,1.9891275512484405,68690.00000190514,4.896398590878782,4869000.0,
0.8602150537634409,0.9723267144649079,2.148387096774193,1.9539217538812117,68700.00000190572,4.815327305689846,4870000.0,
0.7956989247311828,0.9402078139870882,2.0774193548387094,1.889377792041292,68710.0000019063,5.165934144739902,4871000.0,
0.8602150537634409,0.9986058148558514,2.206451612903226,2.0067304499320553,68720.00000190688,4.846876759894376,4872000.0,
0.8387096774193549,1.170879917418703,2.587096774193548,2.3529207907098075,68730.00000190747,5.177072209357661,4873000.0,
0.8494623655913979,1.097882416332749,2.4258064516129028,2.2062299683463538,68740.00000190805,5.026112211758306,4874000.0,
0.8172043010752689,0.9518874141608409,2.1032258064516127,1.912848323619445,68750.00000190863,5.046385914827908,4875000.0,
0.8817204301075269,1.1183217166368162,2.470967741935483,2.2473033986081203,68760.00000190921,4.866386825087671,4876000.0,
0.8817204301075269,1.045324215550862,2.309677419354838,2.1006125762446666,68770.0000019098,4.784084781173142,4877000.0,
0.8172043010752689,1.2117585180268373,2.6774193548387095,2.435067651233342,68780.00000191038,5.365965028769285,4878000.0,
0.8494623655913979,0.8759700130314486,1.9354838709677415,1.760289868361452,68790.00000191096,4.767405205340467,4879000.0,
0.9247311827956989,1.2555570186784095,2.774193548387097,2.5230821446514144,68800.00000191154,4.7903093342682155,4880000.0,
0.8064516129032258,1.1212416166802543,2.47741935483871,2.2531710315026583,68810.00000191212,5.326870271483205,4881000.0,
0.8602150537634409,0.9402078139870882,2.0774193548387094,1.889377792041292,68820.0000019127,4.7839890838847285,4882000.0,
0.8924731182795699,1.167960017375265,2.580645161290322,2.347053157815269,68830.00000191329,4.866747971396158,4883000.0,
0.8279569892473119,1.0511640156377382,2.3225806451612905,2.112347842033742,68840.00000191387,5.105429265770045,4884000.0,
0.8387096774193549,1.0336446153771093,2.283870967741935,2.0771420446665134,68850.00000191445,5.019599349231504,4885000.0,
0.8709677419354839,0.9840063146386606,2.1741935483870964,1.9773922854593644,68860.00000191503,4.777189966313381,4886000.0,
0.8494623655913979,1.165040117331827,2.574193548387097,2.341185524920731,68870.00000191561,5.111753555972793,4887000.0,
0.8709677419354839,0.8934894132920778,1.9741935483870967,1.7954956657286814,68880.0000019162,4.674250807977239,4888000.0,
0.8494623655913979,1.097882416332749,2.4258064516129028,2.2062299683463538,68890.00000191678,5.033707148467608,4889000.0,
0.8709677419354839,1.1796396175490174,2.6064516129032254,2.3705236893934223,68900.00000191736,5.003781289408104,4890000.0,
0.8387096774193549,1.1796396175490176,2.6064516129032254,2.370523689393422,68910.00000191794,5.19674723643665,4891000.0,
0.8817204301075269,1.2117585180268373,2.6774193548387095,2.435067651233342,68920.00000191852,4.980162709591442,4892000.0,
0.8817204301075269,1.0336446153771093,2.2838709677419358,2.0771420446665134,68930.0000019191,4.77864328341556,4893000.0,
0.8817204301075269,1.2555570186784095,2.774193548387096,2.5230821446514144,68940.00000191969,5.03081222862316,4894000.0,
0.8279569892473119,0.9168486136395827,2.0258064516129033,1.8424367288849866,68950.00000192027,4.9489184555648125,4895000.0,
0.8709677419354839,1.1124819165499396,2.458064516129032,2.235568132819044,68960.00000192085,4.92963726233526,4896000.0,
0.8172043010752689,1.0365645154205472,2.2903225806451615,2.083009677561052,68970.00000192143,5.1615828940016435,4897000.0,
0.9139784946236559,1.348993820068431,2.980645161290323,2.7108463972766357,68980.00000192202,4.957367356192711,4898000.0,
0.9032258064516129,1.1358411168974452,2.509677419354839,2.282509195975349,68990.0000019226,4.7808693319223945,4899000.0,
0.8064516129032258,0.9285282138133355,2.051612903225806,1.8659072604631393,69000.00000192318,5.09803898526215,4900000.0,
0.8494623655913979,1.2847560191127914,2.8387096774193554,2.5817584735967967,69010.00000192376,5.259773541614089,4901000.0,
0.8817204301075269,1.013205315073042,2.2387096774193544,2.036068614404746,69020.00000192435,4.759852369656325,4902000.0,
0.7956989247311828,0.9723267144649079,2.148387096774193,1.9539217538812124,69030.00000192493,5.223597087233303,4903000.0,
0.8602150537634409,1.2526371186349714,2.767741935483871,2.5172145117568765,69040.00000192551,5.158188150538534,4904000.0,
0.7849462365591398,0.8672103129011342,1.9161290322580644,1.7426869696778373,69050.00000192609,5.162333686436139,4905000.0,
0.8064516129032258,1.0336446153771095,2.2838709677419353,2.0771420446665134,69060.00000192667,5.231583323201416,4906000.0,
0.8494623655913979,1.0745232159852436,2.374193548387097,2.1592889051900475,69070.00000192726,5.015322267046392,4907000.0,
0.8709677419354839,1.264316718808724,2.7935483870967737,2.540685043335029,69080.00000192784,5.109892035299395,4908000.0,
0.8709677419354839,1.0453242155508617,2.3096774193548386,2.1006125762446657,69090.00000192842,4.858950025386075,4909000.0,
0.8172043010752689,1.0657635158549292,2.354838709677419,2.1416860065064327,69100.000001929,5.204155355059904,4910000.0,
0.8172043010752689,1.1241615167236925,2.483870967741936,2.259038664397197,69110.00000192958,5.276142382438816,4911000.0,
0.8279569892473119,0.8905695132486394,1.9677419354838706,1.789628032834143,69120.00000193017,4.926009931716525,4912000.0,
0.8387096774193549,1.3051953194168582,2.883870967741935,2.6228319038585632,69130.00000193075,5.357730316869476,4913000.0,
0.8817204301075269,1.062843615811491,2.3483870967741938,2.1358183736118947,69140.00000193133,4.822003125372223,4914000.0,
0.8817204301075269,1.1767197175055792,2.5999999999999996,2.364656056498884,69150.00000193191,4.951643094366766,4915000.0,
0.8602150537634409,1.0862028161589963,2.3999999999999995,2.1827594367682006,69160.0000019325,4.970708273910562,4916000.0,
0.8817204301075269,1.1329212168540068,2.5032258064516126,2.2766415630808114,69170.00000193308,4.9029447948473575,4917000.0,
0.8709677419354839,1.0365645154205474,2.2903225806451615,2.0830096775610514,69180.00000193366,4.853337036347826,4918000.0,
0.8709677419354839,1.1270814167671304,2.4903225806451608,2.264906297291735,69190.00000193424,4.957757676165535,4919000.0,
0.7849462365591398,1.2496876591402377,2.0580645161290323,1.8081269843009846,69200.00000193482,5.252390062996542,4920000.0,
0.8387096774193549,1.2261825621031168,2.0193548387096776,1.7741183262890543,69210.0000019354,5.267625362636664,4921000.0,
0.8387096774193549,1.1987599488931429,1.974193548387096,1.734441558608468,69220.00000193599,5.235441990476084,4922000.0,
0.8494623655913979,1.3280379825973057,2.1870967741935483,1.9214891776740874,69230.00000193657,5.321864966982583,4923000.0,
0.8279569892473119,1.3397905311158658,2.206451612903226,1.9384935066800528,69240.00000193715,5.474809342907174,4924000.0,
0.8387096774193549,1.3241204664244524,2.1806451612903226,1.9158210680054324,69250.00000193773,5.3864487613788885,4925000.0,
0.8064516129032258,1.1399972063003423,1.8774193548387097,1.6494199135786416,69260.00000193832,5.374127202613512,4926000.0,
0.8602150537634409,1.343708047288719,2.2129032258064516,1.944161616348708,69270.0000019389,5.275558105099185,4927000.0,
0.7526881720430108,1.0733994313618338,1.7677419354838704,1.5530620492115044,69280.00000193948,5.670656387524811,4928000.0,
0.7096774193548387,1.0969045283989547,1.8064516129032258,1.5870707072234351,69290.00000194006,6.048059411381687,4929000.0,
0.8602150537634409,1.3123679179058918,2.161290322580645,1.8988167389994668,69300.00000194064,5.240625204691735,4930000.0,
0.8064516129032258,1.1870074003745827,1.9548387096774196,1.717437229602503,69310.00000194123,5.435086509932392,4931000.0,
0.8172043010752689,1.2222650459302637,2.0129032258064514,1.7684502166203993,69320.00000194181,5.407242753705396,4932000.0,
0.8064516129032258,1.4338109192643473,2.361290322580645,2.074528138727776,69330.00000194239,5.742189540022429,4933000.0,
0.7956989247311828,1.245770142967384,2.0516129032258066,1.8024588746323293,69340.00000194297,5.584005720352255,4934000.0,
0.7956989247311828,1.0577293666704206,1.7419354838709675,1.5303896105368837,69350.00000194355,5.348224744735833,4935000.0,
0.8387096774193549,1.3006153693873317,2.141935483870968,1.8818124099935007,69360.00000194414,5.364064479014445,4936000.0,
0.8387096774193549,1.3358730149430122,2.2,1.9328253970113978,69370.00000194472,5.4066152615359915,4937000.0,
0.8817204301075269,1.3437080472887193,2.2129032258064516,1.9441616163487077,69380.0000019453,5.152251809853176,4938000.0,
0.8494623655913979,1.2026774650659964,1.9806451612903224,1.7401096682771235,69390.00000194588,5.182389927357589,4939000.0,
0.8387096774193549,1.351543079634426,2.225806451612903,1.955497835686018,69400.00000194646,5.426837261745074,4940000.0,
0.7849462365591398,1.2065949812388497,1.9870967741935481,1.7457777779457784,69410.00000194705,5.614426483086706,4941000.0,
0.7741935483870968,1.1439147224731954,1.883870967741935,1.6550880232472966,69420.00000194763,5.611998183335084,4942000.0,
0.8817204301075269,1.4259758869186403,2.348387096774193,2.0631919193904658,69430.00000194821,5.247994603579936,4943000.0,
0.7849462365591398,1.3789656928443996,2.270967741935484,1.995174603366604,69440.00000194879,5.835665882803461,4944000.0,
0.8602150537634409,1.2575226914859443,2.0709677419354837,1.819463203638295,69450.00000194937,5.184367628978983,4945000.0,
0.8602150537634409,1.4690685648200281,2.4193548387096775,2.1255411257456718,69460.00000194996,5.430789706729884,4946000.0,
0.8709677419354839,1.3672131443258395,2.2516129032258063,1.9781702743606386,69470.00000195054,5.247291634968316,4947000.0,
0.8387096774193549,1.2536051753130908,2.064516129032258,1.8137950939696401,69480.00000195112,5.314167709157054,4948000.0,
0.8064516129032258,1.1399972063003416,1.8774193548387097,1.6494199135786412,69490.0000019517,5.386393869280892,4949000.0,
0.8172043010752689,1.3789656928444,2.270967741935484,1.9951746033666038,69500.00000195228,5.608468545324561,4950000.0,
0.8172043010752689,1.4259758869186407,2.3483870967741933,2.0631919193904653,69510.00000195287,5.666520493336491,4951000.0,
0.8602150537634409,1.3084504017330385,2.1548387096774193,1.8931486293308117,69520.00000195345,5.247071092141434,4952000.0,
0.8924731182795699,1.2065949812388501,1.9870967741935486,1.7457777779457784,69530.00000195403,4.943772689944066,4953000.0,
0.8279569892473119,1.2379351106216772,2.0387096774193543,1.7911226552950197,69540.00000195461,5.367373575298218,4954000.0,
0.8709677419354839,1.2653577238316511,2.083870967741935,1.8307994229756055,69550.0000019552,5.134297139833244,4955000.0,
0.7849462365591398,1.2810277885230645,2.1096774193548384,1.853471861650226,69560.00000195578,5.717471018394472,4956000.0,
0.8064516129032258,1.214430013584557,1.9999999999999998,1.7571139972830887,69570.00000195636,5.482957216980234,4957000.0,
0.8924731182795699,1.3554605958072792,2.232258064516129,1.961165945354673,69580.00000195694,5.112983559279916,4958000.0,
0.9247311827956989,1.3750481766715463,2.2645161290322577,1.989506493697949,69590.00000195752,4.956270702797816,4959000.0,
0.7849462365591398,1.4142233384000806,2.3290322580645153,2.0461875903845,69600.0000019581,5.8893502805666875,4960000.0,
0.8709677419354839,1.2379351106216774,2.0387096774193543,1.7911226552950197,69610.00000195869,5.105774880221964,4961000.0,
0.8817204301075269,1.3789656928444,2.270967741935484,1.995174603366604,69620.00000195927,5.203946456642617,4962000.0,
0.7741935483870968,1.265357723831651,2.0838709677419356,1.830799422975605,69630.00000195985,5.780528726757101,4963000.0,
0.8817204301075269,1.2496876591402373,2.058064516129032,1.8081269843009846,69640.00000196043,5.058301857441611,4964000.0,
0.8924731182795699,1.3358730149430125,2.1999999999999997,1.9328253970113978,69650.00000196102,5.09440952289003,4965000.0,
0.8279569892473119,1.2301000782759703,2.0258064516129033,1.7797864359577091,69660.0000019616,5.364144250517403,4966000.0,
0.7634408602150538,1.139997206300342,1.8774193548387097,1.6494199135786412,69670.00000196218,5.699993523888857,4967000.0,
0.8387096774193549,1.1635023033374623,1.9161290322580644,1.6834285715905721,69680.00000196276,5.216993772058506,4968000.0,
0.8709677419354839,1.2261825621031168,2.019354838709677,1.774118326289054,69690.00000196334,5.096231830688538,4969000.0,
0.8602150537634409,1.2105124974117032,1.9935483870967736,1.7514458876144334,69700.00000196393,5.142218278368405,4970000.0,
0.8387096774193549,1.0655643990161272,1.7548387096774192,1.541725829874194,69710.00000196451,5.101760116906233,4971000.0,
0.8494623655913979,1.476903597165735,2.432258064516129,2.136877345082982,69720.00000196509,5.521921956286102,4972000.0,
0.8172043010752689,1.0655643990161274,1.7548387096774198,1.541725829874194,69730.00000196567,5.237069593666985,4973000.0,
0.7956989247311828,1.0185542049418863,1.6774193548387097,1.4737085138503327,69740.00000196625,5.320072176618768,4974000.0,
0.8064516129032258,1.4181408545729342,2.335483870967742,2.051855700053155,69750.00000196684,5.74515865980638,4975000.0,
0.8172043010752689,1.2888628208687711,2.12258064516129,1.8648080809875363,69760.00000196742,5.511895294092022,4976000.0,
0.8064516129032258,1.187007400374583,1.9548387096774196,1.7174372296025027,69770.000001968,5.459619843267154,4977000.0,
0.8387096774193549,1.39071824136296,2.290322580645161,2.0121789323725694,69780.00000196858,5.493033287909716,4978000.0,
0.8279569892473119,1.2065949812388497,1.9870967741935486,1.7457777779457784,69790.00000196917,5.342508224226208,4979000.0,
0.8709677419354839,1.007365514986166,2.225806451612903,2.02433334861567,69800.00000196975,5.245596375508752,4980000.0,
0.8172043010752689,1.1737998174621413,2.593548387096774,2.3587884236043455,69810.00000197033,5.373726092555115,4981000.0,
0.8494623655913979,1.1212416166802543,2.47741935483871,2.2531710315026587,69820.00000197091,5.108294561537666,4982000.0,
0.8064516129032258,1.0978824163327487,2.4258064516129028,2.2062299683463533,69830.0000019715,5.3523048630554655,4983000.0,
0.8709677419354839,1.1095620165065017,2.451612903225806,2.2297004999245056,69840.00000197208,4.969741574633596,4984000.0,
0.8172043010752689,1.1825595175924557,2.6129032258064515,2.3763913222879602,69850.00000197266,5.386550462451544,4985000.0,
0.8279569892473119,0.9460476140739646,2.0903225806451613,1.9011130578303683,69860.00000197324,5.03145750804026,4986000.0,
0.8387096774193549,1.0540839156811763,2.329032258064516,2.1182154749282804,69870.00000197382,5.0962769765201665,4987000.0,
0.8817204301075269,1.1212416166802543,2.47741935483871,2.2531710315026583,69880.0000019744,4.924332565384019,4988000.0,
0.8064516129032258,1.1358411168974452,2.5096774193548383,2.2825091959753494,69890.00000197499,5.402573651755875,4989000.0,
0.8924731182795699,1.0424043155074236,2.303225806451613,2.094744943350128,69900.00000197557,4.777631341595433,4990000.0,
0.8279569892473119,1.007365514986166,2.225806451612903,2.0243333486156696,69910.00000197615,5.1081141935577445,4991000.0,
0.8709677419354839,1.1066421164630633,2.445161290322581,2.2238328670299676,69920.00000197673,4.970339714090125,4992000.0,
0.8279569892473119,1.1270814167671304,2.490322580645161,2.264906297291735,69930.00000197731,5.2537450879166325,4993000.0,
0.8709677419354839,1.15920031724495,2.561290322580645,2.329450259131655,69940.0000019779,5.031671969308892,4994000.0,
0.8064516129032258,1.1446008170277597,2.5290322580645155,2.300112094658964,69950.00000197848,5.416635679917651,4995000.0,
0.8924731182795699,1.1066421164630635,2.4451612903225803,2.223832867029968,69960.00000197906,4.852500202907343,4996000.0,
0.8817204301075269,1.2380376184177808,2.735483870967742,2.487876347284186,69970.00000197964,5.061186567354884,4997000.0,
0.8709677419354839,1.0716033159418055,2.3677419354838705,2.15342127229551,69980.00000198022,4.933072943121446,4998000.0,
0.8817204301075269,1.0015257148992898,2.2129032258064516,2.0125980828265937,69990.0000019808,4.793923067022994,4999000.0,
0.8602150537634409,1.0365645154205472,2.290322580645161,2.0830096775610514,70000.00000198139,4.955003749304559,5000000.0,
0.8172043010752689,1.0248849152467947,2.2645161290322577,2.059539145982899,70010.00000198197,5.202027593792212,5001000.0,
0.8494623655913979,1.0716033159418055,2.367741935483871,2.1534212722955095,70020.00000198255,5.05998618218793,5002000.0,
0.8387096774193549,0.972326714464908,2.148387096774193,1.9539217538812117,70030.00000198314,5.007002364814068,5003000.0,
0.8817204301075269,1.2146784180702754,2.6838709677419357,2.4409352841278804,70040.00000198372,5.03810844988779,5004000.0,
0.8387096774193549,1.100802316376187,2.432258064516129,2.2120976012408913,70050.0000019843,5.161210454272448,5005000.0,
0.7634408602150538,1.0832829161155582,2.393548387096774,2.1768918038736627,70060.00000198488,5.6476776226621785,5006000.0,
0.8817204301075269,1.1621202172883884,2.567741935483871,2.3353178920261928,70070.00000198546,4.9799631733913445,5007000.0,
0.8494623655913979,0.9460476140739646,2.0903225806451617,1.9011130578303679,70080.00000198605,4.91521807745761,5008000.0,
0.7741935483870968,1.077443116028682,2.380645161290322,2.1651565380845863,70090.00000198663,5.56336124723531,5009000.0,
0.7849462365591398,0.8029725119454945,1.7741935483870968,1.6135990459979974,70100.00000198721,5.138030734537098,5010000.0,
0.8172043010752689,0.8759700130314485,1.9354838709677415,1.7602898683614523,70110.00000198779,5.025065937134266,5011000.0,
0.7956989247311828,0.9606471142911553,2.1225806451612903,1.9304512223030592,70120.00000198837,5.267837589721071,5012000.0,
0.7741935483870968,1.1592003172449503,2.561290322580645,2.329450259131655,70130.00000198896,5.671186521028674,5013000.0,
0.8924731182795699,1.1796396175490174,2.606451612903226,2.370523689393422,70140.00000198954,4.942967282437892,5014000.0,
0.8817204301075269,1.0482441155943003,2.3161290322580643,2.106480209139204,70150.00000199012,4.8547134482994965,5015000.0,
0.8817204301075269,1.0161252151164804,2.2451612903225806,2.0419362472992844,70160.0000019907,4.818773719708827,5016000.0,
0.8387096774193549,1.1708799174187028,2.587096774193548,2.3529207907098075,70170.00000199128,5.250918363208113,5017000.0,
0.9032258064516129,1.1124819165499393,2.458064516129032,2.2355681328190435,70180.00000199187,4.811674026779049,5018000.0,
0.8709677419354839,0.9752466145083459,2.154838709677419,1.95978938677575,70190.00000199245,4.832811545179929,5019000.0,
0.8172043010752689,0.9606471142911552,2.1225806451612903,1.930451222303059,70200.00000199303,5.133420811044446,5020000.0,
0.8709677419354839,1.0540839156811765,2.329032258064516,2.1182154749282804,70210.00000199361,4.924316100847557,5021000.0,
0.7741935483870968,0.849690912640505,1.8774193548387097,1.7074811723106085,70220.0000019942,5.2764035400815565,5022000.0,
0.8494623655913979,1.0570038157246147,2.3354838709677415,2.1240831078228193,70230.00000199478,5.053432340160716,5023000.0,
0.8494623655913979,0.9986058148558514,2.206451612903226,2.0067304499320553,70240.00000199536,4.985191655593721,5024000.0,
0.7849462365591398,1.0570038157246147,2.335483870967742,2.1240831078228184,70250.00000199594,5.469878833872619,5025000.0,
0.8494623655913979,1.1124819165499396,2.4580645161290318,2.2355681328190435,70260.00000199652,5.120260990499478,5026000.0,
0.8924731182795699,1.118321716636816,2.470967741935484,2.247303398608121,70270.0000019971,4.880526742861935,5027000.0,
0.8817204301075269,1.2876759191562293,2.8451612903225802,2.5876261064913346,70280.00000199769,5.132605615754248,5028000.0,
0.7956989247311828,1.0803630160721198,2.3870967741935485,2.171024170979124,70290.00000199827,5.427480547365251,5029000.0,
0.7849462365591398,0.8934894132920775,1.9741935483870965,1.795495665728681,70300.00000199885,5.264305691047766,5030000.0,
0.9032258064516129,1.1066421164630633,2.4451612903225803,2.2238328670299676,70310.00000199943,4.811399010016559,5031000.0,
0.8279569892473119,0.881809813118325,1.9483870967741934,1.7720251341505284,70320.00000200002,4.977767696497826,5032000.0,
0.8279569892473119,1.083282916115558,2.393548387096774,2.176891803873662,70330.0000020006,5.2216248208971106,5033000.0,
0.8602150537634409,1.0832829161155577,2.393548387096774,2.1768918038736627,70340.00000200118,5.0263138901134985,5034000.0,
0.8387096774193549,1.027804815290233,2.270967741935484,2.065406778877437,70350.00000200176,5.089559587593936,5035000.0,
0.8709677419354839,0.9781665145517844,2.161290322580645,1.965657019670288,70360.00000200234,4.844559084736464,5036000.0,
0.7741935483870968,0.9226884137264594,2.0387096774193543,1.854171994674063,70370.00000200293,5.379025312318066,5037000.0,
0.7634408602150538,1.0570038157246144,2.3354838709677415,2.124083107822819,70380.00000200351,5.631283871446922,5038000.0,
0.8602150537634409,1.1562804172015122,2.5548387096774188,2.3235826262371164,70390.00000200409,5.113673485126067,5039000.0,
0.8172043010752689,1.5513364044499496,2.5548387096774188,2.244571428787429,70400.00000200467,5.383340510659047,5040000.0,
0.8602150537634409,1.3632956281529864,2.2451612903225806,1.9725021646919834,70410.00000200525,5.355328667857213,5041000.0,
0.8817204301075269,1.3868007251901067,2.2838709677419358,2.0065108227039143,70420.00000200584,5.2518569201589225,5042000.0,
0.8279569892473119,1.2183475297574098,2.0064516129032257,1.7627821069517438,70430.00000200642,5.389949613997313,5043000.0,
0.7849462365591398,1.2183475297574102,2.0064516129032253,1.7627821069517444,70440.000002007,5.68583726407939,5044000.0,
0.7741935483870968,1.3554605958072794,2.2322580645161287,1.9611659453546728,70450.00000200758,5.942467158617161,5045000.0,
0.9032258064516129,1.316285434078745,2.1677419354838707,1.9044848486681216,70460.00000200816,5.050646968805764,5046000.0,
0.8172043010752689,1.1556672709917555,1.903225806451613,1.672092352253262,70470.00000200875,5.3862744238499545,5047000.0,
0.7956989247311828,1.0420593019790068,1.7161290322580642,1.5077171718622628,70480.00000200933,5.389612366140719,5048000.0,
0.8602150537634409,1.1909249165474363,1.9612903225806453,1.723105339271158,70490.00000200991,5.1589477156159935,5049000.0,
0.8924731182795699,1.1830898842017294,1.9483870967741934,1.7117691199338478,70500.00000201049,4.964182641459411,5050000.0,
0.8064516129032258,1.2301000782759701,2.025806451612903,1.7797864359577091,70510.00000201107,5.5525214305338375,5051000.0,
0.8279569892473119,1.2849453046959178,2.116129032258064,1.8591399713188808,70520.00000201166,5.47506121229994,5052000.0,
0.7741935483870968,1.1635023033374623,1.9161290322580637,1.6834285715905724,70530.00000201224,5.698965475288351,5053000.0,
0.8172043010752689,1.4690685648200281,2.4193548387096775,2.1255411257456718,70540.00000201282,5.773462849192661,5054000.0,
0.7956989247311828,1.198759948893143,1.974193548387097,1.7344415586084683,70550.0000020134,5.590330746722219,5055000.0,
0.7956989247311828,1.0655643990161272,1.7548387096774192,1.5417258298741943,70560.00000201399,5.4234768799849205,5056000.0,
0.8387096774193549,1.3828832090172534,2.2774193548387096,2.000842713035259,70570.00000201457,5.524204339089629,5057000.0,
0.7956989247311828,1.2144300135845565,1.9999999999999998,1.757113997283089,70580.00000201515,5.611645828023685,5058000.0,
0.7956989247311828,1.2575226914859443,2.0709677419354837,1.819463203638295,70590.00000201573,5.666343382683568,5059000.0,
0.8064516129032258,1.3241204664244521,2.1806451612903226,1.9158210680054324,70600.00000201631,5.673906711838234,5060000.0,
0.7526881720430108,1.1556672709917557,1.9032258064516125,1.6720923522532618,70610.0000020169,5.855955088751846,5061000.0,
0.8279569892473119,1.1752548518560229,1.9354838709677415,1.7004329005965375,70620.00000201748,5.347772743285822,5062000.0,
0.8817204301075269,1.351543079634426,2.225806451612903,1.955497835686018,70630.00000201806,5.222113492882953,5063000.0,
0.8064516129032258,1.1830898842017292,1.9483870967741934,1.711769119933848,70640.00000201864,5.501162123215516,5064000.0,
0.8387096774193549,1.3868007251901062,2.2838709677419358,2.006510822703914,70650.00000201922,5.532977787860065,5065000.0,
0.7956989247311828,1.2065949812388497,1.9870967741935486,1.7457777779457788,70660.0000020198,5.606123422508386,5066000.0,
0.8404255319148937,1.2790273547326716,2.106382978723404,1.8505775077768702,70670.00000202039,5.35327052348457,5067000.0,
0.8723404255319149,1.3371649617659747,2.202127659574468,1.9346946672212737,70680.00000202097,5.22455251727334,5068000.0,
0.7872340425531915,1.092987012226101,1.8000000000000003,1.5814025975547799,70690.00000202155,5.479737556211731,5069000.0,
0.8936170212765957,1.3216615998904273,2.1765957446808506,1.912263424702766,70700.00000202213,5.083761790477584,5070000.0,
0.851063829787234,1.19375886441716,1.9659574468085108,1.7272056739250785,70710.00000202272,5.188164165820401,5071000.0,
0.7978723404255319,1.0774836503505536,1.7744680851063828,1.5589713550362725,70720.0000020233,5.388843508578314,5072000.0,
0.8085106382978723,1.1666279811349518,1.9212765957446811,1.6879509995176905,70730.00000202388,5.42872145048828,5073000.0,
0.7978723404255319,1.259648152388237,2.074468085106383,1.8225384546287358,70740.00000202446,5.618223017798939,5074000.0,
0.7872340425531915,1.3022823975459927,2.1446808510638293,1.8842243715546316,70750.00000202504,5.7488425051317815,5075000.0,
0.7978723404255319,1.294530716608219,2.131914893617021,1.8730087502953776,70760.00000202563,5.663009164954712,5076000.0,
0.851063829787234,1.4805710591147894,2.4382978723404256,2.142183660517468,70770.00000202621,5.528168494590291,5077000.0,
0.8829787234042553,1.3720475259859568,2.259574468085107,1.985164962887915,70780.00000202679,5.205930933170065,5078000.0,
0.7872340425531915,1.0270977242550239,1.6914893617021274,1.4860698168511233,70790.00000202737,5.4014457579785145,5079000.0,
0.8404255319148937,1.271275673794898,2.0936170212765957,1.8393618865176162,70800.00000202795,5.350629282875451,5080000.0,
0.8297872340425532,1.321661599890427,2.1765957446808515,1.9122634247027654,70810.00000202854,5.4804614153864435,5081000.0,
0.776595744680851,1.1123662145705355,1.8319148936170209,1.6094416507029146,70820.00000202912,5.5868797832887,5082000.0,
0.8297872340425532,1.3332891212970879,2.195744680851064,1.9290868565916466,70830.0000020297,5.495499710415043,5083000.0,
0.8191489361702128,1.3022823975459925,2.14468085106383,1.8842243715546314,70840.00000203028,5.529536952984062,5084000.0,
0.8191489361702128,1.2480206309815762,2.05531914893617,1.8057150227398548,70850.00000203087,5.46381479639896,5085000.0,
0.851063829787234,1.356544164110409,2.234042553191489,1.9627337203694075,70860.00000203145,5.386936892960407,5086000.0,
0.8936170212765957,1.2480206309815762,2.0553191489361695,1.805715022739855,70870.00000203203,5.009449277651483,5087000.0,
0.8829787234042553,1.3526683236415222,2.227659574468085,1.9571259097397806,70880.00000203261,5.1888026799127935,5088000.0,
0.8297872340425532,1.2829031952015582,2.112765957446809,1.8561853184064971,70890.0000020332,5.437855132812917,5089000.0,
0.7446808510638298,1.1860071834793864,1.9531914893617022,1.7159900526658247,70900.00000203378,5.929778217964653,5090000.0,
0.7978723404255319,1.1046145336327615,1.8191489361702127,1.5982260294436605,70910.00000203436,5.432980882292604,5091000.0,
0.7872340425531915,1.0697319694127796,1.7617021276595741,1.5477557337770187,70920.00000203494,5.462629799125262,5092000.0,
0.8297872340425532,1.3177857594215403,2.1702127659574466,1.9066556140731383,70930.00000203552,5.481944376873016,5093000.0,
0.8617021276595744,1.3759233664548434,2.2659574468085104,1.9907727735175418,70940.0000020361,5.346871561200346,5094000.0,
0.8617021276595744,1.2673998333260106,2.0872340425531912,1.8337540758879896,70950.00000203669,5.221424498063211,5095000.0,
0.7872340425531915,1.2247655881682549,2.0170212765957443,1.7720681589620937,70960.00000203727,5.6617265580850455,5096000.0,
0.8404255319148937,1.3139099189526533,2.163829787234043,1.901047803443512,70970.00000203785,5.409966232810496,5097000.0,
0.8297872340425532,1.120117895508309,1.8446808510638295,1.6206572719621677,70980.00000203843,5.2462933613879885,5098000.0,
0.851063829787234,1.321661599890427,2.1765957446808506,1.9122634247027654,70990.00000203901,5.352449880002307,5099000.0,
0.8297872340425532,0.8810953694906754,1.9468085106382982,1.7705894367401627,71000.0000020396,5.322053157095816,5100000.0,
0.8723404255319149,1.1902009581316664,2.629787234042553,2.3917470424162195,71010.00000204018,5.072179147254459,5101000.0,
0.8829787234042553,1.0602032806658288,2.3425531914893614,2.130512535356196,71020.00000204076,4.8643241975069795,5102000.0,
0.7872340425531915,0.9070949049838427,2.0042553191489363,1.8228363381521675,71030.00000204134,5.261982717283444,5103000.0,
0.8617021276595744,1.1497572362534056,2.540425531914893,2.3104740846642127,71040.00000204192,5.0893454347940255,5104000.0,
0.776595744680851,1.0602032806658288,2.3425531914893614,2.130512535356196,71050.0000020425,5.532313813603921,5105000.0,
0.851063829787234,1.0630921179428474,2.348936170212766,2.136317746624196,71060.00000204309,5.052130738714104,5106000.0,
0.851063829787234,1.0399814197266983,2.2978723404255312,2.089876056480192,71070.00000204367,5.025475668310158,5107000.0,
0.8191489361702128,0.8782065322136564,1.9404255319148938,1.7647842254721622,71080.00000204425,5.024301481020637,5108000.0,
0.851063829787234,1.0024265351254567,2.214893617021277,2.0144083099961847,71090.00000204484,4.982348678903756,5109000.0,
0.8723404255319149,1.3433093338136524,2.9680851063829787,2.699423239620248,71100.00000204542,5.25208387059748,5110000.0,
0.7872340425531915,1.0746474670509216,2.374468085106383,2.159538591696198,71110.000002046,5.479144079909445,5111000.0,
0.8829787234042553,1.0226483960645867,2.259574468085106,2.0550447888721886,71120.00000204658,4.826611436633564,5112000.0,
0.8297872340425532,1.03709258244968,2.2914893617021277,2.0840708452121914,71130.00000204716,5.153929522574191,5113000.0,
0.8297872340425532,1.117980026206201,2.470212765957447,2.2466167607162064,71140.00000204775,5.251922082998746,5114000.0,
0.851063829787234,1.1728679344695547,2.5914893617021275,2.3569157748082166,71150.00000204833,5.185617323133247,5115000.0,
0.8723404255319149,0.9764269996322892,2.1574468085106386,1.9621614085841805,71160.00000204891,4.834438267999501,5116000.0,
0.8723404255319149,1.1642014226384987,2.572340425531914,2.3395001410042147,71170.00000204949,5.050179679738355,5117000.0,
0.8617021276595744,1.1642014226384985,2.5723404255319156,2.3395001410042147,71180.00000205007,5.113021404179598,5118000.0,
0.851063829787234,1.1959786326857034,2.6425531914893616,2.403357464952221,71190.00000205066,5.214772393537338,5119000.0,
0.8085106382978723,1.0804251416049588,2.387234042553191,2.1711490142321987,71200.00000205124,5.346838991071045,5120000.0,
0.8085106382978723,0.9735381623552708,2.1510638297872338,1.9563561973161794,71210.00000205182,5.215162990420146,5121000.0,
0.851063829787234,1.1642014226384985,2.572340425531915,2.3395001410042147,71220.0000020524,5.17893417173196,5122000.0,
0.8829787234042553,1.2537553782260755,2.7702127659574467,2.519461690312231,71230.00000205298,5.0936482598047155,5123000.0,
0.8936170212765957,1.0602032806658288,2.3425531914893614,2.1305125353561962,71240.00000205357,4.816891766584887,5124000.0,
0.8617021276595744,1.3057544492124105,2.8851063829787233,2.623955493136241,71250.00000205415,5.280749607858167,5125000.0,
0.8829787234042553,1.0630921179428472,2.3489361702127654,2.136317746624196,71260.00000205473,4.879162157797288,5126000.0,
0.8723404255319149,1.0486479315577542,2.317021276595744,2.1072916902841934,71270.00000205531,4.922593970450957,5127000.0,
0.8617021276595744,1.1122023516521635,2.4574468085106385,2.2350063381802054,71280.0000020559,5.057615074887102,5128000.0,
0.8297872340425532,1.1584237480844615,2.5595744680851067,2.327889718468214,71290.00000205648,5.308354260647355,5129000.0,
0.8617021276595744,1.1035358398211077,2.4382978723404256,2.2175907043762035,71300.00000205706,5.0485452957251935,5130000.0,
0.8404255319148937,1.0630921179428474,2.348936170212766,2.136317746624196,71310.00000205764,5.128739988571981,5131000.0,
0.8404255319148937,1.0110930469565125,2.234042553191489,2.0318239438001866,71320.00000205822,5.06737400537308,5132000.0,
0.8723404255319149,0.9504274641391215,2.1,1.9099145071721757,71330.0000020588,4.812926605361475,5133000.0,
0.8297872340425532,1.0948693279900523,2.4191489361702128,2.2001750705722025,71340.00000205939,5.234327138995267,5134000.0,
0.8191489361702128,1.1439795616993684,2.5276595744680845,2.2988636621282112,71350.00000205997,5.362777646887128,5135000.0,
0.7659574468085106,0.9793158369093078,2.163829787234042,1.9679666198521806,71360.00000206055,5.520770676111742,5136000.0,
0.7553191489361702,0.9186502540919171,2.029787234042553,1.8460571832241697,71370.00000206113,5.5187735759889165,5137000.0,
0.8297872340425532,1.065980955219866,2.35531914893617,2.1421229578921968,71380.00000206172,5.201564228221058,5138000.0,
0.8297872340425532,1.0746474670509216,2.374468085106383,2.159538591696198,71390.0000020623,5.212521306581591,5139000.0,
0.8617021276595744,1.1353130498683126,2.508510638297872,2.2814480283242093,71400.00000206288,5.090360823434582,5140000.0,
0.8191489361702128,1.0110930469565125,2.234042553191489,2.0318239438001866,71410.00000206346,5.203669434084342,5141000.0,
0.8191489361702128,0.9793158369093078,2.163829787234042,1.9679666198521808,71420.00000206404,5.165395956883889,5142000.0,
0.8297872340425532,0.9215390913689356,2.036170212765958,1.8518623944921702,71430.00000206463,5.0300573666572665,5143000.0,
0.8723404255319149,1.109313514375145,2.4510638297872336,2.2292011269122045,71440.00000206521,5.000430126364058,5144000.0,
0.8829787234042553,0.9879823487403635,2.182978723404255,1.9853822536561825,71450.00000206579,4.803254708339586,5145000.0,
0.8723404255319149,1.1237577007602382,2.4829787234042553,2.2582271832522074,71460.00000206637,5.017963705878734,5146000.0,
0.776595744680851,0.7857637393490611,1.7361702127659573,1.5790174648961455,71470.00000206695,5.201939609717916,5147000.0,
0.851063829787234,1.0688697924968846,2.3617021276595747,2.1479281691601972,71480.00000206754,5.079919506316321,5148000.0,
0.851063829787234,1.16131258536148,2.5659574468085102,2.333694929736214,71490.00000206812,5.189039787932249,5149000.0,
0.8617021276595744,0.9215390913689356,2.036170212765957,1.8518623944921704,71500.0000020687,4.847215735793618,5150000.0,
0.8404255319148937,1.0890916534360149,2.4063829787234043,2.188564648036201,71510.00000206928,5.16980272700748,5151000.0,
0.8404255319148937,1.0717586297739032,2.368085106382978,2.153733380428198,71520.00000206986,5.1496849520171475,5152000.0,
0.8617021276595744,1.1006470025440893,2.4319148936170207,2.211785493108203,71530.00000207045,5.056550842589561,5153000.0,
0.851063829787234,1.1382018871453312,2.5148936170212766,2.28725323959221,71540.00000207103,5.16438471752842,5154000.0,
0.8085106382978723,0.970649325078252,2.1446808510638293,1.9505509860481796,71550.00000207161,5.229484691683822,5155000.0,
0.8297872340425532,1.0602032806658286,2.3425531914893614,2.1305125353561953,71560.0000020722,5.203832158887243,5156000.0,
0.9042553191489362,1.1208688634832196,2.476595744680851,2.2524219719842073,71570.00000207277,4.842840860918141,5157000.0,
0.776595744680851,1.1555349108074426,2.553191489361702,2.322084507200213,71580.00000207336,5.6841107072126205,5158000.0,
0.851063829787234,1.0428702570037172,2.3042553191489357,2.0956812677481924,71590.00000207394,5.054870052112168,5159000.0,
0.8085106382978723,1.3836750473926172,2.278723404255319,2.001988394776796,71600.00000207452,5.307150017800222,5160000.0,
0.8191489361702128,1.3371649617659744,2.202127659574468,1.9346946672212735,71610.0000020751,5.61212086255364,5161000.0,
0.7872340425531915,1.1821313430104992,1.9468085106382975,1.7103822420361985,71620.00000207569,5.643245219643486,5162000.0,
0.8191489361702128,1.1782555025416126,1.9404255319148933,1.7047744314065711,71630.00000207627,5.419166457786298,5163000.0,
0.8404255319148937,1.2053863858238205,1.9851063829787228,1.7440291058139594,71640.00000207685,5.314761016178163,5164000.0,
0.8297872340425532,1.3100340784837665,2.157446808510638,1.8954399928138848,71650.00000207743,5.509525684462975,5165000.0,
0.8404255319148937,1.1821313430104996,1.946808510638298,1.7103822420361985,71660.00000207801,5.288103117134523,5166000.0,
0.7872340425531915,1.0542286075372322,1.736170212765957,1.525324491258511,71670.0000020786,5.483476879988413,5167000.0,
0.851063829787234,1.2790273547326718,2.106382978723404,1.85057750777687,71680.00000207918,5.336854641943953,5168000.0,
0.851063829787234,1.1356212573838569,1.8702127659574461,1.6430885144806753,71690.00000207976,5.168852477559123,5169000.0,
0.8085106382978723,1.1433729383216304,1.882978723404255,1.654304135739929,71700.00000208034,5.451011265958986,5170000.0,
0.8936170212765957,1.5309569852103182,2.52127659574468,2.2150851987026177,71710.00000208092,5.3660685311954985,5171000.0,
0.7340425531914894,1.2247655881682549,2.0170212765957447,1.772068158962094,71720.0000020815,6.1160545695430475,5172000.0,
0.7340425531914894,1.0503527670683452,1.7297872340425526,1.5197166806288847,71730.00000208209,5.8790284074649435,5173000.0,
0.8191489361702128,1.1821313430104996,1.9468085106382975,1.7103822420361985,71740.00000208267,5.429612289008388,5174000.0,
0.851063829787234,1.197634704886047,1.9723404255319146,1.7328134845547056,71750.00000208325,5.244718278374371,5175000.0,
0.8829787234042553,1.294530716608219,2.131914893617021,1.8730087502953776,71760.00000208383,5.1653697273715204,5176000.0,
0.776595744680851,1.1588763001971782,1.9085106382978718,1.676735378258437,71770.00000208442,5.6988242771123385,5177000.0,
0.851063829787234,1.3759233664548436,2.2659574468085104,1.9907727735175418,71780.000002085,5.455707455717795,5178000.0,
0.8829787234042553,1.2906548761393322,2.125531914893617,1.867400939665751,71790.00000208558,5.162426004430938,5179000.0,
0.8617021276595744,1.290654876139332,2.1255319148936165,1.8674009396657507,71800.00000208616,5.290387140342841,5180000.0,
0.8297872340425532,1.1860071834793862,1.9531914893617017,1.7159900526658247,71810.00000208674,5.3682625033043285,5181000.0,
0.7978723404255319,1.2092622262927075,1.9914893617021276,1.7496369164435863,71820.00000208733,5.612672657095895,5182000.0,
0.8191489361702128,1.3371649617659744,2.202127659574468,1.9346946672212735,71830.00000208791,5.623549433982877,5183000.0,
0.8297872340425532,1.3797992069237304,2.272340425531915,1.9963805841471685,71840.00000208849,5.603345198224525,5184000.0,
0.8617021276595744,1.329413280828201,2.1893617021276595,1.9234790459620197,71850.00000208907,5.337835165537475,5185000.0,
0.7978723404255319,1.1046145336327615,1.8191489361702124,1.5982260294436608,71860.00000208966,5.48364754896222,5186000.0,
0.8829787234042553,1.3410408022348617,2.2085106382978728,1.9403024778509004,71870.00000209024,5.223345005069473,5187000.0,
0.8404255319148937,1.3332891212970877,2.1957446808510634,1.9290868565916461,71880.00000209082,5.479100979906555,5188000.0,
0.8297872340425532,1.3100340784837663,2.157446808510638,1.8954399928138852,71890.0000020914,5.521833376771384,5189000.0,
0.8617021276595744,1.4030542497370515,2.31063829787234,2.03002744792493,71900.00000209198,5.425764191184927,5190000.0,
0.7978723404255319,1.2286414286371419,2.0234042553191487,1.7776759695917206,71910.00000209257,5.6417612573678655,5191000.0,
0.8085106382978723,1.1821313430104992,1.9468085106382975,1.7103822420361978,71920.00000209315,5.510528240180104,5192000.0,
0.7978723404255319,1.1821313430104994,1.9468085106382982,1.710382242036198,71930.00000209373,5.584535283382536,5193000.0,
0.8723404255319149,1.3061582380148797,2.151063829787234,1.8898321821842583,71940.00000209431,5.250471638830541,5194000.0,
0.8829787234042553,1.4418126544259202,2.3744680851063826,2.0861055542211995,71950.0000020949,5.341327584659571,5195000.0,
0.7978723404255319,1.2751515142637844,2.0999999999999996,1.8449696971472433,71960.00000209548,5.702720564686746,5196000.0,
0.8297872340425532,1.1743796620727256,1.9340425531914889,1.6991666207769442,71970.00000209606,5.362454977507036,5197000.0,
0.8617021276595744,1.1627521406660648,1.9148936170212763,1.682343188888064,71980.00000209664,5.15084569423858,5198000.0,
0.851063829787234,1.2092622262927075,1.9914893617021276,1.7496369164435868,71990.00000209722,5.270380616027896,5199000.0,
0.8617021276595744,1.3100340784837665,2.1574468085106377,1.8954399928138852,72000.0000020978,5.322753128249303,5200000.0,
0.851063829787234,1.3526683236415222,2.2276595744680847,1.957125909739781,72010.00000209839,5.439882780412811,5201000.0,
0.8723404255319149,1.4108059306748253,2.3234042553191485,2.041243069184184,72020.00000209897,5.374336067001924,5202000.0,
0.8191489361702128,1.3953025687992782,2.2978723404255317,2.0188118266656767,72030.00000209955,5.7049122269851775,5203000.0,
0.8404255319148937,1.251896471450463,2.0617021276595744,1.811322833369482,72040.00000210013,5.390355295279397,5204000.0,
0.8191489361702128,1.1860071834793864,1.9531914893617022,1.7159900526658254,72050.00000210071,5.450447730620696,5205000.0,
0.8829787234042553,1.2945307166082192,2.131914893617021,1.8730087502953776,72060.0000021013,5.1798275586976645,5206000.0,
0.8404255319148937,1.2557723119193498,2.068085106382979,1.8169306439991089,72070.00000210188,5.396486042166515,5207000.0,
0.8404255319148937,1.3410408022348614,2.2085106382978723,1.9403024778509004,72080.00000210246,5.498451081276141,5208000.0,
0.925531914893617,1.4456884948948068,2.380851063829787,2.0917133648508264,72090.00000210304,5.106373776216693,5209000.0,
0.7978723404255319,1.2053863858238207,1.9851063829787234,1.7440291058139592,72100.00000210362,5.62274827037576,5210000.0,
0.776595744680851,1.1433729383216304,1.882978723404255,1.6543041357399288,72110.0000021042,5.697491180999704,5211000.0,
0.8723404255319149,1.4185576116125993,2.336170212765957,2.052458690443438,72120.00000210479,5.388100189052826,5212000.0,
0.776595744680851,1.0387252456616847,1.7106382978723402,1.502893248740004,72130.00000210537,5.56383524798559,5213000.0,
0.7872340425531915,1.263523992857124,2.0808510638297877,1.8281462652583624,72140.00000210595,5.774743991071916,5214000.0,
0.8404255319148937,1.2325172691060287,2.029787234042553,1.7832837802213475,72150.00000210654,5.372866117806596,5215000.0,
0.8085106382978723,1.100738693163875,1.8127659574468082,1.5926182188140332,72160.00000210712,5.422489962738961,5216000.0,
0.851063829787234,1.1588763001971782,1.9085106382978718,1.676735378258437,72170.0000021077,5.220177152866173,5217000.0,
0.8297872340425532,1.4301851330192599,2.35531914893617,2.0692821223323183,72180.00000210828,5.681502596340665,5218000.0,
0.8191489361702128,0.9379533934706256,1.54468085106383,1.3570901723697046,72190.00000210886,5.154901545415618,5219000.0,
0.776595744680851,0.8868730440447125,1.959574468085106,1.7821998592761639,72200.00000210945,5.762312387149366,5220000.0,
0.8191489361702128,0.990871186017382,2.1893617021276595,1.9911874649241827,72210.00000211003,5.220541448005225,5221000.0,
0.8723404255319149,1.0457590942807358,2.31063829787234,2.1014864790161933,72220.00000211061,4.965623839916584,5222000.0,
0.8829787234042553,1.2190893309018522,2.6936170212765957,2.449799155096225,72230.00000211119,5.102580688139122,5223000.0,
0.851063829787234,1.103535839821108,2.4382978723404256,2.217590704376204,72240.00000211177,5.158652111924495,5224000.0,
0.8085106382978723,1.0255372333416057,2.2659574468085104,2.06085000014019,72250.00000211236,5.3342144729590615,5225000.0,
0.7978723404255319,1.065980955219866,2.3553191489361707,2.1421229578921968,72260.00000211294,5.456560130685967,5226000.0,
0.8191489361702128,0.9533163014161404,2.106382978723404,1.9157197184401755,72270.00000211352,5.177812108362332,5227000.0,
0.7978723404255319,0.9822046741863263,2.1702127659574466,1.9737718311201815,72280.0000021141,5.352627191790658,5228000.0,
0.8723404255319149,1.2508665409490571,2.7638297872340427,2.513656479044231,72290.00000211468,5.204161644634127,5229000.0,
0.8404255319148937,1.1353130498683124,2.5085106382978717,2.2814480283242093,72300.00000211527,5.264800337954567,5230000.0,
0.851063829787234,0.9995376978484382,2.208510638297872,2.0086030987281847,72310.00000211585,5.039954295106812,5231000.0,
0.8297872340425532,1.2739772391652056,2.814893617021277,2.5600981691882354,72320.00000211643,5.5004315447733765,5232000.0,
0.9148936170212766,1.3144209610434663,2.904255319148935,2.6413711269402422,72330.00000211701,5.033434538940491,5233000.0,
0.7978723404255319,0.9446497895850845,2.0872340425531912,1.8983040846361743,72340.0000021176,5.308758403090621,5234000.0,
0.8617021276595744,1.138201887145331,2.5148936170212766,2.2872532395922103,72350.00000211818,5.140626881511879,5235000.0,
0.8404255319148937,0.9128725795378797,2.0170212765957447,1.8344467606881687,72360.00000211876,5.003162309966633,5236000.0,
0.7978723404255319,1.0804251416049588,2.387234042553191,2.171149014232199,72370.00000211934,5.48053017762229,5237000.0,
0.851063829787234,1.1122023516521637,2.4574468085106385,2.235006338180205,72380.00000211992,5.175835263326393,5238000.0,
0.8936170212765957,1.1613125853614799,2.5659574468085107,2.333694929736214,72390.0000021205,4.984799798033207,5239000.0,
0.9042553191489362,1.190200958131666,2.629787234042553,2.3917470424162195,72400.00000212109,4.9585728244139915,5240000.0,
0.8404255319148937,0.9908711860173823,2.1893617021276595,1.9911874649241827,72410.00000212167,5.098502424005683,5241000.0,
0.7978723404255319,0.9533163014161403,2.106382978723404,1.915719718440176,72420.00000212225,5.323887097919126,5242000.0,
0.9042553191489362,1.2190893309018522,2.6936170212765957,2.4497991550962253,72430.00000212283,4.991931730771691,5243000.0,
0.8723404255319149,0.9937600232944008,2.195744680851064,1.9969926761921832,72440.00000212342,4.916746856103605,5244000.0,
0.8297872340425532,1.080425141604959,2.3872340425531915,2.171149014232199,72450.000002124,5.273843119508852,5245000.0,
0.776595744680851,0.9446497895850845,2.0872340425531912,1.8983040846361743,72460.00000212458,5.460779181257871,5246000.0,
0.8617021276595744,1.1642014226384987,2.572340425531914,2.3395001410042147,72470.00000212516,5.176725107887011,5247000.0,
0.8936170212765957,1.0168707215105497,2.2468085106382976,2.0434343663361876,72480.00000212574,4.827448188485988,5248000.0,
0.8404255319148937,1.1382018871453312,2.5148936170212766,2.28725323959221,72490.00000212633,5.277857941803732,5249000.0,
0.8085106382978723,1.051536768834773,2.323404255319149,2.1130969015521943,72500.00000212691,5.379529687911903,5250000.0,
0.7659574468085106,0.9215390913689356,2.0361702127659576,1.8518623944921702,72510.00000212749,5.509228813882198,5251000.0,
0.851063829787234,0.9937600232944008,2.195744680851064,1.9969926761921832,72520.00000212807,5.043665527506429,5252000.0,
0.8404255319148937,1.213311656347815,2.6808510638297873,2.438188732560224,72530.00000212865,5.369254376044778,5253000.0,
0.8617021276595744,1.1006470025440893,2.431914893617021,2.211785493108203,72540.00000212924,5.106427385802341,5254000.0,
0.8936170212765957,1.0428702570037172,2.3042553191489366,2.0956812677481924,72550.00000212982,4.859876240109488,5255000.0,
0.8723404255319149,1.3259763101515405,2.929787234042553,2.6645919720122446,72560.0000021304,5.3034338190865205,5256000.0,
0.851063829787234,1.1295353753142752,2.4957446808510633,2.2698376057882084,72570.00000213098,5.205701566129926,5257000.0,
0.851063829787234,1.005315372402475,2.2212765957446807,2.020213521264185,72580.00000213156,5.060243062708591,5258000.0,
0.8297872340425532,1.0630921179428474,2.3489361702127654,2.1363177466241963,72590.00000213215,5.260134090993392,5259000.0,
0.8829787234042553,1.146868398976387,2.534042553191489,2.304668873396212,72600.00000213273,5.038619632706501,5260000.0,
0.8404255319148937,1.1468683989763868,2.534042553191489,2.3046688733962113,72610.00000213331,5.2942459432233155,5261000.0,
0.8617021276595744,1.0804251416049588,2.387234042553191,2.1711490142321996,72620.0000021339,5.086910658292964,5262000.0,
0.8404255319148937,0.8724288576596192,1.9276595744680847,1.7531738029361608,72630.00000213447,4.968710286466714,5263000.0,
0.8191489361702128,1.060203280665829,2.342553191489362,2.1305125353561962,72640.00000213506,5.32751829082411,5264000.0,
0.8297872340425532,1.0717586297739032,2.3680851063829786,2.153733380428198,72650.00000213564,5.273655271918177,5265000.0,
0.851063829787234,1.0168707215105497,2.2468085106382976,2.043434366336188,72660.00000213622,5.077820597910811,5266000.0,
0.7978723404255319,1.1208688634832193,2.476595744680851,2.252421971984207,72670.0000021368,5.547219642377309,5267000.0,
0.8617021276595744,1.0428702570037172,2.304255319148936,2.0956812677481924,72680.00000213739,5.046291409496633,5268000.0,
0.8617021276595744,0.8839842067676938,1.9531914893617022,1.7763946480081632,72690.00000213797,4.862398956136339,5269000.0,
0.8191489361702128,1.1353130498683126,2.508510638297872,2.2814480283242093,72700.00000213855,5.42232761946109,5270000.0,
0.7872340425531915,0.898428393152787,1.985106382978723,1.8054207043481652,72710.00000213913,5.341784715773605,5271000.0,
0.851063829787234,1.071758629773903,2.368085106382978,2.1537333804281977,72720.00000213971,5.145313890120425,5272000.0,
0.8297872340425532,0.9648716505242146,2.1319148936170214,1.9389405635121784,72730.0000021403,5.1489453225662265,5273000.0,
0.8297872340425532,0.9590939759701773,2.1191489361702125,1.927330140976177,72740.00000214088,5.142495304513956,5274000.0,
0.8723404255319149,1.0082042096794939,2.227659574468085,2.026018732532186,72750.00000214146,4.948426777082519,5275000.0,
0.8191489361702128,1.0226483960645867,2.259574468085106,2.0550447888721886,72760.00000214204,5.287905834298281,5276000.0,
0.7872340425531915,1.1093135143751451,2.4510638297872336,2.2292011269122045,72770.00000214262,5.612909058948142,5277000.0,
0.8404255319148937,1.1439795616993684,2.527659574468085,2.2988636621282112,72780.0000021432,5.299416187476479,5278000.0,
0.8085106382978723,1.0053153724024753,2.221276595744681,2.0202135212641856,72790.00000214379,5.337624276536002,5279000.0,
0.9148936170212766,1.7518798919368708,2.8851063829787233,2.5347304045913495,72800.00000214437,5.045822305079911,5280000.0,
0.7978723404255319,1.2131380667615945,1.997872340425532,1.755244727073213,72810.00000214495,5.670330377153307,5281000.0,
0.9042553191489362,1.465067697239242,2.4127659574468083,2.1197524179989604,72820.00000214553,5.282307806487049,5282000.0,
0.8191489361702128,1.1162420550394223,1.8382978723404253,1.6150494613325415,72830.00000214612,5.405799392008031,5283000.0,
0.8723404255319149,1.3526683236415225,2.2276595744680847,1.957125909739781,72840.0000021467,5.347690517478271,5284000.0,
0.8404255319148937,1.1356212573838569,1.870212765957447,1.6430885144806757,72850.00000214728,5.293015167151898,5285000.0,
0.9042553191489362,1.484446899583676,2.444680851063829,2.147791471147095,72860.00000214786,5.305621277315121,5286000.0,
0.851063829787234,1.3294132808282006,2.189361702127659,1.9234790459620197,72870.00000214844,5.455558105109661,5287000.0,
0.8723404255319149,1.3720475259859566,2.259574468085106,1.9851649628879156,72880.00000214903,5.371856920165906,5288000.0,
0.9042553191489362,1.3681716855170698,2.253191489361702,1.9795571522582882,72890.00000214961,5.178446334700369,5289000.0,
0.851063829787234,1.2325172691060287,2.029787234042553,1.7832837802213475,72900.00000215019,5.343205291336197,5290000.0,
0.6595744680851063,1.0309735647239109,1.6978723404255316,1.4916776274807502,72910.00000215077,6.5895373402415975,5291000.0,
0.7659574468085106,1.248020630981576,2.05531914893617,1.805715022739855,72920.00000215136,5.958246379488916,5292000.0,
0.8297872340425532,1.1627521406660652,1.9148936170212767,1.682343188888064,72930.00000215194,5.397673092737771,5293000.0,
0.8085106382978723,1.2363931095749157,2.036170212765957,1.7888915908509744,72940.00000215252,5.631325688302375,5294000.0,
0.7872340425531915,1.1666279811349518,1.9212765957446807,1.687950999517691,72950.0000021531,5.695443651859813,5295000.0,
0.723404255319149,1.224765588168255,2.0170212765957447,1.772068158962094,72960.00000215368,6.27893772498175,5296000.0,
0.8297872340425532,1.321661599890427,2.1765957446808506,1.912263424702766,72970.00000215427,5.5912306461621215,5297000.0,
0.8085106382978723,1.2829031952015586,2.112765957446808,1.8561853184064971,72980.00000215485,5.690956583682818,5298000.0,
0.8404255319148937,1.0929870122261012,1.7999999999999998,1.58140259755478,72990.00000215543,5.249374419749412,5299000.0,
0.8085106382978723,1.1123662145705355,1.8319148936170209,1.6094416507029143,73000.00000215601,5.48108189711293,5300000.0,
0.8191489361702128,1.3526683236415222,2.2276595744680847,1.957125909739781,73010.0000021566,5.703774317315036,5301000.0,
0.7978723404255319,1.2906548761393322,2.125531914893617,1.8674009396657507,73020.00000215718,5.778684778240723,5302000.0,
0.8404255319148937,1.2402689500438027,2.042553191489361,1.7944994014806015,73030.00000215776,5.426646598925023,5303000.0,
0.7446808510638298,1.0309735647239109,1.6978723404255323,1.4916776274807497,73040.00000215834,5.843875929928704,5304000.0,
0.8617021276595744,1.5077019423969975,2.4829787234042553,2.181438334924856,73050.00000215892,5.603997316003478,5305000.0,
0.851063829787234,1.453440175832581,2.393617021276596,2.1029289861100793,73060.0000021595,5.610789706740362,5306000.0,
0.8297872340425532,1.3565441641104092,2.2340425531914896,1.962733720369408,73070.00000216009,5.638396813299321,5307000.0,
0.8191489361702128,1.2441447905126897,2.0489361702127655,1.8001072121102282,73080.00000216067,5.574927406742388,5308000.0,
0.9148936170212766,1.3449166427037482,2.2148936170212763,1.9459102884805273,73090.00000216125,5.102115865408438,5309000.0,
0.7340425531914894,1.1588763001971782,1.908510638297872,1.6767353782584367,73100.00000216183,6.106292351152325,5310000.0,
0.8404255319148937,1.4108059306748253,2.3234042553191485,2.0412430691841843,73110.00000216241,5.633614651827995,5311000.0,
0.8191489361702128,1.2402689500438027,2.0425531914893615,1.7944994014806013,73120.000002163,5.572273783312957,5312000.0,
0.8617021276595744,1.3759233664548436,2.2659574468085104,1.9907727735175418,73130.00000216358,5.45501970935479,5313000.0,
0.8404255319148937,1.3294132808282009,2.1893617021276595,1.9234790459620192,73140.00000216416,5.53828668871944,5314000.0,
0.8404255319148937,1.399178409268165,2.3042553191489357,2.024419637295303,73150.00000216474,5.621804689648035,5315000.0,
0.851063829787234,1.3061582380148797,2.1510638297872338,1.8898321821842583,73160.00000216532,5.442733429804854,5316000.0,
0.8404255319148937,1.3914267283303907,2.2914893617021272,2.01320401603605,73170.0000021659,5.613593828785427,5317000.0,
0.8404255319148937,1.263523992857124,2.0808510638297872,1.8281462652583624,73180.00000216649,5.461912092905872,5318000.0,
0.9148936170212766,1.3642958450481826,2.2468085106382976,1.9739493416286613,73190.00000216707,5.127948947040998,5319000.0,
0.776595744680851,1.1317454169149699,1.8638297872340424,1.6374807038510488,73200.00000216765,5.742244783575425,5320000.0,
0.8085106382978723,1.263523992857124,2.0808510638297872,1.8281462652583627,73210.00000216824,5.679092833415406,5321000.0,
0.8191489361702128,1.2635239928571236,2.0808510638297872,1.8281462652583624,73220.00000216882,5.6058578615529,5322000.0,
0.8404255319148937,1.3565441641104092,2.234042553191489,1.962733720369408,73230.0000021694,5.575125967561828,5323000.0,
0.7978723404255319,1.4805710591147894,2.4382978723404256,2.1421836605174676,73240.00000216998,6.028446394237312,5324000.0,
0.776595744680851,1.3720475259859566,2.259574468085106,1.9851649628879149,73250.00000217056,6.054414622653295,5325000.0,
0.8085106382978723,1.1976347048860467,1.9723404255319152,1.732813484554706,73260.00000217115,5.60022976671449,5326000.0,
0.8829787234042553,1.2867790356704452,2.1191489361702125,1.861793129036124,73270.00000217173,5.229361799566711,5327000.0,
0.7978723404255319,1.2829031952015582,2.112765957446808,1.8561853184064971,73280.00000217231,5.78283600479952,5328000.0,
0.8297872340425532,1.0658561289438928,1.7553191489361701,1.5421479231473918,73290.00000217289,5.2993625145095615,5329000.0,
0.8723404255319149,1.4146817711437125,2.3297872340425525,2.046850879813811,73300.00000217347,5.441218128030869,5330000.0,
0.8191489361702128,1.1472487787905177,1.8893617021276592,1.6599119463695564,73310.00000217406,5.468586821004327,5331000.0,
0.7872340425531915,1.054228607537232,1.7361702127659573,1.525324491258511,73320.00000217464,5.572666069182793,5332000.0,
0.851063829787234,1.422433452081486,2.342553191489361,2.0580665010730645,73330.00000217522,5.587856806333611,5333000.0,
0.8526315789473684,1.2348835717080862,2.033684210526316,1.7867074961846985,73340.0000021758,5.316959744732095,5334000.0,
0.7578947368421053,1.158182728744851,1.9073684210526314,1.6757318753036614,73350.00000217638,5.880932767247149,5335000.0,
0.7894736842105263,1.1773579394856597,1.9389473684210528,1.7034757805239211,73360.00000217697,5.670517390162318,5336000.0,
0.8736842105263158,1.3269245832639684,2.185263157894737,1.9198782412419433,73370.00000217755,5.295634161700187,5337000.0,
0.8736842105263158,1.4189655948198505,2.336842105263157,2.053048986299188,73380.00000217813,5.401464235167791,5338000.0,
0.8631578947368421,1.1926981080783068,1.9642105263157887,1.7256709047001284,73390.00000217871,5.205684393640028,5339000.0,
0.8526315789473684,0.8718206813907735,1.9263157894736835,1.751951653195529,73400.0000021793,5.243458595728795,5340000.0,
0.8526315789473684,1.1605219562119804,2.5642105263157893,2.3321061350733934,73410.00000217988,5.233202294459086,5341000.0,
0.9157894736842105,1.3634703771258976,3.012631578947369,2.7399375035221887,73420.00000218046,5.094361906184028,5342000.0,
0.8526315789473684,1.0633353884503856,2.3494736842105257,2.1368066065204494,73430.00000218104,5.120205702639989,5343000.0,
0.8526315789473684,1.1833893839205907,2.6147368421052635,2.378058965321145,73440.00000218162,5.2615035985618634,5344000.0,
0.7684210526315789,0.9461398214437572,2.090526315789474,1.9012983515007222,73450.0000021822,5.529905247235809,5345000.0,
0.8315789473684211,0.9890162483974018,2.1852631578947364,1.9874599082152566,73460.00000218279,5.161979033022945,5346000.0,
0.8736842105263158,0.9632903922252152,2.128421052631579,1.9357629741865359,73470.00000218337,4.884245629788642,5347000.0,
0.8736842105263158,1.1633803846755564,2.5705263157894733,2.337850238854362,73480.00000218395,5.113746223557133,5348000.0,
0.8947368421052632,1.2176905254835062,2.6905263157894734,2.446988210692772,73490.00000218453,5.054592940376466,5349000.0,
0.8526315789473684,1.131937671576217,2.501052631578947,2.274665097263703,73500.00000218512,5.204121960627276,5350000.0,
0.8105263157894737,1.02903424688747,2.2736842105263153,2.0678773611488217,73510.0000021857,5.348026668381568,5351000.0,
0.8,1.094778101549725,2.4189473684210525,2.1999917481111075,73520.00000218628,5.501101574451281,5352000.0,
0.8421052631578947,1.2033983831656248,2.6589473684210527,2.418267691787927,73530.00000218686,5.355533080147626,5353000.0,
0.8210526315789474,1.0519016745960805,2.324210526315789,2.1138301913965734,73540.00000218744,5.308852039714176,5354000.0,
0.8210526315789474,0.8861128237086549,1.957894736842105,1.780672172100374,73550.00000218803,5.107442541838495,5355000.0,
0.8315789473684211,1.0118836761060124,2.2357894736842105,2.0334127384630074,73560.00000218861,5.194541129634859,5356000.0,
0.8947368421052632,1.0318926753510465,2.28,2.0736214649297904,73570.00000218919,4.850701225522759,5357000.0,
0.7578947368421053,0.9890162483974019,2.185263157894737,1.9874599082152564,73580.00000218977,5.670504772345009,5358000.0,
0.8421052631578947,1.0318926753510465,2.2800000000000002,2.0736214649297904,73590.00000219035,5.154870052117989,5359000.0,
0.8526315789473684,1.1633803846755566,2.570526315789473,2.3378502388543616,73600.00000219094,5.245937488336667,5360000.0,
0.7263157894736842,0.7517666859205685,1.661052631578947,1.5106992943948336,73610.00000219152,5.592139640196354,5361000.0,
0.8315789473684211,0.9890162483974018,2.185263157894737,1.987459908215256,73620.0000021921,5.170080298846201,5362000.0,
0.8736842105263158,1.140512956966946,2.5199999999999996,2.291897408606611,73630.00000219268,5.094801577385048,5363000.0,
0.8842105263157894,1.1690972416027092,2.5831578947368423,2.3493384464163,73640.00000219326,5.066952832897128,5364000.0,
0.8631578947368421,1.1290792431126409,2.494736842105263,2.2689209934827343,73650.00000219385,5.144662537887861,5365000.0,
0.8421052631578947,1.0461848176689281,2.311578947368421,2.102341983834635,73660.00000219443,5.175341971120678,5366000.0,
0.8947368421052632,1.1062118154040306,2.444210526315789,2.222968163234983,73670.00000219501,4.938469676170485,5367000.0,
0.8105263157894737,1.0147421045695888,2.2421052631578946,2.0391568422439774,73680.0000021956,5.339224674613268,5368000.0,
0.8842105263157894,1.2891512370729143,2.8484210526315787,2.5905908052169955,73690.00000219618,5.205109137298093,5369000.0,
0.8315789473684211,1.0118836761060124,2.2357894736842105,2.033412738463008,73700.00000219676,5.20162973723021,5370000.0,
0.8842105263157894,1.0461848176689281,2.311578947368421,2.102341983834635,73710.00000219734,4.931278067734117,5371000.0,
0.7473684210526316,0.9175555368079943,2.027368421052631,1.8438573136910326,73720.00000219792,5.6626419156039365,5372000.0,
0.8736842105263158,1.074769102304691,2.3747368421052633,2.159783021644325,73730.0000021985,5.024371864217686,5373000.0,
0.8421052631578947,1.2491332385828455,2.76,2.5101733522834304,73740.00000219909,5.4203432209561875,5374000.0,
0.8,1.0318926753510467,2.2800000000000002,2.073621464929791,73750.00000219967,5.434600054861532,5375000.0,
0.8526315789473684,1.0233173899603174,2.2610526315789468,2.0563891535868835,73760.00000220025,5.089567309350118,5376000.0,
0.8421052631578947,1.0661938169139622,2.355789473684211,2.1425507103014176,73770.00000220083,5.204602657724475,5377000.0,
0.8736842105263158,1.1004949584768777,2.431578947368421,2.2114799556730453,73780.00000220141,5.056226759836594,5378000.0,
0.8526315789473684,1.1205039577219118,2.475789473684211,2.251688682139828,73790.000002202,5.205033036971827,5379000.0,
0.8736842105263158,1.2519916670464222,2.766315789473684,2.515917456064399,73800.00000220258,5.23059046241625,5380000.0,
0.8631578947368421,1.0204589614967412,2.2547368421052627,2.0506450498059143,73810.00000220316,5.026626845772333,5381000.0,
0.7894736842105263,1.1462298138940985,2.532631578947368,2.303385616168548,73820.00000220374,5.655621764414435,5382000.0,
0.8631578947368421,0.9861578199338256,2.1789473684210527,1.9817158044342873,73830.00000220432,4.987863328108038,5383000.0,
0.8210526315789474,1.0804859592318437,2.387368421052631,2.1712712292062624,73840.0000022049,5.359050847925296,5384000.0,
0.8,1.0061668191788598,2.2231578947368424,2.02192453090107,73850.00000220549,5.407705892541341,5385000.0,
0.7789473684210526,1.003308390715283,2.2168421052631575,2.016180427120101,73860.00000220607,5.550731042285196,5386000.0,
0.8421052631578947,1.1462298138940985,2.5326315789473686,2.303385616168548,73870.00000220665,5.304645404138679,5387000.0,
0.8526315789473684,1.000449962251707,2.2105263157894743,2.010436323339132,73880.00000220723,5.068673412655178,5388000.0,
0.8315789473684211,1.149088242357675,2.5389473684210526,2.3091297199495173,73890.00000220782,5.376242823229603,5389000.0,
0.9052631578947369,1.1405129569669457,2.52,2.291897408606611,73900.0000022084,4.929634080500253,5390000.0,
0.7368421052631579,0.8117936836556708,1.7936842105263158,1.6313254737951817,73910.00000220898,5.610859999406471,5391000.0,
0.8736842105263158,1.0204589614967412,2.254736842105263,2.0506450498059143,73920.00000220956,4.971366281365746,5392000.0,
0.8947368421052632,1.1948230977748961,2.64,2.4010353804450206,73930.00000221014,5.049741109409224,5393000.0,
0.8736842105263158,1.1376545285033697,2.5136842105263155,2.2861533048256413,73940.00000221073,5.106469641192667,5394000.0,
0.7368421052631579,0.9718656776159442,2.1473684210526316,1.9529952855294421,73950.00000221131,5.830386276924118,5395000.0,
0.8421052631578947,1.0118836761060122,2.2357894736842105,2.0334127384630074,73960.00000221189,5.1496093655155875,5396000.0,
0.8421052631578947,1.1262208146490646,2.488421052631579,2.2631768897017652,73970.00000221247,5.285884717535492,5397000.0,
0.8105263157894737,1.0318926753510465,2.28,2.0736214649297904,73980.00000221306,5.375968885318571,5398000.0,
0.8315789473684211,1.111928672331183,2.4568421052631573,2.234456370796921,73990.00000221364,5.3366205554765225,5399000.0,
0.8421052631578947,1.4649861005977913,2.4126315789473685,2.1196343588278106,74000.00000221422,5.246652111929617,5400000.0,
0.7894736842105263,1.2924092039305126,2.128421052631579,1.8699392118454763,74010.0000022148,5.85091565846115,5401000.0,
0.8736842105263158,1.315419456819483,2.1663157894736838,1.9032318981097875,74020.00000221538,5.313790944687238,5402000.0,
0.7789473684210526,1.0738118014852922,1.7684210526315787,1.5536586923345208,74030.00000221597,5.650431366922905,5403000.0,
0.8210526315789474,1.3384297097084537,2.2042105263157894,1.936524584374099,74040.00000221655,5.683469518378175,5404000.0,
0.8,1.24255365600441,2.046315789473684,1.7978050582728027,74050.00000221713,5.713715754363365,5405000.0,
0.7684210526315789,1.3154194568194832,2.166315789473684,1.9032318981097875,74060.00000221771,6.0438992932746585,5406000.0,
0.8421052631578947,1.346099794004777,2.216842105263158,1.9476221464622026,74070.0000022183,5.551991005520691,5407000.0,
0.8947368421052632,1.2348835717080862,2.0336842105263155,1.786707496184699,74080.00000221888,5.101573403805553,5408000.0,
0.8421052631578947,1.188863065930145,1.957894736842105,1.7201221236560769,74090.00000221946,5.3662723909321235,5409000.0,
0.8210526315789474,1.158182728744851,1.9073684210526314,1.6757318753036614,74100.00000222004,5.46701486207653,5410000.0,
0.7789473684210526,1.1658528130411745,1.9199999999999995,1.6868294373917652,74110.00000222062,5.772916449325978,5411000.0,
0.8736842105263158,1.4228006369680122,2.3431578947368417,2.05859776734324,74120.0000022212,5.441516391845473,5412000.0,
0.8842105263157894,1.388285257634556,2.2863157894736843,2.008658737946773,74130.00000222179,5.338177374839265,5413000.0,
0.8947368421052632,1.4458108898569824,2.381052631578947,2.091890453607551,74140.00000222237,5.340139229972131,5414000.0,
0.8526315789473684,1.3077493725231593,2.153684210526315,1.8921343360216845,74150.00000222295,5.442419634579262,5415000.0,
0.8421052631578947,1.0929870122261007,1.7999999999999996,1.5814025975547796,74160.00000222353,5.2559195771587754,5416000.0,
0.8,1.1926981080783066,1.9642105263157894,1.7256709047001286,74170.00000222411,5.657712108929789,5417000.0,
0.7684210526315789,1.185028023781983,1.9515789473684209,1.7145733426120247,74180.0000022247,5.880787154390624,5418000.0,
0.8842105263157894,1.2578938245970566,2.0715789473684216,1.8200001824490102,74190.00000222528,5.1935680160470215,5419000.0,
0.7578947368421053,1.108327180818748,1.825263157894737,1.6035977217309874,74200.00000222586,5.862373363736289,5420000.0,
0.8315789473684211,1.2693989510415422,2.0905263157894733,1.8366465255811657,74210.00000222644,5.537122789369374,5421000.0,
0.8421052631578947,1.3192544989676447,2.1726315789473687,1.90878067915384,74220.00000222703,5.527612217664533,5422000.0,
0.8105263157894737,1.0929870122261012,1.7999999999999996,1.5814025975547799,74230.0000022276,5.464332028217122,5423000.0,
0.7578947368421053,1.188863065930145,1.957894736842105,1.7201221236560764,74240.00000222819,5.970858212147289,5424000.0,
0.8,1.326924583263968,2.185263157894737,1.9198782412419435,74250.00000222877,5.829705729227899,5425000.0,
0.8421052631578947,1.3384297097084534,2.2042105263157894,1.9365245843740988,74260.00000222935,5.55238278041936,5426000.0,
0.8210526315789474,1.2962442460786745,2.134736842105263,1.8754879928895285,74270.00000222994,5.643884658829771,5427000.0,
0.8526315789473684,1.3192544989676445,2.1726315789473682,1.9087806791538395,74280.00000223052,5.462333054483662,5428000.0,
0.8421052631578947,1.3959553419308801,2.298947368421053,2.019756300034877,74290.0000022311,5.622194468683579,5429000.0,
0.8,1.1351724758558803,1.8694736842105262,1.6424391890393506,74300.00000223168,5.592647173915312,5430000.0,
0.7578947368421053,1.158182728744851,1.9073684210526314,1.6757318753036614,74310.00000223226,5.934266100583587,5431000.0,
0.7894736842105263,1.2272134874117626,2.0210526315789474,1.775609934096595,74320.00000223285,5.784867750871695,5432000.0,
0.8105263157894737,1.2463886981525714,2.0526315789473686,1.8033538393168544,74330.00000223343,5.658788653711121,5433000.0,
0.8526315789473684,1.2578938245970566,2.0715789473684207,1.8200001824490097,74340.00000223401,5.3933297944195635,5434000.0,
0.8736842105263158,1.4304707212643357,2.35578947368421,2.0696953294313434,74350.00000223459,5.4613797413419105,5435000.0,
0.8526315789473684,1.33075962541213,2.191578947368421,1.925427022285995,74360.00000223517,5.479777338585449,5436000.0,
0.8210526315789474,1.2885741617823507,2.1221052631578945,1.864390430801425,74370.00000223576,5.639671094623008,5437000.0,
0.8210526315789474,1.300079288226836,2.1410526315789475,1.8810367739335803,74380.00000223634,5.654196569138757,5438000.0,
0.7894736842105263,1.300079288226836,2.141052631578947,1.8810367739335803,74390.00000223692,5.8808977652376715,5439000.0,
0.8,1.1811929816338211,1.9452631578947364,1.7090245615679724,74400.0000022375,5.6554359640327805,5440000.0,
0.8210526315789474,1.3307596254121299,2.191578947368421,1.925427022285995,74410.00000223808,5.693102108018372,5441000.0,
0.8105263157894737,1.1735228973374983,1.9326315789473687,1.6979269994798687,74420.00000223867,5.573564613744745,5442000.0,
0.8210526315789474,1.1044921386705864,1.8189473684210522,1.5980489406869358,74430.00000223925,5.418545553653731,5443000.0,
0.8526315789473684,1.3192544989676447,2.172631578947368,1.9087806791538395,74440.00000223983,5.470234289052024,5444000.0,
0.8210526315789474,1.1773579394856597,1.9389473684210528,1.7034757805239211,74450.00000224041,5.508318003364457,5445000.0,
0.8631578947368421,1.3997903840790415,2.3052631578947365,2.0253050810789284,74460.000002241,5.49780349388782,5446000.0,
0.8210526315789474,1.2310485295599245,2.027368421052631,1.7811587151406472,74470.00000224158,5.574736029737019,5447000.0,
0.8315789473684211,1.2348835717080862,2.0336842105263155,1.7867074961846987,74480.00000224216,5.509287839538799,5448000.0,
0.8105263157894737,1.192698108078307,1.9642105263157892,1.7256709047001284,74490.00000224274,5.60085870491868,5449000.0,
0.8736842105263158,1.3422647518566155,2.210526315789474,1.942073365418151,74500.00000224332,5.367650017321447,5450000.0,
0.7789473684210526,1.173522897337498,1.9326315789473683,1.6979269994798694,74510.0000022439,5.804384800788733,5451000.0,
0.8,1.1735228973374983,1.9326315789473678,1.697926999479869,74520.00000224449,5.652164148136428,5452000.0,
0.8,1.2387186138562478,2.04,1.792256277228751,74530.00000224507,5.73418510957437,5453000.0,
0.8421052631578947,1.2693989510415418,2.090526315789474,1.836646525581166,74540.00000224565,5.484408754503218,5454000.0,
0.7684210526315789,1.173522897337498,1.932631578947369,1.697926999479869,74550.00000224623,5.88608870216953,5455000.0,
0.8,1.1236673494113953,1.8505263157894736,1.6257928459071949,74560.00000224682,5.591949976386817,5456000.0,
0.8210526315789474,1.3039143303749978,2.1473684210526316,1.8865855549776325,74570.0000022474,5.6686110435505475,5457000.0,
0.7894736842105263,1.1428425601522036,1.8821052631578943,1.6535367511274544,74580.00000224798,5.691864576343728,5458000.0,
0.8842105263157894,1.3460997940047772,2.216842105263158,1.9476221464622026,74590.00000224856,5.312372386211623,5459000.0,
0.8631578947368421,0.8775375383179259,1.9389473684210525,1.763439860757467,74600.00000224914,5.246936637347105,5460000.0,
0.8947368421052632,1.2948680940000667,2.8610526315789473,2.602079012778934,74610.00000224973,5.19355610519216,5461000.0,
0.8631578947368421,0.9575735352980623,2.11578947368421,1.9242747666245978,74620.00000225031,4.993283973959091,5462000.0,
0.8631578947368421,1.1147871007947592,2.463157894736842,2.2402004745778896,74630.00000225089,5.175909446180903,5463000.0,
0.7684210526315789,0.8375195398278575,1.8505263157894736,1.6830224078239018,74640.00000225147,5.453755565684666,5464000.0,
0.8631578947368421,0.89754653756296,1.9831578947368425,1.80364858722425,74650.00000225205,4.925203915607533,5465000.0,
0.9052631578947369,1.2005399547020488,2.6526315789473682,2.4125235880069584,74660.00000225264,5.031291810558529,5466000.0,
0.8736842105263158,1.1090702438676068,2.4505263157894737,2.228712267015952,74670.00000225322,5.108933411792335,5467000.0,
0.8210526315789474,1.1062118154040306,2.444210526315789,2.222968163234983,74680.0000022538,5.433460544547775,5468000.0,
0.8736842105263158,1.2033983831656248,2.6589473684210527,2.4182676917879276,74690.00000225438,5.217863209784099,5469000.0,
0.8947368421052632,1.13765452850337,2.5136842105263155,2.2861533048256413,74700.00000225496,5.02208212022551,5470000.0,
0.8631578947368421,1.0747691023046912,2.3747368421052633,2.1597830216443246,74710.00000225555,5.133449569881661,5471000.0,
0.8631578947368421,1.0204589614967412,2.254736842105263,2.0506450498059143,74720.00000225613,5.071017089677357,5472000.0,
0.8,0.9832993914702493,2.1726315789473687,1.9759717006533184,74730.00000225671,5.425437397381958,5473000.0,
0.8736842105263158,1.2262658108742353,2.709473684210526,2.4642205220356783,74740.0000022573,5.246446410173613,5474000.0,
0.8105263157894737,0.991874676860978,2.191578947368421,1.993204011996225,74750.00000225788,5.366596030040944,5475000.0,
0.8736842105263158,1.0890612446225725,2.406315789473684,2.1885035405491693,74760.00000225846,5.090368894584415,5476000.0,
0.8421052631578947,0.966148820688791,2.134736842105263,1.9415070779675045,74770.00000225904,5.135799224709995,5477000.0,
0.8631578947368421,1.1319376715762173,2.5010526315789474,2.274665097263704,74780.00000225962,5.203096083062285,5478000.0,
0.8526315789473684,1.0947781015497253,2.418947368421053,2.1999917481111075,74790.0000022602,5.224243452575222,5479000.0,
0.8842105263157894,1.1176455292583356,2.4694736842105263,2.2459445783588596,74800.00000226079,5.064001491558493,5480000.0,
0.7894736842105263,0.8889712521722312,1.9642105263157892,1.786416275881343,74810.00000226137,5.382560919569809,5481000.0,
0.8947368421052632,1.100494958476878,2.431578947368421,2.211479955673045,74820.00000226195,4.986197894902111,5482000.0,
0.8105263157894737,1.0318926753510462,2.28,2.073621464929791,74830.00000226253,5.420124729476985,5483000.0,
0.9157894736842105,1.3005849509272194,2.8736842105263154,2.6135672203408715,74840.00000226311,5.090981268384673,5484000.0,
0.8631578947368421,1.1090702438676068,2.4505263157894737,2.2287122670159523,74850.0000022637,5.180017965595193,5485000.0,
0.8526315789473684,1.111928672331183,2.456842105263158,2.2344563707969205,74860.00000226428,5.2478151096647885,5486000.0,
0.8210526315789474,1.046184817668928,2.3115789473684205,2.1023419838346356,74870.00000226486,5.370094329358152,5487000.0,
0.8105263157894737,0.9861578199338252,2.178947368421052,1.9817158044342875,74880.00000226544,5.36629601175459,5488000.0,
0.7789473684210526,0.9861578199338256,2.1789473684210523,1.9817158044342869,74890.00000226602,5.58438909331224,5489000.0,
0.8210526315789474,0.983299391470249,2.1726315789473687,1.9759717006533184,74900.0000022666,5.295041566680364,5490000.0,
0.8315789473684211,1.1004949584768777,2.4315789473684215,2.211479955673045,74910.00000226719,5.3694534312240565,5491000.0,
0.7894736842105263,0.9861578199338255,2.1789473684210527,1.9817158044342873,74920.00000226777,5.51153057206817,5492000.0,
0.8,1.1347961000397937,2.5073684210526315,2.2804092010446726,74930.00000226835,5.625334598883975,5493000.0,
0.7684210526315789,0.9289892506622996,2.0526315789473677,1.8668337288149082,74940.00000226893,5.589229846908527,5494000.0,
0.8526315789473684,1.2434163816556931,2.7473684210526317,2.498685144721493,74950.00000226952,5.406473534181448,5495000.0,
0.8947368421052632,1.1433713854305227,2.526315789473684,2.2976415123875795,74960.0000022701,5.040706842674217,5496000.0,
0.8315789473684211,1.0833443876954199,2.3936842105263154,2.177015332987231,74970.00000227068,5.351867301803493,5497000.0,
0.8105263157894737,1.0776275307682672,2.381052631578947,2.1655271254252937,74980.00000227126,5.4843430575895935,5498000.0,
0.8736842105263158,1.2348410962649643,2.728421052631578,2.4814528333785852,74990.00000227185,5.268309688633582,5499000.0,
0.8947368421052632,1.2405579531921167,2.741052631578947,2.4929410409405235,75000.00000227243,5.151209477231401,5500000.0,
0.8526315789473684,1.0604769599868098,2.343157894736842,2.1310625027394803,75010.00000227301,5.194877916174905,5501000.0,
0.7684210526315789,0.9575735352980624,2.1157894736842104,1.924274766624598,75020.00000227359,5.6308121351334055,5502000.0,
0.8526315789473684,1.1519466708212511,2.5452631578947367,2.314873823730486,75030.00000227417,5.303144860980788,5503000.0,
0.7894736842105263,0.9604319637616388,2.1221052631578945,1.930018870405567,75040.00000227476,5.485344487583774,5504000.0,
0.7894736842105263,1.1062118154040306,2.4442105263157887,2.222968163234983,75050.00000227534,5.670532299664168,5505000.0,
0.7894736842105263,0.9118386798808416,2.0147368421052625,1.8323691061290943,75060.00000227592,5.424859661334826,5506000.0,
0.7894736842105263,0.9861578199338255,2.1789473684210523,1.9817158044342873,75070.0000022765,5.519530572068636,5507000.0,
0.9052631578947369,1.2119736685563536,2.6778947368421053,2.4355000031308336,75080.00000227708,5.06345695958477,5508000.0,
0.8315789473684211,1.0719106738411148,2.3684210526315783,2.154038917863355,75090.00000227767,5.344193848434745,5509000.0,
0.8421052631578947,1.0061668191788598,2.223157894736842,2.02192453090107,75100.00000227825,5.1998205979179115,5510000.0,
0.8631578947368421,0.9661488206887914,2.134736842105263,1.9415070779675045,75110.00000227883,5.027121194839985,5511000.0,
0.9052631578947369,1.140512956966946,2.5199999999999996,2.2918974086066104,75120.00000227941,4.986378266550068,5512000.0,
0.8105263157894737,0.960431963761639,2.1221052631578945,1.9300188704055663,75130.00000228,5.34754333206239,5513000.0,
0.7684210526315789,0.9175555368079942,2.027368421052631,1.8438573136910323,75140.00000228058,5.585309260386438,5514000.0,
0.8210526315789474,1.0461848176689281,2.311578947368421,2.1023419838346356,75150.00000228116,5.3844533037179625,5515000.0,
0.8736842105263158,1.0719106738411148,2.3684210526315788,2.1540389178633563,75160.00000228174,5.090015831642906,5516000.0,
0.8631578947368421,1.0519016745960805,2.3242105263157895,2.113830191396573,75170.00000228232,5.1293958426595765,5517000.0,
0.9052631578947369,1.2176905254835064,2.6905263157894734,2.446988210692772,75180.0000022829,5.074423255027826,5518000.0,
0.8315789473684211,0.8918296806358076,1.970526315789473,1.7921603796623122,75190.00000228349,5.13270404647929,5519000.0,
0.8315789473684211,1.5110066063757326,2.4884210526315784,2.1862197313564327,75200.00000228407,5.415073131685136,5520000.0,
0.8315789473684211,1.1620177708930126,1.9136842105263157,1.6812806563477134,75210.00000228465,5.458626433497507,5521000.0,
0.8210526315789474,1.2348835717080862,2.0336842105263155,1.7867074961846987,75220.00000228523,5.617868452868429,5522000.0,
0.8210526315789474,1.1390075180040422,1.8757894736842105,1.6479879700834024,75230.00000228581,5.501609156690456,5523000.0,
0.8315789473684211,1.192698108078307,1.9642105263157894,1.7256709047001284,75240.0000022864,5.497039497201431,5524000.0,
0.8315789473684211,1.4228006369680122,2.3431578947368426,2.05859776734324,75250.00000228698,5.774251399030852,5525000.0,
0.8736842105263158,1.1620177708930128,1.9136842105263152,1.6812806563477134,75260.00000228756,5.197969737907407,5526000.0,
0.8736842105263158,1.2157083609672772,2.0021052631578944,1.7589635909644394,75270.00000228814,5.259904750643038,5527000.0,
0.8105263157894737,1.1390075180040424,1.8757894736842105,1.6479879700834024,75280.00000228873,5.575656028855419,5528000.0,
0.7368421052631579,1.0009460006702187,1.6484210526315783,1.448231852497535,75290.00000228931,5.946423858216519,5529000.0,
0.8,1.173522897337498,1.9326315789473683,1.697926999479869,75300.00000228989,5.6932167797177655,5530000.0,
0.8105263157894737,1.1696878551893364,1.926315789473684,1.6923782184358171,75310.00000229047,5.61506683447373,5531000.0,
0.7789473684210526,1.254058782448895,2.0652631578947362,1.8144514014049578,75320.00000229105,5.9515592478937505,5532000.0,
0.7789473684210526,1.1428425601522036,1.8821052631578945,1.6535367511274544,75330.00000229164,5.809322205756137,5533000.0,
0.8105263157894737,1.0277912957073512,1.6926315789473683,1.4870733198058983,75340.00000229222,5.441558092255786,5534000.0,
0.8315789473684211,1.3115844146713214,2.1599999999999997,1.8976831170657358,75350.0000022928,5.645573663357911,5535000.0,
0.7368421052631579,1.0546365907444835,1.7368421052631582,1.5259147871142618,75360.00000229338,6.023289659031825,5536000.0,
0.8315789473684211,1.1428425601522039,1.882105263157895,1.6535367511274544,75370.00000229396,5.443668901594475,5537000.0,
0.7789473684210526,1.185028023781983,1.9515789473684209,1.7145733426120247,75380.00000229455,5.866181922578309,5538000.0,
0.8842105263157894,1.5762023228944826,2.595789473684211,2.2805490091053144,75390.00000229513,5.610702627220056,5539000.0,
0.8631578947368421,1.495666437783086,2.4631578947368418,2.1640246071802256,75400.00000229571,5.654733068303711,5540000.0,
0.7052631578947368,1.0162861692628662,1.673684210526316,1.4704269766737426,75410.00000229629,6.2415968073356085,5541000.0,
0.7473684210526316,1.1313374337077189,1.8631578947368423,1.6368904079952986,75420.00000229687,6.044462763573932,5542000.0,
0.8736842105263158,1.3077493725231595,2.1536842105263156,1.892134336021684,75430.00000229746,5.372963739773715,5543000.0,
0.8421052631578947,1.3422647518566153,2.210526315789474,1.9420733654181508,75440.00000229804,5.615936892973736,5544000.0,
0.8105263157894737,1.2847391196341889,2.1157894736842104,1.8588416497573728,75450.00000229862,5.7642859269710485,5545000.0,
0.7894736842105263,1.0584716328926453,1.7431578947368414,1.5314635681583135,75460.0000022992,5.631928068484352,5546000.0,
0.8631578947368421,1.2425536560044097,2.046315789473684,1.7978050582728025,75470.00000229978,5.364907284535931,5547000.0,
0.7684210526315789,1.0546365907444835,1.7368421052631575,1.525914787114261,75480.00000230037,5.782332549756927,5548000.0,
0.8421052631578947,1.2540587824488951,2.0652631578947362,1.8144514014049582,75490.00000230095,5.5136923043022135,5549000.0,
0.7894736842105263,1.2310485295599243,2.027368421052631,1.781158715140647,75500.00000230153,5.852658804263029,5550000.0,
0.8315789473684211,1.254058782448895,2.0652631578947362,1.8144514014049578,75510.00000230211,5.584498536002301,5551000.0,
0.8736842105263158,1.2885741617823505,2.1221052631578945,1.864390430801425,75520.0000023027,5.355353558805571,5552000.0,
0.8526315789473684,1.1658528130411745,1.9199999999999997,1.6868294373917656,75530.00000230328,5.344145891980901,5553000.0,
0.8105263157894737,1.204203234522792,1.9831578947368418,1.742317247832284,75540.00000230386,5.669598795989727,5554000.0,
0.8526315789473684,1.2425536560044097,2.046315789473684,1.7978050582728027,75550.00000230444,5.435091325085987,5555000.0,
0.8736842105263158,1.4496459320051445,2.387368421052632,2.0974392346516026,75560.00000230502,5.541640524723339,5556000.0,
0.8105263157894737,1.2885741617823505,2.122105263157894,1.864390430801425,75570.0000023056,5.77525123871265,5557000.0,
0.7789473684210526,1.2310485295599243,2.027368421052632,1.7811587151406465,75580.00000230619,5.936073112428998,5558000.0,
0.8210526315789474,1.219543403115439,2.0084210526315793,1.7645123720084912,75590.00000230677,5.61815927317336,5559000.0,
0.8842105263157894,1.2387186138562478,2.04,1.7922562772287502,75600.00000230735,5.239024622951206,5560000.0,
0.8105263157894737,1.1159972651150716,1.8378947368421048,1.614695283819091,75610.00000230793,5.56440961295444,5561000.0,
0.8,1.1850280237819832,1.951578947368421,1.7145733426120247,75620.00000230852,5.72444029303751,5562000.0,
0.8736842105263158,1.3039143303749976,2.147368421052631,1.8865855549776323,75630.0000023091,5.3782127879179455,5563000.0,
0.8736842105263158,1.2770690353378653,2.103157894736842,1.847744087669269,75640.00000230968,5.347968173116437,5564000.0,
0.8,1.1543476865966888,1.9010526315789475,1.6701830942596092,75650.00000231026,5.687668818924405,5565000.0,
0.8,1.3115844146713214,2.16,1.8976831170657362,75660.00000231084,5.884741044807201,5566000.0,
0.8421052631578947,1.4036254262272032,2.311578947368421,2.0308538621229806,75670.00000231143,5.70030269378948,5567000.0,
0.8421052631578947,1.3000792882268357,2.1410526315789475,1.8810367739335803,75680.00000231201,5.577841654914072,5568000.0,
0.7473684210526316,0.9894408742257335,1.6294736842105264,1.4315855093653798,75690.00000231259,5.869812437507371,5569000.0,
0.8421052631578947,1.3115844146713214,2.1599999999999997,1.897683117065736,75700.00000231317,5.592503992566956,5570000.0,
0.8736842105263158,1.4611510584496297,2.406315789473684,2.1140855777837584,75710.00000231375,5.562037958606001,5571000.0,
0.8736842105263158,1.2655639088933799,2.0842105263157893,1.8310977445371137,75720.00000231434,5.338655076583817,5572000.0,
0.8421052631578947,1.33075962541213,2.191578947368421,1.925427022285995,75730.00000231492,5.616774555321754,5573000.0,
0.7684210526315789,1.0201212114110279,1.6800000000000002,1.4759757577177948,75740.0000023155,5.751661850625177,5574000.0,
0.8315789473684211,1.3307596254121303,2.191578947368421,1.9254270222859953,75750.00000231608,5.688885625642342,5575000.0,
0.8526315789473684,1.0699767593371305,1.7621052631578944,1.5481099112904688,75760.00000231666,5.243056693192869,5576000.0,
0.8526315789473684,1.3767801311900711,2.2673684210526313,1.9920123948146176,75770.00000231725,5.603381635489556,5577000.0,
0.8421052631578947,1.388285257634556,2.286315789473684,2.008658737946773,75780.00000231783,5.687586243586031,5578000.0,
0.8947368421052632,1.1888630659301451,1.9578947368421054,1.7201221236560762,75790.00000231841,5.130609309117244,5579000.0,
0.8105263157894737,0.9775825345430966,2.1599999999999997,1.9644834930913804,75800.000002319,5.815588563706232,5580000.0,
0.8526315789473684,1.13765452850337,2.5136842105263155,2.2861533048256417,75810.00000231958,5.324900990363294,5581000.0,
0.8842105263157894,0.9918746768609783,2.191578947368421,1.993204011996225,75820.00000232016,4.970332075159545,5582000.0,
0.8842105263157894,1.0461848176689281,2.311578947368421,2.102341983834635,75830.00000232074,5.032230448692374,5583000.0,
0.8315789473684211,1.0833443876954199,2.3936842105263154,2.1770153329872315,75840.00000232132,5.395917934717448,5584000.0,
0.8736842105263158,1.0547601030596567,2.330526315789473,2.1195742951775425,75850.0000023219,5.1036386723166665,5585000.0,
0.7894736842105263,1.0404679607417753,2.2989473684210524,2.0908537762726973,75860.00000232249,5.630456750427825,5586000.0,
0.8842105263157894,1.0804859592318437,2.387368421052632,2.1712712292062633,75870.00000232307,5.072928168317211,5587000.0,
0.8105263157894737,1.0204589614967412,2.2547368421052636,2.0506450498059143,75880.00000232365,5.460563653945627,5588000.0,
0.8421052631578947,1.0433263892053517,2.305263157894737,2.096597880053666,75890.00000232423,5.283447587326671,5589000.0,
0.8315789473684211,1.0147421045695886,2.2421052631578946,2.039156842243977,75900.00000232481,5.316459492984031,5590000.0,
0.8421052631578947,1.2176905254835064,2.6905263157894734,2.446988210692772,75910.0000023254,5.491504999157038,5591000.0,
0.8947368421052632,1.1290792431126409,2.494736842105263,2.2689209934827343,75920.00000232598,5.069909742439212,5592000.0,
0.8631578947368421,1.0461848176689281,2.311578947368421,2.102341983834635,75930.00000232656,5.1598458254900335,5593000.0,
0.8631578947368421,1.111928672331183,2.456842105263158,2.234456370796921,75940.00000232714,5.236500291257308,5594000.0,
0.8736842105263158,1.0604769599868096,2.343157894736842,2.1310625027394803,75950.00000232772,5.11500133988417,5595000.0,
0.8315789473684211,0.9318476791258758,2.058947368421053,1.8725778325958775,75960.0000023283,5.219814297830377,5596000.0,
0.8421052631578947,1.1462298138940987,2.532631578947369,2.303385616168548,75970.00000232889,5.409645404144792,5597000.0,
0.8736842105263158,1.0776275307682674,2.3810526315789473,2.1655271254252932,75980.00000232947,5.136077294393152,5598000.0,
0.8105263157894737,1.0719106738411146,2.3684210526315788,2.154038917863356,75990.00000233005,5.529757325020188,5599000.0,
0.8210526315789474,1.0719106738411148,2.3684210526315788,2.1540389178633554,76000.00000233063,5.459375820853292,5600000.0,
0.78125,1.0126578338148973,2.2375000000000003,2.03496843323702,76010.00000233122,5.616732694105111,5601000.0,
0.8125,0.9730566894757674,2.15,1.955388662104846,76020.0000023318,5.3524774641196045,5602000.0,
0.84375,0.9475988109720408,2.09375,1.9042302378055915,76030.00000233238,5.124559084752762,5603000.0,
0.8333333333333334,1.0437730186527852,2.30625,2.097495396269443,76040.00000233296,5.304525122529094,5604000.0,
0.8229166666666666,1.0239724464832205,2.2624999999999997,2.057705510703356,76050.00000233355,5.3481158844816665,5605000.0,
0.8333333333333334,1.0946887756602381,2.4187499999999997,2.199812244867952,76060.00000233413,5.366624030938096,5606000.0,
0.7708333333333334,1.0183151401490589,2.25,2.046336971970188,76070.00000233471,5.703216938729415,5607000.0,
0.84375,0.9985145679794939,2.20625,2.006547086404101,76080.00000233529,5.187372821453097,5608000.0,
0.8333333333333334,0.927798238802476,2.05,1.8644403522395046,76090.00000233587,5.167855386708868,5609000.0,
0.8333333333333334,1.049430324986947,2.31875,2.1088639350026104,76100.00000233646,5.314313890130263,5610000.0,
0.9270833333333334,1.1625764516701758,2.56875,2.336234709665965,76110.00000233704,4.8994060603597,5611000.0,
0.78125,1.1031747351614805,2.4375,2.216865052967704,76120.00000233762,5.738460994495745,5612000.0,
0.8333333333333334,1.0946887756602381,2.4187499999999997,2.1998122448679522,76130.0000023382,5.3701240309383,5613000.0,
0.8333333333333334,0.987199955311171,2.18125,1.9838100089377655,76140.00000233878,5.241637446519448,5614000.0,
0.8333333333333334,1.0268010996503012,2.2687500000000003,2.0633897800699397,76150.00000233937,5.289658819726434,5615000.0,
0.8333333333333334,1.0013432211465745,2.2125,2.0122313557706852,76160.00000233995,5.259609365521991,5616000.0,
0.7916666666666666,0.9900286084782518,2.1875,1.9894942783043497,76170.00000234053,5.522665084547402,5617000.0,
0.8541666666666666,0.9928572616453324,2.1937499999999996,1.9951785476709334,76180.00000234111,5.122367038166399,5618000.0,
0.8020833333333334,0.8938544007975073,1.9749999999999999,1.796229119840498,76190.0000023417,5.332075616730595,5619000.0,
0.875,0.9843713021440902,2.1750000000000003,1.9781257395711822,76200.00000234228,4.9916600597325,5620000.0,
0.875,1.1031747351614805,2.4375,2.2168650529677034,76210.00000234286,5.127911602228594,5621000.0,
0.8645833333333334,1.0748882034906735,2.375,2.160022359301865,76220.00000234344,5.15745864514225,5622000.0,
0.8333333333333334,1.046601671819866,2.3125,2.1031796656360267,76230.00000234402,5.317419506330144,5623000.0,
0.7916666666666666,1.0013432211465745,2.2125,2.012231355770685,76240.0000023446,5.540641437391815,5624000.0,
0.84375,1.2672366188521622,2.7999999999999994,2.546552676229567,76250.00000234519,5.514253276808847,5625000.0,
0.8229166666666666,1.0183151401490589,2.2499999999999996,2.046336971970188,76260.00000234577,5.351874094506596,5626000.0,
0.90625,1.1144893478298037,2.4625,2.2396021304340388,76270.00000234635,4.966330774751435,5627000.0,
0.8645833333333334,1.1229753073310456,2.4812499999999997,2.256654938533791,76280.00000234693,5.2159690303071855,5628000.0,
0.8645833333333334,1.1936916365080636,2.6374999999999997,2.3987616726983867,76290.00000234751,5.298243338752922,5629000.0,
0.8333333333333334,0.9815426489770095,2.1687499999999997,1.9724414702045978,76300.0000023481,5.24284867891892,5630000.0,
0.78125,1.13994722633353,2.5187500000000003,2.290760554733294,76310.00000234868,5.795663116529892,5631000.0,
0.8541666666666666,1.2332927808471936,2.7249999999999996,2.478341443830561,76320.00000234926,5.410681792354341,5632000.0,
0.9375,1.230464127680113,2.71875,2.472657174463977,76330.00000234984,4.927159514100206,5633000.0,
0.8333333333333334,1.1144893478298032,2.4625,2.239602130434039,76340.00000235043,5.404384717542389,5634000.0,
0.84375,1.0918601224931577,2.4124999999999996,2.194127975501368,76350.00000235101,5.311337923099697,5635000.0,
0.875,1.1569191453360141,2.55625,2.324866170932797,76360.00000235159,5.196476642428477,5636000.0,
0.8854166666666666,1.1342899199993683,2.5062499999999996,2.279392016000126,76370.00000235217,5.110254498019722,5637000.0,
0.8645833333333334,1.0494303249869468,2.3187499999999996,2.1088639350026104,76380.00000235275,5.135724231451642,5638000.0,
0.84375,1.1229753073310456,2.4812499999999997,2.2566549385337904,76390.00000235334,5.350190487845951,5639000.0,
0.8645833333333334,1.4079797969995953,2.3187499999999996,2.0371540406000808,76400.00000235392,5.136688086873384,5640000.0,
0.84375,1.2675613266788812,2.0875,1.833987734664224,76410.0000023545,5.522539350282949,5641000.0,
0.8020833333333334,1.2258152949619119,2.0187500000000003,1.7735869410076177,76420.00000235508,5.757896991273924,5642000.0,
0.8229166666666666,1.2447907639241707,2.05,1.801041847215166,76430.00000235566,5.6356925740312835,5643000.0,
0.875,1.1726839818675876,1.9312499999999997,1.6967132036264825,76440.00000235625,5.218303122274305,5644000.0,
0.8541666666666666,1.4573160163014682,2.4,2.108536796739706,76450.00000235683,5.679294360691422,5645000.0,
0.78125,1.0512409805091318,1.73125,1.5210018038981736,76460.00000235741,5.690119121875127,5646000.0,
0.8020833333333334,1.066421355678939,1.7562499999999996,1.5429657288642122,76470.00000235799,5.561769482557642,5647000.0,
0.7916666666666666,1.0664213556789388,1.7562499999999999,1.5429657288642122,76480.00000235857,5.635476975749221,5648000.0,
0.8125,1.1916594508298461,1.9625000000000001,1.7241681098340305,76490.00000235916,5.645629580659361,5649000.0,
0.84375,1.2941269832260431,2.13125,1.8724246033547913,76500.00000235974,5.558469017302067,5650000.0,
0.8333333333333334,1.2865367956411398,2.11875,1.8614426408717721,76510.00000236032,5.619341654916488,5651000.0,
0.84375,1.2334054825468155,2.03125,1.784568903490637,76520.0000023609,5.487490448595879,5652000.0,
0.8020833333333334,1.2447907639241709,2.0500000000000003,1.801041847215166,76530.00000236148,5.787269004525904,5653000.0,
0.90625,1.3358730149430125,2.1999999999999997,1.9328253970113973,76540.00000236207,5.223029993635699,5654000.0,
0.8229166666666666,1.3814141404524332,2.275,1.9987171719095134,76550.00000236265,5.807791867028006,5655000.0,
0.8645833333333334,1.3282828273581089,2.1875,1.9218434345283784,76560.00000236323,5.46692712576096,5656000.0,
0.84375,1.339668108735464,2.2062500000000003,1.9383163782529074,76570.00000236381,5.61590047469615,5657000.0,
0.7395833333333334,1.176479075660039,1.9375,1.702204184867992,76580.0000023644,6.186785792607741,5658000.0,
0.8125,1.1157575749808115,1.8374999999999997,1.6143484850038377,76590.00000236498,5.557340092435206,5659000.0,
0.8333333333333334,1.4838816728486304,2.44375,2.1469736654302736,76600.00000236556,5.860655507565738,5660000.0,
0.8333333333333334,1.2599711390939776,2.0749999999999997,1.8230057721812045,76610.00000236614,5.592462867060183,5661000.0,
0.78125,0.9563636356978386,1.575,1.3837272728604322,76620.00000236672,5.577209453850502,5662000.0,
0.78125,1.1726839818675876,1.9312499999999997,1.6967132036264825,76630.0000023673,5.854632830281147,5663000.0,
0.8020833333333334,1.0626262618864872,1.75,1.5374747476227026,76640.00000236789,5.565869105881853,5664000.0,
0.8229166666666666,1.1802741694524912,1.9437499999999999,1.7076951661095017,76650.00000236847,5.568431902268878,5665000.0,
0.8645833333333334,1.1309379501506183,1.8625,1.6363124099698763,76660.00000236905,5.24349208706342,5666000.0,
0.8229166666666666,1.1764790756600394,1.9375,1.702204184867992,76670.00000236963,5.564832800951527,5667000.0,
0.875,1.487676766641082,2.4499999999999997,2.1524646466717834,76680.00000237022,5.589723447730394,5668000.0,
0.8333333333333334,1.3965945156222404,2.3,2.020681096875552,76690.0000023708,5.7604109188943315,5669000.0,
0.8333333333333334,1.2903318894335916,2.125,1.8669336221132815,76700.00000237138,5.633395767467983,5670000.0,
0.8020833333333334,1.214430013584557,2.0,1.7571139972830885,76710.00000237196,5.758767289817319,5671000.0,
0.8541666666666666,1.2372005763392673,2.0375,1.7900598847321465,76720.00000237254,5.4347689675657085,5672000.0,
0.8125,1.165093794282684,1.91875,1.6857312411434633,76730.00000237313,5.62524108029434,5673000.0,
0.84375,1.2447907639241707,2.0499999999999994,1.801041847215166,76740.00000237371,5.511848312944982,5674000.0,
0.78125,1.3055122646033988,2.15,1.8888975470793203,76750.00000237429,6.031053032183357,5675000.0,
0.7291666666666666,1.0588311680940354,1.7437499999999997,1.5319837663811928,76760.00000237487,6.124108459269361,5676000.0,
0.84375,1.4687012976788232,2.4187499999999997,2.1250097404642356,76770.00000237545,5.778705241839471,5677000.0,
0.84375,1.4914718604335337,2.45625,2.1579556279132928,76780.00000237604,5.806186402635206,5678000.0,
0.8125,1.2334054825468153,2.03125,1.784568903490637,76790.00000237662,5.712393927388835,5679000.0,
0.8125,1.1461183253204255,1.8875,1.658276334935915,76800.0000023772,5.605476400546128,5680000.0,
0.8333333333333334,1.370028859075078,2.25625,1.9822442281849841,76810.00000237778,5.734532131038087,5681000.0,
0.7916666666666666,1.2220202011694603,2.0124999999999997,1.768095959766108,76820.00000237837,5.849917622685657,5682000.0,
0.8020833333333334,1.2751515142637846,2.1,1.8449696971472431,76830.00000237895,5.840705784171005,5683000.0,
0.8020833333333334,1.2106349197921051,1.9937499999999997,1.751623016041579,76840.00000237953,5.760788991063487,5684000.0,
0.8125,1.184069263244943,1.95,1.713186147351011,76850.00000238011,5.654749349786708,5685000.0,
0.8333333333333334,1.339668108735464,2.20625,1.9383163782529074,76860.0000023807,5.700599230630695,5686000.0,
0.8333333333333334,1.1916594508298461,1.9624999999999997,1.7241681098340307,76870.00000238128,5.523488841143982,5687000.0,
0.84375,1.2865367956411398,2.11875,1.861442640871772,76880.00000238186,5.56823867152352,5688000.0,
0.84375,1.3244877335656573,2.18125,1.9163524532868685,76890.00000238244,5.613711388076063,5689000.0,
0.8854166666666666,1.3320779211505607,2.19375,1.927334415769888,76900.00000238302,5.358579769909579,5690000.0,
0.78125,1.3852092342448852,2.28125,2.004208153151023,76910.0000023836,6.14159848665829,5691000.0,
0.7708333333333334,1.0891919184336494,1.79375,1.5759116163132703,76920.00000238419,5.8411111375877764,5692000.0,
0.8333333333333334,1.313102452188302,2.1625,1.8998795095623395,76930.00000238477,5.6722204427743055,5693000.0,
0.8229166666666666,1.2296103887543637,2.025,1.779077922249127,76940.00000238535,5.6430683206618815,5694000.0,
0.8541666666666666,1.4193650783769505,2.3375,2.0536269843246098,76950.00000238593,5.659254238244625,5695000.0,
0.8333333333333334,1.0740115432638424,1.7687499999999998,1.5539476913472317,76960.00000238651,5.38681135206504,5696000.0,
0.7916666666666666,1.0132900425846143,1.66875,1.4660919914830772,76970.0000023871,5.594153211842102,5697000.0,
0.8229166666666666,1.0588311680940352,1.7437500000000001,1.5319837663811928,76980.00000238768,5.437564457581094,5698000.0,
0.8125,1.0891919184336492,1.79375,1.57591161631327,76990.00000238826,5.5451567202757905,5699000.0,
0.7916666666666666,0.868396522293781,1.91875,1.7450706955412436,77000.00000238884,5.787484266618702,5700000.0,
0.8020833333333334,0.9843713021440902,2.175,1.9781257395711818,77010.00000238942,5.487525259970372,5701000.0,
0.84375,0.9306268919695566,2.05625,1.8701246216060887,77020.00000239,5.1533331066785895,5702000.0,
0.8541666666666666,1.2248068213459515,2.7062500000000003,2.4612886357308095,77030.00000239059,5.435381156842707,5703000.0,
0.8958333333333334,1.3266383353608573,2.93125,2.665922332927828,77040.00000239117,5.296710234959713,5704000.0,
0.8125,1.0098291806478168,2.2312499999999997,2.0292841638704364,77050.00000239175,5.450556427616484,5705000.0,
0.8229166666666666,0.8655678691267,1.9124999999999999,1.7393864261746597,77060.00000239233,5.206763486684315,5706000.0,
0.8333333333333334,1.0946887756602384,2.4187499999999997,2.1998122448679522,77070.00000239292,5.417124030941036,5707000.0,
0.7916666666666666,1.0833741629919154,2.3937500000000003,2.177075167401617,77080.0000023935,5.688469995514819,5708000.0,
0.8020833333333334,1.0154864869819782,2.24375,2.0406527026036043,77090.00000239408,5.530474061846422,5709000.0,
0.8541666666666666,1.1314612668322876,2.5,2.2737077466335425,77100.00000239466,5.329513190583007,5710000.0,
0.8645833333333334,1.1229753073310453,2.4812499999999997,2.256654938533791,77110.00000239525,5.255969030309514,5711000.0,
0.7708333333333334,0.8485959501242157,1.875,1.7052808099751566,77120.00000239583,5.539797448970761,5712000.0,
0.8333333333333334,0.9447701578049603,2.0875,1.8985459684390082,77130.00000239641,5.240221689514877,5713000.0,
0.8125,1.1201466541639649,2.4749999999999996,2.250970669167207,77140.00000239699,5.590947164252011,5714000.0,
0.84375,1.0098291806478168,2.2312499999999997,2.0292841638704364,77150.00000239757,5.2536222389396166,5715000.0,
0.8645833333333334,1.1597477985030948,2.5625,2.3305504402993806,77160.00000239816,5.300910706846,5716000.0,
0.8229166666666666,0.9758853426428482,2.15625,1.9610729314714301,77170.00000239874,5.346389783615654,5717000.0,
0.8645833333333334,1.2021775960093057,2.65625,2.4158144807981388,77180.00000239932,5.350949990708662,5718000.0,
0.8020833333333334,1.0154864869819782,2.24375,2.040652702603604,77190.0000023999,5.53566886704153,5719000.0,
0.8333333333333334,1.0607449376552698,2.34375,2.131601012468946,77200.00000240048,5.382891425335452,5720000.0,
0.8125,1.1116606946627228,2.45625,2.2339178610674555,77210.00000240107,5.584092649994282,5721000.0,
0.8854166666666666,1.1512618390018527,2.5437499999999997,2.313497632199629,77220.00000240165,5.169422783013092,5722000.0,
0.8125,1.1173180009968842,2.46875,2.245286399800623,77230.00000240223,5.592081129585104,5723000.0,
0.875,1.0239724464832205,2.2624999999999997,2.057705510703356,77240.00000240281,5.086442319932486,5724000.0,
0.8020833333333334,0.9391128514707988,2.0749999999999997,1.8871774297058403,77250.0000024034,5.443566672118683,5725000.0,
0.8854166666666666,1.1371185731664488,2.5124999999999997,2.28507628536671,77260.00000240398,5.15533156512851,5726000.0,
0.8541666666666666,1.2361214340142743,2.7312499999999997,2.484025713197145,77270.00000240456,5.460334849723377,5727000.0,
0.8645833333333334,1.1003460819943998,2.43125,2.21118078360112,77280.00000240514,5.23798823955917,5728000.0,
0.7916666666666666,1.0748882034906733,2.375,2.1600223593018653,77290.00000240572,5.6888035203559975,5729000.0,
0.84375,1.0409443654857047,2.3,2.091811126902859,77300.0000024063,5.297906902451619,5730000.0,
0.8541666666666666,1.0324584059844624,2.28125,2.074758318803107,77310.00000240689,5.223851304712978,5731000.0,
0.8333333333333334,0.8910257476304264,1.96875,1.7905448504739148,77320.00000240747,5.185228397305989,5732000.0,
0.8229166666666666,1.0437730186527856,2.30625,2.0974953962694425,77330.00000240805,5.43698746585605,5733000.0,
0.84375,0.9419415046378793,2.0812500000000003,1.892861699072424,77340.00000240863,5.182545487125917,5734000.0,
0.875,1.0664022439894312,2.3562499999999997,2.1429695512021136,77350.00000240922,5.140171612320841,5735000.0,
0.9166666666666666,1.3436102543633417,2.9687499999999996,2.700027949127332,77360.0000024098,5.209390732168731,5736000.0,
0.90625,1.0041718743136554,2.21875,2.0179156251372685,77370.00000241038,4.8951758614492045,5737000.0,
0.8229166666666666,0.9589134236403637,2.11875,1.926967315271927,77380.00000241096,5.336398590904394,5738000.0,
0.8541666666666666,1.0126578338148973,2.2375000000000003,2.0349684332370206,77390.00000241154,5.204572586075666,5739000.0,
0.8541666666666666,1.0070005274807359,2.225,2.0235998945038527,77400.00000241213,5.198437203050335,5740000.0,
0.9270833333333334,1.0805455098248347,2.3874999999999997,2.1713908980350327,77410.00000241271,4.869350212979363,5741000.0,
0.8854166666666666,1.2644079656850815,2.7937499999999997,2.5408684068629834,77420.00000241329,5.306623114326462,5742000.0,
0.7916666666666666,1.0154864869819782,2.24375,2.040652702603604,77430.00000241387,5.621138194240181,5743000.0,
0.8229166666666666,0.9758853426428482,2.15625,1.9610729314714301,77440.00000241445,5.360060669692399,5744000.0,
0.8333333333333334,0.978713995809929,2.1625,1.966757200838014,77450.00000241504,5.29695429512177,5745000.0,
0.8541666666666666,1.1229753073310456,2.4812499999999997,2.256654938533791,77460.00000241562,5.337139384338673,5746000.0,
0.8125,1.1201466541639649,2.475,2.250970669167207,77470.0000024162,5.607870241176074,5747000.0,
0.8541666666666666,1.0748882034906735,2.3749999999999996,2.160022359301865,77480.00000241678,5.281817896915855,5748000.0,
0.8854166666666666,1.0437730186527852,2.30625,2.097495396269443,77490.00000241736,5.060729527090179,5749000.0,
0.8125,1.057916284488189,2.3375,2.125916743102362,77500.00000241795,5.532817478498286,5750000.0,
0.875,1.0324584059844626,2.2812499999999996,2.0747583188031076,77510.00000241853,5.108997702220368,5751000.0,
0.8125,0.8712251754608614,1.9249999999999998,1.7507549649078278,77520.00000241911,5.304069446874967,5752000.0,
0.84375,1.0437730186527856,2.30625,2.097495396269443,77530.00000241969,5.312617404971289,5753000.0,
0.8020833333333334,0.9985145679794941,2.20625,2.006547086404101,77540.00000242027,5.532690890104427,5754000.0,
0.8020833333333334,1.0550876313211084,2.3312500000000003,2.120232473735778,77550.00000242086,5.603743021023872,5755000.0,
0.8645833333333334,1.089031469326077,2.4062499999999996,2.1884437061347843,77560.00000242144,5.238395434545993,5756000.0,
0.84375,1.038115712318624,2.2937499999999997,2.086126857536275,77570.00000242202,5.307887757958078,5757000.0,
0.8854166666666666,1.137118573166449,2.5124999999999997,2.28507628536671,77580.0000024226,5.170390388658798,5758000.0,
0.8541666666666666,0.9758853426428482,2.15625,1.9610729314714304,77590.00000242318,5.171277962265055,5759000.0,
0.8854166666666666,1.487676766641082,2.4499999999999997,2.1524646466717834,77600.00000242377,5.139384423477706,5760000.0,
0.8333333333333334,1.1423232315279737,1.8812499999999999,1.6527853536944053,77610.00000242435,5.50128537798389,5761000.0,
0.8854166666666666,1.3244877335656573,2.18125,1.9163524532868685,77620.00000242493,5.383889675698013,5762000.0,
0.84375,1.1916594508298461,1.9624999999999997,1.7241681098340307,77630.00000242551,5.492828485082661,5763000.0,
0.8854166666666666,1.1385281377355219,1.875,1.6472943724528957,77640.0000024261,5.17480589687815,5764000.0,
0.8020833333333334,1.3055122646033983,2.15,1.8888975470793203,77650.00000242668,5.921155550830666,5765000.0,
0.78125,1.2030447322072015,1.98125,1.7406410535585597,77660.00000242726,5.948427924052383,5766000.0,
0.8020833333333334,1.1385281377355219,1.875,1.6472943724528957,77670.00000242784,5.714006509540907,5767000.0,
0.8645833333333334,1.3358730149430125,2.1999999999999997,1.9328253970113973,77680.00000242842,5.529682041524954,5768000.0,
0.8541666666666666,1.1423232315279739,1.8812499999999999,1.652785353694405,77690.000002429,5.371010124862559,5769000.0,
0.8333333333333334,1.3586435776977226,2.2375,1.9657712844604553,77700.00000242959,5.76536979338785,5770000.0,
0.8645833333333334,1.419365078376951,2.3375,2.05362698432461,77710.00000243017,5.627696958267906,5771000.0,
0.84375,1.415569984584499,2.3312500000000003,2.0481360030831,77720.00000243075,5.7626483769402865,5772000.0,
0.8541666666666666,1.3244877335656573,2.18125,1.9163524532868685,77730.00000243133,5.586227102858009,5773000.0,
0.7604166666666666,1.0588311680940354,1.7437500000000001,1.5319837663811928,77740.00000243192,5.926131399302513,5774000.0,
0.875,1.252380951509074,2.0624999999999996,1.8120238096981849,77750.0000024325,5.371766325677731,5775000.0,
0.8333333333333334,1.229610388754364,2.025,1.779077922249127,77760.00000243308,5.613529966655994,5776000.0,
0.8333333333333334,1.313102452188302,2.1625,1.89987950956234,77770.00000243366,5.71422044277675,5777000.0,
0.7604166666666666,1.1575036066977806,1.90625,1.6747492786604437,77780.00000243424,6.058084195274688,5778000.0,
0.9166666666666666,1.2751515142637848,2.1,1.8449696971472431,77790.00000243483,5.1542539247885335,5779000.0,
0.8541666666666666,1.2941269832260431,2.13125,1.8724246033547913,77800.00000243541,5.554097443924025,5780000.0,
0.8125,1.195454544622298,1.96875,1.7296590910755405,77810.00000243599,5.7179927730232425,5781000.0,
0.84375,1.2789466080562362,2.1062499999999997,1.8504606783887525,77820.00000243657,5.605662646734238,5782000.0,
0.8854166666666666,1.487676766641082,2.4499999999999997,2.1524646466717834,77830.00000243715,5.578079642466126,5783000.0,
0.8020833333333334,1.1916594508298461,1.9624999999999997,1.7241681098340305,77840.00000243774,5.789079315477201,5784000.0,
0.8125,1.240995670131719,2.0437499999999997,1.7955508659736559,77850.00000243832,5.776094671086239,5785000.0,
0.90625,1.3244877335656573,2.18125,1.9163524532868685,77860.0000024389,5.271156579705598,5786000.0,
0.8333333333333334,1.2144300135845567,2.0,1.7571139972830885,77870.00000243948,5.600813516452545,5787000.0,
0.7916666666666666,1.123347762565715,1.8499999999999999,1.625330447486857,77880.00000244007,5.781068226557858,5788000.0,
0.8229166666666666,1.195454544622298,1.96875,1.7296590910755405,77890.00000244065,5.649663750580146,5789000.0,
0.8333333333333334,1.2751515142637846,2.1,1.8449696971472431,77900.00000244123,5.675179317267707,5790000.0,
0.75,1.2296103887543637,2.025,1.779077922249127,77910.00000244181,6.245588851840479,5791000.0,
0.84375,1.358643577697723,2.2375,1.9657712844604556,77920.0000024424,5.705056586062708,5792000.0,
0.8854166666666666,1.4459307349241126,2.38125,2.0920638530151776,77930.00000244298,5.535637065468412,5793000.0,
0.8125,1.1575036066977804,1.9062499999999998,1.6747492786604437,77940.00000244356,5.677950593013968,5794000.0,
0.875,1.3472582963203674,2.21875,1.9492983407359266,77950.00000244414,5.489721386415002,5795000.0,
0.8645833333333334,1.3093073583958503,2.1562499999999996,1.89438852832083,77960.00000244472,5.5124494749169735,5796000.0,
0.8020833333333334,1.1005771998110043,1.8125,1.592384560037799,77970.0000024453,5.682275470051506,5797000.0,
0.8333333333333334,1.1385281377355219,1.8749999999999998,1.6472943724528955,77980.00000244589,5.515231265434025,5798000.0,
0.90625,1.518037516980696,2.4999999999999996,2.196392496603861,77990.00000244647,5.490705766003,5799000.0,
0.8541666666666666,1.3814141404524332,2.275,1.9987171719095131,78000.00000244705,5.666043384092074,5800000.0,
0.8333333333333334,1.2372005763392673,2.0375,1.7900598847321465,78010.00000244763,5.635138191758607,5801000.0,
0.7916666666666666,1.1726839818675874,1.9312499999999997,1.6967132036264825,78020.00000244821,5.850756082518546,5802000.0,
0.8125,1.3206926397732055,2.1750000000000003,1.910861472045359,78030.0000024488,5.883414018337836,5803000.0,
0.8229166666666666,1.3282828273581089,2.1875,1.9218434345283784,78040.00000244938,5.818670271373472,5804000.0,
0.8645833333333334,1.252380951509074,2.0624999999999996,1.812023809698185,78050.00000244996,5.450944233216859,5805000.0,
0.8541666666666666,1.2751515142637846,2.1,1.844969697147243,78060.00000245054,5.544565187578705,5806000.0,
0.8541666666666666,1.2599711390939774,2.0749999999999997,1.8230057721812045,78070.00000245112,5.52728084591652,5807000.0,
0.84375,1.313102452188302,2.1625,1.8998795095623395,78080.0000024517,5.658983153360643,5808000.0,
0.7708333333333334,1.1157575749808115,1.8374999999999997,1.6143484850038377,78090.00000245229,5.938817935274261,5809000.0,
0.8333333333333334,1.2599711390939776,2.0749999999999997,1.8230057721812043,78100.00000245287,5.6669628670645205,5810000.0,
0.78125,0.944978354320483,1.5562499999999997,1.3672543291359034,78110.00000245345,5.6421029603587805,5811000.0,
0.8125,1.0588311680940354,1.7437500000000001,1.5319837663811928,78120.00000245403,5.565738360886819,5812000.0,
0.8020833333333334,1.0967821060185527,1.8062499999999997,1.5868935787962897,78130.00000245462,5.685855612856206,5813000.0,
0.7708333333333334,1.1840692632449428,1.95,1.7131861473510115,78140.0000024552,6.030141206535994,5814000.0,
0.84375,1.2030447322072015,1.98125,1.7406410535585597,78150.00000245578,5.532001164247442,5815000.0,
0.8645833333333334,1.3852092342448852,2.28125,2.0042081531510227,78160.00000245636,5.609878150598346,5816000.0,
0.8854166666666666,1.0664213556789388,1.7562499999999996,1.5429657288642122,78170.00000245695,5.118308825380403,5817000.0,
0.84375,1.2751515142637846,2.1,1.8449696971472431,78180.00000245753,5.618942535573849,5818000.0,
0.78125,1.020880230169518,1.6812499999999997,1.4770739539660962,78190.00000245811,5.74352402811246,5819000.0,
0.84375,1.057916284488189,2.3375,2.125916743102362,78200.00000245869,5.790849969584571,5820000.0,
0.8229166666666666,1.0522589781540275,2.3249999999999997,2.114548204369194,78210.00000245927,5.491856479936102,5821000.0,
0.8541666666666666,1.1342899199993683,2.5062499999999996,2.279392016000126,78220.00000245986,5.3874589308793555,5822000.0,
0.7708333333333334,0.936284198303718,2.06875,1.8814931603392562,78230.00000246044,5.713555176342257,5823000.0,
0.875,1.1936916365080634,2.6375,2.3987616726983867,78240.00000246102,5.328026156154125,5824000.0,
0.8541666666666666,1.0409443654857047,2.3,2.091811126902859,78250.0000024616,5.279639745107346,5825000.0,
0.8125,1.035287059151543,2.2875,2.080442588169691,78260.00000246218,5.543940483214425,5826000.0,
0.9270833333333334,1.1852056770068213,2.61875,2.3817088645986355,78270.00000246277,5.020893764099261,5827000.0,
0.8125,1.0098291806478168,2.2312499999999997,2.0292841638704364,78280.00000246335,5.513633350697078,5828000.0,
0.8645833333333334,1.074888203490673,2.375,2.160022359301865,78290.00000246393,5.257217681292635,5829000.0,
0.84375,1.0720595503235926,2.36875,2.154338089935281,78300.00000246451,5.3841668746080416,5830000.0,
0.875,1.188034330173902,2.625,2.3873931339652192,78310.0000024651,5.324893996534325,5831000.0,
0.8229166666666666,0.9985145679794938,2.2062499999999994,2.006547086404101,78320.00000246568,5.432116437192688,5832000.0,
0.8333333333333334,0.9843713021440902,2.1750000000000003,1.9781257395711815,78330.00000246626,5.347743062725326,5833000.0,
0.90625,1.106003388328561,2.4437499999999996,2.2225493223342876,78340.00000246684,5.052139371169397,5834000.0,
0.8854166666666666,1.1258039604981263,2.4875,2.2623392079003746,78350.00000246742,5.19384682611786,5835000.0,
0.8229166666666666,1.0437730186527852,2.30625,2.097495396269443,78360.000002468,5.489139364593262,5836000.0,
0.8541666666666666,1.0607449376552698,2.34375,2.131601012468946,78370.00000246859,5.308674561306201,5837000.0,
0.8541666666666666,1.1852056770068213,2.61875,2.3817088645986355,78380.00000246917,5.454872500059267,5838000.0,
0.8333333333333334,1.1342899199993683,2.50625,2.2793920160001258,78390.00000246975,5.530645404151834,5839000.0,
0.875,1.0098291806478168,2.2312499999999997,2.0292841638704364,78400.00000247033,5.125516682790476,5840000.0,
0.8125,1.0692308971565117,2.3625,2.1486538205686974,78410.00000247092,5.593409822297912,5841000.0,
0.9270833333333334,1.0918601224931577,2.4124999999999996,2.1941279755013685,78420.0000024715,4.9269479974332295,5842000.0,
0.875,1.1738910643384985,2.59375,2.3589717871322997,78430.00000247208,5.314444549865625,5843000.0,
0.8645833333333334,1.128632613665207,2.4937500000000004,2.2680234772669583,78440.00000247266,5.326608806314203,5844000.0,
0.8229166666666666,1.1173180009968842,2.46875,2.245286399800623,78450.00000247324,5.583067444404078,5845000.0,
0.8541666666666666,1.2446073935155162,2.75,2.5010785212968965,78460.00000247383,5.528318412069673,5846000.0,
0.8333333333333334,0.9504274641391216,2.0999999999999996,1.9099145071721757,78470.00000247441,5.314010457119771,5847000.0,
0.875,1.1003460819943998,2.43125,2.21118078360112,78480.00000247499,5.23277409385346,5848000.0,
0.8958333333333334,1.046601671819866,2.3125,2.1031796656360267,78490.00000247557,5.05155302915044,5849000.0,
0.8541666666666666,1.1767197175055792,2.6,2.364656056498884,78500.00000247615,5.45079137674108,5850000.0,
0.875,1.2446073935155164,2.75,2.5010785212968965,78510.00000247674,5.399072735591962,5851000.0,
0.875,1.0183151401490589,2.25,2.0463369719701885,78520.00000247732,5.140929207935086,5852000.0,
0.90625,1.0607449376552696,2.34375,2.1316010124689457,78530.0000024779,5.010934643990181,5853000.0,
0.8125,0.9702280363086867,2.1437500000000003,1.9497043927382627,78540.00000247848,5.478226814075335,5854000.0,
0.8541666666666666,0.9277982388024758,2.0499999999999994,1.8644403522395046,78550.00000247906,5.161810133381491,5855000.0,
0.8020833333333334,1.0041718743136554,2.2187499999999996,2.017915625137269,78560.00000247965,5.592731168134517,5856000.0,
0.875,1.097517428827319,2.4250000000000003,2.205496514234536,78570.00000248023,5.23382706166276,5857000.0,
0.875,1.0381157123186242,2.2937499999999997,2.086126857536275,78580.00000248081,5.166415576129042,5858000.0,
0.8645833333333334,0.9645707299745253,2.13125,1.9383358540050948,78590.00000248139,5.144079398672389,5859000.0,
0.8333333333333334,1.1201466541639646,2.4749999999999996,2.250970669167207,78600.00000248197,5.52417348514996,5860000.0,
0.7708333333333334,0.936284198303718,2.0687499999999996,1.8814931603392562,78610.00000248256,5.734095716883993,5861000.0,
0.8645833333333334,0.8457672969571348,1.8687499999999997,1.6995965406085727,78620.00000248314,5.008113982170431,5862000.0,
0.84375,1.0409443654857047,2.3000000000000003,2.0918111269028588,78630.00000248372,5.363585914801122,5863000.0,
0.78125,0.7693936614459557,1.7,1.5461212677108087,78640.0000024843,5.445621220147697,5864000.0,
0.8541666666666666,1.1173180009968842,2.46875,2.245286399800623,78650.00000248489,5.388564976926448,5865000.0,
0.8645833333333334,1.0550876313211084,2.3312500000000003,2.1202324737357783,78660.00000248547,5.252147139989115,5866000.0,
0.8144329896907216,1.0106165377149423,2.2329896907216495,2.030866383178661,78670.00000248605,5.477336761653442,5867000.0,
0.845360824742268,1.0470099310398568,2.3134020618556703,2.104000075647699,78680.00000248663,5.3204849185748895,5868000.0,
0.8247422680412371,1.262570799195122,2.7896907216494844,2.53717656181046,78690.00000248721,5.715364594177549,5869000.0,
0.8762886597938144,1.1589896028088258,2.560824742268041,2.329026821706276,78700.0000024878,5.261432840996889,5870000.0,
0.845360824742268,1.2289768976644313,2.715463917525773,2.469668537992887,78710.00000248838,5.537201940069898,5871000.0,
0.8969072164948454,1.044210439245633,2.3072164948453606,2.098374406996234,78720.00000248896,5.013427731254144,5872000.0,
0.7835051546391752,1.0050175541264939,2.2206185567010306,2.0196150458757316,78730.00000248954,5.689559246875742,5873000.0,
0.8247422680412371,1.1785860453683954,2.6041237113402063,2.3684065022665273,78740.00000249012,5.61603308016279,5874000.0,
0.8556701030927835,1.158989602808826,2.560824742268041,2.3290268217062757,78750.0000024907,5.390623993792135,5875000.0,
0.7938144329896907,1.122596209483911,2.4804123711340202,2.255893129237238,78760.00000249129,5.7653458744445825,5876000.0,
0.8144329896907216,0.9574261936246823,2.1154639175257732,1.9239786788008366,78770.00000249187,5.417090389796075,5877000.0,
0.8041237113402062,1.0190150130976148,2.251546391752577,2.0477433891330543,78780.00000249245,5.563644311317522,5878000.0,
0.8350515463917526,1.0554084064225298,2.3319587628865976,2.120877081602092,78790.00000249303,5.401659449818344,5879000.0,
0.8556701030927835,1.4122443869313195,2.3257731958762884,2.0433243184900247,78800.00000249362,5.268709213629499,5880000.0,
0.8041237113402062,1.2019101165372932,1.9793814432989691,1.7389994199915106,78810.0000024942,5.792629247646442,5881000.0,
0.7731958762886598,1.168106394509682,1.9237113402061856,1.6900900613042495,78820.00000249478,5.981148270396621,5882000.0,
0.8350515463917526,1.265761591478337,2.084536082474227,1.8313837641785593,78830.00000249536,5.655539189947018,5883000.0,
0.8247422680412371,1.2206899621081884,2.0103092783505154,1.7661712859288776,78840.00000249594,5.67208407921008,5884000.0,
0.8144329896907216,1.2244459312223674,2.0164948453608247,1.7716056591163512,78850.00000249653,5.74900070051752,5885000.0,
0.8350515463917526,1.3709287266753503,2.2577319587628866,1.9835462134278163,78860.00000249711,5.7829615617262435,5886000.0,
0.845360824742268,1.3897085722462457,2.288659793814433,2.0107180793651835,78870.00000249769,5.735140628295182,5887000.0,
0.8041237113402062,1.2394698076790838,2.0412371134020617,1.793343151866245,78880.00000249827,5.8429278379127245,5888000.0,
0.8350515463917526,1.258249653249979,2.0721649484536084,1.8205150178036125,78890.00000249885,5.6495063750317485,5889000.0,
0.865979381443299,1.273273529706695,2.096907216494845,1.8422525105535066,78900.00000249944,5.46556348087947,5890000.0,
0.8556701030927835,1.2657615914783371,2.0845360824742265,1.8313837641785593,78910.00000250002,5.523116558864182,5891000.0,
0.8247422680412371,1.2845414370492323,2.1154639175257732,1.858555630115927,78920.0000025006,5.753503992576328,5892000.0,
0.7525773195876289,1.1793743018522191,1.9422680412371132,1.7063931808666692,78930.00000250118,6.166015168383539,5893000.0,
0.8350515463917526,1.1605944562813237,1.9113402061855669,1.6792213149293023,78940.00000250177,5.535030398415108,5894000.0,
0.7835051546391752,1.3108332208484856,2.158762886597938,1.8965962424282408,78950.00000250235,6.091455558350537,5895000.0,
0.8762886597938144,1.434780201616394,2.3628865979381444,2.0759305576148654,78960.00000250293,5.588393877283885,5896000.0,
0.8556701030927835,1.273273529706695,2.096907216494845,1.8422525105535061,78970.00000250351,5.534787137275805,5897000.0,
0.8350515463917526,1.3559048502186337,2.2329896907216495,1.9618087206779227,78980.0000025041,5.770895931895706,5898000.0,
0.8144329896907216,1.3070772517343066,2.1525773195876288,1.8911618692407677,78990.00000250468,5.857548018108542,5899000.0,
0.845360824742268,1.194398178308935,1.9670103092783506,1.7281306736165634,79000.00000250526,5.510444186686781,5900000.0,
0.7731958762886598,1.3634167884469917,2.245360824742268,1.9726774670528697,79010.00000250584,6.243883046556132,5901000.0,
0.8762886597938144,1.3746846957895291,2.2639175257731954,1.98898058661529,79020.00000250642,5.522637829458097,5902000.0,
0.845360824742268,1.3972205104746034,2.3010309278350514,2.0215868257401306,79030.000002507,5.751831579614547,5903000.0,
0.8247422680412371,1.085475073997743,1.7876288659793815,1.5705338511798328,79040.00000250759,5.518136027376746,5904000.0,
0.8247422680412371,1.3221011281910227,2.177319587628866,1.9128993619906616,79050.00000250817,5.805545118086127,5905000.0,
0.7422680412371134,1.1643504253955026,1.9175257731958764,1.6846556881167754,79060.00000250875,6.238635989940654,5906000.0,
0.8762886597938144,1.262005622364158,2.0783505154639172,1.825949390991086,79070.00000250933,5.396404063313987,5907000.0,
0.8556701030927835,1.1192787960253545,1.843298969072165,1.6194432098670941,79080.00000250991,5.360118593094305,5908000.0,
0.8041237113402062,1.2995653135059484,2.14020618556701,1.8802931228658204,79090.0000025105,5.928431223364708,5909000.0,
0.8350515463917526,1.2394698076790835,2.0412371134020617,1.793343151866245,79100.00000251108,5.637387300706713,5910000.0,
0.8144329896907216,1.1643504253955026,1.917525773195876,1.6846556881167756,79110.00000251166,5.688377104756186,5911000.0,
0.8247422680412371,1.2432257767932626,2.047422680412371,1.7987775250537186,79120.00000251224,5.713408754516547,5912000.0,
0.8041237113402062,1.186886240080577,1.954639175257732,1.7172619272416165,79130.00000251282,5.790355965387123,5913000.0,
0.7628865979381443,1.0441594137417733,1.7195876288659793,1.5107557461176246,79140.0000025134,5.9168008533153245,5914000.0,
0.845360824742268,1.1418146107104286,1.8804123711340206,1.652049448991935,79150.00000251399,5.455558746967022,5915000.0,
0.7422680412371134,1.17561833273804,1.9360824742268037,1.7009588076791962,79160.00000251457,6.25937192066634,5916000.0,
0.8144329896907216,1.198154147423114,1.9731958762886597,1.7335650468040367,79170.00000251515,5.732920915347227,5917000.0,
0.8041237113402062,1.183130270966398,1.9484536082474226,1.711827554054143,79180.00000251574,5.7882491832837415,5918000.0,
0.8144329896907216,1.1793743018522187,1.9422680412371134,1.7063931808666697,79190.00000251632,5.710874775848845,5919000.0,
0.8350515463917526,1.3221011281910224,2.177319587628866,1.9128993619906616,79200.0000025169,5.741279128974384,5920000.0,
0.7628865979381443,1.258249653249979,2.0721649484536084,1.8205150178036122,79210.00000251748,6.201216437535758,5921000.0,
0.8556701030927835,1.284541437049232,2.1154639175257732,1.8585556301159267,79220.00000251806,5.560003848267182,5922000.0,
0.8144329896907216,1.2319578694507254,2.028865979381443,1.7824744054912982,79230.00000251865,5.77746472593827,5923000.0,
0.8247422680412371,1.186886240080577,1.954639175257732,1.7172619272416165,79240.00000251923,5.651097066252765,5924000.0,
0.8350515463917526,1.2319578694507256,2.028865979381443,1.7824744054912984,79250.00000251981,5.635798930236147,5925000.0,
0.8144329896907216,1.3521488811044549,2.2268041237113403,1.9563743474904491,79260.00000252039,5.92656001872838,5926000.0,
0.7938144329896907,1.085475073997743,1.7876288659793815,1.5705338511798328,79270.00000252097,5.745076392080431,5927000.0,
0.7525773195876289,1.1004989504544591,1.8123711340206183,1.5922713439297267,79280.00000252156,6.08038627680133,5928000.0,
0.845360824742268,1.3296130664193806,2.1896907216494848,1.9237681083656082,79290.00000252214,5.684539847013375,5929000.0,
0.8247422680412371,1.3183451590768436,2.1711340206185565,1.907464988803188,79300.00000252272,5.813491005535913,5930000.0,
0.8865979381443299,1.3559048502186337,2.2329896907216495,1.961808720677923,79310.0000025233,5.450727563763128,5931000.0,
0.8144329896907216,1.0253795681708784,1.6886597938144328,1.4835838801802574,79320.00000252388,5.528374912974671,5932000.0,
0.845360824742268,1.1267907342537127,1.8556701030927836,1.6303119562420407,79330.00000252447,5.44656708823215,5933000.0,
0.8556701030927835,1.3296130664193806,2.1896907216494848,1.9237681083656082,79340.00000252505,5.618461053676005,5934000.0,
0.7938144329896907,1.1943981783089352,1.9670103092783504,1.7281306736165636,79350.00000252563,5.886447055953215,5935000.0,
0.8041237113402062,1.1080108886828173,1.824742268041237,1.6031400903046737,79360.00000252621,5.704062259162391,5936000.0,
0.8762886597938144,1.5474592750417648,2.548453608247423,2.2389617532390695,79370.0000025268,5.736274702252784,5937000.0,
0.845360824742268,1.2620056223641578,2.0783505154639172,1.825949390991086,79380.00000252738,5.608955431484892,5938000.0,
0.8041237113402062,1.2244459312223674,2.016494845360825,1.7716056591163514,79390.00000252796,5.850398145397561,5939000.0,
0.7628865979381443,0.8734414397979559,1.9298969072164944,1.7552086192569032,79400.00000252854,6.098249314648067,5940000.0,
0.7938144329896907,0.9546267018304578,2.109278350515464,1.9183530101493722,79410.00000252912,5.5875141570129765,5941000.0,
0.8969072164948454,1.1841850289568436,2.616494845360825,2.3796578395694556,79420.0000025297,5.201675262313345,5942000.0,
0.8556701030927835,1.0470099310398568,2.31340206185567,2.1040000756476984,79430.00000253029,5.2925272689556095,5943000.0,
0.8969072164948454,1.0022180623322696,2.2144329896907213,2.0139893772242674,79440.00000253087,4.999712092628529,5944000.0,
0.865979381443299,0.9098348331228704,2.0103092783505154,1.828342311725941,79450.00000253145,5.072068795540149,5945000.0,
0.8969072164948454,1.0862028161589963,2.4,2.1827594367682006,79460.00000253203,5.0942698066652765,5946000.0,
0.865979381443299,1.069405865393651,2.3628865979381444,2.1490054248594137,79470.00000253262,5.257287725662416,5947000.0,
0.8247422680412371,1.0722053571878751,2.3690721649484536,2.1546310935108783,79480.0000025332,5.524046495746062,5948000.0,
0.845360824742268,1.1057992587185659,2.443298969072165,2.2221391173284517,79490.00000253378,5.42954058668493,5949000.0,
0.845360824742268,0.9882206033611486,2.1835051546391755,1.9858610339669454,79500.00000253436,5.290941445591429,5950000.0,
0.865979381443299,1.1925835043395165,2.6350515463917525,2.396534845523849,79510.00000253494,5.40143333254049,5951000.0,
0.8865979381443299,1.0890023079532203,2.406185567010309,2.1883851054196652,79520.00000253553,5.159453766092242,5952000.0,
0.865979381443299,1.10859875051279,2.4494845360824744,2.227764785979916,79530.00000253611,5.305403319193017,5953000.0,
0.8762886597938144,1.0218145048918392,2.257731958762886,2.0533690577845185,79540.00000253669,5.144421258670395,5954000.0,
0.8865979381443299,1.2065809633106375,2.6659793814432993,2.4246631887811714,79550.00000253727,5.293466900623364,5955000.0,
0.8247422680412371,0.9322307674766643,2.0597938144329895,1.873347660937657,79560.00000253785,5.358327305721453,5956000.0,
0.8556701030927835,1.147791635631929,2.536082474226804,2.306524147100418,79570.00000253844,5.417055285166014,5957000.0,
0.865979381443299,1.0134160295091665,2.239175257731959,2.0364920518301255,79580.00000253902,5.1978708913675415,5958000.0,
0.865979381443299,0.9742231443900276,2.1525773195876288,1.9577326907096233,79590.0000025396,5.153088631170469,5959000.0,
0.8556701030927835,1.007817045920718,2.2268041237113403,2.0252407145271967,79600.00000254018,5.254916306828901,5960000.0,
0.8247422680412371,0.9910200951553729,2.1896907216494843,1.9914867026184098,79610.00000254076,5.432109365532032,5961000.0,
0.8762886597938144,0.9742231443900274,2.1525773195876288,1.9577326907096233,79620.00000254135,5.093875823745016,5962000.0,
0.8144329896907216,1.007817045920718,2.2268041237113403,2.0252407145271962,79630.00000254193,5.522507005908932,5963000.0,
0.8556701030927835,1.0470099310398573,2.31340206185567,2.104000075647698,79640.00000254251,5.30264775088391,5964000.0,
0.865979381443299,0.9854211115669242,2.177319587628866,1.9802353653154807,79650.00000254309,5.168876759934432,5965000.0,
0.8144329896907216,0.9602256854189065,2.1216494845360825,1.929604347452301,79660.00000254367,5.465591031621987,5966000.0,
0.8350515463917526,1.1533906192203776,2.548453608247423,2.317775484403347,79670.00000254426,5.562452963912123,5967000.0,
0.865979381443299,1.044210439245633,2.3072164948453606,2.0983744069962342,79680.00000254484,5.238193007373025,5968000.0,
0.8247422680412371,1.044210439245633,2.307216494845361,2.098374406996234,79690.00000254542,5.500602657741705,5969000.0,
0.8350515463917526,1.0386114556571844,2.294845360824742,2.0871230696933054,79700.000002546,5.42648285445999,5970000.0,
0.8144329896907216,0.9070353413286462,2.004123711340206,1.8227166430744766,79710.00000254659,5.4028130141948525,5971000.0,
0.845360824742268,1.05540840642253,2.3319587628865976,2.120877081602092,79720.00000254717,5.381151407750029,5972000.0,
0.8247422680412371,0.996619078743821,2.202061855670103,2.002738039921339,79730.00000254775,5.444898133133374,5973000.0,
0.865979381443299,1.136593668455032,2.511340206185567,2.2840214724945604,79740.00000254833,5.347730783960235,5974000.0,
0.8556701030927835,1.044210439245633,2.30721649484536,2.098374406996234,79750.00000254891,5.304677260474101,5975000.0,
0.8969072164948454,1.033012472068736,2.2824742268041236,2.075871732390376,79760.0000025495,5.048758733370041,5976000.0,
0.8144329896907216,1.1281951930723595,2.492783505154639,2.267144466540167,79770.00000255008,5.677401692918323,5977000.0,
0.8865979381443299,1.16178909460305,2.5670103092783503,2.3346524903577404,79780.00000255066,5.253643513825892,5978000.0,
0.8556701030927835,0.9294312756824399,2.0536082474226807,1.8677219922861923,79790.00000255124,5.172465466912409,5979000.0,
0.8144329896907216,0.9490277182420095,2.096907216494845,1.9071016728464434,79800.00000255182,5.458930236481146,5980000.0,
0.845360824742268,0.993819586949597,2.195876288659794,1.9971123712698744,79810.0000025524,5.312686584715229,5981000.0,
0.8556701030927835,1.007817045920718,2.22680412371134,2.0252407145271962,79820.00000255299,5.265518716468071,5982000.0,
0.9278350515463918,1.226177405870207,2.709278350515464,2.464042869341422,79830.00000255357,5.091766759799475,5983000.0,
0.8041237113402062,0.9714236525958032,2.146391752577319,1.9521070220581587,79840.00000255415,5.558819157876125,5984000.0,
0.8247422680412371,1.1085987505127899,2.449484536082474,2.227764785979916,79850.00000255473,5.586673485153599,5985000.0,
0.7938144329896907,0.979822127978476,2.1649484536082473,1.9689840280125521,79860.00000255532,5.642630473070932,5986000.0,
0.8350515463917526,1.2037814715164132,2.6597938144329896,2.419037520129707,79870.0000025559,5.632674108020296,5987000.0,
0.8556701030927835,1.0358119638629604,2.288659793814433,2.0814974010418408,79880.00000255648,5.301127235027246,5988000.0,
0.8247422680412371,0.9378297510651126,2.0721649484536084,1.8845989982405853,79890.00000255706,5.381616073323405,5989000.0,
0.8556701030927835,1.1449921438377049,2.5298969072164947,2.3008984784489535,79900.00000255764,5.4296872043953766,5990000.0,
0.8762886597938144,1.1477916356319289,2.536082474226804,2.306524147100418,79910.00000255823,5.305595160810098,5991000.0,
0.8762886597938144,1.2485733402240007,2.7587628865979377,2.5090482185531378,79920.00000255881,5.421075458991666,5992000.0,
0.8247422680412371,1.0498094228340813,2.319587628865979,2.1096257442991635,79930.00000255939,5.5193914253433976,5993000.0,
0.8865979381443299,1.1281951930723595,2.492783505154639,2.267144466540167,79940.00000255997,5.223194578378919,5994000.0,
0.7938144329896907,1.0498094228340813,2.3195876288659796,2.1096257442991626,79950.00000256056,5.735471610746447,5995000.0,
0.845360824742268,1.1002002751301172,2.430927835051546,2.210887780025523,79960.00000256114,5.44584422805115,5996000.0,
0.8247422680412371,0.9574261936246822,2.1154639175257732,1.9239786788008366,79970.00000256172,5.409376759927118,5997000.0,
0.7938144329896907,1.0890023079532205,2.406185567010309,2.188385105419665,79980.0000025623,5.786402907584934,5998000.0,
0.8556701030927835,1.1085987505127899,2.449484536082474,2.2277647859799163,79990.00000256288,5.39149251581109,5999000.0,
0.7835051546391752,1.3521488811044549,2.2268041237113403,1.9563743474904494,80000.00000256347,5.759974387722261,6000000.0,
0.845360824742268,1.2244459312223674,2.016494845360825,1.7716056591163514,80010.00000256405,5.5952567724531,6001000.0,
0.8247422680412371,1.1643504253955028,1.9175257731958764,1.6846556881167756,80020.00000256463,5.662772390949383,6002000.0,
0.8041237113402062,1.1004989504544591,1.8123711340206181,1.592271343929727,80030.00000256521,5.729079464188098,6003000.0,
0.865979381443299,1.3221011281910224,2.177319587628866,1.9128993619906616,80040.0000025658,5.576233445799056,6004000.0,
0.8247422680412371,1.374684695789529,2.263917525773196,1.98898058661529,80050.00000256638,5.919302693802226,6005000.0,
0.8144329896907216,1.2657615914783367,2.0845360824742265,1.8313837641785593,80060.00000256696,5.860995878303731,6006000.0,
0.7938144329896907,1.4573160163014682,2.4,2.108536796739706,80070.00000256754,6.25505783888105,6007000.0,
0.7525773195876289,1.1192787960253543,1.8432989690721648,1.619443209867094,80080.00000256812,6.149175934617262,6008000.0,
0.7938144329896907,1.1155228269111752,1.8371134020618558,1.6140088366796206,80090.0000025687,5.825526158740093,6009000.0,
0.8041237113402062,1.186886240080577,1.9546391752577321,1.7172619272416165,80100.00000256929,5.840099555133608,6010000.0,
0.7835051546391752,1.108010888682817,1.824742268041237,1.6031400903046737,80110.00000256987,5.89364284493212,6011000.0,
0.8762886597938144,1.258249653249979,2.072164948453608,1.8205150178036125,80120.00000257045,5.441529604445389,6012000.0,
0.845360824742268,1.2770294988208741,2.1030927835051547,1.8476868837409797,80130.00000257103,5.663312943880943,6013000.0,
0.8556701030927835,1.2169339929940093,2.004123711340206,1.7607369127414045,80140.00000257161,5.525330088349803,6014000.0,
0.8247422680412371,1.3221011281910224,2.1773195876288662,1.9128993619906616,80150.0000025722,5.860545118089329,6015000.0,
0.7938144329896907,1.17561833273804,1.936082474226804,1.7009588076791962,80160.00000257278,5.904867250496225,6016000.0,
0.7835051546391752,1.273273529706695,2.0969072164948455,1.8422525105535061,80170.00000257336,6.107728057818042,6017000.0,
0.865979381443299,1.2732735297066953,2.0969072164948455,1.8422525105535061,80180.00000257394,5.526515861835399,6018000.0,
0.8556701030927835,1.2657615914783371,2.0845360824742265,1.8313837641785593,80190.00000257452,5.584803305855724,6019000.0,
0.8247422680412371,1.2094220547656511,1.9917525773195874,1.7498681663664573,80200.0000025751,5.726421741561211,6020000.0,
0.865979381443299,1.4648279545298262,2.4123711340206184,2.1194055431146537,80210.00000257569,5.749144185738383,6021000.0,
0.8865979381443299,1.265761591478337,2.0845360824742265,1.8313837641785595,80220.00000257627,5.391379934721304,6022000.0,
0.9072164948453608,1.2882974061634112,2.1216494845360825,1.8639900033034003,80230.00000257685,5.294143731937347,6023000.0,
0.845360824742268,1.3408809737619176,2.2082474226804125,1.9400712279280288,80240.00000257744,5.744210420335904,6024000.0,
0.8350515463917526,1.1906422091947562,1.9608247422680412,1.7226963004290898,80250.00000257802,5.635704867957182,6025000.0,
0.8969072164948454,1.269517560592516,2.0907216494845358,1.8368181373660328,80260.0000025786,5.335436820576055,6026000.0,
0.8144329896907216,1.1643504253955026,1.9175257731958764,1.684655688116776,80270.00000257918,5.747111281974795,6027000.0,
0.7938144329896907,1.2507377150216206,2.05979381443299,1.8096462714286652,80280.00000257976,6.0057319268797995,6028000.0,
0.7938144329896907,1.1192787960253543,1.843298969072165,1.6194432098670941,80290.00000258035,5.84064731463778,6029000.0,
0.8144329896907216,1.2807854679350528,2.109278350515464,1.8531212569284532,80300.00000258093,5.891594815219648,6030000.0,
0.8556701030927835,1.1718623636238608,1.9298969072164947,1.6955244344917224,80310.00000258151,5.480848786556251,6031000.0,
0.7835051546391752,0.9803079388007298,1.6144329896907217,1.4183714019305755,80320.00000258209,5.741706185214835,6032000.0,
0.8556701030927835,1.3258570973052013,2.183505154639175,1.9183337351781347,80330.00000258267,5.661782390979078,6033000.0,
0.8762886597938144,1.4160003560454986,2.3319587628865976,2.0487586916774982,80340.00000258326,5.631903935871466,6034000.0,
0.9072164948453608,1.4535600471872892,2.393814432989691,2.1031024235522326,80350.00000258384,5.481762779429895,6035000.0,
0.845360824742268,1.367172757561171,2.251546391752577,1.978111840240343,80360.00000258442,5.7811653353182875,6036000.0,
0.8350515463917526,1.1493265489387867,1.8927835051546393,1.6629181953668817,80370.000002585,5.5921540155522305,6037000.0,
0.8556701030927835,1.348392911990276,2.220618556701031,1.9509399743029756,80380.00000258558,5.690529065972619,6038000.0,
0.8144329896907216,1.273273529706695,2.0969072164948455,1.8422525105535061,80390.00000258617,5.886928258154715,6039000.0,
0.8350515463917526,1.3446369428760967,2.2144329896907213,1.9455056011155023,80400.00000258675,5.827525721872305,6040000.0,
0.8865979381443299,1.2282019003365465,2.022680412371134,1.7770400323038247,80410.00000258733,5.357853306340961,6041000.0,
0.8556701030927835,1.3934645413604245,2.294845360824742,2.0161524525526575,80420.00000258791,5.745130849694472,6042000.0,
0.8556701030927835,1.33336903553356,2.195876288659794,1.9292024815530817,80430.0000025885,5.675380680234189,6043000.0,
0.8041237113402062,1.2131780238798302,1.9979381443298965,1.755302539553931,80440.00000258908,5.89023164524395,6044000.0,
0.865979381443299,1.2019101165372932,1.9793814432989687,1.7389994199915106,80450.00000258966,5.4569652537714814,6045000.0,
0.8144329896907216,1.183130270966398,1.9484536082474226,1.711827554054143,80460.00000259024,5.779790332866201,6046000.0,
0.7835051546391752,1.092987012226101,1.8,1.5814025975547796,80470.00000259082,5.893415002613466,6047000.0,
0.8350515463917526,1.4009764795887825,2.30721649484536,2.027021198927604,80480.0000025914,5.898944673244516,6048000.0,
0.7938144329896907,1.265761591478337,2.0845360824742265,1.8313837641785595,80490.00000259199,6.035567199819414,6049000.0,
0.8865979381443299,1.2882974061634112,2.1216494845360825,1.8639900033034003,80500.00000259257,5.429821493145924,6050000.0,
0.8144329896907216,1.2845414370492323,2.1154639175257732,1.858555630115927,80510.00000259315,5.90683948615793,6051000.0,
0.8350515463917526,1.2544936841358,2.065979381443299,1.8150806446161392,80520.00000259373,5.725502313257726,6052000.0,
0.845360824742268,1.359660819332813,2.239175257731959,1.9672430938653962,80530.00000259432,5.780571944975469,6053000.0,
0.7731958762886598,1.1192787960253543,1.8432989690721648,1.6194432098670941,80540.0000025949,6.009731243028897,6054000.0,
0.8762886597938144,1.2056660856514725,1.9855670103092784,1.744433793178984,80550.00000259548,5.401757768481212,6055000.0,
0.8144329896907216,1.2507377150216206,2.0597938144329895,1.8096462714286656,80560.00000259606,5.867865295820377,6056000.0,
0.845360824742268,1.2995653135059484,2.1402061855670103,1.8802931228658208,80570.00000259664,5.71143457832673,6057000.0,
0.865979381443299,1.385952603132066,2.2824742268041236,2.0052837061777105,80580.00000259723,5.675680982339615,6058000.0,
0.8247422680412371,1.3596608193328128,2.2391752577319584,1.9672430938653964,80590.00000259781,5.9280862436000294,6059000.0,
0.8247422680412371,0.8538449972383862,1.8865979381443296,1.7158289386966525,80600.00000259839,5.66900182819636,6060000.0,
0.8144329896907216,1.0218145048918392,2.2577319587628866,2.053369057784518,80610.00000259897,5.589314012496615,6061000.0,
0.8865979381443299,1.019015013097615,2.251546391752577,2.047743389133054,80620.00000259955,5.131677398641804,6062000.0,
0.8247422680412371,1.094601291541669,2.4185567010309277,2.1996364427225936,80630.00000260014,5.608701566153384,6063000.0,
0.845360824742268,0.9994185705380456,2.208247422680412,2.008363708572803,80640.00000260072,5.359797577499044,6064000.0,
0.8556701030927835,1.0498094228340815,2.319587628865979,2.109625744299163,80650.0000026013,5.354594144911318,6065000.0,
0.8865979381443299,1.0162155213033908,2.245360824742268,2.04211772048159,80660.00000260188,5.130380297432149,6066000.0,
0.8247422680412371,0.9126343249170948,2.0164948453608247,1.8339679803774058,80670.00000260246,5.390066619121205,6067000.0,
0.8762886597938144,1.0610073900109782,2.3443298969072166,2.1321284189050207,80680.00000260305,5.242794315809475,6068000.0,
0.8865979381443299,0.9686241608015791,2.1402061855670107,1.9464813534066943,80690.00000260363,5.078097018726698,6069000.0,
0.845360824742268,1.2037814715164132,2.6597938144329896,2.4190375201297067,80700.00000260421,5.604470765241917,6070000.0,
0.8144329896907216,0.9574261936246823,2.1154639175257732,1.9239786788008362,80710.0000026048,5.515318237903059,6071000.0,
0.865979381443299,0.9826216197727001,2.1711340206185565,1.9746096966640168,80720.00000260537,5.216596394413116,6072000.0,
0.7938144329896907,1.0610073900109782,2.344329896907216,2.1321284189050207,80730.00000260596,5.7900976213482735,6073000.0,
0.8247422680412371,1.069405865393651,2.3628865979381444,2.1490054248594137,80740.00000260654,5.583652111949232,6074000.0,
0.8762886597938144,1.1309946848665837,2.4989690721649485,2.2727701351916316,80750.00000260712,5.325956287586064,6075000.0,
0.8556701030927835,1.2317763894586555,2.7216494845360826,2.475294206644351,80760.0000026077,5.5725555396415505,6076000.0,
0.7731958762886598,0.92943127568244,2.05360824742268,1.8677219922861923,80770.00000260829,5.776461783386108,6077000.0,
0.8144329896907216,1.0134160295091665,2.239175257731959,2.036492051830125,80780.00000260887,5.5876095553816825,6078000.0,
0.845360824742268,1.047009931039857,2.31340206185567,2.1040000756476984,80790.00000260945,5.423411747849174,6079000.0,
0.8865979381443299,1.0638068818052027,2.350515463917526,2.137754087556485,80800.00000261003,5.190570552882246,6080000.0,
0.8969072164948454,1.0134160295091665,2.239175257731959,2.0364920518301255,80810.00000261061,5.075185688220229,6081000.0,
0.8556701030927835,1.069405865393651,2.3628865979381444,2.149005424859414,80820.0000026112,5.385688782601894,6082000.0,
0.8247422680412371,0.9518272100362336,2.1030927835051543,1.9127273414979076,80830.00000261178,5.445587992328626,6083000.0,
0.8350515463917526,1.0862028161589963,2.4,2.1827594367682006,80840.00000261236,5.539771273829634,6084000.0,
0.8350515463917526,1.0750048489820991,2.3752577319587624,2.1602567621623425,80850.00000261294,5.5268551896795515,6085000.0,
0.8969072164948454,1.0806038325705478,2.387628865979382,2.171508099465272,80860.00000261352,5.152395077840524,6086000.0,
0.8041237113402062,1.0218145048918392,2.2577319587628866,2.053369057784518,80870.0000026141,5.674305217785809,6087000.0,
0.865979381443299,1.058207898216754,2.338144329896907,2.1265027502535565,80880.00000261469,5.311499596902526,6088000.0,
0.8865979381443299,1.158989602808826,2.5608247422680406,2.329026821706276,80890.00000261527,5.3021138544795985,6089000.0,
0.8247422680412371,0.9630251772131306,2.1278350515463917,1.9352300161037654,80900.00000261585,5.462665527530817,6090000.0,
0.8556701030927835,1.069405865393651,2.362886597938144,2.1490054248594137,80910.00000261643,5.390026131999737,6091000.0,
0.8350515463917526,1.0750048489820994,2.3752577319587624,2.160256762162343,80920.00000261702,5.530311979803209,6092000.0,
0.9072164948453608,1.1645885863972745,2.57319587628866,2.3402781590092046,80930.0000026176,5.189601055606072,6093000.0,
0.7835051546391752,0.8706419480037314,1.9237113402061856,1.7495829506054392,80940.00000261818,5.634369328541618,6094000.0,
0.8144329896907216,1.0246139966860635,2.2639175257731963,2.0589947264359827,80950.00000261876,5.609966553055083,6095000.0,
0.9072164948453608,1.147791635631929,2.536082474226804,2.3065241471004185,80960.00000261934,5.172449871239805,6096000.0,
0.865979381443299,1.133794176660808,2.5051546391752573,2.2783958038430963,80970.00000261993,5.40306946605841,6097000.0,
0.7731958762886598,0.865042964415283,1.9113402061855669,1.7383316133025102,80980.00000262051,5.704386234147904,6098000.0,
0.865979381443299,1.1645885863972743,2.5731958762886595,2.3402781590092046,80990.00000262109,5.439582058254147,6099000.0,
0.8762886597938144,1.1141977341012381,2.4618556701030925,2.2390161232828447,81000.00000262167,5.31855270847806,6100000.0,
0.8144329896907216,0.9686241608015792,2.14020618556701,1.946481353406694,81010.00000262226,5.544257514057854,6101000.0,
0.845360824742268,1.0330124720687361,2.2824742268041236,2.075871732390376,81020.00000262284,5.4180732902864275,6102000.0,
0.8556701030927835,1.1477916356319289,2.536082474226804,2.306524147100418,81030.00000262342,5.487416730953242,6103000.0,
0.8350515463917526,1.05540840642253,2.3319587628865976,2.120877081602092,81040.000002624,5.512770560935922,6104000.0,
0.8762886597938144,1.3465555530218487,2.9752577319587625,2.705946621354393,81050.00000262458,5.5860669253640705,6105000.0,
0.8762886597938144,1.1337941766608082,2.5051546391752577,2.2783958038430963,81060.00000262517,5.343739237046205,6106000.0,
0.8041237113402062,1.0610073900109784,2.344329896907216,2.1321284189050207,81070.00000262575,5.733301497998669,6107000.0,
0.8041237113402062,1.1253957012781353,2.4865979381443295,2.261518797888703,81080.00000262633,5.81388696201042,6108000.0,
0.8762886597938144,1.083403324364772,2.3938144329896907,2.1771337681167364,81090.00000262691,5.287646146779045,6109000.0,
0.845360824742268,1.2793677499604672,2.8268041237113395,2.5709305737192465,81100.0000026275,5.713395997061021,6110000.0,
0.8762886597938144,1.1169972258954624,2.468041237113402,2.244641791934309,81110.00000262808,5.32692389323177,6111000.0,
0.8762886597938144,1.1197967176896868,2.4742268041237114,2.2502674605857735,81120.00000262866,5.330589195632265,6112000.0,
0.8762886597938144,1.1617890946030502,2.5670103092783503,2.33465249035774,81130.00000262924,5.378980496345189,6113000.0,
0.8247422680412371,1.1281951930723595,2.492783505154639,2.267144466540167,81140.00000262982,5.67493417176083,6114000.0,
0.865979381443299,1.2485733402240007,2.7587628865979377,2.5090482185531373,81150.0000026304,5.544183500173547,6115000.0,
0.865979381443299,1.172987061779947,2.5917525773195877,2.357155164963598,81160.00000263099,5.457375535779847,6116000.0,
0.8247422680412371,1.0890023079532205,2.406185567010309,2.188385105419665,81170.00000263157,5.628912798553962,6117000.0,
0.9175257731958762,1.1701875699857227,2.585567010309278,2.351529496312134,81180.00000263215,5.148629149454742,6118000.0,
0.845360824742268,1.2177789304875346,2.6907216494845354,2.4471658633870286,81190.00000263273,5.644931174026221,6119000.0,
0.865979381443299,1.476095861872363,2.4309278350515466,2.135708662677074,81200.00000263331,5.3752288892914635,6120000.0,
0.7938144329896907,1.2131780238798306,1.9979381443298967,1.7553025395539308,81210.0000026339,6.006728160119578,6121000.0,
0.865979381443299,1.2019101165372932,1.9793814432989687,1.7389994199915102,81220.00000263448,5.493631920440282,6122000.0,
0.8350515463917526,1.4347802016163935,2.3628865979381444,2.0759305576148654,81230.00000263506,5.976462710736527,6123000.0,
0.7628865979381443,1.1906422091947562,1.9608247422680412,1.7226963004290898,81240.00000263564,6.222325598713003,6124000.0,
0.7835051546391752,1.2357138385649047,2.0350515463917525,1.7879087786787717,81250.00000263622,6.116632136232487,6125000.0,
0.8556701030927835,1.3108332208484856,2.158762886597938,1.8965962424282412,81260.0000026368,5.6890436437973335,6126000.0,
0.8350515463917526,1.190642209194756,1.9608247422680414,1.72269630042909,81270.00000263739,5.686075238330483,6127000.0,
0.7835051546391752,1.3408809737619176,2.208247422680412,1.9400712279280288,81280.00000263797,6.25243755878666,6128000.0,
0.8556701030927835,1.09674298134028,1.8061855670103095,1.5868369707422534,81290.00000263855,5.440287580757707,6129000.0,
0.865979381443299,1.2958093443917693,2.134020618556701,1.8748587496783475,81300.00000263914,5.605872695462934,6130000.0,
0.8556701030927835,1.4272682633880356,2.350515463917526,2.065061811239919,81310.00000263972,5.827527970620803,6131000.0,
0.8556701030927835,1.4235122942738565,2.344329896907216,2.0596274380524453,81320.0000026403,5.823620392258476,6132000.0,
0.8041237113402062,1.363416788446992,2.245360824742268,1.9726774670528697,81330.00000264088,6.122708057592949,6133000.0,
0.8367346938775511,1.1970810133904917,1.9714285714285713,1.732012368750473,81340.00000264146,5.642362674697102,6134000.0,
0.8163265306122449,1.2082339420866766,1.9897959183673466,1.7481491299500118,81350.00000264205,5.797584079217385,6135000.0,
0.8877551020408163,1.4238572302129142,2.3448979591836734,2.060126513141091,81360.00000264263,5.574457569813385,6136000.0,
0.7857142857142857,1.2268221565803177,2.020408163265306,1.7750437319492427,81370.00000264321,6.048160666984056,6137000.0,
0.8061224489795918,1.2714338713650564,2.093877551020408,1.8395907767473971,81380.00000264379,5.950890119071886,6138000.0,
0.8469387755102041,1.1822104417955783,1.9469387755102041,1.710496687151088,81390.00000264437,5.559234015769548,6139000.0,
0.8367346938775511,1.2193868707828612,2.008163265306122,1.7642858911495503,81400.00000264496,5.671947723775958,6140000.0,
0.8367346938775511,1.2305397994790457,2.026530612244898,1.780422652349089,81410.00000264554,5.685764638559231,6141000.0,
0.8571428571428571,1.2565632997701435,2.0693877551020408,1.8180750951480122,81420.00000264612,5.581226230837938,6142000.0,
0.8469387755102041,1.223104513681589,2.0142857142857142,1.7696648115493965,81430.0000026467,5.609446293418203,6143000.0,
0.8163265306122449,1.063245869036275,1.751020408163265,1.53837123435601,81440.00000264728,5.6244736897309044,6144000.0,
0.7857142857142857,1.1450340128082963,1.8857142857142855,1.6567074831526263,81450.00000264787,5.948222509975751,6145000.0,
0.8163265306122449,1.3866808012256315,2.283673469387755,2.0063373091426286,81460.00000264845,6.021681481662925,6146000.0,
0.8061224489795918,1.2639985855675997,2.081632653061224,1.8288329359477045,81470.00000264903,5.946223562006952,6147000.0,
0.8061224489795918,1.2863044429599695,2.1183673469387756,1.8611064583467813,81480.00000264961,5.974400448392453,6148000.0,
0.7959183673469388,1.249128013972687,2.057142857142857,1.8073172543483198,81490.0000026502,6.0047992997724675,6149000.0,
0.8877551020408163,1.3011750145548822,2.142857142857143,1.8826221399461662,81500.00000265078,5.442700591256435,6150000.0,
0.7959183673469388,1.252845656871415,2.063265306122449,1.812696174748166,81510.00000265136,6.0104958254658,6151000.0,
0.826530612244898,1.122728155415927,1.8489795918367347,1.6244339607535494,81520.00000265194,5.630952583255517,6152000.0,
0.7755102040816326,1.1561869415044812,1.9040816326530612,1.672844244352165,81530.00000265252,6.045080530004968,6153000.0,
0.7653061224489796,1.2305397994790455,2.026530612244898,1.780422652349089,81540.0000026531,6.223369338158496,6154000.0,
0.826530612244898,1.2491280139726866,2.057142857142857,1.8073172543483198,81550.00000265369,5.785362288669956,6155000.0,
0.8163265306122449,1.0558105832388187,1.7387755102040816,1.5276133935563179,81560.00000265427,5.6213654646293705,6156000.0,
0.8571428571428571,1.189645727593035,1.9591836734693875,1.721254527950781,81570.00000265485,5.510298587107918,6157000.0,
0.8979591836734694,1.1822104417955788,1.946938775510204,1.7104966871510887,81580.00000265543,5.252004810328599,6158000.0,
0.826530612244898,1.282586800061241,2.1122448979591835,1.8557275379469353,81590.00000265602,5.827818597764864,6159000.0,
0.826530612244898,1.3420690864408924,2.210204081632653,1.9417902643444747,81600.0000026566,5.90027864795262,6160000.0,
0.8469387755102041,1.2305397994790457,2.026530612244898,1.780422652349089,81610.00000265718,5.626900004360283,6161000.0,
0.8469387755102041,1.5428218029722176,2.540816326530612,2.2322519659361686,81620.00000265776,5.996100442219719,6162000.0,
0.8367346938775511,1.282586800061241,2.1122448979591835,1.8557275379469353,81630.00000265834,5.758698858767845,6163000.0,
0.8571428571428571,1.141316369909568,1.8795918367346935,1.65132856275278,81640.00000265893,5.457247669810735,6164000.0,
0.8877551020408163,1.3086103003523388,2.1551020408163266,1.893379980745859,81650.00000265951,5.457972522385006,6165000.0,
0.8061224489795918,1.078116440631188,1.7755102040816326,1.5598869159553952,81660.00000266009,5.725255837909179,6166000.0,
0.8877551020408163,1.4350101589090984,2.3632653061224493,2.0762632743406293,81670.00000266067,5.601273512483479,6167000.0,
0.8571428571428571,1.2751515142637844,2.0999999999999996,1.8449696971472431,81680.00000266125,5.615293433462193,6168000.0,
0.7755102040816326,1.122728155415927,1.8489795918367347,1.6244339607535494,81690.00000266184,6.010357358470217,6169000.0,
0.8979591836734694,1.5242335884785763,2.510204081632653,2.2053573639369377,81700.00000266242,5.638348769134982,6170000.0,
0.8061224489795918,1.1450340128082963,1.8857142857142855,1.6567074831526263,81710.000002663,5.810799155293585,6171000.0,
0.8571428571428571,1.3271985148459797,2.185714285714286,1.9202745827450896,81720.00000266358,5.677919696046293,6172000.0,
0.8163265306122449,1.2379750852765021,2.038775510204082,1.7911804931487811,81730.00000266416,5.853016979626028,6173000.0,
0.8571428571428571,1.3718102296307184,2.2591836734693875,1.9848216275432442,81740.00000266475,5.730919077580925,6174000.0,
0.8469387755102041,1.1673398702006657,1.9224489795918367,1.6889810055517036,81750.00000266533,5.559025389068132,6175000.0,
0.8163265306122449,1.189645727593035,1.9591836734693882,1.7212545279507805,81760.00000266591,5.795313516463867,6176000.0,
0.8163265306122449,1.3718102296307184,2.2591836734693875,1.9848216275432442,81770.0000026665,6.018965031460058,6177000.0,
0.7653061224489796,1.0000459397578951,1.6469387755102038,1.4469295875586252,81780.00000266708,5.9349906947902715,6178000.0,
0.8163265306122449,1.20079865628922,1.9775510204081628,1.7373912891503192,81790.00000266766,5.810475854116781,6179000.0,
0.8571428571428571,0.8506741442877854,1.879591836734694,1.7094570078771363,81800.00000266824,5.464866717430225,6180000.0,
0.8367346938775511,1.0751191139532923,2.3755102040816323,2.1604863812909736,81810.00000266882,5.519530160736905,6181000.0,
0.8367346938775511,0.9559693152419736,2.1122448979591835,1.921051034910789,81820.0000026694,5.377619425691699,6182000.0,
0.8469387755102041,1.0668063372990144,2.357142857142857,2.143781589683054,81830.00000266999,5.444178567088092,6183000.0,
0.8367346938775511,1.003075049616216,2.216326530612245,2.0157115206890013,81840.00000267057,5.434892132626826,6184000.0,
0.9081632653061225,1.2746257536559649,2.8163265306122454,2.5614013798810515,81850.00000267115,5.306889032261769,6185000.0,
0.8571428571428571,1.016929677373346,2.246938775510204,2.0435528400355345,81860.00000267173,5.322606052328609,6186000.0,
0.8775510204081632,1.0862028161589963,2.3999999999999995,2.1827594367682006,81870.00000267231,5.27822879065813,6187000.0,
0.8571428571428571,0.9836785707562338,2.173469387755102,1.9767336736038552,81880.0000026729,5.284765475561081,6188000.0,
0.8877551020408163,1.1194539227761082,2.473469387755102,2.2495786031998803,81890.00000267348,5.255934303966447,6189000.0,
0.8673469387755102,1.2136653915245927,2.6816326530612247,2.4388995747563054,81900.00000267406,5.488694216263937,6190000.0,
0.8571428571428571,1.1693305827017764,2.583673469387755,2.3498073528473995,81910.00000267464,5.5027880609262025,6191000.0,
0.8979591836734694,1.025242454027624,2.265306122448979,2.060257631643455,81920.00000267522,5.092654096678823,6192000.0,
0.826530612244898,1.0972865183647003,2.4244897959183676,2.2050324922454267,81930.0000026758,5.620418256947805,6193000.0,
0.8979591836734694,1.1083702205704042,2.448979591836735,2.2273055477226538,81940.00000267639,5.1861372912378805,6194000.0,
0.8469387755102041,0.9836785707562338,2.173469387755102,1.9767336736038552,81950.00000267697,5.351810842736712,6195000.0,
0.8469387755102041,1.1388504016360905,2.5163265306122446,2.2885564502850264,81960.00000267755,5.535507703293679,6196000.0,
0.8061224489795918,1.01415875182192,2.240816326530612,2.0379845761662283,81970.00000267813,5.661612122678342,6197000.0,
0.7755102040816326,0.9476565385876957,2.093877551020408,1.9043462433028688,81980.00000267872,5.799870273613649,6198000.0,
0.8673469387755102,1.2136653915245927,2.6816326530612242,2.4388995747563054,81990.0000026793,5.49292951038183,6199000.0,
0.7653061224489796,0.8534450698392114,1.8857142857142855,1.7150252717464431,82000.00000267988,5.755165558097207,6200000.0,
0.8775510204081632,1.064035411747588,2.3510204081632655,2.138213325813748,82010.00000268046,5.259479887957136,6201000.0,
0.8163265306122449,1.0474098584390321,2.314285714285714,2.1048037425979076,82020.00000268104,5.634074576750971,6202000.0,
0.8469387755102041,1.0972865183647005,2.424489795918367,2.2050324922454267,82030.00000268163,5.4898057688288615,6203000.0,
0.8469387755102041,1.0778900395047182,2.3816326530612244,2.1660546451602802,82040.00000268221,5.467385829933971,6204000.0,
0.8571428571428571,1.0030750496162157,2.216326530612245,2.0157115206890013,82050.00000268279,5.315489938993436,6205000.0,
0.8571428571428571,0.9698239429991035,2.1428571428571423,1.9488923542573218,82060.00000268337,5.27717317174969,6206000.0,
0.7959183673469388,0.9892204218590861,2.1857142857142855,1.9878702013424683,82070.00000268396,5.707992325067366,6207000.0,
0.9081632653061225,1.0862028161589963,2.4000000000000004,2.1827594367682,82080.00000268454,5.109749168501664,6208000.0,
0.8367346938775511,1.02801337957905,2.271428571428571,2.065825895512761,82090.00000268512,5.476891600144094,6209000.0,
0.8877551020408163,1.050180783990458,2.3204081632653066,2.1103720064672147,82100.0000026857,5.1875576648751265,6210000.0,
0.7959183673469388,0.9227182086248616,2.038775510204082,1.854231868479109,82110.00000268628,5.626489544337307,6211000.0,
0.8775510204081632,1.02801337957905,2.2714285714285714,2.065825895512761,82120.00000268687,5.223547804788636,6212000.0,
0.8571428571428571,1.05572263509331,2.3326530612244896,2.1215085342058275,82130.00000268745,5.380721645859792,6213000.0,
0.8775510204081632,1.2247490937302967,2.706122448979592,2.461172630233532,82140.00000268803,5.448665246495924,6214000.0,
0.8775510204081632,1.1443922527389425,2.5285714285714285,2.2996929780236397,82150.00000268861,5.3575609393197565,6215000.0,
0.826530612244898,1.036326156233328,2.289795918367347,2.082530687120681,82160.0000026892,5.558021769431496,6216000.0,
0.8877551020408163,1.0474098584390321,2.314285714285714,2.1048037425979076,82170.00000268978,5.187654783219684,6217000.0,
0.8775510204081632,1.1194539227761082,2.473469387755102,2.2495786031998803,82180.00000269036,5.330538191222655,6218000.0,
0.8673469387755102,1.0030750496162157,2.2163265306122444,2.0157115206890017,82190.00000269094,5.259542998535073,6219000.0,
0.8775510204081632,1.1333085505332383,2.504081632653061,2.2774199225464136,82200.00000269152,5.347256255411067,6220000.0,
0.8163265306122449,1.1083702205704042,2.4489795918367347,2.2273055477226538,82210.0000026921,5.718251020362454,6221000.0,
0.8469387755102041,1.1222248483275346,2.4795918367346936,2.2551468670691865,82220.00000269269,5.52840765239997,6222000.0,
0.8469387755102041,1.0224715284761978,2.2591836734693875,2.0546893677741482,82230.00000269327,5.411108551852636,6223000.0,
0.8775510204081632,1.1305376249818122,2.4979591836734696,2.271851658677107,82240.00000269385,5.34595915420141,6224000.0,
0.8367346938775511,1.0058459751676418,2.222448979591837,2.021279784558308,82250.00000269443,5.458203726579694,6225000.0,
0.9183673469387755,1.330044264684485,2.938775510204082,2.6727666572671844,82260.00000269501,5.326490421690976,6226000.0,
0.8367346938775511,1.0003041240647896,2.2102040816326527,2.0101432568196946,82270.0000026956,5.45255614843244,6227000.0,
0.8469387755102041,1.075119113953292,2.3755102040816323,2.160486381290974,82280.00000269618,5.475680399765489,6228000.0,
0.9387755102040817,1.2136653915245927,2.6816326530612242,2.438899574756306,82290.00000269676,5.088032699810059,6229000.0,
0.9387755102040817,1.2552292747959828,2.773469387755102,2.5224235327959055,82300.00000269734,5.132742053729609,6230000.0,
0.8775510204081632,1.1471631782903686,2.53469387755102,2.3052612418929463,82310.00000269793,5.368160366111351,6231000.0,
0.7959183673469388,1.019700602924772,2.253061224489796,2.049121103904841,82320.0000026985,5.759108449996795,6232000.0,
0.826530612244898,1.0917446672618483,2.4122448979591833,2.193895964506814,82330.00000269909,5.633466387713405,6233000.0,
0.7448979591836735,0.9781367196533818,2.1612244897959183,1.965597145865242,82340.00000269967,6.098865733413128,6234000.0,
0.8775510204081632,1.077890039504718,2.3816326530612244,2.1660546451602807,82350.00000270025,5.291081673076648,6235000.0,
0.8673469387755102,1.008616900719068,2.228571428571428,2.0268480484276146,82360.00000270084,5.273932426865886,6236000.0,
0.8061224489795918,0.9531983896905478,2.1061224489795918,1.9154827710414821,82370.00000270142,5.606243572187439,6237000.0,
0.9081632653061225,1.019700602924772,2.253061224489796,2.0491211039048416,82380.000002702,5.050005158424314,6238000.0,
0.8877551020408163,1.1083702205704042,2.4489795918367343,2.2273055477226538,82390.00000270258,5.266437719874003,6239000.0,
0.8469387755102041,1.5502570887696738,2.553061224489796,2.243009806735861,82400.00000270316,5.576342693948389,6240000.0,
0.8673469387755102,1.316045586149795,2.16734693877551,1.9041378215455511,82410.00000270375,5.630732558303803,6241000.0,
0.8571428571428571,1.3086103003523388,2.1551020408163266,1.893379980745859,82420.00000270433,5.689566779138986,6242000.0,
0.8163265306122449,1.267716228466328,2.087755102040816,1.834211856347551,82430.00000270491,5.924449880035601,6243000.0,
0.7959183673469388,1.1375987270108399,1.8734693877551016,1.6459496423529343,82440.00000270549,5.913390708464263,6244000.0,
0.7857142857142857,1.3011750145548824,2.142857142857143,1.8826221399461665,82450.00000270607,6.198895473240663,6245000.0,
0.8673469387755102,1.4015513728205444,2.3081632653061224,2.0278529907420135,82460.00000270666,5.731668641759627,6246000.0,
0.8163265306122449,1.2082339420866766,1.9897959183673466,1.7481491299500118,82470.00000270724,5.853584079220645,6247000.0,
0.8775510204081632,1.3755278725294469,2.2653061224489797,1.99020054794309,82480.00000270782,5.636296878151691,6248000.0,
0.8061224489795918,1.092987012226101,1.7999999999999998,1.5814025975547796,82490.0000027084,5.785728192548352,6249000.0,
0.826530612244898,1.1784927988968505,1.9408163265306122,1.7051177667512423,82500.00000270898,5.746815979074761,6250000.0,
0.826530612244898,1.2416927281752306,2.0448979591836736,1.7965594135486271,82510.00000270957,5.823773918201718,6251000.0,
0.7040816326530612,1.252845656871415,2.063265306122449,1.812696174748166,82520.00000271015,6.853024266471993,6252000.0,
0.8367346938775511,1.3866808012256315,2.2836734693877547,2.006337309142629,82530.00000271073,5.927006323576623,6253000.0,
0.826530612244898,1.07439879773246,1.769387755102041,1.554507995555549,82540.00000271131,5.622850397419193,6254000.0,
0.8571428571428571,1.2602809426688715,2.0755102040816324,1.8234540155478582,82550.0000027119,5.639373004699111,6255000.0,
0.8367346938775511,1.234257442377774,2.0326530612244897,1.7858015727489354,82560.00000271248,5.746305236173171,6256000.0,
0.8469387755102041,1.2863044429599695,2.118367346938775,1.8611064583467816,82570.00000271306,5.739007655701898,6257000.0,
0.9081632653061225,1.2714338713650564,2.093877551020408,1.839590776747397,82580.00000271364,5.336183364123128,6258000.0,
0.8877551020408163,1.2416927281752304,2.0448979591836736,1.7965594135486271,82590.00000271422,5.425812498555837,6259000.0,
0.7959183673469388,1.174775155998122,1.9346938775510203,1.699738846351396,82600.0000027148,5.968304683346199,6260000.0,
0.8673469387755102,1.360657300934534,2.240816326530612,1.9686848663437055,82610.00000271539,5.691579005938521,6261000.0,
0.8571428571428571,1.0446576545426343,1.7204081632653059,1.5114766323567794,82620.00000271597,5.391145835218695,6262000.0,
0.8775510204081632,1.4201395873141855,2.3387755102040813,2.0547475927412444,82630.00000271655,5.694110227557961,6263000.0,
0.7857142857142857,1.1338810841121114,1.86734693877551,1.6405707219530878,82640.00000271713,5.995846055275114,6264000.0,
0.7346938775510204,1.1413163699095679,1.8795918367346938,1.6513285627527798,82650.00000271772,6.422900059226901,6265000.0,
0.8367346938775511,1.3457867293396208,2.2163265306122453,1.9471691847443207,82660.0000027183,5.884474384005906,6266000.0,
0.8571428571428571,1.5130806597823918,2.491836734693877,2.1892206027373993,82670.00000271888,5.940020293712836,6267000.0,
0.8469387755102041,1.1784927988968503,1.9408163265306122,1.7051177667512418,82680.00000271946,5.617013184398765,6268000.0,
0.8061224489795918,1.1115752267197423,1.8306122448979587,1.6082971995540107,82690.00000272004,5.818913572553711,6269000.0,
0.7653061224489796,1.1710575130993939,1.9285714285714286,1.6943599259515496,82700.00000272063,6.207512483959352,6270000.0,
0.8367346938775511,1.0967046551248294,1.8061224489795917,1.5867815179546259,82710.00000272121,5.589229953846907,6271000.0,
0.8469387755102041,1.1152928696184705,1.836734693877551,1.6136761199538572,82720.00000272179,5.5443192919978985,6272000.0,
0.8571428571428571,1.2825868000612408,2.1122448979591835,1.8557275379469353,82730.00000272237,5.673967933562135,6273000.0,
0.8163265306122449,1.122728155415927,1.8489795918367349,1.6244339607535494,82740.00000272295,5.7623394905497625,6274000.0,
0.8571428571428571,1.1561869415044812,1.9040816326530612,1.6728442443521652,82750.00000272354,5.527453812865019,6275000.0,
0.8469387755102041,1.1190105125171987,1.8428571428571432,1.619055040353703,82760.00000272412,5.5506365089145815,6276000.0,
0.8877551020408163,1.4573160163014678,2.4,2.108536796739706,82770.0000027247,5.676974363342195,6277000.0,
0.7653061224489796,1.1524692986057528,1.8979591836734695,1.6674653239523192,82780.00000272528,6.1874905503545765,6278000.0,
0.7959183673469388,1.3569396580358057,2.2346938775510203,1.963305945943859,82790.00000272586,6.206921621804369,6279000.0,
0.8673469387755102,1.2639985855676,2.0816326530612246,1.8288329359477047,82800.00000272645,5.58907836939834,6280000.0,
0.8469387755102041,1.092987012226101,1.8,1.58140259755478,82810.00000272703,5.522319604956558,6281000.0,
0.8673469387755102,1.509363016883663,2.4857142857142858,2.1838416823375533,82820.00000272761,5.872910301974561,6282000.0,
0.7755102040816326,1.2305397994790457,2.026530612244898,1.780422652349089,82830.0000027282,6.2093776363445725,6283000.0,
0.8469387755102041,1.249128013972687,2.057142857142857,1.8073172543483198,82840.00000272878,5.708124643163455,6284000.0,
0.8673469387755102,1.442445444706555,2.3755102040816323,2.0870211151403217,82850.00000272936,5.797170042288096,6285000.0,
0.7959183673469388,1.0669635119350036,1.7571428571428573,1.5437501547558565,82860.00000272994,5.846182361318953,6286000.0,
0.8367346938775511,1.2082339420866763,1.989795918367347,1.7481491299500118,82870.00000273052,5.730325930948106,6287000.0,
0.826530612244898,1.3792455154281746,2.271428571428571,1.9955794683429366,82880.0000027311,6.0084674138915295,6288000.0,
0.7959183673469388,1.1524692986057528,1.897959183673469,1.6674653239523187,82890.00000273169,5.955151170213062,6289000.0,
0.8163265306122449,1.3086103003523384,2.1551020408163266,1.893379980745859,82900.00000273227,5.998045118097332,6290000.0,
0.8673469387755102,1.1784927988968505,1.9408163265306122,1.7051177667512418,82910.00000273285,5.49567169770766,6291000.0,
0.7653061224489796,1.1933633704917634,1.9653061224489796,1.7266334483506272,82920.00000273343,6.2483921376193985,6292000.0,
0.826530612244898,1.2751515142637844,2.0999999999999996,1.8449696971472433,82930.00000273401,5.884995659396484,6293000.0,
0.7755102040816326,1.1190105125171987,1.8428571428571425,1.6190550403537032,82940.0000027346,6.071353029473054,6294000.0,
0.7959183673469388,1.0669635119350034,1.7571428571428571,1.5437501547558563,82950.00000273518,5.850797745934607,6295000.0,
0.826530612244898,1.3792455154281753,2.271428571428571,1.9955794683429366,82960.00000273576,6.012418031175709,6296000.0,
0.7857142857142857,1.2863044429599693,2.118367346938775,1.8611064583467813,82970.00000273634,6.206982278225333,6297000.0,
0.7857142857142857,1.1450340128082963,1.8857142857142855,1.6567074831526267,82980.00000273692,6.027703029460897,6298000.0,
0.8469387755102041,1.3903984441243598,2.289795918367347,2.011716229542475,82990.0000027375,5.882154789608019,6299000.0,
0.8469387755102041,1.00030412406479,2.2102040816326527,2.0101432568196946,83000.00000273809,5.825573138367327,6300000.0,
0.8061224489795918,1.050180783990458,2.320408163265306,2.110372006467214,83010.00000273867,5.758955909422125,6301000.0,
0.8571428571428571,1.2496874236931308,2.761224489795918,2.5112870050572917,83020.00000273925,5.649394851609668,6302000.0,
0.8061224489795918,1.011387826270494,2.2346938775510203,2.032416312296921,83030.00000273983,5.7118456580733685,6303000.0,
0.8367346938775511,1.01415875182192,2.240816326530612,2.0379845761662283,83040.00000274042,5.5066750938029045,6304000.0,
0.8163265306122449,1.1194539227761082,2.473469387755102,2.2495786031998803,83050.000002741,5.773828555566887,6305000.0,
0.8469387755102041,1.1028283694675525,2.4367346938775505,2.21616901998404,83060.00000274158,5.545987713507407,6306000.0,
0.8469387755102041,1.05572263509331,2.3326530612244896,2.1215085342058275,83070.00000274216,5.490850822318571,6307000.0,
0.7959183673469388,1.04186800733618,2.3020408163265307,2.0936672148592943,83080.00000274274,5.825934163233909,6308000.0,
0.8673469387755102,1.0834318906075702,2.393877551020408,2.177191172898894,83090.00000274333,5.394542650504041,6309000.0,
0.8571428571428571,1.1914979871131846,2.6326530612244894,2.3943534638018527,83100.00000274391,5.585316699409477,6310000.0,
0.8061224489795918,1.2053526148703146,2.663265306122449,2.422194783148386,83110.00000274449,5.956510838868319,6311000.0,
0.7959183673469388,1.0474098584390321,2.3142857142857145,2.1048037425979076,83120.00000274507,5.834948283850433,6312000.0,
0.8775510204081632,1.1499341038417945,2.5408163265306123,2.3108295057622534,83130.00000274566,5.409457467323334,6313000.0,
0.826530612244898,1.016929677373346,2.2469387755102037,2.0435528400355345,83140.00000274624,5.5829494863691504,6314000.0,
0.8469387755102041,1.02801337957905,2.2714285714285714,2.0658258955127615,83150.00000274682,5.461989291711596,6315000.0,
0.8061224489795918,0.8506741442877854,1.8795918367346935,1.7094570078771367,83160.0000027474,5.519061596880012,6316000.0,
0.8061224489795918,1.036326156233328,2.289795918367347,2.082530687120681,83170.00000274798,5.749870421825144,6317000.0,
0.7857142857142857,1.003075049616216,2.216326530612245,2.0157115206890013,83180.00000274857,5.857417595788465,6318000.0,
0.8673469387755102,1.0751191139532923,2.3755102040816327,2.160486381290974,83190.00000274915,5.389664390361736,6319000.0,
0.8877551020408163,1.102828369467552,2.4367346938775505,2.21616901998404,83200.00000274973,5.297436554266062,6320000.0,
0.8877551020408163,1.1942689126646104,2.638775510204081,2.3999217276711593,83210.00000275031,5.400898315568521,6321000.0,
0.8775510204081632,0.9892204218590859,2.1857142857142855,1.9878702013424678,83220.0000027509,5.230504666924679,6322000.0,
0.7959183673469388,1.0474098584390321,2.314285714285714,2.1048037425979076,83230.00000275148,5.8405893094917865,6323000.0,
0.8571428571428571,1.2025816893188888,2.657142857142857,2.4166265192790797,83240.00000275206,5.604914351983186,6324000.0,
0.8469387755102041,0.9476565385876957,2.093877551020408,1.9043462433028686,83250.00000275264,5.371929407167868,6325000.0,
0.8775510204081632,1.1166829972246821,2.4673469387755103,2.2440103393305733,83260.00000275322,5.37761318303907,6326000.0,
0.8367346938775511,1.1083702205704042,2.4489795918367343,2.2273055477226538,83270.0000027538,5.630488800356623,6327000.0,
0.8775510204081632,1.050180783990458,2.320408163265306,2.1103720064672142,83280.00000275439,5.302761823772218,6328000.0,
0.826530612244898,1.0390970817847542,2.295918367346939,2.0880989509899877,83290.00000275497,5.617176716398199,6329000.0,
0.8061224489795918,0.8672996975963413,1.916326530612245,1.7428665910929768,83300.00000275555,5.5467743085796455,6330000.0,
0.8877551020408163,1.1970398382160365,2.644897959183673,2.4054899915404664,83310.00000275613,5.408617289178442,6331000.0,
0.8367346938775511,1.0806609650561445,2.387755102040816,2.1716229090295873,83320.00000275671,5.599811885229967,6332000.0,
0.8469387755102041,1.0003041240647899,2.210204081632653,2.0101432568196946,83330.0000027573,5.437947038213336,6333000.0,
0.8673469387755102,1.0723481884018664,2.3693877551020406,2.1549181174216674,83340.00000275788,5.393528499726385,6334000.0,
0.8061224489795918,1.036326156233328,2.289795918367347,2.082530687120681,83350.00000275846,5.758984345876307,6335000.0,
0.8571428571428571,0.9892204218590858,2.185714285714286,1.9878702013424685,83360.00000275904,5.361707158994701,6336000.0,
0.8979591836734694,1.1471631782903684,2.53469387755102,2.3052612418929463,83370.00000275963,5.294338539611624,6337000.0,
0.8571428571428571,1.036326156233328,2.289795918367347,2.082530687120681,83380.00000276021,5.41761623005042,6338000.0,
0.7755102040816326,0.9171763575220094,2.0265306122448976,1.8430953407404957,83390.00000276079,5.834777408559583,6339000.0,
0.8877551020408163,1.0917446672618483,2.4122448979591837,2.193895964506814,83400.00000276137,5.294146866724539,6340000.0,
0.8571428571428571,1.0972865183647,2.424489795918367,2.2050324922454267,83410.00000276195,5.4901652239656755,6341000.0,
0.8775510204081632,1.0972865183647,2.424489795918367,2.2050324922454267,83420.00000276254,5.362952079222314,6342000.0,
0.8163265306122449,1.0889737417104222,2.406122448979592,2.188327700637507,83430.00000276312,5.755490333762527,6343000.0,
0.8571428571428571,1.030784305130476,2.277551020408163,2.0713941593820677,83440.0000027637,5.414007879954402,6344000.0,
0.826530612244898,1.0474098584390321,2.314285714285714,2.104803742597908,83450.00000276428,5.635135384449513,6345000.0,
0.8877551020408163,1.1416213271875162,2.522448979591837,2.2941247141543335,83460.00000276486,5.353088391698441,6346000.0,
0.826530612244898,1.1083702205704045,2.4489795918367343,2.2273055477226538,83470.00000276545,5.709877550978886,6347000.0,
0.7959183673469388,0.9836785707562339,2.1734693877551017,1.9767336736038554,83480.00000276603,5.773337178814145,6348000.0,
0.8673469387755102,1.0113878262704938,2.2346938775510203,2.0324163122969217,83490.00000276661,5.330303611622391,6349000.0,
0.8367346938775511,0.9088635808677316,2.008163265306122,1.8263905491325763,83500.00000276719,5.403273548029692,6350000.0,
0.8571428571428571,0.8700706231477673,1.9224489795918367,1.7484348549622835,83510.00000276777,5.229841917641435,6351000.0,
0.826530612244898,0.9338019108305655,2.063265306122449,1.8765049239563356,83520.00000276836,5.501140583639471,6352000.0,
0.7959183673469388,1.01415875182192,2.240816326530612,2.0379845761662283,83530.00000276894,5.814196893486566,6353000.0,
0.8163265306122449,1.0862028161589963,2.4000000000000004,2.1827594367682006,83540.00000276952,5.75759594996235,6354000.0,
0.8673469387755102,1.0113878262704938,2.2346938775510203,2.032416312296921,83550.0000027701,5.333127141034319,6355000.0,
0.7959183673469388,1.05572263509331,2.3326530612244896,2.1215085342058275,83560.00000277068,5.867956644263531,6356000.0,
0.8571428571428571,0.9116345064191576,2.014285714285714,1.8319588130018831,83570.00000277127,5.2811902576487,6357000.0,
0.8571428571428571,1.2219781681788708,2.7,2.4556043663642253,83580.00000277185,5.643734053511251,6358000.0,
0.826530612244898,1.01415875182192,2.240816326530612,2.0379845761662283,83590.00000277243,5.601819230765014,6359000.0,
0.8673469387755102,1.3941160870230878,2.2959183673469385,2.0170951499423215,83600.00000277301,5.367427223862663,6360000.0,
0.7653061224489796,1.0855517264286447,1.7877551020408164,1.5706447567550874,83610.0000027736,6.144318256045732,6361000.0,
0.8775510204081632,1.3346338006434362,2.1979591836734693,1.9310324235447824,83620.00000277418,5.64271991251723,6362000.0,
0.8061224489795918,1.249128013972687,2.057142857142857,1.8073172543483196,83630.00000277476,6.037143612439882,6363000.0,
0.8775510204081632,1.111575226719742,1.830612244897959,1.6082971995540107,83640.00000277534,5.38946711897633,6364000.0,
0.7959183673469388,1.3420690864408926,2.210204081632653,1.9417902643444747,83650.00000277592,6.232340647238968,6365000.0,
0.8367346938775511,1.234257442377774,2.0326530612244897,1.7858015727489351,83660.0000027765,5.799963772761661,6366000.0,
0.8979591836734694,1.4721865878963807,2.424489795918367,2.130052478339091,83670.00000277709,5.6699327912191135,6367000.0,
0.8877551020408163,1.3680925867319902,2.253061224489796,1.979442707143398,83680.00000277767,5.6183088909560235,6368000.0,
0.8673469387755102,1.39039844412436,2.289795918367347,2.011716229542475,83690.00000277825,5.776692323972101,6369000.0,
0.7448979591836735,1.122728155415927,1.8489795918367349,1.6244339607535492,83700.00000277883,6.36749533211239,6370000.0,
0.8469387755102041,1.3978337299218162,2.3020408163265307,2.0224740703421675,83710.00000277942,5.925632596937157,6371000.0,
0.8367346938775511,1.3160455861497953,2.1673469387755104,1.9041378215455513,83720.00000278,5.900637408001565,6372000.0,
0.8163265306122449,1.2751515142637846,2.1,1.8449696971472433,83730.00000278058,5.998558105141269,6373000.0,
0.8877551020408163,1.3234808719472513,2.179591836734694,1.9148956623452433,83740.00000278116,5.570815235221652,6374000.0,
0.826530612244898,1.3941160870230878,2.295918367346939,2.0170951499423215,83750.00000278174,6.0694219326138015,6375000.0,
0.826530612244898,1.156186941504481,1.904081632653061,1.672844244352165,83760.00000278233,5.782050867665393,6376000.0,
0.8673469387755102,1.297457371656154,2.1367346938775507,1.87724321954632,83770.00000278291,5.673301440420741,6377000.0,
0.826530612244898,1.2305397994790457,2.026530612244898,1.7804226523490891,83780.00000278349,5.8729963007704775,6378000.0,
0.8673469387755102,1.360657300934534,2.240816326530612,1.9686848663437053,83790.00000278407,5.747108417706458,6379000.0,
0.8673469387755102,1.3048926574536102,2.1489795918367345,1.8880010603460124,83800.00000278465,5.68328565228142,6380000.0,
0.8571428571428571,1.4312925160103704,2.357142857142857,2.070884353940783,83810.00000278524,5.8988865069343515,6381000.0,
0.7244897959183674,1.0335047258464494,1.7020408163265304,1.495339871157241,83820.00000278582,6.430468495020051,6382000.0,
0.826530612244898,1.249128013972687,2.057142857142857,1.8073172543483196,83830.0000027864,5.897954881269102,6383000.0,
0.7959183673469388,1.2528456568714152,2.063265306122449,1.812696174748166,83840.00000278698,6.129983004959936,6384000.0,
0.8163265306122449,1.2379750852765021,2.038775510204082,1.7911804931487811,83850.00000278756,5.959016979632198,6385000.0,
0.8571428571428571,1.2602809426688717,2.0755102040816324,1.8234540155478585,83860.00000278815,5.701753957083694,6386000.0,
0.8061224489795918,1.2119515849854046,1.9959183673469387,1.753528050349858,83870.00000278873,6.00317791572219,6387000.0,
0.8571428571428571,1.3941160870230882,2.2959183673469385,2.017095149942321,83880.00000278931,5.8588473397827165,6388000.0,
0.8061224489795918,1.2528456568714152,2.063265306122449,1.8126961747481658,83890.0000027899,6.054919928947931,6389000.0,
0.8775510204081632,1.3978337299218162,2.3020408163265307,2.0224740703421675,83900.00000279048,5.727761692393352,6390000.0,
0.8571428571428571,1.4052690157192729,2.314285714285714,2.0332319111418595,83910.00000279106,5.873287661356921,6391000.0,
0.8367346938775511,1.330916157744708,2.1918367346938776,1.9256535031449362,83920.00000279164,5.9281656521033685,6392000.0,
0.8469387755102041,1.457316016301468,2.4,2.108536796739706,83930.00000279222,6.006467103747483,6393000.0,
0.8163265306122449,1.1933633704917632,1.9653061224489796,1.7266334483506272,83940.0000027928,5.908867629021154,6394000.0,
0.8061224489795918,1.3086103003523388,2.1551020408163266,1.893379980745859,83950.00000279339,6.127134296810519,6395000.0,
0.8571428571428571,1.297457371656154,2.136734693877551,1.8772432195463202,83960.00000279397,5.749888362331039,6396000.0,
0.8367346938775511,1.1190105125171985,1.8428571428571427,1.6190550403537032,83970.00000279455,5.677351588295024,6397000.0,
0.8163265306122449,1.379245515428175,2.271428571428571,1.9955794683429362,83980.00000279513,6.1385732565683755,6398000.0,
0.8367346938775511,1.2156692278841326,2.0020408163265304,1.7589069707497043,83990.00000279571,5.793846150562881,6399000.0,
0.7959183673469388,1.1375987270108396,1.873469387755102,1.6459496423529338,84000.0000027963,5.993390708468921,6400000.0,
0.8686868686868687,1.1702689221814817,1.9272727272727275,1.6932189428364313,84010.00000279688,5.48716771290096,6401000.0,
0.797979797979798,1.1665888312312256,1.9212121212121214,1.687894354965876,84020.00000279746,5.96926701652417,6402000.0,
0.8282828282828283,1.2733114687886564,2.0969696969696967,1.8423074032119657,84030.00000279804,5.8802150661414325,6403000.0,
0.8484848484848485,1.2806716506891687,2.109090909090909,1.8529565789530753,84040.00000279862,5.749360636092268,6404000.0,
0.8787878787878788,1.4168350158486496,2.3333333333333335,2.0499663301636035,84050.0000027992,5.706511110144154,6405000.0,
0.8888888888888888,1.4315553796496745,2.3575757575757574,2.0712646816458227,84060.00000279979,5.65867934771415,6406000.0,
0.8484848484848485,1.1629087402809697,1.915151515151515,1.6825697670953212,84070.00000280037,5.611997205968402,6407000.0,
0.8080808080808081,1.2696313778384003,2.090909090909091,1.8369828153414112,84080.00000280095,6.025166330244171,6408000.0,
0.8484848484848485,1.4021146520476244,2.3090909090909095,2.0286679786813844,84090.00000280153,5.894870840074396,6409000.0,
0.8888888888888888,1.3137924692414749,2.163636363636364,1.9008778697880686,84100.00000280212,5.528014255323214,6410000.0,
0.8888888888888888,1.376354015395831,2.2666666666666666,1.9913958635875004,84110.0000028027,5.598850540201436,6411000.0,
0.8686868686868687,1.1849892859825069,1.9515151515151512,1.7145172943186502,84120.00000280328,5.5092295270442975,6412000.0,
0.9191919191919192,1.2769915597389128,2.103030303030303,1.8476319910825205,84130.00000280386,5.307054554150507,6413000.0,
0.8484848484848485,1.1849892859825069,1.9515151515151514,1.71451729431865,84140.00000280445,5.641354039593027,6414000.0,
0.7777777777777778,1.1481883764799443,1.8909090909090909,1.6612714156131019,84150.00000280503,6.1074084322735445,6415000.0,
0.8686868686868687,1.1481883764799445,1.8909090909090909,1.6612714156131019,84160.00000280561,5.468726154477503,6416000.0,
0.8383838383838383,1.1739490131317383,1.9333333333333333,1.698543530706986,84170.00000280619,5.697599425465002,6417000.0,
0.8484848484848485,1.2806716506891689,2.109090909090909,1.8529565789530755,84180.00000280677,5.756027302759323,6418000.0,
0.8888888888888888,1.1997096497835318,1.9757575757575756,1.7358156458008696,84190.00000280736,5.403761992524174,6419000.0,
0.8484848484848485,1.0121435332390647,2.2363636363636363,2.033934929715823,84200.00000280794,5.848061934730602,6420000.0,
0.8484848484848485,1.0807169433501123,2.3878787878787873,2.171735399208765,84210.00000280852,5.521794969109803,6421000.0,
0.797979797979798,1.0423158336879257,2.303030303030303,2.0945671362927176,84220.0000028091,5.823659082894549,6422000.0,
0.8585858585858586,1.0423158336879255,2.3030303030303028,2.0945671362927176,84230.00000280968,5.413047853513784,6423000.0,
0.7777777777777778,0.9517989323413425,2.1030303030303026,1.9126705165620344,84240.00000281027,5.859583043056653,6424000.0,
0.8686868686868687,1.0176294060479485,2.2484848484848485,2.044958967275259,84250.00000281085,5.322617572236263,6425000.0,
0.8181818181818182,1.2151208271677663,2.6848484848484846,2.4418243194149314,84260.00000281143,5.893046443249172,6426000.0,
0.8080808080808081,1.1630050354833696,2.5696969696969694,2.3370959626002956,84270.00000281201,5.902716231580374,6427000.0,
0.8787878787878788,1.088945752563438,2.406060606060606,2.188271455547918,84280.0000028126,5.343970454222518,6428000.0,
0.8585858585858586,1.1108892437989735,2.4545454545454546,2.2323676057856594,84290.00000281318,5.4957392370550515,6429000.0,
0.8686868686868687,1.1630050354833699,2.5696969696969694,2.337095962600295,84300.00000281376,5.492294168912057,6430000.0,
0.898989898989899,1.184948526718905,2.6181818181818186,2.3811921128380367,84310.00000281434,5.332019147851206,6431000.0,
0.7070707070707071,0.9243695682969235,2.0424242424242425,1.8575503287648578,84320.00000281492,6.411319818214049,6432000.0,
0.8686868686868687,1.0231152788568323,2.2606060606060607,2.055983004834694,84330.0000028155,5.332653635121125,6433000.0,
0.8484848484848485,0.9874571055990874,2.1818181818181817,1.9843267606983641,84340.00000281609,5.4180720650940755,6434000.0,
0.8585858585858586,1.2206066999766498,2.696969696969697,2.4528483569743673,84350.00000281667,5.626351333073922,6435000.0,
0.8383838383838383,1.064259324923461,2.3515151515151516,2.138663286530459,84360.00000281725,5.575921363626747,6436000.0,
0.8585858585858586,0.9764853599813198,2.1575757575757577,1.9622786855794934,84370.00000281783,5.3429629488441215,6437000.0,
0.8282828282828283,1.0039147240257387,2.2181818181818183,2.01739887337667,84380.00000281841,5.572040947465245,6438000.0,
0.8787878787878788,1.1328327350345087,2.503030303030303,2.2764637560234013,84390.000002819,5.398968284850811,6439000.0,
0.8585858585858586,1.0971745617767636,2.424242424242424,2.204807511887071,84400.00000281958,5.48494213681772,6440000.0,
0.8282828282828283,1.1054033709900897,2.4424242424242424,2.2213435682262244,84410.00000282016,5.696033338312534,6441000.0,
0.797979797979798,0.9737424235768778,2.1515151515151514,1.9567666667997758,84420.00000282074,5.747851898072433,6442000.0,
0.7878787878787878,0.8996831406569461,1.9878787878787874,1.8079421597473988,84430.00000282133,5.728056806905785,6443000.0,
0.8585858585858586,1.056030515710135,2.333333333333333,2.1221272301913063,84440.00000282191,5.438903777281404,6444000.0,
0.797979797979798,1.1300897986300669,2.4969696969696966,2.2709517372436836,84450.00000282249,5.9452998744049985,6445000.0,
0.8585858585858586,1.0340870244745999,2.284848484848485,2.078031079953565,84460.00000282307,5.4142872404306575,6446000.0,
0.8484848484848485,1.0697451977323447,2.3636363636363638,2.1496873240898946,84470.00000282365,5.521244935584822,6447000.0,
0.8787878787878788,1.4455274851408864,3.1939393939393943,2.9048338969112164,84480.00000282424,5.758931276351413,6448000.0,
0.8080808080808081,0.9874571055990874,2.1818181818181817,1.9843267606983641,84490.00000282482,5.6964756683492155,6449000.0,
0.8787878787878788,1.031344088070158,2.2787878787878784,2.0725190611738467,84500.0000028254,5.288538675087075,6450000.0,
0.8787878787878788,0.9161407590835979,2.0242424242424244,1.8410142724257046,84510.00000282598,5.1579050018725106,6451000.0,
0.8282828282828283,0.9627706779591103,2.1272727272727274,1.934718591680905,84520.00000282656,5.529196306482762,6452000.0,
0.8787878787878788,1.0807169433501125,2.3878787878787877,2.171735399208765,84530.00000282715,5.34610088971607,6453000.0,
0.7878787878787878,0.9902000420035294,2.187878787878788,1.9898387794780816,84540.00000282773,5.848584668871649,6454000.0,
0.8484848484848485,1.0094005968346227,2.23030303030303,2.028422910936106,84550.00000282831,5.453934036907968,6455000.0,
0.8787878787878788,1.1712338446966954,2.587878787878788,2.3536320189394484,84560.00000282889,5.450482191248468,6456000.0,
0.8383838383838383,1.1355756714389504,2.509090909090909,2.2819757748031186,84570.00000282947,5.671105921519305,6457000.0,
0.797979797979798,1.0176294060479483,2.2484848484848485,2.0449589672752584,84580.00000283006,5.810950774840449,6458000.0,
0.8282828282828283,1.094431625372322,2.418181818181818,2.199295493107354,84590.00000283064,5.691567450311107,6459000.0,
0.8181818181818182,1.1657479718878117,2.575757575757576,2.342607981380013,84600.00000283122,5.849491965809217,6460000.0,
0.8282828282828283,1.0148864696435065,2.242424242424242,2.0394469484955406,84610.0000028318,5.596506835467838,6461000.0,
0.8383838383838383,0.9737424235768779,2.1515151515151514,1.956766666799776,84620.00000283238,5.480485541539383,6462000.0,
0.8585858585858586,1.056030515710135,2.3333333333333335,2.122127230191306,84630.00000283297,5.447844953752512,6463000.0,
0.898989898989899,1.1575191626744856,2.557575757575757,2.32607192504086,84640.00000283355,5.316339293465579,6464000.0,
0.8585858585858586,1.086202816158996,2.4,2.1827594367682006,84650.00000283413,5.483927986040063,6465000.0,
0.8787878787878788,1.0395728972834837,2.296969696969697,2.089055117513,84660.00000283471,5.3052588143072645,6466000.0,
0.8585858585858586,1.0395728972834837,2.296969696969697,2.089055117513,84670.0000028353,5.4305590217027575,6467000.0,
0.8686868686868687,1.1986632087411146,2.6484848484848484,2.408752206736625,84680.00000283588,5.551016949756304,6468000.0,
0.8484848484848485,0.9655136143635523,2.133333333333333,1.9402306104606226,84690.00000283646,5.408876759948403,6469000.0,
0.9191919191919192,1.0944316253723216,2.418181818181818,2.1992954931073534,84700.00000283704,5.133500339841058,6470000.0,
0.8181818181818182,0.9984288512168552,2.206060606060606,2.0063748358172346,84710.00000283762,5.650422917088241,6471000.0,
0.9090909090909091,1.088945752563438,2.406060606060606,2.1882714555479184,84720.0000028382,5.185393661305128,6472000.0,
0.8181818181818182,0.9627706779591103,2.127272727272727,1.934718591680905,84730.00000283879,5.60782835964982,6473000.0,
0.8080808080808081,1.0752310705412287,2.3757575757575755,2.1607113616493296,84740.00000283937,5.817595949965844,6474000.0,
0.9292929292929293,1.146547417056718,2.533333333333333,2.3040238499219896,84750.00000283995,5.135956459807644,6475000.0,
0.8383838383838383,1.0176294060479485,2.2484848484848485,2.0449589672752584,84760.00000284053,5.539579653161895,6476000.0,
0.8585858585858586,1.056030515710135,2.3333333333333335,2.122127230191306,84770.00000284112,5.4544331890470135,6477000.0,
0.8888888888888888,1.036829960879042,2.2909090909090906,2.0835430987332826,84780.0000028417,5.247340524326366,6478000.0,
0.8181818181818182,1.0478017064968095,2.315151515151515,2.105591173852153,84790.00000284228,5.714718135270143,6479000.0,
0.8787878787878788,1.420515106798906,2.339393939393939,2.0552909180341583,84800.00000284286,5.333544503138424,6480000.0,
0.8383838383838383,1.2107499226343006,1.9939393939393943,1.751789409412534,84810.00000284344,5.772337859692746,6481000.0,
0.8585858585858586,1.265951286888144,2.0848484848484845,1.8316582274708564,84820.00000284403,5.7012820872427135,6482000.0,
0.8282828282828283,1.2806716506891689,2.109090909090909,1.8529565789530755,84830.00000284461,5.928125529657738,6483000.0,
0.7474747474747475,1.056186102723539,1.7393939393939395,1.5281567188492315,84840.00000284519,6.2692192457208025,6484000.0,
0.8888888888888888,1.354273469694294,2.23030303030303,1.9594483363641717,84850.00000284577,5.607646289925529,6485000.0,
0.8282828282828283,1.1592286493307131,1.9090909090909092,1.6772451792247665,84860.00000284635,5.782968735334809,6486000.0,
0.8686868686868687,1.3137924692414749,2.1636363636363636,1.9008778697880686,84870.00000284694,5.692386679867698,6487000.0,
0.8383838383838383,1.059866193673795,1.745454545454545,1.5334813067197866,84880.00000284752,5.595741604667761,6488000.0,
0.8585858585858586,1.2696313778384,2.090909090909091,1.836982815341411,84890.0000028481,5.708862428467321,6489000.0,
0.8181818181818182,1.232830468335838,2.03030303030303,1.7837369366358629,84900.00000284868,5.9462964985058155,6490000.0,
0.8080808080808081,1.2953920144901938,2.1333333333333333,1.8742549304352947,84910.00000284927,6.098545118103182,6491000.0,
0.797979797979798,1.173949013131738,1.9333333333333333,1.6985435307069858,84920.00000284985,6.024060155870504,6492000.0,
0.8686868686868687,1.3947544701471124,2.296969696969696,2.0180188029402744,84930.00000285043,5.788377820445281,6493000.0,
0.7777777777777778,1.012025011320464,1.6666666666666667,1.4642616644025739,84940.00000285101,5.973380209538419,6494000.0,
0.7878787878787878,1.1665888312312256,1.9212121212121211,1.6878943549658758,84950.0000028516,6.093488388533667,6495000.0,
0.8585858585858586,1.203389740733788,1.9818181818181817,1.7411402336714241,84960.00000285218,5.635004521722141,6496000.0,
0.7878787878787878,1.2585911049876315,2.0727272727272723,1.8210090517297464,84970.00000285276,6.211286146250191,6497000.0,
0.8181818181818182,1.2585911049876315,2.0727272727272728,1.8210090517297466,84980.00000285334,5.98173233836441,6498000.0,
0.8080808080808081,1.1371481036291755,1.8727272727272726,1.6452976520014375,84990.00000285392,5.906718278412905,6499000.0,
0.8181818181818182,1.0893069212758448,1.793939393939394,1.5760780096842246,85000.0000028545,5.77581710148216,6500000.0,
0.8888888888888888,1.2843517416394252,2.1151515151515152,1.85828116682363,85010.00000285509,5.536257073136952,6501000.0,
0.8383838383838383,1.2880318325896816,2.1212121212121207,1.863605754694185,85020.00000285567,5.874637969158186,6502000.0,
0.7777777777777778,1.2880318325896816,2.121212121212121,1.8636057546941853,85030.00000285625,6.332921447274439,6503000.0,
0.8181818181818182,1.0267453751214888,1.690909090909091,1.4855600158847928,85040.00000285683,5.701328298157815,6504000.0,
0.8484848484848485,1.1776291040819942,1.939393939393939,1.7038681185775404,85050.00000285741,5.6760128728318495,6505000.0,
0.7878787878787878,1.1960295588332757,1.9696969696969697,1.7304910579303148,85060.000002858,6.136496491516084,6506000.0,
0.797979797979798,1.3064322873409626,2.1515151515151514,1.8902286940469593,85070.00000285858,6.197678436209088,6507000.0,
0.8181818181818182,1.1592286493307131,1.9090909090909092,1.6772451792247665,85080.00000285916,5.86522760861118,6508000.0,
0.8181818181818182,1.1923494678830193,1.9636363636363634,1.7251664700597598,85090.00000285974,5.906202436224521,6509000.0,
0.7676767676767676,1.1702689221814817,1.927272727272727,1.693218942836431,85100.00000286032,6.266531885654425,6510000.0,
0.7676767676767676,1.2070698316840445,1.9878787878787874,1.746464821541979,85110.0000028609,6.314996228295952,6511000.0,
0.7373737373737373,1.0893069212758446,1.7939393939393935,1.5760780096842253,85120.00000286149,6.415358701644972,6512000.0,
0.9090909090909091,1.4536359253512119,2.3939393939393936,2.103212208869152,85130.00000286207,5.604775073594962,6513000.0,
0.8383838383838383,1.2438707411866066,2.0484848484848484,1.7997107002475272,85140.00000286265,5.827747028810276,6514000.0,
0.7777777777777778,1.1555485583804568,1.9030303030303028,1.671920591354212,85150.00000286323,6.1688195752395645,6515000.0,
0.9090909090909091,1.365313742545062,2.2484848484848485,1.9754220999758365,85160.00000286382,5.508954005841608,6516000.0,
0.8787878787878788,1.3616336515948058,2.2424242424242427,1.970097512105281,85170.0000028644,5.695190017490479,6517000.0,
0.8080808080808081,1.218110104534813,2.006060606060606,1.7624385851536435,85180.00000286498,6.016408754534184,6518000.0,
0.8888888888888888,1.3910743791968556,2.2909090909090906,2.0126942150697196,85190.00000286556,5.664501858571356,6519000.0,
0.8585858585858586,1.1445082855296882,1.8848484848484846,1.655946827742547,85200.00000286615,5.577719062132142,6520000.0,
0.8181818181818182,1.1592286493307131,1.9090909090909094,1.6772451792247665,85210.00000286673,5.871647361697973,6521000.0,
0.8888888888888888,1.394754470147112,2.296969696969697,2.0180188029402744,85220.00000286731,5.670005597254109,6522000.0,
0.797979797979798,1.1187476488778947,1.8424242424242425,1.6186747126486634,85230.00000286789,5.9705799652241955,6523000.0,
0.8383838383838383,1.1555485583804568,1.903030303030303,1.6719205913542117,85240.00000286847,5.727218160162258,6524000.0,
0.8585858585858586,1.2880318325896813,2.121212121212121,1.8636057546941847,85250.00000286906,5.747234722825683,6525000.0,
0.898989898989899,1.251230923087119,2.06060606060606,1.8103598759886368,85260.00000286964,5.448445633701479,6526000.0,
0.8585858585858586,1.3248327420922439,2.1818181818181817,1.916851633399733,85270.00000287022,5.791038135069898,6527000.0,
0.8383838383838383,1.3873942882465995,2.2848484848484847,2.0073696271991652,85280.0000028708,6.005684753617167,6528000.0,
0.8484848484848485,1.2917119235399375,2.127272727272727,1.8689303425647399,85290.00000287138,5.821896195765091,6529000.0,
0.8585858585858586,1.5161974715055675,2.496969696969697,2.1937302026685837,85300.00000287197,6.015333525798439,6530000.0,
0.8383838383838383,1.2438707411866066,2.0484848484848484,1.799710700247527,85310.00000287255,5.83593979989509,6531000.0,
0.8888888888888888,1.2622711959378878,2.078787878787879,1.8263336396003014,85320.00000287313,5.525507368314451,6532000.0,
0.8484848484848485,1.1187476488778945,1.8424242424242423,1.6186747126486636,85330.00000287371,5.619950205389699,6533000.0,
0.8383838383838383,1.5493182900578737,2.5515151515151513,2.2416514935035767,85340.0000028743,6.201714587103073,6534000.0,
0.7474747474747475,1.1371481036291757,1.8727272727272726,1.6452976520014375,85350.00000287488,6.405100841528597,6535000.0,
0.8484848484848485,1.2880318325896813,2.121212121212121,1.863605754694185,85360.00000287546,5.820892279050102,6536000.0,
0.8383838383838383,1.2622711959378876,2.0787878787878786,1.8263336396003012,85370.00000287604,5.8607788965263055,6537000.0,
0.8484848484848485,1.2733114687886564,2.0969696969696967,1.842307403211966,85380.00000287662,5.804495659808474,6538000.0,
0.8181818181818182,1.1518684674302007,1.8969696969696968,1.6665960034836569,85390.0000028772,5.8715404727089755,6539000.0,
0.8282828282828283,0.9024260770613883,1.9939393939393937,1.8134541785271163,85400.00000287779,5.871512711641892,6540000.0,
0.8585858585858586,1.0834598797545543,2.393939393939394,2.1772474179884824,85410.00000287837,5.516497977759325,6541000.0,
0.8585858585858586,1.1575191626744858,2.5575757575757576,2.3260719250408597,85420.00000287895,5.603225848454332,6542000.0,
0.8383838383838383,1.023115278856832,2.2606060606060603,2.055983004834694,85430.00000287953,5.57841220024907,6543000.0,
0.8787878787878788,1.003914724025739,2.2181818181818183,2.01739887337667,85440.00000288012,5.300544341291919,6544000.0,
0.797979797979798,1.0752310705412285,2.3757575757575755,2.1607113616493296,85450.0000028807,5.927185772119403,6545000.0,
0.8686868686868687,1.0478017064968095,2.315151515151515,2.105591173852153,85460.00000288128,5.413629871593461,6546000.0,
0.9090909090909091,1.215120827167766,2.684848484848485,2.4418243194149314,85470.00000288186,5.357519576705162,6547000.0,
0.8080808080808081,1.036829960879042,2.290909090909091,2.0835430987332826,85480.00000288244,5.807074576761041,6548000.0,
0.8181818181818182,1.0231152788568323,2.2606060606060607,2.055983004834694,85490.00000288303,5.719113736057862,6549000.0,
0.8080808080808081,1.1081463073945317,2.4484848484848483,2.226855587005942,85500.00000288361,5.8963285555740175,6550000.0,
0.9191919191919192,1.0944316253723219,2.418181818181818,2.199295493107354,85510.00000288419,5.169104735447527,6551000.0,
0.8383838383838383,1.0971745617767639,2.424242424242424,2.2048075118870716,85520.00000288477,5.671085320840566,6552000.0,
0.8888888888888888,1.1054033709900895,2.4424242424242424,2.2213435682262244,85530.00000288535,5.358576519794188,6553000.0,
0.8686868686868687,1.1328327350345089,2.503030303030303,2.276463756023401,85540.00000288594,5.515235357933586,6554000.0,
0.8282828282828283,1.0697451977323447,2.3636363636363633,2.149687324089894,85550.00000288652,5.708592373041177,6555000.0,
0.8585858585858586,1.0478017064968093,2.315151515151515,2.105591173852153,85560.0000028871,5.482025517141892,6556000.0,
0.8686868686868687,1.1300897986300666,2.4969696969696966,2.270951737243683,85570.00000288768,5.513473140444834,6557000.0,
0.8686868686868687,1.036829960879042,2.290909090909091,2.083543098733282,85580.00000288826,5.406581001638448,6558000.0,
0.8787878787878788,1.0121435332390647,2.2363636363636363,2.0339349297158233,85590.00000288885,5.31680471039714,6559000.0,
0.797979797979798,1.0148864696435065,2.242424242424242,2.0394469484955406,85600.00000288943,5.85915899377966,6560000.0,
0.8686868686868687,1.0340870244746,2.2848484848484847,2.0780310799535644,85610.00000289001,5.404818784149695,6561000.0,
0.8383838383838383,1.154776226270044,2.5515151515151513,2.3205599062611424,85620.00000289059,5.7446101977665665,6562000.0,
0.9090909090909091,1.2452931276166268,2.7515151515151515,2.5024565259918257,85630.00000289117,5.397820218310434,6563000.0,
0.8484848484848485,1.1108892437989735,2.4545454545454546,2.2323676057856594,85640.00000289176,5.625450418452306,6564000.0,
0.8888888888888888,1.1054033709900895,2.4424242424242424,2.2213435682262244,85650.00000289234,5.364031065249051,6565000.0,
0.8585858585858586,1.025858215261274,2.2666666666666666,2.061495023614411,85660.00000289292,5.461173686173719,6566000.0,
0.898989898989899,1.2919230464921396,2.854545454545454,2.596160845247026,85670.0000028935,5.5121368720969,6567000.0,
0.8585858585858586,1.0834598797545545,2.3939393939393936,2.177247417988483,85680.00000289408,5.529203860113006,6568000.0,
0.8181818181818182,0.9764853599813197,2.1575757575757573,1.9622786855794936,85690.00000289467,5.671998156198243,6569000.0,
0.8686868686868687,1.2782083644699302,2.8242424242424238,2.5686007513484377,85700.00000289525,5.690028233679447,6570000.0,
0.8686868686868687,1.064259324923461,2.3515151515151516,2.138663286530459,85710.00000289583,5.444203176527143,6571000.0,
0.8484848484848485,1.2014061451455564,2.654545454545454,2.414264225516343,85720.00000289641,5.735940575991954,6572000.0,
0.7878787878787878,0.9572848051502265,2.115151515151515,1.9236945541214696,85730.000002897,5.867833278510112,6573000.0,
0.8888888888888888,1.1712338446966954,2.587878787878787,2.3536320189394484,85740.00000289758,5.44218125726013,6574000.0,
0.8686868686868687,1.0670022613279029,2.3575757575757574,2.144175305310177,85750.00000289816,5.449221207969574,6575000.0,
0.8383838383838383,1.1081463073945312,2.4484848484848483,2.2268555870059417,85760.00000289874,5.695738366819058,6576000.0,
0.8686868686868687,1.0999174981812057,2.4303030303030297,2.210319530666789,85770.00000289932,5.48804223644029,6577000.0,
0.8888888888888888,1.2068920179544402,2.6666666666666665,2.425288263075778,85780.0000028999,5.4841148839933815,6578000.0,
0.8282828282828283,1.056030515710135,2.333333333333333,2.1221272301913063,85790.00000290049,5.703741720356508,6579000.0,
0.8686868686868687,1.0478017064968093,2.315151515151515,2.105591173852153,85800.00000290107,5.429443825082752,6580000.0,
0.8484848484848485,1.0450587700923675,2.3090909090909095,2.1000791550724354,85810.00000290165,5.5559597411080865,6581000.0,
0.8686868686868687,1.1438044806522765,2.527272727272727,2.298511831142272,85820.00000290223,5.540888879052472,6582000.0,
0.8686868686868687,1.121860989416741,2.4787878787878785,2.2544156809045304,85830.00000290282,5.516093464723221,6583000.0,
0.8282828282828283,1.212377890763324,2.6787878787878783,2.436312300635214,85840.0000029034,5.894941599994037,6584000.0,
0.8282828282828283,0.9435701231280169,2.084848484848485,1.8961344602228816,85850.00000290398,5.570893197605097,6585000.0,
0.8383838383838383,1.0697451977323449,2.3636363636363638,2.1496873240898946,85860.00000290456,5.654753910716249,6586000.0,
0.8686868686868687,1.1355756714389504,2.509090909090909,2.281975774803119,85870.00000290514,5.533741761469826,6587000.0,
0.8585858585858586,1.182205590314463,2.612121212121212,2.3756800940583194,85880.00000290573,5.6536253347656835,6588000.0,
0.8686868686868687,1.2014061451455562,2.654545454545454,2.414264225516343,85890.00000290631,5.610453585853065,6589000.0,
0.8383838383838383,1.1191180530122993,2.4727272727272727,2.2489036621248126,85900.00000290689,5.715572135688836,6590000.0,
0.8080808080808081,0.9216266318924816,2.036363636363636,1.85203830998514,85910.00000290747,5.686010457141423,6591000.0,
0.8181818181818182,1.0505446429012515,2.321212121212121,2.111103192631871,85920.00000290805,5.773873082236844,6592000.0,
0.8686868686868687,1.056030515710135,2.3333333333333335,2.122127230191306,85930.00000290864,5.444963035689143,6593000.0,
0.9090909090909091,1.2617507460432786,2.787878787878788,2.535528638670132,85940.00000290922,5.429701376358331,6594000.0,
0.9090909090909091,1.1739767811011375,2.593939393939394,2.359144037719166,85950.0000029098,5.333594459366447,6595000.0,
0.7777777777777778,0.9737424235768778,2.1515151515151514,1.9567666667997758,85960.00000291038,5.9771467525724775,6596000.0,
0.898989898989899,1.1492903534611603,2.539393939393939,2.309535868701708,85970.00000291097,5.366961179849742,6597000.0,
0.7878787878787878,0.8914543314436206,1.9696969696969695,1.7914061034082456,85980.00000291155,5.7970997285499095,6598000.0,
0.8282828282828283,1.0587734521145773,2.3393939393939394,2.1276392489710236,85990.00000291213,5.7168094118697566,6599000.0,
0.9090909090909091,1.5419581081573617,2.5393939393939395,2.2310023177624667,86000.00000291271,5.308661611184823,6600000.0,
0.797979797979798,1.2438707411866066,2.0484848484848484,1.799710700247527,86010.0000029133,6.166873460651336,6601000.0,
0.7878787878787878,1.2291503773855816,2.024242424242424,1.778412348765308,86020.00000291388,6.227765222758415,6602000.0,
0.8080808080808081,1.07458655747482,1.7696969696969695,1.554779658202006,86030.00000291446,5.881298365049916,6603000.0,
0.8383838383838383,1.4205151067989057,2.3393939393939394,2.055290918034158,86040.00000291504,6.08181681430217,6604000.0,
0.9191919191919192,1.3505933787440372,2.224242424242424,1.9541237484936165,86050.00000291562,5.471522467139017,6605000.0,
0.7575757575757576,1.1960295588332757,1.9696969696969695,1.7304910579303145,86060.0000029162,6.435289684513165,6606000.0,
0.8585858585858586,1.3211526511419875,2.1757575757575753,1.9115270455291782,86070.00000291679,5.824398970318261,6607000.0,
0.8383838383838383,1.0377856479722578,1.709090909090909,1.5015337794964576,86080.00000291737,5.627235893533149,6608000.0,
0.8484848484848485,1.361633651594806,2.242424242424242,1.9700975121052813,86090.00000291795,5.942399184784357,6609000.0,
0.8888888888888888,1.3837141972963434,2.278787878787879,2.00204503932861,86100.00000291853,5.697585290299323,6610000.0,
0.8787878787878788,1.343233196843525,2.212121212121212,1.943474572752507,86110.00000291911,5.717469959787515,6611000.0,
0.8080808080808081,1.1297879217286635,1.8606060606060602,1.6346484762603282,86120.0000029197,5.954110053314309,6612000.0,
0.8888888888888888,1.2328304683358378,2.0303030303030303,1.7837369366358629,86130.00000292028,5.52920473158247,6613000.0,
0.8282828282828283,1.1849892859825069,1.9515151515151514,1.71451729431865,86140.00000292086,5.876509016174145,6614000.0,
0.7676767676767676,1.0230652841712324,1.6848484848484846,1.4802354280142382,86150.00000292144,6.1300429361442905,6615000.0,
0.7777777777777778,1.0893069212758448,1.793939393939394,1.576078009684225,86160.00000292202,6.1361192885756495,6616000.0,
0.8080808080808081,1.2107499226343006,1.993939393939394,1.751789409412534,86170.0000029226,6.056800529435181,6617000.0,
0.7777777777777778,1.2696313778384003,2.090909090909091,1.8369828153414112,86180.00000292319,6.369003979480814,6618000.0,
0.8686868686868687,1.2806716506891689,2.109090909090909,1.8529565789530753,86190.00000292377,5.715654574793618,6619000.0,
0.8686868686868687,1.2438707411866066,2.0484848484848484,1.7997107002475268,86200.00000292435,5.673755853389532,6620000.0,
0.8383838383838383,1.2401906502363502,2.0424242424242425,1.7943861123769729,86210.00000292493,5.874923787800322,6621000.0,
0.8282828282828283,1.2733114687886564,2.0969696969696967,1.8423074032119657,86220.00000292552,5.987044334440334,6622000.0,
0.8181818181818182,1.218110104534813,2.006060606060606,1.7624385851536435,86230.0000029261,5.993983955098509,6623000.0,
0.898989898989899,1.2769915597389128,2.103030303030303,1.8476319910825203,86240.00000292668,5.521145667732443,6624000.0,
0.7474747474747475,1.2291503773855816,2.0242424242424244,1.778412348765308,86250.00000292726,6.576833613178512,6625000.0,
0.797979797979798,1.1849892859825066,1.9515151515151514,1.71451729431865,86260.00000292785,6.105743535776049,6626000.0,
0.7575757575757576,1.2254702864353255,2.018181818181818,1.773087760894753,86270.00000292843,6.485351444948523,6627000.0,
0.8383838383838383,1.0856268303255885,1.7878787878787878,1.5707534218136705,86280.00000292901,5.693938026702139,6628000.0,
0.8888888888888888,1.1960295588332754,1.9696969696969695,1.7304910579303145,86290.00000292959,5.495076435665238,6629000.0,
0.8888888888888888,1.3653137425450623,2.2484848484848476,1.9754220999758358,86300.00000293017,5.68597568779557,6630000.0,
0.8383838383838383,1.2659512868881435,2.0848484848484845,1.831658227470856,86310.00000293076,5.910469607421416,6631000.0,
0.8181818181818182,1.1150675579276386,1.8363636363636362,1.6133501247781086,86320.00000293134,5.872487509245554,6632000.0,
0.8080808080808081,1.1665888312312256,1.9212121212121214,1.687894354965876,86330.00000293192,6.010151178824342,6633000.0,
0.8080808080808081,1.265951286888144,2.084848484848485,1.831658227470856,86340.0000029325,6.133612217699808,6634000.0,
0.8383838383838383,1.1040272850768695,1.8181818181818181,1.5973763611664442,86350.00000293308,5.719259051044226,6635000.0,
0.8080808080808081,1.1297879217286637,1.8606060606060608,1.6346484762603282,86360.00000293367,5.966110053315009,6636000.0,
0.8484848484848485,1.3321929239927561,2.193939393939394,1.9275008091408428,86370.00000293425,5.921034517730336,6637000.0,
0.8484848484848485,1.2144300135845567,1.9999999999999998,1.757113997283089,86380.00000293483,5.782718706654033,6638000.0,
0.8080808080808081,1.3579535606445499,2.2363636363636363,1.9647729242347263,86390.00000293541,6.249965031473505,6639000.0,
0.8080808080808081,1.218110104534813,2.006060606060606,1.7624385851536435,86400.000002936,6.077408754537735,6640000.0,
0.8787878787878788,1.2622711959378878,2.0787878787878786,1.8263336396003012,86410.00000293658,5.639133889792247,6641000.0,
0.8181818181818182,1.236510559286094,2.036363636363636,1.7890615245064176,86420.00000293716,6.025856115844448,6642000.0,
0.8787878787878788,1.232830468335838,2.03030303030303,1.7837369366358629,86430.00000293774,5.60655191240606,6643000.0,
0.8181818181818182,1.096667103176357,1.806060606060606,1.5867271854253344,86440.00000293832,5.855923990475815,6644000.0,
0.8585858585858586,1.1923494678830193,1.9636363636363634,1.72516647005976,86450.0000029389,5.6922634980529745,6645000.0,
0.7676767676767676,1.137148103629176,1.8727272727272726,1.6452976520014375,86460.00000293949,6.294966608860193,6646000.0,
0.797979797979798,1.3248327420922434,2.1818181818181817,1.916851633399733,86470.00000294007,6.291623309888869,6647000.0,
0.7777777777777778,1.140828194579432,1.878787878787879,1.6506222398719923,86480.00000294065,6.218984302304606,6648000.0,
0.8787878787878788,1.3984345610973683,2.303030303030303,2.0233433908108296,86490.00000294123,5.797756569686584,6649000.0,
0.8181818181818182,1.236510559286094,2.036363636363636,1.7890615245064176,86500.00000294182,6.029806733128629,6650000.0,
0.8484848484848485,1.2696313778384003,2.090909090909091,1.8369828153414112,86510.0000029424,5.853967933572614,6651000.0,
0.8181818181818182,1.1077073760271257,1.824242424242424,1.6027009490369992,86520.00000294298,5.873368274577601,6652000.0,
0.8080808080808081,1.07458655747482,1.7696969696969695,1.5547796582020057,86530.00000294356,5.906298365051372,6653000.0,
0.8080808080808081,1.0709064665245636,1.7636363636363637,1.549455070331451,86540.00000294414,5.9022442525004575,6654000.0,
0.8080808080808081,1.2291503773855816,2.0242424242424244,1.7784123487653076,86550.00000294473,6.098571092190997,6655000.0,
0.8383838383838383,1.1518684674302009,1.8969696969696972,1.6665960034836569,86560.00000294531,5.786443111924089,6656000.0,
0.8888888888888888,1.3101123782912187,2.1575757575757573,1.895553281917514,86570.00000294589,5.636146880283438,6657000.0,
0.8181818181818182,1.012025011320464,1.6666666666666667,1.464261664402574,86580.00000294647,5.759386125121483,6658000.0,
0.8787878787878788,1.4057947429978808,2.315151515151515,2.033992566551939,86590.00000294705,5.810729650240307,6659000.0,
0.8585858585858586,0.7460787020081997,1.6484848484848484,1.4992691080832088,86600.00000294764,5.47643869556022,6660000.0,
0.7777777777777778,0.9243695682969236,2.042424242424242,1.8575503287648576,86610.00000294822,5.947433600980735,6661000.0,
0.8383838383838383,1.0834598797545543,2.3939393939393936,2.1772474179884833,86620.0000029488,5.70773889288945,6662000.0,
0.8383838383838383,0.8887113950391787,1.9636363636363634,1.7858940846285278,86630.00000294938,5.475930459313308,6663000.0,
0.8383838383838383,1.1383186078433924,2.515151515151515,2.2874877935828364,86640.00000294996,5.7741366528990845,6664000.0,
0.7878787878787878,0.9106548862747139,2.012121212121212,1.829990234866269,86650.00000295055,5.85582863788881,6665000.0,
0.797979797979798,1.127346862225625,2.4909090909090907,2.265439718463966,86660.00000295113,6.05376125790468,6666000.0,
0.84,1.1975386048152934,2.6460000000000004,2.406492279036941,86670.00000295171,5.790876910662672,6667000.0,
0.92,1.3631845342795403,3.011999999999999,2.739363093144091,86680.00000295229,5.467807102631428,6668000.0,
0.87,1.0671942668762138,2.358,2.144561146624757,86690.00000295287,5.442289962089209,6669000.0,
0.88,1.1187889006437661,2.4719999999999995,2.2482422198712464,86700.00000295346,5.439530569074077,6670000.0,
0.83,1.0536167316742264,2.3280000000000003,2.1172766536651544,86710.00000295404,5.689174375681532,6671000.0,
0.84,1.0699097739166112,2.364,2.1500180452166777,86720.00000295462,5.641318778640571,6672000.0,
0.83,1.1459439710477408,2.5319999999999996,2.3028112057904515,86730.0000029552,5.8013758689026895,6673000.0,
0.84,1.0834873091185988,2.394,2.1773025381762796,86740.00000295579,5.658434891976325,6674000.0,
0.82,1.1024958584013813,2.436,2.215500828319724,86750.00000295637,5.820114461637706,6675000.0,
0.82,1.0509012246338287,2.322,2.1118197550732343,86760.00000295695,5.757681981433403,6676000.0,
0.86,1.0970648443205862,2.424,2.2045870311358824,86770.00000295753,5.544026563328106,6677000.0,
0.83,0.9694360134219042,2.1419999999999995,1.948112797315619,86780.00000295811,5.5911253175464,6678000.0,
0.82,0.8635312388464019,1.9080000000000001,1.7352937522307195,86790.0000029587,5.530645413400039,6679000.0,
0.82,0.9585739852603141,2.118,1.926285202947937,86800.00000295928,5.647039006587766,6680000.0,
0.85,1.0970648443205862,2.424,2.2045870311358824,86810.00000295986,5.611132758190898,6681000.0,
0.8,0.8852552951695819,1.956,1.7789489409660835,86820.00000296044,5.697566619139105,6682000.0,
0.85,1.0155996331086614,2.244,2.040880073378267,86830.00000296102,5.516232509706335,6683000.0,
0.86,1.145943971047741,2.532,2.302811205790451,86840.0000029616,5.604118571150568,6684000.0,
0.79,1.048185717593431,2.3160000000000003,2.1063628564813133,86850.00000296219,5.97744774396861,6685000.0,
0.89,1.045470210553034,2.31,2.1009059578893927,86860.00000296277,5.303222708645874,6686000.0,
0.85,1.2301246893000632,2.7179999999999995,2.4719750621399874,86870.00000296335,5.77049728169633,6687000.0,
0.84,1.0481857175934315,2.316,2.1063628564813133,86880.00000296393,5.6230758544467525,6688000.0,
0.84,1.2491332385828458,2.76,2.510173352283431,86890.00000296452,5.862775284196083,6689000.0,
0.83,1.0753407879974062,2.376,2.160931842400519,86900.0000029651,5.724504564023245,6690000.0,
0.85,1.0644787598358163,2.352,2.1391042480328366,86910.00000296568,5.577502070562032,6691000.0,
0.84,1.040039196472239,2.298,2.089992160705552,86920.00000296626,5.615282376921634,6692000.0,
0.9,1.0536167316742264,2.328,2.1172766536651544,86930.00000296684,5.256460813129093,6693000.0,
0.89,1.2219781681788708,2.7,2.4556043663642253,86940.00000296743,5.50514176215826,6694000.0,
0.91,1.1160733936033684,2.4659999999999997,2.2427853212793263,86950.00000296801,5.268210322797112,6695000.0,
0.75,0.9965910838258791,2.202,2.002681783234824,86960.00000296859,6.233318778623875,6696000.0,
0.83,1.0563322387146237,2.3339999999999996,2.122733552257075,86970.00000296917,5.704976191393583,6697000.0,
0.86,1.178530055532511,2.6039999999999996,2.3682939888934973,86980.00000296975,5.648520994970447,6698000.0,
0.76,1.0834873091185988,2.394,2.17730253817628,86990.00000297034,6.267217512185125,6699000.0,
0.82,1.012884126068264,2.238,2.0354231747863465,87000.00000297092,5.723026983183395,6700000.0,
0.9,1.1187889006437661,2.472,2.2482422198712464,87010.0000029715,5.332429889762121,6701000.0,
0.82,1.0590477457550214,2.34,2.1281904508489955,87020.00000297208,5.780299690118522,6702000.0,
0.85,1.0427547035126363,2.304,2.0954490592974726,87030.00000297267,5.5575914160645015,6703000.0,
0.85,1.1540904921689334,2.55,2.319181901566213,87040.00000297325,5.689045285071937,6704000.0,
0.82,1.1703835344113183,2.586,2.351923293117736,87050.00000297383,5.917538456772628,6705000.0,
0.82,1.0427547035126365,2.304,2.0954490592974726,87060.00000297441,5.762381345920605,6706000.0,
0.87,1.2138316470576782,2.682,2.439233670588464,87070.000002975,5.6283099393103,6707000.0,
0.85,1.0346081823914437,2.286,2.079078363521711,87080.00000297558,5.550360214745589,6708000.0,
0.86,1.023746154229854,2.261999999999999,2.0572507691540287,87090.00000297616,5.473655993456028,6709000.0,
0.87,1.0590477457550211,2.34,2.1281904508489955,87100.00000297674,5.451776719422269,6710000.0,
0.83,1.0373236894318412,2.292,2.0845352621136315,87110.00000297732,5.6888213127400205,6711000.0,
0.81,0.9232723937351469,2.0399999999999996,1.8553455212529706,87120.0000029779,5.68897579491055,6712000.0,
0.91,1.1513749851285362,2.544,2.3137250029742926,87130.00000297849,5.314915368429625,6713000.0,
0.84,0.9477119570987242,2.094,1.904457608580255,87140.00000297907,5.515845187191869,6714000.0,
0.8,1.0047376049470715,2.2199999999999998,2.0190524790105853,87150.00000297965,5.863419506361925,6715000.0,
0.86,1.1350819428861512,2.508,2.2809836114227697,87160.00000298023,5.606372026777493,6716000.0,
0.86,0.9993065908662766,2.208,2.0081386818267446,87170.00000298081,5.448958826754409,6717000.0,
0.81,1.0644787598358163,2.3519999999999994,2.1391042480328366,87180.0000029814,5.86626760491155,6718000.0,
0.86,1.1758145484921136,2.5979999999999994,2.362837090301577,87190.00000298198,5.655130870505437,6719000.0,
0.82,1.530181817116541,2.5199999999999996,2.213963636576692,87200.00000298256,5.888427996475039,6720000.0,
0.81,1.2423619038970015,2.046,1.7975276192205996,87210.00000298314,6.087357906221741,6721000.0,
0.82,1.2751515142637846,2.1,1.8449696971472431,87220.00000298372,6.053596968788313,6722000.0,
0.86,1.2860813843860455,2.1179999999999994,1.860783723122791,87230.0000029843,5.78520858666128,6723000.0,
0.85,1.1804259732041893,1.9439999999999995,1.7079148053591622,87240.00000298489,5.729439968643375,6724000.0,
0.8,1.1694961030819282,1.926,1.6921007793836145,87250.00000298547,6.074367629030787,6725000.0,
0.71,1.0164779213702737,1.6739999999999997,1.4707044157259452,87260.00000298605,6.629402706356337,6726000.0,
0.87,1.3261575748343362,2.1839999999999997,1.918768485033133,87270.00000298664,5.766615603421936,6727000.0,
0.87,1.2605783541007698,2.076,1.8238843291798466,87280.00000298722,5.691696958900621,6728000.0,
0.89,1.2970112545083066,2.1359999999999992,1.8765977490983388,87290.0000029878,5.605178937810226,6729000.0,
0.86,1.246005193937755,2.052,1.8027989612124489,87300.00000298838,5.741864179163458,6730000.0,
0.82,1.4646025963829754,2.4119999999999995,2.119079480723405,87310.00000298896,6.28902511771441,6731000.0,
0.83,1.2095722935302187,1.992,1.7500855412939567,87320.00000298955,5.906470233341064,6732000.0,
0.85,1.3006545445490603,2.142,1.881869091090188,87330.00000299013,5.875120640814057,6733000.0,
0.83,1.2277887437339867,2.0220000000000002,1.7764422512532025,87340.00000299071,5.929381619128794,6734000.0,
0.86,1.4463861461792071,2.3819999999999997,2.0927227707641585,87350.00000299129,5.977190867816444,6735000.0,
0.86,1.249648483978509,2.0579999999999994,1.8080703032042982,87360.00000299187,5.7488912606063565,6736000.0,
0.83,1.1804259732041893,1.9440000000000004,1.7079148053591624,87370.00000299246,5.873763823309845,6737000.0,
0.79,1.162209523000421,1.9140000000000001,1.6815580953999154,87380.00000299304,6.14861711790307,6738000.0,
0.89,1.5811878776870925,2.6039999999999996,2.2877624244625814,87390.00000299362,5.928972896438338,6739000.0,
0.86,1.315227704712075,2.1660000000000004,1.902954459057585,87400.0000029942,5.827006633552472,6740000.0,
0.76,1.2387186138562478,2.04,1.7922562772287502,87410.00000299478,6.493574492104371,6741000.0,
0.81,1.074770562022333,1.7699999999999998,1.5550458875955335,87420.00000299537,5.89082538538942,6742000.0,
0.86,1.2751515142637846,2.1,1.8449696971472431,87430.00000299595,5.7818017609382615,6743000.0,
0.85,1.2605783541007698,2.076,1.823884329179846,87440.00000299653,5.833148652051664,6744000.0,
0.82,1.278794804304538,2.106,1.8502410391390924,87450.00000299711,6.0692595176191535,6745000.0,
0.81,1.2022857134487113,1.98,1.7395428573102578,87460.0000029977,6.050226806903583,6746000.0,
0.89,1.3735203453641336,2.262,1.9872959309271732,87470.00000299828,5.6992340960756716,6747000.0,
0.84,1.1767826831634354,1.9380000000000002,1.702643463367313,87480.00000299886,5.80473890869842,6748000.0,
0.9,1.4063099557309164,2.316,2.0347380088538163,87490.00000299944,5.67323106208242,6749000.0,
0.78,1.0784138520630864,1.7759999999999996,1.5603172295873826,87500.00000300002,6.126169041290218,6750000.0,
0.86,1.3261575748343355,2.184,1.918768485033133,87510.0000030006,5.844832063927492,6751000.0,
0.77,1.2423619038970017,2.046,1.7975276192205996,87520.00000300119,6.419688187065366,6752000.0,
0.83,1.205929003489465,1.9859999999999998,1.7448141993021071,87530.00000300177,5.912201209196167,6753000.0,
0.83,1.2933679644675526,2.13,1.87132640710649,87540.00000300235,6.01803128266377,6754000.0,
0.81,1.1877125532856965,1.956,1.7184574893428604,87550.00000300293,6.036679695591476,6755000.0,
0.81,1.0893437221853477,1.7939999999999996,1.5761312555629305,87560.00000300352,5.915730521393544,6756000.0,
0.86,1.1549229429189132,1.902,1.6710154114162175,87570.0000030041,5.648512724491117,6757000.0,
0.84,1.3006545445490603,2.1420000000000003,1.881869091090188,87580.00000300468,5.956967315110155,6758000.0,
0.83,1.2751515142637844,2.0999999999999996,1.8449696971472431,87590.00000300526,5.9984933908521425,6759000.0,
0.87,1.355303895160365,2.2319999999999998,1.960939220967927,87600.00000300584,5.815289534832048,6760000.0,
0.86,1.202285713448711,1.98,1.739542857310258,87610.00000300643,5.705446178595642,6761000.0,
0.84,1.147636362837406,1.89,1.6604727274325188,87620.00000300701,5.776707574977345,6762000.0,
0.81,1.293367964467553,2.1300000000000003,1.8713264071064897,87630.00000300759,6.171069092112519,6763000.0,
0.89,1.4536727262607143,2.394,2.103265454747857,87640.00000300817,5.796933400454297,6764000.0,
0.85,1.1622095230004208,1.9140000000000004,1.6815580953999163,87650.00000300875,5.72730296840477,6765000.0,
0.82,1.114846752470623,1.8359999999999996,1.6130306495058753,87660.00000300934,5.879566771480828,6766000.0,
0.81,1.147636362837406,1.8899999999999997,1.6604727274325188,87670.00000300992,5.9931288431865255,6767000.0,
0.88,1.3006545445490605,2.142,1.881869091090188,87680.0000030105,5.6907415280599585,6768000.0,
0.82,1.1148467524706231,1.8359999999999999,1.6130306495058755,87690.00000301108,5.881030186115061,6769000.0,
0.77,1.1403497827558986,1.8780000000000001,1.64993004344882,87700.00000301166,6.2965555622073355,6770000.0,
0.76,1.2897246744267992,2.1239999999999997,1.8660550651146406,87710.00000301225,6.576477203382332,6771000.0,
0.88,1.2241454536932332,2.0159999999999996,1.7711709092613537,87720.00000301283,5.605617561178442,6772000.0,
0.72,1.0638406919000718,1.7519999999999998,1.5392318616199858,87730.00000301341,6.629220405616516,6773000.0,
0.8,1.2205021636524795,2.01,1.7658995672695041,87740.00000301399,6.162625204745403,6774000.0,
0.8,1.147636362837406,1.89,1.660472727432519,87750.00000301457,6.07204295372659,6775000.0,
0.87,1.424526405934685,2.346,2.061094718813063,87760.00000301516,5.902211961009856,6776000.0,
0.88,1.457316016301468,2.4000000000000004,2.1085367967397066,87770.00000301574,5.87285683686975,6777000.0,
0.82,1.446386146179207,2.3819999999999997,2.092722770764159,87780.00000301632,6.289736763808711,6778000.0,
0.8,1.2277887437339867,2.022,1.7764422512532028,87790.0000030169,6.1742334298474315,6779000.0,
0.86,0.9042638444523645,1.9980000000000002,1.817147231109527,87800.00000301749,5.726992539203435,6780000.0,
0.85,1.107926872482176,2.448,2.2264146255035646,87810.00000301807,5.670970438383743,6781000.0,
0.79,0.9775825345430966,2.16,1.9644834930913802,87820.00000301865,5.937190550236869,6782000.0,
0.87,1.0780562950378036,2.3819999999999997,2.1663887409924394,87830.00000301923,5.507188845036616,6783000.0,
0.93,1.1568059992093311,2.556,2.3246388001581333,87840.00000301981,5.236993547691836,6784000.0,
0.84,1.0807718020782011,2.388,2.171845639584359,87850.0000030204,5.708059288359881,6785000.0,
0.89,1.1676680273709208,2.58,2.3464663945258155,87860.00000302098,5.4854674466461155,6786000.0,
0.84,1.1106423795225737,2.454,2.2318715240954847,87870.00000302156,5.744571880555618,6787000.0,
0.88,1.0210306471894564,2.256,2.051793870562108,87880.00000302214,5.382078008333665,6788000.0,
0.83,1.167668027370921,2.5799999999999996,2.3464663945258155,87890.00000302272,5.883453045198932,6789000.0,
0.85,0.9694360134219039,2.142,1.9481127973156191,87900.0000030233,5.512275310077787,6790000.0,
0.91,1.1948230977748961,2.64,2.4010353804450206,87910.00000302389,5.396946261449598,6791000.0,
0.79,1.029177168310649,2.2739999999999996,2.06816456633787,87920.00000302447,6.007563504373305,6792000.0,
0.86,1.0101686190278663,2.232,2.0299662761944264,87930.00000302505,5.496937929269943,6793000.0,
0.89,1.0780562950378039,2.3819999999999997,2.166388740992439,87940.00000302563,5.388375612564172,6794000.0,
0.9,1.0943493372801887,2.418,2.1991301325439623,87950.00000302622,5.347052597138357,6795000.0,
0.87,1.107926872482176,2.448,2.226414625503564,87960.0000030268,5.547499853593714,6796000.0,
0.82,1.1377974499265486,2.5140000000000002,2.28644051001469,87970.00000302738,5.922677378135276,6797000.0,
0.86,0.9395654359775318,2.076,1.8880869128044935,87980.00000302796,5.417166786188295,6798000.0,
0.89,1.1377974499265486,2.514,2.28644051001469,87990.00000302854,5.457747696708958,6799000.0,
0.84,1.029177168310649,2.2739999999999996,2.0681645663378703,88000.00000302913,5.653779962446545,6800000.0,
0.8,1.1486594780881385,2.538,2.3082681043823716,88010.00000302971,6.086321847790763,6801000.0,
0.88,0.9965910838258791,2.2019999999999995,2.002681783234824,88020.00000303029,5.3606694136026976,6802000.0,
0.84,0.879824281088787,1.9439999999999995,1.7680351437822424,88030.00000303087,5.477407477658697,6803000.0,
0.86,1.0318926753510462,2.28,2.0736214649297904,88040.00000303145,5.527314738948357,6804000.0,
0.84,1.0671942668762138,2.3579999999999997,2.144561146624757,88050.00000303204,5.701419365500927,6805000.0,
0.87,1.0346081823914437,2.2859999999999996,2.0790783635217114,88060.00000303262,5.467823198317277,6806000.0,
0.88,1.3441759849967583,2.97,2.7011648030006485,88070.0000030332,5.757924983115193,6807000.0,
0.85,1.0753407879974062,2.3759999999999994,2.160931842400519,88080.00000303378,5.645339750755342,6808000.0,
0.85,0.9259879007755444,2.046,1.8608024198448911,88090.00000303437,5.470101059906121,6809000.0,
0.87,1.0699097739166112,2.3639999999999994,2.1500180452166773,88100.00000303495,5.510238820760106,6810000.0,
0.82,1.0101686190278665,2.2319999999999998,2.0299662761944264,88110.00000303553,5.773861730698257,6811000.0,
0.81,1.0834873091185986,2.3939999999999997,2.1773025381762796,88120.00000303611,5.93615470279423,6812000.0,
0.81,0.8988328303715692,1.986,1.8062334339256862,88130.0000030367,5.70868003767447,6813000.0,
0.9,1.012884126068264,2.2379999999999995,2.035423174786347,88140.00000303728,5.264980140236709,6814000.0,
0.81,1.069909773916611,2.364,2.1500180452166777,88150.00000303786,5.920873795137541,6815000.0,
0.81,0.9205568866947493,2.0340000000000003,1.84988862266105,88160.00000303844,5.7369813417772475,6816000.0,
0.8,0.8608157318060045,1.902,1.7298368536387985,88170.00000303902,5.734517164938561,6817000.0,
0.87,1.1269354217649585,2.4899999999999998,2.264612915647008,88180.0000030396,5.579463703344627,6818000.0,
0.85,1.1622370132901259,2.568,2.3355525973419744,88190.00000304019,5.752747074629431,6819000.0,
0.9,1.0671942668762138,2.3579999999999997,2.144561146624757,88200.00000304077,5.327991407801253,6820000.0,
0.84,1.0400391964722389,2.298,2.089992160705552,88210.00000304135,5.676710948353781,6821000.0,
0.81,1.040039196472239,2.298,2.0899921607055516,88220.00000304193,5.887453329157037,6822000.0,
0.87,1.173099041451716,2.592,2.357380191709656,88230.00000304251,5.634824185743333,6823000.0,
0.86,1.1676680273709208,2.58,2.3464663945258155,88240.0000030431,5.694495380832474,6824000.0,
0.86,1.173099041451716,2.592,2.357380191709657,88250.00000304368,5.701275629763658,6825000.0,
0.86,0.8988328303715695,1.9859999999999998,1.8062334339256858,88260.00000304426,5.382826547112352,6826000.0,
0.88,1.1486594780881383,2.538,2.308268104382372,88270.00000304484,5.544838043446835,6827000.0,
0.85,1.097064844320586,2.424,2.2045870311358824,88280.00000304542,5.68030922878316,6828000.0,
0.79,1.023746154229854,2.262,2.057250769154029,88290.000003046,6.01942298022149,6829000.0,
0.87,1.0590477457550214,2.34,2.1281904508489955,88300.00000304659,5.506949133218584,6830000.0,
0.84,1.0454702105530338,2.31,2.1009059578893927,88310.00000304717,5.68793834606929,6831000.0,
0.9,1.0400391964722389,2.298,2.0899921607055516,88320.00000304775,5.303152440686036,6832000.0,
0.82,1.0699097739166112,2.364,2.1500180452166777,88330.00000304834,5.8574485049534495,6833000.0,
0.84,1.0155996331086614,2.2439999999999993,2.0408800733782675,88340.00000304892,5.653806706254644,6834000.0,
0.87,1.1893920836941008,2.6279999999999997,2.3901215832611795,88350.0000030495,5.659069061884327,6835000.0,
0.87,1.1540904921689334,2.55,2.3191819015662136,88360.00000305008,5.618952290016345,6836000.0,
0.89,1.0346081823914437,2.286,2.079078363521711,88370.00000305066,5.3588833511648915,6837000.0,
0.86,1.0970648443205864,2.4239999999999995,2.2045870311358824,88380.00000305125,5.618910284262697,6838000.0,
0.77,1.1079268724821763,2.448,2.226414625503564,88390.00000305183,6.2902920423734185,6839000.0,
0.85,1.2751515142637846,2.0999999999999996,1.844969697147243,88400.00000305241,5.513441722687648,6840000.0,
0.83,1.271508224223031,2.094,1.8396983551553936,88410.00000305299,6.033621957070402,6841000.0,
0.86,1.289724674426799,2.124,1.8660550651146404,88420.00000305357,5.844793807642122,6842000.0,
0.77,1.1658528130411745,1.92,1.686829437391765,88430.00000305416,6.3675984586839265,6843000.0,
0.87,1.2787948043045383,2.106,1.8502410391390924,88440.00000305474,5.765968740747139,6844000.0,
0.81,1.3225142847935822,2.178,1.9134971430412835,88450.00000305532,6.247546030788985,6845000.0,
0.85,1.3298008648750894,2.19,1.924039827024982,88460.0000030559,5.962586900024245,6846000.0,
0.79,1.1767826831634354,1.9379999999999997,1.702643463367313,88470.00000305648,6.222254029505036,6847000.0,
0.79,1.202285713448711,1.98,1.7395428573102578,88480.00000305707,6.255042675435794,6848000.0,
0.85,1.2933679644675526,2.13,1.8713264071064897,88490.00000305765,5.921136428956638,6849000.0,
0.84,1.202285713448711,1.98,1.7395428573102578,88500.00000305823,5.8836710876122895,6850000.0,
0.88,1.2532917740192626,2.064,1.8133416451961477,88510.00000305881,5.674647470641929,6851000.0,
0.89,1.3953800856086553,2.298,2.018923982878269,88520.0000030594,5.770986613207094,6852000.0,
0.84,1.1148467524706231,1.8359999999999996,1.6130306495058755,88530.00000305998,5.781005657876553,6853000.0,
0.8,1.3516606051196114,2.226,1.9556678789760775,88540.00000306056,6.3665732565816455,6854000.0,
0.79,1.2933679644675526,2.13,1.87132640710649,88550.00000306114,6.373880967864913,6855000.0,
0.88,1.304297834589814,2.1479999999999997,1.8871404330820374,88560.00000306172,5.734881630381325,6856000.0,
0.79,1.0601974018593179,1.746,1.5339605196281363,88570.0000030623,6.079741015196321,6857000.0,
0.81,1.0310510815332885,1.6979999999999997,1.4917897836933423,88580.00000306289,5.894134668739614,6858000.0,
0.8,1.358947185201119,2.238,1.9662105629597761,88590.00000306347,6.378181481683677,6859000.0,
0.75,1.0674839819408253,1.7579999999999998,1.544503203611835,88600.00000306405,6.415309309448895,6860000.0,
0.8,1.1112034624298692,1.83,1.607759307514026,88610.00000306463,6.069501828219673,6861000.0,
0.78,1.0565541118185644,1.74,1.5286891776362872,88620.00000306522,6.155579630723661,6862000.0,
0.88,1.4318129860161923,2.358,2.0716374027967617,88630.0000030658,5.8829670297296675,6863000.0,
0.84,1.2205021636524795,2.01,1.7658995672695041,88640.00000306638,5.912024004521927,6864000.0,
0.76,1.311584414671321,2.16,1.8976831170657358,88650.00000306696,6.654713703706951,6865000.0,
0.8,1.3990233756494095,2.304,2.024195324870118,88660.00000306754,6.431776719744242,6866000.0,
0.87,1.1767826831634354,1.9379999999999997,1.702643463367313,88670.00000306813,5.659288141734992,6867000.0,
0.79,1.0929870122261012,1.8,1.58140259755478,88680.00000306871,6.126816471357129,6868000.0,
0.83,1.377163635404887,2.2679999999999993,1.9925672729190227,88690.00000306929,6.174411609097521,6869000.0,
0.86,1.304297834589814,2.1479999999999997,1.8871404330820374,88700.00000306987,5.874762598530107,6870000.0,
0.84,1.2205021636524795,2.01,1.765899567269504,88710.00000307045,5.915357337855453,6871000.0,
0.84,1.2933679644675526,2.1300000000000003,1.8713264071064892,88720.00000307104,6.0025785293019975,6872000.0,
0.81,1.1549229429189136,1.9019999999999997,1.6710154114162175,88730.00000307162,6.054470300080323,6873000.0,
0.87,1.2605783541007698,2.0759999999999996,1.823884329179846,88740.0000030722,5.758823395686139,6874000.0,
0.78,0.9946181811257521,1.638,1.4390763637748498,88750.00000307278,6.082841258040957,6875000.0,
0.82,1.289724674426799,2.1239999999999997,1.8660550651146404,88760.00000307336,6.14649106655246,6876000.0,
0.81,1.3990233756494095,2.304,2.024195324870118,88770.00000307395,6.3578041676489505,6877000.0,
0.86,1.2970112545083066,2.1359999999999997,1.8765977490983388,88780.00000307453,5.870010761226244,6878000.0,
0.78,1.2423619038970017,2.046,1.7975276192205998,88790.00000307511,6.402512697491397,6879000.0,
0.78,1.1949991333672039,1.9680000000000002,1.7290001733265594,88800.0000030757,6.342304017325018,6880000.0,
0.81,1.311584414671321,2.16,1.8976831170657358,88810.00000307627,6.251830141750191,6881000.0,
0.76,1.016477921370274,1.6739999999999997,1.4707044157259452,88820.00000307686,6.275363054627147,6882000.0,
0.82,1.2642216441415237,2.082,1.8291556711716956,88830.00000307744,6.118804444253541,6883000.0,
0.82,1.238718613856248,2.0399999999999996,1.7922562772287502,88840.00000307802,6.088190992686162,6884000.0,
0.83,1.3516606051196114,2.2260000000000004,1.9556678789760777,88850.0000030786,6.151395909959082,6885000.0,
0.81,1.2605783541007698,2.076,1.823884329179846,88860.00000307919,6.1913288324039755,6886000.0,
0.85,1.4026666656901627,2.3099999999999996,2.0294666668619676,88870.00000307977,6.067605489219574,6887000.0,
0.76,1.0201212114110276,1.6799999999999995,1.4759757577177945,88880.00000308035,6.283314752049375,6888000.0,
0.84,1.246005193937755,2.052,1.802798961212449,88890.00000308093,5.954289516766995,6889000.0,
0.85,1.2241454536932332,2.016,1.7711709092613535,88900.00000308151,5.858992298635032,6890000.0,
0.84,1.3662337652826264,2.2499999999999996,1.9767532469434752,88910.0000030821,6.098371149320467,6891000.0,
0.85,1.3589471852011186,2.238,1.9662105629597761,88920.00000308268,6.018523747467892,6892000.0,
0.83,1.3152277047120746,2.166,1.902954459057585,88930.00000308326,6.111356270914082,6893000.0,
0.79,1.3152277047120748,2.166,1.9029544590575846,88940.00000308384,6.421298360580648,6894000.0,
0.78,1.1112034624298694,1.8299999999999996,1.6077593075140262,88950.00000308442,6.242565977662218,6895000.0,
0.83,1.2532917740192624,2.0639999999999996,1.8133416451961475,88960.000003085,6.0381804508023444,6896000.0,
0.89,1.5119653669127728,2.4899999999999998,2.1876069266174456,88970.00000308559,5.92220603040391,6897000.0,
0.79,1.271508224223031,2.094,1.8396983551553943,88980.00000308617,6.367982562493368,6898000.0,
0.84,1.1804259732041893,1.944,1.7079148053591622,88990.00000308675,5.880980920655885,6899000.0,
0.89,1.0970648443205864,2.4240000000000004,2.2045870311358824,89000.00000308733,5.878524917540741,6900000.0,
0.85,1.1377974499265486,2.5140000000000002,2.28644051001469,89010.00000308792,5.762582882439234,6901000.0,
0.88,1.0699097739166112,2.3639999999999994,2.1500180452166777,89020.0000030885,5.489440652344811,6902000.0,
0.79,0.9830135486238918,2.1719999999999997,1.9753972902752213,89030.00000308908,6.0053310743933395,6903000.0,
0.74,0.8906863092503766,1.9680000000000002,1.7898627381499248,89040.00000308966,6.286870688374657,6904000.0,
0.78,1.1269354217649585,2.49,2.2646129156470076,89050.00000309024,6.26786336142545,6905000.0,
0.78,0.969436013421904,2.1419999999999995,1.9481127973156191,89060.00000309083,6.066453863549769,6906000.0,
0.81,1.007453111987469,2.226,2.024509377602506,89070.00000309141,5.889198903869641,6907000.0,
0.77,0.9721515204623016,2.1479999999999997,1.9535696959075395,89080.00000309199,6.149804572219824,6908000.0,
0.83,1.1649525203305233,2.574,2.341009495933895,89090.00000309257,5.938012675274108,6909000.0,
0.83,1.0644787598358163,2.3519999999999994,2.139104248032837,89100.00000309316,5.81744187949738,6910000.0,
0.81,0.8988328303715695,1.986,1.8062334339256862,89110.00000309374,5.757075099405681,6911000.0,
0.84,1.1160733936033687,2.4659999999999997,2.242785321279326,89120.00000309432,5.81056118303622,6912000.0,
0.84,1.050901224633829,2.322,2.1118197550732343,89130.0000030949,5.73345145807251,6913000.0,
0.87,0.9748670275026988,2.154,1.9590265944994598,89140.00000309548,5.448810376608968,6914000.0,
0.79,0.9341344218967369,2.064,1.8771731156206526,89150.00000309607,5.949534711447927,6915000.0,
0.88,1.0970648443205864,2.424,2.2045870311358824,89160.00000309665,5.5266623232587895,6916000.0,
0.86,1.0047376049470715,2.2199999999999998,2.0190524790105853,89170.00000309723,5.5482972152258645,6917000.0,
0.85,0.9911600697450841,2.1899999999999995,1.991767986050983,89180.00000309781,5.598068317520329,6918000.0,
0.87,1.042754703512636,2.3040000000000003,2.0954490592974726,89190.0000030984,5.529141038689489,6919000.0,
0.87,1.1432284640073436,2.526,2.297354307198531,89200.00000309898,5.645087889832858,6920000.0,
0.85,1.0373236894318412,2.292,2.0845352621136315,89210.00000309956,5.653790223034243,6921000.0,
0.86,1.0780562950378039,2.3819999999999997,2.166388740992439,89220.00000310014,5.635877087424526,6922000.0,
0.8,1.0400391964722389,2.298,2.0899921607055516,89230.00000310072,6.0115464957744384,6923000.0,
0.76,0.964004999341109,2.13,1.9371990001317778,89240.0000031013,6.2284249993269,6924000.0,
0.86,1.216547154098076,2.688,2.4446905691803846,89250.00000310189,5.79830831889004,6925000.0,
0.82,1.0699097739166115,2.3639999999999994,2.1500180452166773,89260.00000310247,5.902814358614626,6926000.0,
0.89,1.2056851259364858,2.6639999999999997,2.4228629748127024,89270.00000310305,5.591554074251563,6927000.0,
0.86,0.9802980415834941,2.166,1.9699403916833012,89280.00000310363,5.524995397361538,6928000.0,
0.91,1.1975386048152934,2.645999999999999,2.406492279036941,89290.00000310421,5.460589675783236,6929000.0,
0.87,1.0047376049470715,2.2199999999999998,2.0190524790105853,89300.0000031048,5.490500695510973,6930000.0,
0.83,1.1106423795225735,2.454,2.231871524095485,89310.00000310538,5.883181180325387,6931000.0,
0.87,1.3305984497947705,2.94,2.6738803100410458,89320.00000310596,5.8659729309681525,6932000.0,
0.84,1.124219914724561,2.484,2.2591560170550875,89330.00000310654,5.830259422466793,6933000.0,
0.8613861386138614,0.9544603953872367,2.108910891089109,1.9180188120116612,89340.00000310712,5.445520689067446,6934000.0,
0.9207920792079208,1.1292207494722235,2.4950495049504946,2.2692053550560503,89350.0000031077,5.284420383994126,6935000.0,
0.7524752475247525,0.8146521121192469,1.7999999999999998,1.6370695775761503,89360.00000310829,6.0489429386684925,6936000.0,
0.8811881188118812,1.1345979911363775,2.506930693069307,2.280011094842031,89370.00000310887,5.528923563140875,6937000.0,
0.8415841584158416,1.2206338577628324,2.697029702970297,2.4529029314177304,89380.00000310945,5.891809642927202,6938000.0,
0.7821782178217822,1.059316607838229,2.34059405940594,2.128730737838295,89390.00000311004,6.133554144385185,6939000.0,
0.8613861386138614,1.137286611968454,2.512871287128713,2.285413964735022,89400.00000311062,5.660525837052697,6940000.0,
0.8316831683168316,1.002855570364618,2.2158415841584156,2.015270470085492,89410.0000031112,5.701526340733328,6941000.0,
0.8316831683168316,1.1614841994571445,2.5663366336633664,2.3340397937719373,89420.00000311178,5.892734573332702,6942000.0,
0.8415841584158416,1.0754483328306892,2.3762376237623757,2.161147957196238,89430.00000311236,5.721648019184439,6943000.0,
0.801980198019802,1.070071091166536,2.364356435643564,2.150342217410257,89440.00000311295,5.997987410155559,6944000.0,
0.8316831683168316,0.9867238453721574,2.18019801980198,1.9828532507275483,89450.00000311353,5.684034623778219,6945000.0,
0.8316831683168316,1.126532128640147,2.4891089108910895,2.263802485163059,89460.00000311411,5.852613631040948,6946000.0,
0.8118811881188119,1.1883704077779118,2.6257425742574254,2.388068492701843,89470.00000311469,6.072014770736051,6947000.0,
0.8910891089108911,1.1695500619533747,2.584158415841584,2.350248403450909,89480.00000311527,5.51160395857867,6948000.0,
0.8712871287128713,1.1050231619835336,2.4415841584158415,2.220579526019135,89490.00000311586,5.563262947444643,6949000.0,
0.7821782178217822,1.0028555703646176,2.2158415841584156,2.0152704700854924,89500.00000311644,6.066939400273677,6950000.0,
0.8415841584158416,0.9114424620740094,2.0138613861386134,1.8315728937238114,89510.00000311702,5.530535160991427,6951000.0,
0.8415841584158416,1.0727597119986125,2.37029702970297,2.1557450873032473,89520.0000031176,5.72268859913716,6952000.0,
0.8514851485148515,1.156106957792991,2.554455445544555,2.3232340539859555,89530.00000311818,5.754495380835968,6953000.0,
0.8613861386138614,1.0646938495023825,2.3524752475247523,2.139536477624276,89540.00000311877,5.582688262236138,6954000.0,
0.8811881188118812,1.1157776453118402,2.465346534653465,2.2421910055910965,89550.00000311935,5.515655530239343,6955000.0,
0.8217821782178217,0.9383286703947765,2.0732673267326733,1.8856015926537177,89560.00000311993,5.698927659333499,6956000.0,
0.8712871287128713,1.1238435078080702,2.483168316831683,2.258399615270069,89570.00000312051,5.588499935266198,6957000.0,
0.900990099009901,1.1749273036175285,2.596039603960396,2.3610541432368906,89580.0000031211,5.461400633848166,6958000.0,
0.8811881188118812,1.118466266143917,2.4712871287128713,2.2475938754840876,89590.00000312168,5.520504414554502,6959000.0,
0.8415841584158416,1.5474964628547765,2.548514851485148,2.239015558914193,89600.00000312226,5.822294729974938,6960000.0,
0.8217821782178217,1.2517045981599246,2.0613861386138614,1.8110452189818769,89610.00000312284,6.08267427022858,6961000.0,
0.8514851485148515,1.363528351886027,2.245544554455445,1.97283888407824,89620.00000312342,6.002280971573381,6962000.0,
0.8514851485148515,1.3058128660919095,2.1504950495049506,1.8893324762865689,89630.000003124,5.934963947559386,6963000.0,
0.8415841584158416,1.3022056482297772,2.1445544554455447,1.884113325799589,89640.00000312459,6.000971417482754,6964000.0,
0.8217821782178217,1.2156324195386008,2.001980198019802,1.758853714112082,89650.00000312517,6.040706920340092,6965000.0,
0.801980198019802,1.1182375372610276,1.8415841584158417,1.617936650963636,89660.00000312575,6.068911003434507,6966000.0,
0.8316831683168316,1.2192396374007333,2.007920792079208,1.7640728645990613,89670.00000312633,5.974083373717948,6967000.0,
0.8415841584158416,1.2156324195386006,2.001980198019802,1.7588537141120821,89680.00000312692,5.8999844045674665,6968000.0,
0.8316831683168316,1.3707427876102918,2.257425742574257,1.9832771850521993,89690.0000031275,6.1572002567080695,6969000.0,
0.8910891089108911,1.4248510555422773,2.3465346534653464,2.0615644423568913,89700.00000312808,5.807886184717897,6970000.0,
0.7722772277227723,1.2517045981599242,2.0613861386138614,1.8110452189818766,89710.00000312866,6.477717492679427,6971000.0,
0.7722772277227723,1.154309715882351,1.9009900990099007,1.6701281558334309,89720.00000312924,6.35211642716619,6972000.0,
0.801980198019802,1.1182375372610274,1.8415841584158417,1.617936650963636,89730.00000312983,6.072367793558166,6973000.0,
0.8217821782178217,1.1687385873308802,1.924752475247525,1.6910047577813485,89740.00000313041,5.987980690786372,6974000.0,
0.7821782178217822,1.0749509229154393,1.77029702970297,1.5553068451198824,89750.00000313099,6.171770167459641,6975000.0,
0.8613861386138614,1.1975963302279389,1.9722772277227723,1.7327579616771844,89760.00000313157,5.747092291584786,6976000.0,
0.8514851485148515,1.1687385873308807,1.9247524752475245,1.691004757781349,89770.00000313215,5.780492992270649,6977000.0,
0.8217821782178217,1.1398808444338215,1.8772277227722771,1.6492515538855126,89780.00000313274,5.9547923530442795,6978000.0,
0.8613861386138614,1.3346706089889682,2.198019801980198,1.9310856801824046,89790.00000313332,5.907603810606291,6979000.0,
0.8514851485148515,1.3671355697481595,2.2514851485148513,1.9780580345652197,89800.0000031339,6.014889448365442,6980000.0,
0.8415841584158416,1.2120252016764685,1.996039603960396,1.7536345636251027,89810.00000313448,5.901815828049289,6981000.0,
0.8811881188118812,1.4176366198180126,2.334653465346534,2.0511261413829325,89820.00000313506,5.870349422657166,6982000.0,
0.8415841584158416,1.2012035480900713,1.978217821782178,1.737977112164164,89830.00000313565,5.88989833378786,6983000.0,
0.8118811881188119,1.3563139161617621,2.233663366336633,1.9624005831042812,89840.00000313623,6.296920799356234,6984000.0,
0.8811881188118812,1.2336685088492627,2.0316831683168317,1.7849494665469792,89850.00000313681,5.662924937175855,6985000.0,
0.8217821782178217,1.2553118160220569,2.0673267326732674,1.816264369468856,89860.0000031374,6.099111969073562,6986000.0,
0.8217821782178217,1.186774676641542,1.9544554455445544,1.717100510216246,89870.00000313797,6.016193281393686,6987000.0,
0.7920792079207921,1.1939891123658068,1.966336633663366,1.727538811190205,89880.00000313856,6.251408754547863,6988000.0,
0.8217821782178217,1.2048107659522038,1.984158415841584,1.7431962626511435,89890.00000313914,6.039104667181415,6989000.0,
0.7821782178217822,1.215632419538601,2.001980198019802,1.758853714112082,89900.00000313972,6.359223726433998,6990000.0,
0.8712871287128713,1.2589190338841887,2.073267326732673,1.821483519955836,89910.0000031403,5.758984345877188,6991000.0,
0.8316831683168316,1.2661334696084536,2.085148514851485,1.8319218209297945,89920.00000314089,6.042372386254114,6992000.0,
0.8514851485148515,1.165131369468748,1.9188118811881183,1.6857856072943693,89930.00000314147,5.78369846896788,6993000.0,
0.801980198019802,1.212025201676468,1.9960396039603954,1.7536345636251025,89940.00000314205,6.1996832763483924,6994000.0,
0.8217821782178217,1.2661334696084536,2.0851485148514852,1.8319218209297945,89950.00000314263,6.116617836690996,6995000.0,
0.8217821782178217,1.2589190338841891,2.073267326732673,1.8214835199558355,89960.00000314321,6.108320752255473,6996000.0,
0.8514851485148515,1.248097380297792,2.0554455445544555,1.805826068494897,89970.0000031438,5.882995760755588,6997000.0,
0.8514851485148515,1.4176366198180121,2.3346534653465345,2.051126141382932,89980.00000314438,6.0825709141456406,6998000.0,
0.8316831683168316,1.2300612909871302,2.0257425742574253,1.7797303160599995,89990.00000314496,6.00233321910248,6999000.0,
0.8415841584158416,1.0460931800183806,1.7227722772277225,1.5135536412240465,90000.00000314554,5.713590719961964,7000000.0,
0.7821782178217822,1.1975963302279393,1.9722772277227723,1.7327579616771844,90010.00000314612,6.341734548961199,7001000.0,
0.8712871287128713,1.2769551231948508,2.1029702970297035,1.8475792723907327,90020.0000031467,5.784684857472671,7002000.0,
0.9108910891089109,1.4140294019558801,2.328712871287129,2.045906990895953,90030.00000314729,5.68409532187458,7003000.0,
0.7524752475247525,1.0677364871911748,1.7584158415841584,1.544868544145924,90040.00000314787,6.421068226595111,7004000.0,
0.8514851485148515,1.3238489554025712,2.1801980198019804,1.9154282287214661,90050.00000314845,5.975680750123044,7005000.0,
0.8217821782178217,1.2480973802977922,2.0554455445544555,1.805826068494897,90060.00000314903,6.099971511144595,7006000.0,
0.7326732673267327,1.0352715264319834,1.704950495049505,1.4978961897631085,90070.00000314962,6.551921948439961,7007000.0,
0.8217821782178217,1.5474964628547767,2.548514851485148,2.2390155589141933,90080.0000031502,6.465264370641706,7008000.0,
0.8316831683168316,1.3094200839540417,2.156435643564356,1.8945516267735483,90090.00000315078,6.10251462493202,7009000.0,
0.8811881188118812,1.4501015805772035,2.3881188118811876,2.0980984957657474,90100.00000315136,5.9197759511599015,7010000.0,
0.7623762376237624,1.208417983814336,1.9900990099009899,1.7484154131381233,90110.00000315194,6.525844368573819,7011000.0,
0.8217821782178217,1.1290591908474248,1.8594059405940593,1.6335941024245746,90120.00000315253,5.958009376994317,7012000.0,
0.8613861386138614,1.4032077483694827,2.310891089108911,2.0302495394350144,90130.00000315311,6.002802098853547,7013000.0,
0.8613861386138614,1.302205648229777,2.1445544554455447,1.8841133257995895,90140.00000315369,5.886006557312075,7014000.0,
0.8118811881188119,1.2913839946433803,2.1267326732673264,1.868455874338651,90150.00000315427,6.2320680911454485,7015000.0,
0.7722772277227723,1.248097380297792,2.0554455445544555,1.805826068494897,90160.00000315486,6.49612353109006,7016000.0,
0.8316831683168316,1.1470952801580863,1.889108910891089,1.6596898548594723,90170.00000315544,5.911147896558533,7017000.0,
0.8415841584158416,1.1975963302279389,1.9722772277227718,1.7327579616771849,90180.00000315602,5.902082698446755,7018000.0,
0.8316831683168316,1.23006129098713,2.0257425742574253,1.7797303160599995,90190.0000031566,6.011857028626844,7019000.0,
0.8613861386138614,1.0404962620136922,2.2990099009900993,2.0909106485873608,90200.00000315718,5.997645110254299,7020000.0,
0.801980198019802,0.922196945402316,2.0376237623762377,1.853184373295774,90210.00000315777,5.85162582099498,7021000.0,
0.8415841584158416,1.0593166078382292,2.3405940594059405,2.1287307378382945,90220.00000315835,5.739656204783798,7022000.0,
0.801980198019802,1.126532128640147,2.489108910891089,2.2638024851630596,90230.00000315893,6.1074017902175175,7023000.0,
0.801980198019802,1.1211548869759937,2.477227722772277,2.252996745377078,90240.00000315951,6.101190661722738,7024000.0,
0.8316831683168316,1.0754483328306892,2.376237623762376,2.1611479571962384,90250.0000031601,5.828810495605575,7025000.0,
0.8415841584158416,1.118466266143917,2.471287128712871,2.247593875484087,90260.00000316068,5.811822269358902,7026000.0,
0.8712871287128713,1.0404962620136917,2.299009900990099,2.0909106485873608,90270.00000316126,5.52465820998132,7027000.0,
0.7722772277227723,0.8415383204400144,1.8594059405940595,1.691098276506056,90280.00000316184,5.975835517684835,7028000.0,
0.8910891089108911,1.1856817869458351,2.6198019801980195,2.3826656228088527,90290.00000316242,5.565707338850081,7029000.0,
0.7722772277227723,0.9571490162193135,2.114851485148515,1.9234216819046517,90300.000003163,6.126562187860653,7030000.0,
0.8316831683168316,0.9921010870363107,2.1920792079207914,1.9936589905135298,90310.00000316359,5.73145249768631,7031000.0,
0.8415841584158416,1.0673824703344594,2.3584158415841583,2.144939347517266,90320.00000316417,5.753946229632534,7032000.0,
0.8514851485148515,1.1211548869759937,2.477227722772277,2.2529967453770783,90330.00000316475,5.750656320925147,7033000.0,
0.8910891089108911,1.1130890244797635,2.4594059405940594,2.2367881356981063,90340.00000316533,5.486464349860508,7034000.0,
0.8613861386138614,1.1722386827854512,2.5900990099009897,2.3556512733438995,90350.00000316591,5.74478053995773,7035000.0,
0.8613861386138614,0.9490831537230834,2.0970297029702976,1.90721307222568,90360.0000031665,5.486174695873858,7036000.0,
0.8316831683168316,1.1399752328005308,2.518811881188119,2.290816834628013,90370.00000316708,5.912110696760122,7037000.0,
0.9108910891089109,1.244831445251523,2.7504950495049494,2.501528760454646,90380.00000316766,5.51356278245003,7038000.0,
0.8217821782178217,1.0028555703646176,2.2158415841584156,2.015270470085492,90390.00000316824,5.8174483448412975,7039000.0,
0.8514851485148515,0.9813466037080039,2.1683168316831685,1.9720475109415674,90400.00000316883,5.589718685924558,7040000.0,
0.8217821782178217,1.1453524744646841,2.5306930693069307,2.3016225744139938,90410.0000031694,5.991812047420952,7041000.0,
0.801980198019802,0.9383286703947763,2.073267326732673,1.8856015926537177,90420.00000316999,5.88211105833186,7042000.0,
0.8712871287128713,1.1561069577929908,2.5544554455445545,2.323234053985956,90430.00000317057,5.664620485819348,7043000.0,
0.8613861386138614,0.9759693620438507,2.156435643564356,1.9612417711555858,90440.00000317115,5.5210655813958835,7044000.0,
0.8316831683168316,1.1050231619835333,2.441584158415841,2.2205795260191343,90450.00000317174,5.87389451637324,7045000.0,
0.8118811881188119,1.0270531578533084,2.269306930693069,2.0638962991224075,90460.00000317232,5.921611816563436,7046000.0,
0.8613861386138614,1.1345979911363773,2.506930693069307,2.2800110948420316,90470.0000031729,5.706599966894184,7047000.0,
0.8712871287128713,1.126532128640147,2.489108910891089,2.2638024851630596,90480.00000317348,5.6329493750872395,7048000.0,
0.7623762376237624,0.9060652204098558,2.001980198019802,1.8207671539378303,90490.00000317406,6.148992042550908,7049000.0,
0.7920792079207921,0.9732807412117739,2.1504950495049506,1.9558389012625956,90500.00000317465,6.0037644359677005,7050000.0,
0.8118811881188119,1.0646938495023825,2.3524752475247523,2.139536477624276,90510.00000317523,5.970413156277682,7051000.0,
0.801980198019802,1.1641728202892212,2.5722772277227723,2.3394426636649275,90520.00000317581,6.168657467459789,7052000.0,
0.8811881188118812,1.174927303617528,2.5960396039603966,2.36105414323689,90530.00000317639,5.626825367195553,7053000.0,
0.8118811881188119,1.1964362702741418,2.643564356435643,2.4042771023808145,90540.00000317697,6.134144674545421,7054000.0,
0.8118811881188119,1.204502132770372,2.6613861386138615,2.420485712059786,90550.00000317756,6.1445672612786115,7055000.0,
0.8316831683168316,1.0055441911966945,2.2217821782178215,2.0206733399784826,90560.00000317814,5.759520991975083,7056000.0,
0.7920792079207921,1.1130890244797633,2.4594059405940594,2.2367881356981067,90570.00000317872,6.183772393593742,7057000.0,
0.8118811881188119,0.9490831537230834,2.097029702970297,1.9072130722256802,90580.0000031793,5.831429250500938,7058000.0,
0.8118811881188119,1.1238435078080704,2.4831683168316827,2.258399615270069,90590.00000317988,6.047170662239793,7059000.0,
0.7920792079207921,1.0243645370212315,2.263366336633663,2.058493429229417,90600.00000318047,6.073257728177432,7060000.0,
0.7623762376237624,0.9383286703947765,2.073267326732673,1.8856015926537175,90610.00000318105,6.197545399025,7061000.0,
0.8316831683168316,1.129220749472224,2.4950495049504946,2.2692053550560503,90620.00000318163,5.9110844727589225,7062000.0,
0.8613861386138614,1.1453524744646841,2.5306930693069303,2.3016225744139938,90630.00000318221,5.7264413785746004,7063000.0,
0.9108910891089109,1.0566279870061523,2.334653465346535,2.1233278679453043,90640.0000031828,5.318252464159574,7064000.0,
0.8415841584158416,1.000166949532541,2.20990099009901,2.009867600192501,90650.00000318338,5.689607787268805,7065000.0,
0.8514851485148515,1.1910590286099882,2.631683168316832,2.3934713625948336,90660.00000318396,5.848101882612477,7066000.0,
0.8217821782178217,0.9329514287306231,2.061386138613861,1.8747958528677369,90670.00000318454,5.745878244781438,7067000.0,
0.8910891089108911,1.10771178281561,2.4475247524752475,2.225982395912126,90680.00000318512,5.495541000882726,7068000.0,
0.7920792079207921,1.037807641181615,2.293069306930693,2.08550777869437,90690.0000031857,6.094729647180179,7069000.0,
0.8316831683168316,0.962526257883467,2.1267326732673264,1.9342274216906332,90700.00000318629,5.71446371501552,7070000.0,
0.8217821782178217,1.0593166078382292,2.3405940594059405,2.128730737838294,90710.00000318687,5.90157563140647,7071000.0,
0.8514851485148515,1.0082328120287714,2.2277227722772275,2.026076209871473,90720.00000318745,5.6361780701160935,7072000.0,
0.8217821782178217,1.1023345411514565,2.435643564356435,2.215176656126144,90730.00000318803,5.954886610498525,7073000.0,
0.7326732673267327,0.8334724579437842,1.8415841584158417,1.6748896668270845,90740.00000318862,6.312709706316284,7074000.0,
0.8811881188118812,1.0646938495023828,2.3524752475247523,2.139536477624276,90750.0000031892,5.511616615896918,7075000.0,
0.8514851485148515,1.346999036870438,2.9762376237623767,2.7068378163882882,90760.00000318978,6.035891892313973,7076000.0,
0.8811881188118812,1.1534183369609143,2.548514851485148,2.3178311840929657,90770.00000319036,5.613202832001597,7077000.0,
0.8514851485148515,1.078136953662766,2.382178217821782,2.1665508270892286,90780.00000319094,5.721065492267807,7078000.0,
0.8316831683168316,1.0835141953269194,2.394059405940594,2.17735656687521,90790.00000319153,5.864223020751348,7079000.0,
0.8514851485148515,1.3166345196783062,2.1683168316831676,1.904989927747507,90800.00000319211,5.608323337088432,7080000.0,
0.8613861386138614,1.1867746766415421,1.9544554455445542,1.7171005102162462,90810.00000319269,5.782805084550515,7081000.0,
0.8217821782178217,1.2408829445735272,2.043564356435643,1.7953877675209386,90820.00000319327,6.12781900502443,7082000.0,
0.8811881188118812,1.370742787610292,2.257425742574257,1.9832771850521989,90830.00000319385,5.862526084985879,7083000.0,
0.7623762376237624,0.9667343870514691,1.5920792079207922,1.3987323305104982,90840.00000319444,6.24675289749746,7084000.0,
0.8316831683168316,1.3779572233345565,2.2693069306930695,1.993715486026158,90850.00000319502,6.221112852046412,7085000.0,
0.8712871287128713,1.3490994804374978,2.221782178217822,1.9519622821303224,90860.0000031956,5.905668722037476,7086000.0,
0.801980198019802,1.1182375372610276,1.8415841584158412,1.6179366509636366,90870.00000319618,6.128664089857739,7087000.0,
0.801980198019802,1.3887788769209533,2.287128712871287,2.0093729374870963,90880.00000319676,6.466499587458415,7088000.0,
0.8217821782178217,1.3563139161617623,2.2336633663366334,1.9624005831042814,90890.00000319735,6.271656693342839,7089000.0,
0.8514851485148515,1.1723458051930127,1.9306930693069306,1.6962239082683286,90900.00000319793,5.83728751557691,7090000.0,
0.8811881188118812,1.3707427876102918,2.257425742574257,1.9832771850521993,90910.00000319851,5.866121590604065,7091000.0,
0.8217821782178217,1.1831674587794097,1.9485148514851482,1.7118813597292668,90920.0000031991,6.062406184961989,7092000.0,
0.8415841584158416,1.3959933126452178,2.299009900990099,2.0198112384610556,90930.00000319968,6.173119112850518,7093000.0,
0.7722772277227723,1.237275726711395,2.0376237623762377,1.7901686170339588,90940.00000320026,6.52211087708949,7094000.0,
0.8811881188118812,1.143488062295954,1.8831683168316828,1.6544707043724924,90950.00000320084,5.610023531539586,7095000.0,
0.8712871287128713,1.3022056482297772,2.1445544554455447,1.884113325799589,90960.00000320142,5.856392846435699,7096000.0,
0.8118811881188119,1.1903818945036744,1.9603960396039604,1.7223196607032258,90970.000003202,6.147663065365945,7097000.0,
0.8316831683168316,1.1579169337444832,1.9069306930693064,1.6753473063204105,90980.00000320259,5.962731075277755,7098000.0,
0.8118811881188119,1.193989112365807,1.9663366336633663,1.7275388111902048,90990.00000320317,6.153081711757165,7099000.0,
0.8712871287128713,1.313027301816174,2.162376237623762,1.8997707772605275,91000.00000320375,5.870631335211101,7100000.0,
0.8118811881188119,1.2444901624356595,2.0495049504950495,1.8006069180079178,91010.00000320433,6.216259834404234,7101000.0,
0.8316831683168316,1.3563139161617623,2.2336633663366334,1.9624005831042814,91020.00000320491,6.203184589851024,7102000.0,
0.801980198019802,1.0965942300882334,1.805940594059406,1.5866217480417595,91030.0000032055,6.1095779907908865,7103000.0,
0.801980198019802,1.2228468552628657,2.013861386138614,1.7692920150860407,91040.00000320608,6.267497930823482,7104000.0,
0.8316831683168316,1.3166345196783062,2.1683168316831685,1.9049899277475073,91050.00000320666,6.156903410745999,7105000.0,
0.7722772277227723,1.1290591908474246,1.8594059405940593,1.6335941024245746,91060.00000320724,6.388138183214707,7106000.0,
0.8316831683168316,1.2192396374007333,2.007920792079208,1.7640728645990613,91070.00000320782,6.040750040388495,7107000.0,
0.7920792079207921,1.1470952801580865,1.889108910891089,1.6596898548594718,91080.0000032084,6.252205291389108,7108000.0,
0.8316831683168316,1.204810765952204,1.9841584158415841,1.7431962626511437,91090.00000320899,6.024353421146868,7109000.0,
0.8118811881188119,1.3058128660919095,2.15049504950495,1.8893324762865689,91100.00000320957,6.296181701103043,7110000.0,
0.9603960396039604,1.6088191665110263,2.64950495049505,2.3277411171928444,91110.00000321015,5.638459132296728,7111000.0,
0.8316831683168316,1.2769551231948506,2.1029702970297026,1.847579272390733,91120.00000321073,6.112526993545846,7112000.0,
0.8217821782178217,1.3238489554025714,2.18019801980198,1.9154282287214661,91130.00000321132,6.24371740374498,7113000.0,
0.7821782178217822,1.1470952801580863,1.889108910891089,1.6596898548594716,91140.0000032119,6.334385105204336,7114000.0,
0.8217821782178217,1.3382778268511002,2.2039603960396037,1.936304830669384,91150.00000321248,6.26223928345951,7115000.0,
0.8415841584158416,1.2661334696084536,2.085148514851485,1.8319218209297945,91160.00000321306,6.029638593478051,7116000.0,
0.801980198019802,1.100201447950366,1.811881188118812,1.591840898528739,91170.00000321364,6.120989459977405,7117000.0,
0.7821782178217822,1.3599211340238946,2.2396039603960394,1.9676197335912609,91180.00000321423,6.60850423483036,7118000.0,
0.8613861386138614,1.3563139161617621,2.2336633663366334,1.9624005831042814,91190.00000321481,5.997097764914087,7119000.0,
0.8415841584158416,1.2517045981599242,2.0613861386138614,1.8110452189818769,91200.00000321539,6.014376052109909,7120000.0,
0.8910891089108911,1.23006129098713,2.0257425742574258,1.77973031606,91210.00000321597,5.656399893387693,7121000.0,
0.7425742574257426,1.0460931800183804,1.7227722772277227,1.5135536412240465,91220.00000321656,6.540469482627347,7122000.0,
0.8217821782178217,1.1615241516066157,1.912871287128713,1.6805664568073901,91230.00000321714,6.05100890755982,7123000.0,
0.8415841584158416,1.2553118160220567,2.067326732673267,1.816264369468856,91240.00000321772,6.020544628628552,7124000.0,
0.8712871287128713,1.3599211340238944,2.2396039603960394,1.9676197335912606,91250.0000032183,5.9358163017228955,7125000.0,
0.8316831683168316,1.3996005305073502,2.3049504950495048,2.0250303889480348,91260.00000321888,6.266660161862456,7126000.0,
0.8217821782178217,1.147095280158086,1.8891089108910892,1.6596898548594723,91270.00000321947,6.035378594110516,7127000.0,
0.7326732673267327,1.248097380297792,2.0554455445544555,1.8058260684948972,91280.00000322005,6.907805884125478,7128000.0,
0.7722772277227723,1.0569148336047776,1.7405940594059404,1.5292110926849853,91290.00000322063,6.306515361657607,7129000.0,
0.7821782178217822,1.0064137835349247,1.657425742574257,1.4561429858672725,91300.00000322121,6.162627748762538,7130000.0,
0.8613861386138614,1.269740687470586,2.091089108910891,1.8371409714167737,91310.0000032218,5.902110453445341,7131000.0,
0.8712871287128713,1.3563139161617623,2.233663366336634,1.9624005831042812,91320.00000322238,5.934858017585862,7132000.0,
0.8514851485148515,1.3490994804374978,2.2217821782178215,1.9519622821303226,91330.00000322296,6.064870320225668,7133000.0,
0.7623762376237624,1.089379794363969,1.7940594059405939,1.5761834470678004,91340.00000322354,6.4335994707270565,7134000.0,
0.8316831683168316,1.1110231015367629,1.8297029702970293,1.6074983499896771,91350.00000322412,5.923965872267117,7135000.0,
0.801980198019802,1.165131369468748,1.9188118811881187,1.6857856072943693,91360.0000032247,6.211334176932971,7136000.0,
0.8316831683168316,1.1074158836746306,1.8237623762376236,1.6022791995026981,91370.00000322529,5.920581003171038,7137000.0,
0.8613861386138614,1.4464943627150708,2.3821782178217816,2.092879345278768,91380.00000322587,6.1105256396488965,7138000.0,
0.8316831683168316,1.3202417375404387,2.1742574257425744,1.9102090782344863,91390.00000322645,6.177431136985934,7139000.0,
0.7623762376237624,1.0189872953570782,2.2514851485148517,2.0476876894434355,91400.00000322703,6.801045357919487,7140000.0,
0.8514851485148515,1.2125679952666022,2.67920792079208,2.436694321738759,91410.00000322761,5.908246134153088,7141000.0,
0.8712871287128713,1.204502132770372,2.661386138613861,2.420485712059787,91420.0000032282,5.7651649480119165,7142000.0,
0.7920792079207921,0.9786579828759273,2.1623762376237625,1.966644641048577,91430.00000322878,6.0570532035714,7143000.0,
0.8613861386138614,1.0862028161589963,2.4,2.1827594367682006,91440.00000322936,5.69501476376212,7144000.0,
0.8415841584158416,1.0055441911966945,2.221782178217822,2.020673339978482,91450.00000322994,5.733644274424873,7145000.0,
0.8316831683168316,1.029741778685385,2.2752475247524755,2.069299169015398,91460.00000323053,5.831472853124694,7146000.0,
0.900990099009901,1.0915800578231498,2.411881188118812,2.193565176554182,91470.0000032311,5.451971273136163,7147000.0,
0.8613861386138614,1.0835141953269196,2.394059405940594,2.17735656687521,91480.00000323169,5.69373257176177,7148000.0,
0.8712871287128713,0.9652148787155436,2.132673267326733,1.9396302915836237,91490.00000323227,5.493710258699174,7149000.0,
0.8415841584158416,1.0136100536929247,2.2396039603960394,2.0368819496574546,91500.00000323285,5.745581358097001,7150000.0,
0.7623762376237624,1.0727597119986125,2.37029702970297,2.1557450873032478,91510.00000323344,6.420630271780805,7151000.0,
0.8514851485148515,1.1399752328005306,2.518811881188119,2.290816834628013,91520.00000323402,5.828108122419977,7152000.0,
0.8415841584158416,1.0754483328306892,2.376237623762376,2.1611479571962384,91530.0000032346,5.820471548601957,7153000.0,
0.7821782178217822,1.1399752328005306,2.5188118811881184,2.2908168346280124,91540.00000323518,6.3455354244066156,7154000.0,
0.8514851485148515,1.1722386827854514,2.59009900990099,2.3556512733439,91550.00000323576,5.867394267169789,7155000.0,
0.8613861386138614,1.1722386827854516,2.59009900990099,2.3556512733438995,91560.00000323635,5.800412723869014,7156000.0,
0.8415841584158416,1.1803045452816816,2.6079207920792076,2.3718598830228714,91570.00000323693,5.946947753985011,7157000.0,
0.8910891089108911,0.9947897078683875,2.1980198019801978,1.999061860406521,91580.00000323751,5.408817338999839,7158000.0,
0.8415841584158416,1.0862028161589963,2.4,2.182759436768201,91590.00000323809,5.83607393467458,7159000.0,
0.8217821782178217,1.1050231619835331,2.441584158415841,2.220579526019135,91600.00000323867,6.000086016573734,7160000.0,
0.8910891089108911,1.1023345411514565,2.435643564356435,2.215176656126144,91610.00000323926,5.530839874128693,7161000.0,
0.900990099009901,1.1587955786250679,2.5603960396039604,2.3286369238789466,91620.00000323984,5.5331665214991155,7162000.0,
0.8811881188118812,1.1130890244797635,2.4594059405940594,2.2367881356981063,91630.00000324042,5.606087544806136,7163000.0,
0.8316831683168316,1.0996459203193798,2.4297029702970296,2.2097737862331535,91640.000003241,5.924095690089878,7164000.0,
0.9108910891089109,1.0566279870061523,2.334653465346534,2.1233278679453043,91650.00000324158,5.362165507640391,7165000.0,
0.8712871287128713,1.1372866119684537,2.512871287128713,2.2854139647350222,91660.00000324217,5.698928952546713,7166000.0,
0.8910891089108911,1.0324303995174617,2.281188118811881,2.074702038908389,91670.00000324275,5.455058559628477,7167000.0,
0.8613861386138614,1.1722386827854514,2.5900990099009897,2.3556512733438995,91680.00000324333,5.805929965248645,7168000.0,
0.8316831683168316,1.0539393661740752,2.328712871287129,2.1179249980523127,91690.00000324391,5.871519952367686,7169000.0,
0.8217821782178217,1.0055441911966945,2.2217821782178215,2.020673339978482,91700.0000032445,5.883852570194849,7170000.0,
0.801980198019802,1.1587955786250677,2.5603960396039604,2.3286369238789466,91710.00000324508,6.220717943906672,7171000.0,
0.8613861386138614,1.177615924449605,2.601980198019802,2.3664570131298808,91720.00000324566,5.8140115906289775,7172000.0,
0.8613861386138614,1.1050231619835331,2.441584158415841,2.2205795260191348,91730.00000324624,5.730197004317818,7173000.0,
0.8118811881188119,1.1641728202892212,2.572277227722772,2.339442663664928,91740.00000324682,6.152942132494231,7174000.0,
0.8415841584158416,1.0136100536929247,2.2396039603960394,2.036881949657454,91750.0000032474,5.757346063980039,7175000.0,
0.8514851485148515,1.0243645370212313,2.2633663366336636,2.058493429229417,91760.00000324799,5.703495561098427,7176000.0,
0.8415841584158416,1.0216759161891549,2.257425742574257,2.053090559336426,91770.00000324857,5.767871382946202,7177000.0,
0.8514851485148515,1.0216759161891549,2.257425742574257,2.053090559336426,91780.00000324915,5.701268227330576,7178000.0,
0.8415841584158416,1.0431848828457686,2.304950495049505,2.0963135184803514,91790.00000324973,5.794370272738234,7179000.0,
0.801980198019802,0.9705921203796972,2.1445544554455442,1.9504360313696052,91800.00000325032,5.99048894041579,7180000.0,
0.8514851485148515,1.0539393661740757,2.3287128712871286,2.117924998052313,91810.0000032509,5.74055437208039,7181000.0,
0.8217821782178217,1.0001669495325411,2.2099009900990096,2.0098676001925013,91820.00000325148,5.883092312266517,7182000.0,
0.8514851485148515,1.078136953662766,2.3821782178217816,2.166550827089229,91830.00000325206,5.769902701572976,7183000.0,
0.8316831683168316,1.1587955786250679,2.5603960396039604,2.3286369238789466,91840.00000325264,6.004739922100843,7184000.0,
0.8811881188118812,1.298603861893057,2.8693069306930696,2.6095861583144577,91850.00000325323,5.826503259174607,7185000.0,
0.8613861386138614,1.0754483328306894,2.376237623762376,2.1611479571962384,91860.00000325381,5.701840018749921,7186000.0,
0.8613861386138614,1.1211548869759937,2.4772277227722768,2.2529967453770783,91870.00000325439,5.755361420688749,7187000.0,
0.801980198019802,0.9517717745551603,2.1029702970297035,1.9126159421186706,91880.00000325497,5.970972212906412,7188000.0,
0.8415841584158416,0.9087538412419324,2.007920792079208,1.8261700238308214,91890.00000325555,5.639340446832772,7189000.0,
0.8217821782178217,1.0862028161589963,2.4,2.1827594367682006,91900.00000325614,5.991641981294114,7190000.0,
0.8613861386138614,1.2018135119382953,2.655445544554455,2.4150828421667963,91910.00000325672,5.850838674955438,7191000.0,
0.8415841584158416,1.1265321286401473,2.489108910891089,2.263802485163059,91920.0000032573,5.899524058917793,7192000.0,
0.8217821782178217,1.0270531578533084,2.269306930693069,2.063896299122407,91930.00000325788,5.921110469380047,7193000.0,
0.7425742574257426,0.9786579828759273,2.1623762376237625,1.9666446410485765,91940.00000325846,6.488056750477744,7194000.0,
0.7821782178217822,1.0162986745250013,2.245544554455445,2.0422848195504453,91950.00000325905,6.208176786612528,7195000.0,
0.8316831683168316,1.059316607838229,2.3405940594059405,2.128730737838295,91960.00000325963,5.890842588178905,7196000.0,
0.8316831683168316,0.962526257883467,2.1267326732673264,1.9342274216906326,91970.00000326021,5.774939905495231,7197000.0,
0.8514851485148515,1.0915800578231496,2.4118811881188114,2.193565176554182,91980.0000032608,5.792667277389647,7198000.0,
0.7425742574257426,0.8684245287607816,1.918811881188119,1.7451269754359624,91990.00000326138,6.342275698936169,7199000.0,
0.8316831683168316,1.3527066982996299,2.227722772277228,1.9571814326173018,92000.00000326196,5.831325167027167,7200000.0,
0.8823529411764706,1.3180137500373574,2.1705882352941175,1.9069854852866464,92010.00000326254,5.80530225021321,7201000.0,
0.8333333333333334,1.0965588652072322,1.8058823529411763,1.5865705798997305,92020.00000326312,5.881515344311982,7202000.0,
0.8235294117647058,1.1251336890562804,1.8529411764705883,1.6279144386593318,92030.0000032637,5.986707574989568,7203000.0,
0.8725490196078431,1.185855189735508,1.9529411764705882,1.7157701385234867,92040.00000326429,5.720416060319183,7204000.0,
0.9019607843137255,1.3537322798486677,2.229411764705882,1.9586653087361492,92050.00000326487,5.7204401365212165,7205000.0,
0.8725490196078431,1.2608641023392604,2.076470588235294,1.8242977677674417,92060.00000326545,5.807280207348255,7206000.0,
0.8529411764705882,1.3573041328297986,2.2352941176470584,1.9638332910810992,92070.00000326603,6.054308293839448,7207000.0,
0.8137254901960784,1.2465766904147362,2.052941176470588,1.8036258383876411,92080.00000326661,6.2104894269602156,7208000.0,
0.8823529411764706,1.4215974864901575,2.341176470588235,2.056856973290204,92090.0000032672,5.926252707082146,7209000.0,
0.8823529411764706,1.6144775474712338,2.6588235294117646,2.335928019917518,92100.00000326778,6.145294553971836,7210000.0,
0.7745098039215687,1.0608403353959215,1.7470588235294122,1.5348907564502277,92110.00000326836,6.286652078807415,7211000.0,
0.8431372549019608,1.1822833367543772,1.9470588235294117,1.7106021561785365,92120.00000326894,5.9194500042366345,7212000.0,
0.8627450980392157,1.325157455999619,2.1823529411764704,1.9173214499765472,92130.00000326952,5.950975687810995,7213000.0,
0.8333333333333334,1.2608641023392602,2.076470588235294,1.8242977677674423,92140.0000032701,6.084328687694273,7214000.0,
0.8725490196078431,1.2501485433958672,2.0588235294117645,1.8087938207325915,92150.00000327069,5.799044398222353,7215000.0,
0.8137254901960784,1.2465766904147362,2.052941176470588,1.8036258383876411,92160.00000327127,6.214344848647187,7216000.0,
0.8529411764705882,1.1215618360751496,1.8470588235294119,1.6227464563143819,92170.00000327185,5.782518474656103,7217000.0,
0.9019607843137255,1.3894508096599778,2.288235294117647,2.010345132185652,92180.00000327243,5.765693289138433,7218000.0,
0.8725490196078431,1.2894389261883086,2.123529411764706,1.8656416265270443,92190.00000327302,5.845871578501438,7219000.0,
0.8529411764705882,1.3394448679241429,2.2058823529411766,1.9379933793563482,92200.0000032736,6.03934685682397,7220000.0,
0.7941176470588235,1.2751515142637846,2.0999999999999996,1.8449696971472433,92210.00000327418,6.40623770951026,7221000.0,
0.8529411764705882,1.1608522188675907,1.9117647058823526,1.6795942621088351,92220.00000327476,5.8308819119531226,7222000.0,
0.7941176470588235,1.028693658565742,1.6941176470588237,1.4883789153456755,92230.00000327535,6.096871027026363,7223000.0,
0.7450980392156863,1.2037144546411636,1.9823529411764704,1.741610050248238,92240.00000327593,6.733403610379352,7224000.0,
0.8529411764705882,1.3072981910939638,2.1529411764705886,1.8914815382517958,92250.00000327651,6.003956500080673,7225000.0,
0.8137254901960784,1.282295220226047,2.111764705882353,1.8553056618371442,92260.00000327709,6.263059186487872,7226000.0,
0.8431372549019608,1.2501485433958672,2.0588235294117645,1.8087938207325915,92270.00000327767,6.006918040021133,7227000.0,
0.8333333333333334,1.2501485433958672,2.0588235294117645,1.808793820732591,92280.00000327826,6.078058252256703,7228000.0,
0.8627450980392157,1.3680196917731924,2.2529411764705882,1.97933723811595,92290.00000327884,6.007929642912606,7229000.0,
0.8333333333333334,1.2644359553203917,2.0823529411764707,1.8294657501123925,92300.00000327942,6.096144323036776,7230000.0,
0.8431372549019608,1.321585603018488,2.176470588235294,1.9121534676315965,92310.00000328,6.0935061805038835,7231000.0,
0.7745098039215687,1.1358492479996736,1.8705882352941172,1.643418385694183,92320.00000328058,6.394131940650852,7232000.0,
0.9019607843137255,1.4858908401505164,2.4470588235294115,2.1498806554993086,92330.00000328117,5.8791376707696275,7233000.0,
0.8627450980392157,1.3537322798486673,2.229411764705882,1.9586653087361487,92340.00000328175,5.9936419609093115,7234000.0,
0.8431372549019608,1.3287293089807501,2.188235294117647,1.9224894323214972,92350.00000328233,6.103839413156909,7235000.0,
0.803921568627451,1.325157455999619,2.1823529411764704,1.917321449976547,92360.00000328291,6.397632445456355,7236000.0,
0.7549019607843137,1.243004837433605,2.0470588235294116,1.7984578560426911,92370.0000032835,6.704757057580389,7237000.0,
0.8431372549019608,1.3787352507165846,2.2705882352941176,1.9948411851508008,92380.00000328408,6.164544134750655,7238000.0,
0.7843137254901961,1.178711483773246,1.941176470588235,1.7054341738335863,92390.00000328466,6.372354642004225,7239000.0,
0.8725490196078431,1.2501485433958672,2.0588235294117645,1.8087938207325913,92400.00000328524,5.810280353279189,7240000.0,
0.8823529411764706,1.2930107791694399,2.1294117647058823,1.870809608871994,92410.00000328582,5.794743327675049,7241000.0,
0.7941176470588235,1.2751515142637846,2.1,1.8449696971472433,92420.0000032864,6.416608079881233,7242000.0,
0.7941176470588235,1.257292249358129,2.070588235294118,1.8191297854224924,92430.00000328699,6.394612462345745,7243000.0,
0.8823529411764706,1.4573160163014678,2.4,2.1085367967397066,92440.00000328757,5.982289263091427,7244000.0,
0.7843137254901961,1.264435955320391,2.0823529411764703,1.8294657501123925,92450.00000328815,6.484653343227009,7245000.0,
0.7647058823529411,1.2644359553203912,2.0823529411764707,1.8294657501123925,92460.00000328873,6.651439326386708,7246000.0,
0.8529411764705882,1.3287293089807497,2.188235294117647,1.9224894323214972,92470.00000328931,6.039197580822092,7247000.0,
0.8235294117647058,1.1858551897355083,1.9529411764705882,1.7157701385234867,92480.0000032899,6.081869397244164,7248000.0,
0.8431372549019608,1.4037382215845022,2.3117647058823527,2.0310170615654526,92490.00000329048,6.199315100198947,7249000.0,
0.803921568627451,1.2822952202260465,2.1117647058823525,1.8553056618371437,92500.00000329106,6.351145274128649,7250000.0,
0.8529411764705882,1.253720396376998,2.064705882352941,1.813961803077541,92510.00000329164,5.953095177539641,7251000.0,
0.8627450980392157,1.3787352507165849,2.270588235294117,1.9948411851508008,92520.00000329223,6.030804495324873,7252000.0,
0.8333333333333334,1.2001426016600325,1.976470588235294,1.7364420679032877,92530.00000329281,6.029815828056739,7253000.0,
0.8333333333333334,1.1144181301128873,1.8352941176470585,1.6124104916244817,92540.00000329339,5.927417050435486,7254000.0,
0.8627450980392157,1.3965945156222401,2.3,2.020681096875552,92550.00000329397,6.052868643283779,7255000.0,
0.8529411764705882,1.2608641023392604,2.076470588235294,1.8242977677674421,92560.00000329455,5.963769407518518,7256000.0,
0.8333333333333334,1.3537322798486673,2.2294117647058824,1.9586653087361492,92570.00000329514,6.2160057948243885,7257000.0,
0.8235294117647058,1.421597486490157,2.341176470588235,2.0568569732902042,92580.00000329572,6.372889805208419,7258000.0,
0.8431372549019608,1.3108700440750947,2.1588235294117646,1.8966495205967457,92590.0000032963,6.093820285013641,7259000.0,
0.803921568627451,0.9131557988787641,2.0176470588235293,1.835015899047776,92600.00000329688,6.284934736748374,7260000.0,
