20_clutch_bind,20_clutch_force,20_clutch_x,20_xs,20_r,20_fs,20_time,
1.0,0.0,0.0,0.0,20000.0,0.0,0.0,
0.72,1.2484340539649241,2.056,1.806313189207015,20009.999999999854,3.5865250749404938,1000.0,
0.76,1.243576333910586,2.0479999999999996,1.7992847332178825,20019.99999999971,3.392070614784399,2000.0,
0.9066666666666666,1.7050597390727176,2.808,2.4669880521854566,20029.999999999563,3.352930594556912,3000.0,
0.8133333333333334,1.2484340539649241,2.056,1.8063131892070154,20039.999999999418,3.1769238368325396,4000.0,
0.72,1.0541252517913953,1.7359999999999998,1.5251749496417208,20049.999999999272,3.3196147015512905,5000.0,
0.8533333333333334,1.394165655595071,2.296,2.0171668688809854,20059.999999999127,3.200034752641324,6000.0,
0.8533333333333334,1.1998568534215421,1.9759999999999998,1.7360286293156917,20069.99999999898,2.972954125094211,7000.0,
0.7866666666666666,0.9958326111393366,1.64,1.4408334777721328,20079.999999998836,2.966224505675653,8000.0,
0.7066666666666667,1.0589829718457333,1.7440000000000002,1.532203405630853,20089.99999999869,3.392141941280051,9000.0,
0.76,1.2970112545083063,2.1359999999999997,1.8765977490983388,20099.999999998545,3.4679937559216683,10000.0,
0.7866666666666666,1.4233119759211004,2.344,2.0593376048157803,20109.9999999984,3.5116643761609163,11000.0,
0.8,1.2338608938019096,2.0319999999999996,1.7852278212396178,20119.999999998254,3.2169894505759027,12000.0,
0.8266666666666667,1.170710533095513,1.928,1.6938578933808974,20129.99999999811,3.0374691932511912,13000.0,
0.84,1.1707105330955125,1.928,1.6938578933808974,20139.999999997963,2.9898903171678293,14000.0,
0.84,1.2727226542366155,2.0959999999999996,1.8414554691526768,20149.999999997817,3.1119682391611962,15000.0,
0.88,1.1901414133128656,1.9599999999999995,1.721971717337427,20159.99999999767,2.87727887875566,16000.0,
0.8,1.2532917740192626,2.064,1.8133416451961477,20169.999999997526,3.2446113841808786,17000.0,
0.8,1.2484340539649241,2.056,1.8063131892070154,20179.99999999738,3.2392059007796132,18000.0,
0.8533333333333334,1.1949991333672039,1.968,1.7290001733265588,20189.999999997235,2.9747614844054246,19000.0,
0.8133333333333334,1.2095722935302184,1.992,1.750085541293956,20199.99999999709,3.139634787117585,20000.0,
0.8,1.029836651519704,1.696,1.490032669696059,20209.999999996944,2.9679591477230587,21000.0,
0.8266666666666667,1.3067266946169829,2.152,1.8906546610766035,20219.9999999968,3.207811324123852,22000.0,
0.8666666666666667,1.525324097062203,2.5119999999999996,2.206935180587559,20229.999999996653,3.3126016504472275,23000.0,
0.88,1.6856288588553647,2.776,2.438874228228927,20239.999999996508,3.4451812789932776,24000.0,
0.88,1.3407307349973505,2.2079999999999997,1.9398538530005303,20249.999999996362,3.0538576533970403,25000.0,
0.8533333333333334,1.3407307349973503,2.208,1.9398538530005303,20259.999999996217,3.1499157050656885,26000.0,
0.8,1.2192877336388948,2.008,1.7641424532722212,20269.99999999607,3.2087730003719885,27000.0,
0.8533333333333334,1.3164421347256594,2.1679999999999997,1.9047115730548678,20279.999999995925,3.1227025016222827,28000.0,
0.7733333333333333,1.2581494940736009,2.0719999999999996,1.8203701011852798,20289.99999999578,3.3710519319813983,29000.0,
0.8133333333333334,1.156137372932498,1.9039999999999997,1.6727725254135002,20299.999999995634,3.0804934913006194,30000.0,
0.7733333333333333,1.1027024523347773,1.8159999999999998,1.5954595095330446,20309.99999999549,3.171422136629451,31000.0,
0.8,1.2387186138562478,2.0399999999999996,1.7922562772287507,20319.999999995343,3.236394933976965,32000.0,
0.8133333333333334,1.2678649341822774,2.088,1.8344270131635445,20329.999999995198,3.2198306567716313,33000.0,
0.8133333333333334,1.3407307349973507,2.2079999999999997,1.9398538530005303,20339.999999995052,3.3100754938393346,34000.0,
0.8266666666666667,1.1852836932585276,1.9519999999999997,1.7149432613482944,20349.999999994907,3.069291564415921,35000.0,
0.8266666666666667,1.0055480512480128,1.6560000000000001,1.4548903897503975,20359.99999999476,2.85251457811287,36000.0,
0.8266666666666667,1.2144300135845567,1.9999999999999996,1.7571139972830887,20369.999999994616,3.105839532552228,37000.0,
0.8133333333333334,1.2387186138562478,2.039999999999999,1.7922562772287502,20379.99999999447,3.1872737055510556,38000.0,
0.8933333333333333,1.5010354967905117,2.4719999999999995,2.1717929006418975,20389.999999994325,3.1960815262490088,39000.0,
0.8666666666666667,1.3747347753777184,2.2640000000000002,1.9890530449244563,20399.99999999418,3.149306279272669,40000.0,
0.8133333333333334,1.3698770553233797,2.2559999999999993,1.9820245889353236,20409.999999994034,3.350501297518812,41000.0,
0.8533333333333334,1.2192877336388948,2.008,1.7641424532722212,20419.99999999389,3.0175996878486027,42000.0,
0.7866666666666666,1.107560172389116,1.824,1.6024879655221769,20429.999999993743,3.1319798801453658,43000.0,
0.84,1.4621737363558063,2.4079999999999995,2.1155652527288384,20439.999999993597,3.355917940096473,44000.0,
0.8933333333333333,1.2435763339105863,2.048,1.799284733217883,20449.99999999345,2.9114630603385923,45000.0,
0.8666666666666667,1.4233119759211004,2.344,2.0593376048157803,20459.999999993306,3.2090492029765176,46000.0,
0.8533333333333334,1.1609950929868365,1.9120000000000001,1.6798009814026327,20469.99999999316,2.9524129995844266,47000.0,
0.8,1.2095722935302184,1.9919999999999998,1.7500855412939564,20479.999999993015,3.2106287002359393,48000.0,
0.8266666666666667,1.2824380943452918,2.112,1.8555123811309415,20489.99999999287,3.195849307665908,49000.0,
0.9066666666666666,1.331015294888674,2.192,1.9257969410222655,20499.999999992724,2.968028634059402,50000.0,
0.8133333333333334,1.1367064927151453,1.8719999999999997,1.6446587014569707,20509.99999999258,3.070373556606953,51000.0,
0.7733333333333333,1.0444098116827185,1.72,1.5111180376634563,20519.999999992433,3.1105264806136477,52000.0,
0.8133333333333334,1.3115844146713214,2.16,1.8976831170657362,20529.999999992287,3.286698870487478,53000.0,
0.84,1.1027024523347775,1.8159999999999998,1.5954595095330442,20539.999999992142,2.934325141658648,54000.0,
0.8933333333333333,1.4330274160297771,2.36,2.073394516794045,20549.999999991996,3.1295053164420774,55000.0,
0.8666666666666667,1.3455884550516888,2.2159999999999997,1.946882308989662,20559.99999999185,3.125522063511723,56000.0,
0.84,1.384450215486395,2.28,2.0031099569027213,20569.999999991705,3.2716439073153074,57000.0,
0.8666666666666667,1.4087388157580858,2.32,2.0382522368483826,20579.99999999156,3.1996186335575474,58000.0,
0.7733333333333333,1.3212998547799977,2.1759999999999997,1.9117400290440003,20589.999999991414,3.4734015363428172,59000.0,
0.8,1.0174099711355933,2.2479999999999998,2.044518005772881,20599.99999999127,3.412937502409353,60000.0,
0.7733333333333333,1.0029272669201397,2.2159999999999993,2.015414546615972,20609.999999991123,3.063092155489533,61000.0,
0.8133333333333334,1.140512956966946,2.52,2.2918974086066104,20619.999999990978,3.082266750359062,62000.0,
0.88,1.1115475485360395,2.456,2.233690490292792,20629.999999990832,2.8164525172664274,63000.0,
0.8133333333333334,1.0101686190278665,2.2319999999999998,2.0299662761944264,20639.999999990687,2.923318793876568,64000.0,
0.8133333333333334,0.9015483374119666,1.9919999999999998,1.8116903325176066,20649.99999999054,2.790425005004551,65000.0,
0.8666666666666667,1.288960675175342,2.848,2.590207864964931,20659.999999990396,3.06633616365431,66000.0,
0.8533333333333334,1.0789614640512695,2.3839999999999995,2.1682077071897456,20669.99999999025,2.8687798406753773,67000.0,
0.84,1.0246513232433196,2.264,2.059069735351336,20679.999999990105,2.8502960197242433,68000.0,
0.72,0.9268930697890098,2.0479999999999996,1.8626213860421974,20689.99999998996,3.1903107450658053,69000.0,
0.8266666666666667,0.9232723937351469,2.04,1.8553455212529704,20699.999999989814,2.7749230569276326,70000.0,
0.92,1.1441336330208094,2.5280000000000005,2.299173273395838,20709.999999989668,2.7340553982019897,71000.0,
0.8666666666666667,1.1549956611823995,2.5519999999999996,2.3210008677635203,20719.999999989523,2.9154534552008613,72000.0,
0.8933333333333333,1.0572374077280897,2.336,2.124552518454382,20729.999999989377,2.71959112804451,73000.0,
0.92,1.1694783653978524,2.584,2.3501043269204294,20739.99999998923,2.763343150785707,74000.0,
0.8666666666666667,1.0101686190278665,2.2319999999999993,2.0299662761944264,20749.999999989086,2.7501914834840657,75000.0,
0.88,1.267236618852162,2.8000000000000003,2.546552676229567,20759.99999998894,3.001250703231604,76000.0,
0.84,1.2491332385828455,2.76,2.5101733522834304,20769.999999988795,3.123250680842643,77000.0,
0.8266666666666667,1.0753407879974062,2.3759999999999994,2.1609318424005184,20779.99999998865,2.964038049986742,78000.0,
0.8533333333333334,1.107926872482176,2.448,2.226414625503564,20789.999999988504,2.9102236786802367,79000.0,
0.8666666666666667,1.1151682245899026,2.464,2.2409663550820196,20799.99999998836,2.8744217975940622,80000.0,
0.8933333333333333,1.3287881117678386,2.9359999999999995,2.670242377646432,20809.999999988213,3.028341916148637,81000.0,
0.8666666666666667,1.1043061964283125,2.44,2.2191387607143374,20819.999999988067,2.863119457407594,82000.0,
0.8266666666666667,1.2129264780442122,2.68,2.437414704391157,20829.999999987922,3.133698158914283,83000.0,
0.8266666666666667,0.9051690134658302,2.0,1.8189661973068336,20839.999999987776,2.7620560646662304,84000.0,
0.8933333333333333,1.1332716048592195,2.5039999999999996,2.277345679028156,20849.99999998763,2.8118682143852225,85000.0,
0.8666666666666667,1.0536167316742264,2.3279999999999994,2.1172766536651544,20859.999999987485,2.807093151922075,86000.0,
0.8266666666666667,1.0753407879974062,2.376,2.160931842400519,20869.99999998734,2.9698445015995607,87000.0,
0.7866666666666666,0.8798242810887871,1.9439999999999997,1.7680351437822428,20879.999999987194,2.872993577644504,88000.0,
0.8666666666666667,1.0355133514049097,2.2880000000000003,2.080897329719018,20889.99999998705,2.788050790072836,89000.0,
0.84,1.0499960556203631,2.32,2.1100007888759276,20899.999999986903,2.8944365741411553,90000.0,
0.8933333333333333,1.2056851259364858,2.6639999999999997,2.422862974812703,20909.999999986758,2.8965102155910656,91000.0,
0.7733333333333333,0.9884445627046866,2.184,1.9863110874590624,20919.999999986612,3.065743831072688,92000.0,
0.84,1.086202816158996,2.4,2.1827594367682006,20929.999999986467,2.9394446224014046,93000.0,
0.9066666666666666,1.1912024217210324,2.6319999999999997,2.3937595156557934,20939.99999998632,2.839705612182951,94000.0,
0.8533333333333334,1.107926872482176,2.448,2.226414625503564,20949.999999986176,2.9202236786800917,95000.0,
0.7866666666666666,0.97034118243537,2.144,1.9499317635129259,20959.99999998603,2.993481164101946,96000.0,
0.8133333333333334,0.8617209008194703,1.9040000000000001,1.7316558198361058,20969.999999985885,2.76244045181675,97000.0,
0.8933333333333333,1.0536167316742262,2.3279999999999994,2.1172766536651544,20979.99999998574,2.7304635055959383,98000.0,
0.88,1.129650928805356,2.4959999999999996,2.2700698142389286,20989.999999985594,2.8588427221176067,99000.0,
0.8133333333333334,1.0065479429740032,2.2239999999999998,2.0226904114051996,20999.999999985448,2.942473700367376,100000.0,
0.8266666666666667,1.1006855203744497,2.432,2.2118628959251105,21009.999999985303,3.0095357101200464,101000.0,
0.8666666666666667,1.104306196428313,2.4399999999999995,2.219138760714337,21019.999999985157,2.875427149715108,102000.0,
0.88,1.1441336330208094,2.5279999999999996,2.299173273395838,21029.99999998501,2.877724582968465,103000.0,
0.8666666666666667,1.0970648443205862,2.424,2.204587031135883,21039.999999984866,2.868302512667713,104000.0,
0.92,1.0644787598358163,2.3519999999999994,2.1391042480328366,21049.99999998472,2.667184159232508,105000.0,
0.8133333333333334,0.8798242810887869,1.9440000000000002,1.7680351437822424,21059.999999984575,2.790600345590414,106000.0,
0.8533333333333334,1.1296509288053562,2.4960000000000004,2.270069814238928,21069.99999998443,2.953181557183709,107000.0,
0.7866666666666666,1.1586163372362626,2.5599999999999996,2.3282767325527476,21079.999999984284,3.2409495812216065,108000.0,
0.8133333333333334,1.1586163372362626,2.56,2.3282767325527476,21089.99999998414,3.135344676919249,109000.0,
0.8533333333333334,0.9341344218967369,2.0639999999999996,1.8771731156206521,21099.999999983993,2.7259356506501433,110000.0,
0.8133333333333334,0.9377550979506,2.072,1.8844489804098798,21109.999999983847,2.865105448289317,111000.0,
0.88,1.086202816158996,2.3999999999999995,2.1827594367682006,21119.999999983702,2.817348654716325,112000.0,
0.8533333333333334,1.1079268724821763,2.448,2.2264146255035646,21129.999999983556,2.931473678679928,113000.0,
0.8666666666666667,1.1368922809130828,2.5119999999999996,2.284621543817383,21139.99999998341,2.920411093351274,114000.0,
0.8133333333333334,0.9377550979506001,2.0719999999999996,1.8844489804098798,21149.999999983265,2.8677283991089513,115000.0,
0.84,1.1730990414517162,2.5919999999999996,2.3573801917096566,21159.99999998312,3.0574956842576055,116000.0,
0.8666666666666667,1.151374985128536,2.5439999999999996,2.3137250029742926,21169.999999982974,2.9389680597536927,117000.0,
0.8933333333333333,1.0427547035126363,2.3039999999999994,2.0954490592974726,21179.99999998283,2.730244817355179,118000.0,
0.8533333333333334,1.082582140105133,2.392,2.1754835719789734,21189.999999982683,2.9055228204255257,119000.0,
0.8266666666666667,1.2581494940736009,2.0719999999999996,1.8203701011852798,21199.999999982538,2.8247005217039214,120000.0,
0.8133333333333334,1.3553038951603649,2.2319999999999998,1.9609392209679268,21209.999999982392,3.3850424940389323,121000.0,
0.8533333333333334,1.331015294888674,2.1919999999999997,1.9257969410222646,21219.999999982247,3.1985304236874605,122000.0,
0.84,1.3212998547799975,2.176,1.9117400290440008,21229.9999999821,3.238369668378511,123000.0,
0.8533333333333334,1.1027024523347775,1.8159999999999998,1.5954595095330442,21239.999999981956,2.932226311319595,124000.0,
0.8266666666666667,1.2872958143996298,2.1199999999999997,1.8625408371200736,21249.99999998181,3.2507578399889905,125000.0,
0.8,1.2484340539649244,2.056,1.8063131892070154,21259.999999981665,3.3112059007785652,126000.0,
0.8533333333333334,1.2290031737475715,2.0239999999999996,1.7781993652504855,21269.99999998152,3.0821099692251854,127000.0,
0.8133333333333334,1.1221333325521303,1.8479999999999996,1.6235733334895737,21279.999999981374,3.1029475400123476,128000.0,
0.7466666666666667,1.1901414133128656,1.96,1.7219717173374265,21289.999999981228,3.4717929642465672,129000.0,
0.8,1.1027024523347775,1.8160000000000003,1.5954595095330446,21299.999999981083,3.1317080654075093,130000.0,
0.8933333333333333,1.2484340539649241,2.056,1.8063131892070146,21309.999999980937,2.968244090249418,131000.0,
0.8666666666666667,1.413596535812424,2.3279999999999994,2.045280692837515,21319.99999998079,3.2507621566965064,132000.0,
0.88,1.3601616152147034,2.24,1.9679676769570598,21329.999999980646,3.1413927445521708,133000.0,
0.8,1.2775803742909535,2.104,1.8484839251418093,21339.9999999805,3.3529721345193573,134000.0,
0.8533333333333334,1.3164421347256592,2.1679999999999997,1.9047115730548683,21349.999999980355,3.1895775016213093,135000.0,
0.7866666666666666,1.331015294888674,2.1919999999999993,1.925796941022265,21359.99999998021,3.4790838494235476,136000.0,
0.88,1.350446175106027,2.224,1.9539107649787941,21369.999999980064,3.132776714125609,137000.0,
0.84,1.1658528130411743,1.92,1.686829437391765,21379.99999997992,3.0628374758321537,138000.0,
0.92,1.4087388157580856,2.32,2.038252236848383,21389.999999979773,3.0610900171187456,139000.0,
0.88,1.4670314564101445,2.416,2.122593708717971,21399.999999979627,3.267078170152989,140000.0,
0.8666666666666667,1.2581494940736007,2.0719999999999996,1.8203701011852802,21409.99999997948,3.076938646997783,141000.0,
0.76,1.0638406919000714,1.7519999999999998,1.5392318616199858,21419.999999979336,3.2538219630147474,142000.0,
0.8533333333333334,1.4330274160297767,2.36,2.0733945167940444,21429.99999997919,3.331200878149499,143000.0,
0.8533333333333334,1.1901414133128654,1.96,1.721971717337427,21439.999999979045,3.04719384371561,144000.0,
0.8533333333333334,1.219287733638895,2.008,1.7641424532722212,21449.9999999789,3.0819746878476666,145000.0,
0.8,1.306726694616983,2.1519999999999997,1.8906546610766035,21459.999999978754,3.397405034926778,146000.0,
0.8666666666666667,1.0201212114110279,1.6799999999999997,1.4759757577177943,21469.99999997861,2.8059829362332223,147000.0,
0.8533333333333334,1.2630072141279387,2.0799999999999996,1.827398557174412,21479.999999978463,3.1350834540457373,148000.0,
0.88,1.3455884550516888,2.2159999999999993,1.9468823089896625,21489.999999978318,3.1345293049728467,149000.0,
0.7733333333333333,1.199856853421542,1.9759999999999998,1.7360286293156917,21499.999999978172,3.37912179320597,150000.0,
0.76,1.243576333910586,2.048,1.7992847332178825,21509.999999978027,3.4966320182916486,151000.0,
0.8,1.2484340539649241,2.056,1.8063131892070154,21519.99999997788,3.3285392341116458,152000.0,
0.8,1.3990233756494095,2.304,2.024195324870118,21529.999999977736,3.5174425528839093,153000.0,
0.8,1.2872958143996303,2.1199999999999997,1.8625408371200745,21539.99999997759,3.378449767988342,154000.0,
0.7866666666666666,1.243576333910586,2.048,1.799284733217883,21549.999999977445,3.3808139837732485,155000.0,
0.88,1.3164421347256594,2.1679999999999997,1.9047115730548683,21559.9999999773,3.1056509106629027,156000.0,
0.8666666666666667,1.433027416029777,2.3600000000000003,2.073394516794045,21569.999999977153,3.2885670184855353,157000.0,
0.8,1.0881292921717631,1.7919999999999996,1.5743741415656474,21579.999999977008,3.132158281870136,158000.0,
0.8,1.175568253149851,1.936,1.7008863493700295,21589.999999976862,3.2421236497594026,159000.0,
0.88,1.1561373729324982,1.9040000000000001,1.6727725254135004,21599.999999976717,2.9259106510494264,160000.0,
0.8133333333333334,1.1269910526064686,1.8560000000000003,1.6306017894787066,21609.99999997657,3.130559490898514,161000.0,
0.7866666666666666,1.1901414133128654,1.96,1.721971717337427,21619.999999976426,3.317633999962517,162000.0,
0.84,1.1949991333672036,1.9679999999999995,1.7290001733265592,21629.99999997628,3.1134084920930682,163000.0,
0.88,1.350446175106027,2.224,1.9539107649787946,21639.999999976135,3.149140350489007,164000.0,
0.8266666666666667,1.2144300135845567,2.0,1.7571139972830887,21649.99999997599,3.1884201777123167,165000.0,
0.84,1.024978931465366,1.688,1.4830042137069268,21659.999999975844,2.91290825173371,166000.0,
0.84,1.2435763339105863,2.048,1.799284733217883,21669.9999999757,3.1737781752795984,167000.0,
0.8666666666666667,1.3358730149430122,2.2,1.9328253970113973,21679.999999975553,3.1832350172314774,168000.0,
0.9066666666666666,1.2630072141279394,2.08,1.8273985571744125,21689.999999975407,2.9630197214546325,169000.0,
0.8533333333333334,1.2047145734758802,1.9839999999999998,1.743057085304824,21699.99999997526,3.080521765781406,170000.0,
0.8,1.1221333325521305,1.8479999999999999,1.6235733334895739,21709.999999975116,3.183329999012136,171000.0,
0.76,1.12213333255213,1.8479999999999999,1.6235733334895739,21719.99999997497,3.351575437556624,172000.0,
0.8266666666666667,1.3747347753777182,2.2640000000000002,1.9890530449244563,21729.999999974825,3.3874985185910655,173000.0,
0.8933333333333333,1.2775803742909535,2.1039999999999996,1.8484839251418093,21739.99999997468,3.0265422100169874,174000.0,
0.8266666666666667,1.3747347753777182,2.2640000000000002,1.9890530449244563,21749.999999974534,3.3887888411716918,175000.0,
0.7866666666666666,1.1852836932585276,1.9519999999999997,1.7149432613482944,21759.99999997439,3.3209504575204245,176000.0,
0.8133333333333334,1.3115844146713211,2.16,1.8976831170657356,21769.999999974243,3.3680103458961312,177000.0,
0.7466666666666667,1.2387186138562478,2.04,1.7922562772287507,21779.999999974098,3.571851714973801,178000.0,
0.7866666666666666,1.2095722935302182,1.9919999999999998,1.7500855412939564,21789.999999973952,3.3538596951538997,179000.0,
0.84,1.086202816158996,2.4,2.1827594367682006,21799.999999973807,3.4364841463797338,180000.0,
0.88,1.0680994358896798,2.36,2.1463801128220643,21809.99999997366,2.8385948135005843,181000.0,
0.8533333333333334,1.0282719992971832,2.2720000000000002,2.066345600140563,21819.999999973516,2.881253124165636,182000.0,
0.84,1.0463753795664996,2.3120000000000003,2.1027249240867003,21829.99999997337,2.949173864552363,183000.0,
0.8,0.9667205063815064,2.1359999999999997,1.9426558987236986,21839.999999973224,2.997730632965397,184000.0,
0.8666666666666667,1.2599952667444356,2.7840000000000003,2.532000946651112,21849.99999997308,3.1061453077714294,185000.0,
0.8933333333333333,1.0536167316742264,2.3279999999999994,2.1172766536651544,21859.999999972933,2.7830008190280098,186000.0,
0.8133333333333334,1.0536167316742264,2.328,2.1172766536651544,21869.999999972788,3.0573943422110825,187000.0,
0.8533333333333334,1.1984437738287592,2.648,2.408311245234248,21879.999999972642,3.0844231724447724,188000.0,
0.8933333333333333,1.140512956966946,2.5199999999999996,2.291897408606611,21889.999999972497,2.8820637577884907,189000.0,
0.84,1.1006855203744492,2.4319999999999995,2.21186289592511,21899.99999997235,3.0182732385300164,190000.0,
0.92,1.1622370132901259,2.568,2.3355525973419744,21909.999999972206,2.823298202841539,191000.0,
0.7866666666666666,0.8834449571426503,1.9519999999999997,1.7753110085714698,21919.99999997206,2.948104606525508,192000.0,
0.9066666666666666,1.1694783653978524,2.583999999999999,2.3501043269204294,21929.999999971915,2.873980550060949,193000.0,
0.8933333333333333,1.0065479429740032,2.2239999999999998,2.0226904114051996,21939.99999997177,2.7350879958560483,194000.0,
0.8933333333333333,0.9812032105969603,2.1679999999999997,1.971759357880608,21949.999999971624,2.7073140417026336,195000.0,
0.7466666666666667,0.88344495714265,1.9519999999999997,1.7753110085714698,21959.99999997148,3.108895924732189,196000.0,
0.92,1.1006855203744492,2.4320000000000004,2.211862895925109,21969.999999971333,2.7598726670635787,197000.0,
0.8266666666666667,1.0101686190278663,2.2319999999999998,2.0299662761944264,21979.999999971187,2.9626201036514943,198000.0,
0.8266666666666667,1.1549956611823993,2.552,2.3210008677635194,21989.99999997104,3.138459267548097,199000.0,
0.92,1.1006855203744492,2.4319999999999995,2.21186289592511,21999.999999970896,2.7616117974983365,200000.0,
0.9066666666666666,1.2129264780442124,2.6799999999999997,2.437414704391158,22009.99999997075,2.9266071448914244,201000.0,
0.8533333333333334,1.231029858313529,2.7199999999999998,2.4737940283372946,22019.999999970605,3.131359990200235,202000.0,
0.8533333333333334,1.2237885062058025,2.7039999999999997,2.459242298758839,22029.99999997046,3.1234990306989836,203000.0,
0.8266666666666667,1.2056851259364858,2.6639999999999997,2.4228629748127024,22039.999999970314,3.203002974911865,204000.0,
0.9066666666666666,1.1006855203744494,2.4319999999999995,2.21186289592511,22049.99999997017,2.8051649121673874,205000.0,
0.7333333333333333,0.9196517176812836,2.032,1.8480696564637427,22059.999999970023,3.222066887734442,206000.0,
0.9066666666666666,0.99206523875855,2.1919999999999997,1.9935869522482896,22069.999999969878,2.686539601561598,207000.0,
0.8533333333333334,1.1767197175055792,2.6,2.3646560564988843,22079.999999969732,3.0714652939408644,208000.0,
0.8533333333333334,1.183961069613306,2.6159999999999997,2.3792077860773384,22089.999999969586,3.0805762534420973,209000.0,
0.88,0.912410365573557,2.0159999999999996,1.8335179268852884,22099.99999996944,2.679251172989583,210000.0,
0.8533333333333334,0.9341344218967366,2.0639999999999996,1.877173115620653,22109.999999969295,2.7890606506492244,211000.0,
0.8666666666666667,1.0898234922128598,2.408,2.190035301557428,22119.99999996915,2.9264086448501385,212000.0,
0.7333333333333333,1.1296509288053562,2.4960000000000004,2.2700698142389286,22129.999999969004,3.513520357449012,213000.0,
0.7866666666666666,0.9486171261121897,2.0959999999999996,1.906276574777562,22139.99999996886,3.0458658382662307,214000.0,
0.8533333333333334,1.0101686190278663,2.2319999999999998,2.0299662761944264,22149.999999968713,2.8806632254122304,215000.0,
0.8533333333333334,1.049996055620363,2.32,2.1100007888759276,22159.999999968568,2.9279610026690532,216000.0,
0.88,0.9124103655735566,2.016,1.8335179268852884,22169.999999968422,2.683493597231945,217000.0,
0.7466666666666667,0.9268930697890103,2.0479999999999996,1.8626213860421974,22179.999999968277,3.1827996470261932,218000.0,
0.84,1.0246513232433196,2.264,2.059069735351336,22189.99999996813,2.9461690355958643,219000.0,
0.8533333333333334,1.0934441682667229,2.416,2.197311166346655,22199.999999967986,2.98137675967647,220000.0,
0.84,1.1984437738287592,2.648,2.4083112452342474,22209.99999996784,3.1543346513721624,221000.0,
0.8533333333333334,1.129650928805356,2.4960000000000004,2.2700698142389286,22219.999999967695,3.025056557182663,222000.0,
0.84,0.7929280557960671,1.752,1.5934143888407866,22229.99999996755,2.672847685460209,223000.0,
0.8,0.9232723937351466,2.04,1.8553455212529706,22239.999999967404,2.9700871588237256,224000.0,
0.8933333333333333,1.2020644498826225,2.6559999999999997,2.4155871100234756,22249.99999996726,2.972457220007219,225000.0,
0.84,1.3251674357139753,2.9279999999999995,2.6629665128572046,22259.999999967113,3.3083707567910245,226000.0,
0.8266666666666667,1.0282719992971827,2.272,2.066345600140563,22269.999999966967,3.003229031396363,227000.0,
0.8266666666666667,1.2925813512292057,2.856,2.597483729754159,22279.99999996682,3.3236032474431556,228000.0,
0.9466666666666667,1.263615942798299,2.792,2.53927681144034,22289.999999966676,2.8722675451993953,229000.0,
0.88,1.354132844144882,2.9919999999999995,2.721173431171023,22299.99999996653,3.1933297471234883,230000.0,
0.8933333333333333,1.162237013290126,2.568,2.3355525973419744,22309.999999966385,2.9314563581498945,231000.0,
0.88,1.0282719992971832,2.2720000000000002,2.0663456001405627,22319.99999996624,2.8242454537359336,232000.0,
0.88,1.0644787598358163,2.352,2.1391042480328366,22329.999999966094,2.865995560408614,233000.0,
0.7733333333333333,0.9341344218967368,2.0639999999999996,1.8771731156206526,22339.99999996595,3.093446235198914,234000.0,
0.84,0.88344495714265,1.9519999999999997,1.7753110085714698,22349.999999965803,2.788224948967935,235000.0,
0.8533333333333334,1.0934441682667226,2.416,2.197311166346655,22359.999999965657,2.9913767596763248,236000.0,
0.8266666666666667,1.1151682245899028,2.4639999999999995,2.240966355082019,22369.999999965512,3.1147970458632694,237000.0,
0.7733333333333333,1.0174099711355928,2.2479999999999993,2.0445180057728813,22379.999999965366,3.2038887557663602,238000.0,
0.8666666666666667,1.2491332385828458,2.76,2.5101733522834304,22389.99999996522,3.126842967584496,239000.0,
0.8266666666666667,1.3650193352690416,2.2479999999999998,1.9749961329461916,22399.999999965075,2.9984765779749636,240000.0,
0.7733333333333333,1.2387186138562478,2.0399999999999996,1.7922562772287507,22409.99999996493,3.492132690318901,241000.0,
0.84,1.3601616152147034,2.24,1.9679676769570598,22419.999999964784,3.3601892244504734,242000.0,
0.8133333333333334,1.243576333910586,2.048,1.7992847332178825,22429.99999996464,3.327672541681483,243000.0,
0.7733333333333333,1.2727226542366157,2.096,1.8414554691526768,22439.999999964493,3.538172397707277,244000.0,
0.76,1.0735561320087483,1.7679999999999996,1.5532887735982503,22449.999999964348,3.338886138595289,245000.0,
0.8533333333333334,1.3553038951603653,2.232,1.9609392209679268,22459.999999964202,3.3044936271297214,246000.0,
0.8133333333333334,1.394165655595071,2.2959999999999994,2.0171668688809854,22469.999999964057,3.515446297850893,247000.0,
0.8,1.0784138520630864,1.7759999999999998,1.5603172295873826,22479.99999996391,3.180013981733418,248000.0,
0.8133333333333334,1.005548051248013,1.656,1.4548903897503973,22489.999999963766,3.038949243325803,249000.0,
0.7866666666666666,1.2047145734758802,1.9840000000000002,1.743057085304824,22499.99999996362,3.3958202205078547,250000.0,
0.88,1.4816046165731591,2.4399999999999995,2.143679076685368,22509.999999963475,3.35091130670089,251000.0,
0.8533333333333334,1.350446175106027,2.2239999999999998,1.9539107649787941,22519.99999996333,3.3025509864409885,252000.0,
0.84,1.0492675317370572,1.728,1.5181464936525884,22529.999999963184,2.997061347294444,253000.0,
0.8666666666666667,1.3844502154863947,2.28,2.0031099569027213,22539.999999963038,3.29220871016538,254000.0,
0.8666666666666667,1.2872958143996303,2.1199999999999997,1.8625408371200736,22549.999999962893,3.1807228627575657,255000.0,
0.8533333333333334,1.3844502154863945,2.28,2.0031099569027213,22559.999999962747,3.3448994712616953,256000.0,
0.7866666666666666,1.1804259732041893,1.9440000000000002,1.7079148053591622,22569.9999999626,3.369690643891229,257000.0,
0.8,1.2241454536932332,2.016,1.7711709092613535,22579.999999962456,3.368845150437671,258000.0,
0.8,1.1609950929868362,1.9120000000000001,1.6798009814026327,22589.99999996231,3.2905738662213313,259000.0,
0.84,1.326157574834336,2.184,1.918768485033133,22599.999999962165,3.33113679542606,260000.0,
0.8666666666666667,1.326157574834336,2.184,1.918768485033133,22609.99999996202,3.229255663259096,261000.0,
0.8,1.3747347753777184,2.2640000000000002,1.9890530449244563,22619.999999961874,3.559748469209905,262000.0,
0.8133333333333334,1.2630072141279391,2.0799999999999996,1.827398557174412,22629.99999996173,3.364677722276398,263000.0,
0.8,1.394165655595071,2.296,2.017166868880986,22639.999999961583,3.5853704028149096,264000.0,
0.8666666666666667,1.1755682531498508,1.936,1.7008863493700297,22649.999999961437,3.057960292084654,265000.0,
0.7866666666666666,1.2824380943452918,2.1119999999999997,1.8555123811309415,22659.999999961292,3.5054687639857622,266000.0,
0.8289473684210527,1.270357711578582,2.0921052631578947,1.8380337208421786,22669.999999961146,3.289317239352932,267000.0,
0.8289473684210527,1.260770106208178,2.076315789473684,1.824161768232049,22679.999999961,3.2783861598584676,268000.0,
0.8421052631578947,1.289532922319391,2.1236842105263154,1.8657776260624377,22689.999999960855,3.2619422202427355,269000.0,
0.9078947368421053,1.3470585545418174,2.218421052631579,1.9490093417232155,22699.99999996071,3.0895108716585344,270000.0,
0.868421052631579,1.2272134874117626,2.021052631578947,1.775609934096595,22709.999999960564,3.092545833978093,271000.0,
0.8421052631578947,1.255976303522976,2.0684210526315785,1.817225791926984,22719.99999996042,3.2239687354219653,272000.0,
0.9210526315789473,1.4189655948198505,2.336842105263158,2.053048986299188,22729.999999960273,3.1251597886509668,273000.0,
0.8026315789473685,1.3326771464862108,2.194736842105263,1.928201412808021,22739.999999960128,3.4793977562657457,274000.0,
0.8157894736842105,1.188863065930145,1.9578947368421051,1.7201221236560762,22749.999999959982,3.2476353711282075,275000.0,
0.8289473684210527,1.3374709491714132,2.202631578947368,1.935137389113086,22759.999999959837,3.3759935259727722,276000.0,
0.8026315789473685,1.0306675773184726,1.6973684210526316,1.4912349055889371,22769.99999995969,3.1050907520567312,277000.0,
0.8157894736842105,1.0354613800036747,1.7052631578947364,1.498170881894002,22779.999999959546,3.0615300787021833,278000.0,
0.75,1.1984506713005494,1.9736842105263157,1.7339940762662056,22789.9999999594,3.5481061582122324,279000.0,
0.9078947368421053,1.2463886981525714,2.0526315789473686,1.803353839316854,22799.999999959255,2.9844252327369616,280000.0,
0.8026315789473685,1.092987012226101,1.7999999999999998,1.5814025975547796,22809.99999995911,3.1853575889907875,281000.0,
0.8421052631578947,1.4956664377830855,2.463157894736842,2.164024607180225,22819.999999958964,3.5148507698557543,282000.0,
0.9342105263157895,1.486078832412681,2.4473684210526314,2.1501526545700957,22829.999999958818,3.1586167783467176,283000.0,
0.8421052631578947,1.1984506713005496,1.9736842105263162,1.733994076266206,22839.999999958673,3.163157047157725,284000.0,
0.8552631578947368,1.260770106208178,2.076315789473684,1.8241617682320486,22849.999999958527,3.1879742780165157,285000.0,
0.8026315789473685,1.2751515142637846,2.0999999999999996,1.8449696971472427,22859.99999995838,3.415595329234411,286000.0,
0.8552631578947368,1.2224196847265605,2.0131578947368416,1.7686739577915302,22869.999999958236,3.1443645544379915,287000.0,
0.8026315789473685,1.1553064471337295,1.9026315789473685,1.6715702895206228,22879.99999995809,3.267591639039569,288000.0,
0.9078947368421053,1.5292230565795006,2.5184210526315787,2.212576441315679,22889.999999957945,3.301170323178141,289000.0,
0.8289473684210527,1.26556390889338,2.084210526315789,1.8310977445371135,22899.9999999578,3.2981374138912063,290000.0,
0.75,1.1553064471337293,1.9026315789473685,1.6715702895206228,22909.999999957654,3.4990015786212623,291000.0,
0.75,1.0881932095408988,1.7921052631578946,1.574466621249715,22919.99999995751,3.410219016216777,292000.0,
0.881578947368421,1.3087081330601997,2.1552631578947365,1.893521531282697,22929.999999957363,3.1519644494301873,293000.0,
0.75,1.0450489853740788,1.7210526315789472,1.5120428345041317,22939.999999957217,3.354096892766259,294000.0,
0.8157894736842105,1.1265436310225165,1.855263157894737,1.6299544316902337,22949.999999957072,3.1841470315638296,295000.0,
0.868421052631579,1.4189655948198503,2.3368421052631576,2.0530489862991876,22959.999999956926,3.3285028061447615,296000.0,
0.8289473684210527,1.212832079356156,1.9973684210526315,1.7548020051814006,22969.99999995678,3.2389688576240143,297000.0,
0.881578947368421,1.3278833438010087,2.186842105263158,1.921265436502956,22979.999999956635,3.1767005093749425,298000.0,
0.8947368421052632,1.390202778708637,2.289473684210526,2.0114331284687985,22989.99999995649,3.2002236938397104,299000.0,
0.9078947368421053,0.93256228624177,2.060526315789473,1.8740138585411195,22999.999999956344,3.0012995661291897,300000.0,
0.9078947368421053,1.1826747768046966,2.6131578947368412,2.3766229393759026,23009.9999999562,2.926421493281154,301000.0,
0.9078947368421053,1.1290792431126409,2.494736842105263,2.2689209934827343,23019.999999956053,2.8679684416783022,302000.0,
0.8421052631578947,0.9397083574007105,2.0763157894736843,1.8883741179935423,23029.999999955908,2.867775549401493,303000.0,
0.881578947368421,1.0540454959437628,2.328947368421052,2.1181382692323005,23039.999999955762,2.8696605625517453,304000.0,
0.8552631578947368,0.971865677615944,2.147368421052631,1.9529952855294426,23049.999999955617,2.8624860230469555,305000.0,
0.8421052631578947,0.9682926420364737,2.1394736842105258,1.9458151558032313,23059.99999995547,2.9035943874064345,306000.0,
0.8552631578947368,1.1397983498510522,2.5184210526315787,2.2904613826613685,23069.999999955326,3.0600688398141416,307000.0,
0.7763157894736842,0.9647196064570033,2.1315789473684212,1.9386350260770202,23079.99999995518,3.1464150862706934,308000.0,
0.868421052631579,0.9254162150828291,2.0447368421052627,1.859653599088697,23089.999999955035,2.76805200523535,309000.0,
0.9210526315789473,1.1469444210099926,2.53421052631579,2.30482164211379,23099.99999995489,2.850965371371385,310000.0,
0.868421052631579,1.0004499622517067,2.2105263157894735,2.0104363233391322,23109.999999954744,2.855666623187373,311000.0,
0.8289473684210527,1.0218881757285292,2.2578947368421054,2.053517101696399,23119.999999954598,3.0181476405492784,312000.0,
0.8026315789473685,1.0361803180464109,2.2894736842105265,2.082237620601244,23129.999999954453,3.135565642143655,313000.0,
0.8289473684210527,0.93613532182124,2.068421052631579,1.8811939882673305,23139.999999954307,2.9159695945658637,314000.0,
0.8289473684210527,1.0040229978311777,2.2184210526315784,2.017616453065343,23149.99999995416,2.998500759276255,315000.0,
0.7763157894736842,0.9397083574007105,2.076315789473684,1.888374117993542,23159.999999954016,3.119620934943864,316000.0,
0.8552631578947368,0.9825847843543547,2.171052631578947,1.9745356747080764,23169.99999995387,2.8824037478486826,317000.0,
0.868421052631579,1.0326072824669403,2.281578947368421,2.0750574908750328,23179.999999953725,2.8969386888897017,318000.0,
0.8421052631578947,1.1576635277484038,2.5578947368421048,2.3263620312924242,23189.99999995358,3.1365973141892334,319000.0,
0.7894736842105263,0.961146570877533,2.123684210526316,1.931454896350809,23199.999999953434,3.097448989765403,320000.0,
0.7763157894736842,0.8468094323344807,1.8710526315789473,1.7016907451120513,23209.99999995329,3.0033443535025697,321000.0,
0.8947368421052632,1.1362253142715817,2.5105263157894733,2.2832812529351574,23219.999999953143,2.929895939468687,322000.0,
0.8157894736842105,1.0468994247848218,2.313157894736842,2.103778009779878,23229.999999952997,3.1045831658528447,323000.0,
0.868421052631579,1.171955670066285,2.589473684210526,2.355082550197269,23239.99999995285,3.061036832185864,324000.0,
0.8421052631578947,1.1040679940563485,2.439473684210526,2.2186600853992564,23249.999999952706,3.076702617929863,325000.0,
0.8157894736842105,1.0254612113079995,2.2657894736842104,2.0606972314226106,23259.99999995256,3.080239549332841,326000.0,
0.8289473684210527,1.046899424784822,2.3131578947368423,2.103778009779878,23269.999999952415,3.0578437505218106,327000.0,
0.8421052631578947,0.971865677615944,2.1473684210526316,1.9529952855294423,23279.99999995227,2.9215873671568557,328000.0,
0.8289473684210527,1.0040229978311777,2.218421052631579,2.0176164530653433,23289.999999952124,3.0073896481650144,329000.0,
0.8289473684210527,1.1791017412252263,2.6052631578947367,2.3694428096496916,23299.99999995198,3.219230671941953,330000.0,
0.8157894736842105,0.9575735352980628,2.1157894736842104,1.9242747666245978,23309.999999951833,3.0002482045464203,331000.0,
0.8421052631578947,1.0147421045695886,2.2421052631578946,2.0391568422439774,23319.999999951688,2.975003124164272,332000.0,
0.868421052631579,1.0504724603642923,2.321052631578947,2.1109581395060886,23329.999999951542,2.926601621013793,333000.0,
0.881578947368421,1.064764602682174,2.3526315789473684,2.1396786584109337,23339.999999951397,2.8997299970607275,334000.0,
0.75,0.907551037185477,2.005263157894736,1.8237529504576413,23349.99999995125,3.1995382250056,335000.0,
0.8552631578947368,1.0147421045695888,2.2421052631578946,2.0391568422439765,23359.999999951106,2.931695383792478,336000.0,
0.7894736842105263,1.1969669191225785,2.644736842105263,2.405343458280747,23369.99999995096,3.407488097542296,337000.0,
0.9210526315789473,1.21483209701993,2.684210526315789,2.4412441069118027,23379.999999950815,2.940671991039084,338000.0,
0.881578947368421,1.0433263892053517,2.305263157894737,2.096597880053666,23389.99999995067,2.8783970981914533,339000.0,
0.8289473684210527,1.0147421045695884,2.2421052631578946,2.039156842243977,23399.999999950523,3.027304761055694,340000.0,
0.9078947368421053,1.1933938835431075,2.6368421052631574,2.3981633285545363,23409.999999950378,2.961416451427473,341000.0,
0.8157894736842105,1.1290792431126409,2.4947368421052634,2.268920993482735,23419.999999950232,3.217577781867413,342000.0,
0.7894736842105263,1.0969219228974074,2.423684210526316,2.2042998259468343,23429.999999950087,3.2847644356570203,343000.0,
0.8289473684210527,1.0897758517384668,2.407894736842105,2.1899395664944117,23439.99999994994,3.1203613449419234,344000.0,
0.881578947368421,1.1791017412252263,2.6052631578947363,2.3694428096496916,23449.999999949796,3.035993019885587,345000.0,
0.9078947368421053,1.1326522786921114,2.5026315789473688,2.2761011232089463,23459.99999994965,2.897411205504594,346000.0,
0.8157894736842105,0.9647196064570034,2.1315789473684212,1.9386350260770202,23469.999999949505,3.0193304853217455,347000.0,
0.8947368421052632,1.0790567450000554,2.384210526315789,2.1683991773157785,23479.99999994936,2.8812957738120524,348000.0,
0.9078947368421053,1.364899591357686,3.0157894736842104,2.742809555412673,23489.999999949214,3.154958970179695,349000.0,
0.8026315789473685,0.9611465708775327,2.1236842105263154,1.9314548963508091,23499.99999994907,3.0663432686214214,350000.0,
0.8552631578947368,1.1183601363742297,2.471052631578947,2.247380604304101,23509.999999948923,3.062079544056232,351000.0,
0.8421052631578947,0.850382467913951,1.8789473684210525,1.7088708748382626,23519.999999948777,2.7923260556355207,352000.0,
0.9210526315789473,1.1576635277484038,2.557894736842105,2.3263620312924242,23529.99999994863,2.8871746872584447,353000.0,
0.7631578947368421,1.0933488873179371,2.4157894736842103,2.197119696220623,23539.999999948486,3.400936473023709,354000.0,
0.8157894736842105,0.9825847843543551,2.171052631578948,1.9745356747080762,23549.99999994834,3.046391025970037,355000.0,
0.8552631578947368,1.0183151401490589,2.2499999999999996,2.046336971970188,23559.999999948195,2.948180779239064,356000.0,
0.8552631578947368,0.9754387131954146,2.1552631578947374,1.9601754152556536,23569.99999994805,2.8986637261855637,357000.0,
0.868421052631579,1.1612365633278743,2.56578947368421,2.3335421610186353,23579.999999947904,3.0692996789716367,358000.0,
0.6973684210526315,0.9039780016060066,1.9973684210526317,1.8165728207314298,23589.99999994776,3.4540024173823674,359000.0,
0.8552631578947368,1.2032444739857515,1.9815789473684213,1.7409300525712708,23599.999999947613,2.8086004109720832,360000.0,
0.881578947368421,1.3135019357454023,2.163157894736842,1.9004575075877619,23609.999999947468,3.1979992106844537,361000.0,
0.8026315789473685,1.2895329223193912,2.1236842105263154,1.8657776260624377,23619.999999947322,3.4833492146800156,362000.0,
0.8552631578947368,1.2847391196341893,2.11578947368421,1.8588416497573728,23629.999999947177,3.263999586021616,363000.0,
0.8289473684210527,1.1601002498189317,1.9105263157894732,1.6785062658256873,23639.99999994703,3.217895539451506,364000.0,
0.8026315789473685,1.2272134874117626,2.0210526315789474,1.7756099340965947,23649.999999946886,3.4076725416803186,365000.0,
0.7894736842105263,1.1313374337077187,1.8631578947368421,1.6368904079952984,23659.99999994674,3.343690749349859,366000.0,
0.8157894736842105,1.0833994068556967,1.7842105263157895,1.5675306449446504,23669.999999946594,3.177712176132859,367000.0,
0.8289473684210527,1.1265436310225165,1.8552631578947372,1.6299544316902332,23679.99999994645,3.1799542215383334,368000.0,
0.868421052631579,1.3135019357454023,2.1631578947368424,1.9004575075877619,23689.999999946303,3.251302229028087,369000.0,
0.868421052631579,1.4045841867642437,2.3131578947368423,2.0322410573839935,23699.999999946158,3.356790881716441,370000.0,
0.7894736842105263,1.260770106208178,2.076315789473684,1.8241617682320486,23709.999999946012,3.510972134517059,371000.0,
0.8289473684210527,1.2943267250045933,2.1315789473684212,1.8727136023675026,23719.999999945867,3.3848989063420714,372000.0,
0.7368421052631579,1.1073684202817073,1.8236842105263158,1.6022105264699742,23729.99999994572,3.5549964275109036,373000.0,
0.8026315789473685,1.1744816578745385,1.9342105263157892,1.6993141947408816,23739.999999945576,3.3478755081584457,374000.0,
0.7631578947368421,1.1936568686153473,1.965789473684211,1.7270580999611407,23749.99999994543,3.546857276102863,375000.0,
0.8157894736842105,1.2032444739857515,1.9815789473684209,1.7409300525712708,23759.999999945285,3.33042548422768,376000.0,
0.8947368421052632,1.145718841763325,1.8868421052631579,1.657698336910493,23769.99999994514,2.972859293723694,377000.0,
0.9078947368421053,1.2895329223193912,2.123684210526316,1.8657776260624381,23779.999999944994,3.088758001383647,378000.0,
0.8026315789473685,1.1744816578745385,1.9342105263157894,1.6993141947408816,23789.99999994485,3.3511541966829874,379000.0,
0.7631578947368421,1.193656868615347,1.9657894736842103,1.7270580999611411,23799.999999944703,3.550305551964881,380000.0,
0.8552631578947368,1.3087081330602,2.155263157894737,1.8935215312826967,23809.999999944557,3.303101817104175,381000.0,
0.868421052631579,1.2751515142637846,2.1,1.8449696971472431,23819.99999994441,3.2150199255036847,382000.0,
0.7631578947368421,1.236801092782167,2.036842105263158,1.7894818867067248,23829.999999944266,3.6089083284593055,383000.0,
0.8552631578947368,1.2032444739857513,1.9815789473684213,1.7409300525712708,23839.99999994412,3.1816366157247926,384000.0,
0.8026315789473685,1.2320072900969647,2.0289473684210524,1.7825459104016594,23849.999999943975,3.426759902402675,385000.0,
0.8289473684210527,1.3806151733382328,2.2736842105263158,1.997561175858669,23859.99999994383,3.4978817963952213,386000.0,
0.7368421052631579,1.3566461599122217,2.234210526315789,1.9628812943333451,23869.999999943684,3.903301931295027,387000.0,
0.8289473684210527,1.3182957384306044,2.171052631578947,1.9073934838928264,23879.99999994354,3.4239726368240957,388000.0,
0.7763157894736842,1.236801092782167,2.036842105263158,1.7894818867067244,23889.999999943393,3.5518081872989185,389000.0,
0.8421052631578947,1.4237593975050529,2.344736842105263,2.059984962604253,23899.999999943248,3.4969611595246084,390000.0,
0.8552631578947368,1.3230895411158068,2.1789473684210523,1.9143294601978915,23909.999999943102,3.32607084806141,391000.0,
0.8947368421052632,1.3854089760234352,2.2815789473684207,2.0044971521637343,23919.999999942956,3.2495717967201587,392000.0,
0.8421052631578947,1.2559763035229756,2.068421052631579,1.817225791926984,23929.99999994281,3.2995937354208644,393000.0,
0.8289473684210527,1.2368010927821669,2.036842105263158,1.7894818867067248,23939.999999942665,3.3294711595338615,394000.0,
0.75,0.9395853262996308,1.5473684210526313,1.3594513557927055,23949.99999994252,3.28435587364842,395000.0,
0.8421052631578947,1.2847391196341889,2.115789473684211,1.8588416497573728,23959.999999942374,3.3356245795529027,396000.0,
0.8289473684210527,1.26556390889338,2.0842105263157897,1.8310977445371137,23969.99999994223,3.366073921826726,397000.0,
0.75,1.2847391196341886,2.1157894736842104,1.8588416497573732,23979.999999942083,3.746666194585695,398000.0,
0.8026315789473685,1.1744816578745383,1.9342105263157892,1.6993141947408816,23989.999999941938,3.3642689507811574,399000.0,
0.7763157894736842,1.3518523572270198,2.2263157894736842,1.9559453180282802,23999.999999941792,3.7074674431938743,400000.0,
0.8421052631578947,1.3949965813938392,2.2973684210526315,2.0183691047738637,24009.999999941647,3.469680315392442,401000.0,
0.8157894736842105,1.3518523572270196,2.2263157894736842,1.9559453180282806,24019.9999999415,3.5293641798135065,402000.0,
0.8552631578947368,1.2368010927821673,2.0368421052631573,1.7894818867067248,24029.999999941356,3.232564354625047,403000.0,
0.868421052631579,1.1984506713005494,1.9736842105263155,1.733994076266206,24039.99999994121,3.1400310760306738,404000.0,
0.8947368421052632,1.337470949171413,2.2026315789473685,1.9351373891130859,24049.999999941065,3.203641060826611,405000.0,
0.8289473684210527,1.3854089760234352,2.281578947368421,2.004497152163734,24059.99999994092,3.5163632091581376,406000.0,
0.8552631578947368,1.3854089760234352,2.2815789473684203,2.004497152163734,24069.999999940774,3.4087828027224933,407000.0,
0.8289473684210527,1.1744816578745383,1.9342105263157894,1.6993141947408816,24079.99999994063,3.2631810475816723,408000.0,
0.881578947368421,1.4573160163014678,2.4,2.108536796739706,24089.999999940483,3.3897883169864387,409000.0,
0.7763157894736842,1.06901799880009,1.760526315789474,1.5467227160294554,24099.999999940337,3.3499181001353575,410000.0,
0.8289473684210527,1.217625882041358,2.005263157894736,1.7617379814864653,24109.99999994019,3.317132810068602,411000.0,
0.8026315789473685,1.121749828337314,1.8473684210526313,1.6230184553851688,24119.999999940046,3.3070948680789174,412000.0,
0.7894736842105263,1.0066985638924617,1.6578947368421053,1.456555024063613,24129.9999999399,3.2171481809167433,413000.0,
0.881578947368421,1.3039143303749978,2.1473684210526316,1.8865855549776318,24139.999999939755,3.2187655090698026,414000.0,
0.8289473684210527,1.1936568686153473,1.9657894736842103,1.7270580999611411,24149.99999993961,3.290757492284805,415000.0,
0.8157894736842105,1.2991205276897955,2.139473684210526,1.8796495786725673,24159.999999939464,3.47375742102581,416000.0,
0.8289473684210527,1.2991205276897955,2.1394736842105258,1.879649578672567,24169.99999993932,3.419253334977772,417000.0,
0.868421052631579,1.524429253894299,2.5105263157894733,2.2056404650106143,24179.999999939173,3.523885201441536,418000.0,
0.8421052631578947,1.4045841867642441,2.3131578947368423,2.032241057383993,24189.999999939027,3.492315596769634,419000.0,
0.8552631578947368,1.0397533536258814,2.2973684210526315,2.089417750327455,24199.999999938882,3.427992925924696,420000.0,
0.8947368421052632,0.9682926420364737,2.1394736842105258,1.9458151558032317,24209.999999938736,2.8004417763815423,421000.0,
0.8157894736842105,0.9933038910927663,2.194736842105263,1.9960760638867092,24219.99999993859,3.1027563826164926,422000.0,
0.868421052631579,1.2255512037583411,2.7078947368421047,2.462784496090437,24229.999999938445,3.182752901284934,423000.0,
0.75,0.8575285390728917,1.8947368421052628,1.7232311342906848,24239.9999999383,3.1952977012054546,424000.0,
0.881578947368421,1.061191567102704,2.3447368421052635,2.1324985286847222,24249.999999938154,2.9500053596862092,425000.0,
0.868421052631579,1.1826747768046963,2.613157894736842,2.3766229393759026,24259.99999993801,3.1351982278231345,426000.0,
0.9078947368421053,1.1612365633278743,2.5657894736842097,2.3335421610186358,24269.999999937863,2.9758518668418525,427000.0,
0.9605263157894737,1.272000666291456,2.810526315789473,2.556126182531182,24279.999999937718,2.928655488182458,428000.0,
0.881578947368421,1.1112140652152889,2.455263157894737,2.2330203448516786,24289.999999937572,3.0091353575452264,429000.0,
0.868421052631579,1.225551203758341,2.7078947368421047,2.462784496090437,24299.999999937427,3.186995325527296,430000.0,
0.8157894736842105,1.089775851738467,2.407894736842105,2.1899395664944117,24309.99999993728,3.226818785988557,431000.0,
0.9078947368421053,1.1040679940563478,2.439473684210526,2.2186600853992564,24319.999999937136,2.9157821383688245,432000.0,
0.881578947368421,1.193393883543108,2.6368421052631574,2.398163328554536,24329.99999993699,3.1047423156483895,433000.0,
0.8289473684210527,1.018315140149059,2.2499999999999996,2.046336971970188,24339.999999936845,3.0912976293729173,434000.0,
0.881578947368421,1.1791017412252263,2.605263157894737,2.369442809649692,24349.9999999367,3.0897243631683873,435000.0,
0.9342105263157895,1.221978168178871,2.6999999999999997,2.4556043663642257,24359.999999936554,2.96211465888392,436000.0,
0.8289473684210527,1.2184051325994005,2.692105263157894,2.4484242366380142,24369.999999936408,3.3345807948685398,437000.0,
0.8947368421052632,1.0683376382616445,2.3605263157894734,2.1468587881371444,24379.999999936263,2.92225677216247,438000.0,
0.8289473684210527,1.0111690689901183,2.2342105263157888,2.0319767125177655,24389.999999936117,3.0858515752763713,439000.0,
0.868421052631579,1.064764602682174,2.3526315789473684,2.1396786584109333,24399.99999993597,3.0079077242879855,440000.0,
0.8421052631578947,0.9254162150828289,2.0447368421052627,1.8596535990886975,24409.999999935826,2.9370536303977532,441000.0,
0.881578947368421,1.1290792431126406,2.494736842105263,2.268920993482735,24419.99999993568,3.037161529488378,442000.0,
0.8552631578947368,0.9325622862417697,2.0605263157894735,1.8740138585411195,24429.999999935535,2.9014543654389935,443000.0,
0.8552631578947368,0.9933038910927661,2.194736842105263,1.9960760638867097,24439.99999993539,2.9730907034186105,444000.0,
0.8289473684210527,1.1898208479636374,2.6289473684210525,2.390983198828325,24449.999999935244,3.3051775308634186,445000.0,
0.7631578947368421,0.8289442544371285,1.831578947368421,1.665790096480995,24459.9999999351,3.1179235057996566,446000.0,
0.9342105263157895,1.1933938835431077,2.6368421052631574,2.3981633285545354,24469.999999934953,2.9377145795554074,447000.0,
0.7894736842105263,0.9754387131954144,2.1552631578947365,1.9601754152556536,24479.999999934807,3.2008857033668106,448000.0,
0.8026315789473685,1.1219331719537,2.478947368421052,2.254560734030312,24489.999999934662,3.33158559127275,449000.0,
0.881578947368421,1.1219331719536998,2.478947368421052,2.254560734030312,24499.999999934516,3.033831657725928,450000.0,
0.881578947368421,1.0040229978311774,2.2184210526315784,2.0176164530653433,24509.99999993437,2.90067981842276,451000.0,
0.8552631578947368,1.0540454959437628,2.328947368421052,2.1181382692322996,24519.999999934225,3.0490347337058585,452000.0,
0.8552631578947368,1.0897758517384666,2.407894736842105,2.1899395664944117,24529.99999993408,3.0914271497119645,453000.0,
0.9342105263157895,1.193393883543108,2.6368421052631574,2.3981633285545363,24539.999999933934,2.9416582415271813,454000.0,
0.868421052631579,1.1826747768046963,2.613157894736842,2.3766229393759026,24549.99999993379,3.1527739853986367,455000.0,
0.8552631578947368,1.0433263892053517,2.3052631578947365,2.096597880053666,24559.999999933643,3.038963162750142,456000.0,
0.8026315789473685,1.018315140149059,2.2499999999999996,2.046336971970188,24569.999999933498,3.2077336172209905,457000.0,
0.8552631578947368,1.086202816158996,2.4,2.1827594367681997,24579.999999933352,3.09032636964977,458000.0,
0.868421052631579,1.1969669191225778,2.6447368421052624,2.4053434582807474,24589.999999933207,3.1716558462494953,459000.0,
0.8289473684210527,1.1969669191225782,2.6447368421052633,2.4053434582807474,24599.99999993306,3.3233219976581925,460000.0,
0.8552631578947368,1.025461211308,2.26578947368421,2.06069723142261,24609.999999932916,3.0211515701316554,461000.0,
0.868421052631579,1.0647646026821735,2.3526315789473684,2.139678658410933,24619.99999993277,3.021241057621124,462000.0,
0.8947368421052632,1.1576635277484038,2.5578947368421048,2.3263620312924247,24629.999999932625,3.036797472176869,463000.0,
0.8421052631578947,1.2648545951325152,2.7947368421052627,2.54176592307876,24639.99999993248,3.354511706706547,464000.0,
0.868421052631579,1.2291242393378115,2.7157894736842096,2.469964625816648,24649.999999932334,3.2123218513457714,465000.0,
0.9210526315789473,1.3077310220861598,2.8894736842105266,2.627927479793294,24659.999999932188,3.1146765382527835,466000.0,
0.8421052631578947,0.9682926420364737,2.139473684210526,1.9458151558032317,24669.999999932043,3.0042193874049703,467000.0,
0.881578947368421,1.0397533536258812,2.297368421052631,2.089417750327455,24679.999999931897,2.9513590279807835,468000.0,
0.868421052631579,1.0826297805795257,2.3921052631578945,2.1755793070419895,24689.99999993175,3.0460555048968017,469000.0,
0.8421052631578947,1.1719556700662852,2.5894736842105264,2.355082550197269,24699.999999931606,3.2479442331903448,470000.0,
0.8552631578947368,1.0611915671027037,2.3447368421052626,2.1324985286847222,24709.99999993146,3.0690824476761422,471000.0,
0.8552631578947368,1.0433263892053517,2.3052631578947365,2.0965978800536664,24719.999999931315,3.0488093165961527,472000.0,
0.8289473684210527,1.0218881757285294,2.257894736842105,2.0535171016963987,24729.99999993117,3.120369862770014,473000.0,
0.8421052631578947,1.1683826344868151,2.581578947368421,2.3479024204710575,24739.999999931024,3.246201253439687,474000.0,
0.8289473684210527,1.1433713854305225,2.526315789473684,2.2976415123875795,24749.99999993088,3.26819087764859,475000.0,
0.868421052631579,1.1505174565894627,2.5421052631578944,2.312001771840002,24759.999999930733,3.128471616665758,476000.0,
0.868421052631579,1.064764602682174,2.3526315789473684,2.1396786584109333,24769.999999930587,3.030331966711902,477000.0,
0.868421052631579,1.4042029827318607,3.1026315789473684,2.8217909824009957,24779.999999930442,3.421806464950926,478000.0,
0.8552631578947368,1.0326072824669406,2.281578947368421,2.0750574908750323,24789.999999930296,3.0405838994865633,479000.0,
0.8552631578947368,1.7065937559319824,2.8105263157894735,2.469207564603078,24799.99999993015,3.321105394419834,480000.0,
0.8157894736842105,1.1696878551893364,1.9263157894736835,1.692378218435817,24809.999999930005,3.3570334998956053,481000.0,
0.8421052631578947,1.0833994068556967,1.7842105263157895,1.56753064494465,24819.99999992986,3.1502836706276613,482000.0,
0.7894736842105263,1.0354613800036745,1.7052631578947364,1.498170881894002,24829.999999929714,3.3002477479902677,483000.0,
0.8552631578947368,1.2224196847265603,2.0131578947368416,1.7686739577915298,24839.99999992957,3.265595323666997,484000.0,
0.8026315789473685,1.169687855189336,1.926315789473684,1.6923782184358165,24849.999999929423,3.414689786779101,485000.0,
0.8157894736842105,1.0881932095408988,1.7921052631578946,1.574466621249715,24859.999999929278,3.2603626439394096,486000.0,
0.8552631578947368,1.1840692632449425,1.95,1.7131861473510115,24869.999999929132,3.2226009847038477,487000.0,
0.8157894736842105,1.0594303934296854,1.7447368421052631,1.5328507634193262,24879.999999928987,3.2263953209643543,488000.0,
0.7894736842105263,1.1265436310225165,1.855263157894737,1.6299544316902335,24889.99999992884,3.4196185992807426,489000.0,
0.7631578947368421,0.9491729316700352,1.5631578947368416,1.3733233084028351,24899.999999928696,3.3058093587250936,490000.0,
0.9342105263157895,1.2751515142637846,2.1,1.8449696971472431,24909.99999992855,3.050018522298307,491000.0,
0.8026315789473685,1.193656868615347,1.9657894736842103,1.7270580999611407,24919.999999928405,3.4491429838343923,492000.0,
0.8947368421052632,1.2943267250045931,2.131578947368421,1.8727136023675026,24929.99999992826,3.207185751462942,493000.0,
0.7763157894736842,1.1409250390781234,1.8789473684210525,1.6507623606054278,24939.999999928114,3.4994932706621658,494000.0,
0.8947368421052632,1.3662337652826262,2.25,1.9767532469434752,24949.999999927968,3.288728914126609,495000.0,
0.8289473684210527,1.2224196847265607,2.0131578947368416,1.7686739577915298,24959.999999927823,3.3768840641007594,496000.0,
0.8157894736842105,1.1888630659301451,1.9578947368421051,1.7201221236560762,24969.999999927677,3.3908611775777366,497000.0,
0.8552631578947368,1.1457188417633253,1.8868421052631583,1.6576983369104927,24979.99999992753,3.1845297226637044,498000.0,
0.8947368421052632,1.2943267250045931,2.1315789473684212,1.8727136023675026,24989.999999927386,3.2107151632275968,499000.0,
0.8552631578947368,1.284739119634189,2.1157894736842104,1.8588416497573728,24999.99999992724,3.3483072783280807,500000.0,
0.868421052631579,1.3374709491714132,2.202631578947368,1.9351373891130859,25009.999999927095,3.358902911153844,501000.0,
0.8289473684210527,1.3710275679678283,2.257894736842105,1.9836892232485397,25019.99999992695,3.5599665899155672,502000.0,
0.8552631578947368,1.289532922319391,2.123684210526316,1.8657776260624377,25029.999999926804,3.355758493775367,503000.0,
0.8289473684210527,1.4669036216718725,2.4157894736842103,2.122408749349836,25039.99999992666,3.6768964324791575,504000.0,
0.8947368421052632,1.3949965813938396,2.297368421052631,2.018369104773864,25049.999999926513,3.326757943897879,505000.0,
0.8026315789473685,1.260770106208178,2.0763157894736843,1.824161768232049,25059.999999926367,3.5419398044417205,506000.0,
0.8552631578947368,1.2176258820413581,2.005263157894736,1.7617379814864653,25069.99999992622,3.2741441082194775,507000.0,
0.8421052631578947,1.2511825008377735,2.0605263157894735,1.810289815621919,25079.999999926076,3.3657760947311415,508000.0,
0.868421052631579,1.3949965813938396,2.297368421052631,2.0183691047738637,25089.99999992593,3.4299930331068706,509000.0,
0.8157894736842105,1.4812850297274784,2.4394736842105256,2.1432166782650306,25099.999999925785,3.7577010041678944,510000.0,
0.8421052631578947,1.3182957384306042,2.1710526315789473,1.907393483892827,25109.99999992564,3.4473480643726004,511000.0,
0.8421052631578947,1.236801092782167,2.036842105263158,1.7894818867067244,25119.999999925494,3.3511981726650717,512000.0,
0.7631578947368421,1.1840692632449428,1.9499999999999995,1.7131861473510115,25129.99999992535,3.629466620788534,513000.0,
0.8157894736842105,1.0690179988000903,1.760526315789474,1.5467227160294557,25139.999999925203,3.254922063031058,514000.0,
0.7894736842105263,1.1792754605597409,1.942105263157895,1.7062501710459461,25149.999999925058,3.5037455833609745,515000.0,
0.8289473684210527,1.3949965813938396,2.297368421052631,2.018369104773863,25159.999999924912,3.597770479127768,516000.0,
0.868421052631579,1.260770106208178,2.076315789473684,1.8241617682320486,25169.999999924767,3.280277698044523,517000.0,
0.7894736842105263,1.3087081330601997,2.1552631578947365,1.8935215312826967,25179.99999992462,3.6696936351948595,518000.0,
0.7894736842105263,1.0929870122261012,1.7999999999999994,1.5814025975547796,25189.999999924476,3.3971135488049926,519000.0,
0.8289473684210527,1.3278833438010085,2.1868421052631577,1.9212654365029564,25199.99999992433,3.519348160761776,520000.0,
0.8947368421052632,1.1744816578745385,1.9342105263157894,1.6993141947408816,25209.999999924185,3.0897118529055825,521000.0,
0.8026315789473685,1.1505126444485274,1.894736842105263,1.6646343132155574,25219.99999992404,3.4150616553639694,522000.0,
0.7763157894736842,1.1025746175965054,1.8157894736842106,1.5952745501649095,25229.999999923893,3.469753744685558,523000.0,
0.8552631578947368,1.1840692632449425,1.95,1.7131861473510115,25239.999999923748,3.2453702154727466,524000.0,
0.8552631578947368,1.3566461599122217,2.234210526315789,1.9628812943333456,25249.999999923602,3.4477678177298645,525000.0,
0.8289473684210527,1.1984506713005494,1.9736842105263155,1.7339940762662056,25259.999999923457,3.3670166828246586,526000.0,
0.8421052631578947,1.2224196847265605,2.0131578947368416,1.7686739577915302,25269.99999992331,3.343495250598903,527000.0,
0.8157894736842105,1.0786056041704946,1.7763157894736838,1.560594668639585,25279.999999923166,3.2757068696140026,528000.0,
0.8026315789473685,1.2511825008377733,2.060526315789473,1.8102898156219196,25289.99999992302,3.545076558406243,529000.0,
0.7631578947368421,1.2847391196341893,2.11578947368421,1.8588416497573732,25299.999999922875,3.773102984332893,530000.0,
0.868421052631579,1.4669036216718725,2.4157894736842103,2.122408749349836,25309.99999992273,3.526128412820775,531000.0,
0.8026315789473685,1.2176258820413581,2.005263157894736,1.7617379814864653,25319.999999922584,3.5052355251516634,532000.0,
0.7894736842105263,1.1265436310225168,1.8552631578947365,1.6299544316902332,25329.99999992244,3.448951932613649,533000.0,
0.7662337662337663,1.2964434690474096,2.1350649350649347,1.8757762412554528,25339.999999922293,3.7489143578941975,534000.0,
0.7792207792207793,1.201812558897964,1.9792207792207797,1.7388582674411865,25349.999999922147,3.565656117237496,535000.0,
0.7792207792207793,1.2302018319427979,2.0259740259740253,1.7799336595854665,25359.999999922,3.6027556843116892,536000.0,
0.8181818181818182,1.4336582887641065,2.361038961038961,2.07430730328614,25369.999999921856,3.680499813237167,537000.0,
0.8311688311688312,1.2680541960025764,2.0883116883116877,1.8347008491111731,25379.99999992171,3.4243745795516114,538000.0,
0.8181818181818182,1.3011750145548822,2.1428571428571423,1.8826221399461662,25389.999999921565,3.519845652695716,539000.0,
0.8571428571428571,1.0720962860790095,2.3688311688311687,2.154411911615367,25399.99999992142,3.520542685424472,540000.0,
0.9090909090909091,1.0438832259190354,2.306493506493506,2.097716861309699,25409.999999921274,2.8859829770695535,541000.0,
0.8311688311688312,1.0262500633190517,2.267532467532467,2.0622824548686576,25419.99999992113,3.1359539824167095,542000.0,
0.8051948051948052,1.0932560811989898,2.4155844155844153,2.1969331993446173,25429.999999920983,3.3209761008294203,543000.0,
0.7662337662337663,0.9204510877191496,2.033766233766234,1.8496760162224037,25439.999999920838,3.264992097516539,544000.0,
0.7922077922077922,1.0297766958390486,2.275324675324675,2.0693693361568655,25449.999999920692,3.2966000914542204,545000.0,
0.8701298701298701,1.1073626112789763,2.4467532467532465,2.225280724497451,25459.999999920547,3.091145090560915,546000.0,
0.7792207792207793,1.1884751592389018,2.625974025974026,2.388278994126245,25469.9999999204,3.556539787674916,547000.0,
0.8051948051948052,0.9133978226791559,2.018181818181818,1.835502253645987,25479.999999920256,3.1008295539579667,548000.0,
0.8311688311688312,1.1778952616789118,2.602597402597402,2.36701835026162,25489.99999992011,3.3227771116933527,549000.0,
0.8051948051948052,1.1920017917588985,2.6337662337662335,2.395365875414454,25499.999999919964,3.4481280316860157,550000.0,
0.8051948051948052,1.0967827137189865,2.423376623376623,2.2040200806328256,25509.99999991982,3.330517241217083,551000.0,
0.8701298701298701,1.0262500633190514,2.2675324675324675,2.0622824548686567,25519.999999919673,3.0015082817113967,552000.0,
0.7662337662337663,1.0509364909590286,2.3220779220779217,2.1118906238861164,25529.999999919528,3.441388301744767,553000.0,
0.8051948051948052,1.0403565933990384,2.2987012987012987,2.090629980021491,25539.999999919382,3.2623751240455063,554000.0,
0.8311688311688312,1.0791495511190028,2.3844155844155845,2.1685856741917835,25549.999999919237,3.2077236786759076,555000.0,
0.8571428571428571,1.2131615868788788,2.6805194805194805,2.4378871631437047,25559.99999991909,3.2674733664964837,556000.0,
0.8441558441558441,1.0650430210390158,2.353246753246753,2.14023814903895,25569.999999918946,3.1428940402938146,557000.0,
0.8831168831168831,1.2836942372788136,2.836363636363636,2.5796247889078736,25579.9999999188,3.2524155333759084,558000.0,
0.8441558441558441,1.0791495511190028,2.3844155844155837,2.168585674191784,25589.999999918655,3.1608356220808576,559000.0,
0.9090909090909091,1.0227234307990551,2.25974025974026,2.0551955735804484,25599.99999991851,2.87356434529456,560000.0,
0.8701298701298701,1.0544631234790256,2.3298701298701294,2.1189775051743247,25609.999999918364,3.0393053807011396,561000.0,
0.922077922077922,1.09325608119899,2.4155844155844153,2.1969331993446173,25619.99999991822,2.910711524667789,562000.0,
0.8571428571428571,1.072096286079009,2.3688311688311683,2.1544119116153664,25629.999999918073,3.1071396064723324,563000.0,
0.8311688311688312,1.022723430799055,2.2597402597402603,2.055195573580448,25639.999999917927,3.1454610026658885,564000.0,
0.8311688311688312,0.9804038405590944,2.166233766233766,1.9701529981219468,25649.99999991778,3.095170245658427,565000.0,
0.8181818181818182,1.1108892437989735,2.454545454545454,2.2323676057856594,25659.999999917636,3.3044170122477685,566000.0,
0.8961038961038961,1.0967827137189865,2.4233766233766234,2.2040200806328256,25669.99999991749,3.0019140428326065,567000.0,
0.8441558441558441,1.0403565933990386,2.2987012987012987,2.0906299800214905,25679.999999917345,3.1204193490894347,568000.0,
0.8831168831168831,1.0438832259190356,2.3064935064935064,2.0977168613096993,25689.9999999172,2.9873354175713596,569000.0,
0.8051948051948052,1.1144158763189702,2.4623376623376627,2.2394544870738673,25699.999999917054,3.3646745560588203,570000.0,
0.8441558441558441,1.008616900719068,2.2285714285714278,2.026848048427615,25709.99999991691,3.084666174683904,571000.0,
0.8441558441558441,1.0015636356790745,2.2129870129870133,2.012674285851198,25719.999999916763,3.076926153021134,572000.0,
0.7532467532467533,0.8816581299991851,1.9480519480519476,1.7717203220521107,25729.999999916618,3.289784069121063,573000.0,
0.8181818181818182,1.1108892437989735,2.4545454545454537,2.23236760578566,25739.999999916472,3.30949637732706,574000.0,
0.7662337662337663,0.9275043527591428,2.0493506493506493,1.8638497787988202,25749.999999916326,3.2952141552802923,575000.0,
0.8181818181818182,0.9521907803991201,2.1038961038961035,1.9134579478162796,25759.99999991618,3.1168014299970617,576000.0,
0.935064935064935,1.170841996638918,2.587012987012987,2.352844587685203,25769.999999916035,2.9615921352816494,577000.0,
0.8831168831168831,1.188475159238902,2.6259740259740254,2.3882789941262454,25779.99999991589,3.1563586361834846,578000.0,
0.7532467532467533,1.0474098584390321,2.3142857142857145,2.104803742597908,25789.999999915744,3.5139717086014897,579000.0,
0.8441558441558441,0.9592440454391136,2.1194805194805197,1.9276317103926959,25799.9999999156,3.0317167922752626,580000.0,
0.8181818181818182,0.8887113950391788,1.9636363636363638,1.785894084628528,25809.999999915453,3.0423901177316908,581000.0,
0.8311688311688312,1.0579897559990221,2.3376623376623376,2.126064386462533,25819.999999915308,3.1991408001719357,582000.0,
0.8441558441558441,1.2166882193988757,2.688311688311688,2.4449740444319126,25829.999999915162,3.338535275273723,583000.0,
0.8831168831168831,1.3930198453987126,3.0779220779220777,2.799318108842335,25839.999999915017,3.391504824923219,584000.0,
0.8181818181818182,0.8922380275591757,1.9714285714285713,1.792980965916736,25849.99999991487,3.049240128906888,585000.0,
0.8701298701298701,1.1249957738789602,2.4857142857142853,2.260715130938493,25859.999999914726,3.135290665488907,586000.0,
0.7792207792207793,1.0544631234790254,2.3298701298701294,2.1189775051743243,25869.99999991458,3.4112243417826864,587000.0,
0.8051948051948052,0.9345576177991363,2.064935064935065,1.8780235413752375,25879.999999914435,3.1529151059614384,588000.0,
0.8701298701298701,1.0967827137189865,2.423376623376623,2.204020080632826,25889.99999991429,3.104657745603538,589000.0,
0.8961038961038961,1.2836942372788138,2.8363636363636364,2.579624788907873,25899.999999914144,3.2238298010078723,590000.0,
0.948051948051948,1.2237414844388692,2.7038961038961036,2.45914780700833,25909.999999913998,2.9844917027516007,591000.0,
0.8831168831168831,1.0156701657590612,2.244155844155844,2.0410218110040317,25919.999999913853,2.9689176876841334,592000.0,
0.8311688311688312,1.1144158763189702,2.462337662337662,2.239454487073868,25929.999999913707,3.273903476181773,593000.0,
0.8701298701298701,1.128522406398957,2.493506493506493,2.2678020122267015,25939.99999991356,3.144119780474506,594000.0,
0.961038961038961,1.1673153641189211,2.5792207792207793,2.3457577063969945,25949.999999913416,2.8876092302193044,595000.0,
0.8831168831168831,1.1532088340389346,2.5480519480519472,2.317410181244161,25959.99999991327,3.127012944412779,596000.0,
0.8181818181818182,1.0297766958390484,2.275324675324675,2.0693693361568655,25969.999999913125,3.2249619933123364,597000.0,
0.8571428571428571,1.036829960879042,2.2909090909090906,2.083543098733283,25979.99999991298,3.0872076816175165,598000.0,
0.8961038961038961,1.2202148519188722,2.6961038961038954,2.452060925720121,25989.999999912834,3.158207878214818,599000.0,
0.8441558441558441,1.6560409276153045,2.7272727272727266,2.3960645417496664,25999.99999991269,3.369885329430475,600000.0,
0.8311688311688312,1.329564287599716,2.1896103896103893,1.9236975320904464,26009.999999912543,3.5377539085038476,601000.0,
0.7662337662337663,1.059866193673795,1.7454545454545447,1.5334813067197866,26019.999999912397,3.486262659524572,602000.0,
0.8571428571428571,1.3059065600623545,2.15064935064935,1.88946803863688,26029.999999912252,3.404160683694973,603000.0,
0.8571428571428571,1.1308393762858793,1.8623376623376624,1.6361697870804865,26039.999999912106,3.200521696561804,604000.0,
0.8181818181818182,1.2065441044054361,1.9870129870129871,1.7457041661319,26049.99999991196,3.446090413306101,605000.0,
0.8831168831168831,1.3106381055698266,2.158441558441558,1.8963139373275935,26059.999999911815,3.311160795999145,606000.0,
0.7532467532467533,1.2160071954203808,2.0025974025974023,1.7593959635133267,26069.99999991167,3.7571095525247236,607000.0,
0.7792207792207793,1.3011750145548822,2.1428571428571423,1.8826221399461667,26079.999999911524,3.741837935329833,608000.0,
0.8181818181818182,1.1828863768680749,1.948051948051948,1.7114746726783332,26089.99999991138,3.419715095522305,609000.0,
0.8441558441558441,1.2917119235399377,2.1272727272727274,1.8689303425647397,26099.999999911233,3.444024894025201,610000.0,
0.8311688311688312,1.1734232858531302,1.9324675324675322,1.6977828752969064,26109.999999911088,3.3561467657773956,611000.0,
0.8441558441558441,1.0409400116439056,1.7142857142857142,1.506097711956933,26119.999999910942,3.148187398394499,612000.0,
0.8701298701298701,1.2680541960025764,2.0883116883116886,1.8347008491111731,26129.999999910797,3.315820493899396,613000.0,
0.7532467532467533,1.0835239212111567,1.7844155844155845,1.567710800173353,26139.99999991065,3.5860541712468894,614000.0,
0.7792207792207793,1.154497103823241,1.901298701298701,1.670399280534053,26149.999999910506,3.5582679498908254,615000.0,
0.8571428571428571,1.3484904696296052,2.220779220779221,1.9510811268533002,26159.99999991036,3.4617206994021053,616000.0,
0.8181818181818182,1.2160071954203808,2.0025974025974023,1.7593959635133267,26169.999999910215,3.4652754610544148,617000.0,
0.8831168831168831,1.329564287599716,2.18961038961039,1.9236975320904468,26179.99999991007,3.33965073741524,618000.0,
0.8311688311688312,1.2917119235399375,2.1272727272727265,1.8689303425647399,26189.999999909924,3.503462782994263,619000.0,
0.8051948051948052,1.1355709217933516,1.8701298701298699,1.6430156857711995,26199.999999909778,3.423205822212018,620000.0,
0.8051948051948052,1.1876179223755468,1.9558441558441557,1.7183205713690466,26209.999999909633,3.4884900003544126,621000.0,
0.8311688311688312,1.1544971038232412,1.9012987012987013,1.670399280534053,26219.999999909487,3.340251203022585,622000.0,
0.8701298701298701,1.3532220151370773,2.228571428571428,1.957927025544013,26229.99999990934,3.4196700770837354,623000.0,
0.7922077922077922,1.2065441044054361,1.9870129870129871,1.7457041661318993,26239.999999909196,3.571536000627431,624000.0,
0.922077922077922,1.1497655583157687,1.8935064935064936,1.6635533818433397,26249.99999990905,3.0074894083009625,625000.0,
0.8571428571428571,1.3863428336893835,2.2831168831168833,2.005848316379007,26259.999999908905,3.511942396865698,626000.0,
0.8571428571428571,1.2491280139726868,2.057142857142857,1.80731725434832,26269.99999990876,3.3524645011356045,627000.0,
0.8571428571428571,1.2396649229577423,2.0415584415584407,1.7936254569668935,26279.999999908614,3.342030288890887,628000.0,
0.8441558441558441,1.3532220151370775,2.2285714285714278,1.957927025544013,26289.99999990847,3.5285830025324123,629000.0,
0.7272727272727273,0.917919828449626,1.5116883116883115,1.3281043459983863,26299.999999908323,3.497850478387008,630000.0,
0.8181818181818182,1.239664922957742,2.0415584415584416,1.7936254569668935,26309.999999908177,3.5030793502666158,631000.0,
0.8701298701298701,1.4005374702118003,2.306493506493507,2.026386012451147,26319.999999908032,3.4794206747068457,632000.0,
0.8311688311688312,1.1497655583157687,1.8935064935064936,1.6635533818433397,26329.999999907886,3.3414335623338074,633000.0,
0.8961038961038961,1.4857052893463016,2.4467532467532465,2.149612188883987,26339.99999990774,3.4747696707060016,634000.0,
0.8701298701298701,1.2633226504951038,2.0805194805194804,1.8278549504204602,26349.999999907595,3.32351707592793,635000.0,
0.8311688311688312,1.0693292846887394,1.7610389610389605,1.5471731041012131,26359.99999990745,3.2465336706262606,636000.0,
0.8311688311688312,1.1497655583157687,1.893506493506493,1.6635533818433401,26369.999999907304,3.3439335623337705,637000.0,
0.8181818181818182,1.1544971038232408,1.901298701298701,1.670399280534053,26379.99999990716,3.4034297935466045,638000.0,
0.922077922077922,1.4005374702118003,2.3064935064935064,2.0263860124511464,26389.999999907013,3.2873406366951348,639000.0,
0.7792207792207793,0.9888930110617103,1.6285714285714286,1.4307928263590863,26399.999999906868,3.3624093641799515,640000.0,
0.922077922077922,1.4336582887641065,2.3610389610389606,2.0743073032861394,26409.999999906722,3.324387158223676,641000.0,
0.8441558441558441,1.1828863768680749,1.948051948051948,1.7114746726783332,26419.999999906577,3.334800784890554,642000.0,
0.7662337662337663,1.1497655583157687,1.8935064935064934,1.6635533818433401,26429.99999990643,3.631385559141658,643000.0,
0.7792207792207793,1.0977185577335733,1.8077922077922077,1.5882484962454932,26439.999999906286,3.5047354824088037,644000.0,
0.8181818181818182,1.3532220151370773,2.2285714285714286,1.957927025544013,26449.99999990614,3.6507602407078954,645000.0,
0.7532467532467533,0.9368460104795152,1.5428571428571427,1.35548794076124,26459.999999905995,3.413395565620079,646000.0,
0.8701298701298701,1.424195197749162,2.3454545454545452,2.060615505904713,26469.99999990585,3.5155646302347283,647000.0,
0.7532467532467533,1.140302467300824,1.8779220779220778,1.6498615844619129,26479.999999905704,3.6848808617449,648000.0,
0.8441558441558441,1.3816112881819114,2.2753246753246748,1.999002417688293,26489.999999905558,3.574521064446882,649000.0,
0.8051948051948052,1.2633226504951038,2.080519480519481,1.8278549504204598,26499.999999905413,3.601220065921977,650000.0,
0.8441558441558441,1.2396649229577426,2.0415584415584416,1.7936254569668935,26509.999999905267,3.407599985642848,651000.0,
0.8181818181818182,1.239664922957742,2.0415584415584407,1.7936254569668935,26519.99999990512,3.5164126835997553,652000.0,
0.8181818181818182,1.0929870122261014,1.7999999999999996,1.5814025975547799,26529.999999904976,3.3377746022293273,653000.0,
0.8181818181818182,1.1119131942559901,1.8311688311688308,1.608786192317633,26539.99999990483,3.361541523122992,654000.0,
0.8181818181818182,1.3532220151370775,2.2285714285714286,1.957927025544013,26549.999999904685,3.6571094470570094,655000.0,
0.7792207792207793,1.3248327420922434,2.1818181818181817,1.9168516333997327,26559.99999990454,3.8041986856689807,656000.0,
0.8701298701298701,1.182886376868075,1.9480519480519476,1.7114746726783332,26569.999999904394,3.2442097166847352,657000.0,
0.8311688311688312,1.315369651077299,2.1662337662337663,1.903159836018306,26579.99999990425,3.556300986437296,658000.0,
0.8831168831168831,1.2869803780324653,2.119480519480519,1.862084443874027,26589.999999904103,3.3155483692284435,659000.0,
0.8571428571428571,1.1179425088389674,2.47012987012987,2.246541368362077,26599.999999903957,3.6650317316806835,660000.0,
0.9090909090909091,1.184948526718905,2.618181818181818,2.381192112838037,26609.999999903812,3.1097262365198404,661000.0,
0.8181818181818182,1.0685696535590123,2.3610389610389606,2.147325030327158,26619.999999903666,3.3136454495726437,662000.0,
0.7662337662337663,1.0191967982790582,2.2519480519480513,2.04810869229224,26629.99999990352,3.4745415841782963,663000.0,
0.8311688311688312,0.9169244551991528,2.0259740259740258,1.842589134934195,26639.999999903375,3.0806716101463465,664000.0,
0.7662337662337663,0.9874571055990872,2.1818181818181817,1.9843267606983641,26649.99999990323,3.4344745276298396,665000.0,
0.8571428571428571,1.0262500633190517,2.2675324675324675,2.062282454868657,26659.999999903084,3.116076589009049,666000.0,
0.8571428571428571,0.9733505755191005,2.15064935064935,1.9559792355455305,26669.99999990294,3.054966580515158,667000.0,
0.8571428571428571,1.1602620990789279,2.5636363636363635,2.331583943820578,26679.999999902793,3.273636085274341,668000.0,
0.8311688311688312,0.9909837381190842,2.1896103896103893,1.9914136419865731,26689.999999902648,3.172899184909344,669000.0,
0.8571428571428571,1.117942508838967,2.47012987012987,2.2465413683620756,26699.999999902502,3.225475351206491,670000.0,
0.8701298701298701,1.0685696535590126,2.3610389610389606,2.147325030327158,26709.999999902357,3.1211890048219604,671000.0,
0.8311688311688312,1.0121435332390645,2.2363636363636368,2.0339349297158233,26719.99999990221,3.2002320634130426,672000.0,
0.8311688311688312,0.9028179251191656,1.994805194805195,1.8142416097813616,26729.999999902066,3.0693246911437804,673000.0,
0.8701298701298701,1.1673153641189213,2.5792207792207793,2.3457577063969945,26739.99999990192,3.2364639259131724,674000.0,
0.8831168831168831,1.008616900719068,2.228571428571428,2.0268480484276146,26749.999999901775,3.0097544316822535,675000.0,
0.8831168831168831,1.3013273998787975,2.875324675324675,2.615059195348916,26759.99999990163,3.3417942616131153,676000.0,
0.7922077922077922,0.9662973104791069,2.1350649350649347,1.9418054729691139,26769.999999901484,3.3030277525559852,677000.0,
0.8311688311688312,1.0967827137189863,2.423376623376623,2.204020080632826,26779.999999901338,3.305813577427894,678000.0,
0.8181818181818182,1.012143533239065,2.2363636363636363,2.0339349297158233,26789.999999901192,3.2554738421973126,679000.0,
0.8831168831168831,1.1108892437989737,2.4545454545454537,2.2323676057856594,26799.999999901047,3.1285039966403394,680000.0,
0.8571428571428571,1.0191967982790582,2.251948051948052,2.04810869229224,26809.9999999009,3.1169386888865,681000.0,
0.7922077922077922,0.9733505755191003,2.1506493506493505,1.9559792355455305,26819.999999900756,3.315209742852323,682000.0,
0.8961038961038961,1.1814218941989083,2.61038961038961,2.3741052315498283,26829.99999990061,3.163612838439657,683000.0,
0.8311688311688312,1.1743686291589148,2.5948051948051942,2.359931468973411,26839.999999900465,3.4029091319415032,684000.0,
0.8051948051948052,0.980403840559094,2.166233766233766,1.970152998121947,26849.99999990032,3.272433801968862,685000.0,
0.8441558441558441,0.9733505755191003,2.15064935064935,1.9559792355455305,26859.999999900174,3.1136583740613744,686000.0,
0.7532467532467533,1.0297766958390484,2.2753246753246756,2.0693693361568655,26869.99999990003,3.565044923769393,687000.0,
0.8961038961038961,1.11441587631897,2.4623376623376623,2.2394544870738686,26879.999999899883,3.0917365576170748,688000.0,
0.8701298701298701,1.10383597875898,2.438961038961039,2.2181938432092427,26889.999999899737,3.1724652293053484,689000.0,
0.8701298701298701,1.0720962860790095,2.3688311688311683,2.1544119116153664,26899.99999989959,3.1365852839865673,690000.0,
0.8571428571428571,0.9239777202391461,2.041558441558441,1.856762897510612,26909.999999899446,3.011910370567121,691000.0,
0.8831168831168831,0.9380842503191329,2.0727272727272728,1.8851104226634459,26919.9999998993,2.93988657755277,692000.0,
0.8051948051948052,1.1602620990789276,2.563636363636363,2.331583943820578,26929.999999899155,3.500967445614387,693000.0,
0.8311688311688312,1.0333033283590451,2.2831168831168824,2.0764562174450734,26939.99999989901,3.2394399419165696,694000.0,
0.8571428571428571,1.0015636356790747,2.2129870129870133,2.0126742858511983,26949.999999898864,3.1048515143379114,695000.0,
0.8571428571428571,1.0368299608790417,2.2909090909090915,2.0835430987332817,26959.99999989872,3.1466016210105914,696000.0,
0.8571428571428571,1.1884751592389018,2.6259740259740254,2.388278994126245,26969.999999898573,3.324127079703146,697000.0,
0.7922077922077922,0.9345576177991364,2.064935064935064,1.8780235413752375,26979.999999898428,3.276733386385986,698000.0,
0.8831168831168831,1.0544631234790254,2.32987012987013,2.1189775051743247,26989.999999898282,3.0757861839249414,699000.0,
0.8441558441558441,1.047409858439032,2.3142857142857145,2.104803742597908,26999.999999898137,3.2100055245971686,700000.0,
0.8571428571428571,1.0615163885190193,2.3454545454545452,2.133151267750741,27009.99999989799,3.1784327562874903,701000.0,
0.922077922077922,1.1778952616789116,2.6025974025974024,2.3670183502616204,27019.999999897846,3.0813765513843028,702000.0,
0.8181818181818182,1.0156701657590614,2.244155844155844,2.041021811004032,27029.9999998977,3.2750222660707378,703000.0,
0.8831168831168831,1.0826761836389993,2.3922077922077922,2.1756725554799923,27039.999999897555,3.110674502047222,704000.0,
0.8571428571428571,1.2025816893188888,2.657142857142857,2.416626519279079,27049.99999989741,3.345433182978212,705000.0,
0.9090909090909091,1.2836942372788136,2.836363636363636,2.579624788907873,27059.999999897263,3.244060803849652,706000.0,
0.8311688311688312,1.1214691413589635,2.477922077922077,2.253628249650285,27069.999999897118,3.353639435681978,707000.0,
0.8701298701298701,1.3612801527187424,3.0077922077922072,2.735536177248459,27079.999999896972,3.4796771904231187,708000.0,
0.8831168831168831,0.9416108828391301,2.0805194805194795,1.8921973039516544,27089.999999896827,2.953879970259092,709000.0,
0.8051948051948052,0.9733505755191005,2.1506493506493505,1.95597923554553,27099.99999989668,3.279803134096378,710000.0,
0.8311688311688312,1.202581689318889,2.657142857142857,2.4166265192790783,27109.999999896536,3.453727969946227,711000.0,
0.8701298701298701,1.1038359787589802,2.4389610389610388,2.2181938432092427,27119.99999989639,3.186196572588731,712000.0,
0.922077922077922,1.1743686291589146,2.5948051948051942,2.359931468973412,27129.999999896245,3.0837490766794273,713000.0,
0.8571428571428571,1.1849485267189048,2.6181818181818177,2.3811921128380367,27139.9999998961,3.330315705399364,714000.0,
0.7922077922077922,1.1461555689989407,2.5324675324675323,2.3032364186677436,27149.999999895954,3.554979980523282,715000.0,
0.8441558441558441,0.9839304730790908,2.174025974025974,1.9772398794101558,27159.99999989581,3.144653021939864,716000.0,
0.9090909090909091,1.0544631234790254,2.3298701298701294,2.1189775051743247,27169.999999895663,2.9981922929555074,717000.0,
0.8181818181818182,1.1108892437989735,2.454545454545455,2.23236760578566,27179.999999895517,3.4009249487543007,718000.0,
0.922077922077922,1.297800767358801,2.867532467532467,2.607972314060707,27189.99999989537,3.2209923814877053,719000.0,
0.7532467532467533,1.3674166516594946,2.2519480519480513,1.9784647216161533,27199.999999895226,3.5737578183876955,720000.0,
0.7922077922077922,1.348490469629605,2.220779220779221,1.9510811268532995,27209.99999989508,3.8143207567291446,721000.0,
0.8571428571428571,1.2160071954203806,2.0025974025974023,1.7593959635133263,27219.999999894935,3.371399303732833,722000.0,
0.8051948051948052,1.163960194838185,1.9168831168831164,1.6840910779154794,27229.99999989479,3.524915080669957,723000.0,
0.7792207792207793,1.1166447397634625,1.8389610389610385,1.6156320910083461,27239.999999894644,3.5823574160130525,724000.0,
0.8051948051948052,1.2917119235399377,2.1272727272727265,1.8689303425647399,27249.9999998945,3.6848648082511475,725000.0,
0.8701298701298701,1.3532220151370773,2.2285714285714286,1.957927025544013,27259.999999894353,3.4811626143962733,726000.0,
0.8701298701298701,1.3579535606445494,2.2363636363636363,1.9647729242347263,27269.999999894208,3.4871973756511205,727000.0,
0.7792207792207793,1.2538595594801594,2.064935064935065,1.8141631530390327,27279.999999894062,3.7611164346494403,728000.0,
0.8311688311688312,1.2775172870175207,2.1038961038961044,1.8483926464925995,27289.999999893917,3.5551348609272297,729000.0,
0.8311688311688312,1.168691740345658,1.924675324675324,1.690936976606193,27299.99999989377,3.424829125087636,730000.0,
0.8831168831168831,1.1639601948381857,1.9168831168831169,1.6840910779154794,27309.999999893625,3.2185990441401877,731000.0,
0.8051948051948052,1.2585911049876313,2.0727272727272723,1.8210090517297464,27319.99999989348,3.6482470174683783,732000.0,
0.7792207792207793,1.1119131942559901,1.8311688311688303,1.6087861923176332,27329.999999893334,3.5822852659450417,733000.0,
0.8181818181818182,1.2822488325249932,2.1116883116883116,1.8552385451833135,27339.99999989319,3.6205231762446854,734000.0,
0.8051948051948052,1.1970810133904914,1.9714285714285713,1.7320123687504736,27349.999999893043,3.5737909359686766,735000.0,
0.8181818181818182,1.367416651659494,2.251948051948052,1.9784647216161533,27359.999999892898,3.725887018678898,736000.0,
0.8701298701298701,1.5661415629733306,2.579220779220779,2.2659924666261135,27369.999999892752,3.7324283634020206,737000.0,
0.8831168831168831,1.3342958331071884,2.1974025974025975,1.9305434307811598,27379.999999892607,3.415596752180027,738000.0,
0.7792207792207793,1.201812558897964,1.979220779220779,1.7388582674411865,27389.99999989246,3.7016561172355162,739000.0,
0.8571428571428571,1.3579535606445499,2.2363636363636368,1.9647729242347265,27399.999999892316,3.547912487403296,740000.0,
0.8181818181818182,1.1828863768680749,1.948051948051948,1.7114746726783332,27409.99999989217,3.503524619330609,741000.0,
0.8051948051948052,1.4147321067342176,2.3298701298701294,2.0469237085232868,27419.999999892025,3.8486156809277547,742000.0,
0.8571428571428571,1.282248832524993,2.1116883116883116,1.8552385451833129,27429.99999989188,3.4614084864153014,743000.0,
0.7532467532467533,1.2349333774502704,2.033766233766234,1.78677955827618,27439.999999891734,3.8767184493561326,744000.0,
0.7922077922077922,0.9368460104795152,1.5428571428571427,1.35548794076124,27449.99999989159,3.3104416853427368,745000.0,
0.8311688311688312,1.168691740345658,1.924675324675324,1.690936976606193,27459.999999891443,3.4348291250874903,746000.0,
0.7402597402597403,0.9605037380168766,1.581818181818182,1.3897174342148064,27469.999999891297,3.5761155758996948,747000.0,
0.8441558441558441,1.2727857415100483,2.096103896103896,1.8415467478018865,27479.99999989115,3.5065277245424045,748000.0,
0.8181818181818182,1.1970810133904917,1.971428571428572,1.7320123687504732,27489.999999891006,3.5259529846039657,749000.0,
0.8441558441558441,1.1166447397634627,1.838961038961039,1.6156320910083464,27499.99999989086,3.3227914609348925,750000.0,
0.7922077922077922,1.1355709217933514,1.87012987012987,1.6430156857711995,27509.999999890715,3.565225589788014,751000.0,
0.8051948051948052,1.2207387409278532,2.01038961038961,1.7662418622040401,27519.99999989057,3.6141400492004023,752000.0,
0.8961038961038961,1.2491280139726868,2.057142857142857,1.8073172543483198,27529.999999890424,3.2797486532590794,753000.0,
0.9090909090909091,1.2822488325249932,2.111688311688312,1.8552385451833133,27539.99999989028,3.269899430048622,754000.0,
0.8441558441558441,1.1923494678830193,1.9636363636363634,1.72516647005976,27549.999999890133,3.415549369630322,755000.0,
0.8181818181818182,1.2680541960025757,2.088311688311688,1.8347008491111731,27559.999999889988,3.6171424300186703,756000.0,
0.8311688311688312,1.2443964684652145,2.0493506493506497,1.8004713556576069,27569.999999889842,3.5327863761062313,757000.0,
0.8571428571428571,1.3153696510772992,2.1662337662337663,1.9031598360183064,27579.999999889696,3.509140350483769,758000.0,
0.7792207792207793,1.0456715571513782,1.722077922077922,1.5129436106476464,27589.99999988955,3.5146084983272043,759000.0,
0.8831168831168831,1.1970810133904914,1.9714285714285713,1.7320123687504732,27599.999999889405,3.2731623239712264,760000.0,
0.8831168831168831,1.2207387409278534,2.0103896103896104,1.7662418622040397,27609.99999988926,3.300539456623819,761000.0,
0.8831168831168831,1.52355765340608,2.509090909090909,2.2043793784096932,27619.999999889114,3.6440255781065076,762000.0,
0.8181818181818182,1.192349467883019,1.9636363636363632,1.72516647005976,27629.99999988897,3.529058873428036,763000.0,
0.8311688311688312,1.2869803780324656,2.1194805194805197,1.8620844438740265,27639.999999888823,3.5883951423042664,764000.0,
0.8051948051948052,1.301175014554882,2.142857142857143,1.8826221399461662,27649.999999888678,3.7224238083822345,765000.0,
0.8051948051948052,1.2491280139726868,2.057142857142857,1.8073172543483198,27659.999999888532,3.658429952820467,766000.0,
0.8311688311688312,1.187617922375547,1.9558441558441555,1.7183205713690466,27669.999999888387,3.4707246878420093,767000.0,
0.7922077922077922,1.1308393762858793,1.8623376623376617,1.6361697870804863,27679.99999988824,3.5704005241472716,768000.0,
0.8961038961038961,1.4052690157192727,2.314285714285714,2.0332319111418604,27689.999999888096,3.4632683218747005,769000.0,
0.8441558441558441,1.2160071954203808,2.0025974025974027,1.7593959635133267,27699.99999988795,3.4528054468667544,770000.0,
0.7532467532467533,0.9557721925094043,1.574025974025974,1.3828715355240935,27709.999999887805,3.524728600382643,771000.0,
0.8051948051948052,1.2160071954203806,2.0025974025974023,1.7593959635133263,27719.99999988766,3.621167000747385,772000.0,
0.8311688311688312,1.031476920628961,1.6987012987012984,1.4924059145755066,27729.999999887514,3.2866175451155932,773000.0,
0.8701298701298701,1.3910743791968558,2.2909090909090915,2.0126942150697196,27739.999999887368,3.553321301449631,774000.0,
0.8831168831168831,1.3390273786146605,2.205194805194805,1.9373893294718731,27749.999999887223,3.4427192375337605,775000.0,
0.7662337662337663,1.0645977391812673,1.7532467532467533,1.5403272054104997,27759.999999887077,3.610403829083454,776000.0,
0.8831168831168831,1.3626851061520222,2.2441558441558445,1.9716188229254399,27769.99999988693,3.470684605480461,777000.0,
0.8181818181818182,1.1828863768680746,1.9480519480519474,1.7114746726783332,27779.999999886786,3.5270166828223304,778000.0,
0.8441558441558441,1.2396649229577423,2.0415584415584416,1.793625456966893,27789.99999988664,3.4863692164109334,779000.0,
0.8311688311688312,0.8534450698392114,1.8857142857142852,1.7150252717464434,27799.999999886495,3.4276159216437927,780000.0,
0.8571428571428571,1.1778952616789118,2.602597402597402,2.36701835026162,27809.99999988635,3.3626929567915083,781000.0,
0.8701298701298701,1.1214691413589637,2.4779220779220785,2.253628249650285,27819.999999886204,3.2482525952776555,782000.0,
0.8441558441558441,1.10383597875898,2.4389610389610388,2.2181938432092427,27829.99999988606,3.3279256978985177,783000.0,
0.8181818181818182,1.1003093462389832,2.4311688311688315,2.2111069619210344,27839.999999885913,3.429898724751798,784000.0,
0.8181818181818182,1.0650430210390156,2.353246753246753,2.14023814903895,27849.999999885767,3.387430359031194,785000.0,
0.8961038961038961,1.216688219398876,2.6883116883116878,2.444974044431913,27859.999999885622,3.2626781578648383,786000.0,
0.7662337662337663,0.9768772080390974,2.1584415584415577,1.9630661168337389,27869.999999885476,3.503378729118141,787000.0,
0.8181818181818182,1.10383597875898,2.4389610389610388,2.2181938432092427,27879.99999988533,3.4367487359269946,788000.0,
0.8181818181818182,0.9909837381190842,2.1896103896103893,1.9914136419865722,27889.999999885185,3.299453140224256,789000.0,
0.8571428571428571,0.899291292599169,1.9870129870129867,1.8071547284931528,27899.99999988504,3.043109538319607,790000.0,
0.8311688311688312,0.9733505755191005,2.1506493506493505,1.95597923554553,27909.999999884894,3.227934286155129,791000.0,
0.8311688311688312,1.1108892437989735,2.4545454545454546,2.2323676057856594,27919.99999988475,3.3940354964293418,792000.0,
0.8181818181818182,1.1249957738789604,2.485714285714285,2.260715130938493,27929.999999884603,3.4657853109148617,793000.0,
0.8571428571428571,1.0579897559990221,2.337662337662337,2.1260643864625335,27939.999999884458,3.230681988043643,794000.0,
0.7922077922077922,1.0967827137189863,2.4233766233766234,2.2040200806328256,27949.999999884312,3.545115884513395,795000.0,
0.8181818181818182,0.9275043527591427,2.0493506493506493,1.8638497787988206,27959.999999884167,3.226311669228708,796000.0,
0.7922077922077922,0.9733505755191003,2.15064935064935,1.95597923554553,27969.99999988402,3.3906195789167994,797000.0,
0.8571428571428571,0.7476460942393088,1.6519480519480518,1.5024188331001904,27979.999999883876,2.8710386250815185,798000.0,
0.8311688311688312,1.0685696535590123,2.3610389610389606,2.1473250303271585,27989.99999988373,3.347494739421825,799000.0,
0.8961038961038961,1.1003093462389832,2.4311688311688306,2.2111069619210344,27999.999999883585,3.140922024048608,800000.0,
0.8846153846153846,0.9504274641391215,2.0999999999999996,1.9099145071721761,28009.99999988344,2.988016553649321,801000.0,
0.7564102564102564,1.1244984282671662,2.4846153846153842,2.2597156989619513,28019.999999883294,3.725265718708306,802000.0,
0.8076923076923077,1.0339815269205832,2.284615384615384,2.0778190792312676,28029.999999883148,3.3773072872818415,803000.0,
0.9102564102564102,1.1627940403753358,2.569230769230769,2.336671961155702,28039.999999883003,3.1388413401158606,804000.0,
0.8974358974358975,1.0583514618985093,2.338461538461538,2.1267912460818357,28049.999999882857,3.0678744861004725,805000.0,
0.8589743589743589,1.1175355897020443,2.469230769230769,2.2457236512903593,28059.99999988271,3.274739940234451,806000.0,
0.8589743589743589,1.096647074006679,2.423076923076924,2.2037475082755864,28069.999999882566,3.2510189816637185,807000.0,
0.7692307692307693,0.971315979834487,2.146153846153846,1.9518906501869482,28079.99999988242,3.4680407737672936,808000.0,
0.7948717948717948,0.8738362399227821,1.9307692307692303,1.7560019827846742,28089.999999882275,3.2341778502084524,809000.0,
0.8589743589743589,1.1210170089846052,2.4769230769230766,2.2527196751261553,28099.99999988213,3.2811809955185915,810000.0,
0.8717948717948718,1.1384241053974098,2.5153846153846153,2.287699794305133,28109.999999881984,3.2534835326462326,811000.0,
0.8333333333333334,0.9887230762472916,2.184615384615385,1.9868707693659258,28119.99999988184,3.2246184607112927,812000.0,
0.8974358974358975,1.0061301726600957,2.2230769230769227,2.0218508885449036,28129.999999881693,3.0142564780918883,813000.0,
0.8974358974358975,1.1349426861148488,2.507692307692308,2.2807037704693376,28139.999999881547,3.1583618502271764,814000.0,
0.782051282051282,0.8529477242274168,1.8846153846153844,1.7140258397699013,28149.999999881402,3.2644216801423283,815000.0,
0.782051282051282,0.9608717219868046,2.123076923076923,1.930902578679562,28159.999999881256,3.403078595310061,816000.0,
0.8846153846153846,0.974797399117048,2.1538461538461533,1.9588866740227435,28169.99999988111,3.0248405381169876,817000.0,
0.8205128205128205,1.10012849328924,2.43076923076923,2.210743532111382,28179.999999880965,3.4145284761797265,818000.0,
0.8461538461538461,1.030500107638022,2.276923076923077,2.0708230553954725,28189.99999988082,3.2293758847682867,819000.0,
0.8589743589743589,1.10012849328924,2.4307692307692306,2.2107435321113824,28199.999999880674,3.262833171276139,820000.0,
0.8589743589743589,1.1140541704194835,2.4615384615384617,2.2387276274545647,28209.99999988053,3.2796421685322352,821000.0,
0.782051282051282,0.999167334094974,2.207692307692308,2.0078588408733125,28219.999999880383,3.4559811812843844,822000.0,
0.8846153846153846,1.0792399775938744,2.384615384615384,2.168767389096609,28229.999999880238,3.146384322482045,823000.0,
0.7948717948717948,0.9086504327483911,2.0076923076923077,1.8259622211426294,28239.999999880092,3.287653770214723,824000.0,
0.8461538461538461,1.0792399775938744,2.384615384615384,2.1687673890966095,28249.999999879947,3.2906139128978773,825000.0,
0.8076923076923077,1.1314612668322879,2.5,2.273707746633542,28259.9999998798,3.5125996636802475,826000.0,
0.8461538461538461,1.0130930112252177,2.238461538461538,2.0358429362164947,28269.999999879656,3.2136523465833866,827000.0,
0.8205128205128205,1.0583514618985093,2.338461538461539,2.126791246081836,28279.99999987951,3.3698627191721826,828000.0,
0.8205128205128205,1.1802011367881402,2.6076923076923078,2.371652080334679,28289.999999879365,3.5189920104439114,829000.0,
0.8717948717948718,1.2150153296137487,2.6846153846153844,2.4416123186926346,28299.99999987922,3.3525146427765766,830000.0,
0.8205128205128205,0.9504274641391215,2.099999999999999,1.9099145071721755,28309.999999879074,3.2402053469029015,831000.0,
0.8205128205128205,0.8250963699669297,1.8230769230769233,1.658057649083537,28319.999999878928,3.088083075880534,832000.0,
0.8846153846153846,1.0827213968764353,2.3923076923076927,2.1757634129324046,28329.999999878783,3.1561169413810872,833000.0,
0.8076923076923077,1.0444257847682656,2.3076923076923075,2.098807150738654,28339.999999878637,3.4099208128707494,834000.0,
0.8461538461538461,1.1662754596578966,2.5769230769230766,2.343667984991497,28349.99999987849,3.3995346341249677,835000.0,
0.9230769230769231,1.2184967488963103,2.692307692307692,2.4486083425284297,28359.999999878346,3.173368700178382,836000.0,
0.8076923076923077,0.9852416569647306,2.1769230769230767,1.97987474553013,28369.9999998782,3.3385499879711067,837000.0,
0.8461538461538461,0.9817602376821697,2.1692307692307686,1.972878721694335,28379.999999878055,3.1832893717899906,838000.0,
0.8461538461538461,1.0757585583113136,2.3769230769230765,2.161771365260814,28389.99999987791,3.2949843567759403,839000.0,
0.8205128205128205,1.303176822269582,2.1461538461538456,1.8855184816999302,28399.999999877764,3.271288225406547,840000.0,
0.8589743589743589,1.3358730149430125,2.1999999999999997,1.932825397011398,28409.99999987762,3.549819330813185,841000.0,
0.8076923076923077,1.0322655115468733,1.7,1.4935468976906254,28419.999999877473,3.3999446015806973,842000.0,
0.8974358974358975,1.494683093642531,2.4615384615384617,2.1626018428099556,28429.999999877327,3.5757868757577813,843000.0,
0.7564102564102564,1.2050882442492907,1.984615384615384,1.7435977357655266,28439.999999877182,3.8602827635656163,844000.0,
0.8974358974358975,1.410607169625139,2.323076923076923,2.0409554891518957,28449.999999877036,3.4832451318526703,845000.0,
0.8717948717948718,1.02759462687924,1.6923076923076918,1.4867887669318445,28459.99999987689,3.1469438366986213,846000.0,
0.8717948717948718,1.2751515142637848,2.0999999999999996,1.8449696971472433,28469.999999876745,3.4314943839926486,847000.0,
0.8205128205128205,1.2004173595816583,1.9769230769230772,1.7368396050067456,28479.9999998766,3.5555055319733384,848000.0,
0.8205128205128205,1.3592274382811769,2.2384615384615385,1.9666160508053032,28489.999999876454,3.749680315388368,849000.0,
0.782051282051282,1.186404705578759,1.953846153846154,1.716565212730402,28499.99999987631,3.7137601153125637,850000.0,
0.8717948717948718,1.349885668945911,2.2230769230769227,1.953099789287741,28509.999999876163,3.5195717967162303,851000.0,
0.8205128205128205,1.261138860260886,2.0769230769230766,1.8246953048708998,28519.999999876018,3.632009860926111,852000.0,
0.8461538461538461,1.1163414355642658,1.8384615384615381,1.6151932513486853,28529.999999875872,3.3514307874686993,853000.0,
0.8589743589743589,1.2611388602608855,2.076923076923077,1.8246953048708996,28539.999999875727,3.4705765835711926,854000.0,
0.782051282051282,1.1256832048995316,1.8538461538461535,1.6287095128662474,28549.99999987558,3.6393949177226843,855000.0,
0.8461538461538461,1.2050882442492907,1.9846153846153844,1.7435977357655263,28559.999999875436,3.4581315613691572,856000.0,
0.8461538461538461,1.3872527462869744,2.284615384615384,2.0071648353579903,28569.99999987529,3.6740229425651982,857000.0,
0.8205128205128205,1.3545565536135438,2.2307692307692304,1.9598579200465223,28579.999999875145,3.749612674699608,858000.0,
0.9230769230769231,1.5273792863159616,2.515384615384615,2.209908758121423,28589.999999875,3.5207692268272632,859000.0,
0.8589743589743589,1.2751515142637844,2.0999999999999996,1.8449696971472433,28599.999999874854,3.490471912111829,860000.0,
0.8974358974358975,1.4339615929633034,2.3615384615384616,2.074746142945801,28609.999999874708,3.518411489286492,861000.0,
0.8717948717948718,1.2424553215903542,2.046153846153846,1.7976627818357753,28619.999999874562,3.4028134571024085,862000.0,
0.8461538461538461,1.2611388602608857,2.0769230769230766,1.8246953048708998,28629.999999874417,3.5286156227161314,863000.0,
0.9230769230769231,1.3638983229488097,2.246153846153846,1.9733741815640844,28639.99999987427,3.346442627623919,864000.0,
0.8717948717948718,1.3218603609401136,2.1769230769230767,1.9125510047350538,28649.999999874126,3.495660414003578,865000.0,
0.782051282051282,1.097657896893734,1.8076923076923073,1.5881607283135608,28659.99999987398,3.610772392731559,866000.0,
0.8333333333333334,1.3965945156222401,2.3000000000000003,2.020681096875552,28669.999999873835,3.7479103418068926,867000.0,
0.8589743589743589,1.461986900969101,2.407692307692307,2.1152949274984874,28679.99999987369,3.712757884694068,868000.0,
0.8717948717948718,1.3078477069372147,2.1538461538461537,1.892276612458711,28689.999999873544,3.4819400167649244,869000.0,
0.8461538461538461,1.2191008982521891,2.007692307692308,1.7638721280418694,28699.9999998734,3.4831768191300343,870000.0,
0.8589743589743589,1.4012654002898732,2.3076923076923075,2.027439227634333,28709.999999873253,3.6438582271868816,871000.0,
0.8076923076923077,1.195746474914025,1.969230769230769,1.7300814742479644,28719.999999873107,3.6213972228921323,872000.0,
0.7692307692307693,1.1443667435700628,1.8846153846153844,1.655742035901372,28729.99999987296,3.7363400999562453,873000.0,
0.8333333333333334,1.4059362849575059,2.315384615384615,2.034197358393114,28739.999999872816,3.763428157316841,874000.0,
0.8717948717948718,1.3638983229488097,2.246153846153846,1.9733741815640844,28749.99999987267,3.5497627821899385,875000.0,
0.8589743589743589,1.359227438281177,2.238461538461538,1.9666160508053032,28759.999999872525,3.5979035848483556,876000.0,
0.8974358974358975,1.2004173595816583,1.9769230769230763,1.7368396050067452,28769.99999987238,3.26731934351824,877000.0,
0.8076923076923077,1.461986900969101,2.407692307692308,2.1152949274984874,28779.999999872234,3.9548377503888372,878000.0,
0.8333333333333334,1.3685692076164426,2.253846153846154,1.9801323123228656,28789.99999987209,3.7216645875844434,879000.0,
0.7564102564102564,1.0743034735555692,1.7692307692307692,1.5543700745196554,28799.999999871943,3.7117876429871206,880000.0,
0.8205128205128205,1.3405438996106454,2.2076923076923074,1.9395835277701787,28809.999999871798,3.746909752633367,881000.0,
0.8205128205128205,1.3265312456077463,2.184615384615384,1.9193091354938354,28819.999999871652,3.7304568305673245,882000.0,
0.8589743589743589,1.2704806295961515,2.092307692307692,1.8382115663884622,28829.999999871507,3.4987655090657284,883000.0,
0.8717948717948718,1.2658097449285188,2.0846153846153843,1.8314534356296808,28839.99999987136,3.4425435309312924,884000.0,
0.8205128205128205,1.1677211669082275,1.9230769230769231,1.6895326896952771,28849.999999871216,3.5387820471522584,885000.0,
0.8333333333333334,1.2844932835990501,2.115384615384615,1.8584859586648053,28859.99999987107,3.625081171071202,886000.0,
0.8589743589743589,1.1910755902463923,1.9615384615384615,1.7233233434891833,28869.999999870925,3.4087118811659733,887000.0,
0.7948717948717948,1.0976578968937338,1.8076923076923073,1.588160728313561,28879.99999987078,3.566727676719553,888000.0,
0.7692307692307693,1.055619934885038,1.7384615384615383,1.5273375514845307,28889.999999870633,3.6316359153322235,889000.0,
0.6410256410256411,0.836088355506291,1.376923076923077,1.2097054058218186,28899.999999870488,4.016293834567811,890000.0,
0.8205128205128205,1.2658097449285188,2.0846153846153848,1.831453435629681,28909.999999870342,3.6620775016144336,891000.0,
0.7948717948717948,1.2237717829198225,2.0153846153846158,1.7706302588006508,28919.999999870197,3.7279677268813693,892000.0,
0.8974358974358975,1.3732400922840757,2.2615384615384615,1.9868904430816468,28929.99999987005,3.4690361028150862,893000.0,
0.7692307692307693,1.2144300135845567,2.0,1.7571139972830894,28939.999999869906,3.841422350974883,894000.0,
0.8589743589743589,1.3545565536135442,2.23076923076923,1.9598579200465223,28949.99999986976,3.603809122100797,895000.0,
0.8589743589743589,1.3171894762724805,2.1692307692307686,1.9057928739762735,28959.999999869615,3.5609041663902965,896000.0,
0.8333333333333334,1.3265312456077463,2.1846153846153844,1.9193091354938356,28969.99999986947,3.682295956250769,897000.0,
0.8461538461538461,1.2844932835990501,2.1153846153846145,1.858485958664806,28979.999999869324,3.577428426054866,898000.0,
0.8974358974358975,1.3592274382811769,2.238461538461538,1.966616050805303,28989.99999986918,3.456850574068949,899000.0,
0.8333333333333334,1.0165744305077786,2.2461538461538457,2.0428389600522903,28999.999999869033,3.7289826029061732,900000.0,
0.8974358974358975,1.2184967488963097,2.6923076923076925,2.4486083425284297,29009.999999868887,3.301179234468652,901000.0,
0.8076923076923077,1.086202816158996,2.4,2.1827594367682006,29019.99999986874,3.5048193596713424,902000.0,
0.8717948717948718,1.065314300463631,2.353846153846154,2.140783293753428,29029.999999868596,3.2237399328684635,903000.0,
0.8333333333333334,1.0722771390287527,2.369230769230769,2.154775341425018,29039.99999986845,3.3814987206636067,904000.0,
0.8717948717948718,1.0722771390287527,2.369230769230769,2.1547753414250184,29049.999999868305,3.2329031888696154,905000.0,
0.7435897435897436,1.0165744305077784,2.246153846153846,2.0428389600522903,29059.99999986816,3.716079406525816,906000.0,
0.8846153846153846,1.030500107638022,2.2769230769230764,2.070823055395472,29069.999999868014,3.139982730357329,907000.0,
0.7692307692307693,0.9539088834216827,2.107692307692308,1.916910531007971,29079.99999986787,3.5120782150963445,908000.0,
0.8846153846153846,1.0896842354415572,2.4076923076923076,2.1897554606039957,29089.999999867723,3.2080459472946417,909000.0,
0.782051282051282,1.1036099125718004,2.438461538461538,2.217739555947178,29099.999999867578,3.647235625893257,910000.0,
0.8717948717948718,1.1871639753532621,2.6230769230769226,2.385644128006271,29109.999999867432,3.3682145599476776,911000.0,
0.7948717948717948,1.1488683632450922,2.538461538461538,2.30868786581252,29119.999999867287,3.6466376182581333,912000.0,
0.8589743589743589,1.2045710717660663,2.6615384615384614,2.4206242471852475,29129.99999986714,3.4399454268155174,913000.0,
0.8846153846153846,1.2533109417219186,2.7692307692307687,2.5185685808863854,29139.999999866995,3.395913818162254,914000.0,
0.8461538461538461,1.0687957197461917,2.3615384615384616,2.147779317589223,29149.99999986685,3.33281615362255,915000.0,
0.8205128205128205,1.1627940403753358,2.569230769230769,2.3366719611557016,29159.999999866704,3.5521521116900145,916000.0,
0.8333333333333334,1.0444257847682659,2.3076923076923075,2.098807150738654,29169.99999986656,3.356077095550906,917000.0,
0.8589743589743589,1.1662754596578964,2.5769230769230766,2.343667984991497,29179.999999866413,3.398347550032828,918000.0,
0.8205128205128205,1.1036099125718006,2.438461538461538,2.217739555947178,29189.999999866268,3.4818964559294288,919000.0,
0.8076923076923077,1.10012849328924,2.43076923076923,2.2107435321113824,29199.999999866122,3.533489245641954,920000.0,
0.8461538461538461,1.0061301726600955,2.2230769230769223,2.0218508885449036,29209.999999865977,3.262393234338928,921000.0,
0.8589743589743589,1.211533910331188,2.676923076923077,2.434616294856839,29219.99999986583,3.453424552309163,922000.0,
0.8846153846153846,1.0513886233333873,2.323076923076923,2.1127991984102454,29229.999999865686,3.172871197375143,923000.0,
0.8333333333333334,1.1140541704194833,2.4615384615384612,2.2387276274545647,29239.99999986554,3.4439388506399964,924000.0,
0.7692307692307693,1.0444257847682654,2.3076923076923075,2.0988071507386548,29249.999999865395,3.64108352018007,925000.0,
0.8205128205128205,0.978278818399609,2.1615384615384623,1.965882697858539,29259.99999986525,3.3335241849070067,926000.0,
0.8205128205128205,0.943464625574,2.0846153846153848,1.895922459500584,29269.999999865104,3.2917193874007866,927000.0,
0.782051282051282,1.0827213968764353,2.3923076923076922,2.1757634129324046,29279.99999986496,3.632328999266225,928000.0,
0.8205128205128205,0.9643531412693653,2.1307692307692307,1.9378986025153575,29289.999999864813,3.3184272659044947,929000.0,
0.9102564102564102,1.2811622959824058,2.830769230769231,2.5745367715727494,29299.999999864667,3.3398656209225948,930000.0,
0.8333333333333334,0.915613271313513,2.023076923076923,1.8399542688142203,29309.99999986452,3.2101174640204615,931000.0,
0.8076923076923077,0.9747973991170478,2.1538461538461533,1.9588866740227435,29319.999999864376,3.3859364623810344,932000.0,
0.8461538461538461,1.033981526920583,2.2846153846153836,2.077819079231268,29329.99999986423,3.3025811984648534,933000.0,
0.8205128205128205,0.9539088834216825,2.1076923076923073,1.916910531007971,29339.999999864085,3.308823326652586,934000.0,
0.8076923076923077,0.9782788183996087,2.1615384615384614,1.9658826978585398,29349.99999986394,3.39215155292132,935000.0,
0.8589743589743589,0.9991673340949743,2.2076923076923074,2.007858840873313,29359.999999863794,3.214550030720613,936000.0,
0.8974358974358975,1.2602737802870407,2.7846153846153845,2.5325606285579765,29369.99999986365,3.368302212303739,937000.0,
0.8205128205128205,0.999167334094974,2.2076923076923074,2.007858840873313,29379.999999863503,3.366482063410624,938000.0,
0.8589743589743589,1.1453869439625315,2.5307692307692307,2.3016918419767243,29389.999999863358,3.3865668899693855,939000.0,
0.8205128205128205,0.9573903027042434,2.115384615384615,1.9239065548437664,29399.999999863212,3.3168163064031524,940000.0,
0.8076923076923077,1.0130930112252179,2.238461538461539,2.0358429362164943,29409.999999863066,3.4390643630863047,941000.0,
0.8461538461538461,0.9817602376821697,2.169230769230769,1.9728787216943346,29419.99999986292,3.2463196748193766,942000.0,
0.8717948717948718,1.215015329613749,2.684615384615385,2.441612318692634,29429.999999862775,3.418985231010904,943000.0,
0.9102564102564102,1.0409443654857047,2.3,2.091811126902859,29439.99999986263,3.0838515564331463,944000.0,
0.9102564102564102,1.033981526920583,2.2846153846153836,2.0778190792312676,29449.999999862484,3.076765621108075,945000.0,
0.8717948717948718,1.0479072040508264,2.315384615384615,2.1058031745744494,29459.99999986234,3.2290670869828197,946000.0,
0.8461538461538461,1.0130930112252179,2.238461538461538,2.0358429362164943,29469.999999862193,3.2863796193096015,947000.0,
0.8846153846153846,1.2219781681788708,2.6999999999999997,2.4556043663642253,29479.999999862048,3.380204306040841,948000.0,
0.8589743589743589,1.037462946203144,2.292307692307692,2.084815103067063,29489.999999861902,3.266894176159862,949000.0,
0.8589743589743589,1.0200558497903394,2.253846153846154,2.0498349838880854,29499.999999861757,3.247226213171812,950000.0,
0.8333333333333334,1.0722771390287527,2.369230769230769,2.1547753414250184,29509.99999986161,3.4104217975862627,951000.0,
0.8333333333333334,0.9817602376821699,2.1692307692307686,1.9728787216943346,29519.999999861466,3.3024169005857393,952000.0,
0.8461538461538461,1.1488683632450922,2.538461538461538,2.30868786581252,29529.99999986132,3.450477762605764,953000.0,
0.8974358974358975,1.1802011367881404,2.6076923076923073,2.371652080334679,29539.999999861175,3.2887926952619653,954000.0,
0.9102564102564102,1.2045710717660665,2.6615384615384614,2.420624247185248,29549.99999986103,3.2698076562903555,955000.0,
0.8717948717948718,1.096647074006679,2.423076923076923,2.2037475082755864,29559.999999860884,3.2908569378144477,956000.0,
0.7692307692307693,0.9086504327483909,2.0076923076923077,1.8259622211426294,29569.999999860738,3.485908895887256,957000.0,
0.8974358974358975,0.9817602376821699,2.1692307692307686,1.972878721694335,29579.999999860593,3.0699585505438507,958000.0,
0.8717948717948718,1.103609912571801,2.438461538461538,2.217739555947178,29589.999999860447,3.300608429109709,959000.0,
0.8461538461538461,1.4900122089748984,2.4538461538461536,2.155843712051174,29599.9999998603,3.4094617361748347,960000.0,
0.8333333333333334,1.3265312456077465,2.184615384615384,1.9193091354938356,29609.999999860156,3.721680571634812,961000.0,
0.8205128205128205,1.3218603609401136,2.176923076923077,1.9125510047350542,29619.99999986001,3.774764189877919,962000.0,
0.8461538461538461,1.4246198236280376,2.3461538461538463,2.0612298814282393,29629.999999859865,3.7824264582097626,963000.0,
0.8717948717948718,1.1396958589024304,1.876923076923077,1.6489839051425907,29639.99999985972,3.344942308724211,964000.0,
0.7435897435897436,1.1303540895671647,1.8615384615384607,1.6354676436250286,29649.999999859574,3.909783085949915,965000.0,
0.782051282051282,1.1957464749140252,1.9692307692307691,1.7300814742479644,29659.99999985943,3.801770902330322,966000.0,
0.782051282051282,1.097657896893734,1.8076923076923077,1.588160728313561,29669.999999859283,3.6770019009273165,967000.0,
0.7948717948717948,1.0743034735555692,1.769230769230769,1.5543700745196556,29679.999999859137,3.5889592086482076,968000.0,
0.8076923076923077,1.1210123202318985,1.8461538461538458,1.6219513821074663,29689.999999858992,3.5904565234435233,969000.0,
0.7692307692307693,1.1817338209111263,1.946153846153846,1.709807081971621,29699.999999858846,3.8495839671653527,970000.0,
0.8333333333333334,1.2985059376019492,2.1384615384615384,1.878760350941149,29709.9999998587,3.694204048181612,971000.0,
0.8846153846153846,1.2331135522550885,2.0307692307692307,1.7841465203182134,29719.999999858555,3.406705174996363,972000.0,
0.8461538461538461,1.317189476272481,2.169230769230769,1.905792873976273,29729.99999985841,3.6615239264864408,973000.0,
0.8205128205128205,1.3732400922840755,2.2615384615384615,1.986890443081646,29739.999999858264,3.8448832374532635,974000.0,
0.7948717948717948,1.3312021302753794,2.192307692307692,1.9260672662526168,29749.99999985812,3.9166704219408066,975000.0,
0.8333333333333334,1.2564679755932529,2.0692307692307694,1.817937174112119,29759.999999857973,3.6468354168480546,976000.0,
0.8461538461538461,1.4106071696251388,2.323076923076923,2.0409554891518953,29769.999999857828,3.7743508974183344,977000.0,
0.8205128205128205,1.191075590246392,1.9615384615384612,1.7233233434891833,29779.999999857682,3.6253702505948007,978000.0,
0.8589743589743589,1.1677211669082275,1.9230769230769227,1.6895326896952776,29789.999999857537,3.4364485226520873,979000.0,
0.8461538461538461,1.2517970909256202,2.0615384615384613,1.8111790433533377,29799.99999985739,3.588484440773422,980000.0,
0.8076923076923077,1.335873014943012,2.1999999999999997,1.9328253970113976,29809.999999857246,3.864093574038125,981000.0,
0.8076923076923077,1.3031768222695816,2.1461538461538456,1.8855184816999297,29819.9999998571,3.8242474942202174,982000.0,
0.8461538461538461,1.2798223989314175,2.1076923076923078,1.8517278279060245,29829.999999856955,3.6234234411438835,983000.0,
0.8717948717948718,1.2891641682666832,2.1230769230769226,1.8652440894235867,29839.99999985681,3.5281559577006836,984000.0,
0.7564102564102564,1.2004173595816579,1.9769230769230768,1.7368396050067452,29849.999999856664,3.949700916037524,985000.0,
0.8333333333333334,1.3031768222695819,2.146153846153846,1.8855184816999297,29859.999999856518,3.7090398790134063,986000.0,
0.8461538461538461,1.1256832048995313,1.8538461538461537,1.6287095128662472,29869.999999856373,3.443683181530407,987000.0,
0.8205128205128205,1.1116705508966327,1.8307692307692305,1.6084351205899041,29879.999999856227,3.5348453588871904,988000.0,
0.8076923076923077,1.158379397572962,1.9076923076923071,1.6760164281777155,29889.99999985608,3.649418936659258,989000.0,
0.8717948717948718,1.4012654002898732,2.3076923076923075,2.0274392276343334,29899.999999855936,3.6602720767860557,990000.0,
0.8461538461538461,1.368569207616443,2.253846153846154,1.9801323123228656,29909.99999985579,3.733154518074601,991000.0,
0.8205128205128205,1.102328781561367,1.8153846153846156,1.594918859072342,29919.999999855645,3.525960077509799,992000.0,
0.7948717948717948,1.2424553215903544,2.046153846153846,1.7976627818357758,29929.9999998555,3.816634114240122,993000.0,
0.8461538461538461,1.1770629362434935,1.9384615384615382,1.70304895121284,29939.999999855354,3.5086471064519973,994000.0,
0.8974358974358975,1.3312021302753796,2.1923076923076925,1.9260672662526168,29949.99999985521,3.4804795165759765,995000.0,
0.9102564102564102,1.317189476272481,2.169230769230769,1.905792873976273,29959.999999855063,3.4166278753252355,996000.0,
0.8205128205128205,1.2564679755932529,2.0692307692307694,1.817937174112119,29969.999999854917,3.716942220236114,997000.0,
0.8076923076923077,1.1443667435700628,1.8846153846153846,1.655742035901372,29979.999999854772,3.637784222179396,998000.0,
0.8205128205128205,1.2798223989314177,2.1076923076923078,1.8517278279060245,29989.999999854626,3.746655423679485,999000.0,
0.8205128205128205,1.3218603609401138,2.1769230769230767,1.9125510047350542,29999.99999985448,3.798514189877574,1000000.0,
0.8461538461538461,1.3218603609401138,2.1769230769230767,1.9125510047350542,30009.999999854335,3.6840137598812746,1001000.0,
0.8846153846153846,1.1490376282376957,1.8923076923076918,1.6625001666601535,30019.99999985419,3.3290541304547094,1002000.0,
0.8974358974358975,1.3265312456077463,2.184615384615385,1.9193091354938354,30029.999999854044,3.4798462450891186,1003000.0,
0.8717948717948718,1.2751515142637844,2.0999999999999996,1.8449696971472433,30039.9999998539,3.5238473251677753,1004000.0,
0.8589743589743589,1.1864047055787592,1.9538461538461536,1.716565212730402,30049.999999853753,3.473721896029495,1005000.0,
0.8333333333333334,1.317189476272481,2.169230769230769,1.9057928739762735,30059.999999853608,3.7381627561243977,1006000.0,
0.8333333333333334,1.261138860260886,2.0769230769230766,1.8246953048709003,30069.999999853462,3.67151740152586,1007000.0,
0.7948717948717948,1.2751515142637846,2.1000000000000005,1.844969697147243,30079.999999853317,3.867445453409781,1008000.0,
0.8205128205128205,1.2191008982521898,2.007692307692307,1.7638721280418694,30089.99999985317,3.6789010947265846,1009000.0,
0.7435897435897436,1.1443667435700628,1.884615384615385,1.655742035901372,30099.999999853026,3.959662172367154,1010000.0,
0.8333333333333334,1.1910755902463916,1.9615384615384612,1.7233233434891833,30109.99999985288,3.589903015969969,1011000.0,
0.8846153846153846,1.2844932835990504,2.115384615384615,1.858485958664806,30119.999999852735,3.4879750162254317,1012000.0,
0.9230769230769231,1.2985059376019494,2.1384615384615384,1.878760350941149,30129.99999985259,3.3583786546080603,1013000.0,
0.8333333333333334,1.2424553215903542,2.0461538461538455,1.7976627818357753,30139.999999852444,3.653404847428851,1014000.0,
0.8589743589743589,1.144366743570063,1.8846153846153846,1.655742035901372,30149.999999852298,3.4307523283177916,1015000.0,
0.7692307692307693,1.144366743570063,1.8846153846153844,1.655742035901372,30159.999999852153,3.8316734332881905,1016000.0,
0.8076923076923077,1.0135819728763416,1.669230769230769,1.4665143746555007,30169.999999852007,3.4879237124314377,1017000.0,
0.8333333333333334,1.1817338209111266,1.946153846153846,1.709807081971621,30179.99999985186,3.5830005850752813,1018000.0,
0.8461538461538461,1.3125185916048476,2.1615384615384605,1.8990347432174923,30189.999999851716,3.683882577939438,1019000.0,
0.7307692307692307,0.7554679843157123,1.669230769230769,1.518137172367627,30199.99999985157,3.8571788400557696,1020000.0,
0.8076923076923077,1.0165744305077786,2.246153846153846,2.0428389600522903,30209.999999851425,3.4941683425147674,1021000.0,
0.8589743589743589,1.0200558497903391,2.253846153846154,2.0498349838880863,30219.99999985128,3.2902112877980523,1022000.0,
0.8717948717948718,1.309013650242893,2.8923076923076922,2.630504962259113,30229.999999851134,3.5738656576142374,1023000.0,
0.782051282051282,1.002648753377535,2.2153846153846155,2.0148548647091085,30239.99999985099,3.592891848561797,1024000.0,
0.8333333333333334,1.1070913318543611,2.446153846153846,2.2247355797829735,30249.999999850843,3.4977372905147917,1025000.0,
0.8461538461538461,1.1349426861148486,2.5076923076923077,2.280703770469338,30259.999999850697,3.4782625684208925,1026000.0,
0.8205128205128205,1.1175355897020443,2.4692307692307693,2.24572365129036,30269.999999850552,3.5663683749309314,1027000.0,
0.9102564102564102,1.065314300463631,2.353846153846154,2.1407832937534277,30279.999999850406,3.1579481047180673,1028000.0,
0.8461538461538461,1.1593126210927747,2.5615384615384613,2.3296759373199065,30289.99999985026,3.508881582485688,1029000.0,
0.8461538461538461,1.089684235441557,2.4076923076923076,2.189755460603996,30299.999999850115,3.4271995509584827,1030000.0,
0.8717948717948718,1.2010896524835055,2.6538461538461533,2.413628223349452,30309.99999984997,3.454776366066636,1031000.0,
0.8846153846153846,1.1175355897020443,2.4692307692307693,2.24572365129036,30319.999999849824,3.310834434718503,1032000.0,
0.8974358974358975,1.2533109417219186,2.7692307692307687,2.5185685808863854,30329.99999984968,3.41540076361609,1033000.0,
0.7435897435897436,0.8877619170530258,1.9615384615384612,1.7839860781278556,30339.999999849533,3.6311246470508975,1034000.0,
0.8076923076923077,1.0409443654857047,2.3000000000000003,2.0918111269028588,30349.999999849388,3.5332295318523883,1035000.0,
0.8717948717948718,1.155831201810214,2.5538461538461537,2.322679913484111,30359.999999849242,3.4058034373531116,1036000.0,
0.8333333333333334,1.0722771390287527,2.369230769230769,2.154775341425019,30369.999999849097,3.4633448745085693,1037000.0,
0.8461538461538461,1.0165744305077786,2.246153846153846,2.0428389600522903,30379.99999984895,3.3456455390669766,1038000.0,
0.8846153846153846,1.2150153296137494,2.6846153846153844,2.441612318692634,30389.999999848806,3.4250868943287767,1039000.0,
0.8974358974358975,0.9887230762472914,2.184615384615384,1.9868707693659269,30399.99999984866,3.1245742849443046,1040000.0,
0.8461538461538461,1.1070913318543616,2.446153846153847,2.2247355797829726,30409.999999848515,3.4544382406583667,1041000.0,
0.9230769230769231,1.2010896524835057,2.6538461538461533,2.4136282233494524,30419.99999984837,3.268955456840623,1042000.0,
0.8205128205128205,1.0931656547241182,2.415384615384615,2.1967514844397917,30429.999999848224,3.546667516676438,1043000.0,
0.8717948717948718,1.0061301726600957,2.2230769230769227,2.0218508885449036,30439.999999848078,3.2387934333279076,1044000.0,
0.8974358974358975,0.8773176592053432,1.938461538461538,1.7629980066204696,30449.999999847932,3.00329396309752,1045000.0,
0.8846153846153846,1.058351461898509,2.338461538461538,2.126791246081836,30459.999999847787,3.2520465800998957,1046000.0,
0.8589743589743589,1.0862028161589963,2.3999999999999995,2.1827594367682006,30469.99999984764,3.3821435770031374,1047000.0,
0.8974358974358975,1.1941268139183838,2.6384615384615384,2.3996361756778612,30479.999999847496,3.3580241640634547,1048000.0,
0.7948717948717948,1.093165654724118,2.4153846153846152,2.1967514844397913,30489.99999984735,3.664947113988524,1049000.0,
0.8461538461538461,1.0548700426159483,2.3307692307692305,2.119795222246041,30499.999999847205,3.3981767170128903,1050000.0,
0.8205128205128205,0.9817602376821699,2.1692307692307695,1.972878721694335,30509.99999984706,3.4158921646564906,1051000.0,
0.8333333333333334,0.9295389484437561,2.0538461538461537,1.867938364157402,30519.999999846914,3.3012898150372085,1052000.0,
0.8974358974358975,1.0339815269205832,2.2846153846153845,2.0778190792312676,30529.99999984677,3.1824337014087214,1053000.0,
0.8974358974358975,1.0757585583113136,2.376923076923077,2.161771365260814,30539.999999846623,3.229556679244099,1054000.0,
0.8461538461538461,1.0548700426159483,2.3307692307692305,2.1197952222460406,30549.999999846477,3.4012070200431483,1055000.0,
0.8333333333333334,1.2602737802870403,2.7846153846153845,2.532560628557976,30559.99999984633,3.7006331517106523,1056000.0,
0.8333333333333334,0.9817602376821696,2.169230769230769,1.972878721694335,30569.999999846186,3.3670322852001826,1057000.0,
0.8589743589743589,1.0757585583113138,2.3769230769230765,2.161771365260814,30579.99999984604,3.3765517544340984,1058000.0,
0.7948717948717948,1.0444257847682654,2.3076923076923075,2.098807150738654,30589.999999845895,3.610080825979455,1059000.0,
0.8333333333333334,0.9295389484437561,2.0538461538461537,1.867938364157402,30599.99999984575,3.306212891960214,1060000.0,
0.9358974358974359,1.0235372690729005,2.261538461538461,2.056831007723881,30609.999999845604,3.0448726984450216,1061000.0,
0.8333333333333334,1.0827213968764355,2.392307692307692,2.1757634129324046,30619.99999984546,3.491262599310181,1062000.0,
0.9102564102564102,1.2080524910486272,2.669230769230769,2.427620271021043,30629.999999845313,3.334477384515382,1063000.0,
0.8205128205128205,1.1941268139183836,2.6384615384615384,2.3996361756778612,30639.999999845168,3.6828389294442583,1064000.0,
0.9102564102564102,1.152349782527653,2.546153846153846,2.3156838896483154,30649.999999845022,3.2744096202247173,1065000.0,
0.8205128205128205,0.9608717219868043,2.123076923076923,1.9309025786795622,30659.999999844877,3.3998092861526272,1066000.0,
0.8481012658227848,1.227134194204942,2.711392405063291,2.465965566222302,30669.99999984473,3.576468676731153,1067000.0,
0.8860759493670886,1.1102642709473283,2.453164556962024,2.23111170277256,30679.999999844586,3.291866820051932,1068000.0,
0.8227848101265823,0.9590208408492402,2.1189873417721516,1.9271831736023042,30689.99999984444,3.3618837911674717,1069000.0,
0.8481012658227848,1.1308883750516132,2.4987341772151894,2.272556502204867,30699.999999844295,3.4647758451921273,1070000.0,
0.8734177215189873,1.0862028161589963,2.4,2.1827594367682006,30709.99999984415,3.3137655431210904,1071000.0,
0.8481012658227848,0.9177726326406707,2.027848101265823,1.8442935747376885,30719.999999844003,3.2146841489165214,1072000.0,
0.8354430379746836,1.048391958634474,2.3164556962025316,2.1067773044756364,30729.999999843858,3.420344920165406,1073000.0,
0.759493670886076,1.0071437504259046,2.2253164556962024,2.0238877056110214,30739.999999843712,3.7087359380406544,1074000.0,
0.8354430379746836,0.9762075942694778,2.156962025316455,1.96172050646256,30749.999999843567,3.33515454463759,1075000.0,
0.7848101265822784,1.1171389723154235,2.4683544303797467,2.244926635916662,30759.99999984342,3.7305448195437108,1076000.0,
0.9240506329113924,1.1412004271037555,2.521518987341772,2.293278901921021,30769.999999843276,3.1949949827395576,1077000.0,
0.8987341772151899,1.1618245312080406,2.5670886075949366,2.334723701353328,30779.99999984313,3.3085061685102204,1078000.0,
0.8481012658227848,1.113701621631376,2.4607594936708863,2.2380191693446108,30789.999999842985,3.449884001606994,1079000.0,
0.8354430379746836,1.554162966751882,2.559493670886076,2.2486610775356994,30799.99999984284,3.5562482918209812,1080000.0,
0.8607594936708861,1.1806104435859994,1.944303797468354,1.7081817087511548,30809.999999842694,3.478059191795333,1081000.0,
0.8734177215189873,1.2590103558553822,2.073417721518987,1.821615650347911,30819.99999984255,3.517994465382077,1082000.0,
0.810126582278481,1.189833962676515,1.9594936708860757,1.7215268783507731,30829.999999842403,3.7080731726598786,1083000.0,
0.8607594936708861,1.2128927604028041,1.997468354430379,1.7548898023498192,30839.999999842257,3.5173283539795364,1084000.0,
0.7468354430379747,1.0929870122261012,1.7999999999999998,1.5814025975547796,30849.99999984211,3.8939961688923455,1085000.0,
0.8734177215189873,1.3743043444868273,2.263291139240506,1.9884302703431411,30859.999999841966,3.6523165683079006,1086000.0,
0.8607594936708861,1.2313397985838355,2.027848101265823,1.7815801415490558,30869.99999984182,3.5405241777486496,1087000.0,
0.810126582278481,1.120657569497648,1.845569620253164,1.621438106353635,30879.999999841675,3.625808562329669,1088000.0,
0.759493670886076,1.065316454954554,1.754430379746835,1.5413670887559245,30889.99999984153,3.79532999900323,1089000.0,
0.8734177215189873,1.1944457222217726,1.9670886075949372,1.7281994631505824,30899.999999841384,3.4487103196275872,1090000.0,
0.8734177215189873,1.4250336994846629,2.346835443037974,2.061828703141042,30909.99999984124,3.7132965544648004,1091000.0,
0.8354430379746836,1.139104607678679,1.8759493670886072,1.6481284455528717,30919.999999841093,3.540440363718151,1092000.0,
0.8481012658227848,1.3420220276700225,2.210126582278481,1.9417221767444768,30929.999999840948,3.7274558236524395,1093000.0,
0.7848101265822784,1.1298810885881636,1.860759493670886,1.6347832759532532,30939.999999840802,3.7583936451168722,1094000.0,
0.7848101265822784,1.309739710853218,2.156962025316455,1.8950140831458124,30949.999999840657,3.9882135025191094,1095000.0,
0.810126582278481,1.2451750772196084,2.050632911392405,1.801597895948483,30959.99999984051,3.7845098609238916,1096000.0,
0.8481012658227848,1.2128927604028041,1.99746835443038,1.7548898023498192,30969.999999840365,3.5775869861283716,1097000.0,
0.8860759493670886,1.2728456344911554,2.0962025316455692,1.841633404747338,30979.99999984022,3.492494358908287,1098000.0,
0.8987341772151899,1.2405633176743511,2.043037974683544,1.7949253111486743,30989.999999840074,3.4079479168317177,1099000.0,
0.8481012658227848,1.3189632299437335,2.1721518987341772,1.908359252745431,30999.99999983993,3.7044461964825763,1100000.0,
0.7848101265822784,1.1483281267691945,1.8911392405063288,1.6614736151524903,31009.999999839783,3.7864148711861843,1101000.0,
0.7974683544303798,1.194445722221773,1.9670886075949368,1.7281994631505824,31019.999999839638,3.7847779691158183,1102000.0,
0.8734177215189873,1.259010355855382,2.0734177215189873,1.821615650347911,31029.999999839492,3.5301683784253775,1103000.0,
0.810126582278481,1.3604690658510539,2.240506329113924,1.9684125159437131,31039.999999839347,3.931825878140759,1104000.0,
0.7721518987341772,1.120657569497648,1.8455696202531646,1.6214381063536352,31049.9999998392,3.8152745571981783,1105000.0,
0.9240506329113924,1.4942100926635302,2.460759493670886,2.1619174751381802,31059.999999839056,3.5929095523177135,1106000.0,
0.8860759493670886,1.3743043444868273,2.263291139240506,1.9884302703431411,31069.99999983891,3.612140617331899,1107000.0,
0.8987341772151899,1.4803748140277573,2.4379746835443035,2.1418997207387527,31079.999999838765,3.6798508493938846,1108000.0,
0.8607594936708861,1.1160458099523902,1.8379746835443036,1.6147655215538257,31089.99999983862,3.4195208674266353,1109000.0,
0.7848101265822784,1.2451750772196086,2.0506329113924044,1.8015978959484835,31099.999999838474,3.9156230822438856,1110000.0,
0.8354430379746836,1.042257657228265,1.7164556962025315,1.5080041647568785,31109.99999983833,3.436032650300063,1111000.0,
0.7974683544303798,1.1944457222217726,1.967088607594936,1.7281994631505824,31119.999999838183,3.791127175464932,1112000.0,
0.7974683544303798,1.1344928481334215,1.8683544303797468,1.6414558607530625,31129.999999838037,3.716583095258895,1113000.0,
0.9240506329113924,1.4250336994846635,2.3468354430379748,2.061828703141042,31139.99999983789,3.5224309898364097,1114000.0,
0.759493670886076,1.1529398863144522,1.8987341772151896,1.6681461999522995,31149.999999837746,3.9280341836268438,1115000.0,
0.8481012658227848,1.360469065851054,2.2405063291139236,1.9684125159437136,31159.9999998376,3.7629381522537555,1116000.0,
0.810126582278481,1.189833962676515,1.9594936708860757,1.7215268783507731,31169.999999837455,3.7293231726595693,1117000.0,
0.7468354430379747,1.0607046954092967,1.7468354430379742,1.5346945039561153,31179.99999983731,3.873143575188163,1118000.0,
0.8481012658227848,1.3143514703984756,2.1645569620253164,1.901686667945621,31189.999999837164,3.7103517337350174,1119000.0,
0.8227848101265823,1.2313397985838357,2.0278481012658225,1.7815801415490555,31199.99999983702,3.724240678259831,1120000.0,
0.8227848101265823,1.3005161917627026,2.141772151898734,1.8816689135461937,31209.999999836873,3.808931986892599,1121000.0,
0.7341772151898734,1.1621634054049683,1.913924050632911,1.6814913695519178,31219.999999836728,4.08087429354754,1122000.0,
0.8354430379746836,1.1160458099523902,1.8379746835443034,1.614765521553826,31229.999999836582,3.5316275603788347,1123000.0,
0.810126582278481,1.2912926726721867,2.1265822784810124,1.8683237439465756,31239.999999836436,3.858936267810413,1124000.0,
0.810126582278481,1.166775164950226,1.9215189873417724,1.688163954351727,31249.99999983629,3.7058599692161085,1125000.0,
0.8354430379746836,1.5172688903898195,2.49873417721519,2.1952803991372263,31259.999999836145,4.013697611205428,1126000.0,
0.7468354430379747,1.152939886314453,1.8987341772151898,1.6681461999522995,31269.999999836,4.002746627417012,1127000.0,
0.8354430379746836,1.3281867490342492,2.1873417721518984,1.921704422345049,31279.999999835854,3.7885841389767734,1128000.0,
0.8607594936708861,1.3374102681247648,2.2025316455696204,1.9350495919446675,31289.99999983571,3.688458987950253,1129000.0,
0.7974683544303798,1.069928214499812,1.762025316455696,1.5480396735557338,31299.999999835563,3.646414745146751,1130000.0,
0.8734177215189873,1.2175045199480619,2.005063291139241,1.7615623871496284,31309.999999835418,3.4988790880384997,1131000.0,
0.8607594936708861,1.2405633176743507,2.0430379746835445,1.7949253111486743,31319.999999835272,3.5777103249269517,1132000.0,
0.810126582278481,1.2267280390385775,2.020253164556962,1.7749075567492465,31329.999999835127,3.784864298168845,1133000.0,
0.8607594936708861,1.2590103558553822,2.073417721518987,1.821615650347911,31339.99999983498,3.6003179134019567,1134000.0,
0.9240506329113924,1.5126571308445618,2.491139240506329,2.188607814337417,31349.999999834836,3.6287631963764064,1135000.0,
0.7974683544303798,1.1852222031312571,1.9518987341772152,1.7148542935509639,31359.99999983469,3.794799270573429,1136000.0,
0.7974683544303798,1.166775164950226,1.921518987341772,1.688163954351727,31369.999999834545,3.7723021909495866,1137000.0,
0.8354430379746836,1.22211627949332,2.012658227848101,1.7682349719494372,31379.9999998344,3.6676816072534515,1138000.0,
0.7341772151898734,1.0745399740450698,1.7696202531645568,1.5547122583555426,31389.999999834254,3.9732492749709567,1139000.0,
0.8860759493670886,1.0312052052142373,2.278481012658227,2.0722399716153803,31399.999999834108,3.641407160305207,1140000.0,
0.9113924050632911,1.1858859859963724,2.6202531645569622,2.3830759673576876,31409.999999833963,3.323955456839822,1141000.0,
0.8227848101265823,1.247758298309227,2.7569620253164553,2.50741036565461,31419.999999833817,3.757733931772033,1142000.0,
0.8607594936708861,1.0449546079504268,2.3088607594936708,2.099869837903585,31429.99999983367,3.3569296180417108,1143000.0,
0.8227848101265823,1.0277678545301896,2.2708860759493668,2.065332505043329,31439.999999833526,3.491591700102108,1144000.0,
0.8354430379746836,1.0483919586344743,2.3164556962025316,2.1067773044756364,31449.99999983338,3.4639812838011355,1145000.0,
0.7974683544303798,1.0655787120547116,2.354430379746836,2.1413146373358933,31459.999999833235,3.65111933731862,1146000.0,
0.8354430379746836,1.0862028161589963,2.3999999999999995,2.1827594367682,31469.99999983309,3.5104518556865303,1147000.0,
0.8987341772151899,1.0621413613706643,2.3468354430379743,2.134407170763842,31479.999999832944,3.237027711930031,1148000.0,
0.7848101265822784,0.9590208408492403,2.1189873417721516,1.9271831736023042,31489.9999998328,3.5761684907393403,1149000.0,
0.8734177215189873,1.144637777787803,2.529113924050632,2.300186368493072,31499.999999832653,3.426466441217174,1150000.0,
0.8354430379746836,1.2511956489932743,2.7645569620253156,2.514317832226661,31509.999999832507,3.7103675192305547,1151000.0,
0.8227848101265823,0.8215268134873419,1.8151898734177212,1.6508845107202532,31519.999999832362,3.2458525886807292,1152000.0,
0.8481012658227848,1.0071437504259046,2.2253164556962024,2.0238877056110214,31529.999999832216,3.3684202430207946,1153000.0,
0.8987341772151899,1.0930775175270913,2.4151898734177215,2.196574369912303,31539.99999983207,3.274829913850513,1154000.0,
0.7848101265822784,0.9212099833247184,2.035443037974683,1.85120104130974,31549.999999831925,3.53186110776449,1155000.0,
0.9113924050632911,1.0449546079504268,2.3088607594936708,2.0998698379035856,31559.99999983178,3.177655750372622,1156000.0,
0.8607594936708861,1.1790112846282774,2.60506329113924,2.3692610342135847,31569.999999831634,3.520907227711447,1157000.0,
0.810126582278481,1.0346425558982841,2.2860759493670884,2.0791474381874315,31579.99999983149,3.563383779917318,1158000.0,
0.9113924050632911,1.302755909253986,2.878481012658228,2.6179298308074306,31589.999999831343,3.4621877337473363,1159000.0,
0.9113924050632911,1.1858859859963724,2.6202531645569622,2.383075967357687,31599.999999831198,3.3345110123952244,1160000.0,
0.8354430379746836,1.227134194204942,2.7113924050632905,2.465965566222303,31609.999999831052,3.687627293044433,1161000.0,
0.810126582278481,1.0896401668430433,2.407594936708861,2.1896669033402523,31619.999999830907,3.6337714559272185,1162000.0,
0.8354430379746836,1.082765465474949,2.3924050632911387,2.175851970196149,31629.99999983076,3.5160344207766965,1163000.0,
0.7974683544303798,0.9968316983737624,2.2025316455696204,2.0031653058948677,31639.999999830616,3.5763413360359935,1164000.0,
0.8734177215189873,1.1755739339442302,2.5974683544303794,2.362353567641533,31649.99999983047,3.4705817504396235,1165000.0,
0.8987341772151899,1.038079906582332,2.293670886075949,2.086054904759483,31659.999999830325,3.2203959523766685,1166000.0,
0.810126582278481,1.0483919586344743,2.316455696202532,2.106777304475637,31669.99999983018,3.5859806989197205,1167000.0,
0.8354430379746836,0.9487087887970982,2.0962025316455697,1.9064607738861492,31679.999999830034,3.3586029441471026,1168000.0,
0.8607594936708861,1.0655787120547118,2.354430379746835,2.1413146373358924,31689.999999829888,3.3961840919273487,1169000.0,
0.810126582278481,0.9074605805885285,2.0050632911392396,1.8235711750215344,31699.999999829743,3.4138935291442287,1170000.0,
0.8481012658227848,1.1480751284718504,2.536708860759493,2.3070938350651233,31709.999999829597,3.545339330567351,1171000.0,
0.8860759493670886,1.0724534134228068,2.3696202531645563,2.155129570479995,31719.99999982945,3.308623137987678,1172000.0,
0.8607594936708861,1.0758907641068538,2.3772151898734175,2.1620370370520474,31729.999999829306,3.4105172112231856,1173000.0,
0.8481012658227848,0.8765244244321015,1.9367088607594933,1.7614039758730724,31739.99999982916,3.2269437243115013,1174000.0,
0.8354430379746836,1.1033895695792337,2.4379746835443035,2.2172967696284567,31749.999999829015,3.547993575689295,1175000.0,
0.8734177215189873,0.9968316983737624,2.2025316455696196,2.0031653058948673,31759.99999982887,3.272311654641458,1176000.0,
0.810126582278481,1.1137016216313758,2.4607594936708863,2.2380191693446108,31769.999999828724,3.67284731418143,1177000.0,
0.7974683544303798,1.0449546079504268,2.3088607594936708,2.099869837903585,31779.99999982858,3.6455748258224756,1178000.0,
0.8607594936708861,0.9487087887970979,2.0962025316455692,1.9064607738861497,31789.999999828433,3.266291092848565,1179000.0,
0.7974683544303798,0.9452714381130507,2.088607594936709,1.8995533073140989,31799.999999828287,3.521845136661303,1180000.0,
0.8860759493670886,1.0758907641068538,2.3772151898734175,2.162037037052046,31809.999999828142,3.3176452909024565,1181000.0,
0.8227848101265823,1.055266660002569,2.3316455696202527,2.1205922376197397,31819.999999827996,3.5483979405989676,1182000.0,
0.7974683544303798,0.8455882682756742,1.8683544303797464,1.699236776724612,31829.99999982785,3.3987503681350413,1183000.0,
0.8227848101265823,1.099952218895186,2.4303797468354427,2.210389303056406,31839.999999827705,3.6039388506376686,1184000.0,
0.8607594936708861,1.2133847914687523,2.6810126582278477,2.438335699934097,31849.99999982756,3.5773117430111707,1185000.0,
0.8354430379746836,1.1171389723154235,2.4683544303797467,2.244926635916662,31859.999999827414,3.5711178607825156,1186000.0,
0.810126582278481,1.0105811011099521,2.232911392405063,2.0307951721830735,31869.99999982727,3.5518079216627063,1187000.0,
0.8734177215189873,0.9693328929013828,2.1417721518987336,1.9479055733184574,31879.999999827123,3.247784036781676,1188000.0,
0.8734177215189873,1.1721365832601829,2.5898734177215186,2.355446101069482,31889.999999826978,3.4805592764678304,1189000.0,
0.9113924050632911,1.0655787120547118,2.354430379746835,2.141314637335893,31899.999999826832,3.219173864597882,1190000.0,
0.8607594936708861,1.0758907641068536,2.3772151898734175,2.1620370370520465,31909.999999826687,3.4211054465171484,1191000.0,
0.8860759493670886,1.165261881892088,2.5746835443037965,2.34163116792538,31919.99999982654,3.424792695259986,1192000.0,
0.8354430379746836,1.0312052052142369,2.2784810126582276,2.07223997161538,31929.999999826396,3.4725001698583062,1193000.0,
0.810126582278481,1.0346425558982844,2.2860759493670884,2.0791474381874315,31939.99999982625,3.5858837799169905,1194000.0,
0.8481012658227848,1.069016062738759,2.3620253164556955,2.148222103907944,31949.999999826105,3.4664487903743924,1195000.0,
0.8354430379746836,0.8524629696437689,1.8835443037974684,1.7130517098687141,31959.99999982596,3.2603693121299924,1196000.0,
0.8987341772151899,1.00026904905781,2.210126582278481,2.0100727724669185,31969.999999825814,3.195789505271664,1197000.0,
0.8860759493670886,1.2752571037816063,2.8177215189873412,2.5626700982310204,31979.999999825668,3.5523587313923928,1198000.0,
0.7974683544303798,0.8593376710118641,1.8987341772151898,1.7268666430128168,31989.999999825523,3.4261504128358298,1199000.0,
0.7848101265822784,1.4711512949372416,2.4227848101265823,2.128554551139134,31999.999999825377,3.784265719151603,1200000.0,
0.8481012658227848,1.2128927604028046,1.9974683544303795,1.7548898023498192,32009.99999982523,3.639676538366275,1201000.0,
0.7468354430379747,0.9776930235946555,1.6101265822784812,1.4145879775595498,32019.999999825086,3.8189415061473913,1202000.0,
0.8481012658227848,1.3927513826678588,2.2936708860759496,2.015120609542378,32029.99999982494,3.8529426750668443,1203000.0,
0.8607594936708861,1.2682338749458977,2.0886075949367093,1.8349608199475291,32039.999999824795,3.652209942932986,1204000.0,
0.8987341772151899,1.4204219399394054,2.3392405063291135,2.0551561183412326,32049.99999982465,3.6677906092102757,1205000.0,
0.7848101265822784,1.0699282144998121,1.762025316455696,1.5480396735557338,32059.999999824504,3.754260144261308,1206000.0,
0.7848101265822784,1.2082810008575464,1.989873417721519,1.7482172175500101,32069.99999982436,3.931193533330025,1207000.0,
0.7848101265822784,1.0975987717713587,1.8075949367088606,1.588075182354589,32079.999999824213,3.7908081123976145,1208000.0,
0.8481012658227848,1.4111984208488901,2.3240506329113924,2.0418109487416145,32089.999999824067,3.8782757499369627,1209000.0,
0.8481012658227848,1.1529398863144522,1.8987341772151898,1.6681461999522995,32099.999999823922,3.574358970411274,1210000.0,
0.810126582278481,1.1252693290429059,1.853164556962025,1.6281106911534442,32109.999999823776,3.7083762030172283,1211000.0,
0.7721518987341772,1.2128927604028041,1.9974683544303795,1.754889802349819,32119.99999982363,4.004890624107114,1212000.0,
0.8354430379746836,1.3420220276700225,2.210126582278481,1.9417221767444763,32129.999999823485,3.856659699767328,1213000.0,
0.8354430379746836,1.1944457222217728,1.967088607594936,1.7281994631505824,32139.99999982334,3.6806213947610806,1214000.0,
0.7341772151898734,1.2267280390385775,2.0202531645569617,1.7749075567492463,32149.999999823194,4.23295370832342,1215000.0,
0.8481012658227848,1.3327985085795069,2.194936708860759,1.9283770071448578,32159.99999982305,3.790013166813301,1216000.0,
0.8734177215189873,1.2543985963101245,2.065822784810127,1.8149430655481016,32169.999999822903,3.5909752044523096,1217000.0,
0.7721518987341772,1.2912926726721867,2.1265822784810124,1.8683237439465756,32179.999999822758,4.110359362947732,1218000.0,
0.8860759493670886,1.5587747262971396,2.5670886075949366,2.255333662335509,32189.999999822612,3.884328619659749,1219000.0,
0.8354430379746836,1.1252693290429059,1.853164556962025,1.6281106911534442,32199.999999822467,3.601455712016626,1220000.0,
0.8227848101265823,1.4480924972109521,2.3848101265822783,2.0951916271400886,32209.99999982232,4.049832419667268,1221000.0,
0.7848101265822784,1.1483281267691945,1.8911392405063288,1.6614736151524903,32219.999999822176,3.8644793873140806,1222000.0,
0.7974683544303798,1.1344928481334215,1.8683544303797464,1.6414558607530625,32229.99999982203,3.7864243650991485,1223000.0,
0.8354430379746836,1.2267280390385777,2.0202531645569617,1.774907556749247,32239.999999821885,3.7253229557992893,1224000.0,
0.8607594936708861,1.2543985963101243,2.065822784810126,1.8149430655481018,32249.99999982174,3.648489545694187,1225000.0,
0.8607594936708861,1.3005161917627026,2.141772151898734,1.8816689135461941,32259.999999821594,3.7026555757052617,1226000.0,
0.8607594936708861,1.2221162794933196,2.0126582278481004,1.7682349719494372,32269.999999821448,3.612161559980529,1227000.0,
0.8354430379746836,1.2175045199480616,2.00506329113924,1.7615623871496282,32279.999999821302,3.7167069253727267,1228000.0,
0.810126582278481,1.3327985085795069,2.194936708860759,1.9283770071448583,32289.999999821157,3.9757950340075565,1229000.0,
0.7974683544303798,1.2359515581290932,2.0354430379746833,1.788252726348865,32299.99999982101,3.918094810966672,1230000.0,
0.810126582278481,1.3835278635773434,2.278481012658227,2.00177543994276,32309.999999820866,4.039664081582993,1231000.0,
0.810126582278481,1.3097397108532178,2.1569620253164556,1.8950140831458118,32319.99999982072,3.9492068305641412,1232000.0,
0.8987341772151899,1.314351470398476,2.164556962025316,1.9016866679456215,32329.999999820575,3.5655431853546453,1233000.0,
0.8481012658227848,1.3927513826678586,2.2936708860759496,2.015120609542378,32339.99999982043,3.871450137753141,1234000.0,
0.7721518987341772,1.268233874945898,2.088607594936709,1.8349608199475296,32349.999999820284,4.0916438708102465,1235000.0,
0.8481012658227848,1.1114340504071327,1.830379746835443,1.6080929367540164,32359.99999982014,3.5409416415054022,1236000.0,
0.7721518987341772,1.2728456344911558,2.0962025316455692,1.8416334047473384,32369.999999819993,4.0989279528442495,1237000.0,
0.8734177215189873,1.309739710853218,2.1569620253164556,1.8950140831458124,32379.999999819847,3.6665106834217616,1238000.0,
0.810126582278481,1.3281867490342494,2.187341772151899,1.921704422345049,32389.9999998197,3.9763523933187876,1239000.0,
0.8860759493670886,1.5449394476613665,2.5443037974683542,2.2353159079360814,32399.999999819556,3.8807145194849153,1240000.0,
0.8987341772151899,1.143716367223937,1.8835443037974682,1.654801030352681,32409.99999981941,3.3801886339350222,1241000.0,
0.8481012658227848,1.1806104435859994,1.9443037974683544,1.7081817087511548,32419.999999819265,3.6260899259998354,1242000.0,
0.8481012658227848,1.2728456344911556,2.0962025316455697,1.8416334047473388,32429.99999981912,3.735441867514861,1243000.0,
0.7974683544303798,1.2036692413122885,1.9822784810126577,1.7415446327502009,32439.999999818974,3.886502699402613,1244000.0,
0.8354430379746836,1.2590103558553822,2.0734177215189873,1.8216156503479115,32449.99999981883,3.776691183504067,1245000.0,
0.8481012658227848,1.2820691535816713,2.1113924050632913,1.8549785743469571,32459.999999818683,3.748108404949921,1246000.0,
0.8227848101265823,1.2774573940364136,2.1037974683544305,1.8483059895471476,32469.999999818538,3.8584451404241347,1247000.0,
0.8481012658227848,1.3927513826678588,2.2936708860759496,2.015120609542378,32479.999999818392,3.8798083467082445,1248000.0,
0.8607594936708861,1.4388689781204367,2.369620253164557,2.0818464575404696,32489.999999818247,3.876918371620668,1249000.0,
0.8860759493670886,1.3005161917627024,2.1417721518987345,1.8816689135461941,32499.9999998181,3.610579702113483,1250000.0,
0.7974683544303798,1.1852222031312574,1.9518987341772152,1.7148542935509636,32509.999999817956,3.8678151435882393,1251000.0,
0.7848101265822784,1.2175045199480619,2.0050632911392405,1.7615623871496282,32519.99999981781,3.9719783399126785,1252000.0,
0.8481012658227848,1.3420220276700228,2.210126582278481,1.941722176744477,32529.999999817665,3.822978211710752,1253000.0,
0.8481012658227848,1.2820691535816713,2.111392405063291,1.8549785743469571,32539.99999981752,3.7528845243528366,1254000.0,
0.7848101265822784,1.2359515581290932,2.0354430379746833,1.7882527263488655,32549.999999817373,3.9974189208207385,1255000.0,
0.8734177215189873,1.3097397108532178,2.156962025316455,1.8950140831458122,32559.999999817228,3.676945466030305,1256000.0,
0.7848101265822784,0.9361871876873357,1.541772151898734,1.354534714361267,32569.999999817082,3.6167514165481576,1257000.0,
0.8354430379746836,1.1898339626765149,1.9594936708860757,1.7215268783507731,32579.999999816937,3.701767925001975,1258000.0,
0.8227848101265823,1.240563317674351,2.0430379746835445,1.7949253111486743,32589.99999981679,3.8209892629993663,1259000.0,
0.7974683544303798,0.945271438113051,2.088607594936709,1.8995533073140984,32599.999999816646,3.977623430466832,1260000.0,
0.8481012658227848,1.1412004271037555,2.521518987341772,2.293278901921021,32609.9999998165,3.590964682684785,1261000.0,
0.8227848101265823,1.151512479155898,2.5443037974683542,2.314001301637174,32619.999999816355,3.714604397723066,1262000.0,
0.8734177215189873,1.1205763229994703,2.4759493670886075,2.2518341024887127,32629.99999981621,3.4644250654440714,1263000.0,
0.8734177215189873,0.9555834901651927,2.1113924050632904,1.9202757070302523,32639.999999816064,3.276099937996122,1264000.0,
0.8354430379746836,0.9830822956375724,2.172151898734177,1.9755354396066622,32649.99999981592,3.458534869000755,1265000.0,
0.8607594936708861,0.9590208408492403,2.118987341772152,1.9271831736023042,32659.999999815773,3.329447741555456,1266000.0,
0.8354430379746836,1.0105811011099524,2.232911392405063,2.0307951721830726,32669.999999815627,3.492662227066162,1267000.0,
0.8860759493670886,1.2374462462570843,2.7341772151898733,2.4866879659384558,32679.99999981548,3.5496864778998503,1268000.0,
0.8354430379746836,0.9555834901651931,2.111392405063291,1.9202757070302523,32689.999999815336,3.4280438745716597,1269000.0,
0.810126582278481,1.0208931531620946,2.2556962025316456,2.0515175718992262,32699.99999981519,3.616411860913815,1270000.0,
0.8354430379746836,1.017455802478047,2.2481012658227844,2.0446101053271755,32709.999999815045,3.503315278703694,1271000.0,
0.8227848101265823,0.9487087887970979,2.0962025316455697,1.9064607738861492,32719.9999998149,3.474273758671512,1272000.0,
0.8734177215189873,0.9693328929013828,2.141772151898734,1.9479055733184572,32729.999999814754,3.2970593990998,1273000.0,
0.8354430379746836,0.941834087429003,2.0810126582278476,1.892645840742047,32739.99999981461,3.4146165591752666,1274000.0,
0.8734177215189873,1.234008895573037,2.7265822784810125,2.479780499366405,32749.999999814463,3.601253663028199,1275000.0,
0.8227848101265823,1.093077517527091,2.4151898734177215,2.196574369912303,32759.999999814318,3.652198828974083,1276000.0,
0.8987341772151899,1.106826920263281,2.4455696202531643,2.224204236200508,32769.99999981432,3.3594243197518985,1277000.0,
0.9240506329113924,1.1205763229994707,2.475949367088608,2.251834102488713,32779.9999998149,3.2828127331307684,1278000.0,
0.9113924050632911,1.1137016216313755,2.4607594936708854,2.2380191693446108,32789.99999981548,3.321419834867623,1279000.0,
0.8481012658227848,1.1102642709473283,2.453164556962025,2.2311117027725595,32799.999999816064,3.5658310060661416,1280000.0,
0.8481012658227848,1.0655787120547116,2.3544303797468347,2.141314637335893,32809.999999816646,3.513739078416673,1281000.0,
0.8481012658227848,1.1618245312080409,2.567088607594936,2.334723701353328,32819.99999981723,3.6278199696572004,1282000.0,
0.8607594936708861,1.2340088955730366,2.7265822784810125,2.479780499366405,32829.99999981781,3.658919158115727,1283000.0,
0.8860759493670886,1.2821318051497015,2.8329113924050633,2.5764850313751224,32839.99999981839,3.6092601801204043,1284000.0,
0.8734177215189873,1.3130679613061285,2.90126582278481,2.638652230523584,32849.999999818974,3.697567665866498,1285000.0,
0.7468354430379747,0.9108979312725758,2.0126582278481004,1.830478641593586,32859.999999819556,3.7864531622396616,1286000.0,
0.7848101265822784,0.9658955422173354,2.1341772151898732,1.9409981067464064,32869.99999982014,3.6739604489802957,1287000.0,
0.8607594936708861,1.137763076419708,2.5139240506329115,2.2863714353489692,32879.99999982072,3.5500453388054134,1288000.0,
0.9113924050632911,1.1412004271037555,2.521518987341772,2.2932789019210205,32889.9999998213,3.3571476908723636,1289000.0,
0.8734177215189873,1.2443209476251795,2.749367088607594,2.5005028990825586,32899.999999821885,3.621755867594276,1290000.0,
0.8607594936708861,1.0896401668430435,2.4075949367088607,2.1896669033402523,32909.99999982247,3.4959025467973324,1291000.0,
0.8481012658227848,1.0380799065823318,2.2936708860759487,2.0860549047594827,32919.99999982305,3.4878822779346974,1292000.0,
0.8227848101265823,0.8902738271682913,1.967088607594936,1.789033842161278,32929.99999982363,3.4161758822756587,1293000.0,
0.7848101265822784,0.9452714381130505,2.0886075949367084,1.8995533073140989,32939.99999982421,3.652197477621873,1294000.0,
0.8734177215189873,1.2099474407847048,2.6734177215189874,2.431428233362047,32949.999999824795,3.5852992438205673,1295000.0,
0.8354430379746836,0.9349593860609083,2.065822784810127,1.8788309075979448,32959.99999982538,3.419721083340024,1296000.0,
0.8354430379746836,1.0930775175270915,2.4151898734177215,2.196574369912303,32969.99999982596,3.6095897558526118,1297000.0,
0.8607594936708861,1.0174558024780471,2.2481012658227844,2.0446101053271755,32979.99999982654,3.416158947020591,1298000.0,
0.8227848101265823,1.124013673683518,2.483544303797468,2.2587415690607644,32989.99999982712,3.7039520034251496,1299000.0,
0.8227848101265823,1.055266660002569,2.331645569620253,2.1205922376197393,32999.999999827705,3.6210133252591095,1300000.0,
0.8987341772151899,1.1618245312080404,2.567088607594936,2.334723701353328,33009.99999982829,3.4341399713672764,1301000.0,
0.8607594936708861,1.0827654654749488,2.3924050632911387,2.175851970196149,33019.99999982887,3.4943863496200693,1302000.0,
0.7848101265822784,0.9796449449535252,2.1645569620253164,1.9686279730346115,33029.99999982945,3.7018024298866865,1303000.0,
0.8227848101265823,1.055266660002569,2.3316455696202527,2.1205922376197393,33039.99999983003,3.6234748637207908,1304000.0,
0.7848101265822784,0.9830822956375727,2.1721518987341772,1.9755354396066627,33049.999999830616,3.7074726025325644,1305000.0,
0.7974683544303798,0.9280846846928132,2.050632911392405,1.8650159744538424,33059.9999998312,3.580293493529926,1306000.0,
0.8227848101265823,1.1618245312080404,2.5670886075949366,2.334723701353328,33069.99999983178,3.7548298148783172,1307000.0,
0.810126582278481,1.2340088955730373,2.7265822784810125,2.479780499366405,33079.99999983236,3.90322660549887,1308000.0,
0.9367088607594937,1.2408835969411318,2.7417721518987337,2.4935954325105074,33089.999999832944,3.3836432994595875,1309000.0,
0.8860759493670886,1.082765465474949,2.392405063291139,2.175851970196149,33099.999999833526,3.3991181682026195,1310000.0,
0.8860759493670886,1.165261881892088,2.5746835443037974,2.3416311679253794,33109.99999983411,3.4927926953019957,1311000.0,
0.8354430379746836,1.1824486353123251,2.612658227848101,2.376168500785636,33119.99999983469,3.725655184717284,1312000.0,
0.8860759493670886,1.1721365832601824,2.589873417721519,2.355446101069482,33129.99999983527,3.5016941439889115,1313000.0,
0.8481012658227848,1.0518293093185214,2.324050632911392,2.113684771047688,33139.999999835854,3.5172285886244015,1314000.0,
0.8354430379746836,1.0965148682111385,2.4227848101265823,2.203481836484354,33149.99999983644,3.6246132513690004,1315000.0,
0.8607594936708861,1.0380799065823318,2.293670886075949,2.0860549047594827,33159.99999983702,3.450707538554126,1316000.0,
0.9113924050632911,1.1033895695792335,2.437974683544304,2.2172967696284567,33169.9999998376,3.331216333311641,1317000.0,
0.8860759493670886,1.062141361370664,2.3468354430379743,2.1344071707638417,33179.99999983818,3.3804138221423363,1318000.0,
0.8354430379746836,0.9762075942694776,2.156962025316455,1.96172050646256,33189.999999838765,3.4830333325601837,1319000.0,
0.7848101265822784,1.4711512949372412,2.422784810126582,2.1285545511391337,33199.99999983935,3.861685074038155,1320000.0,
0.7341772151898734,1.0883752526808432,1.7924050632911392,1.5747300127549706,33209.99999983993,4.117611120059907,1321000.0,
0.7721518987341772,1.1575516458597106,1.9063291139240501,1.6748187847521085,33219.99999984051,4.00535049220668,1322000.0,
0.8227848101265823,1.2912926726721867,2.126582278481012,1.868323743946576,33229.99999984109,3.9220295560430065,1323000.0,
0.8481012658227848,1.2497868367648663,2.0582278481012652,1.8082704807482926,33239.999999841675,3.756611344867454,1324000.0,
0.6962025316455697,1.1344928481334215,1.8683544303797468,1.6414558607530625,33249.99999984226,4.411358818258866,1325000.0,
0.810126582278481,1.0422576572282656,1.7164556962025315,1.5080041647568787,33259.99999984284,3.677783670667697,1326000.0,
0.8607594936708861,1.2497868367648666,2.0582278481012657,1.808270480748293,33269.99999984342,3.7031317662665653,1327000.0,
0.8481012658227848,1.1344928481334213,1.8683544303797461,1.6414558607530625,33279.999999844,3.623055746332009,1328000.0,
0.8227848101265823,1.1806104435859994,1.944303797468354,1.7081817087511548,33289.999999844586,3.7912003853077016,1329000.0,
0.7088607594936709,1.11604580995239,1.8379746835443034,1.6147655215538257,33299.99999984517,4.310132481927639,1330000.0,
0.8481012658227848,1.3512455467605382,2.225316455696202,1.9550673463440948,33309.99999984575,3.8804208685939376,1331000.0,
0.8481012658227848,1.3927513826678586,2.29367088607595,2.015120609542378,33319.99999984633,3.9299576004846934,1332000.0,
0.810126582278481,1.2221162794933198,2.0126582278481004,1.7682349719494372,33329.999999846914,3.904171657526379,1333000.0,
0.825,1.238718613856248,2.04,1.7922562772287507,33339.999999847496,3.825110441063911,1334000.0,
0.8625,1.2296103887543637,2.025,1.7790779222491273,33349.99999984808,3.6488207406097057,1335000.0,
0.8,1.1704069255921166,1.9274999999999998,1.6934186148815766,33359.99999984866,3.8605055320170667,1336000.0,
0.7875,1.2797056268147267,2.1074999999999995,1.8515588746370546,33369.99999984924,4.061210319792117,1337000.0,
0.875,1.1112034624298694,1.8299999999999996,1.607759307514026,33379.999999849824,3.4630868142302447,1338000.0,
0.8625,1.4208831158939315,2.34,2.0558233768212135,33389.999999850406,3.8729050619310783,1339000.0,
0.75,1.0611082243695065,1.7475,1.5352783551260984,33399.99999985099,3.9748076325215465,1340000.0,
0.825,1.2341645013053058,2.0324999999999998,1.7856670997389386,33409.99999985157,3.8238327288811975,1341000.0,
0.8375,1.1931774883468271,1.9649999999999999,1.7263645023306347,33419.99999985215,3.718417896559449,1342000.0,
0.8,1.2068398259996531,1.9875,1.746132034800069,33429.999999852735,3.910421657526742,1343000.0,
0.7875,1.2751515142637846,2.1,1.8449696971472431,33439.99999985332,4.059871764172132,1344000.0,
0.8125,1.2751515142637846,2.1,1.8449696971472431,33449.9999998539,3.9355680175822565,1345000.0,
0.775,1.1840692632449428,1.95,1.7131861473510113,33459.99999985448,4.009118404215188,1346000.0,
0.8625,1.361679652731684,2.2425,1.9701640694536633,33469.99999985506,3.808901046670772,1347000.0,
0.9,1.2341645013053058,2.0324999999999998,1.785667099738939,33479.999999855645,3.509068890363546,1348000.0,
0.825,1.1749610381430586,1.9349999999999998,1.700007792371388,33489.99999985623,3.7569194401999684,1349000.0,
0.8375,1.3115844146713214,2.16,1.8976831170657356,33499.99999985681,3.8645754205292717,1350000.0,
0.8,1.247826838958132,2.0549999999999997,1.8054346322083734,33509.99999985739,3.9666554237251312,1351000.0,
0.85,1.0611082243695065,1.7474999999999998,1.5352783551260987,33519.99999985797,3.514242028695893,1352000.0,
0.775,1.2705974017128423,2.0925,1.8383805196574314,33529.999999858555,4.125283744174031,1353000.0,
0.9125,1.4664242414033521,2.415,2.1217151517193296,33539.99999985914,3.7188183467675757,1354000.0,
0.85,1.402666665690163,2.3099999999999996,2.029466666861967,33549.99999985972,3.9178401949555917,1355000.0,
0.7875,1.256935064060016,2.0699999999999994,1.8186129871879966,33559.9999998603,4.044358811532869,1356000.0,
0.8625,1.1886233757958848,1.9575000000000002,1.719775324840823,33569.999999860884,3.614053189354241,1357000.0,
0.7625,1.1476363628374062,1.89,1.6604727274325188,33579.999999861466,4.03492965620929,1358000.0,
0.875,1.4345454535467579,2.3625,2.0755909092906486,33589.99999986205,3.8446205183645303,1359000.0,
0.775,1.1066493498789274,1.8224999999999998,1.6011701300242145,33599.99999986263,3.918253999872468,1360000.0,
0.825,1.3161385272222632,2.1674999999999995,1.9042722945555475,33609.99999986321,3.935316396660034,1361000.0,
0.7875,1.0611082243695065,1.7475,1.5352783551260987,33619.999999863794,3.799499332561016,1362000.0,
0.775,1.1886233757958848,1.9575,1.7197753248408234,33629.999999864376,4.02596242041059,1363000.0,
0.8625,1.1795151506940007,1.9424999999999997,1.7065969698611998,33639.99999986496,3.607550899381278,1364000.0,
0.775,1.1977316008977692,1.9725000000000001,1.7329536798204461,33649.99999986554,4.039005291509871,1365000.0,
0.875,1.1840692632449428,1.95,1.7131861473510113,33659.99999986612,3.5623620151626887,1366000.0,
0.8875,1.138528137735522,1.875,1.6472943724528952,33669.999999866704,3.461437338318829,1367000.0,
0.85,1.2933679644675533,2.13,1.8713264071064892,33679.99999986729,3.7969005464588492,1368000.0,
0.85,1.2660432891619002,2.085,1.83179134216762,33689.99999986787,3.76534210492282,1369000.0,
0.8625,1.411774890792047,2.325,2.0426450218415906,33699.99999986845,3.8803158154371857,1370000.0,
0.8875,1.2523809515090742,2.0625,1.812023809698185,33709.99999986903,3.5919757200356393,1371000.0,
0.8,1.1840692632449428,1.95,1.7131861473510113,33719.999999869615,3.900083454084409,1372000.0,
0.925,1.5529523798712517,2.5574999999999997,2.2469095240257495,33729.9999998702,3.772378248533909,1373000.0,
0.8125,1.2933679644675529,2.13,1.8713264071064892,33739.99999987078,3.9758344178340868,1374000.0,
0.7,1.0110129863091433,1.6649999999999998,1.4627974027381712,33749.99999987136,4.212157837616879,1375000.0,
0.7875,1.0884328996751589,1.7924999999999998,1.574813420064968,33759.99999987194,3.843086221838552,1376000.0,
0.8,1.3161385272222632,2.1674999999999995,1.9042722945555475,33769.999999872525,4.068295034056241,1377000.0,
0.8375,1.2933679644675529,2.13,1.8713264071064892,33779.99999987311,3.85954085312276,1378000.0,
0.8625,1.2569350640600163,2.07,1.8186129871879966,33789.99999987369,3.7060087699510773,1379000.0,
0.9,0.9775825345430968,2.1599999999999997,1.9644834930913806,33799.99999987427,3.612868794104598,1380000.0,
0.875,1.0047376049470715,2.2199999999999998,2.0190524790105853,33809.99999987485,3.365982977108478,1381000.0,
0.7375,0.9029060909321656,1.9949999999999999,1.814418781813567,33819.999999875436,3.85614046231192,1382000.0,
0.825,0.9809769183435932,2.1674999999999995,1.971304616331281,33829.99999987602,3.542393234383634,1383000.0,
0.8375,0.964004999341109,2.13,1.9371990001317783,33839.9999998766,3.469853730583931,1384000.0,
0.775,0.8791454043286876,1.9424999999999997,1.7666709191342627,33849.99999987718,3.640829554002129,1385000.0,
0.875,1.062442129555518,2.3474999999999997,2.135011574088896,33859.999999877764,3.4347881480897255,1386000.0,
0.7625,1.0862028161589963,2.4,2.1827594367682006,33869.999999878346,3.9733774638452686,1387000.0,
0.8,1.0997803513609834,2.4299999999999997,2.210043929727803,33879.99999987893,3.804722314230042,1388000.0,
0.825,1.0963859675604866,2.4225000000000003,2.2032228064879025,33889.99999987951,3.6859193546467464,1389000.0,
0.9,1.2627107737848333,2.79,2.537457845243033,33899.99999988009,3.5641203042310465,1390000.0,
0.8375,1.09299158375999,2.415,2.196401683248002,33909.999999880674,3.6280466672037344,1391000.0,
0.825,1.0522589781540277,2.325,2.114548204369194,33919.99999988126,3.634250276578417,1392000.0,
0.8875,1.1269354217649585,2.4899999999999998,2.264612915647008,33929.99999988184,3.463023010465526,1393000.0,
0.875,1.269499541385827,2.8049999999999997,2.5511000917228346,33939.99999988242,3.675996618753202,1394000.0,
0.9,1.018315140149059,2.25,2.046336971970188,33949.999999883,3.295347377969237,1395000.0,
0.8375,1.1439073407674427,2.5275,2.2987185318465118,33959.999999883585,3.691826675571016,1396000.0,
0.8125,1.0284982915505496,2.2725,2.0668003416898904,33969.99999988417,3.663994820398599,1397000.0,
0.8625,1.1676680273709208,2.5799999999999996,2.346466394525815,33979.99999988475,3.613525249152767,1398000.0,
0.825,0.8214408797202409,1.815,1.6507118240559522,33989.99999988533,3.3587131875680134,1399000.0,
0.8,0.991160069745084,2.19,1.9917679860509832,33999.99999988591,3.6764469622106044,1400000.0,
0.7875,1.0386814429520403,2.2950000000000004,2.0872637114095918,34009.999999886495,3.795782784730754,1401000.0,
0.8875,1.0420758267525367,2.3024999999999998,2.0940848346494922,34019.99999988708,3.3724769879166137,1402000.0,
0.8125,1.1269354217649585,2.4899999999999998,2.264612915647008,34029.99999988766,3.78884051912424,1403000.0,
0.8,1.0760196647575058,2.3775,2.1622960670484987,34039.99999988824,3.7850214559762767,1404000.0,
0.8875,1.0726252809570087,2.37,2.1554749438085983,34049.99999988882,3.4085890489921735,1405000.0,
0.8625,1.0760196647575058,2.3775,2.1622960670484987,34059.999999889405,3.511903959166469,1406000.0,
0.8625,0.991160069745084,2.19,1.9917679860509832,34069.99999988999,3.4140957330651447,1407000.0,
0.75,0.9232723937351466,2.04,1.8553455212529706,34079.99999989057,3.836359858345039,1408000.0,
0.8125,1.2185837843783738,2.6925,2.448783243124325,34089.99999989115,3.905330811571736,1409000.0,
0.8625,1.0047376049470713,2.2199999999999998,2.0190524790105853,34099.999999891734,3.431576933299434,1410000.0,
0.8375,1.0488645943535306,2.3175,2.107727081129294,34109.999999892316,3.587298023137015,1411000.0,
0.8625,1.188034330173902,2.625,2.3873931339652197,34119.9999998929,3.645254295881334,1412000.0,
0.7875,1.1235410379644617,2.4825,2.257791792407107,34129.99999989348,3.911160048239034,1413000.0,
0.825,1.0895971999594931,2.4074999999999998,2.189580560008101,34139.99999989406,3.692842060585818,1414000.0,
0.8,1.0183151401490589,2.25,2.046336971970188,34149.999999894644,3.719765800216119,1415000.0,
0.8375,0.9504274641391216,2.1,1.9099145071721755,34159.999999895226,3.4727462258662527,1416000.0,
0.8875,1.0997803513609834,2.4299999999999997,2.2100439297278034,34169.99999989581,3.445946874799862,1417000.0,
0.8375,1.15748487596943,2.5574999999999997,2.3260030248061137,34179.99999989639,3.7211729862607204,1418000.0,
0.8,0.9029060909321656,1.9949999999999997,1.814418781813567,34189.99999989697,3.5780044886951474,1419000.0,
0.9,1.1608792597699273,2.565,2.332824148046014,34199.999999897555,3.4676408442154543,1420000.0,
0.825,1.0251039077500528,2.2649999999999997,2.0599792184499894,34209.99999989814,3.618910797301895,1421000.0,
0.8875,0.9707937669421028,2.145,1.9508412466115792,34219.99999989872,3.3034267796801604,1422000.0,
0.85,1.0081319887475684,2.2275,2.025873602250486,34229.9999998993,3.4936817514960437,1423000.0,
0.7875,0.8859341719296813,1.9575,1.7803131656140636,34239.99999989988,3.6164211707349576,1424000.0,
0.8625,1.0047376049470715,2.2199999999999998,2.0190524790105857,34249.999999900465,3.440272585473853,1425000.0,
0.825,0.9436386965381278,2.085,1.896272260692374,34259.99999990105,3.523195389772465,1426000.0,
0.8875,1.0251039077500526,2.2649999999999997,2.0599792184499894,34269.99999990163,3.367438205942803,1427000.0,
0.85,1.2830770765878143,2.835,2.578384584682437,34279.99999990221,3.8200877371906223,1428000.0,
0.8625,1.1540904921689334,2.55,2.319181901566213,34289.99999990279,3.615754193847162,1429000.0,
0.8375,1.137118573166449,2.5125,2.28507628536671,34299.999999903375,3.7040191918695182,1430000.0,
0.85,0.9673993831416059,2.1375,1.9440201233716785,34309.99999990396,3.450466921371656,1431000.0,
0.8125,0.991160069745084,2.19,1.991767986050983,34319.99999990454,3.6395785474085103,1432000.0,
0.9,1.194823097774896,2.6399999999999997,2.4010353804450206,34329.99999990512,3.512578441999173,1433000.0,
0.8375,1.1540904921689337,2.55,2.319181901566213,34339.9999999057,3.726672229484564,1434000.0,
0.8625,1.1099635027624744,2.4524999999999997,2.2305072994475053,34349.999999906286,3.568070727868861,1435000.0,
0.875,1.045470210553034,2.31,2.100905957889393,34359.99999990687,3.4439630978028357,1436000.0,
0.8875,1.1506961083684366,2.5424999999999995,2.3123607783263127,34369.99999990745,3.514584347484972,1437000.0,
0.8,0.9877656859445871,2.1825,1.9849468628110827,34379.99999990803,3.6959539824613654,1438000.0,
0.8875,1.1065691189619773,2.4450000000000003,2.2236861762076043,34389.999999908614,3.46599055660452,1439000.0,
0.8625,1.3616796527316843,2.2424999999999997,1.9701640694536628,34399.999999909196,3.460774789997827,1440000.0,
0.775,1.2614891766109582,2.0774999999999997,1.8252021646778083,34409.99999990978,4.1703053892071615,1441000.0,
0.7625,1.1886233757958848,1.9575,1.719775324840823,34419.99999991036,4.143765083043287,1442000.0,
0.775,1.1385281377355219,1.875,1.6472943724528957,34429.99999991094,4.01293630678732,1443000.0,
0.7125,1.138528137735522,1.875,1.6472943724528952,34439.999999911524,4.365650017909056,1444000.0,
0.85,1.3753419903845105,2.2649999999999997,1.989931601923098,34449.99999991211,3.9386346945990813,1445000.0,
0.825,1.457316016301468,2.4,2.108536796739706,34459.99999991269,4.157955777365099,1446000.0,
0.875,1.3343549774260317,2.1975,1.9306290045147936,34469.99999991327,3.7804028313723417,1447000.0,
0.925,1.5074112543618308,2.4825,2.181017749127634,34479.99999991385,3.7636851398774347,1448000.0,
0.8375,1.2341645013053058,2.0324999999999998,1.7856670997389386,34489.999999914435,3.8312382105434404,1449000.0,
0.8,1.1294199126336377,1.86,1.6341160174732725,34499.99999991502,3.8805217658231155,1450000.0,
0.875,1.402666665690163,2.31,2.029466666861967,34509.9999999156,3.860759046531482,1451000.0,
0.8375,1.2205021636524793,2.01,1.7658995672695041,34519.99999991618,3.8167160163312146,1452000.0,
0.7875,1.2205021636524793,2.0100000000000002,1.7658995672695041,34529.99999991676,4.059682112606249,1453000.0,
0.775,1.0565541118185644,1.7399999999999998,1.5286891776362868,34539.999999917345,3.914260144314239,1454000.0,
0.7375,1.1248658000826957,1.8524999999999998,1.6275268399834608,34549.99999991793,4.206594305230774,1455000.0,
0.7625,1.1248658000826957,1.8525000000000003,1.6275268399834608,34559.99999991851,4.069328918174065,1456000.0,
0.825,1.3161385272222634,2.1675,1.9042722945555475,34569.99999991909,3.9934982148452383,1457000.0,
0.8,1.13397402518458,1.8674999999999997,1.640705194963084,34579.99999991967,3.8912144065120846,1458000.0,
0.8625,1.3571255401807423,2.2350000000000003,1.9635748919638512,34589.999999920256,3.86854845241259,1459000.0,
0.875,1.3161385272222634,2.1675,1.9042722945555473,34599.99999992084,3.7670126025684674,1460000.0,
0.7875,1.0656623369204485,1.7549999999999997,1.5418675326159104,34609.99999992142,3.868139475486506,1461000.0,
0.8625,1.1612987004902322,1.9125,1.6802402599019537,34619.999999922,3.6432419716121,1462000.0,
0.8,1.3115844146713214,2.16,1.8976831170657356,34629.999999922584,4.1163523933706925,1463000.0,
0.8,1.2432727264071897,2.0475,1.798845454718562,34639.999999923166,4.031587783040564,1464000.0,
0.8,1.2296103887543637,2.025,1.7790779222491273,34649.99999992375,4.015134860974569,1465000.0,
0.8375,1.2614891766109584,2.0774999999999997,1.8252021646778083,34659.99999992433,3.874013942252273,1466000.0,
0.8,1.097541124777043,1.8075000000000003,1.5879917750445913,34669.99999992491,3.8512982810029905,1467000.0,
0.7875,1.1704069255921166,1.9274999999999998,1.6934186148815769,34679.999999925494,4.0055929214190416,1468000.0,
0.8625,1.2660432891619005,2.085,1.83179134216762,34689.999999926076,3.768742943985284,1469000.0,
0.7875,1.2797056268147267,2.1074999999999995,1.8515588746370546,34699.99999992666,4.145654764241478,1470000.0,
0.875,1.3890043280373368,2.2874999999999996,2.0096991343925326,34709.99999992724,3.85657351778606,1471000.0,
0.7875,1.202285713448711,1.9799999999999998,1.7395428573102578,34719.99999992782,4.04861360441169,1472000.0,
0.8375,1.1339740251845798,1.8674999999999997,1.640705194963084,34729.999999928405,3.7259361495046015,1473000.0,
0.8375,1.1840692632449428,1.95,1.7131861473510113,34739.99999992899,3.786348374054324,1474000.0,
0.8375,1.238718613856248,2.04,1.7922562772287507,34749.99999992957,3.8521983449335284,1475000.0,
0.8625,1.1704069255921163,1.9274999999999998,1.6934186148815769,34759.99999993015,3.661918174629249,1476000.0,
0.8375,1.3798961029354526,2.2725,1.9965207794129092,34769.99999993073,4.02196251099832,1477000.0,
0.7625,1.2705974017128425,2.0925,1.8383805196574314,34779.999999931315,4.274878559657066,1478000.0,
0.8875,1.297922077018495,2.1375,1.8779155845963007,34789.9999999319,3.704134734697682,1479000.0,
0.85,1.256935064060016,2.07,1.8186129871879966,34799.99999993248,3.8199206636302874,1480000.0,
0.8875,1.2888138519166108,2.1225,1.864737229616678,34809.99999993306,3.6949987064139354,1481000.0,
0.7875,1.193177488346827,1.9649999999999999,1.7263645023306347,34819.99999993364,4.043396810631889,1482000.0,
0.9,1.2660432891619002,2.085,1.83179134216762,34829.999999934225,3.6194897657641274,1483000.0,
0.875,1.4436536786486418,2.3775,2.0887692642702715,34839.99999993481,3.9264584899136983,1484000.0,
0.825,1.2068398259996533,1.9875,1.746132034800069,34849.99999993539,3.877984637606699,1485000.0,
0.7875,0.9427012980450122,1.5524999999999998,1.3639597403909973,34859.99999993597,3.7278714896138596,1486000.0,
0.8,1.1066493498789272,1.8225000000000002,1.6011701300242145,34869.999999936554,3.875183562381073,1487000.0,
0.825,1.2068398259996536,1.9875,1.746132034800069,34879.999999937136,3.8798028194249863,1488000.0,
0.825,1.3616796527316841,2.2424999999999997,1.9701640694536628,34889.99999993772,4.06809351849415,1489000.0,
0.8125,1.2797056268147264,2.1075,1.8515588746370546,34899.9999999383,4.030403848419378,1490000.0,
0.875,1.3024761895694372,2.145,1.8845047620861124,34909.99999993888,3.7691127881091258,1491000.0,
0.8875,1.2705974017128425,2.0925,1.8383805196574314,34919.999999939464,3.680670311818501,1492000.0,
0.85,1.1294199126336377,1.86,1.634116017473272,34929.999999940046,3.6775498972467577,1493000.0,
0.8375,1.1339740251845796,1.8674999999999997,1.640705194963084,34939.99999994063,3.738473462938167,1494000.0,
0.8625,1.1977316008977694,1.9725000000000001,1.7329536798204461,34949.99999994121,3.704613450346589,1495000.0,
0.875,1.2705974017128425,2.0925000000000002,1.8383805196574314,34959.99999994179,3.735537030558898,1496000.0,
0.85,1.2387186138562476,2.04,1.7922562772287507,34969.999999942374,3.8084895457440826,1497000.0,
0.825,1.2113939385505952,1.9949999999999999,1.752721212289881,34979.99999994296,3.8913835619113297,1498000.0,
0.85,1.2751515142637846,2.1,1.8449696971472431,34989.99999994354,3.852528252105959,1499000.0,
0.7875,0.9300611613361406,2.0549999999999997,1.8689877677327715,34999.99999994412,4.124221382837387,1500000.0,
0.9375,1.1405129569669459,2.52,2.291897408606611,35009.9999999447,3.3504111541261703,1501000.0,
0.875,1.0081319887475684,2.2275,2.025873602250486,35019.999999945285,3.439005130027356,1502000.0,
0.8375,0.8757510205281906,1.935,1.7598497958943617,35029.99999994587,3.4355206215577168,1503000.0,
0.8625,1.0624421295555182,2.3474999999999997,2.1350115740888964,35039.99999994645,3.5529734835732683,1504000.0,
0.8125,1.0454702105530338,2.31,2.100905957889393,35049.99999994703,3.751344874559371,1505000.0,
0.775,1.0047376049470715,2.2199999999999998,2.0190524790105853,35059.99999994761,3.880948522546524,1506000.0,
0.8625,0.8214408797202409,1.815,1.6507118240559517,35069.999999948195,3.2752908750687006,1507000.0,
0.8375,0.9945544535455809,2.1975,1.9985891092908836,35079.99999994878,3.5803605415786555,1508000.0,
0.775,0.9707937669421028,2.1449999999999996,1.9508412466115792,35089.99999994936,3.839085505766032,1509000.0,
0.8375,0.8587791015257062,1.8974999999999997,1.7257441796948583,35099.99999994994,3.4194347481221574,1510000.0,
0.825,0.9741881507425998,2.1525,1.9576623698514801,35109.99999995052,3.6117401827505815,1511000.0,
0.8,1.0115263725480652,2.235,2.0326947254903867,35119.999999951106,3.7719048407184053,1512000.0,
0.8875,1.1133578865629707,2.46,2.2373284226874057,35129.99999995169,3.515330013058771,1513000.0,
0.775,0.8995117071316688,1.9875,1.8075976585736662,35139.99999995227,3.75033446084953,1514000.0,
0.9125,1.1574848759694305,2.5575,2.3260030248061137,35149.99999995285,3.468473836708139,1515000.0,
0.85,1.1506961083684366,2.5424999999999995,2.3123607783263127,35159.999999953434,3.716110127523779,1516000.0,
0.85,0.9504274641391216,2.1,1.9099145071721757,35169.999999954016,3.4810881931363835,1517000.0,
0.775,0.9334555451366372,2.0625,1.8758088909726722,35179.9999999546,3.7967136066625433,1518000.0,
0.8125,0.991160069745084,2.19,1.991767986050983,35189.99999995518,3.6931170089500887,1519000.0,
0.875,1.0556533619545245,2.3325,2.121369327609095,35199.99999995576,3.503600985121619,1520000.0,
0.875,1.0963859675604866,2.4225,2.2032228064879025,35209.999999956344,3.5507239629570373,1521000.0,
0.775,0.9606106155406124,2.1225,1.9303778768918776,35219.999999956926,3.834333052345242,1522000.0,
0.8625,1.0454702105530338,2.3099999999999996,2.100905957889393,35229.99999995751,3.5443103890782757,1523000.0,
0.8125,1.0284982915505494,2.2725,2.06680034168989,35239.99999995809,3.7421486665569943,1524000.0,
0.7875,0.9606106155406124,2.1225,1.9303778768918776,35249.99999995867,3.7753753848478095,1525000.0,
0.9375,1.242344470981852,2.745,2.496531105803629,35259.999999959255,3.47236476907618,1526000.0,
0.8375,0.960610615540612,2.1225,1.9303778768918776,35269.99999995984,3.5511738693345767,1527000.0,
0.8125,0.9979488373460776,2.2049999999999996,2.0054102325307843,35279.99999996042,3.7070108767670185,1528000.0,
0.9125,1.0488645943535306,2.3175,2.1077270811292936,35289.999999961,3.357109144526777,1529000.0,
0.8125,1.0251039077500528,2.2649999999999997,2.0599792184499894,35299.99999996158,3.7416632711104443,1530000.0,
0.9125,1.1405129569669463,2.52,2.291897408606611,35309.999999962165,3.458641596705927,1531000.0,
0.7875,1.0217095239495557,2.2574999999999994,2.053158095210089,35319.99999996275,3.85740574473244,1532000.0,
0.8375,0.9741881507425998,2.1525,1.9576623698514801,35329.99999996333,3.5709679412177553,1533000.0,
0.85,1.0318926753510462,2.2800000000000002,2.073621464929791,35339.99999996391,3.5869296180921717,1534000.0,
0.8125,1.0726252809570087,2.37,2.1554749438085983,35349.99999996449,3.803228038134569,1535000.0,
0.8375,0.9843713021440903,2.175,1.978125739571182,35359.999999965075,3.5849179727420273,1536000.0,
0.7875,1.1031747351614805,2.4375,2.216865052967704,35369.99999996566,3.964028235160466,1537000.0,
0.8875,0.9809769183435935,2.1674999999999995,1.971304616331281,35379.99999996624,3.380252865770151,1538000.0,
0.8,0.9775825345430966,2.1599999999999997,1.9644834930913806,35389.99999996682,3.7463500432131767,1539000.0,
0.9125,0.9504274641391216,2.1,1.9099145071721757,35399.999999967404,3.2552602347031185,1540000.0,
0.8125,0.9130892423336562,2.0174999999999996,1.8348821515332687,35409.999999967986,3.6105682982906577,1541000.0,
0.825,0.991160069745084,2.19,1.9917679860509832,35419.99999996857,3.651100084572868,1542000.0,
0.875,1.0726252809570087,2.37,2.1554749438085983,35429.99999996915,3.5361403211252234,1543000.0,
0.9125,1.1303298055654554,2.4974999999999996,2.2714340388869085,35439.99999996973,3.4546052664033375,1544000.0,
0.85,1.1031747351614807,2.4375,2.216865052967704,35449.999999970314,3.677261453163647,1545000.0,
0.9,1.3136265307922859,2.9024999999999994,2.6397746938415425,35459.999999970896,3.7073600342443718,1546000.0,
0.8,0.9775825345430966,2.1599999999999997,1.9644834930913806,35469.99999997148,3.751350043213468,1547000.0,
0.85,0.9063004747326623,2.0025,1.8212399050534676,35479.99999997206,3.4474093820710223,1548000.0,
0.8875,1.0692308971565119,2.3625,2.1486538205686974,35489.99999997264,3.485891151756899,1549000.0,
0.8375,1.014920756348562,2.2424999999999997,2.039515848730287,35499.999999973224,3.6297531419418827,1550000.0,
0.9,1.1540904921689334,2.55,2.319181901566213,35509.99999997381,3.532875546885253,1551000.0,
0.85,1.1473017245679398,2.535,2.3055396550864122,35519.99999997439,3.73329320540678,1552000.0,
0.875,1.0488645943535306,2.3175,2.1077270811292936,35529.99999997497,3.514699536435866,1553000.0,
0.85,1.1710624111714178,2.5875,2.353287517765716,35539.99999997555,3.7624234249403523,1554000.0,
0.875,1.215189400577877,2.6849999999999996,2.441962119884425,35549.999999976135,3.7059278864066147,1555000.0,
0.7875,0.9164836261341531,2.025,1.8417032747731696,35559.99999997672,3.739023652269324,1556000.0,
0.8625,1.0895971999594931,2.4074999999999998,2.189580560008101,35569.9999999773,3.615182260855028,1557000.0,
0.85,0.9402443127376312,2.0774999999999997,1.8894511374524736,35579.99999997788,3.493225662077211,1558000.0,
0.8375,1.0013432211465745,2.2125,2.012231355770685,35589.99999997846,3.6189142939398224,1559000.0,
0.7875,1.4436536786486418,2.3775,2.0887692642702715,35599.999999979045,3.944148780680078,1560000.0,
0.8875,1.307030302120379,2.1525,1.8910939395759243,35609.99999997963,3.7605947066461574,1561000.0,
0.85,1.3753419903845105,2.2649999999999997,1.989931601923098,35619.99999998021,4.0074582240148535,1562000.0,
0.8625,1.2705974017128423,2.0925000000000002,1.8383805196574314,35629.99999998079,3.8285158281054903,1563000.0,
0.7625,1.0428917741657382,1.7175,1.5089216451668521,35639.99999998137,4.03264167107398,1564000.0,
0.7875,1.2250562762034216,2.0175,1.7724887447593154,35649.999999981956,4.136576223786188,1565000.0,
0.8625,1.3161385272222632,2.1674999999999995,1.9042722945555473,35659.99999998254,3.8830562634788337,1566000.0,
0.8125,1.3161385272222632,2.1674999999999995,1.9042722945555473,35669.99999998312,4.122628956616028,1567000.0,
0.8,1.238718613856248,2.04,1.7922562772287502,35679.9999999837,4.090895142355672,1568000.0,
0.85,1.3434632025279156,2.2125,1.9438073594944167,35689.999999984284,3.97407141477204,1569000.0,
0.8875,1.2523809515090742,2.0625,1.812023809698185,35699.999999984866,3.7040883960985025,1570000.0,
0.875,1.411774890792047,2.325,2.0426450218415906,35709.99999998545,3.939739875223341,1571000.0,
0.85,1.1658528130411745,1.9199999999999995,1.686829437391765,35719.99999998603,3.7668827212583293,1572000.0,
0.8125,1.3798961029354526,2.2725,1.9965207794129092,35729.99999998661,4.204792126724784,1573000.0,
0.8,1.2569350640600163,2.0699999999999994,1.818612987187997,35739.999999987194,4.1174157051105995,1574000.0,
0.7875,1.1749610381430586,1.935,1.700007792371388,35749.99999998778,4.079312429424192,1575000.0,
0.8375,1.3935584405882788,2.2949999999999995,2.0162883118823443,35759.99999998836,4.09738022760215,1576000.0,
0.825,1.1567445879392904,1.905,1.6736510824121418,35769.99999998894,3.8730207126882927,1577000.0,
0.825,1.138528137735522,1.875,1.6472943724528952,35779.99999998952,3.8515462275928507,1578000.0,
0.7625,1.1203116875317538,1.845,1.6209376624936493,35789.999999990105,4.144012049259492,1579000.0,
0.875,1.0884328996751589,1.7924999999999998,1.574813420064968,35799.99999999069,3.5753490282329112,1580000.0,
0.7625,1.1977316008977688,1.9725000000000001,1.7329536798204461,35809.99999999127,4.246857837280572,1581000.0,
0.825,1.307030302120379,2.1525,1.8910939395759239,35819.99999999185,4.058215517756455,1582000.0,
0.775,1.2705974017128425,2.0925,1.8383805196574314,35829.99999999243,4.2736708409568624,1583000.0,
0.825,1.147636362837406,1.89,1.6604727274325186,35839.999999993015,3.8662228640801946,1584000.0,
0.85,1.2888138519166108,2.1225,1.864737229616678,35849.9999999936,3.919189825818112,1585000.0,
0.85,1.398112553139221,2.3024999999999998,2.0228774893721555,35859.99999999418,4.048364768432981,1586000.0,
0.8,1.2705974017128425,2.0925,1.8383805196574314,35869.99999999476,4.1426186271771055,1587000.0,
0.7875,1.2250562762034214,2.0175,1.7724887447593154,35879.99999999534,4.151179398390211,1588000.0,
0.85,1.3707878778335687,2.2575,1.983342424433286,35889.999999995925,4.017982797485257,1589000.0,
0.775,1.1521904753883483,1.8974999999999997,1.66706190492233,35899.99999999651,4.1254038392481,1590000.0,
0.8875,1.3252467523241473,2.1824999999999997,1.9174506495351706,35909.99999999709,3.798021692792232,1591000.0,
0.7875,1.247826838958132,2.055,1.8054346322083739,35919.99999999767,4.182634081253484,1592000.0,
0.7875,1.1203116875317536,1.845,1.6209376624936493,35929.999999998254,4.021345000077169,1593000.0,
0.85,1.3798961029354526,2.2725,1.9965207794129092,35939.999999998836,4.031639532899409,1594000.0,
0.75,1.0793246745732747,1.7774999999999999,1.5616350650853452,35949.99999999942,4.169096232803132,1595000.0,
0.9375,1.4072207782411053,2.3175,2.036055844351779,35960.0,3.685566163488223,1596000.0,
0.775,1.1020952373279853,1.815,1.5945809525344028,35970.00000000058,4.06528095142854,1597000.0,
0.7375,1.0201212114110276,1.6800000000000002,1.4759757577177943,35980.000000001164,4.161516896868053,1598000.0,
0.775,1.2341645013053058,2.0324999999999998,1.785667099738939,35990.000000001746,4.236983227528383,1599000.0,
0.8125,1.2341645013053058,2.0324999999999998,1.7856670997389386,36000.00000000233,4.0420455401040325,1600000.0,
0.8518518518518519,1.4753075720582762,2.4296296296296296,2.1345681152179745,36010.00000000291,4.109271207812468,1601000.0,
0.8395061728395061,1.4393244605446593,2.3703703703703702,2.0825054782614383,36020.00000000349,4.1274276662714655,1602000.0,
0.8271604938271605,1.2459152361589712,2.051851851851852,1.8026688046200576,36030.000000004075,3.955804987033153,1603000.0,
0.8148148148148148,1.1064806790437072,1.8222222222222217,1.6009260864134807,36040.00000000466,3.8452232576498067,1604000.0,
0.8888888888888888,1.3763540153958311,2.2666666666666666,1.9913958635875006,36050.00000000524,3.828951045130716,1605000.0,
0.8148148148148148,1.1964384578277483,1.9703703703703703,1.7310826788048208,36060.00000000582,3.956838107369685,1606000.0,
0.8518518518518519,1.0704975675300905,1.7629629629629628,1.5488634494569447,36070.0000000064,3.6375377242361053,1607000.0,
0.8518518518518519,1.151459568435728,1.8962962962962966,1.6660043826091506,36080.000000006985,3.7331597832702923,1608000.0,
0.8271604938271605,1.4977970167542867,2.466666666666667,2.1671072633158093,36090.00000000757,4.263900871036653,1609000.0,
0.8024691358024691,1.1424637905573236,1.8814814814814815,1.652988723370017,36100.00000000815,3.9529133390385245,1610000.0,
0.8271604938271605,1.088489123286899,1.7925925925925925,1.5748947679352128,36110.00000000873,3.7702599849045084,1611000.0,
0.8888888888888888,1.2414173472197692,2.044444444444444,1.7961609750004905,36120.00000000931,3.681036182321762,1612000.0,
0.8024691358024691,1.4393244605446596,2.3703703703703702,2.0825054782614383,36130.000000009895,4.324693558561313,1613000.0,
0.7901234567901234,1.223425791462961,2.0148148148148146,1.7701296565222222,36140.00000001048,4.119645142357344,1614000.0,
0.8024691358024691,1.3493666817606185,2.2222222222222223,1.9523488858700981,36150.00000001106,4.213823095768963,1615000.0,
0.8888888888888888,1.2234257914629607,2.014814814814815,1.7701296565222224,36160.00000001164,3.6630179043177042,1616000.0,
0.8024691358024691,1.2414173472197692,2.0444444444444447,1.7961609750004905,36170.00000001222,4.080532386571977,1617000.0,
0.8641975308641975,1.371856126456629,2.259259259259259,1.9848880339679333,36180.000000012806,3.9405735177909498,1618000.0,
0.8518518518518519,1.1559574573749298,1.903703703703704,1.6725122122287173,36190.00000001339,3.744816725358713,1619000.0,
0.8148148148148148,0.9487512252252964,2.0962962962962965,1.906546051251237,36200.00000001397,4.059165275086561,1620000.0,
0.8765432098765432,1.170014761850277,2.5851851851851846,2.35118223281513,36210.00000001455,3.65649289735576,1621000.0,
0.8395061728395061,1.0292106930889255,2.2740740740740737,2.068231935456289,36220.000000015134,3.6506745020969382,1622000.0,
0.9259259259259259,1.2437692740586037,2.748148148148148,2.4993942933364273,36230.000000015716,3.542201482681841,1623000.0,
0.8395061728395061,1.0794978605036938,2.3851851851851853,2.1692856130844462,36240.0000000163,3.7117518632822457,1624000.0,
0.8888888888888888,1.2437692740586035,2.7481481481481476,2.4993942933364273,36250.00000001688,3.6909043222380933,1625000.0,
0.8271604938271605,1.0660879491930886,2.355555555555555,2.1423379657169375,36260.00000001746,3.7521331923438557,1626000.0,
0.7901234567901234,1.0727929048483915,2.3703703703703702,2.155811789400692,36270.000000018044,3.9371253952362526,1627000.0,
0.7407407407407407,0.9722185700188548,2.1481481481481484,1.9537044341443772,36280.00000001863,4.064491736232167,1628000.0,
0.8395061728395061,1.0929077718142988,2.4148148148148145,2.196233260451955,36290.00000001921,3.7306666105788726,1629000.0,
0.8148148148148148,0.9856284813294595,2.177777777777778,1.980652081511886,36300.00000001979,3.7126622271226313,1630000.0,
0.8395061728395061,1.0660879491930888,2.355555555555555,2.1423379657169375,36310.00000002037,3.699895939515441,1631000.0,
0.8518518518518519,1.0191532596059718,2.251851851851852,2.0480211999306572,36320.000000020955,3.59175672507965,1632000.0,
0.8518518518518519,1.0996127274696013,2.4296296296296296,2.2097070841357094,36330.00000002154,3.686788854021046,1633000.0,
0.8641975308641975,1.0962602496419498,2.422222222222222,2.202970172293832,36340.00000002212,3.6308125746202102,1634000.0,
0.8641975308641975,1.113022638780206,2.4592592592592593,2.236654731503218,36350.0000000227,3.650780482051654,1635000.0,
0.9012345679012346,1.20689201795444,2.6666666666666665,2.4252882630757786,36360.00000002328,3.6054527870785082,1636000.0,
0.7901234567901234,1.0057433482953668,2.222222222222222,2.021073552563149,36370.000000023865,3.858515800224195,1637000.0,
0.8395061728395061,1.0191532596059718,2.2518518518518515,2.0480211999306572,36380.00000002445,3.648106088683968,1638000.0,
0.8148148148148148,1.1063176831249038,2.4444444444444446,2.2231809078194638,36390.00000002503,3.866235338417358,1639000.0,
0.8395061728395061,1.0124483039506693,2.2370370370370374,2.034547376246903,36400.00000002561,3.641295773859338,1640000.0,
0.8395061728395061,1.012448303950669,2.237037037037037,2.0345473762469033,36410.00000002619,3.6418840091534896,1641000.0,
0.8765432098765432,1.1566048505396718,2.5555555555555554,2.324234585447621,36420.000000026776,3.6530252520584336,1642000.0,
0.8148148148148148,1.0929077718142985,2.4148148148148145,2.196233260451955,36430.00000002736,3.8522019624150894,1643000.0,
0.8395061728395061,1.1599573283673228,2.5629629629629624,2.3309714972894984,36440.00000002794,3.8193579941204887,1644000.0,
0.8641975308641975,1.0660879491930886,2.355555555555555,2.142337965716938,36450.00000002852,3.6021846269583224,1645000.0,
0.8024691358024691,1.1063176831249033,2.444444444444444,2.2231809078194638,36460.000000029104,3.93002357439326,1646000.0,
0.8888888888888888,1.156604850539672,2.5555555555555554,2.3242345854476207,36470.000000029686,3.605066568002229,1647000.0,
0.8641975308641975,0.9453987473976447,2.088888888888889,1.8998091394093601,36480.00000003027,3.464244264880837,1648000.0,
0.8395061728395061,1.1331375057461135,2.503703703703704,2.277076202554481,36490.00000003085,3.790352028939513,1649000.0,
0.8888888888888888,1.156604850539672,2.5555555555555554,2.324234585447621,36500.00000003143,3.606733234668992,1650000.0,
0.7901234567901234,1.0325631709165766,2.2814814814814817,2.074968847298166,36510.000000032014,3.901209638229673,1651000.0,
0.8271604938271605,0.9722185700188545,2.1481481481481484,1.9537044341443772,36520.000000032596,3.654171704089342,1652000.0,
0.8641975308641975,1.0694404270207403,2.362962962962963,2.1490748775588147,36530.00000003318,3.6106353513020144,1653000.0,
0.8641975308641975,1.1398424614014158,2.5185185185185186,2.2905500262382352,36540.00000003376,3.6926719910854,1654000.0,
0.7901234567901234,1.2270068849203475,2.7111111111111112,2.4657097341270413,36550.00000003434,4.149802463765841,1655000.0,
0.7901234567901234,0.9588086587082497,2.1185185185185182,1.9267567867768685,36560.000000034925,3.810989083716191,1656000.0,
0.7777777777777778,1.0359156487442278,2.2888888888888888,2.0817057591400436,36570.00000003551,3.971253453186552,1657000.0,
0.8148148148148148,0.9990383926400644,2.2074074074074073,2.0075997288793945,36580.00000003609,3.746089542519968,1658000.0,
0.7407407407407407,0.9688660921912036,2.1407407407407404,1.9469675223024998,36590.00000003667,4.0806325578327085,1659000.0,
0.9259259259259259,1.1465474170567183,2.5333333333333337,2.3040238499219896,36600.00000003725,3.4569352104542865,1660000.0,
0.8271604938271605,0.9386937917423426,2.0740740740740735,1.8863353157256053,36610.000000037835,3.6190148825911845,1661000.0,
0.8765432098765432,1.0962602496419498,2.4222222222222225,2.2029701722938317,36620.00000003842,3.595449017232111,1662000.0,
0.8395061728395061,1.0225057374336228,2.259259259259259,2.0547581117725344,36630.000000039,3.6668053637442313,1663000.0,
0.7901234567901234,0.9621611365359009,2.1259259259259258,1.9334936986187454,36640.00000003958,3.8202320634671025,1664000.0,
0.8641975308641975,1.1498998948843693,2.5407407407407407,2.3107607617638664,36650.00000004016,3.7105955926874694,1665000.0,
0.8395061728395061,1.0996127274696013,2.4296296296296296,2.2097070841357094,36660.000000040745,3.7604181018754264,1666000.0,
0.8518518518518519,1.0057433482953668,2.2222222222222223,2.0210735525631485,36670.00000004133,3.596304510353889,1667000.0,
0.8395061728395061,0.9722185700188547,2.1481481481481484,1.9537044341443772,36680.00000004191,3.6098456496179883,1668000.0,
0.8641975308641975,1.0727929048483913,2.3703703703703702,2.155811789400692,36690.00000004249,3.623657504217399,1669000.0,
0.8024691358024691,1.0493255600548326,2.318518518518519,2.108653406507552,36700.000000043074,3.8737718517991078,1670000.0,
0.8518518518518519,1.0895552939866473,2.407407407407407,2.1894963486100774,36710.000000043656,3.6970112871800196,1671000.0,
0.8024691358024691,1.1364899835737645,2.5111111111111106,2.2838131143963576,36720.00000004424,3.9836229026458487,1672000.0,
0.8765432098765432,1.0560305157101353,2.3333333333333335,2.1221272301913063,36730.00000004482,3.5557503066905425,1673000.0,
0.8395061728395061,0.9252838804317376,2.0444444444444443,1.859387668358097,36740.0000000454,3.557467563492363,1674000.0,
0.8518518518518519,1.0929077718142988,2.414814814814815,2.196233260451955,36750.000000045984,3.703265645209717,1675000.0,
0.8518518518518519,1.0660879491930886,2.355555555555555,2.1423379657169375,36760.000000046566,3.672361215755866,1676000.0,
0.8148148148148148,0.9286363582593888,2.051851851851852,1.866124580199974,36770.00000004715,3.6712021972958695,1677000.0,
0.7654320987654321,0.9688660921912033,2.140740740740741,1.9469675223024998,36780.00000004773,3.961257314032366,1678000.0,
0.9135802469135802,1.1230800722631598,2.481481481481481,2.2568654670288493,36790.00000004831,3.488233592646453,1679000.0,
0.8271604938271605,1.227923680402163,2.022222222222222,1.7766374861417895,36800.000000048894,3.601987197095155,1680000.0,
0.8888888888888888,1.4348265716054576,2.3629629629629627,2.0759976486418714,36810.00000004948,3.936954893091226,1681000.0,
0.8765432098765432,1.4483202384230638,2.385185185185185,2.0955211375005725,36820.00000005006,4.008362525560517,1682000.0,
0.8641975308641975,1.5607674619031153,2.5703703703703704,2.258216877989747,36830.00000005064,4.196313777381189,1683000.0,
0.7901234567901234,1.317881459186204,2.17037037037037,1.9067940785331294,36840.00000005122,4.282940596822121,1684000.0,
0.8024691358024691,1.4033413490310434,2.311111111111111,2.0304428413049025,36850.000000051805,4.324160758062308,1685000.0,
0.8148148148148148,1.2863962366117896,2.1185185185185182,1.8612392711961603,36860.00000005239,4.115725684365043,1686000.0,
0.8024691358024691,1.2459152361589712,2.051851851851852,1.8026688046200572,36870.00000005297,4.1292143712525675,1687000.0,
0.7160493827160493,1.034514456016474,1.7037037037037037,1.496800812500409,36880.00000005355,4.333025361032361,1688000.0,
0.9012345679012346,1.2684046808549814,2.0888888888888886,1.8352079527178924,36890.00000005413,3.7027476596136757,1689000.0,
0.8148148148148148,1.3448687928214162,2.214814814814815,1.9458410562505313,36900.000000054715,4.189911700319423,1690000.0,
0.8765432098765432,1.0615017896516865,1.7481481481481485,1.5358477902178107,36910.0000000553,3.5721330276667054,1691000.0,
0.7901234567901234,1.0390123449556763,1.7111111111111106,1.5033086421199757,36920.00000005588,3.9349968741244,1692000.0,
0.8148148148148148,1.1649532352533343,1.9185185185185183,1.6855278714678512,36930.00000005646,3.970924425122337,1693000.0,
0.7901234567901234,1.2009363467669507,1.9777777777777776,1.7375905084243877,36940.00000005704,4.141181938916867,1694000.0,
0.8024691358024691,1.1199743458613132,1.8444444444444446,1.6204495752721817,36950.000000057626,3.9771957233434643,1695000.0,
0.8395061728395061,1.1109785679829092,1.8296296296296295,1.6074339160330477,36960.00000005821,3.7916038824878937,1696000.0,
0.8271604938271605,1.1919405688885465,1.962962962962963,1.7245748491852537,36970.00000005879,3.9466714340676976,1697000.0,
0.8395061728395061,1.1244722348005156,1.8518518518518514,1.6269574048917488,36980.00000005937,3.808853691491287,1698000.0,
0.8395061728395061,1.169451124192536,1.9259259259259258,1.6920357010874185,36990.000000059954,3.8630197215024045,1699000.0,
0.8641975308641975,1.4932991278150844,2.4592592592592593,2.1605994336962424,37000.000000060536,4.127957562222747,1700000.0,
0.8395061728395061,1.1919405688885465,1.962962962962963,1.7245748491852537,37010.00000006112,3.8909850894491917,1701000.0,
0.8024691358024691,1.227923680402163,2.022222222222222,1.7766374861417897,37020.0000000617,4.116024894079235,1702000.0,
0.8641975308641975,1.583256906599126,2.607407407407407,2.290756026087582,37030.00000006228,4.233765849101523,1703000.0,
0.7901234567901234,1.2684046808549814,2.088888888888889,1.8352079527178926,37040.000000062864,4.232821549247395,1704000.0,
0.8271604938271605,1.1109785679829094,1.8296296296296295,1.6074339160330473,37050.000000063446,3.853568119540265,1705000.0,
0.8765432098765432,1.1334680126789198,1.866666666666667,1.6399730641308825,37060.00000006403,3.6626860426700976,1706000.0,
0.7283950617283951,0.9940334555636556,1.637037037037037,1.4382303459243058,37070.00000006461,4.216889998360048,1707000.0,
0.8395061728395061,1.2009363467669505,1.9777777777777776,1.7375905084243877,37080.00000006519,3.9058182954516485,1708000.0,
0.7901234567901234,1.2594089029765774,2.0740740740740735,1.8221922934787582,37090.000000065775,4.224561267870222,1709000.0,
0.8641975308641975,1.2774004587333858,2.1037037037037036,1.8482236119570263,37100.00000006636,3.883846245142828,1710000.0,
0.8888888888888888,1.4303286826662556,2.355555555555555,2.0694898190223046,37110.00000006694,3.948561434702261,1711000.0,
0.7777777777777778,1.304387792368598,2.1481481481481484,1.8872705896744284,37120.00000006752,4.35135255848341,1712000.0,
0.8024691358024691,1.17844690207094,1.9407407407407407,1.7050513603265527,37130.0000000681,4.061138447236106,1713000.0,
0.8518518518518519,1.4753075720582762,2.4296296296296296,2.1345681152179745,37140.000000068685,4.174778454193093,1714000.0,
0.7901234567901234,1.241417347219769,2.044444444444444,1.796160975000491,37150.00000006927,4.205540705115729,1715000.0,
0.8148148148148148,1.2684046808549814,2.0888888888888886,1.8352079527178924,37160.00000006985,4.111826956846381,1716000.0,
0.7530864197530864,0.9580503440500392,1.5777777777777777,1.38616770896777,37170.00000007043,4.037407833945299,1717000.0,
0.8641975308641975,1.4393244605446596,2.3703703703703702,2.0825054782614387,37180.00000007101,4.075786875810426,1718000.0,
0.8395061728395061,1.232421569341365,2.0296296296296297,1.7831453157613568,37190.000000071595,3.949793339989195,1719000.0,
0.8765432098765432,1.3493666817606185,2.2222222222222223,1.9523488858700986,37200.00000007218,3.9168802989468605,1720000.0,
0.8395061728395061,1.4123371269094473,2.3259259259259255,2.043458500544036,37210.00000007276,4.165280989445362,1721000.0,
0.8888888888888888,1.169451124192536,1.9259259259259258,1.6920357010874185,37220.00000007334,3.6611852925307935,1722000.0,
0.9012345679012346,1.344868792821417,2.2148148148148143,1.9458410562505313,37230.000000073924,3.8062215372761474,1723000.0,
0.8024691358024691,1.2504131250981732,2.0592592592592593,1.8091766342396245,37240.000000074506,4.157588663624282,1724000.0,
0.8518518518518519,1.4033413490310434,2.3111111111111113,2.0304428413049025,37250.00000007509,4.0966731778861325,1725000.0,
0.8765432098765432,1.3088856813078,2.1555555555555554,1.8937784192939955,37260.00000007567,3.874078030824828,1726000.0,
0.9135802469135802,1.5337801282679029,2.5259259259259257,2.219169900272345,37270.00000007625,3.9637295998963977,1727000.0,
0.8271604938271605,1.173949013131738,1.9333333333333333,1.6985435307069856,37280.000000076834,3.94342791143741,1728000.0,
0.7777777777777778,1.034514456016474,1.7037037037037037,1.4968008125004089,37290.000000077416,4.015166205396387,1729000.0,
0.7901234567901234,1.169451124192536,1.9259259259259258,1.6920357010874185,37300.000000078,4.123833454097433,1730000.0,
0.7901234567901234,1.2774004587333856,2.1037037037037036,1.8482236119570263,37310.00000007858,4.2610818306257325,1731000.0,
0.8765432098765432,1.2144300135845567,1.9999999999999996,1.7571139972830887,37320.00000007916,3.7696990296196344,1732000.0,
0.8024691358024691,1.0255186781380699,1.6888888888888887,1.483785153261275,37330.000000079744,3.8828740451050914,1733000.0,
0.8271604938271605,1.160455346314132,1.9111111111111112,1.679020041848285,37340.00000008033,3.930696762001408,1734000.0,
0.8641975308641975,1.533780128267903,2.5259259259259257,2.219169900272345,37350.00000008091,4.194799862747887,1735000.0,
0.8765432098765432,1.4393244605446596,2.3703703703703702,2.0825054782614383,37360.00000008149,4.028522271926362,1736000.0,
0.8271604938271605,1.3133835702470018,2.162962962962963,1.9002862489135621,37370.00000008207,4.117371181980056,1737000.0,
0.8765432098765432,1.2594089029765774,2.074074074074074,1.8221922934787582,37380.000000082655,3.8243932555459392,1738000.0,
0.8888888888888888,1.33137512600381,2.1925925925925926,1.9263175673918305,37390.00000008324,3.8527942390134706,1739000.0,
0.8148148148148148,0.9118739691211327,2.0148148148148146,1.8324400209905882,37400.00000008382,4.071171047138839,1740000.0,
0.8395061728395061,0.9118739691211326,2.0148148148148146,1.8324400209905882,37410.0000000844,3.5809057573746714,1741000.0,
0.8765432098765432,1.334286175405187,2.9481481481481477,2.681290913067111,37420.00000008498,3.9120701438096948,1742000.0,
0.7654320987654321,1.0526780378824838,2.3259259259259255,2.115390318349429,37430.000000085565,4.112689049534706,1743000.0,
0.8271604938271605,1.049325560054833,2.3185185185185184,2.1086534065075515,37440.00000008615,3.8023159756285727,1744000.0,
0.8765432098765432,0.9621611365359009,2.125925925925926,1.9334936986187454,37450.00000008673,3.489223268480045,1745000.0,
0.8765432098765432,1.1096701609525548,2.4518518518518517,2.229917819661341,37460.00000008731,3.658071592110345,1746000.0,
0.8518518518518519,1.1767197175055792,2.6,2.364656056498884,37470.00000008789,3.8433927118932143,1747000.0,
0.8888888888888888,1.351048564543443,2.985185185185185,2.714975472276496,37480.000000088476,3.879926857370849,1748000.0,
0.7901234567901234,1.0459730822271818,2.311111111111111,2.1019164946656748,37490.00000008906,3.979431557235723,1749000.0,
0.8271604938271605,1.1465474170567183,2.5333333333333328,2.3040238499219896,37500.00000008964,3.9234349370788215,1750000.0,
0.8765432098765432,1.1700147618502765,2.585185185185185,2.35118223281513,37510.00000009022,3.7297323339797406,1751000.0,
0.7777777777777778,1.0493255600548326,2.3185185185185184,2.1086534065075515,37520.000000090804,4.048812228049729,1752000.0,
0.8641975308641975,0.9588086587082497,2.1185185185185182,1.9267567867768685,37530.000000091386,3.539761447972315,1753000.0,
0.8148148148148148,0.7945372451533398,1.7555555555555558,1.5966481065248872,37540.00000009197,3.5532926796987376,1754000.0,
0.7654320987654321,0.9889809591571106,2.1851851851851847,1.987388993353763,37550.00000009255,4.03721383378104,1755000.0,
0.7283950617283951,1.022505737433623,2.259259259259259,2.0547581117725344,37560.00000009313,4.289199402285157,1756000.0,
0.8888888888888888,1.143194939229067,2.5259259259259257,2.2972869380801124,37570.000000093714,3.651091528892467,1757000.0,
0.8395061728395061,1.1700147618502768,2.585185185185185,2.3511822328151295,37580.0000000943,3.8983969957732048,1758000.0,
0.8641975308641975,1.2068920179544402,2.6666666666666665,2.4252882630757786,37590.00000009488,3.8302579065288214,1759000.0,
0.7777777777777778,0.9521037030529471,2.1037037037037036,1.913282963093114,37600.00000009546,3.9288920626983943,1760000.0,
0.8395061728395061,1.052678037882484,2.3259259259259255,2.1153903183494287,37610.00000009604,3.760392956929319,1761000.0,
0.8888888888888888,1.0593829935377863,2.34074074074074,2.1288641420331835,37620.000000096625,3.559580867767715,1762000.0,
0.8395061728395061,0.9923334369847621,2.1925925925925926,1.9941259051956404,37630.00000009721,3.6896883588012184,1763000.0,
0.8395061728395061,1.2169494514373942,2.688888888888889,2.4454989986014097,37640.00000009779,3.9578339054286524,1764000.0,
0.8518518518518519,1.1532523727120207,2.5481481481481483,2.3174976736057435,37650.00000009837,3.8262788723535577,1765000.0,
0.8271604938271605,0.9923334369847618,2.192592592592592,1.9941259051956404,37660.00000009895,3.7465493790819377,1766000.0,
0.8641975308641975,1.0962602496419496,2.422222222222222,2.2029701722938326,37670.000000099535,3.706812574624634,1767000.0,
0.8641975308641975,1.3376386532328377,2.955555555555555,2.6880278249089877,37680.00000010012,3.9866932987798376,1768000.0,
0.8148148148148148,1.0895552939866473,2.4074074074074074,2.1894963486100774,37690.0000001007,3.9244511941765077,1769000.0,
0.7901234567901234,1.0794978605036938,2.385185185185185,2.1692856130844462,37700.00000010128,4.034986354742697,1770000.0,
0.8395061728395061,0.9789235256741571,2.162962962962963,1.9671782578281316,37710.00000010186,3.678420670328566,1771000.0,
0.9259259259259259,1.183424673160882,2.6148148148148147,2.378129880182638,37720.000000102445,3.5564959803835934,1772000.0,
0.7777777777777778,1.066087949193089,2.355555555555555,2.1423379657169375,37730.00000010303,4.083697204561597,1773000.0,
0.8765432098765432,0.9722185700188547,2.1481481481481484,1.9537044341443772,37740.00000010361,3.5170352700601404,1774000.0,
0.9135802469135802,1.0627354713654378,2.348148148148148,2.1356010538750603,37750.00000010419,3.4740726105857505,1775000.0,
0.8641975308641975,0.9118739691211326,2.0148148148148146,1.8324400209905882,37760.000000104774,3.498594164307988,1776000.0,
0.8641975308641975,1.2437692740586037,2.748148148148148,2.4993942933364273,37770.000000105356,3.8832158743070955,1777000.0,
0.9135802469135802,1.190129628816184,2.6296296296296298,2.3916037038663926,37780.00000010594,3.6151391883359865,1778000.0,
0.8395061728395061,1.2068920179544402,2.6666666666666665,2.425288263075778,37790.00000010652,3.95467725672153,1779000.0,
0.9012345679012346,1.3409911310604892,2.962962962962963,2.694764736750865,37800.0000001071,3.833151802995292,1780000.0,
0.8271604938271605,0.9822760035018083,2.17037037037037,1.9739151696700086,37810.000000107684,3.7433456162150076,1781000.0,
0.8148148148148148,1.1901296288161842,2.6296296296296298,2.3916037038663926,37820.000000108266,4.055762120255641,1782000.0,
0.8518518518518519,1.1096701609525548,2.4518518518518517,2.229917819661341,37830.00000010885,3.7855519281147925,1783000.0,
0.8024691358024691,1.0627354713654378,2.348148148148148,2.1356010538750603,37840.00000010943,3.960636510513331,1784000.0,
0.8271604938271605,1.0560305157101353,2.3333333333333335,2.122127230191306,37850.00000011001,3.8348995787356612,1785000.0,
0.8271604938271605,1.0660879491930886,2.355555555555555,2.1423379657169375,37860.000000110595,3.8476555804091177,1786000.0,
0.8395061728395061,1.159957328367323,2.5629629629629624,2.330971497289498,37870.00000011118,3.9034756411842086,1787000.0,
0.8148148148148148,1.0225057374336228,2.259259259259259,2.0547581117725344,37880.00000011176,3.8536782535590723,1788000.0,
0.8518518518518519,1.1197275944355085,2.474074074074074,2.250128555186972,37890.00000011234,3.8008367413341135,1789000.0,
0.8641975308641975,1.2437692740586037,2.748148148148148,2.499394293336427,37900.00000011292,3.8906444457360982,1790000.0,
0.8518518518518519,1.2974089193010232,2.8666666666666667,2.6071848828064614,37910.000000113505,4.0105785864661625,1791000.0,
0.8395061728395061,1.1096701609525548,2.4518518518518517,2.229917819661341,37920.00000011409,3.8465159270579647,1792000.0,
0.8395061728395061,0.9956859148124133,2.1999999999999997,2.0008628170375173,37930.00000011467,3.7113288103322426,1793000.0,
0.8024691358024691,1.0426206043995303,2.303703703703704,2.0951795828237976,37940.00000011525,3.941724137833096,1794000.0,
0.8765432098765432,1.173367239677928,2.592592592592592,2.357919144657007,37950.00000011583,3.7583457241789264,1795000.0,
0.8641975308641975,1.0727929048483913,2.3703703703703702,2.155811789400692,37960.000000116415,3.6962289327930518,1796000.0,
0.7777777777777778,1.0660879491930888,2.355555555555555,2.1423379657169375,37970.000000117,4.098935299800579,1797000.0,
0.8024691358024691,1.1029652052972523,2.437037037037037,2.216443995977586,37980.00000011758,4.019384332798093,1798000.0,
0.8518518518518519,1.0493255600548328,2.318518518518519,2.1086534065075515,37990.00000011816,3.7239879763368466,1799000.0,
0.8395061728395061,1.520286461450297,2.5037037037037035,2.199646411413644,38000.00000011874,3.8791755583564473,1800000.0,
0.8148148148148148,1.2594089029765774,2.074074074074074,1.8221922934787587,38010.000000119326,4.1523018355137635,1801000.0,
0.8148148148148148,1.2099321246453547,1.9925925925925927,1.7506061676635214,38020.00000011991,4.092186395440631,1802000.0,
0.7901234567901234,1.0480081228340803,1.7259259259259256,1.5163243013591094,38030.00000012049,4.015757155505793,1803000.0,
0.8024691358024691,1.4573160163014678,2.4,2.1085367967397057,38040.00000012107,4.464652266511253,1804000.0,
0.8765432098765432,1.2504131250981732,2.059259259259259,1.809176634239625,38050.000000121654,3.8518769455741824,1805000.0,
0.8148148148148148,1.2324215693413652,2.0296296296296297,1.7831453157613566,38060.000000122236,4.122211319991936,1806000.0,
0.8271604938271605,1.227923680402163,2.022222222222222,1.7766374861417897,38070.00000012282,4.05584504649843,1807000.0,
0.8641975308641975,1.3403709038822142,2.2074074074074077,1.9393332266309646,38080.0000001234,4.012712045961162,1808000.0,
0.8024691358024691,1.2998899034293958,2.140740740740741,1.8807627600548618,38090.00000012398,4.271552033547773,1809000.0,
0.7654320987654321,1.034514456016474,1.7037037037037037,1.4968008125004089,38100.000000124564,4.132185015163886,1810000.0,
0.8641975308641975,1.1199743458613138,1.8444444444444446,1.6204495752721815,38110.00000012515,3.7593960288227897,1811000.0,
0.9135802469135802,1.46181390524067,2.4074074074074074,2.1150446263592735,38120.00000012573,3.9309017071260204,1812000.0,
0.8148148148148148,1.3538645706998205,2.2296296296296294,1.9588567154896652,38130.00000012631,4.275497427719985,1813000.0,
0.7654320987654321,1.0390123449556767,1.7111111111111115,1.503308642119976,38140.00000012689,4.1406419345846075,1814000.0,
0.8395061728395061,1.232421569341365,2.0296296296296292,1.7831453157613566,38150.000000127475,4.006263928227776,1815000.0,
0.8024691358024691,1.0884891232868992,1.7925925925925925,1.5748947679352128,38160.00000012806,4.0124218306012205,1816000.0,
0.8271604938271605,1.088489123286899,1.7925925925925925,1.5748947679352128,38170.00000012864,3.8932450595385326,1817000.0,
0.7654320987654321,1.173949013131738,1.9333333333333333,1.6985435307069856,38180.00000012922,4.319510807524451,1818000.0,
0.7901234567901234,1.034514456016474,1.7037037037037033,1.4968008125004086,38190.0000001298,4.0086792334403425,1819000.0,
0.7901234567901234,1.3403709038822145,2.2074074074074073,1.9393332266309646,38200.000000130385,4.396403800270456,1820000.0,
0.8765432098765432,1.1919405688885465,1.962962962962963,1.7245748491852537,38210.00000013097,3.794182902574992,1821000.0,
0.7901234567901234,1.1919405688885465,1.962962962962963,1.7245748491852533,38220.00000013155,4.209796657544168,1822000.0,
0.8271604938271605,1.223425791462961,2.0148148148148146,1.7701296565222222,38230.00000013213,4.059959538975472,1823000.0,
0.8395061728395061,1.1604553463141318,1.911111111111111,1.6790200418482846,38240.00000013271,3.9258335743279975,1824000.0,
0.8518518518518519,1.304387792368598,2.1481481481481484,1.8872705896744284,38250.000000133296,4.038481321517651,1825000.0,
0.8148148148148148,1.1829447910101423,1.9481481481481482,1.7115591899461198,38260.00000013388,4.073611031434626,1826000.0,
0.8765432098765432,1.2369194582805672,2.037037037037037,1.7896531453809235,38270.00000013446,3.8488771285012975,1827000.0,
0.8271604938271605,1.1289701237397176,1.8592592592592592,1.6334652345113159,38280.00000013504,3.948751940683367,1828000.0,
0.8271604938271605,1.322379348125406,2.1777777777777776,1.9133019081526965,38290.000000135624,4.183172047776547,1829000.0,
0.8395061728395061,1.3043877923685978,2.1481481481481484,1.8872705896744284,38300.000000136206,4.100811929187199,1830000.0,
0.8024691358024691,1.1019827901045052,1.8148148148148144,1.5944182567939138,38310.00000013679,4.038467784636006,1831000.0,
0.8148148148148148,1.236919458280567,2.0370370370370368,1.7896531453809235,38320.00000013737,4.143489032175814,1832000.0,
0.8148148148148148,1.223425791462961,2.0148148148148146,1.7701296565222229,38330.00000013795,4.127534683505757,1833000.0,
0.8395061728395061,1.2504131250981734,2.059259259259259,1.8091766342396245,38340.000000138534,4.038871516703448,1834000.0,
0.8765432098765432,1.2729025697941836,2.096296296296296,1.8417157823374593,38350.000000139116,3.8944353261438547,1835000.0,
0.8024691358024691,1.1784469020709403,1.9407407407407409,1.7050513603265527,38360.0000001397,4.136830754932819,1836000.0,
0.7777777777777778,1.1604553463141318,1.911111111111111,1.6790200418482846,38370.00000014028,4.245661635783081,1837000.0,
0.7530864197530864,0.9895355666244535,1.6296296296296295,1.4317225163047391,38380.00000014086,4.158560342614303,1838000.0,
0.8148148148148148,1.2234257914629607,2.0148148148148146,1.7701296565222229,38390.000000141445,4.131171047142331,1839000.0,
0.8271604938271605,1.1199743458613134,1.844444444444444,1.6204495752721817,38400.00000014203,3.9450406271292953,1840000.0,
0.8271604938271605,1.2234257914629607,2.014814814814815,1.7701296565222224,38410.00000014261,4.070705807632815,1841000.0,
0.8148148148148148,1.2234257914629607,2.0148148148148146,1.7701296565222229,38420.00000014319,4.13298922896062,1842000.0,
0.8271604938271605,1.1919405688885467,1.962962962962963,1.7245748491852537,38430.00000014377,4.033835613177248,1843000.0,
0.8271604938271605,1.3538645706998205,2.2296296296296294,1.9588567154896657,38440.000000144355,4.230191495964047,1844000.0,
0.8148148148148148,1.1829447910101425,1.9481481481481482,1.7115591899461198,38450.00000014494,4.085126182950448,1845000.0,
0.9012345679012346,1.4798054609974785,2.4370370370370367,2.141075944837541,38460.00000014552,4.023343045804195,1846000.0,
0.8518518518518519,1.4168350158486496,2.3333333333333335,2.0499663301636035,38470.0000001461,4.1832382070529475,1847000.0,
0.7777777777777778,1.2459152361589716,2.051851851851852,1.8026688046200576,38480.00000014668,4.362522763996694,1848000.0,
0.9135802469135802,1.3583624596390227,2.237037037037037,1.9653645451092323,38490.000000147265,3.837664313968624,1849000.0,
0.7777777777777778,1.3313751260038105,2.1925925925925926,1.9263175673918305,38500.00000014785,4.473669606495688,1850000.0,
0.8765432098765432,1.2908941255509916,2.1259259259259258,1.8677471008157274,38510.00000014843,3.9239749883458073,1851000.0,
0.7160493827160493,1.1919405688885463,1.962962962962963,1.7245748491852537,38520.00000014901,4.6659825186706305,1852000.0,
0.7901234567901234,1.3538645706998207,2.2296296296296294,1.9588567154896652,38530.000000149594,4.43410672233769,1853000.0,
0.8271604938271605,1.1784469020709403,1.9407407407407407,1.7050513603265527,38540.000000150176,4.024089538368286,1854000.0,
0.8641975308641975,1.164953235253334,1.9185185185185183,1.6855278714678517,38550.00000015076,3.836585886549306,1855000.0,
0.8641975308641975,1.3583624596390227,2.2370370370370365,1.9653645451092325,38560.00000015134,4.060959417624207,1856000.0,
0.7777777777777778,1.1874426799493443,1.9555555555555557,1.7180670195656866,38570.00000015192,4.293058048870363,1857000.0,
0.7901234567901234,1.3043877923685976,2.1481481481481484,1.8872705896744284,38580.000000152504,4.374612674762417,1858000.0,
0.8518518518518519,1.2459152361589714,2.051851851851852,1.8026688046200576,38590.000000153086,3.989549770026338,1859000.0,
0.8641975308641975,1.052678037882484,2.325925925925926,2.115390318349429,38600.00000015367,4.125701532608689,1860000.0,
0.7530864197530864,0.8749967130169691,1.933333333333333,1.7583339907299393,38610.00000015425,4.021549733726555,1861000.0,
0.8395061728395061,0.9722185700188547,2.148148148148148,1.9537044341443768,38620.00000015483,3.723963296683454,1862000.0,
0.8888888888888888,1.1398424614014158,2.5185185185185186,2.2905500262382352,38630.000000155414,3.7062088802286755,1863000.0,
0.8765432098765432,1.1633098061949745,2.5703703703703704,2.337708409131375,38640.000000156,3.785744990207679,1864000.0,
0.8395061728395061,1.1230800722631595,2.4814814814814814,2.2568654670288493,38650.00000015658,3.9054306743569196,1865000.0,
0.8641975308641975,0.9923334369847621,2.1925925925925926,1.99412590519564,38660.00000015716,3.643125834267467,1866000.0,
0.8780487804878049,1.1656810709998986,2.5756097560975606,2.342473541897581,38670.00000015774,3.7536895531243193,1867000.0,
0.8902439024390244,1.1259419435794473,2.48780487804878,2.262616489332891,38680.000000158325,3.6581786215955656,1868000.0,
0.8780487804878049,1.0961375980141088,2.421951219512195,2.2027236999093733,38690.00000015891,3.675598375557234,1869000.0,
0.8292682926829268,1.056398470593658,2.3341463414634145,2.122866647344683,38700.00000015949,3.8444775675242084,1870000.0,
0.8048780487804879,0.8312100818777683,1.8365853658536582,1.6703433494781044,38710.00000016007,3.681803435105236,1871000.0,
0.7804878048780488,1.0365289068834327,2.290243902439024,2.082938121062337,38720.00000016065,4.060549536990819,1872000.0,
0.8048780487804879,1.0862028161589963,2.4,2.182759436768201,38730.000000161235,3.9998247110304694,1873000.0,
0.8048780487804879,0.9504274641391215,2.1,1.9099145071721757,38740.00000016182,3.8317401827633875,1874000.0,
0.8048780487804879,1.0232825310766154,2.260975609756098,2.0563191035407744,38750.0000001624,3.9228631447160667,1875000.0,
0.8170731707317073,1.1226303496277432,2.4804878048780488,2.2559617349524994,38760.00000016298,3.986499830932167,1876000.0,
0.8902439024390244,1.1458115072896728,2.5317073170731708,2.302545015615236,38770.00000016356,3.68542936439364,1877000.0,
0.8292682926829268,1.1060723798692216,2.44390243902439,2.2226879630505456,38780.000000164146,3.909084340474427,1878000.0,
0.8658536585365854,0.9371810883323046,2.070731707317073,1.8832954896506122,38790.00000016473,3.549417595017411,1879000.0,
0.8170731707317073,1.0530868766419539,2.326829268292683,2.1162118929642917,38800.00000016531,3.903774983397459,1880000.0,
0.8292682926829268,1.2153549802754624,2.6853658536585363,2.442294857603444,38810.00000016589,4.042631005670291,1881000.0,
0.9146341463414634,1.0365289068834322,2.290243902439024,2.0829381210623374,38820.000000166474,3.470335604899142,1882000.0,
0.8780487804878049,0.9702970278493472,2.1439024390243895,1.9498430334545203,38830.000000167056,3.540057726203375,1883000.0,
0.8780487804878049,1.036528906883432,2.290243902439024,2.082938121062338,38840.00000016764,3.616044032881115,1884000.0,
0.8414634146341463,1.1557462891447858,2.5536585365853655,2.322509278756409,38850.00000016822,3.915521676998168,1885000.0,
0.8902439024390244,1.109383973820926,2.451219512195122,2.2293427174309364,38860.0000001688,3.649442272004376,1886000.0,
0.9024390243902439,1.2286013560822793,2.714634146341463,2.4689138751250073,38870.000000169384,3.7327717729966583,1887000.0,
0.8170731707317073,1.1391883193862644,2.5170731707317073,2.289235506854454,38880.00000016997,4.013928987950475,1888000.0,
0.8902439024390244,1.0729564403521792,2.370731707317073,2.1561404192466376,38890.00000017055,3.6101675083820437,1889000.0,
0.8780487804878049,1.096137598014109,2.421951219512195,2.2027236999093733,38900.00000017113,3.6872650422245803,1890000.0,
0.7926829268292683,1.0928260040624047,2.414634146341463,2.1960689455289826,38910.00000017171,4.080792805171267,1891000.0,
0.8048780487804879,0.9239347125254875,2.041463414634146,1.8566764721290487,38920.000000172295,3.80973403681981,1892000.0,
0.8780487804878049,1.2319129500339834,2.7219512195121944,2.475568629505398,38930.00000017288,3.8435647486917563,1893000.0,
0.8048780487804879,1.185550634710124,2.619512195121951,2.382402068179926,38940.00000017346,4.135984121958368,1894000.0,
0.8658536585365854,0.9636738399459386,2.1292682926829265,1.936533524693739,38950.00000017404,3.5890289419519923,1895000.0,
0.8780487804878049,1.1921738226135323,2.6341463414634143,2.3957115769407076,38960.00000017462,3.7999729646852285,1896000.0,
0.9024390243902439,1.1259419435794473,2.4878048780487805,2.262616489332891,38970.000000175205,3.6244194510343752,1897000.0,
0.8414634146341463,1.0265941250283197,2.268292682926829,2.062973857921165,38980.00000017579,3.769572728338459,1898000.0,
0.8658536585365854,1.2054201984203494,2.663414634146341,2.422330594462271,38990.00000017637,3.8704824827253868,1899000.0,
0.8048780487804879,0.9736086218010515,2.1512195121951216,1.9564977878349117,39000.00000017695,3.87629859076852,1900000.0,
0.8536585365853658,1.122630349627743,2.4804878048780483,2.2559617349525,39010.00000017753,3.829935552464477,1901000.0,
0.8658536585365854,1.0862028161589963,2.4,2.1827594367682006,39020.000000178115,3.7344849426489928,1902000.0,
0.8536585365853658,1.1656810709998984,2.575609756097561,2.3424735418975806,39030.0000001787,3.881509254643354,1903000.0,
0.9024390243902439,1.2418477318890964,2.74390243902439,2.495532892646571,39040.00000017928,3.7566393786209638,1904000.0,
0.8780487804878049,1.1822390407584196,2.612195121951219,2.3757473137995353,39050.00000017986,3.7936583520171965,1905000.0,
0.8780487804878049,1.0398405008351366,2.2975609756097564,2.0895928754427286,39060.000000180444,3.6320377926601566,1906000.0,
0.8414634146341463,1.0166593431732067,2.2463414634146335,2.0430095947799924,39070.000000181026,3.7629835672935563,1907000.0,
0.8780487804878049,0.9371810883323046,2.070731707317073,1.8832954896506122,39080.00000018161,3.5162312395319963,1908000.0,
0.8170731707317073,1.13587672543456,2.5097560975609756,2.2825807524740633,39090.00000018219,4.022413305801358,1909000.0,
0.8292682926829268,0.9239347125254875,2.0414634146341464,1.8566764721290487,39100.00000018277,3.7082712710316086,1910000.0,
0.8780487804878049,1.1027607859175177,2.4365853658536585,2.216033208670155,39110.000000183354,3.706474784004141,1911000.0,
0.9024390243902439,1.1027607859175172,2.4365853658536585,2.2160332086701544,39120.000000183936,3.6068403303824383,1912000.0,
0.8902439024390244,1.069644846400475,2.363414634146342,2.149485664866246,39130.00000018452,3.6195983206562374,1913000.0,
0.8414634146341463,1.1491231012413772,2.5390243902439025,2.309199769995627,39140.0000001851,3.9244622363023427,1914000.0,
0.8902439024390244,1.1160071617243343,2.4658536585365853,2.242652226191718,39150.00000018568,3.6727724282803624,1915000.0,
0.8658536585365854,1.0828912222072917,2.3926829268292678,2.17610468238781,39160.000000186265,3.7385476087897365,1916000.0,
0.7926829268292683,0.9868549976078687,2.1804878048780485,1.983116805356475,39170.00000018685,3.96310630472186,1917000.0,
0.8414634146341463,1.1126955677726302,2.458536585365853,2.235997471811327,39180.00000018743,3.8834903849338214,1918000.0,
0.8780487804878049,1.1126955677726302,2.4585365853658536,2.2359974718113276,39190.00000018801,3.722233841117167,1919000.0,
0.7926829268292683,1.2751515142637846,2.0999999999999996,1.8449696971472431,39200.00000018859,3.9189977240383174,1920000.0,
0.7560975609756098,1.1907338181975409,1.9609756097560977,1.722828846116589,39210.000000189175,4.427096340246505,1921000.0,
0.7804878048780488,1.2262781112780645,2.0195121951219512,1.7742565728663382,39220.00000018976,4.33491570512326,1922000.0,
0.8414634146341463,1.3417970637897663,2.2097560975609754,1.9413966848030224,39230.00000019034,4.158654481650006,1923000.0,
0.8170731707317073,1.301809734074177,2.14390243902439,1.8835404922095547,39240.00000019092,4.234450719360813,1924000.0,
0.8048780487804879,1.1551895251170174,1.9024390243902436,1.67140111936684,39250.0000001915,4.117050622161965,1925000.0,
0.8048780487804879,1.3329109905196352,2.1951219512195124,1.9285397531155852,39260.000000192085,4.338462139783435,1926000.0,
0.8048780487804879,1.1862907815624757,1.9536585365853658,1.716400380272871,39270.00000019267,4.156903698351848,1927000.0,
0.8048780487804879,1.2529363310884574,2.063414634146341,1.81282736792865,39280.00000019325,4.240311805338709,1928000.0,
0.8658536585365854,1.27959455089885,2.1073170731707314,1.851398162990962,39290.00000019383,3.9730500447437933,1929000.0,
0.8170731707317073,1.2173920380079337,2.0048780487804874,1.761399641178901,39300.00000019441,4.134715628653083,1930000.0,
0.7804878048780488,1.2396072211832607,2.041463414634146,1.7935419703974944,39310.000000194996,4.35761862718962,1931000.0,
0.8292682926829268,1.1907338181975413,1.9609756097560973,1.7228288461165895,39320.00000019558,4.0429407808133675,1932000.0,
0.8780487804878049,1.3995565400456171,2.3048780487804876,2.0249667407713643,39330.00000019616,4.056714392872966,1933000.0,
0.8658536585365854,1.1818477449274103,1.9463414634146337,1.7099719144291519,39340.00000019674,3.86297626883328,1934000.0,
0.7804878048780488,1.288480624168981,2.121951219512195,1.864255094678399,39350.000000197324,4.422737674765219,1935000.0,
0.8902439024390244,1.2973666974391118,2.136585365853658,1.8771120263658365,39360.000000197906,3.887998208125029,1936000.0,
0.8780487804878049,1.5061894192871879,2.4804878048780488,2.179249921020611,39370.00000019849,4.180379616453774,1937000.0,
0.8414634146341463,1.3951135034105517,2.2975609756097564,2.018538274927646,39380.00000019907,4.230711699750577,1938000.0,
0.8658536585365854,1.2929236608040462,2.129268292682927,1.8706835605221175,39390.00000019965,3.9940780308318122,1939000.0,
0.8536585365853658,1.1862907815624755,1.9536585365853654,1.716400380272871,39400.000000200234,3.926794915589318,1940000.0,
0.8170731707317073,1.1774047082923444,1.9390243902439024,1.7035434485854335,39410.00000020082,4.0923430758672215,1941000.0,
0.7439024390243902,1.319581880614439,2.173170731707317,1.9092543555844297,39420.0000002014,4.686647773992097,1942000.0,
0.8902439024390244,1.3018097340741772,2.14390243902439,1.8835404922095547,39430.00000020198,3.8968246328386136,1943000.0,
0.8292682926829268,1.0841009389559702,1.7853658536585364,1.5685456658673425,39440.00000020256,3.921412897022472,1944000.0,
0.8170731707317073,1.3862274301404207,2.282926829268293,2.0056813432402087,39450.000000203145,4.350305213054558,1945000.0,
0.8414634146341463,1.1551895251170174,1.9024390243902436,1.6714011193668403,39460.00000020373,3.950222334242589,1946000.0,
0.7926829268292683,1.2351641845481953,2.034146341463414,1.7871135045537754,39470.00000020431,4.294819432863039,1947000.0,
0.8414634146341463,1.3240249172495044,2.1804878048780485,1.9156828214281478,39480.00000020489,4.152026713298656,1948000.0,
0.8658536585365854,1.3151388439793739,2.1658536585365855,1.9028258897407107,39490.00000020547,4.025368805767026,1949000.0,
0.8414634146341463,1.2662654409936538,2.085365853658536,1.832112765459806,39500.000000206055,4.0845444371685815,1950000.0,
0.8902439024390244,1.221835074642999,2.0121951219512195,1.7678281070226192,39510.00000020664,3.8113736455326137,1951000.0,
0.7317073170731707,1.2573793677235225,2.070731707317073,1.8192558337723688,39520.00000020722,4.686415135941434,1952000.0,
0.8292682926829268,1.164075598387148,1.9170731707317072,1.6842580510542777,39530.0000002078,4.0231470451603775,1953000.0,
0.8292682926829268,1.2129490013728679,1.9975609756097559,1.7549711753351822,39540.00000020838,4.08267085464319,1954000.0,
0.8902439024390244,1.3329109905196355,2.195121951219512,1.9285397531155852,39550.000000208966,3.938335633229784,1955000.0,
0.7560975609756098,1.1063161221312978,1.8219512195121947,1.6006879950859356,39560.00000020955,4.338027774482788,1956000.0,
0.8170731707317073,1.1685186350222136,1.9243902439024387,1.6906865168979963,39570.00000021013,4.091019822014781,1957000.0,
0.7682926829268293,1.03522753597025,1.7048780487804875,1.4978325415864377,39580.00000021071,4.177912030995741,1958000.0,
0.7682926829268293,1.1685186350222132,1.9243902439024387,1.6906865168979959,39590.000000211294,4.352036953571349,1959000.0,
0.8170731707317073,1.3951135034105517,2.297560975609756,2.0185382749276455,39600.000000211876,4.370135929594643,1960000.0,
0.7804878048780488,1.1951768548326063,1.9682926829268292,1.729257311960308,39610.00000021246,4.3194422203039355,1961000.0,
0.7926829268292683,1.1329743419416902,1.8658536585365855,1.6392587901482472,39620.00000021304,4.175133785267677,1962000.0,
0.7560975609756098,1.212949001372868,1.9975609756097559,1.7549711753351822,39630.00000021362,4.483574485738031,1963000.0,
0.8536585365853658,1.2929236608040462,2.129268292682927,1.8706835605221177,39640.000000214204,4.065422002701671,1964000.0,
0.8658536585365854,1.2529363310884574,2.0634146341463415,1.81282736792865,39650.000000214786,3.962543368344239,1965000.0,
0.8292682926829268,1.2840375875339154,2.114634146341463,1.8578266288346805,39660.00000021537,4.17545414972016,1966000.0,
0.7926829268292683,1.1196452320364936,1.8439024390243897,1.6199733926170916,39670.00000021595,4.161395523541302,1967000.0,
0.8536585365853658,1.2929236608040462,2.129268292682927,1.8706835605221177,39680.00000021653,4.067707716987518,1968000.0,
0.8658536585365854,1.2973666974391116,2.1365853658536587,1.877112026365836,39690.000000217115,4.016110833707097,1969000.0,
0.8536585365853658,1.288480624168981,2.121951219512195,1.8642550946783991,39700.0000002177,4.063645874072222,1970000.0,
0.8048780487804879,1.1285313053066246,1.8585365853658533,1.6328303243045288,39710.00000021828,4.11180859149007,1971000.0,
0.8414634146341463,1.2440502578183263,2.0487804878048776,1.7999704362412123,39720.00000021886,4.070897407888499,1972000.0,
0.8170731707317073,1.1685186350222136,1.9243902439024387,1.6906865168979963,39730.00000021944,4.100572060821308,1973000.0,
0.7804878048780488,1.1685186350222136,1.9243902439024392,1.6906865168979963,39740.000000220025,4.293411376172343,1974000.0,
0.8536585365853658,1.364012246965094,2.246341463414634,1.9735390140216154,39750.00000022061,4.154982917919264,1975000.0,
0.7926829268292683,1.2662654409936538,2.0853658536585367,1.8321127654598064,39760.00000022119,4.351901017918348,1976000.0,
0.7926829268292683,1.18184774492741,1.946341463414634,1.709971914429152,39770.00000022177,4.246020232111738,1977000.0,
0.8658536585365854,1.3551261736949627,2.231707317073171,1.960682082334178,39780.00000022235,4.087889383749362,1978000.0,
0.8170731707317073,1.310695807344308,2.1585365853658534,1.896397423896992,39790.000000222935,4.278162032917214,1979000.0,
0.8414634146341463,0.8875071790567409,1.9609756097560977,1.7834741739447495,39800.00000022352,4.01217352312204,1980000.0,
0.8780487804878049,1.0597100645453619,2.341463414634146,2.129521401725074,39810.0000002241,3.696333684665894,1981000.0,
0.8292682926829268,1.1259419435794473,2.48780487804878,2.26261648933289,39820.00000022468,3.9942211673050245,1982000.0,
0.8048780487804879,1.265028889551026,2.795121951219512,2.542116173309307,39830.000000225264,4.288669226460811,1983000.0,
0.9024390243902439,1.1491231012413772,2.5390243902439025,2.3091997699956273,39840.000000225846,3.697133706824657,1984000.0,
0.8170731707317073,1.1424999133379685,2.524390243902439,2.2958902612348444,39850.00000022643,4.0758924312977225,1985000.0,
0.8292682926829268,1.1027607859175172,2.4365853658536585,2.216033208670155,39860.00000022701,3.9686203595363643,1986000.0,
0.8414634146341463,0.9769202157527557,2.158536585365854,1.963152542215302,39870.00000022759,3.762134169492241,1987000.0,
0.8658536585365854,1.019970937124911,2.2536585365853656,2.049664349160383,39880.000000228174,3.70644249080963,1988000.0,
0.8170731707317073,1.092826004062405,2.4146341463414633,2.196068945528982,39890.000000228756,4.017485557259112,1989000.0,
0.8292682926829268,1.1789274468067157,2.604878048780488,2.369092559419144,39900.00000022934,4.062821332961711,1990000.0,
0.8658536585365854,1.2517825137442091,2.765853658536585,2.5154971557877435,39910.00000022992,3.9758586778911713,1991000.0,
0.8170731707317073,0.9338694943806005,2.0634146341463415,1.8766407352702215,39920.0000002305,3.82473281406656,1992000.0,
0.8536585365853658,0.9305579004288962,2.0560975609756094,1.8699859808898305,39930.000000231084,3.6575078262631733,1993000.0,
0.7804878048780488,0.7947825484090215,1.7560975609756093,1.5971410512938053,39940.00000023167,3.827062015199918,1994000.0,
0.8414634146341463,1.0232825310766154,2.2609756097560973,2.056319103540774,39950.00000023225,3.821869094949851,1995000.0,
0.8536585365853658,1.043152094786841,2.3048780487804876,2.09624762982312,39960.00000023283,3.791118168225437,1996000.0,
0.8902439024390244,1.2948332351163643,2.860975609756097,2.6020089627328247,39970.00000023341,3.918577058668545,1997000.0,
0.7926829268292683,1.0895144101107006,2.4073170731707316,2.1894141911485914,39980.000000233995,4.142461255882181,1998000.0,
0.8536585365853658,1.0928260040624045,2.414634146341463,2.196068945528982,39990.00000023458,3.851021890519768,1999000.0,
0.8536585365853658,1.0762680343038835,2.3780487804878043,2.162795173627028,40000.00000023516,3.8321968402312483,2000000.0,
0.7926829268292683,1.0166593431732067,2.246341463414634,2.0430095947799924,40010.00000023574,4.052397940668834,2001000.0,
0.8048780487804879,1.1259419435794473,2.48780487804878,2.2626164893328906,40020.00000023632,4.127379384496791,2002000.0,
0.8170731707317073,0.864326021394811,1.909756097560975,1.7368908932820133,40030.000000236905,3.7461870710097074,2003000.0,
0.8536585365853658,1.15905788309649,2.5609756097560967,2.329164033136799,40040.00000023749,3.9314649488170064,2004000.0,
0.8536585365853658,1.066333252448771,2.3560975609756096,2.142830910485856,40050.00000023807,3.8234160957725685,2005000.0,
0.8292682926829268,1.0332173129317281,2.2829268292682925,2.0762833666819467,40060.00000023865,3.896523818583597,2006000.0,
0.7926829268292683,1.006724561318094,2.224390243902439,2.0230453316388197,40070.00000023923,4.043557138944138,2007000.0,
0.7926829268292683,0.9570506520425301,2.1146341463414635,1.9232240159329574,40080.000000239816,3.981506976473462,2008000.0,
0.9024390243902439,1.188862228661828,2.6268292682926826,2.3890568225603173,40090.0000002404,3.7546824696426997,2009000.0,
0.8292682926829268,1.2451593258408007,2.7512195121951217,2.5021876470269615,40100.00000024098,4.154453892974086,2010000.0,
0.8536585365853658,1.029905718980024,2.2756097560975608,2.069628612301556,40110.00000024156,3.7841724137093786,2011000.0,
0.8780487804878049,1.0961375980141088,2.4219512195121946,2.202723699909373,40120.000000242144,3.7550428200063033,2012000.0,
0.926829268292683,1.1789274468067155,2.6048780487804875,2.369092559419145,40130.000000242726,3.6472611926506566,2013000.0,
0.9146341463414634,1.1060723798692218,2.44390243902439,2.2226879630505456,40140.00000024331,3.6167698020343693,2014000.0,
0.8536585365853658,1.2021086044686455,2.65609756097561,2.4156758400818807,40150.00000024389,3.9881815081390397,2015000.0,
0.926829268292683,1.2087317923720537,2.6707317073170733,2.4289853488426623,40160.00000024447,3.6809974602344027,2016000.0,
0.8170731707317073,0.9702970278493472,2.14390243902439,1.9498430334545203,40170.000000245054,3.8842411386112685,2017000.0,
0.8780487804878049,0.9603622459942343,2.1219512195121943,1.9298787703133482,40180.000000245636,3.6037431135394176,2018000.0,
0.8414634146341463,0.9934781855112768,2.195121951219512,1.9964263141172567,40190.00000024622,3.800362481380259,2019000.0,
0.8658536585365854,1.0795796282555878,2.3853658536585365,2.1694499280074186,40200.0000002468,3.7933145002855455,2020000.0,
0.8902439024390244,1.215354980275462,2.6853658536585363,2.442294857603444,40210.00000024738,3.8424507998069277,2021000.0,
0.8170731707317073,1.069644846400475,2.3634146341463413,2.1494856648662464,40220.000000247965,4.008816080718792,2022000.0,
0.8658536585365854,1.2054201984203494,2.663414634146341,2.4223305944622715,40230.00000024855,3.94034163765903,2023000.0,
0.7926829268292683,0.8875071790567409,1.9609756097560973,1.7834741739447495,40240.00000024913,3.9036213643996547,2024000.0,
0.8658536585365854,1.13587672543456,2.509756097560975,2.282580752474063,40250.00000024971,3.8611505843515648,2025000.0,
0.8780487804878049,0.9669854338976431,2.136585365853658,1.9431882790741304,40260.00000025029,3.615730633096336,2026000.0,
0.8414634146341463,1.1027607859175175,2.4365853658536585,2.2160332086701544,40270.000000250875,3.934872238385047,2027000.0,
0.8536585365853658,1.1723042589033068,2.590243902439024,2.355783050658363,40280.00000025146,3.960696417620076,2028000.0,
0.7926829268292683,0.9835434036561643,2.1731707317073172,1.9764620509760842,40290.00000025204,4.027851678509876,2029000.0,
0.8292682926829268,1.0497752826902496,2.3195121951219515,2.1095571385839014,40300.00000025262,3.930608429175577,2030000.0,
0.8536585365853658,1.0365289068834325,2.2902439024390246,2.0829381210623374,40310.0000002532,3.8033595766826083,2031000.0,
0.9024390243902439,1.2815868593095474,2.8317073170731706,2.5753899452112607,40320.000000253785,3.8698638171179236,2032000.0,
0.8658536585365854,1.099449191965813,2.4292682926829268,2.2093784542897636,40330.00000025437,3.8235863907682037,2033000.0,
0.8292682926829268,1.225289762130575,2.707317073170732,2.462259120744617,40340.00000025495,4.14461118379493,2034000.0,
0.8536585365853658,1.15905788309649,2.560975609756097,2.3291640331367995,40350.00000025553,3.9491792345323233,2035000.0,
0.8292682926829268,0.9901665915595727,2.18780487804878,1.989771559736866,40360.000000256114,3.862256772224084,2036000.0,
0.8292682926829268,0.9371810883323046,2.070731707317073,1.8832954896506118,40370.000000256696,3.798950724214766,2037000.0,
0.8414634146341463,1.0232825310766154,2.2609756097560973,2.056319103540775,40380.00000025728,3.8467966311831865,2038000.0,
0.8292682926829268,1.1325651314828558,2.5024390243902435,2.2759259980936726,40390.00000025786,4.035737364484616,2039000.0,
0.8536585365853658,1.2707084776287192,2.092682926829268,1.8385412313035243,40400.00000025844,3.7037614479818615,2040000.0,
0.8414634146341463,1.2618224043585884,2.078048780487805,1.8256842996160874,40410.000000259024,4.132017929866213,2041000.0,
0.8414634146341463,1.3640122469650935,2.246341463414634,1.9735390140216156,40420.000000259606,4.254040641369629,2042000.0,
0.8536585365853658,1.3951135034105517,2.2975609756097564,2.0185382749276455,40430.00000026019,4.230272961186205,2043000.0,
0.8658536585365854,1.2218350746429991,2.0121951219512195,1.7678281070226196,40440.00000026077,3.9711306496351733,2044000.0,
0.8048780487804879,1.4306577964910754,2.35609756097561,2.0699660016773946,40450.00000026135,4.532026353267301,2045000.0,
0.7317073170731707,1.1329743419416902,1.865853658536585,1.6392587901482472,40460.000000261934,4.5790616007099105,2046000.0,
0.7804878048780488,1.2662654409936536,2.0853658536585358,1.8321127654598055,40470.00000026252,4.464274471325906,2047000.0,
0.8414634146341463,1.2218350746429991,2.01219512195122,1.7678281070226196,40480.0000002631,4.088554726436328,2048000.0,
0.8414634146341463,1.448429943031337,2.385365853658536,2.0956798650522686,40490.00000026368,4.35842109176743,2049000.0,
0.8414634146341463,1.075214865685839,1.770731707317073,1.5556887341799053,40500.00000026426,3.9154698404293353,2050000.0,
0.8536585365853658,1.359569210330028,2.239024390243902,1.9671105481778968,40510.000000264845,4.193206789292143,2051000.0,
0.8780487804878049,1.3062527707092426,2.1512195121951216,1.8899689580532733,40520.00000026543,4.016562877799277,2052000.0,
0.7804878048780488,1.2218350746429991,2.01219512195122,1.7678281070226196,40530.00000026601,4.411098064439348,2053000.0,
0.8536585365853658,1.1774047082923444,1.9390243902439024,1.703543448585434,40540.00000026659,3.9815283726195276,2054000.0,
0.8536585365853658,1.3240249172495047,2.1804878048780494,1.9156828214281478,40550.00000026717,4.153854903112234,2055000.0,
0.8658536585365854,1.3995565400456171,2.3048780487804876,2.0249667407713643,40560.000000267755,4.183146989959718,2056000.0,
0.7804878048780488,1.1907338181975409,1.9609756097560977,1.7228288461165895,40570.00000026834,4.3737495796187496,2057000.0,
0.8658536585365854,1.288480624168981,2.121951219512195,1.864255094678399,40580.00000026892,4.0559888899332455,2058000.0,
0.8780487804878049,1.42621475985601,2.3487804878048775,2.0635375358336763,40590.0000002695,4.157075143216654,2059000.0,
0.8170731707317073,1.1996198914676717,1.9756097560975607,1.7356857778040267,40600.00000027008,4.190576583638175,2060000.0,
0.8048780487804879,1.2440502578183263,2.048780487804878,1.7999704362412128,40610.000000270666,4.309877593098693,2061000.0,
0.8292682926829268,1.3640122469650935,2.2463414634146335,1.9735390140216156,40620.00000027125,4.328364768449279,2062000.0,
0.7804878048780488,1.199619891467672,1.975609756097561,1.7356857778040267,40630.00000027183,4.388884860996324,2063000.0,
0.8780487804878049,1.390670466775486,2.290243902439024,2.0121098090839276,40640.00000027241,4.1193719205417745,2064000.0,
0.7926829268292683,1.1596325617520828,1.9097560975609755,1.677829585210559,40650.000000272994,4.272148770262939,2065000.0,
0.7926829268292683,1.2173920380079337,2.004878048780488,1.761399641178901,40660.000000273576,4.3456299556934335,2066000.0,
0.8536585365853658,1.417328686585879,2.3341463414634145,2.050680604146239,40670.00000027416,4.270010747192386,2067000.0,
0.7926829268292683,1.239607221183261,2.0414634146341464,1.7935419703974942,40680.00000027474,4.374886032930072,2068000.0,
0.7804878048780488,1.2440502578183263,2.048780487804878,1.7999704362412128,40690.00000027532,4.449561267883318,2069000.0,
0.8780487804878049,1.2440502578183263,2.048780487804878,1.799970436241213,40700.000000275904,3.955721127007426,2070000.0,
0.7439024390243902,1.1551895251170174,1.9024390243902436,1.6714011193668408,40710.00000027649,4.550251492836552,2071000.0,
0.8048780487804879,1.1596325617520828,1.9097560975609755,1.677829585210559,40720.00000027707,4.211661667683445,2072000.0,
0.7926829268292683,1.177404708292345,1.9390243902439024,1.7035434485854335,40730.00000027765,4.299492093590941,2073000.0,
0.8170731707317073,1.1996198914676717,1.975609756097561,1.7356857778040264,40740.00000027823,4.198934792593885,2074000.0,
0.7804878048780488,1.2307211479131301,2.026829268292683,1.7806850387100572,40750.000000278815,4.436233345817504,2075000.0,
0.7926829268292683,1.3684552836001591,2.253658536585365,1.979967479865334,40760.0000002794,4.54235589628706,2076000.0,
0.8536585365853658,1.2173920380079337,2.0048780487804874,1.7613996411789012,40770.00000027998,4.0415135302871255,2077000.0,
0.8658536585365854,1.3062527707092426,2.151219512195121,1.8899689580532737,40780.00000028056,4.08778207326209,2078000.0,
0.8414634146341463,1.3995565400456171,2.3048780487804876,2.0249667407713643,40790.00000028114,4.317730960683963,2079000.0,
0.8902439024390244,1.3817843935053553,2.2756097560975608,1.99925287739649,40800.000000281725,4.061727674943758,2080000.0,
0.8536585365853658,1.2218350746429991,2.0121951219512195,1.7678281070226196,40810.00000028231,4.049003944631193,2081000.0,
0.7926829268292683,1.2173920380079335,2.0048780487804874,1.7613996411789012,40820.00000028289,4.3554761095401595,2082000.0,
0.8658536585365854,1.6172653351638242,2.663414634146341,2.339961567113577,40830.00000028347,4.449796584322476,2083000.0,
0.8292682926829268,1.2262781112780647,2.019512195121951,1.7742565728663382,40840.00000028405,4.175214781298028,2084000.0,
0.8658536585365854,1.3906704667754863,2.290243902439024,2.012109809083927,40850.000000284635,4.189222229282489,2085000.0,
0.8292682926829268,1.2218350746429991,2.0121951219512195,1.7678281070226196,40860.00000028522,4.171033472414634,2086000.0,
0.8536585365853658,1.2973666974391118,2.1365853658536587,1.8771120263658365,40870.0000002858,4.140912417049695,2087000.0,
0.8292682926829268,1.248493294453392,2.0560975609756094,1.8063989020849314,40880.00000028638,4.204356619833117,2088000.0,
0.8292682926829268,1.3728983202352245,2.2609756097560973,1.9863959457090525,40890.000000286964,4.354962680334773,2089000.0,
0.8902439024390244,1.5461767490027771,2.5463414634146337,2.237106113614079,40900.000000287546,4.251867033174058,2090000.0,
0.8658536585365854,1.1240882686715594,1.851219512195122,1.6264018584608102,40910.00000028813,3.884718845557024,2091000.0,
0.8536585365853658,1.37734135687029,2.268292682926829,1.9928244115527716,40920.00000028871,4.237454160954956,2092000.0,
0.9146341463414634,1.528404602462515,2.5170731707317073,2.211392250239204,40930.00000028929,4.120653032072156,2093000.0,
0.8292682926829268,1.3640122469650935,2.246341463414634,1.9735390140216154,40940.000000289874,4.3471882978621394,2094000.0,
0.8170731707317073,1.3329109905196352,2.195121951219512,1.9285397531155852,40950.000000290456,4.374604495911943,2095000.0,
0.7804878048780488,1.092987012226101,1.7999999999999996,1.5814025975547794,40960.00000029104,4.272886484469262,2096000.0,
0.8292682926829268,1.288480624168981,2.121951219512195,1.864255094678399,40970.00000029162,4.257870752725753,2097000.0,
0.8414634146341463,1.0307844993351847,1.697560975609756,1.491404075742719,40980.0000002922,3.8904946224490184,2098000.0,
0.8902439024390244,1.457316016301468,2.4,2.108536796739706,40990.000000292785,4.156982374523559,2099000.0,
0.8292682926829268,0.8808839911533324,1.946341463414634,1.7701646651839675,41000.00000029337,4.131048751287491,2100000.0,
0.8292682926829268,1.086202816158996,2.4,2.1827594367682006,41010.00000029395,4.016300454831496,2101000.0,
0.8780487804878049,1.3511303322953365,2.9853658536585366,2.715139787199469,41020.00000029453,4.0954512118295,2102000.0,
0.926829268292683,1.2882100472129558,2.846341463414634,2.5886994539720427,41030.00000029511,3.8125397878285683,2103000.0,
0.8536585365853658,1.059710064545362,2.341463414634146,2.1295214017250736,41040.000000295695,3.8722289328032975,2104000.0,
0.8170731707317073,1.1424999133379687,2.5243902439024395,2.2958902612348444,41050.00000029628,4.147534222346669,2105000.0,
0.8414634146341463,1.132565131482856,2.5024390243902435,2.275925998093673,41060.00000029686,4.016088996885651,2106000.0,
0.8780487804878049,1.059710064545362,2.341463414634146,2.1295214017250736,41070.00000029744,3.7663336846699687,2107000.0,
0.8536585365853658,1.1126955677726302,2.458536585365853,2.235997471811327,41080.00000029802,3.9365833794410867,2108000.0,
0.8902439024390244,1.2219781681788706,2.6999999999999997,2.4556043663642253,41090.000000298605,3.8981097232080835,2109000.0,
0.7560975609756098,0.8245868939743599,1.8219512195121947,1.657033840717323,41100.00000029919,4.064772988861654,2110000.0,
0.8536585365853658,1.1987970105169408,2.6487804878048777,2.4090210857014895,41110.00000029977,4.039159355227379,2111000.0,
0.8780487804878049,1.0663332524487708,2.356097560975609,2.1428309104858556,41120.00000030035,3.7766545375601237,2112000.0,
0.9390243902439024,1.2981448290680688,2.8682926829268287,2.6086637171132154,41130.00000030093,3.7788009868456323,2113000.0,
0.8902439024390244,1.2219781681788706,2.7,2.455604366364226,41140.000000301516,3.9008494492356403,2114000.0,
0.8292682926829268,1.1623694770481943,2.5682926829268293,2.33581878751719,41150.0000003021,4.116383781198362,2115000.0,
0.926829268292683,1.3047680169714775,2.8829268292682926,2.621973225873997,41160.00000030268,3.837247070989476,2116000.0,
0.8536585365853658,1.122630349627743,2.4804878048780483,2.2559617349525,41170.00000030326,3.9533641239002324,2117000.0,
0.8414634146341463,0.9007535548635577,1.9902439024390242,1.8100931914663128,41180.000000303844,3.7475592971355858,2118000.0,
0.8414634146341463,1.1888622286618284,2.6268292682926826,2.389056822560317,41190.000000304426,4.090529025417623,2119000.0,
0.8170731707317073,0.9736086218010512,2.1512195121951216,1.9564977878349117,41200.00000030501,3.9497866715109633,2120000.0,
0.8902439024390244,0.9967897794629811,2.2024390243902436,2.0030810684976474,41210.00000030559,3.651733724924865,2121000.0,
0.8292682926829268,0.9802318097044599,2.1658536585365855,1.9698072965956932,41220.00000030617,3.9008648294017454,2122000.0,
0.8170731707317073,1.0398405008351366,2.297560975609756,2.0895928754427286,41230.000000306754,4.0326376279408445,2123000.0,
0.8292682926829268,0.9967897794629813,2.2024390243902436,2.0030810684976474,41240.00000030734,3.9220082635223843,2124000.0,
0.8780487804878049,1.1391883193862644,2.5170731707317073,2.289235506854454,41250.00000030792,3.8668505860171343,2125000.0,
0.8658536585365854,1.0961375980141088,2.4219512195121946,2.202723699909373,41260.0000003085,3.8721560991650597,2126000.0,
0.8536585365853658,1.2186665742271665,2.6926829268292676,2.448949611983835,41270.00000030908,4.071577987002747,2127000.0,
0.8414634146341463,0.9835434036561643,2.1731707317073172,1.9764620509760844,41280.000000309665,3.8517443348314844,2128000.0,
0.8536585365853658,1.1789274468067155,2.604878048780488,2.3690925594191445,41290.00000031025,4.026169294881713,2129000.0,
0.8902439024390244,1.15905788309649,2.5609756097560976,2.329164033136799,41300.00000031083,3.8389389920203265,2130000.0,
0.8780487804878049,0.940492682284009,2.078048780487805,1.889950244031003,41310.00000031141,3.643891665984204,2131000.0,
0.7682926829268293,0.9504274641391217,2.0999999999999996,1.9099145071721755,41320.00000031199,4.178013524809274,2132000.0,
0.8170731707317073,1.0001013734146855,2.2097560975609754,2.009735822878038,41330.000000312575,3.989971830202729,2133000.0,
0.8554216867469879,1.1287348541411257,2.4939759036144573,2.268228932786233,41340.00000031316,3.930208350666118,2134000.0,
0.8313253012048193,1.1352782445999148,2.508433734939759,2.281378086019776,41350.00000031374,4.052578178338785,2135000.0,
0.8554216867469879,1.073116035241418,2.371084337349398,2.156461130301114,41360.00000031432,3.866315928572159,2136000.0,
0.8072289156626506,1.089474511388391,2.4072289156626505,2.1893340133849724,41370.0000003149,4.118002752967528,2137000.0,
0.9036144578313253,1.2955913108402486,2.8626506024096385,2.6035323402415886,41380.000000315486,3.907385050711079,2138000.0,
0.8433734939759037,1.0469424734062616,2.3132530120481927,2.1038645173669406,41390.00000031607,3.8922289328044606,2139000.0,
0.8674698795180723,0.9945953497359483,2.197590361445783,1.9986712914985931,41400.00000031665,3.724322417106647,2140000.0,
0.8674698795180723,1.1810819778114388,2.6096385542168674,2.37342215865458,41410.00000031723,3.93985561336037,2141000.0,
0.9397590361445783,1.1876253682702278,2.6240963855421686,2.386571311888123,41420.000000317814,3.644265456026006,2142000.0,
0.7831325301204819,1.0763877304708125,2.378313253012048,2.163035706917886,41430.000000318396,4.231692025118143,2143000.0,
0.8313253012048193,1.0011387401947374,2.212048192771084,2.0118204447321366,41440.00000031898,3.8964393541995284,2144000.0,
0.8674698795180723,1.0731160352414177,2.3710843373493975,2.1564611303011136,41450.00000031956,3.8176170962311695,2145000.0,
0.8433734939759037,0.9945953497359483,2.197590361445783,1.9986712914985933,41460.00000032014,3.834160200452751,2146000.0,
0.927710843373494,1.1581801112056767,2.559036144578313,2.3274001223371776,41470.000000320724,3.6624512887491214,2147000.0,
0.7951807228915663,1.1320065493705203,2.5012048192771084,2.2748035094030037,41480.000000321306,4.240550660626767,2148000.0,
0.8433734939759037,1.0731160352414177,2.3710843373493975,2.156461130301114,41490.00000032189,3.92897758469505,2149000.0,
0.8674698795180723,1.1778102825820438,2.602409638554217,2.3668475820378077,41500.00000032247,3.941084075804553,2150000.0,
0.8313253012048193,1.1385499398293095,2.5156626506024096,2.287952662636547,41510.00000032305,4.065789058108017,2151000.0,
0.7951807228915663,0.912802969001084,2.016867469879518,1.834306876079301,41520.000000323635,3.9673097944047395,2152000.0,
0.8072289156626506,0.9618783974420028,2.125301204819277,1.9329255253308764,41530.00000032422,3.9694881640494244,2153000.0,
0.8072289156626506,1.0011387401947374,2.212048192771084,2.0118204447321366,41540.0000003248,4.018721125967025,2154000.0,
0.8433734939759037,1.0567575590944451,2.3349397590361445,2.123588247217255,41550.00000032538,3.9130096772638403,2155000.0,
0.8795180722891566,1.082931120929602,2.3927710843373493,2.176184860151429,41560.00000032596,3.7825079868601246,2156000.0,
0.8433734939759037,1.148365025517493,2.537349397590362,2.3076763924868624,41570.000000326545,4.022772816022663,2157000.0,
0.8192771084337349,1.1778102825820445,2.6024096385542164,2.3668475820378077,41580.00000032713,4.177618433205096,2158000.0,
0.927710843373494,1.2530592728581191,2.7686746987951807,2.5180628442235564,41590.00000032771,3.770957398063156,2159000.0,
0.8192771084337349,1.4178104616426934,2.334939759036145,2.0513776667076056,41600.00000032829,4.0310393736541235,2160000.0,
0.891566265060241,1.343188858398341,2.2120481927710838,1.9434104210914163,41610.00000032887,4.026006422306839,2161000.0,
0.8674698795180723,1.255398736934397,2.0674698795180726,1.8163901321311926,41620.000000329455,4.0371929884611255,2162000.0,
0.8674698795180723,1.0973765182992983,1.8072289156626502,1.587753612002791,41630.00000033004,3.8555840419790304,2163000.0,
0.7831325301204819,1.1500505911776646,1.8939759036144577,1.663965785378925,41640.00000033062,4.338676908790722,2164000.0,
0.7951807228915663,1.176387627616848,1.9373493975903608,1.7020718720669923,41650.0000003312,4.306666259028053,2165000.0,
0.8433734939759037,1.2378407126416084,2.0385542168674697,1.7909860743391481,41660.000000331784,4.134008273612984,2166000.0,
0.891566265060241,1.2949042915931714,2.132530120481928,1.8735492621632936,41670.000000332366,3.97509265143096,2167000.0,
0.8072289156626506,1.3212413280323552,2.175903614457831,1.9116553488513601,41680.00000033295,4.423624331796202,2168000.0,
0.8433734939759037,1.2290617004952142,2.0240963855421685,1.778284045443126,41690.00000033353,4.125313159210932,2169000.0,
0.8313253012048193,1.092987012226101,1.7999999999999998,1.5814025975547799,41700.00000033411,4.02199597128161,2170000.0,
0.7710843373493976,1.1851666397632419,1.9518072289156627,1.7147739009630143,41710.000000334694,4.456384861000252,2171000.0,
0.8313253012048193,1.3036833037395663,2.146987951807229,1.8862512910593157,41720.000000335276,4.276601655276137,2172000.0,
0.8192771084337349,1.3124623158859605,2.16144578313253,1.8989533199553381,41730.00000033586,4.350796650326565,2173000.0,
0.8313253012048193,1.3563573766179327,2.2337349397590356,1.96246346443545,41740.00000033644,4.34112264149221,2174000.0,
0.7951807228915663,1.3826944130571157,2.277108433734939,2.0005695511235166,41750.00000033702,4.572173277082076,2175000.0,
0.9036144578313253,1.3212413280323547,2.1759036144578308,1.9116553488513603,41760.000000337604,3.9560377364048556,2176000.0,
0.8554216867469879,1.224672194422017,2.016867469879518,1.7719330309951147,41770.00000033819,4.06658580479871,2177000.0,
0.7951807228915663,1.2158931822756227,2.002409638554217,1.7592310020990927,41780.00000033877,4.364226274735758,2178000.0,
0.8433734939759037,1.0710394818601152,1.7638554216867468,1.5496475253147235,41790.00000033935,3.943658242829647,2179000.0,
0.8674698795180723,1.3387993523251436,2.204819277108433,1.937059406643405,41800.00000033993,4.143335364537152,2180000.0,
0.8674698795180723,1.2773462673003833,2.103614457831325,1.848145204371249,41810.000000340515,4.073049169300308,2181000.0,
0.8674698795180723,1.3958629312767075,2.2987951807228915,2.0196225944675503,41820.0000003411,4.210228101384158,2182000.0,
0.7710843373493976,1.132492566884876,1.8650602409638553,1.6385617275868805,41830.00000034168,4.395573172736558,2183000.0,
0.7590361445783133,1.303683303739566,2.146987951807229,1.8862512910593152,41840.00000034226,4.691516098636211,2184000.0,
0.8554216867469879,1.409031449496299,2.3204819277108433,2.0386756378115836,41850.00000034284,4.286611412843556,2185000.0,
0.8433734939759037,1.11054503651889,1.8289156626506025,1.6068066553468245,41860.000000343425,3.9945005433538556,2186000.0,
0.8795180722891566,1.430978979862285,2.3566265060240963,2.0704307100516393,41870.00000034401,4.195219936058548,2187000.0,
0.8072289156626506,1.119324048665284,1.8433734939759032,1.619508684242847,41880.00000034459,4.185428299148138,2188000.0,
0.8795180722891566,1.50121107703344,2.4722891566265064,2.1720469412198185,41890.00000034517,4.276168758869651,2189000.0,
0.8313253012048193,1.1105450365188898,1.8289156626506022,1.6068066553468245,41900.00000034575,4.05471069615622,2190000.0,
0.8674698795180723,1.382694413057116,2.2771084337349397,2.000569551123517,41910.000000346336,4.200047726214643,2191000.0,
0.8313253012048193,1.2115036762024254,1.9951807228915661,1.7528799876510819,41920.00000034692,4.177313117804598,2192000.0,
0.7590361445783133,1.1017660243724954,1.8144578313253015,1.594104626450802,41930.0000003475,4.4312123813751665,2193000.0,
0.891566265060241,1.3080728098127636,2.1542168674698794,1.8926023055073269,41940.00000034808,4.0044573407862165,2194000.0,
0.8554216867469879,1.1719981215436506,1.9301204819277111,1.6957208576189808,41950.000000348664,4.015149916786563,2195000.0,
0.8674698795180723,1.4748740405942569,2.4289156626506023,2.1339408545317506,41960.000000349246,4.309088130181231,2196000.0,
0.8192771084337349,1.1719981215436504,1.9301204819277111,1.6957208576189808,41970.00000034983,4.193465354291921,2197000.0,
0.8433734939759037,1.3519678705447353,2.2265060240963854,1.9561124499874383,41980.00000035041,4.287616189413471,2198000.0,
0.9156626506024096,1.7031283564005106,2.8048192771084337,2.464193605828332,41990.00000035099,4.3331507050654565,2199000.0,
0.8795180722891566,1.3958629312767075,2.2987951807228915,2.0196225944675503,42000.000000351574,4.1624167575301545,2200000.0,
0.8192771084337349,1.3783049069839186,2.269879518072289,1.9942185366755054,42010.000000352156,4.4476339306382675,2201000.0,
0.7710843373493976,1.1939456519096365,1.9662650602409637,1.7274759298590363,42020.00000035274,4.487145142378736,2202000.0,
0.8554216867469879,1.5538851499118063,2.559036144578313,2.2482591145959523,42030.00000035332,4.46608827389326,2203000.0,
0.8674698795180723,1.3914734252035104,2.291566265060241,2.013271580019539,42040.0000003539,4.21739019855049,2204000.0,
0.7590361445783133,1.049091951494129,1.7277108433734938,1.5178924530746682,42050.000000354485,4.369435428218397,2205000.0,
0.7710843373493976,1.1544400972508615,1.9012048192771085,1.6703167998269364,42060.00000035507,4.438411376180783,2206000.0,
0.8313253012048193,1.2817357733735801,2.1108433734939758,1.85449621881926,42070.00000035565,4.270490857880551,2207000.0,
0.7951807228915663,1.457316016301468,2.4,2.1085367967397066,42080.00000035623,4.686015596314774,2208000.0,
0.8192771084337349,1.3475783644715382,2.219277108433735,1.9497614355394275,42090.00000035681,4.414835356689607,2209000.0,
0.7831325301204819,1.022754915054946,1.6843373493975908,1.4797863663866009,42100.000000357395,4.204437814666437,2210000.0,
0.8674698795180723,1.1500505911776644,1.8939759036144577,1.663965785378925,42110.00000035798,3.942972209326477,2211000.0,
0.891566265060241,1.2729567612271857,2.0963855421686746,1.841794189923238,42120.00000035856,3.9748001511570124,2212000.0,
0.8674698795180723,1.3783049069839186,2.269879518072289,1.9942185366755054,42130.00000035914,4.207209823380974,2213000.0,
0.8192771084337349,1.3607468826911298,2.240963855421686,1.9688144788834607,42140.00000035972,4.433849871575456,2214000.0,
0.8674698795180723,1.303683303739566,2.146987951807229,1.8862512910593157,42150.000000360305,4.1222988085299095,2215000.0,
0.8674698795180723,1.3168518219591578,2.1686746987951806,1.905304334403349,42160.00000036089,4.138034739255305,2216000.0,
0.8674698795180723,1.2071141701292283,1.9879518072289157,1.74652897320307,42170.00000036147,4.012087168395835,2217000.0,
0.8313253012048193,1.2202826883488196,2.0096385542168678,1.765582016547104,42180.00000036205,4.202945842561283,2218000.0,
0.7951807228915663,1.11054503651889,1.8289156626506022,1.6068066553468245,42190.000000362634,4.256591485376465,2219000.0,
0.8072289156626506,0.7688483789077235,1.6987951807228916,1.5450255049413468,42200.000000363216,4.095777850171529,2220000.0,
0.8072289156626506,1.1418216350587038,2.52289156626506,2.294527239253319,42210.0000003638,4.232999936024716,2221000.0,
0.8554216867469879,1.1123763779941527,2.4578313253012043,2.235356049702374,42220.00000036438,3.960662526440852,2222000.0,
0.8674698795180723,0.9880519592771593,2.183132530120482,1.9855221382650503,42230.00000036496,3.762890453108227,2223000.0,
0.9156626506024096,1.1778102825820442,2.6024096385542164,2.366847582037808,42240.000000365544,3.7726059665539493,2224000.0,
0.8795180722891566,1.073116035241418,2.3710843373493975,2.1564611303011136,42250.000000366126,3.809156588066171,2225000.0,
0.9036144578313253,1.239972491940541,2.739759036144578,2.49176453775647,42260.00000036671,3.8927668911314672,2226000.0,
0.8433734939759037,1.0469424734062613,2.3132530120481922,2.10386451736694,42270.00000036729,3.9425146470931023,2227000.0,
0.8313253012048193,1.2072555396465954,2.6674698795180722,2.426018771588753,42280.00000036787,4.1930726057169165,2228000.0,
0.7951807228915663,0.8800860167071385,1.9445783132530121,1.7685611099115843,42290.000000368454,3.972832415007495,2229000.0,
0.8433734939759037,0.9913236545065537,2.190361445783132,1.9920967148818218,42300.00000036904,3.8782809046835487,2230000.0,
0.8554216867469879,1.0534858638650506,2.3277108433734943,2.117013670600484,42310.00000036962,3.8968891085155777,2231000.0,
0.8554216867469879,1.1418216350587036,2.52289156626506,2.294527239253319,42320.0000003702,4.000718249488472,2232000.0,
0.927710843373494,1.2432441871699353,2.7469879518072284,2.498339114373241,42330.00000037078,3.7988190589469615,2233000.0,
0.891566265060241,1.0927462066177855,2.414457831325301,2.1959085900017437,42340.000000371365,3.78456398855527,2234000.0,
0.9036144578313253,1.0665726447826287,2.356626506024096,2.14331197706757,42350.00000037195,3.7056710602769907,2235000.0,
0.7951807228915663,0.9553350069832135,2.1108433734939753,1.9197763720973335,42360.00000037253,4.071706145203412,2236000.0,
0.891566265060241,1.0698443400120234,2.363855421686747,2.1498865536843423,42370.00000037311,3.7604983814164687,2237000.0,
0.8313253012048193,1.118919768452942,2.472289156626506,2.2485052029359176,42380.00000037369,4.09261073602054,2238000.0,
0.8795180722891566,1.3577535201987452,3.0,2.728449295960251,42390.000000374275,4.140456742196181,2239000.0,
0.8072289156626506,1.033855692488683,2.2843373493975903,2.0775662108998536,42400.00000037486,4.110594365378931,2240000.0,
0.8072289156626506,1.0829311209296018,2.3927710843373493,2.176184860151429,42410.00000037544,4.171986314044582,2241000.0,
0.8554216867469879,1.1091046827647584,2.4506024096385537,2.2287814730856024,42420.00000037602,3.968105474271934,2242000.0,
0.8795180722891566,1.050214168635656,2.3204819277108433,2.110439093983712,42430.0000003766,3.792980493158825,2243000.0,
0.7951807228915663,1.0829311209296015,2.392771084337349,2.176184860151429,42440.000000377186,4.23701640971203,2244000.0,
0.8313253012048193,1.0044104354241319,2.2192771084337344,2.0183950213489084,42450.00000037777,3.958925596290468,2245000.0,
0.8072289156626506,0.9193463594598731,2.0313253012048187,1.8474560293128448,42460.00000037835,3.97232160953748,2246000.0,
0.8674698795180723,1.0731160352414177,2.3710843373493975,2.1564611303011136,42470.00000037893,3.8742837629011344,2247000.0,
0.8433734939759037,1.1189197684529422,2.472289156626506,2.248505202935917,42480.000000379514,4.039859154077723,2248000.0,
0.8433734939759037,1.079659425700207,2.3855421686746987,2.1696102835346567,42490.000000380096,3.993879033385227,2249000.0,
0.8554216867469879,1.027312302029894,2.269879518072289,2.06441705766631,42500.00000038068,3.8769960714412983,2250000.0,
0.7590361445783133,1.020768911571105,2.255421686746988,2.0512679044327666,42510.00000038126,4.3613272962580165,2251000.0,
0.8072289156626506,1.1091046827647582,2.4506024096385537,2.2287814730856024,42520.00000038184,4.2109774428855316,2252000.0,
0.8072289156626506,1.112376377994153,2.4578313253012043,2.2353560497023737,42530.000000382424,4.215627453393622,2253000.0,
0.7951807228915663,0.9095312737716894,2.009638554216867,1.8277322994625296,42540.00000038301,4.025013571619857,2254000.0,
0.8192771084337349,1.0763877304708123,2.378313253012048,2.1630357069178854,42550.00000038359,4.110882082837355,2255000.0,
0.8674698795180723,0.942248226065635,2.081927710843373,1.8934780656302463,42560.00000038417,3.728422260657121,2256000.0,
0.8554216867469879,0.9193463594598733,2.031325301204819,1.8474560293128446,42570.00000038475,3.7547260259019266,2257000.0,
0.8313253012048193,0.9520633117538191,2.1036144578313247,1.913201795480561,42580.000000385335,3.9034935489773424,2258000.0,
0.891566265060241,1.2334291014817518,2.725301204819277,2.4786153845229264,42590.00000038592,3.955870478741316,2259000.0,
0.8433734939759037,1.187625368270228,2.6240963855421686,2.386571311888123,42600.0000003865,4.128181508147189,2260000.0,
0.8433734939759037,1.1156480732235472,2.465060240963855,2.2419306263191454,42610.00000038708,4.043408429734729,2261000.0,
0.8313253012048193,1.0076821306535264,2.226506024096386,2.02496959796568,42620.00000038766,3.9727161862046616,2262000.0,
0.8433734939759037,1.13200654937052,2.501204819277108,2.2748035094030046,42630.000000388245,4.063947765737636,2263000.0,
0.8554216867469879,1.0109538258829214,2.233734939759036,2.031544174582452,42640.00000038883,3.8657601063685365,2264000.0,
0.8554216867469879,1.0731160352414177,2.371084337349398,2.1564611303011136,42650.00000038941,3.9389919849144173,2265000.0,
0.8313253012048193,1.0927462066177853,2.414457831325301,2.1959085900017437,42660.00000038999,4.077358480480644,2266000.0,
0.8554216867469879,0.9716934831301864,2.146987951807229,1.9526492551811916,42670.00000039057,3.8215543535731844,2267000.0,
0.8433734939759037,1.0763877304708125,2.378313253012048,2.163035706917886,42680.000000391155,4.000856880471005,2268000.0,
0.9036144578313253,1.102561292305969,2.4361445783132534,2.215632319852059,42690.00000039174,3.763631830203876,2269000.0,
0.8674698795180723,1.086202816158996,2.4000000000000004,2.1827594367682006,42700.00000039232,3.902147690904087,2270000.0,
0.9036144578313253,1.148365025517493,2.537349397590361,2.307676392486863,42710.0000003929,3.815387961624691,2271000.0,
0.9036144578313253,1.2367007967111463,2.7325301204819277,2.485189961139698,42720.000000393484,3.913679548412365,2272000.0,
0.8192771084337349,1.0371273877180776,2.2915662650602404,2.0841407875166253,42730.000000394066,4.073549605654485,2273000.0,
0.8554216867469879,1.112376377994153,2.4578313253012043,2.235356049702374,42740.00000039465,3.989958301090445,2274000.0,
0.8554216867469879,1.1516367207468876,2.5445783132530115,2.314250969103634,42750.00000039523,4.036417575012688,2275000.0,
0.8795180722891566,1.0927462066177853,2.414457831325301,2.1959085900017437,42760.00000039581,3.859421029495722,2276000.0,
0.7469879518072289,0.8702709310189548,1.92289156626506,1.748837380061269,42770.000000396394,4.24697237545947,2277000.0,
0.9036144578313253,1.0927462066177853,2.414457831325301,2.1959085900017445,42780.000000396976,3.7575698020425654,2278000.0,
0.8072289156626506,1.1058329875353639,2.4433734939759035,2.222206896468831,42790.00000039756,4.223043850288861,2279000.0,
0.891566265060241,1.3695258948375244,2.255421686746988,1.9815165077794834,42800.00000039814,3.7286975630313863,2280000.0,
0.7951807228915663,1.3300203401787496,2.1903614457831324,1.9243573777473824,42810.00000039872,4.570174064223627,2281000.0,
0.8072289156626506,1.365136388764327,2.2481927710843372,1.9751654933314722,42820.000000399305,4.546061496587533,2282000.0,
0.891566265060241,1.4573160163014685,2.4,2.1085367967397066,42830.00000039989,4.219959856174997,2283000.0,
0.8072289156626506,1.2861252794467777,2.1180722891566264,1.8608472332672712,42840.00000040047,4.449376092507652,2284000.0,
0.8674698795180723,1.3300203401787494,2.190361445783132,1.9243573777473824,42850.00000040105,4.191548447760677,2285000.0,
0.8313253012048193,1.1983351579828339,1.9734939759036143,1.7338269443070475,42860.00000040163,4.21596547994942,2286000.0,
0.8433734939759037,1.4485370041550736,2.3855421686746987,2.095834767843684,42870.000000402215,4.4529767335544035,2287000.0,
0.8192771084337349,1.1456610851044677,1.886746987951807,1.6576147709309137,42880.0000004028,4.214848089229563,2288000.0,
0.8192771084337349,1.071039481860115,1.763855421686747,1.549647525314724,42890.00000040338,4.124354073504873,2289000.0,
0.8072289156626506,1.2597882430075944,2.0746987951807223,1.822741146579204,42900.00000040396,4.4203317040832015,2290000.0,
0.8072289156626506,1.092987012226101,1.7999999999999998,1.5814025975547799,42910.00000040454,4.214294358488252,2291000.0,
0.8433734939759037,1.3475783644715382,2.2192771084337344,1.9497614355394275,42920.000000405125,4.336125775072664,2292000.0,
0.7831325301204819,1.0315339272013406,1.6987951807228916,1.4924883952826233,42930.00000040571,4.266724860948653,2293000.0,
0.8674698795180723,1.2071141701292283,1.9879518072289153,1.7465289732030702,42940.00000040629,4.054864946176102,2294000.0,
0.8674698795180723,1.3080728098127636,2.1542168674698794,1.8926023055073269,42950.00000040687,4.171803378033544,2295000.0,
0.8313253012048193,1.2115036762024252,1.9951807228915661,1.7528799876510814,42960.00000040745,4.237602972880571,2296000.0,
0.927710843373494,1.3739154009107215,2.262650602409638,1.9878675222274942,42970.000000408036,3.9729191984357186,2297000.0,
0.8313253012048193,1.2729567612271857,2.0963855421686746,1.8417941899232377,42980.00000040862,4.312684220084336,2298000.0,
0.8192771084337349,1.3431888583983407,2.2120481927710838,1.9434104210914167,42990.0000004092,4.462418753691579,2299000.0,
0.8795180722891566,1.3783049069839184,2.269879518072289,1.9942185366755059,43000.00000040978,4.1972480449812695,2300000.0,
0.8192771084337349,1.1676086154704535,1.9228915662650599,1.6893698431709696,43010.000000410364,4.24928404541202,2301000.0,
0.8433734939759037,1.1281030608116787,1.8578313253012044,1.6322107131388692,43020.000000410946,4.081605057876306,2302000.0,
0.8313253012048193,1.1061555304456925,1.8216867469879514,1.600455640898813,43030.00000041153,4.1149378120429985,2303000.0,
0.7469879518072289,1.0315339272013404,1.6987951807228916,1.4924883952826236,43040.00000041211,4.480276063898194,2304000.0,
0.7951807228915663,1.2158931822756227,2.0024096385542163,1.759231002099092,43050.00000041269,4.441195971709936,2305000.0,
0.8433734939759037,1.2597882430075942,2.0746987951807228,1.822741146579204,43060.000000413274,4.240031773908739,2306000.0,
0.8072289156626506,1.2729567612271857,2.0963855421686746,1.8417941899232377,43070.00000041386,4.446794196803585,2307000.0,
0.8674698795180723,1.347578364471538,2.2192771084337353,1.9497614355394275,43080.00000041444,4.224566725765608,2308000.0,
0.9036144578313253,1.6460647774489472,2.7108433734939754,2.381630418004186,43090.00000041502,4.386442353763346,2309000.0,
0.7951807228915663,1.088597506152904,1.7927710843373492,1.5750515831067684,43100.0000004156,4.284142318404269,2310000.0,
0.8313253012048193,1.1851666397632419,1.9518072289156627,1.714773900963014,43110.000000416185,4.214617842091915,2311000.0,
0.8795180722891566,1.2992937976663688,2.139759036144578,1.8799002766113049,43120.00000041677,4.113988838497315,2312000.0,
0.8554216867469879,1.2115036762024252,1.995180722891566,1.7528799876510812,43130.00000041735,4.127811339842239,2313000.0,
0.8072289156626506,1.092987012226101,1.7999999999999998,1.5814025975547799,43140.00000041793,4.228025701772633,2314000.0,
0.8674698795180723,1.1939456519096365,1.9662650602409641,1.7274759298590368,43150.00000041851,4.051351237673641,2315000.0,
0.8433734939759037,1.1281030608116787,1.8578313253012047,1.6322107131388692,43160.000000419095,4.0896050578767715,2316000.0,
0.7469879518072289,1.0578709636405235,1.7421686746987948,1.5305944819706905,43170.00000041968,4.523920806228555,2317000.0,
0.7831325301204819,1.11054503651889,1.8289156626506022,1.6068066553468245,43180.00000042026,4.383000585155034,2318000.0,
0.9036144578313253,1.224672194422017,2.016867469879518,1.7719330309951151,43190.00000042084,3.925434561880521,2319000.0,
0.8433734939759037,1.2641777490807917,2.081927710843374,1.8290921610272153,43200.00000042142,4.253236473967425,2320000.0,
0.8072289156626506,1.2466197247880029,2.053012048192771,1.8036881032351701,43210.000000422006,4.422525927782397,2321000.0,
0.7951807228915663,1.272956761227186,2.0963855421686746,1.8417941899232373,43220.00000042259,4.523260775543562,2322000.0,
0.891566265060241,1.3651363887643269,2.2481927710843372,1.975165493331472,43230.00000042317,4.138190814479191,2323000.0,
0.8674698795180723,1.233451206568411,2.031325301204819,1.7846350598911371,43240.00000042375,4.101892363183353,2324000.0,
0.8072289156626506,1.1763876276168477,1.9373493975903615,1.702071872066992,43250.000000424334,4.337910046212299,2325000.0,
0.8554216867469879,1.185166639763242,1.9518072289156623,1.7147739009630143,43260.000000424916,4.104346916963057,2326000.0,
0.8192771084337349,1.2027246640560307,1.9807228915662651,1.7401779587550592,43270.0000004255,4.307440398833542,2327000.0,
0.8554216867469879,1.365136388764327,2.2481927710843372,1.9751654933314722,43280.00000042608,4.315860848893968,2328000.0,
0.891566265060241,1.4660950284478624,2.414457831325301,2.1212388256357286,43290.00000042666,4.254671450881182,2329000.0,
0.8433734939759037,1.2202826883488198,2.0096385542168673,1.7655820165471034,43300.000000427244,4.2069037590998475,2330000.0,
0.8674698795180723,1.1807771336900446,1.9445783132530121,1.708422886515003,43310.000000427826,4.04505975139324,2331000.0,
0.7710843373493976,1.1588296033240588,1.908433734939759,1.6766678142749472,43320.00000042841,4.522854016874044,2332000.0,
0.8313253012048193,1.277346267300383,2.103614457831325,1.8481452043712492,43330.00000042899,4.338254205651827,2333000.0,
0.8433734939759037,1.4002524373499046,2.306024096385542,2.0259736089155616,43340.00000042957,4.422582175772696,2334000.0,
0.8192771084337349,1.1588296033240588,1.9084337349397587,1.6766678142749476,43350.000000430155,4.258568486469791,2335000.0,
0.8072289156626506,1.092987012226101,1.8,1.5814025975547799,43360.00000043074,4.241160030131606,2336000.0,
0.8072289156626506,1.0842080000797067,1.7855421686746986,1.5687005686587574,43370.00000043132,4.230881552398048,2337000.0,
0.7469879518072289,1.1588296033240588,1.9084337349397595,1.676667814274947,43380.0000004319,4.672623501289562,2338000.0,
0.8433734939759037,1.163219109397256,1.9156626506024097,1.6830188287229584,43390.00000043248,4.1443855154861495,2339000.0,
0.8313253012048193,0.8931727976247171,1.9734939759036143,1.7948594163786709,43400.000000433065,4.24726982777733,2340000.0,
0.8192771084337349,1.0927462066177853,2.414457831325301,2.1959085900017437,43410.00000043365,4.181437281666751,2341000.0,
0.8192771084337349,1.0371273877180776,2.291566265060241,2.0841407875166253,43420.00000043423,4.114137840950966,2342000.0,
0.8072289156626506,1.1418216350587038,2.52289156626506,2.2945272392533194,43430.00000043481,4.305835756924476,2343000.0,
0.8795180722891566,0.9651500926713974,2.1325301204819276,1.9395001019476479,43440.00000043539,3.7516062698054227,2344000.0,
0.8433734939759037,1.1581801112056769,2.559036144578313,2.3274001223371776,43450.000000435975,4.141839274773478,2345000.0,
0.8192771084337349,1.0894745113883908,2.4072289156626505,2.1893340133849724,43460.00000043656,4.180385065431045,2346000.0,
0.8433734939759037,1.0992895970765746,2.428915662650602,2.209057743235287,43470.00000043714,4.073154808020465,2347000.0,
0.8554216867469879,0.8833577119365331,1.9518072289156623,1.7751356865283558,43480.00000043772,3.7639223957015693,2348000.0,
0.8554216867469879,1.0240406068004992,2.2626506024096384,2.057842481049539,43490.000000438304,3.928946061528493,2349000.0,
0.8192771084337349,1.1450933302880983,2.5301204819277108,2.3011018158700907,43500.000000438886,4.2506256826175886,2350000.0,
0.8072289156626506,0.9422482260656352,2.081927710843373,1.8934780656302463,43510.00000043947,4.063379145784087,2351000.0,
0.8433734939759037,1.0305839972592885,2.2771084337349397,2.0709916342830823,43520.00000044005,3.994546739665849,2352000.0,
0.8072289156626506,0.9520633117538189,2.1036144578313256,1.9132017954805614,43530.00000044063,4.076732162382952,2353000.0,
0.8674698795180723,1.1221914636823365,2.4795180722891565,2.2550797795526893,43540.000000441214,3.990301270690654,2354000.0,
0.7831325301204819,0.9815085688183702,2.1686746987951806,1.9723729850315066,43550.000000441796,4.241000172554157,2355000.0,
0.8072289156626506,1.0731160352414177,2.3710843373493975,2.1564611303011136,43560.00000044238,4.22848404371844,2356000.0,
0.9036144578313253,1.1254631589117308,2.486746987951807,2.2616543561694606,43570.00000044296,3.835909895916984,2357000.0,
0.8554216867469879,1.0305839972592885,2.2771084337349405,2.070991634283082,43580.00000044354,3.941665799670752,2358000.0,
0.891566265060241,1.1418216350587038,2.52289156626506,2.2945272392533194,43590.000000444124,3.9071756177564487,2359000.0,
0.8072289156626506,1.1483650255174929,2.5373493975903614,2.307676392486863,43600.00000044471,4.324091001821777,2360000.0,
0.9156626506024096,1.164723501664466,2.573493975903615,2.340549275570721,43610.00000044529,3.83041908739816,2361000.0,
0.7951807228915663,1.0240406068004995,2.2626506024096384,2.057842481049539,43620.00000044587,4.234472278311412,2362000.0,
0.8313253012048193,1.020768911571105,2.255421686746988,2.0512679044327666,43630.00000044645,4.047008980645156,2363000.0,
0.8313253012048193,1.0142255211123157,2.240963855421686,2.038118751199223,43640.000000447035,4.039717655890415,2364000.0,
0.8072289156626506,1.0240406068004992,2.262650602409638,2.057842481049539,43650.00000044762,4.173062244306869,2365000.0,
0.7831325301204819,0.9029878833129004,1.9951807228915661,1.814583146228986,43660.0000004482,4.147504527986028,2366000.0,
0.8554216867469879,1.1581801112056764,2.559036144578313,2.3274001223371776,43670.00000044878,4.0958978765379515,2367000.0,
0.927710843373494,1.2563309680875137,2.775903614457831,2.524637420840328,43680.00000044936,3.883055459160901,2368000.0,
0.8554216867469879,1.0534858638650506,2.3277108433734934,2.117013670600484,43690.000000449945,3.9746355873933417,2369000.0,
0.8554216867469879,1.0763877304708125,2.3783132530120477,2.1630357069178854,43700.00000045053,4.001971572298702,2370000.0,
0.8554216867469879,1.0763877304708125,2.378313253012048,2.163035706917886,43710.00000045111,4.002534952580425,2371000.0,
0.8554216867469879,1.223614015793568,2.703614457831325,2.4588916546726116,43720.00000045169,4.175207934014101,2372000.0,
0.8554216867469879,1.2007121491878063,2.653012048192771,2.4128696183552094,43730.00000045227,4.148998709672188,2373000.0,
0.8554216867469879,1.269417749005092,2.8048192771084337,2.550935727307415,43740.000000452856,4.2298799038248225,2374000.0,
0.8433734939759037,1.135278244599915,2.5084337349397585,2.281378086019776,43750.00000045344,4.131827061513357,2375000.0,
0.8072289156626506,1.1712668921232552,2.587951807228915,2.353698428804264,43760.00000045402,4.362014209707082,2376000.0,
0.8313253012048193,0.9389765308362407,2.0746987951807228,1.8869034890134748,43770.0000004546,3.956736986428329,2377000.0,
0.8554216867469879,1.0469424734062613,2.3132530120481927,2.10386451736694,43780.000000455184,3.972056694322095,2378000.0,
0.8192771084337349,1.0927462066177853,2.414457831325301,2.195908590001744,43790.000000455766,4.203790222844523,2379000.0,
0.8554216867469879,1.141821635058704,2.52289156626506,2.2945272392533194,43800.00000045635,4.084098531183466,2380000.0,
0.8554216867469879,1.1679951968938602,2.5807228915662646,2.3471238521874924,43810.00000045693,4.115259173892203,2381000.0,
0.8433734939759037,1.1156480732235474,2.465060240963855,2.2419306263191454,43820.00000045751,4.112551286881612,2382000.0,
0.8072289156626506,1.0894745113883908,2.407228915662651,2.1893340133849724,43830.000000458094,4.264868424617867,2383000.0,
0.8072289156626506,0.9586067022126081,2.1180722891566264,1.9263509487141044,43840.00000045868,4.103345616235963,2384000.0,
0.8554216867469879,1.004410435424132,2.219277108433735,2.018395021348908,43850.00000045926,3.926279804850257,2385000.0,
0.8554216867469879,1.269417749005092,2.804819277108433,2.550935727307415,43860.00000045984,4.236640467205498,2386000.0,
0.8313253012048193,0.9258897499186626,2.0457831325301203,1.860605182546388,43870.00000046042,3.946792018078536,2387000.0,
0.7710843373493976,1.0142255211123157,2.240963855421686,2.038118751199223,43880.000000461005,4.370320597757727,2388000.0,
0.8313253012048193,1.020768911571105,2.255421686746988,2.0512679044327666,43890.00000046159,4.06208144441415,2389000.0,
0.8554216867469879,1.1745385873526495,2.5951807228915658,2.3602730054210364,43900.00000046217,4.127978912034463,2390000.0,
0.8554216867469879,1.0174972163417102,2.2481927710843372,2.0446933278159953,43910.00000046275,3.9449587177541026,2391000.0,
0.927710843373494,1.2825045299226703,2.833734939759036,2.5772340337745017,43920.00000046333,3.9237360517891333,2392000.0,
0.8313253012048193,1.0142255211123157,2.2409638554216866,2.0381187511992236,43930.000000463915,4.056529250094292,2393000.0,
0.8072289156626506,0.9716934831301864,2.1469879518072283,1.9526492551811916,43940.0000004645,4.125527747820772,2394000.0,
0.8072289156626506,1.0305839972592887,2.2771084337349397,2.070991634283082,43950.00000046508,4.199078683234471,2395000.0,
0.8433734939759037,1.0076821306535264,2.2265060240963854,2.02496959796568,43960.00000046566,3.9925345264061947,2396000.0,
0.8674698795180723,1.164723501664466,2.573493975903614,2.3405492755707216,43970.00000046624,4.063220147810332,2397000.0,
0.8313253012048193,0.9258897499186624,2.0457831325301203,1.8606051825463876,43980.000000466825,3.9531688296731096,2398000.0,
0.8072289156626506,0.98150856881837,2.1686746987951806,1.9723729850315062,43990.00000046741,4.140671809195861,2399000.0,
0.8554216867469879,1.7514129232056797,2.88433734939759,2.5340547647564544,44000.00000046799,4.286599026986762,2400000.0,
0.8571428571428571,1.331535764894496,2.192857142857142,1.9265499898782439,44010.00000046857,4.276233392435281,2401000.0,
0.8095238095238095,1.171057513099394,1.9285714285714286,1.6943599259515503,44020.000000469154,4.330126928008148,2402000.0,
0.7738095238095238,1.14069676275978,1.8785714285714283,1.6504320760194726,44030.000000469736,4.491358893477366,2403000.0,
0.7976190476190477,1.1797320131964264,1.942857142857143,1.7069107402178578,44040.00000047032,4.406825210637454,2404000.0,
0.7738095238095238,1.2274417637301056,2.0214285714285714,1.7759402186825508,44050.0000004709,4.604690894731397,2405000.0,
0.8690476190476191,1.2404535138756543,2.0428571428571427,1.794766440082012,44060.00000047148,4.115587605065332,2406000.0,
0.8690476190476191,1.2187672636330729,2.0071428571428567,1.7633894044162421,44070.000000472064,4.091181508895818,2407000.0,
0.8214285714285714,1.3402102649915286,2.207142857142857,1.9391008041445517,44080.000000472646,4.476774815413149,2408000.0,
0.8452380952380952,1.366233765282626,2.2499999999999996,1.9767532469434752,44090.00000047323,4.382020229407913,2409000.0,
0.8571428571428571,1.1580457629538452,1.907142857142857,1.6755337045520882,44100.00000047381,4.07882839017148,2410000.0,
0.8690476190476191,1.1493712628568127,1.8928571428571428,1.6629828902857804,44110.00000047439,4.013520357317782,2411000.0,
0.8571428571428571,1.3879200155252076,2.2857142857142856,2.0081302826092444,44120.000000474975,4.348126129282578,2412000.0,
0.7857142857142857,1.2447907639241707,2.05,1.801041847215166,44130.00000047556,4.561851881422133,2413000.0,
0.7619047619047619,0.980218510964678,1.6142857142857143,1.4182420120927786,44140.00000047614,4.357783670707278,2414000.0,
0.8928571428571429,1.2144300135845572,1.9999999999999996,1.7571139972830887,44150.00000047672,3.98149228193784,2415000.0,
0.7857142857142857,1.4009317656707563,2.307142857142857,2.026956504008706,44160.0000004773,4.762394974554258,2416000.0,
0.8452380952380952,1.2274417637301058,2.0214285714285714,1.7759402186825508,44170.000000477885,4.222322650106602,2417000.0,
0.8571428571428571,1.262139764118236,2.0785714285714283,1.8261434757477817,44180.00000047847,4.204715835974639,2418000.0,
0.8571428571428571,1.2231045136815892,2.0142857142857142,1.7696648115493965,44190.00000047905,4.159730266020805,2419000.0,
0.7857142857142857,1.1363595127112638,1.8714285714285717,1.6441566688863187,44200.00000047963,4.428090895030196,2420000.0,
0.7619047619047619,1.1710575130993939,1.9285714285714282,1.6943599259515498,44210.00000048021,4.612634861009347,2421000.0,
0.8214285714285714,1.123347762565715,1.8499999999999994,1.6253304474868573,44220.000000480795,4.220884232750312,2422000.0,
0.8928571428571429,1.1667202630508775,1.9214285714285715,1.6880845188183957,44230.00000048138,3.932324028007033,2423000.0,
0.8690476190476191,1.3618965152341096,2.242857142857143,1.970477839810321,44240.00000048196,4.265193250464677,2424000.0,
0.8333333333333334,1.2187672636330729,2.007142857142857,1.7633894044162428,44250.00000048254,4.27680357356338,2425000.0,
0.8333333333333334,1.314186764700431,2.164285714285714,1.9014483613456286,44260.00000048312,4.391878403415672,2426000.0,
0.8214285714285714,1.2231045136815892,2.0142857142857142,1.7696648115493967,44270.000000483706,4.345225784833574,2427000.0,
0.8214285714285714,1.1710575130993939,1.9285714285714286,1.6943599259515496,44280.00000048429,4.282443929052384,2428000.0,
0.8333333333333334,1.492014016689598,2.457142857142857,2.1587400538049377,44290.00000048487,4.606985391517058,2429000.0,
0.8452380952380952,1.283826014360817,2.114285714285714,1.857520511413551,44300.00000048545,4.296354721275757,2430000.0,
0.75,1.1059987623716498,1.8214285714285714,1.6002288189542413,44310.000000486034,4.605455492753825,2431000.0,
0.7619047619047619,1.1363595127112638,1.871428571428571,1.644156668886319,44320.000000486616,4.573968735500327,2432000.0,
0.8571428571428571,1.2751515142637846,2.1,1.8449696971472433,44330.0000004872,4.228229544478264,2433000.0,
0.8809523809523809,1.3011750145548822,2.142857142857143,1.8826221399461665,44340.00000048778,4.144033800363371,2434000.0,
0.8095238095238095,1.2187672636330729,2.007142857142857,1.7633894044162426,44350.00000048836,4.408474266903822,2435000.0,
0.8928571428571429,1.348884765088561,2.221428571428571,1.9516516184108592,44360.000000488944,4.1432816036229765,2436000.0,
0.9047619047619048,1.648155018436184,2.7142857142857144,2.3846547105984777,44370.00000048953,4.420063441485867,2437000.0,
0.7619047619047619,1.3011750145548822,2.142857142857143,1.8826221399461665,44380.00000049011,4.794039081670294,2438000.0,
0.8452380952380952,1.205755513487524,1.9857142857142855,1.7445631830167811,44390.00000049069,4.209060044186522,2439000.0,
0.8095238095238095,1.3141867647004308,2.1642857142857137,1.9014483613456281,44400.00000049127,4.529286591751905,2440000.0,
0.8928571428571429,1.4790022665440494,2.4357142857142855,2.139913832405476,44410.000000491855,4.291679871919945,2441000.0,
0.8095238095238095,1.092987012226101,1.8000000000000003,1.5814025975547799,44420.00000049244,4.2572163092836846,2442000.0,
0.8333333333333334,1.2621397641182357,2.0785714285714287,1.8261434757477817,44430.00000049302,4.339136288431889,2443000.0,
0.7976190476190477,1.1797320131964266,1.9428571428571426,1.706910740217858,44440.0000004936,4.430705807653769,2444000.0,
0.8809523809523809,1.4399670161074032,2.3714285714285714,2.083435168207091,44450.00000049418,4.307527423747661,2445000.0,
0.8809523809523809,1.379245515428175,2.2714285714285714,1.9955794683429362,44460.000000494765,4.23914085540911,2446000.0,
0.7261904761904762,1.1059987623716498,1.8214285714285718,1.6002288189542413,44470.00000049535,4.7669458367791515,2447000.0,
0.8214285714285714,1.3575592651855939,2.2357142857142853,1.9642024326771672,44480.00000049593,4.521083743186984,2448000.0,
0.7976190476190477,1.1363595127112638,1.871428571428571,1.6441566688863187,44490.00000049651,4.379313418985977,2449000.0,
0.8214285714285714,1.3271985148459795,2.185714285714286,1.9202745827450896,44500.00000049709,4.485282250019985,2450000.0,
0.8571428571428571,1.4399670161074027,2.3714285714285714,2.0834351682070906,44510.000000497676,4.430514296629734,2451000.0,
0.8095238095238095,1.1840692632449428,1.9500000000000002,1.7131861473510117,44520.00000049826,4.3756120311308315,2452000.0,
0.75,1.1190105125171985,1.8428571428571427,1.6190550403537034,44530.00000049884,4.636772746916958,2453000.0,
0.8452380952380952,1.218767263633073,2.0071428571428576,1.7633894044162426,44540.00000049942,4.232904931683156,2454000.0,
0.7976190476190477,1.1840692632449428,1.9500000000000002,1.7131861473510117,44550.000000500004,4.442710718162739,2455000.0,
0.7976190476190477,1.2447907639241709,2.0500000000000003,1.801041847215166,44560.000000500586,4.519436181700911,2456000.0,
0.7976190476190477,1.266477014166752,2.0857142857142854,1.8324188828809356,44570.00000050117,4.547221928273733,2457000.0,
0.8690476190476191,1.2968377645063658,2.1357142857142852,1.8763467328130126,44580.00000050175,4.208961263326987,2458000.0,
0.8214285714285714,1.145034012808296,1.8857142857142857,1.6567074831526267,44590.00000050233,4.268734160583109,2459000.0,
0.8095238095238095,0.7176697178193369,1.5857142857142856,1.4421803421504182,44600.000000502914,4.107071160427521,2460000.0,
0.8214285714285714,1.0183151401490593,2.2499999999999996,2.046336971970188,44610.000000503496,4.115627127200917,2461000.0,
0.8214285714285714,0.8793070416525209,1.9428571428571426,1.7669957345266387,44620.00000050408,3.9469795870022657,2462000.0,
0.8333333333333334,1.008616900719068,2.228571428571428,2.0268480484276146,44630.00000050466,4.0463374237821235,2463000.0,
0.8452380952380952,0.96659119652244,2.1357142857142857,1.9423960464097978,44640.00000050524,3.9401895846793558,2464000.0,
0.8571428571428571,1.2446073935155164,2.7499999999999996,2.501078521296896,44650.000000505825,4.210372514717431,2465000.0,
0.8333333333333334,0.9277982388024759,2.05,1.8644403522395048,44660.00000050641,3.9510693151965985,2466000.0,
0.8571428571428571,1.1831852104589067,2.6142857142857143,2.3776486721939327,44670.00000050699,4.139824412262561,2467000.0,
0.7857142857142857,0.9989186612890768,2.207142857142857,2.0073591248850415,44680.00000050757,4.282257084130925,2468000.0,
0.7857142857142857,0.9310309852791396,2.0571428571428574,1.8709366600870287,44690.00000050815,4.1964606479971005,2469000.0,
0.8690476190476191,1.1282285203556242,2.4928571428571424,2.2672114387860183,44700.000000508735,4.021520489236105,2470000.0,
0.8928571428571429,1.1346940133089516,2.507142857142857,2.2802040544810662,44710.00000050932,3.922054628297567,2471000.0,
0.7738095238095238,0.8211176050725745,1.8142857142857136,1.6500621932711996,44720.0000005099,4.120825828160987,2472000.0,
0.7857142857142857,0.9568929570924489,2.1142857142857143,1.9229071228672245,44730.00000051048,4.231800127274787,2473000.0,
0.7738095238095238,0.9019362669891665,1.9928571428571427,1.8124698894593094,44740.00000051106,4.226499175868655,2474000.0,
0.9047619047619048,1.2219781681788706,2.6999999999999993,2.4556043663642253,44750.000000511645,3.9690258701500003,2475000.0,
0.8809523809523809,0.837281337455893,1.85,1.682543732508822,44760.00000051223,3.6401544912253,2476000.0,
0.8690476190476191,1.1185302809256332,2.4714285714285715,2.2477225152434444,44770.00000051281,4.014196487700448,2477000.0,
0.8333333333333334,1.189650703412234,2.6285714285714286,2.390641287888981,44780.00000051339,4.272149415585851,2478000.0,
0.7976190476190477,1.002151407765741,2.214285714285714,2.0138554327325657,44790.000000513974,4.22896295905532,2479000.0,
0.8571428571428571,1.0506426049156956,2.321428571428571,2.111300050445432,44800.000000514556,3.992413594684791,2480000.0,
0.8571428571428571,1.121763027402297,2.4785714285714286,2.254218823090969,44810.00000051514,4.075942976474747,2481000.0,
0.7976190476190477,0.9310309852791395,2.057142857142857,1.8709366600870292,44820.00000051572,4.141588101012521,2482000.0,
0.8333333333333334,1.0862028161589963,2.4,2.1827594367682,44830.0000005163,4.150869093739274,2483000.0,
0.9047619047619048,1.118530280925633,2.471428571428571,2.2477225152434444,44840.000000516884,3.8594255737124867,2484000.0,
0.8809523809523809,0.9924531683357495,2.192857142857143,1.9943665091899927,44850.000000517466,3.821160353305421,2485000.0,
0.7857142857142857,0.9762894359524312,2.1571428571428566,1.9618849699523708,44860.00000051805,4.264365342794012,2486000.0,
0.7976190476190477,0.9277982388024758,2.0499999999999994,1.8644403522395046,44870.00000051863,4.140520180056877,2487000.0,
0.8809523809523809,1.0765045767290051,2.3785714285714286,2.163270513225627,44880.00000051921,3.9181916817519133,2488000.0,
0.8809523809523809,1.0474098584390321,2.314285714285714,2.1048037425979076,44890.000000519794,3.885705785314678,2489000.0,
0.8452380952380952,1.1217630274022967,2.4785714285714286,2.2542188230909694,44900.00000052038,4.138421046566235,2490000.0,
0.8452380952380952,1.0829700696823328,2.3928571428571423,2.176263128920676,44910.00000052096,4.093088533207438,2491000.0,
0.8333333333333334,1.1767197175055792,2.599999999999999,2.364656056498884,44920.00000052154,4.26463223249833,2492000.0,
0.8214285714285714,0.9439619711857943,2.0857142857142854,1.8969218914771269,44930.00000052212,4.043660950493094,2493000.0,
0.8928571428571429,1.0053841542424042,2.2214285714285715,2.02035174058009,44940.000000522705,3.7894942528104147,2494000.0,
0.8571428571428571,1.1896507034122341,2.6285714285714286,2.3906412878889816,44950.00000052329,4.1629230429312365,2495000.0,
0.8571428571428571,0.9989186612890768,2.2071428571428573,2.0073591248850415,44960.00000052387,3.9409578826764755,2496000.0,
0.8095238095238095,1.1023665485423149,2.435714285714286,2.2152409760058225,44970.00000052445,4.301155736499714,2497000.0,
0.8452380952380952,1.0409443654857047,2.3000000000000003,2.0918111269028588,44980.00000052503,4.0473116437356005,2498000.0,
0.8214285714285714,1.0441771119623682,2.3071428571428565,2.098307434750384,44990.000000525615,4.169140252308257,2499000.0,
0.7976190476190477,0.9795221824290947,2.164285714285714,1.968381277799895,45000.0000005262,4.213129303410105,2500000.0,
0.8452380952380952,1.0538753513923593,2.3285714285714283,2.1177963582929564,45010.00000052678,4.064300415794277,2501000.0,
0.8690476190476191,1.0247806331023863,2.2642857142857142,2.059329587665237,45020.00000052736,3.9200188107539478,2502000.0,
0.7619047619047619,1.0538753513923595,2.3285714285714283,2.117796358292957,45030.00000052794,4.510083273771848,2503000.0,
0.8571428571428571,1.099133802065651,2.4285714285714284,2.2087446681582983,45040.000000528526,4.062319991360515,2504000.0,
0.75,1.1120647879723056,2.4571428571428564,2.234729899548396,45050.00000052911,4.660527653874896,2505000.0,
0.8095238095238095,1.0635735908223503,2.35,2.1372852818355295,45060.00000052969,4.258529141669477,2506000.0,
0.8571428571428571,1.1670214780755888,2.5785714285714283,2.3451671329563104,45070.00000053027,4.143188946705539,2507000.0,
0.8452380952380952,1.0247806331023863,2.2642857142857142,2.0593295876652364,45080.000000530854,4.033822157535947,2508000.0,
0.8452380952380952,0.9439619711857942,2.0857142857142854,1.8969218914771264,45090.000000531436,3.9387690927332506,2509000.0,
0.8214285714285714,1.1637887315989246,2.571428571428571,2.338670825108786,45100.00000053202,4.3211312095473335,2510000.0,
0.8571428571428571,1.137926759785615,2.5142857142857147,2.2867003623285913,45110.0000005326,4.111467330922922,2511000.0,
0.7976190476190477,0.9730566894757676,2.1499999999999995,1.9553886621048462,45120.00000053318,4.212187491349635,2512000.0,
0.8809523809523809,1.1670214780755883,2.5785714285714283,2.3451671329563104,45130.000000533764,4.034454110308281,2513000.0,
0.7976190476190477,1.0538753513923595,2.3285714285714287,2.117796358292956,45140.000000534346,4.314706410767521,2514000.0,
0.7976190476190477,0.898703520512503,1.9857142857142855,1.8059735816117848,45150.00000053493,4.120759637724152,2515000.0,
0.8928571428571429,1.1540904921689334,2.5500000000000003,2.319181901566213,45160.00000053551,3.9677786846221434,2516000.0,
0.9166666666666666,1.2575383794221713,2.7785714285714285,2.527063752686994,45170.00000053609,3.978091219167988,2517000.0,
0.8214285714285714,0.9504274641391216,2.0999999999999996,1.9099145071721755,45180.000000536675,4.06602473901683,2518000.0,
0.7976190476190477,1.08943556263566,2.4071428571428575,2.189255744615725,45190.00000053726,4.362274436804071,2519000.0,
0.8571428571428571,1.422618015913338,2.3428571428571425,2.058333539674475,45200.00000053784,4.025950429576629,2520000.0,
0.8214285714285714,1.2621397641182357,2.0785714285714283,1.8261434757477812,45210.00000053842,4.447239712904548,2521000.0,
0.8214285714285714,1.2231045136815892,2.0142857142857142,1.7696648115493965,45220.000000539,4.400298248604896,2522000.0,
0.8809523809523809,1.3228612647974636,2.1785714285714284,1.9139991756119357,45230.000000539585,4.216758733073968,2523000.0,
0.8333333333333334,1.4443042661559193,2.3785714285714286,2.089710575340245,45240.00000054017,4.604019405165517,2524000.0,
0.8928571428571429,1.5267120170777286,2.5142857142857142,2.2089433108701693,45250.00000054075,4.389914792520273,2525000.0,
0.8095238095238095,1.262139764118236,2.0785714285714283,1.8261434757477812,45260.00000054133,4.515581473388609,2526000.0,
0.8333333333333334,1.092987012226101,1.8000000000000003,1.5814025975547799,45270.00000054191,4.18415298616412,2527000.0,
0.8333333333333334,1.3228612647974634,2.1785714285714284,1.9139991756119357,45280.000000542495,4.460573517821217,2528000.0,
0.8809523809523809,1.4399670161074027,2.3714285714285714,2.083435168207091,45290.00000054308,4.352932829155709,2529000.0,
0.8095238095238095,1.1970810133904917,1.9714285714285713,1.7320123687504734,45300.00000054366,4.437567722489768,2530000.0,
0.8571428571428571,1.344547515040045,2.214285714285714,1.9453762112777053,45310.00000054424,4.363635989831515,2531000.0,
0.7738095238095238,1.3185240147489472,2.1714285714285713,1.9077237684787822,45320.000000544824,4.800551034514141,2532000.0,
0.7857142857142857,1.3141867647004308,2.164285714285714,1.9014483613456281,45330.000000545406,4.72290133695979,2533000.0,
0.8928571428571429,1.1450340128082965,1.8857142857142857,1.6567074831526267,45340.00000054599,3.9672354277387885,2534000.0,
0.8809523809523809,1.331535764894496,2.1928571428571426,1.926549989878244,45350.00000054657,4.233091949400707,2535000.0,
0.8214285714285714,1.2621397641182357,2.0785714285714283,1.8261434757477817,45360.00000054715,4.455935365078966,2536000.0,
0.7619047619047619,1.1190105125171985,1.8428571428571427,1.619055040353703,45370.000000547734,4.616823172749436,2537000.0,
0.8333333333333334,1.2925005144578496,2.1285714285714286,1.870071325679859,45380.000000548316,4.429854903128299,2538000.0,
0.7857142857142857,1.0669635119350036,1.7571428571428571,1.5437501547558565,45390.0000005489,4.411889924349458,2539000.0,
0.7976190476190477,1.2447907639241704,2.05,1.8010418472151657,45400.00000054948,4.569585435435172,2540000.0,
0.8690476190476191,1.2578025140697193,2.071428571428571,1.8198680686146274,45410.00000055006,4.209523440909384,2541000.0,
0.7857142857142857,1.2491280139726868,2.057142857142857,1.80731725434832,45420.000000550644,4.645553836033888,2542000.0,
0.8571428571428571,1.413943515816305,2.3285714285714283,2.0457827254081677,45430.00000055123,4.451264657404206,2543000.0,
0.7857142857142857,1.3011750145548817,2.142857142857143,1.8826221399461665,45440.00000055181,4.713007594350691,2544000.0,
0.8095238095238095,1.2361162638271384,2.0357142857142856,1.7884910329488581,45450.00000055239,4.494611267147315,2545000.0,
0.7857142857142857,1.2447907639241704,2.05,1.801041847215166,45460.00000055297,4.642457942032887,2546000.0,
0.8452380952380952,1.1450340128082963,1.885714285714285,1.6567074831526267,45470.000000553555,4.198065592682245,2547000.0,
0.7976190476190477,1.3358730149430127,2.2,1.9328253970113978,45480.00000055414,4.68855422775758,2548000.0,
0.8452380952380952,1.439967016107403,2.3714285714285714,2.083435168207091,45490.00000055472,4.5481271740502685,2549000.0,
0.7857142857142857,1.14069676275978,1.8785714285714283,1.6504320760194728,45500.0000005553,4.512398910248047,2550000.0,
0.8690476190476191,1.36189651523411,2.242857142857143,1.9704778398103209,45510.00000055588,4.3347822915646175,2551000.0,
0.7380952380952381,0.9715440108676454,1.6,1.4056911978264708,45520.000000556465,4.575637047055426,2552000.0,
0.8333333333333334,1.3358730149430122,2.1999999999999997,1.9328253970113978,45530.00000055705,4.490473332282422,2553000.0,
0.8214285714285714,1.1667202630508775,1.9214285714285713,1.688084518818396,45540.00000055763,4.350207276823659,2554000.0,
0.8571428571428571,1.1753947631479105,1.9357142857142853,1.7006353330847037,45550.00000055821,4.179624445958134,2555000.0,
0.7976190476190477,1.3575592651855937,2.2357142857142853,1.964202432677167,45560.00000055879,4.720519078808259,2556000.0,
0.8571428571428571,1.3445475150400452,2.214285714285714,1.9453762112777055,45570.000000559376,4.3780804342768,2557000.0,
0.7857142857142857,1.1884065132934591,1.9571428571428569,1.7194615544841656,45580.00000055996,4.57796889577604,2558000.0,
0.8333333333333334,1.3749082653796587,2.2642857142857147,1.9893040612097825,45590.00000056054,4.540744204235168,2559000.0,
0.8571428571428571,1.2274417637301058,2.0214285714285714,1.7759402186825508,45600.00000056112,4.243123724415302,2560000.0,
0.8095238095238095,1.0669635119350034,1.7571428571428571,1.5437501547558565,45610.000000561704,4.2950696324575794,2561000.0,
0.8571428571428571,1.3358730149430122,2.1999999999999997,1.932825397011398,45620.000000562286,4.3707379619415345,2562000.0,
0.8214285714285714,1.1450340128082965,1.8857142857142857,1.6567074831526265,45630.00000056287,4.3290240156590825,2563000.0,
0.7619047619047619,1.0626262618864872,1.7499999999999996,1.5374747476227024,45640.00000056345,4.559693843797609,2564000.0,
0.8095238095238095,1.32719851484598,2.1857142857142855,1.92027458274509,45650.00000056403,4.618889341935981,2565000.0,
0.8928571428571429,1.4529787662529519,2.3928571428571423,2.1022613896065527,45660.000000564614,4.329200218264463,2566000.0,
0.8214285714285714,1.1450340128082963,1.8857142857142857,1.656707483152626,45670.0000005652,4.331342856238927,2567000.0,
0.8095238095238095,1.2578025140697193,2.071428571428571,1.819868068614628,45680.00000056578,4.534929576271292,2568000.0,
0.8095238095238095,1.2447907639241707,2.0499999999999994,1.801041847215166,45690.00000056636,4.5194444731503545,2569000.0,
0.8333333333333334,1.2447907639241702,2.05,1.801041847215166,45700.00000056694,4.390888916774663,2570000.0,
0.7976190476190477,1.2447907639241707,2.05,1.801041847215166,45710.000000567525,4.588092898122817,2571000.0,
0.7738095238095238,1.145034012808296,1.8857142857142855,1.6567074831526265,45720.00000056811,4.60096395508458,2572000.0,
0.8452380952380952,1.3445475150400452,2.214285714285714,1.9453762112777049,45730.00000056869,4.448757623492491,2573000.0,
0.8214285714285714,1.1667202630508777,1.921428571428572,1.6880845188183964,45740.00000056927,4.361801479722885,2574000.0,
0.75,1.07130076198352,1.7642857142857145,1.5500255618890104,45750.00000056985,4.650620063670212,2575000.0,
0.8214285714285714,1.0192537614013244,1.6785714285714282,1.4747206762911638,45760.000000570435,4.183436463222048,2576000.0,
0.8571428571428571,1.3488847650885611,2.2214285714285715,1.9516516184108592,45770.00000057102,4.39425167044516,2577000.0,
0.7857142857142857,1.2404535138756543,2.0428571428571427,1.7947664400820125,45780.0000005716,4.6563317450025705,2578000.0,
0.8690476190476191,1.2361162638271381,2.0357142857142856,1.7884910329488581,45790.00000057218,4.205391317343789,2579000.0,
0.8571428571428571,1.0474098584390323,2.314285714285714,2.104803742597907,45800.00000057276,4.461699962847755,2580000.0,
0.8214285714285714,1.040944365485705,2.3,2.091811126902859,45810.000000573345,4.212740966745231,2581000.0,
0.8095238095238095,1.0959010555889874,2.4214285714285717,2.2022483603107736,45820.00000057393,4.34316895108969,2582000.0,
0.8452380952380952,1.047409858439032,2.314285714285714,2.1048037425979076,45830.00000057451,4.102848283288802,2583000.0,
0.8333333333333334,0.9698239429991039,2.1428571428571423,1.948892354257322,45840.00000057509,4.068928731665048,2584000.0,
0.8690476190476191,0.995685914812413,2.1999999999999997,2.0008628170375173,45850.000000575674,3.932019408888681,2585000.0,
0.8928571428571429,1.1314612668322876,2.5,2.273707746633542,45860.000000576256,3.9797672855806057,2586000.0,
0.8809523809523809,1.057108097869023,2.3357142857142863,2.1242926661404806,45870.00000057684,3.9496875706166703,2587000.0,
0.8571428571428571,1.0474098584390321,2.3142857142857136,2.104803742597908,45880.00000057742,4.048642057132176,2588000.0,
0.7619047619047619,0.9342637317558036,2.0642857142857145,1.8774329679345532,45890.000000578,4.406843023001997,2589000.0,
0.8571428571428571,0.9310309852791395,2.057142857142857,1.8709366600870287,45900.000000578584,3.913977816223477,2590000.0,
0.8452380952380952,1.1379267597856153,2.5142857142857133,2.286700362328591,45910.000000579166,4.2144457440371355,2591000.0,
0.7738095238095238,0.898703520512503,1.9857142857142858,1.8059735816117848,45920.00000057975,4.294936857349194,2592000.0,
0.8809523809523809,1.0862028161589963,2.3999999999999995,2.1827594367682,45930.00000058033,3.985957250837909,2593000.0,
0.7738095238095238,0.9084017599424938,2.007142857142857,1.8254625051543583,45940.00000058091,4.3087007359972525,2594000.0,
0.8452380952380952,1.0797373232056688,2.3857142857142852,2.1697668210731513,45950.000000581495,4.147855424703246,2595000.0,
0.8214285714285714,1.0603408443456868,2.3428571428571425,2.130788973988005,45960.00000058208,4.245049723618758,2596000.0,
0.8095238095238095,0.8502123233625474,1.8785714285714281,1.708528963898919,45970.00000058266,4.048494634810484,2597000.0,
0.8214285714285714,0.8663760557458661,1.9142857142857141,1.7410105031365406,45980.00000058324,4.010078096917595,2598000.0,
0.8571428571428571,1.08943556263566,2.407142857142857,2.189255744615725,45990.00000058382,4.1037831564730425,2599000.0,
0.8928571428571429,1.3157278160021175,2.9071428571428566,2.643997293942433,46000.000000584405,4.1936124873179175,2600000.0,
0.7738095238095238,1.031246126055714,2.2785714285714285,2.0723222033602857,46010.00000058499,4.471761147589972,2601000.0,
0.8809523809523809,1.2219781681788706,2.6999999999999997,2.4556043663642253,46020.00000058557,4.144945488266158,2602000.0,
0.8095238095238095,0.9633584500457766,2.1285714285714286,1.9358997385622734,46030.00000058615,4.191792791301737,2603000.0,
0.8928571428571429,1.0894355626356598,2.407142857142857,2.189255744615725,46040.00000058673,3.9422984968809427,2604000.0,
0.8333333333333334,1.0053841542424042,2.221428571428571,2.0203517405800904,46050.000000587315,4.123600985157707,2605000.0,
0.8095238095238095,0.9601257035691126,2.1214285714285714,1.9294034307147487,46060.0000005879,4.189564104477726,2606000.0,
0.8214285714285714,0.9795221824290947,2.164285714285714,1.9683812777998955,46070.00000058848,4.153038598967046,2607000.0,
0.8452380952380952,1.1152975344489695,2.464285714285714,2.24122620739592,46080.00000058906,4.197250604202789,2608000.0,
0.8690476190476191,1.0377116190090412,2.2928571428571427,2.085314819055334,46090.00000058964,3.9935284383759773,2609000.0,
0.8333333333333334,0.9277982388024761,2.05,1.8644403522395046,46100.000000590226,4.033355029487103,2610000.0,
0.8095238095238095,1.0797373232056688,2.3857142857142852,2.1697668210731518,46110.00000059081,4.340260811087761,2611000.0,
0.7857142857142857,1.1023665485423149,2.4357142857142855,2.215240976005822,46120.00000059139,4.501190758821944,2612000.0,
0.8095238095238095,0.9051690134658299,2.0,1.8189661973068334,46130.00000059197,4.1257940755268505,2613000.0,
0.8928571428571429,1.2575383794221713,2.778571428571428,2.527063752686994,46140.000000592554,4.135906985015478,2614000.0,
0.7619047619047619,1.0118496471957317,2.2357142857142853,2.033344356275139,46150.000000593136,4.524924537017848,2615000.0,
0.8452380952380952,1.0959010555889874,2.4214285714285717,2.2022483603107736,46160.00000059372,4.178809699636312,2616000.0,
0.8809523809523809,1.0926683091123235,2.414285714285714,2.195752052463249,46170.0000005943,4.006269432028929,2617000.0,
0.8690476190476191,1.3739172525820638,3.0357142857142856,2.7609308351978723,46180.00000059488,4.385326701665769,2618000.0,
0.8214285714285714,1.1670214780755883,2.5785714285714283,2.345167132956311,46190.000000595464,4.3882551327979655,2619000.0,
0.8214285714285714,1.057108097869023,2.335714285714286,2.124292666140481,46200.00000059605,4.255027249647976,2620000.0,
0.8095238095238095,0.8114193656425835,1.7928571428571425,1.6305732697286257,46210.00000059663,4.014691569392527,2621000.0,
0.8333333333333334,1.0247806331023865,2.264285714285714,2.059329587665237,46220.00000059721,4.156591045504538,2622000.0,
0.7261904761904762,0.960125703569113,2.1214285714285714,1.9294034307147487,46230.00000059779,4.681481296795491,2623000.0,
0.7261904761904762,0.9924531683357495,2.192857142857142,1.9943665091899925,46240.000000598375,4.726653543359422,2624000.0,
0.8214285714285714,1.1055992950189784,2.442857142857142,2.221737283853347,46250.00000059896,4.316958562120555,2625000.0,
0.8690476190476191,1.112064787972306,2.4571428571428577,2.234729899548396,46260.00000059954,4.088400578005483,2626000.0,
0.8571428571428571,1.1443922527389425,2.5285714285714285,2.29969297802364,46270.00000060012,4.183454850483333,2627000.0,
0.8214285714285714,0.9116345064191574,2.0142857142857147,1.8319588130018825,46280.0000006007,4.082566645564352,2628000.0,
0.8690476190476191,1.1314612668322879,2.499999999999999,2.2737077466335425,46290.000000601285,4.112363649570489,2629000.0,
0.7976190476190477,0.8696088022225297,1.9214285714285713,1.7475068109840655,46300.00000060187,4.152939393901915,2630000.0,
0.8095238095238095,0.9827549289057587,2.1714285714285713,1.9748775856474192,46310.00000060245,4.232223735776792,2631000.0,
0.8452380952380952,1.0603408443456868,2.3428571428571425,2.1307889739880057,46320.00000060303,4.145752548306733,2632000.0,
0.8690476190476191,1.086202816158996,2.3999999999999995,2.182759436768201,46330.00000060361,4.06247721317943,2633000.0,
0.8690476190476191,0.9633584500457764,2.1285714285714286,1.9358997385622732,46340.000000604196,3.921669997377949,2634000.0,
0.8214285714285714,1.0053841542424042,2.2214285714285715,2.0203517405800904,46350.00000060478,4.200754622624773,2635000.0,
0.8214285714285714,0.9019362669891664,1.9928571428571427,1.8124698894593092,46360.00000060536,4.075397774374489,2636000.0,
0.8214285714285714,1.0441771119623684,2.3071428571428574,2.098307434750383,46370.00000060594,4.249140252312913,2637000.0,
0.8214285714285714,1.0312461260557138,2.278571428571428,2.0723222033602857,46380.000000606524,4.233977892658469,2638000.0,
0.7976190476190477,1.0959010555889874,2.4214285714285713,2.2022483603107736,46390.000000607106,4.442022219018383,2639000.0,
0.9047619047619048,1.5267120170777282,2.5142857142857147,2.2089433108701684,46400.00000060769,3.962969050351983,2640000.0,
0.9047619047619048,1.4616532663499844,2.407142857142857,2.11481220387286,46410.00000060827,4.321298347081054,2641000.0,
0.8571428571428571,1.3228612647974634,2.1785714285714284,1.9139991756119357,46420.00000060885,4.400002031218758,2642000.0,
0.8214285714285714,1.2621397641182355,2.0785714285714283,1.8261434757477817,46430.000000609434,4.517964350589824,2643000.0,
0.7380952380952381,0.9975675111587433,1.6428571428571428,1.443343640625394,46440.000000610016,4.670249531324239,2644000.0,
0.9047619047619048,1.4139435158163054,2.3285714285714283,2.0457827254081673,46450.0000006106,4.270671780701847,2645000.0,
0.8452380952380952,1.3532220151370775,2.228571428571428,1.9579270255440133,46460.00000061118,4.500147172905458,2646000.0,
0.75,1.1190105125171987,1.8428571428571427,1.6190550403537034,46470.00000061176,4.759947350098732,2647000.0,
0.8809523809523809,1.2404535138756543,2.0428571428571427,1.794766440082012,46480.000000612345,4.190782367166658,2648000.0,
0.8333333333333334,1.2447907639241704,2.0499999999999994,1.801041847215166,46490.00000061293,4.436031773920147,2649000.0,
0.8214285714285714,1.2187672636330729,2.007142857142857,1.7633894044162428,46500.00000061351,4.4692210166660935,2650000.0,
0.7976190476190477,1.0756380120320361,1.7714285714285711,1.5563009690221643,46510.00000061409,4.423781985305607,2651000.0,
0.8333333333333334,0.9845557610131941,1.6214285714285712,1.4245174192259324,46520.00000061467,4.125464056141362,2652000.0,
0.8571428571428571,1.3402102649915286,2.207142857142857,1.9391008041445512,46530.000000615255,4.426353642556635,2653000.0,
0.8452380952380952,1.3185240147489474,2.1714285714285717,1.9077237684787822,46540.00000061584,4.463603059770468,2654000.0,
0.7976190476190477,1.2578025140697193,2.0714285714285716,1.8198680686146274,46550.00000061642,4.654555390845529,2655000.0,
0.8095238095238095,1.2534652640212032,2.0642857142857136,1.813592661481474,46560.000000617,4.5813365026849615,2656000.0,
0.8095238095238095,1.3705710153311426,2.257142857142857,1.983028654076629,46570.00000061758,4.72658478371492,2657000.0,
0.8095238095238095,1.0799752620805523,1.7785714285714282,1.5625763761553177,46580.000000618165,4.368201794405402,2658000.0,
0.8690476190476191,1.231779013778622,2.0285714285714285,1.7822156258157043,46590.00000061875,4.244236125509691,2659000.0,
0.7976190476190477,1.2274417637301056,2.0214285714285714,1.7759402186825504,46600.00000061933,4.619476241166187,2660000.0,
0.9166666666666666,1.6741785187272815,2.757142857142857,2.422307153397401,46610.00000061991,4.507412929583112,2661000.0,
0.8809523809523809,1.32719851484598,2.1857142857142855,1.92027458274509,46620.000000620494,4.296817233133413,2662000.0,
0.7976190476190477,0.980218510964678,1.6142857142857139,1.4182420120927788,46630.000000621076,4.311315745161874,2663000.0,
0.8095238095238095,1.2491280139726868,2.057142857142857,1.8073172543483196,46640.00000062166,4.58068460556648,2664000.0,
0.8690476190476191,1.3055122646033985,2.15,1.8888975470793203,46650.00000062224,4.332367537417846,2665000.0,
0.8333333333333334,1.3271985148459797,2.1857142857142855,1.9202745827450896,46660.00000062282,4.54463536074117,2666000.0,
0.8352941176470589,1.2858670732071775,2.11764705882353,1.8604736441820933,46670.000000623404,4.450401425738479,2667000.0,
0.8352941176470589,1.3158706382486784,2.1670588235294117,1.9038846958796762,46680.000000623986,4.486884566985379,2668000.0,
0.8470588235294118,1.1787114837732464,1.941176470588235,1.7054341738335859,46690.00000062457,4.263198279521562,2669000.0,
0.8235294117647058,1.3072981910939638,2.1529411764705877,1.8914815382517955,46700.00000062515,4.541716374968797,2670000.0,
0.8352941176470589,1.2772946260524631,2.103529411764706,1.8480704865542137,46710.00000062573,4.442392158018178,2671000.0,
0.8588235294117647,1.440171121992039,2.3717647058823528,2.0837304814839452,46720.000000626314,4.510881443481601,2672000.0,
0.7411764705882353,1.2472910610109622,2.054117647058823,1.8046594348566312,46730.0000006269,4.967294288742344,2673000.0,
0.7764705882352941,1.1101319065355302,1.8282352941176467,1.606208912810541,46740.00000062748,4.565469879702398,2674000.0,
0.8235294117647058,1.1572803658864599,1.9058823529411764,1.6744262797638847,46750.00000062806,4.362409015788424,2675000.0,
0.8,1.1401354715770307,1.877647058823529,1.6496199645081235,46760.00000062864,4.469872280718978,2676000.0,
0.7529411764705882,1.2258599431241761,2.0188235294117645,1.7736515407869295,46770.000000629225,4.863717112037502,2677000.0,
0.8117647058823529,1.3201568618260358,2.1741176470588233,1.9100862746936162,46780.00000062981,4.628016424058848,2678000.0,
0.9058823529411765,1.3673053211769652,2.2517647058823527,1.97830364164696,46790.00000063039,4.199750029933662,2679000.0,
0.8588235294117647,1.1958563780826754,1.9694117647058818,1.7302404890893472,46800.00000063097,4.230788933450405,2680000.0,
0.8235294117647058,1.2987257439392497,2.1388235294117646,1.8790783806239149,46810.00000063155,4.537592689138439,2681000.0,
0.8705882352941177,1.2301461667015334,2.0258823529411765,1.77985311960087,46820.000000632135,4.214084110466043,2682000.0,
0.8941176470588236,1.2815808496298204,2.1105882352941174,1.854272065368154,46830.00000063272,4.161239108202552,2683000.0,
0.8235294117647058,1.191570154505318,1.9623529411764706,1.724038910275407,46840.0000006333,4.409189473397336,2684000.0,
0.8705882352941177,1.2172874959694615,2.004705882352941,1.7612483831590489,46850.00000063388,4.200935637327947,2685000.0,
0.8705882352941177,1.3973088862184664,2.301176470588235,2.021714693344542,46860.00000063446,4.40825750450589,2686000.0,
0.8352941176470589,1.3287293089807501,2.1882352941176473,1.9224894323214972,46870.000000635046,4.512982975608905,2687000.0,
0.788235294117647,1.071555894339315,1.7647058823529411,1.5503947034850782,46880.00000063563,4.4567470302046654,2688000.0,
0.8705882352941177,1.3287293089807504,2.1882352941176464,1.9224894323214976,46890.00000063621,4.331105287408607,2689000.0,
0.7647058823529411,1.273008402475106,2.0964705882352943,1.8418689077402726,46900.00000063679,4.858546372542453,2690000.0,
0.8588235294117647,1.324443085403393,2.181176470588235,1.9162878535075567,46910.000000637374,4.386540578961181,2691000.0,
0.8352941176470589,1.3373017561354648,2.2023529411764704,1.9348925899493779,46920.000000637956,4.526062665864713,2692000.0,
0.8235294117647058,1.3887364390637518,2.287058823529412,2.0093115357166615,46930.00000063854,4.653748533218591,2693000.0,
0.7647058823529411,1.092987012226101,1.8,1.5814025975547799,46940.00000063912,4.625595323755437,2694000.0,
0.8235294117647058,1.2258599431241761,2.0188235294117645,1.7736515407869295,46950.0000006397,4.457112788149173,2695000.0,
0.8705882352941177,1.2215737195468188,2.0117647058823525,1.7674499619729893,46960.000000640284,4.211804948194176,2696000.0,
0.8,1.2001426016600325,1.9764705882352942,1.7364420679032873,46970.000000640866,4.557234134499921,2697000.0,
0.7529411764705882,1.0544110000298859,1.736470588235294,1.5255883882293169,46980.00000064145,4.649136484491162,2698000.0,
0.8823529411764706,1.1572803658864599,1.9058823529411761,1.6744262797638847,46990.00000064203,4.08438174806994,2699000.0,
0.788235294117647,0.9424406787261879,2.0823529411764707,1.8938648054312328,47000.00000064261,4.708609794136298,2700000.0,
0.8235294117647058,0.961608963717229,2.124705882352941,1.932384089609495,47010.000000643195,4.13966517029808,2701000.0,
0.8352941176470589,0.9999455336993114,2.2094117647058824,2.00942265796602,47020.00000064378,4.127819300976689,2702000.0,
0.8588235294117647,0.8849358237530645,1.9552941176470593,1.7783069528964457,47030.00000064436,3.8813608907385784,2703000.0,
0.8,1.0989816728196902,2.4282352941176466,2.2084389595537086,47040.00000064494,4.434900620508555,2704000.0,
0.8941176470588236,1.1756548127838546,2.5976470588235294,2.362516096266758,47050.00000064552,4.05434814594129,2705000.0,
0.8470588235294118,1.1021763869848638,2.4352941176470586,2.2148588402500855,47060.000000646105,4.193399901369808,2706000.0,
0.8235294117647058,1.1596812419579872,2.5623529411764703,2.330416692784873,47070.00000064669,4.383610079590628,2707000.0,
0.8705882352941177,0.9839719628734437,2.1741176470588237,1.9773232544841348,47080.00000064727,3.945370497961622,2708000.0,
0.8470588235294118,1.0542556745072613,2.3294117647058825,2.11856062980443,47090.00000064785,4.138493504694957,2709000.0,
0.8352941176470589,1.2938592368952748,2.858823529411764,2.6000516820327095,47100.00000064843,4.484194861141132,2710000.0,
0.8,1.0542556745072613,2.3294117647058825,2.1185606298044295,47110.000000649015,4.3831107696770815,2711000.0,
0.8823529411764706,1.0798133878286496,2.3858823529411763,2.169919675375447,47120.0000006496,4.003519172938159,2712000.0,
0.8470588235294118,1.1852389552793754,2.6188235294117646,2.3817757383558895,47130.00000065018,4.295348766717721,2713000.0,
0.8823529411764706,1.166070670288334,2.5764705882352934,2.343256454177627,47140.00000065076,4.102344093059196,2714000.0,
0.8588235294117647,0.9520248212217086,2.103529411764706,1.913124447520364,47150.000000651344,3.9660535590243686,2715000.0,
0.8470588235294118,1.0670345311679552,2.3576470588235297,2.1442401525899375,47160.000000651926,4.157468543808503,2716000.0,
0.8588235294117647,1.1341235286365992,2.505882352941177,2.2790576472138566,47170.00000065251,4.17918219094588,2717000.0,
0.8117647058823529,1.073423959498302,2.371764705882353,2.1570799139826926,47180.00000065309,4.3472585009028455,2718000.0,
0.8705882352941177,0.9967508195341377,2.2023529411764704,2.003002777269643,47190.00000065367,3.9659948603424957,2719000.0,
0.8352941176470589,1.0063349620296582,2.2235294117647055,2.022262419358774,47200.000000654254,4.1456094616544545,2720000.0,
0.8470588235294118,1.0446715320117406,2.308235294117647,2.099300987715299,47210.000000654836,4.1338455586936895,2721000.0,
0.8352941176470589,1.0510609603420877,2.3223529411764705,2.1121407491080526,47220.00000065542,4.200281431465175,2722000.0,
0.8823529411764706,1.2171860969311106,2.689411764705883,2.44597454531966,47230.000000656,4.165074909921289,2723000.0,
0.8705882352941177,1.0957869586545168,2.421176470588235,2.2020190788573317,47240.00000065658,4.0824552904133595,2724000.0,
0.8117647058823529,1.0127243903600056,2.237647058823529,2.0351021807515286,47250.000000657164,4.2765416403703975,2725000.0,
0.8705882352941177,1.0957869586545168,2.4211764705882355,2.2020190788573317,47260.00000065775,4.083536371494502,2726000.0,
0.8588235294117647,0.9935561053689642,2.1952941176470584,1.996582896573266,47270.00000065833,4.020987246045528,2727000.0,
0.8588235294117647,1.060645102837608,2.3435294117647056,2.1314003911971837,47280.00000065891,4.099652517070693,2728000.0,
0.8235294117647058,1.0478662461769142,2.3152941176470585,2.1057208684116753,47290.00000065949,4.260406156142914,2729000.0,
0.9058823529411765,1.1149552436455579,2.4635294117647057,2.240538363035594,47300.000000660075,3.947675269023909,2730000.0,
0.8823529411764706,1.1021763869848638,2.435294117647059,2.2148588402500855,47310.00000066066,4.038997238649125,2731000.0,
0.8352941176470589,1.2491332385828455,2.76,2.510173352283431,47320.00000066124,4.443044018091763,2732000.0,
0.8470588235294118,1.20760195443559,2.6682352941176464,2.426714903230529,47330.00000066182,4.332860640722233,2733000.0,
0.9294117647058824,1.0286979611858729,2.272941176470588,2.067201584233413,47340.0000006624,3.756950970959204,2734000.0,
0.8117647058823529,1.1820442411142016,2.6117647058823525,2.375355857659512,47350.000000662985,4.490921166662137,2735000.0,
0.8823529411764706,1.1309288144714253,2.4988235294117644,2.2726377665174797,47360.00000066357,4.074249989800717,2736000.0,
0.8823529411764706,1.1373182428017727,2.512941176470589,2.285477527910233,47370.00000066415,4.082024675241808,2737000.0,
0.8117647058823529,1.1117605294803843,2.4564705882352937,2.2341184823392166,47380.00000066473,4.406078913200287,2738000.0,
0.8470588235294118,1.140512956966946,2.519999999999999,2.29189740860661,47390.00000066531,4.2569916853775,2739000.0,
0.8941176470588236,0.9424406787261879,2.0823529411764703,1.8938648054312328,47400.000000665896,3.8119376012726036,2740000.0,
0.7764705882352941,0.9871666770386175,2.181176470588235,1.9837431351805117,47410.00000066648,4.447711629595102,2741000.0,
0.788235294117647,0.8306256829451147,1.8352941176470587,1.669168981058036,47420.00000066706,4.183328105303453,2742000.0,
0.8588235294117647,1.1213446719759048,2.4776470588235293,2.2533781244283477,47430.00000066764,4.17854927565686,2743000.0,
0.7529411764705882,1.0925922444893434,2.4141176470588235,2.195599198160955,47440.000000668224,4.728595949790553,2744000.0,
0.9294117647058824,1.0702292453331286,2.3647058823529417,2.1506600332863153,47450.000000668806,3.8072061501053094,2745000.0,
0.788235294117647,0.936051250395841,2.068235294117647,1.881025044038479,47460.00000066939,4.319465019233617,2746000.0,
0.8470588235294118,1.0191138186903523,2.2517647058823527,2.0479419421442824,47470.00000066997,4.118117702690113,2747000.0,
0.8588235294117647,1.0350873895162198,2.287058823529412,2.0800413456261673,47480.00000067055,4.080852439916291,2748000.0,
0.8588235294117647,1.1756548127838549,2.5976470588235294,2.362516096266758,47490.000000671134,4.245074782077267,2749000.0,
0.8117647058823529,1.1692653844535077,2.583529411764706,2.3496763348740037,47500.00000067172,4.48387474903715,2750000.0,
0.8705882352941177,1.2012125261052429,2.6541176470588232,2.4138751418377753,47510.0000006723,4.218146820594097,2751000.0,
0.8705882352941177,1.079813387828649,2.385882352941177,2.1699196753754464,47520.00000067288,4.079242405006149,2752000.0,
0.8588235294117647,1.1309288144714253,2.498823529411765,2.272637766517479,47530.00000067346,4.195188345686209,2753000.0,
0.8470588235294118,1.0574503886724345,2.336470588235294,2.124980510500807,47540.000000674045,4.16726504225252,2754000.0,
0.8470588235294118,1.1117605294803845,2.4564705882352937,2.234118482339217,47550.00000067463,4.231936736261938,2755000.0,
0.8470588235294118,0.9552195353868819,2.110588235294118,1.9195443282167408,47560.00000067521,4.047686951568251,2756000.0,
0.9176470588235294,1.255522666913193,2.774117647058823,2.5230131136761846,47570.00000067579,4.064092649905805,2757000.0,
0.8352941176470589,0.8977146804137587,1.9835294117647058,1.8039864756819537,47580.00000067637,4.036979547045116,2758000.0,
0.8705882352941177,1.0606451028376083,2.3435294117647056,2.1314003911971837,47590.000000676955,4.061008564138282,2759000.0,
0.9294117647058824,1.7144894309429035,2.8235294117647056,2.480631525576125,47600.00000067754,4.038228881277697,2760000.0,
0.8,1.1787114837732462,1.9411764705882353,1.7054341738335859,47610.00000067812,4.5680922959671575,2761000.0,
0.8235294117647058,1.2430048374336053,2.047058823529412,1.798457856042691,47620.0000006787,4.516217302669994,2762000.0,
0.8235294117647058,1.2815808496298207,2.1105882352941174,1.8542720653681537,47630.00000067928,4.563631031765431,2763000.0,
0.8235294117647058,1.3373017561354648,2.20235294117647,1.9348925899493779,47640.000000679865,4.631863561093747,2764000.0,
0.8823529411764706,1.2772946260524631,2.103529411764706,1.8480704865542132,47650.00000068045,4.255597909593459,2765000.0,
0.8117647058823529,1.1958563780826752,1.9694117647058822,1.7302404890893477,47660.00000068103,4.525907132493911,2766000.0,
0.8,1.2987257439392494,2.138823529411764,1.8790783806239149,47670.00000068161,4.721639532939572,2767000.0,
0.8705882352941177,1.401595109795824,2.3082352941176474,2.0279162721584827,47680.000000682194,4.4575051937527315,2768000.0,
0.8235294117647058,1.3973088862184664,2.3011764705882354,2.0217146933445425,47690.000000682776,4.707586504766129,2769000.0,
0.8235294117647058,1.3758777683316803,2.2658823529411767,1.9907067992748406,47700.00000068336,4.682134433046493,2770000.0,
0.8588235294117647,1.3201568618260358,2.174117647058823,1.9100862746936162,47710.00000068394,4.425385387127084,2771000.0,
0.8588235294117647,1.2472910610109622,2.054117647058823,1.804659434856631,47720.00000068452,4.34108959165751,2772000.0,
0.8,1.354446650444894,2.2305882352941175,1.959698905205139,47730.000000685104,4.79482007783654,2773000.0,
0.8117647058823529,1.3030119675166065,2.1458823529411766,1.8852799594378553,47740.000000685686,4.662548075999748,2774000.0,
0.8352941176470589,1.3630190975996084,2.2447058823529416,1.9721020628330197,47750.00000068627,4.603611595789297,2775000.0,
0.7647058823529411,1.1658528130411745,1.92,1.6868294373917654,47760.00000068685,4.771342909439623,2776000.0,
0.8117647058823529,1.333015532558108,2.195294117647059,1.9286910111354372,47770.00000068743,4.701248119891553,2777000.0,
0.8705882352941177,1.2815808496298204,2.1105882352941174,1.8542720653681537,47780.000000688015,4.325056381400205,2778000.0,
0.8705882352941177,1.418740004105253,2.336470588235294,2.0527225874142436,47790.0000006886,4.483144599378773,2779000.0,
0.9058823529411765,1.290153296784535,2.124705882352941,1.8666752229960342,47800.00000068918,4.167049743269747,2780000.0,
0.8823529411764706,1.4101675569505383,2.3223529411764705,2.0403194297863627,47810.00000068976,4.414720564611775,2781000.0,
0.7647058823529411,1.2730084024751058,2.0964705882352943,1.8418689077402732,47820.00000069034,4.915161757161134,2782000.0,
0.8,1.1829977073506035,1.948235294117647,1.7116357526475265,47830.000000690925,4.586391251910196,2783000.0,
0.8352941176470589,1.2087150488147471,1.9905882352941175,1.7488452255311682,47840.00000069151,4.423951819075321,2784000.0,
0.788235294117647,1.2901532967845353,2.1247058823529414,1.866675222996034,47850.00000069209,4.791982540772868,2785000.0,
0.8352941176470589,1.1101319065355302,1.8282352941176465,1.606208912810541,47860.00000069267,4.307056507896043,2786000.0,
0.8117647058823529,1.1915701545053183,1.9623529411764704,1.7240389102754072,47870.00000069325,4.532800915044251,2787000.0,
0.8588235294117647,1.3030119675166065,2.145882352941176,1.8852799594378549,47880.000000693835,4.414737222520756,2788000.0,
0.8588235294117647,1.2344323902788907,2.0329411764705885,1.78605469841481,47890.00000069442,4.335432235326187,2789000.0,
0.8470588235294118,1.0672696707619576,1.7576470588235291,1.544193124671138,47900.000000695,4.1988572502760375,2790000.0,
0.7647058823529411,1.410167556950538,2.3223529411764705,2.040319429786363,47910.00000069558,5.100062189937021,2791000.0,
0.788235294117647,1.1529941423091026,1.8988235294117641,1.6682247009499442,47920.00000069616,4.622153762707264,2792000.0,
0.8588235294117647,1.4487435691467536,2.385882352941177,2.0961336391118257,47930.000000696746,4.587164429898484,2793000.0,
0.8588235294117647,1.3673053211769655,2.2517647058823527,1.97830364164696,47940.00000069733,4.4928870178789,2794000.0,
0.8,1.092987012226101,1.8,1.5814025975547799,47950.00000069791,4.480936706534389,2795000.0,
0.8117647058823529,1.1487079187317455,1.8917647058823523,1.662023122136004,47960.00000069849,4.485217001410444,2796000.0,
0.8705882352941177,1.2515772845883197,2.061176470588235,1.8108610136705716,47970.000000699074,4.3008630972315105,2797000.0,
0.8470588235294118,1.3801639919090376,2.2729411764705882,1.9969083780887813,47980.000000699656,4.57269082385271,2798000.0,
0.8352941176470589,1.513036922807112,2.491764705882353,2.18915732132093,47990.00000070024,4.796731527376532,2799000.0,
0.7647058823529411,1.1701390366185316,1.9270588235294115,1.6930310162057056,48000.00000070082,4.791717201810874,2800000.0,
0.8352941176470589,1.2472910610109622,2.0541176470588236,1.8046594348566312,48010.0000007014,4.479711833676982,2801000.0,
0.8470588235294118,1.474460910610897,2.428235294117647,2.133343111995468,48020.000000701984,4.686235797320312,2802000.0,
0.7529411764705882,0.9472554105959544,1.5599999999999998,1.370548917880809,48030.00000070257,4.572445467278041,2803000.0,
0.7647058823529411,1.165852813041174,1.9199999999999995,1.6868294373917654,48040.00000070315,4.788573678671395,2804000.0,
0.8470588235294118,1.4315986748373242,2.357647058823529,2.0713273238560648,48050.00000070373,4.637301213421052,2805000.0,
0.8705882352941177,1.4144537805278954,2.329411764705882,2.0465210086003034,48060.00000070431,4.492815829054279,2806000.0,
0.8705882352941177,1.2515772845883195,2.061176470588235,1.8108610136705712,48070.000000704895,4.30626850263723,2807000.0,
0.8352941176470589,1.4015951097958235,2.3082352941176465,2.0279162721584827,48080.00000070548,4.668385694898524,2808000.0,
0.8235294117647058,1.1787114837732464,1.941176470588235,1.7054341738335865,48090.00000070606,4.465003944655407,2809000.0,
0.8352941176470589,1.354446650444894,2.2305882352941175,1.959698905205139,48100.00000070664,4.613067116802406,2810000.0,
0.8823529411764706,1.2944395203618921,2.131764705882353,1.8728768018099746,48110.00000070722,4.2995621231455745,2811000.0,
0.8235294117647058,1.1229905772676023,1.8494117647058819,1.6248136492523624,48120.000000707805,4.399057129612939,2812000.0,
0.8235294117647058,1.2687221788977485,2.0894117647058823,1.8356673289263332,48130.00000070839,4.576588360163863,2813000.0,
0.8,1.3030119675166065,2.1458823529411766,1.8852799594378549,48140.00000070897,4.754644371236407,2814000.0,
0.7529411764705882,1.1144181301128875,1.8352941176470585,1.6124104916244817,48150.00000070955,4.801958454136905,2815000.0,
0.8235294117647058,1.260149731743034,2.0752941176470587,1.8232641712984523,48160.00000071013,4.567893245761811,2816000.0,
0.7764705882352941,1.2558635081656764,2.0682352941176467,1.8170625924845112,48170.000000710716,4.839821184837176,2817000.0,
0.7764705882352941,1.2130012723921042,1.9976470588235289,1.7550468043451086,48180.0000007113,4.7852258811894295,2818000.0,
0.8823529411764706,1.2815808496298207,2.110588235294118,1.8542720653681537,48190.00000071188,4.289255629649475,2819000.0,
0.8352941176470589,0.9616089637172291,2.1247058823529406,1.9323840896094955,48200.00000071246,4.541730003265685,2820000.0,
0.8352941176470589,0.9999455336993113,2.2094117647058815,2.0094226579660197,48210.000000713044,4.194861554501717,2821000.0,
0.8705882352941177,0.9520248212217084,2.103529411764706,1.913124447520364,48220.000000713626,3.9702960785003794,2822000.0,
0.9058823529411765,1.0638398170027816,2.3505882352941176,2.137820271893561,48230.00000071421,3.939560837018462,2823000.0,
0.8588235294117647,1.0766186736634755,2.378823529411765,2.163499794679069,48240.00000071479,4.170854620090176,2824000.0,
0.788235294117647,0.8913252520834116,1.9694117647058818,1.7911467142892,48250.00000071537,4.30988726018328,2825000.0,
0.8941176470588236,1.0893975303241696,2.407058823529412,2.1891793174645775,48260.000000715954,4.021560395825612,2826000.0,
0.8235294117647058,1.108565815315211,2.449411764705883,2.2276986016428397,48270.000000716536,4.390112775814106,2827000.0,
0.8823529411764706,1.0606451028376083,2.343529411764706,2.1314003911971846,48280.00000071712,4.043661783285247,2828000.0,
0.9411764705882353,1.2842750943997543,2.837647058823529,2.5807920399435775,48290.0000007177,4.029039787864728,2829000.0,
0.8705882352941177,1.0382821036813932,2.2941176470588234,2.0864612263225446,48300.00000071828,4.073699713758376,2830000.0,
0.788235294117647,1.0191138186903526,2.2517647058823522,2.0479419421442824,48310.000000718865,4.4755891730430415,2831000.0,
0.8470588235294118,1.0734239594983022,2.3717647058823523,2.157079913982692,48320.00000071945,4.2294560633689136,2832000.0,
0.8117647058823529,0.9584142495520556,2.1176470588235294,1.9259642089131186,48330.00000072003,4.272246539378741,2833000.0,
0.8352941176470589,0.9552195353868816,2.1105882352941174,1.9195443282167408,48340.00000072061,4.14864028891684,2834000.0,
0.8470588235294118,1.0957869586545168,2.421176470588235,2.2020190788573317,48350.00000072119,4.257523492928431,2835000.0,
0.8823529411764706,1.1181499578107315,2.4705882352941178,2.2469582437319713,48360.000000721775,4.1131006189217,2836000.0,
0.8117647058823529,1.086202816158996,2.4000000000000004,2.1827594367682006,48370.00000072236,4.431986077952644,2837000.0,
0.8823529411764706,1.0989816728196904,2.4282352941176466,2.208438959553709,48380.00000072294,4.09244322926525,2838000.0,
0.8235294117647058,1.041476817846567,2.3011764705882354,2.092881107018922,48390.00000072352,4.315504707459723,2839000.0,
0.8352941176470589,1.1181499578107315,2.4705882352941178,2.246958243731971,48400.0000007241,4.347078118579392,2840000.0,
0.8941176470588236,1.0734239594983022,2.3717647058823528,2.157079913982692,48410.000000724685,4.011589954770826,2841000.0,
0.8705882352941177,1.1500970994624664,2.541176470588235,2.311157050695742,48420.00000072527,4.208622344047825,2842000.0,
0.8705882352941177,1.2842750943997547,2.8376470588235296,2.580792039943578,48430.00000072585,4.363286257151498,2843000.0,
0.788235294117647,0.9520248212217083,2.103529411764706,1.913124447520364,48440.00000072643,4.398237459837003,2844000.0,
0.9176470588235294,1.1053711011500373,2.4423529411764706,2.221278720946463,48450.000000727014,3.945594148756276,2845000.0,
0.8941176470588236,1.0318926753510465,2.2799999999999994,2.0736214649297904,48460.000000727596,3.967772071185232,2846000.0,
0.8117647058823529,1.0734239594983022,2.3717647058823523,2.157079913982692,48470.00000072818,4.4220411096028505,2847000.0,
0.8470588235294118,1.1564865277928136,2.5552941176470587,2.3239968120884957,48480.00000072876,4.336404928717118,2848000.0,
0.8470588235294118,1.0670345311679552,2.357647058823529,2.1442401525899384,48490.00000072934,4.231357432701693,2849000.0,
0.8235294117647058,0.9456353928913614,2.0894117647058823,1.90028468612761,48500.000000729924,4.20541154858591,2850000.0,
0.8588235294117647,0.9679983920475758,2.138823529411765,1.9452238510022493,48510.000000730506,4.059173470264305,2851000.0,
0.8823529411764706,1.0510609603420875,2.3223529411764705,2.112140749108053,48520.00000073109,4.0455997551244005,2852000.0,
0.8235294117647058,0.9711931062127496,2.1458823529411766,1.9516437316986266,48530.00000073167,4.238160200476267,2853000.0,
0.8705882352941177,1.0734239594983024,2.3717647058823523,2.157079913982692,48540.00000073225,4.127038331927203,2854000.0,
0.8705882352941177,1.166070670288334,2.5764705882352943,2.343256454177627,48550.000000732834,4.2339973916184865,2855000.0,
0.8470588235294118,0.961608963717229,2.124705882352941,1.932384089609495,48560.00000073342,4.110785582239256,2856000.0,
0.8588235294117647,1.1437076711321195,2.527058823529412,2.2983172893029877,48570.000000734,4.267054137691705,2857000.0,
0.8705882352941177,1.1788495269490282,2.6047058823529414,2.368935976963135,48580.00000073458,4.250297429674784,2858000.0,
0.8352941176470589,1.1916283836097223,2.6329411764705877,2.3946154997486437,48590.00000073516,4.445749473409793,2859000.0,
0.8705882352941177,1.1756548127838546,2.597647058823529,2.3625160962667584,48600.000000735745,4.247708906647283,2860000.0,
0.8705882352941177,1.1596812419579872,2.5623529411764703,2.330416692784873,48610.00000073633,4.229901426644629,2861000.0,
0.8352941176470589,1.0446715320117403,2.308235294117647,2.0993009877152984,48620.00000073691,4.271505355299632,2862000.0,
0.8941176470588236,1.073423959498302,2.3717647058823523,2.1570799139826926,48630.00000073749,4.02316890213992,2863000.0,
0.7529411764705882,1.0350873895162198,2.2870588235294114,2.0800413456261673,48640.00000073807,4.727222314283739,2864000.0,
0.8588235294117647,1.0830081019938227,2.3929411764705883,2.1763395560718233,48650.000000738655,4.200760118832299,2865000.0,
0.7764705882352941,0.9775825345430965,2.16,1.96448349309138,48660.00000073924,4.5111259915370985,2866000.0,
0.8352941176470589,0.9616089637172291,2.1247058823529406,1.9323840896094955,48670.00000073982,4.1748811538204516,2867000.0,
0.8117647058823529,1.0638398170027816,2.3505882352941176,2.1378202718935615,48680.0000007404,4.4224084702974835,2868000.0,
0.8235294117647058,1.054255674507261,2.329411764705882,2.11856062980443,48690.00000074098,4.3481647476915635,2869000.0,
0.8117647058823529,1.086202816158996,2.4,2.1827594367682006,48700.000000741566,4.451116512736365,2870000.0,
0.8235294117647058,1.006334962029658,2.223529411764706,2.0222624193587735,48710.00000074215,4.29111816825454,2871000.0,
0.8117647058823529,1.0223085328555257,2.2588235294117647,2.054361822840659,48720.00000074273,4.37356558402926,2872000.0,
0.788235294117647,1.047866246176914,2.3152941176470585,2.1057208684116757,48730.00000074331,4.537140760154317,2873000.0,
0.8235294117647058,0.9871666770386172,2.181176470588235,1.9837431351805115,48740.000000743894,4.269556679336948,2874000.0,
0.8705882352941177,1.0510609603420877,2.3223529411764705,2.1121407491080526,48750.000000744476,4.112702454518698,2875000.0,
0.8235294117647058,0.9775825345430967,2.16,1.9644834930913804,48760.00000074506,4.259061649163883,2876000.0,
0.8588235294117647,1.2203808110962842,2.6964705882352944,2.452394426016037,48770.00000074564,4.367289985595822,2877000.0,
0.8941176470588236,0.961608963717229,2.1247058823529406,1.932384089609495,48780.00000074622,3.906007393701021,2878000.0,
0.8705882352941177,1.1596812419579874,2.5623529411764707,2.3304166927848726,48790.000000746804,4.239631156374926,2879000.0,
0.8235294117647058,1.4273124512599673,2.3505882352941176,2.065125745042124,48800.00000074739,4.3660883492936335,2880000.0,
0.8470588235294118,1.5044644756523977,2.4776470588235298,2.17675416369305,48810.00000074797,4.765545561607972,2881000.0,
0.8235294117647058,1.1187043536902448,1.84235294117647,1.618612070438422,48820.00000074855,4.433852429557047,2882000.0,
0.8117647058823529,1.2001426016600323,1.9764705882352938,1.7364420679032873,48830.00000074913,4.599013349948226,2883000.0,
0.8588235294117647,1.20442882523739,1.9835294117647058,1.7426436467172284,48840.000000749715,4.35255137192473,2884000.0,
0.8,1.1829977073506035,1.948235294117647,1.7116357526475263,48850.0000007503,4.646391251913688,2885000.0,
0.7176470588235294,1.1015594593808156,1.8141176470588234,1.5938057551826605,48860.00000075088,5.066759902503297,2886000.0,
0.8352941176470589,1.2772946260524631,2.103529411764706,1.8480704865542132,48870.00000075146,4.564082298870331,2887000.0,
0.8117647058823529,1.0629834471846002,1.7505882352941178,1.5379915458571976,48880.00000075204,4.4329477248699645,2888000.0,
0.8352941176470589,1.4530297927241107,2.3929411764705875,2.102335217925766,48890.000000752625,4.775596230801242,2889000.0,
0.788235294117647,1.1829977073506035,1.948235294117647,1.7116357526475265,48900.00000075321,4.7187254497036175,2890000.0,
0.8588235294117647,1.440171121992039,2.371764705882353,2.0837304814839452,48910.00000075379,4.630881443488587,2891000.0,
0.8,1.2515772845883195,2.061176470588235,1.8108610136705716,48920.00000075437,4.736233370519896,2892000.0,
0.8,1.1787114837732462,1.9411764705882353,1.7054341738335859,48930.00000075495,4.645739354795206,2893000.0,
0.8235294117647058,1.4230262276826098,2.343529411764705,2.058924166228184,48940.000000755535,4.810243276548176,2894000.0,
0.8588235294117647,1.0672696707619576,1.7576470588235296,1.544193124671138,48950.00000075612,4.198872904385194,2895000.0,
0.8470588235294118,1.37587776833168,2.2658823529411762,1.9907067992748402,48960.0000007567,4.6220751432437215,2896000.0,
0.6823529411764706,1.1444216951543882,1.884705882352941,1.6558215433220635,48970.00000075728,5.3992352429910415,2897000.0,
0.7764705882352941,1.1015594593808153,1.8141176470588234,1.5938057551826605,48980.000000757864,4.690187182617108,2898000.0,
0.8470588235294118,1.5044644756523977,2.4776470588235293,2.17675416369305,48990.000000758446,4.7755455616085545,2899000.0,
0.8705882352941177,1.2430048374336051,2.047058823529412,1.798457856042691,49000.00000075903,4.3466920430705525,2900000.0,
0.8470588235294118,1.144421695154388,1.8847058823529408,1.6558215433220635,49010.00000075961,4.3516061679651346,2901000.0,
0.7764705882352941,0.9858314227921695,1.6235294117647054,1.426363127206272,49020.00000076019,4.543567741556114,2902000.0,
0.8,1.3115844146713214,2.16,1.8976831170657356,49030.000000760774,4.81771287135932,2903000.0,
0.788235294117647,1.2987257439392494,2.1388235294117646,1.8790783806239149,49040.000000761356,4.873902809555371,2904000.0,
0.8470588235294118,1.2987257439392492,2.138823529411764,1.8790783806239149,49050.00000076194,4.53599289222517,2905000.0,
0.8352941176470589,1.4058813333731808,2.315294117647059,2.0341178509724234,49060.00000076252,4.728728356930969,2906000.0,
0.7764705882352941,1.1787114837732462,1.941176470588235,1.7054341738335859,49070.0000007631,4.795004183728889,2907000.0,
0.8352941176470589,1.243004837433605,2.0470588235294116,1.7984578560426914,49080.000000763685,4.534862129397738,2908000.0,
0.7764705882352941,1.127276800844959,1.8564705882352939,1.6310152280663022,49090.00000076427,4.729974667836467,2909000.0,
0.8,1.2730084024751058,2.096470588235294,1.841868907740273,49100.00000076485,4.7736105031731135,2910000.0,
0.8470588235294118,1.3158706382486782,2.1670588235294117,1.9038846958796762,49110.00000076543,4.559566725785107,2911000.0,
0.8235294117647058,1.3501604268675365,2.2235294117647055,1.9534973263911986,49120.00000076601,4.732049089844756,2912000.0,
0.7647058823529411,1.071555894339315,1.7647058823529411,1.5503947034850782,49130.000000766595,4.732339246526715,2913000.0,
0.8117647058823529,1.2172874959694613,2.0047058823529404,1.7612483831590489,49140.00000076718,4.638104886417409,2914000.0,
0.7764705882352941,1.1058456829581726,1.8211764705882352,1.6000073339966003,49150.00000076776,4.706010349346122,2915000.0,
0.8823529411764706,1.3758777683316799,2.2658823529411762,1.9907067992748406,49160.00000076834,4.44785880418126,2916000.0,
0.8,1.1829977073506035,1.948235294117647,1.7116357526475265,49170.00000076892,4.665214781326549,2917000.0,
0.788235294117647,1.0501247764525283,1.729411764705882,1.5193868094153762,49180.000000769505,4.566871731401064,2918000.0,
0.8470588235294118,1.238718613856248,2.0399999999999996,1.7922562772287507,49190.00000077009,4.472928919210968,2919000.0,
0.8470588235294118,1.178711483773246,1.941176470588235,1.7054341738335865,49200.00000077067,4.402642723974123,2920000.0,
0.8470588235294118,1.1572803658864599,1.9058823529411761,1.6744262797638843,49210.00000077125,4.377897654246699,2921000.0,
0.8470588235294118,1.290153296784535,2.1247058823529406,1.8666752229960342,49220.00000077183,4.53531708655696,2922000.0,
0.9058823529411765,1.5687578293127569,2.5835294117647054,2.269777845902155,49230.000000772416,4.548885915545484,2923000.0,
0.8823529411764706,1.285867073207178,2.11764705882353,1.860473644182094,49240.000000773,4.3501133497070725,2924000.0,
0.788235294117647,1.1701390366185316,1.927058823529412,1.6930310162057052,49250.00000077358,4.723307733104445,2925000.0,
0.8352941176470589,1.1187043536902448,1.8423529411764707,1.6186120704384217,49260.00000077416,4.396192536184447,2926000.0,
0.7176470588235294,1.1787114837732462,1.9411764705882353,1.7054341738335859,49270.000000774744,5.201152067641855,2927000.0,
0.8117647058823529,1.1144181301128875,1.8352941176470587,1.6124104916244812,49280.000000775326,4.5194976965945655,2928000.0,
0.788235294117647,1.2001426016600323,1.9764705882352938,1.7364420679032877,49290.00000077591,4.7637600171124586,2929000.0,
0.7764705882352941,1.1015594593808158,1.8141176470588232,1.5938057551826603,49300.00000077649,4.709581122012176,2930000.0,
0.8705882352941177,1.5516129350033272,2.5552941176470587,2.2449715306463935,49310.00000077707,4.717931074063776,2931000.0,
0.8941176470588236,1.2858670732071775,2.117647058823529,1.860473644182094,49320.000000777654,4.297085542474329,2932000.0,
0.8,1.3587328740222506,2.237647058823529,1.965900484019079,49330.00000077824,4.894295504372538,2933000.0,
0.7906976744186046,1.1565327687508744,1.9046511627906975,1.673344609040523,49340.00000077882,4.65914144291204,2934000.0,
0.813953488372093,1.232787676580602,2.030232558139534,1.7836750228234144,49350.0000007794,4.62027914559111,2935000.0,
0.8372093023255814,1.3302245032519215,2.190697674418604,1.9246527737682204,49360.00000077998,4.6088764900710215,2936000.0,
0.8255813953488372,1.283624281800421,2.113953488372093,1.8572286320120086,49370.000000780565,4.617908285074462,2937000.0,
0.8372093023255814,1.398006643545013,2.302325581395349,2.0227242526863463,49380.00000078115,4.690949602087833,2938000.0,
0.8255813953488372,1.4234249461549224,2.3441860465116275,2.0595010572806434,49390.00000078173,4.788371061616599,2939000.0,
0.9069767441860465,0.9662152957693396,2.1348837209302327,1.9416406617763642,49400.00000078231,4.2190317340066645,2940000.0,
0.8372093023255814,1.048312020246473,2.3162790697674414,2.106616665718147,49410.00000078289,4.274925468703564,2941000.0,
0.9069767441860465,1.1809298059403042,2.6093023255813956,2.373116364393334,49420.000000783475,4.092817478414466,2942000.0,
0.8604651162790697,1.2314508671570012,2.720930232558139,2.4746400591267386,49430.00000078406,4.373305061904955,2943000.0,
0.8488372093023255,0.9851606937256012,2.1767441860465113,1.9797120473013914,49440.00000078464,4.14361122829957,2944000.0,
0.8837209302325582,1.3230202906122657,2.9232558139534888,2.658651755831035,49450.00000078522,4.362888749975316,2945000.0,
0.8372093023255814,1.0672574182027346,2.3581395348837204,2.144688051243174,49460.0000007858,4.300332471818148,2946000.0,
0.8372093023255814,0.9977909590297758,2.2046511627906975,2.0050929709847423,49470.000000786385,4.2179142011393695,2947000.0,
0.9069767441860465,1.1746146732882172,2.5953488372093023,2.3604259025516585,49480.00000078697,4.088931562926447,2948000.0,
0.8604651162790697,1.1714571069621733,2.5883720930232554,2.354080671630821,49490.00000078755,4.306825827084126,2949000.0,
0.8372093023255814,1.0830452498329528,2.3930232558139535,2.176414205847362,49500.00000078813,4.3214123818210375,2950000.0,
0.8837209302325582,1.1240936120715193,2.483720930232559,2.258902207818254,49510.000000788714,4.140945403205708,2951000.0,
0.8604651162790697,1.127251178397563,2.490697674418604,2.2652474387390917,49520.000000789296,4.25707299118481,2952000.0,
0.8372093023255814,1.1998752038965654,2.6511627906976742,2.4111877499183607,49530.00000078988,4.462625938063784,2953000.0,
0.9069767441860465,1.101990647789214,2.434883720930232,2.2144855913723895,49540.00000079046,4.011935842504648,2954000.0,
0.8953488372093024,1.1556692753319553,2.553488372093023,2.322354517026632,49550.00000079104,4.124511138753775,2955000.0,
0.8837209302325582,0.9756879947474703,2.155813953488372,1.9606763545388775,49560.000000791624,3.975644309918122,2956000.0,
0.8372093023255814,0.9283244998568164,2.0511627906976746,1.8654978907263111,49570.000000792206,4.1404959304608795,2957000.0,
0.7674418604651163,0.9662152957693397,2.1348837209302327,1.9416406617763642,49580.00000079279,4.5668835672979196,2958000.0,
0.872093023255814,1.0388393212683424,2.295348837209302,2.0875809729556334,49590.00000079337,4.10266642179439,2959000.0,
0.8604651162790697,1.21250546920074,2.67906976744186,2.4365686736017125,49600.00000079395,4.360476626442808,2960000.0,
0.872093023255814,1.0893603824850397,2.4069767441860463,2.189104667689038,49610.000000794535,4.161663905322931,2961000.0,
0.8255813953488372,1.0356817549422987,2.2883720930232556,2.0812357420347953,49620.00000079512,4.331668041275303,2962000.0,
0.9186046511627907,1.101990647789214,2.434883720930232,2.2144855913723895,49630.0000007957,3.965708806523842,2963000.0,
0.8372093023255814,1.0293666222902114,2.2744186046511623,2.0685452801931206,49640.00000079628,4.265074021145439,2964000.0,
0.872093023255814,1.1525117090059116,2.546511627906977,2.316009286105794,49650.00000079686,4.236210759733655,2965000.0,
0.872093023255814,1.0767301171808656,2.37906976744186,2.1637237440056873,49660.000000797445,4.149847867774301,2966000.0,
0.872093023255814,1.1998752038965657,2.6511627906976742,2.411187749918361,49670.00000079803,4.291587567208335,2967000.0,
0.9302325581395349,1.2125054692007402,2.6790697674418604,2.4365686736017125,49680.00000079861,4.0374408794598295,2968000.0,
0.872093023255814,1.0798876835069091,2.3860465116279066,2.170068974926525,49690.00000079919,4.155068543828256,2969000.0,
0.813953488372093,0.9314820661828601,2.0581395348837206,1.8718431216471487,49700.00000079977,4.270103681389334,2970000.0,
0.813953488372093,0.9093791019005552,2.0093023255813947,1.827426505201284,49710.000000800355,4.243520039556821,2971000.0,
0.872093023255814,1.0830452498329528,2.3930232558139535,2.1764142058473626,49720.00000080094,4.1602892198822135,2972000.0,
0.813953488372093,0.9409547651609907,2.079069767441861,1.890878814409662,49730.00000080152,4.283455854419709,2973000.0,
0.8255813953488372,1.08936038248504,2.4069767441860463,2.1891046676890378,49740.0000008021,4.403447787313383,2974000.0,
0.872093023255814,1.026209055964168,2.2674418604651154,2.062200049272283,49750.000000802684,4.096717050912766,2975000.0,
0.8372093023255814,1.0135787906599936,2.2395348837209297,2.036819125588931,49760.000000803266,4.2528830000319555,2976000.0,
0.7790697674418605,0.9125366682265985,2.0162790697674415,1.833771736122122,49770.00000080385,4.441163484672106,2977000.0,
0.7790697674418605,0.9883182600516448,2.1837209302325578,1.9860572782222294,49780.00000080443,4.539032393581903,2978000.0,
0.8837209302325582,1.019893923312081,2.253488372093023,2.049509587430607,49790.00000080501,4.037772071189306,2979000.0,
0.7325581395348837,0.8178096784452908,1.8069767441860465,1.6434148084969884,49800.000000805594,4.595737021457867,2980000.0,
0.8255813953488372,1.1146209130933886,2.4627906976744183,2.239866515055741,49810.000000806176,4.437988711712457,2981000.0,
0.813953488372093,1.051469586572517,2.323255813953488,2.112961896638985,49820.00000080676,4.424374063582741,2982000.0,
0.813953488372093,1.1146209130933888,2.4627906976744183,2.239866515055741,49830.00000080734,4.502531407594129,2983000.0,
0.8604651162790697,0.9977909590297757,2.204651162790697,2.0050929709847423,49840.00000080792,4.123916520028658,2984000.0,
0.8488372093023255,1.149354142679868,2.53953488372093,2.3096640551849563,49850.000000808504,4.359510359945631,2985000.0,
0.8837209302325582,1.1146209130933886,2.4627906976744187,2.239866515055741,49860.00000080909,4.1486473490999485,2986000.0,
0.8372093023255814,1.0072636580079064,2.225581395348837,2.0241286637472555,49870.00000080967,4.251451036031208,2987000.0,
0.8837209302325582,1.1904025049184348,2.630232558139535,2.392152057155848,49880.00000081025,4.235452834586246,2988000.0,
0.8837209302325582,1.1714571069621733,2.588372093023255,2.354080671630821,49890.00000081083,4.214540936898928,2989000.0,
0.8837209302325582,1.2377659998090889,2.7348837209302324,2.4873305209684147,49900.000000811415,4.2901009998573105,2990000.0,
0.7906976744186046,1.057784719224604,2.337209302325581,2.12565235848066,49910.000000812,4.567783615571945,2991000.0,
0.8837209302325582,1.1367238773756936,2.5116279069767433,2.2842831315016054,49920.00000081258,4.176816492893267,2992000.0,
0.9186046511627907,1.117778479419432,2.4697674418604647,2.246211745976578,49930.00000081316,3.998085433362685,2993000.0,
0.8837209302325582,1.1304087447236064,2.497674418604651,2.27159266965993,49940.00000081374,4.170723053313335,2994000.0,
0.872093023255814,1.0925179488110834,2.413953488372093,2.1954498986098763,49950.000000814325,4.183417914711183,2995000.0,
0.9534883720930233,1.1209360457454758,2.476744186046512,2.2525569768974156,49960.00000081491,3.856589023654864,2996000.0,
0.8604651162790697,1.0135787906599938,2.2395348837209297,2.036819125588931,49970.00000081549,4.14929156759932,2997000.0,
0.8604651162790697,1.0767301171808652,2.3790697674418606,2.163723744005687,49980.00000081607,4.223224190312798,2998000.0,
0.813953488372093,0.9693728620953831,2.141860465116279,1.947985892697202,49990.00000081665,4.333226659225683,2999000.0,
0.8023255813953488,1.19042383889742,1.9604651162790696,1.722380348499586,50000.000000817236,4.294283302040098,3000000.0,
0.7790697674418605,1.2243149090439658,2.0162790697674415,1.771416087958649,50010.00000081782,4.855684808707174,3001000.0,
0.8023255813953488,1.3556428058618308,2.2325581395348832,1.9614295783625177,50020.0000008184,4.879204076952454,3002000.0,
0.8837209302325582,1.2327876765806023,2.0302325581395344,1.7836750228234146,50030.00000081898,4.291309739362315,3003000.0,
0.813953488372093,1.4361340974598769,2.3651162790697673,2.077889459577792,50040.000000819564,4.909533319816514,3004000.0,
0.8372093023255814,1.097223395994419,1.8069767441860463,1.587532064987163,50050.000000820146,4.368902945293458,3005000.0,
0.813953488372093,1.2073693739706928,1.9883720930232558,1.746898218229118,50060.00000082073,4.629622373815583,3006000.0,
0.8372093023255814,1.1988966064340567,1.9744186046511627,1.7346392833643518,50070.00000082131,4.491457057763089,3007000.0,
0.7906976744186046,1.1438236174459198,1.8837209302325582,1.6549562067433743,50080.00000082189,4.686597516264191,3008000.0,
0.7674418604651163,1.1141689310676919,1.8348837209302324,1.6120499347166943,50090.000000822474,4.790580728446056,3009000.0,
0.8604651162790697,1.228551292812284,2.023255813953488,1.7775455553910313,50100.000000823056,4.406151502533472,3010000.0,
0.7558139534883721,1.181951071360784,1.9465116279069765,1.71012141363482,50110.00000082364,4.955193725271542,3011000.0,
0.7674418604651163,0.9870774180181455,1.625581395348837,1.4281659117452083,50120.00000082422,4.626794817502813,3012000.0,
0.8953488372093024,1.3175153519469667,2.169767441860465,1.9062643714710716,50130.0000008248,4.3354041593904755,3013000.0,
0.813953488372093,1.207369373970693,1.9883720930232558,1.7468982182291173,50140.000000825385,4.634193802387277,3014000.0,
0.8372093023255814,1.5420436916678324,2.5395348837209304,2.2311261453873636,50150.00000082597,4.905771631792579,3015000.0,
0.8255813953488372,1.2582059791905116,2.0720930232558143,1.820451827417712,50160.00000082655,4.631626960788993,3016000.0,
0.872093023255814,1.4107157948499676,2.3232558139534887,2.041112654983495,50170.00000082713,4.560018111503121,3017000.0,
0.8953488372093024,1.4149521786182857,2.3302325581395347,2.0472421224158777,50180.00000082771,4.4468271086598925,3018000.0,
0.8255813953488372,1.07180509338451,1.765116279069767,1.5507552603928656,50190.000000828295,4.407535746995906,3019000.0,
0.8604651162790697,1.3302245032519215,2.190697674418604,1.9246527737682204,50200.00000082888,4.5297176660176905,3020000.0,
0.8953488372093024,1.4446068649965134,2.379069767441861,2.090148394442558,50210.00000082946,4.481506368770731,3021000.0,
0.8023255813953488,1.2582059791905116,2.072093023255814,1.8204518274177117,50220.00000083004,4.769355278493225,3022000.0,
0.872093023255814,1.4064794110816494,2.316279069767442,2.0349831875511124,50230.00000083062,4.55836039144897,3023000.0,
0.8023255813953488,1.0760414771528282,1.772093023255814,1.5568847278252484,50240.000000831205,4.5434690875477735,3024000.0,
0.813953488372093,1.359879189630149,2.23953488372093,1.9675590457949006,50250.00000083179,4.8278487187692605,3025000.0,
0.8488372093023255,1.2454968278855572,2.0511627906976746,1.8020634251205634,50260.00000083237,4.495240098682406,3026000.0,
0.8255813953488372,1.347170038325194,2.2186046511627904,1.9491706434977518,50270.00000083295,4.745583426783476,3027000.0,
0.8255813953488372,1.2709151304954662,2.0930232558139537,1.8388402297148603,50280.000000833534,4.653781707440459,3028000.0,
0.8837209302325582,1.296333433105376,2.1348837209302327,1.8756170343091576,50290.000000834116,4.376900990167462,3029000.0,
0.813953488372093,1.3302245032519213,2.1906976744186046,1.92465277376822,50300.0000008347,4.794272961219034,3030000.0,
0.8255813953488372,1.2539695954221934,2.0651162790697666,1.814322359985329,50310.00000083528,4.634946270591241,3031000.0,
0.813953488372093,1.1861874551291018,1.953488372093023,1.7162508810672032,50320.00000083586,4.618456016382493,3032000.0,
0.9069767441860465,1.5971166806559687,2.6302325581395345,2.310809222008341,50330.000000836444,4.5983568531036845,3033000.0,
0.7674418604651163,1.0252048719330094,1.6883720930232557,1.483331118636654,50340.000000837026,4.689809378665381,3034000.0,
0.8604651162790697,1.3556428058618308,2.2325581395348837,1.9614295783625177,50350.00000083761,4.567365963645895,3035000.0,
0.8255813953488372,1.1861874551291018,1.9534883720930232,1.7162508810672026,50360.00000083819,4.555660861222307,3036000.0,
0.8255813953488372,1.1522963849825563,1.8976744186046508,1.66721514160814,50370.00000083877,4.515173086115256,3037000.0,
0.8488372093023255,1.2666787467271479,2.0860465116279063,1.8327107622824776,50380.000000839354,4.526769482523568,3038000.0,
0.8255813953488372,1.1184053148360105,1.8418604651162784,1.618179402149077,50390.00000083994,4.475248691289929,3039000.0,
0.7674418604651163,1.2412604441172386,2.0441860465116277,1.79593395768818,50400.00000084052,4.9749726999965596,3040000.0,
0.9186046511627907,1.393770259776695,2.295348837209302,2.0165947852539636,50410.0000008411,4.322835979069475,3041000.0,
0.8255813953488372,1.1438236174459195,1.8837209302325575,1.6549562067433743,50420.00000084168,4.507727198676679,3042000.0,
0.8837209302325582,1.5123890052896052,2.490697674418604,2.188219873360684,50430.000000842265,4.6287533481658345,3043000.0,
0.7558139534883721,1.1777146875924653,1.9395348837209296,1.703991946202437,50440.00000084285,4.969896355979257,3044000.0,
0.7441860465116279,1.0506231745429189,1.730232558139535,1.5201079232309511,50450.00000084343,4.877396765881141,3045000.0,
0.8255813953488372,1.3217517357152848,2.1767441860465113,1.9123938389034547,50460.00000084401,4.725499285594632,3046000.0,
0.7906976744186046,1.1395872336776014,1.876744186046511,1.6488267393109914,50470.00000084459,4.704180913264417,3047000.0,
0.8372093023255814,1.5420436916678324,2.539534883720931,2.231126145387363,50480.000000845175,4.92410496512698,3048000.0,
0.7674418604651163,1.232787676580602,2.030232558139535,1.7836750228234144,50490.00000084576,4.969386972600653,3049000.0,
0.8372093023255814,1.2878606655687392,2.1209302325581394,1.863358099444392,50500.00000084634,4.6216085728420175,3050000.0,
0.8255813953488372,1.266678746727148,2.086046511627907,1.8327107622824776,50510.00000084692,4.661608059496489,3051000.0,
0.8604651162790697,1.287860665568739,2.1209302325581394,1.863358099444392,50520.0000008475,4.49778131411662,3052000.0,
0.7790697674418605,1.2582059791905116,2.072093023255814,1.8204518274177113,50530.000000848086,4.930231555464247,3053000.0,
0.8837209302325582,1.3514064220935125,2.225581395348837,1.9553001109301351,50540.00000084867,4.452378319812698,3054000.0,
0.8372093023255814,1.2200785252756476,2.009302325581396,1.765286620526266,50550.00000084925,4.543424349714319,3055000.0,
0.813953488372093,1.1777146875924651,1.9395348837209303,1.7039919462024378,50560.00000084983,4.621760901981138,3056000.0,
0.7906976744186046,1.2666787467271479,2.0860465116279068,1.8327107622824776,50570.000000850414,4.870796650356833,3057000.0,
0.7790697674418605,1.169241920055829,1.9255813953488372,1.6917330113376716,50580.000000850996,4.819023957172144,3058000.0,
0.7790697674418605,1.0718050933845098,1.7651162790697676,1.5507552603928656,50590.00000085158,4.6945528065194395,3059000.0,
0.8372093023255814,0.988318260051645,2.1837209302325578,1.9860572782222288,50600.00000085216,4.672705253907317,3060000.0,
0.813953488372093,0.8557004743578139,1.8906976744186041,1.7195575795470417,50610.00000085274,4.2290005828644475,3061000.0,
0.8255813953488372,1.064099851876691,2.351162790697674,2.1383428203223356,50620.000000853324,4.422427989677987,3062000.0,
0.8023255813953488,0.909379101900555,2.009302325581395,1.8274265052012844,50630.00000085391,4.358353663321617,3063000.0,
0.8023255813953488,1.0483120202464733,2.316279069767442,2.106616665718147,50640.00000085449,4.532096141260042,3064000.0,
0.8255813953488372,1.0198939233120805,2.2534883720930226,2.049509587430607,50650.00000085507,4.37057292127588,3065000.0,
0.8837209302325582,1.2251357345049143,2.706976744186046,2.4619495972850634,50660.00000085565,4.315808857541756,3066000.0,
0.872093023255814,1.051469586572517,2.3232558139534882,2.1129618966389843,50670.000000856235,4.174749126013196,3067000.0,
0.8372093023255814,1.0167363569860373,2.246511627906976,2.0431643565097692,50680.00000085682,4.30776564870215,3068000.0,
0.7790697674418605,0.9914758263776885,2.190697674418605,1.9924025091430668,50690.0000008574,4.597413747376704,3069000.0,
0.8604651162790697,1.0640998518766909,2.351162790697674,2.138342820322336,50700.00000085798,4.247464692799401,3070000.0,
0.8604651162790697,1.1619844079840427,2.567441860465116,2.335044978868307,50710.00000085856,4.361762960707975,3071000.0,
0.8372093023255814,1.2093479028746963,2.672093023255814,2.430223442680874,50720.000000859145,4.540051661847067,3072000.0,
0.8372093023255814,1.0704149845287783,2.3651162790697673,2.1510332821640117,50730.00000085973,4.374659564933919,3073000.0,
0.8372093023255814,0.947269897813078,2.0930232558139537,1.9035692762513376,50740.00000086031,4.228125155801309,3074000.0,
0.8488372093023255,1.0672574182027346,2.358139534883721,2.144688051243174,50750.00000086089,4.312108739331603,3075000.0,
0.8604651162790697,1.1335663110496503,2.504651162790698,2.277937900580768,50760.00000086147,4.331439226433028,3076000.0,
0.8372093023255814,1.1398814437017377,2.51860465116279,2.290628362422443,50770.000000862055,4.459855613390639,3077000.0,
0.7906976744186046,0.9504274641391215,2.0999999999999996,1.9099145071721753,50780.00000086264,4.483184734143284,3078000.0,
0.8023255813953488,1.0451544539204296,2.309302325581395,2.100271434797309,50790.00000086322,4.5368562759846105,3079000.0,
0.8255813953488372,1.0640998518766909,2.351162790697674,2.1383428203223356,50800.0000008638,4.4325688347489995,3080000.0,
0.8488372093023255,1.1493541426798681,2.5395348837209295,2.3096640551849563,50810.000000864384,4.412113099674719,3081000.0,
0.8255813953488372,1.0925179488110837,2.413953488372093,2.1954498986098754,50820.000000864966,4.468117515542835,3082000.0,
0.8023255813953488,0.9441123314870347,2.0860465116279068,1.8972240453304994,50830.00000086555,4.413238558169209,3083000.0,
0.8488372093023255,1.2219781681788708,2.6999999999999997,2.4556043663642257,50840.00000086613,4.499314006427064,3084000.0,
0.8604651162790697,1.0388393212683424,2.295348837209302,2.0875809729556334,50850.00000086671,4.226215968038819,3085000.0,
0.7558139534883721,1.0388393212683427,2.2953488372093016,2.0875809729556334,50860.000000867294,4.811999717459614,3086000.0,
0.9302325581395349,1.1998752038965657,2.6511627906976747,2.4111877499183607,50870.000000867876,4.083363344261306,3087000.0,
0.8837209302325582,1.1019906477892143,2.434883720930232,2.214485591372389,50880.00000086846,4.188039417311508,3088000.0,
0.813953488372093,1.1209360457454758,2.476744186046511,2.252556976897416,50890.00000086904,4.570861427713077,3089000.0,
0.9069767441860465,1.0451544539204296,2.3093023255813954,2.100271434797309,50900.00000086962,4.019013885166201,3090000.0,
0.7325581395348837,0.9662152957693396,2.134883720930232,1.9416406617763646,50910.000000870205,4.8687986578090845,3091000.0,
0.813953488372093,1.1588268416579988,2.5604651162790693,2.3286997479474696,50920.00000087079,4.6191272626914195,3092000.0,
0.8255813953488372,0.9693728620953834,2.141860465116279,1.947985892697202,50930.00000087137,4.325153044310095,3093000.0,
0.7674418604651163,0.9693728620953831,2.141860465116279,1.947985892697202,50940.00000087195,4.653422214333621,3094000.0,
0.8255813953488372,0.9788455610735141,2.1627906976744184,1.9670215854597153,50950.00000087253,4.3377537782836715,3095000.0,
0.8372093023255814,1.0293666222902116,2.2744186046511623,2.06854528019312,50960.000000873115,4.338407354483042,3096000.0,
0.9302325581395349,1.2472386987872195,2.755813953488372,2.5063662137309275,50970.0000008737,4.139279101269049,3097000.0,
0.8604651162790697,1.2219781681788708,2.6999999999999997,2.4556043663642253,50980.00000087428,4.44608003336768,3098000.0,
0.8372093023255814,1.101990647789214,2.434883720930232,2.21448559137239,50990.00000087486,4.426819384940281,3099000.0,
0.8488372093023255,1.0925179488110834,2.413953488372093,2.1954498986098763,51000.00000087544,4.355566350734017,3100000.0,
0.8837209302325582,1.1682995406361296,2.581395348837209,2.347735440709983,51010.000000876025,4.269915269743941,3101000.0,
0.8488372093023255,1.1904025049184352,2.6302325581395345,2.3921520571558474,51020.00000087661,4.471978293545481,3102000.0,
0.8604651162790697,1.0830452498329528,2.3930232558139535,2.176414205847362,51030.00000087719,4.287320155290148,3103000.0,
0.8837209302325582,1.1588268416579988,2.5604651162790693,2.3286997479474696,51040.00000087777,4.260775110374044,3104000.0,
0.8255813953488372,1.0135787906599936,2.239534883720931,2.036819125588931,51050.00000087835,4.385458816938044,3105000.0,
0.813953488372093,1.073572550854822,2.372093023255814,2.157378513084849,51060.000000878936,4.522386276847982,3106000.0,
0.8255813953488372,1.2219781681788706,2.6999999999999997,2.4556043663642253,51070.00000087952,4.639012992524356,3107000.0,
0.8953488372093024,1.000948525355819,2.2116279069767444,2.01143820190558,51080.0000008801,4.03118666475908,3108000.0,
0.9186046511627907,1.117778479419432,2.4697674418604647,2.246211745976578,51090.00000088068,4.056819610581293,3109000.0,
0.9186046511627907,1.1619844079840427,2.5674418604651157,2.335044978868307,51100.000000881264,4.105448849271912,3110000.0,
0.8837209302325582,1.3324929895903965,2.9441860465116276,2.6776874485935482,51110.000000881846,4.460976277771445,3111000.0,
0.8953488372093024,1.1714571069621733,2.588372093023256,2.354080671630821,51120.00000088243,4.223702742916947,3112000.0,
0.8255813953488372,1.3103900253080916,2.8953488372093017,2.633270832147684,51130.00000088301,4.7494836927092425,3113000.0,
0.813953488372093,1.0830452498329528,2.3930232558139535,2.1764142058473626,51140.00000088359,4.538595592735666,3114000.0,
0.8372093023255814,0.9314820661828602,2.0581395348837206,1.8718431216471492,51150.000000884174,4.232045245799875,3115000.0,
0.7674418604651163,0.9283244998568164,2.051162790697674,1.8654978907263111,51160.00000088476,4.613268287781114,3116000.0,
0.8604651162790697,1.079887683506909,2.386046511627907,2.170068974926525,51170.00000088534,4.291218118749512,3117000.0,
0.8372093023255814,1.1872449385923913,2.623255813953488,2.38580682623501,51180.00000088592,4.539206454511357,3118000.0,
0.8372093023255814,1.2093479028746965,2.6720930232558135,2.430223442680874,51190.0000008865,4.566162772959697,3119000.0,
0.8255813953488372,1.529334540362878,2.5186046511627906,2.2127377430902153,51200.000000887085,4.546895833298958,3120000.0,
0.8488372093023255,1.3090425844103306,2.155813953488372,1.8940054366063066,51210.00000088767,4.62215701733106,3121000.0,
0.8488372093023255,1.4657887838381043,2.413953488372093,2.1207957316044723,51220.00000088825,4.807364868711757,3122000.0,
0.813953488372093,1.2793878980321027,2.106976744186046,1.851099164579626,51230.00000088883,4.78495941766635,3123000.0,
0.8953488372093024,1.4064794110816494,2.3162790697674414,2.034983187551113,51240.00000088941,4.492428952713088,3124000.0,
0.8255813953488372,1.2454968278855572,2.0511627906976746,1.802063425120563,51250.000000889995,4.677641228226003,3125000.0,
0.7790697674418605,1.4869707026796952,2.4488372093023254,2.1514430687663864,51260.00000089058,5.267451946811111,3126000.0,
0.8255813953488372,1.304806200642012,2.1488372093023256,1.8878759691739238,51270.00000089116,4.750607510719802,3127000.0,
0.8372093023255814,1.317515351946967,2.169767441860465,1.906264371471072,51280.00000089174,4.700362781574089,3128000.0,
0.8604651162790697,1.5039162377529687,2.4767441860465116,2.175960938495918,51290.00000089232,4.790494546657473,3129000.0,
0.8255813953488372,1.207369373970693,1.9883720930232558,1.7468982182291177,51300.000000892906,4.634275579822247,3130000.0,
0.8023255813953488,1.1819510713607837,1.9465116279069767,1.7101214136348204,51310.00000089349,4.737501335404778,3131000.0,
0.8372093023255814,1.4446068649965131,2.3790697674418606,2.090148394442558,51320.00000089407,4.854388755494509,3132000.0,
0.8255813953488372,1.2158421415073295,2.002325581395348,1.759157153093883,51330.00000089465,4.646228509514608,3133000.0,
0.8255813953488372,1.2200785252756476,2.0093023255813947,1.7652866205262656,51340.000000895234,4.6519232842199285,3134000.0,
0.813953488372093,1.342933654556876,2.211627906976744,1.9430411760653694,51350.000000895816,4.869887061397184,3135000.0,
0.7790697674418605,1.0972233959944193,1.8069767441860465,1.587532064987163,51360.0000008964,4.773149433752745,3136000.0,
0.813953488372093,1.4361340974598766,2.365116279069767,2.0778894595777926,51370.00000089698,4.985533319820938,3137000.0,
0.8023255813953488,1.241260444117239,2.044186046511628,1.7959339576881803,51380.00000089756,4.81548113333335,3138000.0,
0.9186046511627907,1.2709151304954664,2.0930232558139537,1.8388402297148603,51390.000000898144,4.238715205424442,3139000.0,
0.8023255813953488,1.0548595583112368,1.7372093023255812,1.526237390663334,51400.000000898726,4.5843148118940515,3140000.0,
0.9069767441860465,1.3725883409351034,2.2604651162790694,1.9859474480920492,51410.00000089931,4.40618458110698,3141000.0,
0.872093023255814,1.4700251676064229,2.420930232558139,2.126925199036855,51420.00000089989,4.694692858934403,3142000.0,
0.813953488372093,1.1311144661409651,1.8627906976744188,1.6365678044462257,51430.00000090047,4.614223487057903,3143000.0,
0.8023255813953488,1.3005698168736939,2.141860465116279,1.8817465017415405,51440.000000901055,4.89288122111696,3144000.0,
0.8953488372093024,1.3895338760083766,2.288372093023256,2.010465317821581,51450.00000090164,4.484411861592926,3145000.0,
0.872093023255814,1.0929870122261007,1.7999999999999998,1.58140259755478,51460.00000090222,4.264489107431758,3146000.0,
0.7674418604651163,1.1395872336776014,1.8767441860465113,1.648826739310991,51470.0000009028,4.907337910639595,3147000.0,
0.8023255813953488,1.2116057577390111,1.9953488372093022,1.7530276856615001,51480.00000090338,4.784317321326041,3148000.0,
0.8372093023255814,1.2200785252756476,2.009302325581396,1.7652866205262663,51490.000000903965,4.595646571939581,3149000.0,
0.813953488372093,1.4064794110816494,2.316279069767442,2.0349831875511115,51500.00000090455,4.956528990842405,3150000.0,
0.872093023255814,1.2751515142637846,2.099999999999999,1.8449696971472431,51510.00000090513,4.476037736435123,3151000.0,
0.8372093023255814,1.1438236174459198,1.8837209302325582,1.6549562067433743,51520.00000090571,4.506230987587504,3152000.0,
0.8023255813953488,1.228551292812284,2.023255813953488,1.7775455553910318,51530.00000090629,4.80833639402623,3153000.0,
0.872093023255814,1.2793878980321027,2.106976744186046,1.851099164579626,51540.000000906875,4.482495456489556,3154000.0,
0.8837209302325582,1.4191885623866038,2.337209302325581,2.053371589848261,51550.00000090746,4.5822370575158695,3155000.0,
0.8023255813953488,0.9913138017864639,1.6325581395348834,1.434295379177591,51560.00000090804,4.514388216805745,3156000.0,
0.872093023255814,1.19042383889742,1.96046511627907,1.7223803484995857,51570.00000090862,4.382083335348545,3157000.0,
0.8604651162790697,1.1819510713607835,1.9465116279069765,1.71012141363482,51580.000000909204,4.431994488418818,3158000.0,
0.8023255813953488,1.0802778609211463,1.7790697674418605,1.5630141952576313,51590.000000909786,4.62701008761139,3159000.0,
0.8372093023255814,1.2497332116538749,2.0581395348837206,1.8081928925529462,51600.00000091037,4.637178558447264,3160000.0,
0.7790697674418605,1.1946602226657386,1.967441860465116,1.7285098159319687,51610.00000091095,4.913142972466053,3161000.0,
0.7790697674418605,1.2243149090439658,2.016279069767442,1.771416087958649,51620.00000091153,4.951804211697843,3162000.0,
0.8255813953488372,1.19042383889742,1.9604651162790696,1.7223803484995854,51630.000000912114,4.632341551424716,3163000.0,
0.872093023255814,1.283624281800421,2.1139534883720925,1.857228632012009,51640.000000912696,4.4926865098775375,3164000.0,
0.7674418604651163,1.266678746727148,2.0860465116279068,1.832710762282477,51650.00000091328,5.083851094310851,3165000.0,
0.8604651162790697,1.4022430273133313,2.309302325581396,2.0288537201187293,51660.00000091386,4.692333788580139,3166000.0,
0.8604651162790697,1.3980066435450127,2.3023255813953485,2.0227242526863467,51670.00000091444,4.687950964200773,3167000.0,
0.9069767441860465,1.3259881194836032,2.1837209302325578,1.9185233063358382,51680.000000915024,4.368651003609978,3168000.0,
0.7906976744186046,1.2793878980321025,2.1069767441860465,1.8510991645796264,51690.00000091561,4.952752341716935,3169000.0,
0.8255813953488372,1.224314909043966,2.0162790697674415,1.771416087958649,51700.00000091619,4.677336368785551,3170000.0,
0.8488372093023255,1.4022430273133315,2.3093023255813954,2.0288537201187293,51710.00000091677,4.759352059656738,3171000.0,
0.813953488372093,1.3386972707885578,2.204651162790697,1.9369117086329866,51720.00000091735,4.885825218483053,3172000.0,
0.8604651162790697,1.2116057577390111,1.995348837209302,1.7530276856615006,51730.000000917935,4.474566150966959,3173000.0,
0.872093023255814,1.1438236174459198,1.8837209302325582,1.6549562067433743,51740.00000091852,4.33771508141802,3174000.0,
0.7906976744186046,1.2836242818004209,2.113953488372093,1.857228632012009,51750.0000009191,4.961639532953543,3175000.0,
0.813953488372093,1.0463867907746007,1.7232558139534886,1.5139784557985683,51760.00000091968,4.528986628751753,3176000.0,
0.7441860465116279,1.1014597797627375,1.813953488372093,1.5936615324195451,51770.00000092026,5.028208454150074,3177000.0,
0.872093023255814,1.2539695954221934,2.065116279069768,1.814322359985329,51780.000000920845,4.466149136164271,3178000.0,
0.8372093023255814,1.2793878980321027,2.1069767441860465,1.8510991645796253,51790.00000092143,4.68315498939965,3179000.0,
0.8953488372093024,1.026209055964168,2.2674418604651163,2.0622000492722825,51800.00000092201,4.488399043253385,3180000.0,
0.8372093023255814,1.0609422855506474,2.3441860465116275,2.1319975894014975,51810.00000092259,4.423344952269088,3181000.0,
0.8837209302325582,1.1619844079840425,2.567441860465116,2.3350449788683076,51820.00000092317,4.30540077753485,3182000.0,
0.8488372093023255,1.143039010027781,2.525581395348837,2.29697359334328,51830.000000923756,4.460563765320719,3183000.0,
0.872093023255814,1.1304087447236064,2.4976744186046504,2.27159266965993,51840.00000092434,4.327666027363411,3184000.0,
0.872093023255814,1.1682995406361296,2.5813953488372094,2.347735440709983,51850.00000092492,4.371647473343136,3185000.0,
0.8488372093023255,0.9472698978130782,2.0930232558139537,1.9035692762513376,51860.0000009255,4.2315754961363705,3186000.0,
0.8372093023255814,1.0798876835069093,2.386046511627907,2.170068974926525,51870.000000926084,4.449307510939262,3187000.0,
0.8604651162790697,1.1114633467673452,2.455813953488372,2.233521284134903,51880.000000926666,4.366292538216576,3188000.0,
0.8488372093023255,1.1493541426798681,2.5395348837209295,2.3096640551849563,51890.00000092725,4.471291181869944,3189000.0,
0.8372093023255814,1.0862028161589965,2.4,2.1827594367681997,51900.00000092783,4.458517252718241,3190000.0,
0.7790697674418605,0.8114945457932037,1.793023255813953,1.6307243466553125,51910.00000092841,4.439228820063544,3191000.0,
0.8837209302325582,1.240923566135132,2.7418604651162783,2.493675751889252,51920.000000928994,4.399989824916653,3192000.0,
0.813953488372093,1.1083057804413017,2.448837209302326,2.2271760532140648,51930.000000929576,4.614772816057122,3193000.0,
0.8023255813953488,0.9977909590297757,2.204651162790697,2.0050929709847423,51940.00000093016,4.5444901809073865,3194000.0,
0.7906976744186046,0.9030639692484678,1.9953488372093027,1.8147360433596087,51950.00000093074,4.492107372962051,3195000.0,
0.8023255813953488,0.9093791019005549,2.009302325581395,1.8274265052012844,51960.00000093132,4.435455112601468,3196000.0,
0.8488372093023255,1.2440811324611758,2.7488372093023257,2.50002098281009,51970.000000931905,4.587270923256399,3197000.0,
0.872093023255814,0.9725304284214269,2.1488372093023256,1.9543311236180403,51980.00000093249,4.1540988913373464,3198000.0,
0.8488372093023255,1.1367238773756938,2.511627906976744,2.284283131501605,51990.00000093307,4.461891143292743,3199000.0,
0.872093023255814,1.0546271528985605,2.3302325581395347,2.1193071275598223,52000.00000093365,4.249303135404522,3200000.0,
0.8620689655172413,0.9925646423521863,2.193103448275862,1.9945905198054248,52010.00000093423,4.1919056518760724,3201000.0,
0.8160919540229885,0.9582306452896894,2.117241379310345,1.9255952502524065,52020.000000934815,4.386561495017895,3202000.0,
0.8505747126436781,1.1548708102839904,2.5517241379310343,2.320749975874236,52030.0000009354,4.44045352028077,3203000.0,
0.9425287356321839,1.145506992903309,2.5310344827586206,2.301933084177959,52040.00000093598,3.9977915657153673,3204000.0,
0.896551724137931,1.1111729958408123,2.4551724137931035,2.2329378146249406,52050.00000093656,4.165023726208016,3205000.0,
0.8735632183908046,1.2297813493294383,2.717241379310344,2.471285109444457,52060.00000093714,4.410931281549185,3206000.0,
0.8620689655172413,1.0862028161589965,2.4,2.1827594367682006,52070.000000937725,4.303725933492158,3207000.0,
0.8735632183908046,1.0112922771135482,2.2344827586206897,2.03222430319798,52080.00000093831,4.161871422565266,3208000.0,
0.7816091954022989,1.1267793581419474,2.489655172413793,2.2642993007854035,52090.00000093889,4.799847120065195,3209000.0,
0.9080459770114943,1.0737177263180886,2.3724137931034486,2.1576702478398304,52100.00000093947,4.073585344250126,3210000.0,
0.8390804597701149,0.9675944626703702,2.137931034482758,1.9444121419486844,52110.000000940054,4.282472852854941,3211000.0,
0.8390804597701149,0.9738370075908241,2.1517241379310343,1.956956736412869,52120.000000940636,4.290460543376611,3212000.0,
0.8735632183908046,1.1954473522669415,2.641379310344827,2.4022898398914387,52130.00000094122,4.375312100701541,3213000.0,
0.8275862068965517,1.083081543698769,2.3931034482758617,2.1764871395361074,52140.0000009418,4.483165198720673,3214000.0,
0.8850574712643678,1.0050497321930942,2.220689655172414,2.0196797087337948,52150.00000094238,4.104404242946715,3215000.0,
0.8735632183908046,1.1579920827442174,2.5586206896551724,2.3270222731063286,52160.000000942964,4.334014621116409,3216000.0,
0.7931034482758621,1.1299006306021742,2.4965517241379307,2.270571598017496,52170.000000943546,4.738857316934662,3217000.0,
0.8275862068965517,1.0487475466362721,2.317241379310345,2.10749186998309,52180.00000094413,4.44390050782584,3218000.0,
0.8735632183908046,1.1361431755226283,2.510344827586207,2.283116192481681,52190.00000094471,4.3105823194286295,3219000.0,
0.8850574712643678,1.0768389987783153,2.379310344827586,2.1639425450719223,52200.00000094529,4.188114193504194,3220000.0,
0.9195402298850575,1.1735984450453525,2.5931034482758615,2.358383759266791,52210.000000945874,4.136785809063218,3221000.0,
0.9195402298850575,1.0924453610794504,2.4137931034482762,2.1953040312323853,52220.00000094646,4.049031830250329,3222000.0,
0.8735632183908046,1.0425050017158184,2.303448275862069,2.094947275518905,52230.00000094704,4.205496515202535,3223000.0,
0.7931034482758621,0.9832008249715055,2.172413793103448,1.9757736281091467,52240.00000094762,4.557945967806375,3224000.0,
0.8160919540229885,1.0737177263180882,2.372413793103448,2.15767024783983,52250.0000009482,4.5410315802224615,3225000.0,
0.8620689655172413,1.1080517233805853,2.4482758620689653,2.226665517392848,52260.000000948785,4.339203999203125,3226000.0,
0.8735632183908046,1.1018091784601312,2.434482758620689,2.214120922928663,52270.00000094937,4.275489454370489,3227000.0,
0.8620689655172413,1.1361431755226283,2.5103448275862066,2.283116192481681,52280.00000094995,4.372856750354623,3228000.0,
0.8505747126436781,1.0549900915567263,2.3310344827586205,2.1200364644472747,52290.00000095053,4.3370802428589945,3229000.0,
0.8505747126436781,1.0050497321930942,2.2206896551724133,2.0196797087337948,52300.00000095111,4.278907117661243,3230000.0,
0.8275862068965517,1.1205368132214932,2.475862068965517,2.2517547063212184,52310.000000951695,4.537868093838958,3231000.0,
0.8620689655172413,1.145506992903309,2.53103448275862,2.301933084177959,52320.00000095228,4.385852111849672,3232000.0,
0.8735632183908046,1.1860835348862604,2.620689655172414,2.383472948195161,52330.00000095286,4.375119309753215,3233000.0,
0.8505747126436781,1.1205368132214935,2.4758620689655175,2.2517547063212184,52340.00000095344,4.4168446318434045,3234000.0,
0.8620689655172413,0.9519881003692352,2.103448275862069,1.9130506557882216,52350.00000095402,4.162970196510238,3235000.0,
0.8735632183908046,1.1361431755226281,2.5103448275862066,2.2831161924816805,52360.000000954606,4.319529687850203,3236000.0,
0.8390804597701149,1.0830815436987693,2.3931034482758617,2.176487139536108,52370.00000095519,4.43435471654715,3237000.0,
0.8850574712643678,1.0768389987783151,2.3793103448275867,2.1639425450719227,52380.00000095577,4.1974648428553865,3238000.0,
0.8390804597701149,1.1174155407612663,2.468965517241379,2.2454824090891257,52390.00000095635,4.476369206197039,3239000.0,
0.8045977011494253,1.4656913957054996,2.4137931034482754,2.1206548243071754,52400.000000956934,4.637750663143832,3240000.0,
0.896551724137931,1.411251429579295,2.3241379310344823,2.0418876451186243,52410.000000957516,4.518188133071244,3241000.0,
0.8275862068965517,1.193491565074478,1.9655172413793103,1.7268189283644149,52420.0000009581,4.632132863439448,3242000.0,
0.8735632183908046,1.2856207385188239,2.1172413793103444,1.8601172316065802,52430.00000095868,4.494326371806588,3243000.0,
0.7816091954022989,1.2228053929885885,2.013793103448276,1.7692320248505584,52440.00000095926,4.943292194061361,3244000.0,
0.8275862068965517,1.1851161856704466,1.9517241379310344,1.7147009007969456,52450.000000959844,4.6236792799930075,3245000.0,
0.7586206896551724,1.180928495968431,1.9448275862068964,1.7086418870132103,52460.00000096043,5.039099684173083,3246000.0,
0.7931034482758621,1.2269930826906041,2.0206896551724136,1.775291038634293,52470.00000096101,4.87866953913413,3247000.0,
0.7931034482758621,1.2353684620946352,2.0344827586206895,1.787409066201763,52480.00000096159,4.889809510266781,3248000.0,
0.7471264367816092,1.1599900474583522,1.9103448275862065,1.678346818094537,52490.00000096217,5.090445140539287,3249000.0,
0.8045977011494253,1.092987012226101,1.8,1.58140259755478,52500.000000962755,4.644138143855002,3250000.0,
0.8735632183908046,1.1599900474583527,1.9103448275862072,1.6783468180945362,52510.00000096334,4.354722817566557,3251000.0,
0.7701149425287356,1.1641777371603683,1.9172413793103447,1.684405831878271,52520.00000096392,4.945720345360239,3252000.0,
0.8620689655172413,1.2730576694127766,2.0965517241379312,1.8419401902553763,52530.0000009645,4.545010896601305,3253000.0,
0.8505747126436781,1.2060546341805254,1.9862068965517243,1.7449959697156197,52540.00000096508,4.5281966645931675,3254000.0,
0.8045977011494253,1.1474269783523054,1.8896551724137924,1.6601697767433323,52550.000000965665,4.714656387469165,3255000.0,
0.8275862068965517,1.369374532559138,2.2551724137931033,1.9812975072812757,52560.00000096625,4.8524358935949765,3256000.0,
0.7816091954022989,1.1558023577563368,1.9034482758620686,1.6722878043108018,52570.00000096683,4.865214781338189,3257000.0,
0.8275862068965517,1.1767408062664155,1.9379310344827585,1.7025828732294757,52580.00000096741,4.620781252102446,3258000.0,
0.7701149425287356,1.0804239431200537,1.779310344827586,1.5632255562035753,52590.00000096799,4.841144523248432,3259000.0,
0.8735632183908046,1.3233099458369655,2.1793103448275857,1.9146483556601932,52600.000000968575,4.546417964394982,3260000.0,
0.8275862068965517,1.327497635538981,2.1862068965517243,1.9207073694439283,52610.00000096916,4.804612420806893,3261000.0,
0.8390804597701149,1.2311807723926194,2.027586206896552,1.7813500524180281,52620.00000096974,4.624555167183085,3262000.0,
0.7471264367816092,1.2186177032865724,2.0068965517241377,1.7631730110668236,52630.00000097032,5.177531387571406,3263000.0,
0.8620689655172413,1.369374532559138,2.2551724137931033,1.9812975072812757,52640.000000970904,4.662605124518092,3264000.0,
0.8735632183908046,1.4405652574934054,2.3724137931034477,2.0843007416047676,52650.000000971486,4.683276018528164,3265000.0,
0.8390804597701149,1.2060546341805252,1.9862068965517243,1.7449959697156192,52660.00000097207,4.5968020983550995,3266000.0,
0.9080459770114943,1.4824421545135622,2.441379310344827,2.1448908794421153,52670.00000097265,4.552560347454415,3267000.0,
0.8620689655172413,1.3819376016651854,2.2758620689655173,1.9994745486324799,52680.00000097323,4.679311618014565,3268000.0,
0.8505747126436781,1.3903129810692165,2.2896551724137932,2.0115925761999502,52690.000000973814,4.7529328291789925,3269000.0,
0.8275862068965517,1.2604946003067299,2.075862068965517,1.8237631489041717,52700.000000974396,4.728650419901547,3270000.0,
0.8045977011494253,1.2730576694127766,2.096551724137931,1.8419401902553758,52710.00000097498,4.87994024635914,3271000.0,
0.8505747126436781,1.2437438414986668,2.0482758620689654,1.7995270937692318,52720.00000097556,4.582236678602899,3272000.0,
0.8505747126436781,1.3065591870289022,2.151724137931034,1.8904123005252542,52730.00000097614,4.656627692942533,3273000.0,
0.8505747126436781,1.3149345664329337,2.1655172413793102,1.9025303280927235,52740.000000976725,4.667014963322979,3274000.0,
0.7931034482758621,1.3484360840490597,2.220689655172414,1.9510024383626021,52750.00000097731,5.048025207514575,3275000.0,
0.8390804597701149,1.1390515989482737,1.8758620689655172,1.648051749175862,52760.00000097789,4.5224286180101325,3276000.0,
0.7931034482758621,1.1683654268623838,1.9241379310344826,1.6904648456620057,52770.00000097847,4.822139016569125,3277000.0,
0.9080459770114943,1.5075682927256566,2.482758620689655,2.181244962144524,52780.00000097905,4.585800524979451,3278000.0,
0.8850574712643678,1.411251429579295,2.3241379310344827,2.0418876451186243,52790.000000979635,4.596606160774616,3279000.0,
0.7701149425287356,1.3819376016651854,2.275862068965517,1.9994745486324803,52800.00000098022,5.245199572404781,3280000.0,
0.8505747126436781,1.4908175339175938,2.4551724137931035,2.157008907009585,52810.0000009808,4.877580073744354,3281000.0,
0.7931034482758621,1.2060546341805252,1.9862068965517239,1.7449959697156192,52820.00000098138,4.872558741738544,3282000.0,
0.8505747126436781,1.2604946003067297,2.0758620689655167,1.8237631489041715,52830.00000098196,4.607876084228941,3283000.0,
0.7931034482758621,1.1809284959684312,1.944827586206896,1.7086418870132103,52840.000000982545,4.84203737906539,3284000.0,
0.8045977011494253,1.268869979710761,2.089655172413793,1.835881176471641,52850.00000098313,4.882735546301387,3285000.0,
0.8275862068965517,1.3777499119631695,2.268965517241379,1.9934155348487457,52860.00000098371,4.879222810375818,3286000.0,
0.8160919540229885,1.2772453591147923,2.1034482758620685,1.8479992040391107,52870.00000098429,4.825354172524682,3287000.0,
0.7816091954022989,1.122300840140211,1.8482758620689652,1.6238156940409234,52880.00000098487,4.840587839683326,3288000.0,
0.8735632183908046,1.390312981069217,2.289655172413793,2.0115925761999502,52890.000000985456,4.638381965253842,3289000.0,
0.8160919540229885,1.1767408062664149,1.9379310344827583,1.7025828732294759,52900.00000098604,4.703890847203529,3290000.0,
0.8275862068965517,1.3568114634530908,2.2344827586206892,1.9631204659300716,52910.00000098662,4.856699962870746,3291000.0,
0.8160919540229885,1.164177737160368,1.9172413793103442,1.684405831878271,52920.0000009872,4.689623424496186,3292000.0,
0.8390804597701149,1.2688699797107608,2.0896551724137926,1.835881176471641,52930.000000987784,4.6864587430289815,3293000.0,
0.8390804597701149,1.1558023577563368,1.903448275862069,1.6722878043108012,52940.000000988366,4.552254864809357,3294000.0,
0.8160919540229885,1.264682290008745,2.082758620689655,1.8298221626879059,52950.00000098895,4.814467031507674,3295000.0,
0.7931034482758621,1.226993082690604,2.020689655172414,1.775291038634293,52960.00000098953,4.907075336237232,3296000.0,
0.8505747126436781,1.2981838076248708,2.1379310344827585,1.878294272957785,52970.00000099011,4.6597539360763855,3297000.0,
0.7816091954022989,1.134863909246258,1.8689655172413788,1.6419927353921275,52980.000000990694,4.862543531039934,3298000.0,
0.8045977011494253,1.1683654268623838,1.9241379310344828,1.6904648456620064,52990.00000099128,4.7658227449045825,3299000.0,
0.8620689655172413,1.0799602712385425,2.3862068965517245,2.1702148423040164,53000.00000099186,4.774101805551636,3300000.0,
0.8735632183908046,1.157992082744217,2.5586206896551715,2.327022273106329,53010.00000099244,4.378751463224275,3301000.0,
0.8160919540229885,1.048747546636272,2.3172413793103446,2.10749186998309,53020.00000099302,4.553814599488113,3302000.0,
0.7816091954022989,0.9519881003692352,2.1034482758620685,1.913050655788222,53030.000000993605,4.631511246153326,3303000.0,
0.8275862068965517,1.0862028161589963,2.3999999999999995,2.1827594367682,53040.00000099419,4.53693673627969,3304000.0,
0.8735632183908046,0.9832008249715052,2.172413793103448,1.9757736281091471,53050.00000099477,4.180766733931952,3305000.0,
0.8505747126436781,1.3639960651191994,3.013793103448276,2.7409938904244355,53060.00000099535,4.741992671238919,3306000.0,
0.8620689655172413,1.0331411843351372,2.282758620689655,2.076130383822627,53070.00000099593,4.29550777391292,3307000.0,
0.8390804597701149,0.9988071872726402,2.2068965517241375,2.0071351142696097,53080.000000996515,4.372822264370329,3308000.0,
0.8735632183908046,1.1611133552044444,2.5655172413793097,2.333294570338421,53090.0000009971,4.386535025119781,3309000.0,
0.8505747126436781,1.0456262741760456,2.3103448275862064,2.1012195727509972,53100.00000099768,4.369855214319392,3310000.0,
0.8505747126436781,1.0237773669544563,2.2620689655172415,2.05731349212635,53110.00000099826,4.3447085260994465,3311000.0,
0.8275862068965517,0.9925646423521862,2.1931034482758616,1.9945905198054243,53120.00000099884,4.428235054041165,3312000.0,
0.7931034482758621,1.0237773669544565,2.262068965517241,2.0573134921263505,53130.000000999426,4.660701897555995,3313000.0,
0.8275862068965517,0.9551093728294623,2.1103448275862062,1.9193229530203137,53140.00000100001,4.384087714479048,3314000.0,
0.9080459770114943,1.0862028161589963,2.4,2.1827594367682,53150.00000100059,4.140499303951434,3315000.0,
0.8850574712643678,1.0518688190964993,2.3241379310344823,2.113764167215183,53160.00000100117,4.209771263217252,3316000.0,
0.9080459770114943,1.2453877116305734,2.7517241379310344,2.5026465956049195,53170.000001001754,4.316816847065762,3317000.0,
0.8390804597701149,0.9426242829885543,2.082758620689655,1.894233764091944,53180.000001002336,4.311344008580026,3318000.0,
0.8735632183908046,1.0986879059999044,2.4275862068965517,2.2078486256965704,53190.00000100292,4.320337471425417,3319000.0,
0.896551724137931,1.2391451667101194,2.7379310344827585,2.490102001140735,53200.0000010035,4.366736275770804,3320000.0,
0.8735632183908046,0.930139193147646,2.055172413793103,1.869144575163574,53210.00000100408,4.128446181713024,3321000.0,
0.8620689655172413,1.0674751813976342,2.3586206896551722,2.1451256533756458,53220.000001004664,4.343335210505883,3322000.0,
0.8390804597701149,1.033141184335137,2.2827586206896546,2.076130383822628,53230.000001005246,4.421960041691866,3323000.0,
0.8045977011494253,0.839622291801063,1.8551724137931032,1.6872479554328905,53240.00000100583,4.371527705614915,3324000.0,
0.8160919540229885,1.0175348220340024,2.2482758620689656,2.044768897662165,53250.00000100641,4.528525767933973,3325000.0,
0.8160919540229885,1.0456262741760454,2.3103448275862073,2.1012195727509972,53260.00000100699,4.563511068446088,3326000.0,
0.8850574712643678,1.292206798533978,2.8551724137931034,2.5967310540863076,53270.000001007575,4.4870362529716195,3327000.0,
0.8275862068965517,1.108051723380585,2.4482758620689653,2.2266655173928487,53280.00000100816,4.5766708325065535,3328000.0,
0.8735632183908046,1.0019284597328673,2.2137931034482756,2.013407411501702,53290.00000100874,4.214836526356878,3329000.0,
0.8160919540229885,0.9114115583862843,2.0137931034482754,1.831510791771019,53300.00000100932,4.4013043040277795,3330000.0,
0.8390804597701149,1.0487475466362723,2.3172413793103446,2.10749186998309,53310.0000010099,4.444942966626351,3331000.0,
0.8275862068965517,0.99880718727264,2.206896551724138,2.0071351142696097,53320.000001010485,4.446889240265138,3332000.0,
0.8390804597701149,1.0549900915567263,2.3310344827586205,2.1200364644472756,53330.00000101107,4.45347860235353,3333000.0,
0.8275862068965517,1.0768389987783151,2.3793103448275854,2.1639425450719227,53340.00000101165,4.542288790279004,3334000.0,
0.8505747126436781,1.120536813221493,2.4758620689655175,2.2517547063212184,53350.00000101223,4.471439226441177,3335000.0,
0.8850574712643678,1.1205368132214932,2.4758620689655175,2.2517547063212184,53360.00000101281,4.2977467890473955,3336000.0,
0.8390804597701149,1.1423857204430823,2.524137931034483,2.295660786945866,53370.000001013395,4.559826817601781,3337000.0,
0.8390804597701149,1.0144135495737756,2.2413793103448274,2.0384966004300726,53380.00000101398,4.407859983826064,3338000.0,
0.7931034482758621,0.9238966482271924,2.0413793103448277,1.8565999806993887,53390.00000101456,4.549837802929743,3339000.0,
0.8390804597701149,1.0893240886192233,2.406896551724138,2.1890317340002925,53400.00000101514,4.498232818030977,3340000.0,
0.9425287356321839,1.1985686247271683,2.648275862068965,2.4085621371235315,53410.000001015724,4.120917931190913,3341000.0,
0.8735632183908046,1.108051723380585,2.4482758620689653,2.2266655173928482,53420.000001016306,4.343161841322427,3342000.0,
0.9080459770114943,1.3046918883748861,2.882758620689655,2.621820243014677,53430.00000101689,4.395291067025455,3343000.0,
0.8505747126436781,1.0737177263180882,2.372413793103448,2.1576702478398304,53440.00000101747,4.421260029676646,3344000.0,
0.7816091954022989,1.0456262741760451,2.3103448275862064,2.101219572750997,53450.00000101805,4.776018909701712,3345000.0,
0.896551724137931,1.2641153463919352,2.7931034482758617,2.540280378997475,53460.000001018634,4.407920963365401,3346000.0,
0.7931034482758621,0.9020477410056031,1.993103448275862,1.8126939000747408,53470.000001019216,4.526926861940472,3347000.0,
0.8160919540229885,0.8208946570397011,1.813793103448276,1.6496141720403354,53480.0000010198,4.300530072800867,3348000.0,
0.8505747126436781,1.0425050017158184,2.3034482758620682,2.094947275518905,53490.00000102038,4.387266691293055,3349000.0,
0.7816091954022989,0.9582306452896894,2.1172413793103444,1.9255952502524067,53500.00000102096,4.667145090391399,3350000.0,
0.896551724137931,1.0050497321930942,2.2206896551724133,2.0196797087337948,53510.000001021544,4.1215272654770985,3351000.0,
0.8275862068965517,1.1142942683010395,2.462068965517241,2.2392101118570333,53520.00000102213,4.597547240952878,3352000.0,
0.8160919540229885,0.9488668279090082,2.096551724137931,1.906778358556129,53530.00000102271,4.4601579441479275,3353000.0,
0.8735632183908046,1.251630256551027,2.7655172413793103,2.5151911900691046,53540.00000102329,4.513837267452116,3354000.0,
0.8390804597701149,1.1299006306021744,2.4965517241379307,2.2705715980174954,53550.00000102387,4.55481034066867,3355000.0,
0.8505747126436781,1.0737177263180884,2.372413793103448,2.15767024783983,53560.000001024455,4.427746516163511,3356000.0,
0.8620689655172413,1.0955666335396772,2.420689655172414,2.2015763284644776,53570.00000102504,4.394587961658405,3357000.0,
0.8735632183908046,1.079960271238542,2.3862068965517236,2.1702148423040155,53580.00000102562,4.319425573739262,3358000.0,
0.8160919540229885,1.0456262741760451,2.3103448275862064,2.1012195727509977,53590.0000010262,4.582102617742944,3359000.0,
0.896551724137931,1.3442483943470438,2.2137931034482756,1.9449434245788673,53600.00000102678,4.122661230810192,3360000.0,
0.7931034482758621,1.2856207385188239,2.117241379310345,1.8601172316065802,53610.000001027365,5.018678322573558,3361000.0,
0.7471264367816092,1.1264885298422267,1.8551724137931036,1.6298747078246585,53620.00000102795,5.11514310927252,3362000.0,
0.8160919540229885,1.1893038753724625,1.9586206896551726,1.7207599145806807,53630.00000102853,4.760411791040093,3363000.0,
0.8505747126436781,1.2981838076248706,2.1379310344827585,1.8782942729577847,53640.00000102911,4.695970152294708,3364000.0,
0.7931034482758621,1.0762362534180383,1.772413793103448,1.5571665424198404,53650.00000102969,4.756990638461107,3365000.0,
0.7931034482758621,1.1055500813321484,1.820689655172414,1.5995796389059844,53660.000001030276,4.79453126206299,3366000.0,
0.8160919540229885,1.2981838076248708,2.1379310344827585,1.8782942729577847,53670.00000103086,4.8960815671805005,3367000.0,
0.9425287356321839,1.4656913957054996,2.4137931034482754,2.1206548243071763,53680.00000103144,4.41749940771747,3368000.0,
0.7586206896551724,1.164177737160368,1.9172413793103447,1.6844058318782715,53690.00000103202,5.09156459302134,3369000.0,
0.8850574712643678,1.197679254776494,1.9724137931034476,1.73287794214815,53700.000001032604,4.402570067169009,3370000.0,
0.8620689655172413,1.3651868428571223,2.2482758620689656,1.9752384934975415,53710.000001033186,4.714814071133742,3371000.0,
0.8275862068965517,1.2437438414986666,2.048275862068966,1.7995270937692325,53720.00000103377,4.765076586345103,3372000.0,
0.8275862068965517,1.2939961179228554,2.1310344827586207,1.8722352591740496,53730.00000103435,4.826353642579919,3373000.0,
0.8505747126436781,1.3023714973268867,2.144827586206896,1.8843532867415196,53740.00000103493,4.706298922620367,3374000.0,
0.8390804597701149,1.327497635538981,2.186206896551724,1.920707369443928,53750.000001035514,4.801261565730982,3375000.0,
0.7471264367816092,1.1097377710341636,1.8275862068965514,1.6056386526897186,53760.0000010361,5.101338247483768,3376000.0,
0.8390804597701149,1.4196268089833268,2.337931034482759,2.054005672686094,53770.00000103668,4.912155238192115,3377000.0,
0.8505747126436781,1.2060546341805252,1.9862068965517243,1.7449959697156197,53780.00000103726,4.595223691624094,3378000.0,
0.8620689655172413,1.2060546341805252,1.9862068965517239,1.7449959697156197,53790.00000103784,4.5344873757358055,3379000.0,
0.8275862068965517,1.386125291367201,2.2827586206896546,2.005533562416215,53800.000001038425,4.941565282714285,3380000.0,
0.8390804597701149,1.3400607046450277,2.2068965517241375,1.9388844107951324,53810.00000103901,4.819521661789064,3381000.0,
0.8620689655172413,1.4615037060034834,2.4068965517241385,2.1145958105234404,53820.00000103959,4.832408299050528,3382000.0,
0.8390804597701149,1.3065591870289022,2.151724137931035,1.8904123005252542,53830.00000104017,4.780691086000047,3383000.0,
0.8505747126436781,1.3023714973268865,2.144827586206896,1.8843532867415191,53840.00000104075,4.711704328026087,3384000.0,
0.8505747126436781,1.2939961179228552,2.1310344827586203,1.8722352591740503,53850.000001041335,4.702398138726784,3385000.0,
0.8160919540229885,1.3442483943470438,2.2137931034482756,1.9449434245788675,53860.00000104192,4.9632311311928,3386000.0,
0.7701149425287356,1.210242323882541,1.9931034482758618,1.751054983499354,53870.0000010425,5.086132569914618,3387000.0,
0.7816091954022989,1.164177737160368,1.9172413793103453,1.684405831878271,53880.00000104308,4.952989163815481,3388000.0,
0.8735632183908046,1.2688699797107608,2.089655172413793,1.835881176471641,53890.00000104366,4.551993266333409,3389000.0,
0.8620689655172413,1.428002188387358,2.3517241379310345,2.066123700253563,53900.000001044245,4.797813205282738,3390000.0,
0.8045977011494253,1.3651868428571219,2.248275862068965,1.9752384934975415,53910.00000104483,5.06301507621539,3391000.0,
0.8620689655172413,1.3568114634530908,2.2344827586206897,1.9631204659300714,53920.00000104541,4.716298631025718,3392000.0,
0.8505747126436781,1.1432392886502896,1.8827586206896554,1.6541107629595977,53930.00000104599,4.529481325933614,3393000.0,
0.8160919540229885,1.2646822900087449,2.082758620689655,1.8298221626879065,53940.000001046574,4.870241679398245,3394000.0,
0.9080459770114943,1.2563069106047138,2.068965517241379,1.8177041351204368,53950.000001047156,4.368335458596545,3395000.0,
0.7701149425287356,1.1558023577563368,1.9034482758620683,1.6722878043108023,53960.00000104774,5.020815001960008,3396000.0,
0.8390804597701149,1.1558023577563368,1.903448275862069,1.6722878043108018,53970.00000104832,4.608693220977026,3397000.0,
0.8275862068965517,1.226993082690604,2.020689655172414,1.7752910386342933,53980.0000010489,4.75928053056398,3398000.0,
0.8620689655172413,1.1767408062664153,1.9379310344827583,1.7025828732294759,53990.000001049484,4.511150002022725,3399000.0,
0.8390804597701149,1.415439119281311,2.3310344827586205,2.0479466589023585,54000.000001050066,4.919767169643872,3400000.0,
0.8505747126436781,1.3023714973268865,2.1448275862068957,1.8843532867415196,54010.00000105065,4.720893517215811,3401000.0,
0.735632183908046,0.9464178726555512,1.5586206896551724,1.3693371151240623,54020.00000105123,4.975283670743222,3402000.0,
0.7586206896551724,1.2102423238825408,1.9931034482758618,1.751054983499354,54030.00000105181,5.172892154307828,3403000.0,
0.7701149425287356,1.1181131504381951,1.8413793103448275,1.6177566802571886,54040.000001052395,4.9766514043979235,3404000.0,
0.8735632183908046,1.4656913957054996,2.4137931034482754,2.120654824307176,54050.00000105298,4.785723045169982,3405000.0,
0.8735632183908046,1.268869979710761,2.089655172413793,1.835881176471641,54060.00000105356,4.560940634754983,3406000.0,
0.8505747126436781,1.2269930826906037,2.0206896551724136,1.7752910386342933,54070.00000105414,4.63551619190037,3407000.0,
0.7471264367816092,1.1683654268623835,1.9241379310344828,1.6904648456620064,54080.00000105472,5.199501417593455,3408000.0,
0.8160919540229885,1.3191222561349496,2.172413793103448,1.9085893418764583,54090.000001055305,4.945400511130846,3409000.0,
0.8505747126436781,1.2604946003067297,2.075862068965517,1.823763148904171,54100.00000105589,4.676524732881586,3410000.0,
0.7931034482758621,1.3735622222611539,2.262068965517241,1.9873565210650106,54110.00000105647,5.158546570192385,3411000.0,
0.8735632183908046,1.1264885298422267,1.8551724137931032,1.6298747078246583,54120.00000105705,4.401109238195135,3412000.0,
0.7816091954022989,1.340060704645028,2.2068965517241383,1.9388844107951322,54130.00000105763,5.1927217839805335,3413000.0,
0.8735632183908046,1.3861252913672006,2.2827586206896546,2.005533562416215,54140.000001058215,4.6993776362566795,3414000.0,
0.8505747126436781,1.4196268089833264,2.3379310344827586,2.054005672686093,54150.0000010588,4.866315302542066,3415000.0,
0.8390804597701149,1.2311807723926194,2.027586206896552,1.7813500524180281,54160.00000105938,4.708938728831832,3416000.0,
0.7816091954022989,1.3651868428571223,2.2482758620689656,1.9752384934975409,54170.00000105996,5.227221401987321,3417000.0,
0.8045977011494253,1.3651868428571226,2.2482758620689656,1.9752384934975415,54180.00000106054,5.07844364764486,3418000.0,
0.8275862068965517,1.3568114634530908,2.2344827586206892,1.963120465930072,54190.000001061126,4.927811073985996,3419000.0,
0.8735632183908046,0.9051690134658307,2.0,1.8189661973068332,54200.00000106171,4.505989620900415,3420000.0,
0.8275862068965517,1.0300199118749107,2.2758620689655173,2.0698580865905347,54210.00000106229,4.534049060273538,3421000.0,
0.8850574712643678,1.2329026217896655,2.7241379310344827,2.4775574066765493,54220.00000106287,4.469380884445203,3422000.0,
0.8390804597701149,1.0674751813976344,2.358620689655172,2.1451256533756453,54230.000001063454,4.517673161481867,3423000.0,
0.7816091954022989,1.0019284597328673,2.2137931034482756,2.0134074115017024,54240.000001064036,4.766582000049175,3424000.0,
0.8275862068965517,1.001928459732867,2.2137931034482756,2.0134074115017024,54250.00000106462,4.50232744449092,3425000.0,
0.9195402298850575,1.0456262741760451,2.3103448275862064,2.1012195727509977,54260.0000010652,4.100116073248813,3426000.0,
0.8735632183908046,1.0768389987783156,2.3793103448275863,2.1639425450719223,54270.00000106578,4.3521683276355905,3427000.0,
0.7126436781609196,0.8084095671987932,1.786206896551724,1.6245249831119657,54280.000001066364,4.958894070207883,3428000.0,
0.8390804597701149,0.9988071872726405,2.2068965517241375,2.0071351142696097,54290.00000106695,4.439123634237203,3429000.0,
0.8735632183908046,1.1049304509203584,2.441379310344827,2.2203932201607555,54300.00000106753,4.385904595219337,3430000.0,
0.8735632183908046,1.1174155407612665,2.46896551724138,2.2454824090891257,54310.00000106811,4.400723053326722,3431000.0,
0.8735632183908046,1.1205368132214928,2.4758620689655175,2.2517547063212184,54320.00000106869,4.404822404695696,3432000.0,
0.8390804597701149,1.0300199118749103,2.275862068965517,2.069858086590535,54330.000001069275,4.478514141640035,3433000.0,
0.8850574712643678,1.1267793581419472,2.4896551724137925,2.2642993007854035,54340.00000106986,4.355709144999443,3434000.0,
0.8505747126436781,1.251630256551027,2.7655172413793094,2.5151911900691046,54350.00000107044,4.679616653061478,3435000.0,
0.8045977011494253,0.9644731902101433,2.1310344827586203,1.9381398447165916,54360.00000107102,4.590699536498499,3436000.0,
0.8620689655172413,1.0112922771135484,2.2344827586206892,2.03222430319798,54370.0000010716,4.339496374873246,3437000.0,
0.8045977011494253,0.9675944626703701,2.1379310344827585,1.9444121419486844,54380.000001072185,4.595721689413417,3438000.0,
0.8275862068965517,1.0893240886192235,2.406896551724137,2.189031734000293,54390.00000107277,4.615708273840164,3439000.0,
0.8850574712643678,1.051868819096499,2.324137931034482,2.1137641672151832,54400.00000107335,4.274186847636585,3440000.0,
0.8505747126436781,1.108051723380585,2.4482758620689653,2.2266655173928482,54410.00000107393,4.514058107307229,3441000.0,
0.8160919540229885,1.0268986394146833,2.268965517241379,2.063585789358443,54420.00000107451,4.605915234305687,3442000.0,
0.8275862068965517,1.0019284597328673,2.2137931034482756,2.0134074115017024,54430.000001075095,4.512327444491502,3443000.0,
0.9080459770114943,0.992564642352186,2.193103448275862,1.9945905198054243,54440.00000107568,4.102695239130016,3444000.0,
0.8620689655172413,1.2547515290112545,2.7724137931034476,2.521463487301197,54450.00000107626,4.6261757737415,3445000.0,
0.8045977011494253,0.9675944626703702,2.1379310344827585,1.944412141948684,54460.00000107684,4.600293117985112,3446000.0,
0.8850574712643678,1.1455069929033093,2.5310344827586206,2.3019330841779584,54470.000001077424,4.3836221868730645,3447000.0,
0.7816091954022989,1.0362624567953644,2.2896551724137932,2.0824026810547194,54480.000001078006,4.824626966879956,3448000.0,
0.8505747126436781,1.1767197175055795,2.5999999999999996,2.364656056498884,54490.00000107859,4.599113722022,3449000.0,
0.8275862068965517,0.9675944626703701,2.137931034482758,1.944412141948685,54500.00000107917,4.474729420263433,3450000.0,
0.8505747126436781,1.1049304509203581,2.441379310344828,2.220393220160755,54510.00000107975,4.515793908604303,3451000.0,
0.8045977011494253,1.0737177263180882,2.372413793103448,2.15767024783983,54520.000001080334,4.735617745661761,3452000.0,
0.8275862068965517,0.9769582800510512,2.158620689655172,1.9632290336449618,54530.000001080916,4.487710699598519,3453000.0,
0.8620689655172413,1.1236580856817204,2.4827586206896544,2.2580270035533108,54540.0000010815,4.478907379479519,3454000.0,
0.8505747126436781,1.1174155407612665,2.4689655172413794,2.2454824090891257,54550.00000108208,4.5326344872011735,3455000.0,
0.896551724137931,1.1142942683010393,2.4620689655172407,2.2392101118570333,54560.00000108266,4.297223094216018,3456000.0,
0.8390804597701149,1.1049304509203581,2.441379310344827,2.220393220160756,54570.000001083245,4.580941770366198,3457000.0,
0.8505747126436781,1.0705964538578614,2.36551724137931,2.151397950607738,54580.00000108383,4.47921204719321,3458000.0,
0.8735632183908046,1.1423857204430823,2.5241379310344825,2.2956607869458665,54590.00000108441,4.444044180068606,3459000.0,
0.8505747126436781,1.1611133552044444,2.5655172413793106,2.333294570338421,54600.00000108499,4.586711647425067,3460000.0,
0.8620689655172413,1.0019284597328673,2.213793103448276,2.0134074115017024,54610.00000108557,4.341434346712401,3461000.0,
0.8275862068965517,1.0362624567953642,2.289655172413793,2.0824026810547203,54620.000001086155,4.564369913164856,3462000.0,
0.8505747126436781,1.1548708102839902,2.551724137931034,2.3207499758742363,54630.00000108674,4.580994060829492,3463000.0,
0.9195402298850575,1.3265407955964754,2.9310344827586206,2.665726323639325,54640.00000108732,4.424610615294637,3464000.0,
0.7701149425287356,0.9020477410056033,1.993103448275862,1.8126939000747413,54650.0000010879,4.732506768271155,3465000.0,
0.8390804597701149,1.0081710046533212,2.2275862068965515,2.0259520059658875,54660.00000108848,4.4705572248153596,3466000.0,
0.8409090909090909,0.9349984468641359,2.065909090909091,1.8789094015362635,54670.000001089065,4.337292747712548,3467000.0,
0.7840909090909091,1.1602620990789279,2.5636363636363635,2.331583943820578,54680.00000108965,4.939461807617863,3468000.0,
0.8409090909090909,1.1294040645289563,2.4954545454545456,2.269573732548754,54690.00000109023,4.569558887638342,3469000.0,
0.8181818181818182,1.046087371244033,2.311363636363636,2.1021461621148294,54700.00000109081,4.595215120502313,3470000.0,
0.8295454545454546,1.0368299608790421,2.290909090909091,2.0835430987332826,54710.000001091394,4.52165529539794,3471000.0,
0.8409090909090909,0.9596848745041132,2.1204545454545456,1.9285175705537227,54720.000001091976,4.36935228328457,3472000.0,
0.8977272727272727,1.0769454057940047,2.3795454545454544,2.1641563733866533,54730.00000109256,4.223936654640139,3473000.0,
0.8409090909090909,1.1324898679839535,2.502272727272727,2.2757747536759365,54740.00000109314,4.575931194449848,3474000.0,
0.9431818181818182,1.3083806649187908,2.8909090909090907,2.6292329579253324,54750.00000109372,4.266714439994661,3475000.0,
0.8522727272727273,1.0337441574240445,2.284090909090909,2.0773420776061,54760.000001094304,4.400123811466952,3476000.0,
0.875,0.9874571055990874,2.1818181818181817,1.9843267606983643,54770.000001094886,4.233454874018539,3477000.0,
0.8295454545454546,1.0244867470590533,2.2636363636363637,2.0587390142245527,54780.00000109547,4.510611421204203,3478000.0,
0.8181818181818182,1.0707737988840103,2.3659090909090907,2.1517543311322886,54790.00000109605,4.630387420951465,3479000.0,
0.8636363636363636,1.602219597467807,2.6386363636363637,2.318192444142802,54800.00000109663,4.530130558817075,3480000.0,
0.7840909090909091,1.184069263244943,1.95,1.7131861473510113,54810.000001097214,4.977360799598147,3481000.0,
0.8068181818181818,1.1964895702020575,1.9704545454545452,1.7311566314141338,54820.0000010978,4.853111016683107,3482000.0,
0.7954545454545454,1.0888469099070628,1.793181818181818,1.5754124362004058,54830.00000109838,4.787690401122048,3483000.0,
0.7840909090909091,1.266871309625708,2.0863636363636364,1.8329893744384949,54840.00000109896,5.084702539909948,3484000.0,
0.7727272727272727,1.0433057843976419,1.718181818181818,1.5095206613022896,54850.00000109954,4.870745721084103,3485000.0,
0.8522727272727273,1.3827941745587793,2.277272727272727,2.0007138923609715,54860.000001100125,4.8150091649053515,3486000.0,
0.7840909090909091,1.184069263244943,1.95,1.7131861473510113,54870.00000110071,4.980839060467914,3487000.0,
0.8295454545454546,1.171648956287828,1.9295454545454545,1.695215663287889,54880.00000110129,4.693491892603594,3488000.0,
0.8181818181818182,1.109547421502254,1.8272727272727274,1.6053632429722766,54890.00000110187,4.6833329597074185,3489000.0,
0.8295454545454546,1.2792916165828228,2.1068181818181815,1.8509598585016172,54900.00000110245,4.824348798164746,3490000.0,
0.8181818181818182,1.295852025858976,2.134090909090909,1.874920503919114,54910.000001103035,4.912149698365699,3491000.0,
0.8636363636363636,1.3538134583255117,2.2295454545454545,1.9587827628803522,54920.00000110362,4.721255057097208,3492000.0,
0.9204545454545454,1.3248327420922437,2.1818181818181817,1.916851633399733,54930.0000011042,4.398828164331636,3493000.0,
0.8409090909090909,1.4945769371728124,2.461363636363636,2.1624482489290737,54940.00000110478,5.017332033485877,3494000.0,
0.8068181818181818,1.0433057843976419,1.718181818181818,1.5095206613022896,54950.00000110536,4.670573366672426,3495000.0,
0.7727272727272727,1.2710114119447462,2.0931818181818183,1.838979535792869,54960.000001105946,5.1718941802630845,3496000.0,
0.8295454545454546,1.3372530490493586,2.202272727272727,1.9348221174628555,54970.00000110653,4.898055730453397,3497000.0,
0.8636363636363636,1.4200550954301236,2.338636363636364,2.0546253445503386,54980.00000110711,4.80111379479747,3498000.0,
0.8409090909090909,1.312412435135129,2.161363636363636,1.8988811493366102,54990.00000110769,4.803406679711492,3499000.0,
0.875,1.4573160163014682,2.4,2.108536796739706,55000.000001108274,4.782384538198579,3500000.0,
0.8181818181818182,1.2503109003495552,2.059090909090909,1.809028729020998,55010.000001108856,4.862043878298952,3501000.0,
0.8295454545454546,1.221330184116287,2.0113636363636362,1.7670975995403788,55020.00000110944,4.761052824780813,3502000.0,
0.8068181818181818,1.2047697748401338,1.9840909090909091,1.7431369541228825,55030.00000111002,4.87520479144648,3503000.0,
0.8409090909090909,1.2130499794782106,1.9977272727272728,1.7551172768316305,55040.0000011106,4.687948624335855,3504000.0,
0.7954545454545454,1.1219677284593688,1.8477272727272727,1.6233337270353987,55050.000001111184,4.841899430159964,3505000.0,
0.8636363636363636,1.2337504910734018,2.0318181818181817,1.7850680836035016,55060.000001111766,4.589603200279404,3506000.0,
0.8522727272727273,1.2171900817972487,2.0045454545454544,1.7611074381860048,55070.00000111235,4.631900362732475,3507000.0,
0.7840909090909091,1.2337504910734018,2.0318181818181817,1.7850680836035016,55080.00000111293,5.056374539438252,3508000.0,
0.8181818181818182,1.1136875238212922,1.8340909090909088,1.6113534043266504,55090.00000111351,4.699504195875779,3509000.0,
0.8068181818181818,1.2627312073066697,2.0795454545454546,1.8269992130841204,55100.000001114095,4.950987975348896,3510000.0,
0.8522727272727273,1.473876425577621,2.427272727272727,2.1324974421572027,55110.00000111468,4.9352123394349015,3511000.0,
0.8295454545454546,1.1840692632449428,1.95,1.7131861473510115,55120.00000111526,4.72161500236088,3512000.0,
0.7613636363636364,1.1219677284593688,1.8477272727272724,1.6233337270353987,55130.00000111584,5.063477016585315,3513000.0,
0.7386363636363636,0.9232428171455322,1.5204545454545453,1.3358059820254389,55140.00000111642,4.950848737163089,3514000.0,
0.8068181818181818,1.233750491073402,2.0318181818181817,1.7850680836035016,55150.000001117005,4.917885115792334,3515000.0,
0.8977272727272727,1.3993545838349322,2.3045454545454542,2.024674537778468,55160.00000111759,4.604848144104718,3516000.0,
0.8295454545454546,1.184069263244943,1.95,1.7131861473510113,55170.00000111817,4.7243547283884375,3517000.0,
0.8409090909090909,1.2461707980305166,2.0522727272727272,1.8030385676666236,55180.00000111875,4.734903111263362,3518000.0,
0.8295454545454546,1.204769774840134,1.9840909090909091,1.7431369541228825,55190.00000111933,4.750404660174485,3519000.0,
0.7840909090909091,1.2006296725210959,1.9772727272727273,1.737146792768508,55200.000001119915,5.021090017227021,3520000.0,
0.8181818181818182,1.266871309625708,2.0863636363636364,1.8329893744384946,55210.0000011205,4.893395489637119,3521000.0,
0.8068181818181818,1.1633687516497515,1.9159090909090908,1.6832353405791407,55220.00000112108,4.834595072563251,3522000.0,
0.8409090909090909,1.2254702864353255,2.0181818181818176,1.773087760894753,55230.00000112166,4.712988989366535,3523000.0,
0.8636363636363636,1.2378905933924402,2.0386363636363636,1.7910582449578754,55240.000001122244,4.603870687175684,3524000.0,
0.8068181818181818,1.3289728444112818,2.1886363636363635,1.9228417947541074,55250.000001122826,5.041540990352288,3525000.0,
0.8636363636363636,1.1799291609259046,1.9431818181818181,1.7071959859966375,55260.00000112341,4.5378100811618625,3526000.0,
0.7727272727272727,1.2503109003495547,2.059090909090909,1.8090287290209979,55270.00000112399,5.16334057702331,3527000.0,
0.7727272727272727,1.1550885470116752,1.9022727272727273,1.671255017870392,55280.00000112457,5.040699884468441,3528000.0,
0.8068181818181818,1.2503109003495547,2.059090909090909,1.809028729020998,55290.000001125154,4.946298017430841,3529000.0,
0.8522727272727273,1.2834317189018611,2.1136363636363638,1.8569500198559914,55300.000001125736,4.721890550269267,3530000.0,
0.8295454545454546,1.2171900817972487,2.0045454545454544,1.7611074381860048,55310.00000112632,4.771952427465636,3531000.0,
0.8295454545454546,1.2461707980305166,2.0522727272727272,1.8030385676666236,55320.0000011269,4.807436030596183,3532000.0,
0.8977272727272727,1.4283353000682,2.352272727272727,2.066605667259087,55330.00000112748,4.645738055858732,3533000.0,
0.8863636363636364,1.4159149931110855,2.3318181818181816,2.048635183195964,55340.000001128064,4.691798966674565,3534000.0,
0.7954545454545454,1.233750491073402,2.0318181818181817,1.7850680836035016,55350.00000112865,4.999569188875747,3535000.0,
0.8636363636363636,1.2585911049876315,2.0727272727272728,1.8210090517297466,55360.00000112923,4.634155490075747,3536000.0,
0.8181818181818182,1.299992128178014,2.140909090909091,1.8809106652734877,55370.00000112981,4.942765378979344,3537000.0,
0.8409090909090909,1.3248327420922434,2.1818181818181817,1.916851633399733,55380.00000113039,4.839257855553612,3538000.0,
0.7159090909090909,1.1219677284593688,1.8477272727272724,1.6233337270353987,55390.000001130975,5.401475557321852,3539000.0,
0.8181818181818182,0.9689422848691045,2.1409090909090907,1.9471206339352698,55400.00000113156,4.944432045646108,3540000.0,
0.8409090909090909,1.0337441574240447,2.284090909090909,2.0773420776061,55410.00000113214,4.4947200791915245,3541000.0,
0.8409090909090909,1.169519509443919,2.584090909090909,2.350187007202125,55420.00000113272,4.656723200512487,3542000.0,
0.9090909090909091,1.1849485267189048,2.6181818181818177,2.3811921128380367,55430.0000011333,4.324940879476564,3543000.0,
0.7727272727272727,0.9473416606841245,2.0931818181818183,1.9037134860449931,55440.000001133885,4.781262737456864,3544000.0,
0.8409090909090909,0.9843713021440904,2.175,1.9781257395711818,55450.00000113447,4.438168575615489,3545000.0,
0.9090909090909091,1.2096349543588822,2.6727272727272724,2.4308002818554963,55460.00000113505,4.353595949880626,3546000.0,
0.8409090909090909,0.9781996952340961,2.161363636363636,1.9657236973168168,55470.00000113563,4.431910448479342,3547000.0,
0.8636363636363636,1.0522589781540277,2.3249999999999997,2.1145482043691946,55480.00000113621,4.401560395847731,3548000.0,
0.875,1.043001567789036,2.3045454545454547,2.095945140987647,55490.000001136796,4.334336856783255,3549000.0,
0.8522727272727273,1.184948526718905,2.6181818181818177,2.3811921128380367,55500.00000113738,4.617003604775219,3550000.0,
0.8068181818181818,0.9072262157691617,2.0045454545454544,1.8231002113916224,55510.00000113796,4.533460661895301,3551000.0,
0.8636363636363636,1.1633479025339248,2.5704545454545453,2.33778496494776,55520.00000113854,4.532294939866682,3552000.0,
0.8409090909090909,1.0584305850640219,2.3386363636363634,2.1269502466235592,55530.000001139124,4.53056339854755,3553000.0,
0.8636363636363636,0.9781996952340961,2.161363636363636,1.9657236973168168,55540.000001139706,4.318965436677469,3554000.0,
0.8068181818181818,0.9720280883241017,2.147727272727273,1.9533216550624524,55550.00000114029,4.6160319968931045,3555000.0,
0.8522727272727273,1.0738596023390077,2.372727272727273,2.157955352259471,55560.00000114087,4.489859266836326,3556000.0,
0.8636363636363636,1.1047176368889788,2.440909090909091,2.2199655635312947,55570.00000114145,4.467038842804267,3557000.0,
0.6931818181818182,0.8825397881291844,1.9499999999999995,1.773492042374163,55580.000001142034,5.245627891184666,3558000.0,
0.8068181818181818,0.9010546088591673,1.9909090909090907,1.8106981691372572,55590.00000114262,4.530318388542331,3559000.0,
0.875,1.1880343301739023,2.6250000000000004,2.3873931339652192,55600.0000011432,4.50580287093772,3560000.0,
0.875,1.0368299608790421,2.290909090909091,2.0835430987332826,55610.00000114378,4.333517357977391,3561000.0,
0.8409090909090909,1.0522589781540275,2.3249999999999997,2.114548204369194,55620.00000114436,4.528089055195408,3562000.0,
0.875,1.2158065612688764,2.6863636363636365,2.4432023241098606,55630.000001144945,4.5391010051762235,3563000.0,
0.8636363636363636,1.0985460299789849,2.427272727272727,2.20756352127693,55640.00000114553,4.463576982171856,3564000.0,
0.8863636363636364,1.1756911163539137,2.5977272727272727,2.36258904945649,55650.00000114611,4.436674592898168,3565000.0,
0.8295454545454546,0.9781996952340961,2.161363636363636,1.9657236973168173,55660.00000114669,4.503032509418021,3566000.0,
0.875,1.0738596023390075,2.372727272727273,2.157955352259471,55670.00000114727,4.3789538313344165,3567000.0,
0.8522727272727273,1.107803440343976,2.447727272727273,2.2261665846584773,55680.000001147855,4.536086703429195,3568000.0,
0.8295454545454546,1.0244867470590533,2.2636363636363637,2.0587390142245527,55690.00000114844,4.560474434905736,3569000.0,
0.9090909090909091,1.126318261073959,2.4886363636363638,2.263372711421572,55700.00000114902,4.27394758726791,3570000.0,
0.8295454545454546,1.0615163885190189,2.3454545454545452,2.133151267750742,55710.0000011496,4.606208797213704,3571000.0,
0.8295454545454546,1.0399157643340389,2.2977272727272724,2.0897441198604647,55720.00000115018,4.580717633812664,3572000.0,
0.8977272727272727,1.086202816158996,2.4,2.1827594367682006,55730.000001150765,4.284881618087633,3573000.0,
0.8295454545454546,0.9843713021440902,2.1750000000000003,1.978125739571182,55740.00000115135,4.514855816378269,3574000.0,
0.8295454545454546,1.0553447816090247,2.3318181818181816,2.1207492254963767,55750.00000115193,4.600960832719592,3575000.0,
0.8181818181818182,1.086202816158996,2.4,2.1827594367682006,55760.00000115251,4.703133997624028,3576000.0,
0.875,1.0244867470590533,2.2636363636363637,2.0587390142245527,55770.000001153094,4.327722516209576,3577000.0,
0.8977272727272727,1.0553447816090247,2.3318181818181816,2.1207492254963767,55780.000001153676,4.253039756816926,3578000.0,
0.8068181818181818,0.9720280883241017,2.147727272727273,1.9533216550624524,55790.00000115426,4.629553123654454,3579000.0,
0.8636363636363636,0.9874571055990874,2.1818181818181817,1.9843267606983643,55800.00000115484,4.343368753942991,3580000.0,
0.8522727272727273,1.169519509443919,2.584090909090909,2.350187007202125,55810.00000115542,4.615433557840198,3581000.0,
0.7727272727272727,1.067687995429013,2.359090909090909,2.145553310005106,55820.000001156004,4.959357994186845,3582000.0,
0.8977272727272727,1.265179416548831,2.7954545454545454,2.542418662144779,55830.000001156586,4.489311248901922,3583000.0,
0.8977272727272727,1.0491731746990303,2.3181818181818183,2.108347183242012,55840.00000115717,4.249203030132552,3584000.0,
0.8863636363636364,1.1695195094439192,2.584090909090909,2.3501870072021247,55850.00000115775,4.439968164590054,3585000.0,
0.7840909090909091,0.8856255915841816,1.9568181818181818,1.7796930635013455,55860.00000115833,4.657606551686516,3586000.0,
0.8409090909090909,1.1540904921689334,2.55,2.319181901566213,55870.000001158915,4.662699504295001,3587000.0,
0.8522727272727273,1.0769454057940049,2.3795454545454544,2.1641563733866533,55880.0000011595,4.510546609557849,3588000.0,
0.8409090909090909,0.8979688054041702,1.9840909090909091,1.804497148010075,55890.00000116008,4.35920344435859,3589000.0,
0.8409090909090909,1.1078034403439763,2.4477272727272723,2.2261665846584773,55900.00000116066,4.609277064287038,3590000.0,
0.8409090909090909,0.981285498689093,2.168181818181818,1.9719247184439994,55910.00000116124,4.459363836373155,3591000.0,
0.8636363636363636,1.1417472783489448,2.5227272727272725,2.2943778170574833,55920.000001161825,4.528336322390563,3592000.0,
0.8636363636363636,1.1386614748939474,2.5159090909090907,2.288176795930301,55930.00000116241,4.525289602600596,3593000.0,
0.8636363636363636,1.083117012703999,2.3931818181818176,2.176558415641018,55940.00000116299,4.461501277959634,3594000.0,
0.8977272727272727,1.0707737988840103,2.3659090909090907,2.1517543311322886,55950.00000116357,4.278834105174373,3595000.0,
0.8977272727272727,1.0769454057940047,2.3795454545454544,2.1641563733866533,55960.00000116415,4.2862151356564215,3596000.0,
0.7727272727272727,1.0676879954290133,2.359090909090909,2.145553310005106,55970.000001164735,4.968181523599124,3597000.0,
0.875,1.0306583539690477,2.277272727272727,2.071141056478918,55980.00000116532,4.345684872159296,3598000.0,
0.8636363636363636,1.043001567789036,2.3045454545454547,2.095945140987647,55990.0000011659,4.41768339437404,3599000.0,
0.8522727272727273,1.469736323258583,2.4204545454545454,2.1265072808028282,56000.00000116648,4.538670665881401,3600000.0,
0.8522727272727273,1.204769774840134,1.9840909090909091,1.743136954122882,56010.00000116706,4.667460535905711,3601000.0,
0.8181818181818182,1.2710114119447464,2.0931818181818183,1.8389795357928689,56020.000001167646,4.943455614696341,3602000.0,
0.8181818181818182,1.1675088539687897,1.9227272727272726,1.6892255019335145,56030.00000116823,4.81750804383687,3603000.0,
0.8181818181818182,1.1799291609259044,1.9431818181818181,1.707195985996637,56040.00000116881,4.833243974562266,3604000.0,
0.875,1.3206926397732053,2.175,1.910861472045359,56050.00000116939,4.680788991000623,3605000.0,
0.875,1.345533253687435,2.215909090909091,1.9468024401716035,56060.000001169974,4.709697744564967,3606000.0,
0.8636363636363636,1.3041322304970526,2.147727272727273,1.8869008266278622,56070.000001170556,4.724255740667778,3607000.0,
0.8409090909090909,1.2461707980305166,2.0522727272727272,1.8030385676666236,56080.00000117114,4.783551759914842,3608000.0,
0.8181818181818182,1.1468083423735984,1.8886363636363634,1.659274695161644,56090.00000117172,4.795540751887387,3609000.0,
0.8409090909090909,1.3538134583255115,2.2295454545454545,1.9587827628803525,56100.0000011723,4.9126403289143585,3610000.0,
0.7954545454545454,1.1716489562878283,1.9295454545454545,1.695215663287889,56110.000001172884,4.964927259433554,3611000.0,
0.8295454545454546,1.3041322304970526,2.1477272727272725,1.8869008266278622,56120.00000117347,4.921142962887162,3612000.0,
0.8409090909090909,1.1136875238212924,1.8340909090909092,1.6113534043266504,56130.00000117405,4.628706785179706,3613000.0,
0.8295454545454546,1.1964895702020575,1.9704545454545452,1.7311566314141338,56140.00000117463,4.792477838148053,3614000.0,
0.8977272727272727,1.3620936629635878,2.2431818181818177,1.9707630855891003,56150.00000117521,4.613468890478796,3615000.0,
0.7954545454545454,1.2420306957114784,2.0454545454545454,1.7970484063122498,56160.000001175795,5.056264303280594,3616000.0,
0.8636363636363636,1.411774890792047,2.3249999999999997,2.0426450218415906,56170.00000117638,4.854157768378078,3617000.0,
0.8636363636363636,1.3331129467303204,2.1954545454545453,1.9288319561084812,56180.00000117696,4.7636018331487415,3618000.0,
0.8522727272727273,1.3413931513683968,2.209090909090909,1.9408122788172297,56190.00000117754,4.8373652976994315,3619000.0,
0.8068181818181818,1.2917119235399377,2.127272727272727,1.8689303425647397,56200.00000117812,5.0488795673035956,3620000.0,
0.8181818181818182,1.1675088539687897,1.9227272727272726,1.6892255019335147,56210.000001178705,4.827508043837453,3621000.0,
0.7272727272727273,1.1923494678830193,1.9636363636363638,1.7251664700597595,56220.00000117929,5.465727393449237,3622000.0,
0.8068181818181818,1.2089098771591724,1.9909090909090907,1.7491271154772563,56230.00000117987,4.9479418196768306,3623000.0,
0.8522727272727273,1.3082723328160906,2.1545454545454548,1.8928909879822362,56240.00000118045,4.801170203931548,3624000.0,
0.8181818181818182,1.16750885396879,1.9227272727272726,1.6892255019335145,56250.00000118103,4.829730266059805,3625000.0,
0.875,1.647760722977228,2.713636363636364,2.384084219040918,56260.000001181616,5.06549017700066,3626000.0,
0.8181818181818182,1.0640062959928331,1.7522727272727272,1.5394714680741608,56270.0000011822,4.704338250755923,3627000.0,
0.8068181818181818,1.1261078307784071,1.8545454545454545,1.629323888389773,56280.00000118278,4.84813083261351,3628000.0,
0.8863636363636364,1.5194175510870418,2.5022727272727274,2.1983892170553188,56290.00000118336,4.857289032086172,3629000.0,
0.7727272727272727,1.2378905933924402,2.0386363636363636,1.7910582449578756,56300.000001183944,5.207855473905865,3630000.0,
0.8522727272727273,1.5111373464489652,2.4886363636363638,2.1864088943465703,56310.000001184526,5.042931819927671,3631000.0,
0.8295454545454546,1.3041322304970526,2.147727272727273,1.8869008266278622,56320.00000118511,4.932101866997389,3632000.0,
0.8522727272727273,1.2461707980305166,2.0522727272727277,1.8030385676666236,56330.00000118569,4.733104403116754,3633000.0,
0.7613636363636364,1.1012672168641777,1.8136363636363635,1.5933829202635281,56340.00000118627,5.108527090912253,3634000.0,
0.875,1.3703738676016644,2.256818181818182,1.9827434082978486,56350.000001186854,4.753151952675613,3635000.0,
0.8522727272727273,1.2503109003495547,2.059090909090909,1.809028729020998,56360.000001187436,4.739562123171185,3636000.0,
0.8522727272727273,1.2461707980305168,2.0522727272727272,1.8030385676666236,56370.00000118802,4.735237736450211,3637000.0,
0.8068181818181818,1.0888469099070628,1.7931818181818182,1.5754124362004054,56380.0000011886,4.807582085618369,3638000.0,
0.8295454545454546,1.2875718212208993,2.1204545454545456,1.8629401812103656,56390.00000118918,4.915974250335948,3639000.0,
0.8522727272727273,1.3331129467303204,2.1954545454545453,1.9288319561084812,56400.000001189765,4.838849857591407,3640000.0,
0.8295454545454546,1.1426682400545602,1.8818181818181818,1.65328453380727,56410.00000119035,4.742391851121795,3641000.0,
0.75,1.2130499794782106,1.9977272727272728,1.7551172768316305,56420.00000119093,5.339821184866281,3642000.0,
0.8295454545454546,1.2213301841162871,2.0113636363636362,1.7670975995403793,56430.00000119151,4.838313098757912,3643000.0,
0.8522727272727273,1.1923494678830195,1.9636363636363638,1.7251664700597595,56440.00000119209,4.675820709077366,3644000.0,
0.875,1.328972844411282,2.188636363636363,1.922841794754107,56450.000001192675,4.711031302795997,3645000.0,
0.8522727272727273,1.3496733560064733,2.2227272727272727,1.952792601525978,56460.00000119326,4.861480737808947,3646000.0,
0.8181818181818182,1.2089098771591724,1.9909090909090907,1.7491271154772563,56470.00000119384,4.892553738848762,3647000.0,
0.75,1.2006296725210959,1.9772727272727273,1.737146792768508,56480.00000119442,5.326897139226703,3648000.0,
0.875,1.382794174558779,2.2772727272727273,2.0007138923609715,56490.000001195,4.77461931647118,3649000.0,
0.8522727272727273,1.076426602949948,1.7727272727272727,1.557441952137283,56500.000001195585,4.54300454755608,3650000.0,
0.8181818181818182,1.2875718212208993,2.1204545454545456,1.8629401812103656,56510.00000119617,4.990918337146557,3651000.0,
0.8636363636363636,1.3538134583255115,2.2295454545454545,1.9587827628803522,56520.00000119675,4.805465583417899,3652000.0,
0.8863636363636364,1.4200550954301236,2.338636363636364,2.0546253445503386,56530.00000119733,4.75749549237139,3653000.0,
0.8863636363636364,1.2006296725210959,1.9772727272727273,1.737146792768508,56540.000001197914,4.5104514254996975,3654000.0,
0.8181818181818182,1.1799291609259044,1.9431818181818181,1.7071959859966375,56550.000001198496,4.861577307897248,3655000.0,
0.9090909090909091,1.4159149931110855,2.3318181818181816,2.0486351831959646,56560.00000119908,4.635503992511252,3656000.0,
0.7840909090909091,1.1592286493307133,1.9090909090909092,1.6772451792247665,56570.00000119966,5.047709002148257,3657000.0,
0.8409090909090909,1.2792916165828228,2.1068181818181815,1.8509598585016172,56580.00000120024,4.8499657063029415,3658000.0,
0.8636363636363636,1.2089098771591722,1.9909090909090907,1.7491271154772563,56590.000001200824,4.641366699962353,3659000.0,
0.75,0.8208237190292416,1.8136363636363635,1.6494716198305155,56600.000001201406,5.20168659229063,3660000.0,
0.8181818181818182,1.1078034403439763,2.4477272727272723,2.2261665846584773,56610.00000120199,4.776756982741753,3661000.0,
0.875,1.021400943604056,2.2568181818181814,2.05253799309737,56620.00000120257,4.368351727847994,3662000.0,
0.7954545454545454,1.083117012703999,2.393181818181818,2.176558415641018,56630.00000120315,4.883344244644183,3663000.0,
0.8522727272727273,1.104717636888979,2.440909090909091,2.219965563531295,56640.000001203734,4.583666027378312,3664000.0,
0.7840909090909091,0.9380842503191331,2.0727272727272723,1.885110422663446,56650.00000120432,4.770307449785931,3665000.0,
0.7727272727272727,0.9535132675941188,2.1068181818181815,1.9161155282993578,56660.0000012049,4.861014228756329,3666000.0,
0.8863636363636364,0.9998003194190762,2.209090909090909,2.0091308452070944,56670.00000120548,4.290541386102935,3667000.0,
0.875,1.1787769198089106,2.6045454545454545,2.368790070583672,56680.00000120606,4.5513268694848925,3668000.0,
0.8181818181818182,1.0183151401490589,2.25,2.046336971970188,56690.000001206645,4.671826838059334,3669000.0,
0.8409090909090909,0.9720280883241017,2.147727272727273,1.9533216550624524,56700.00000120723,4.491057726752407,3670000.0,
0.9431818181818182,1.1942059370838967,2.6386363636363637,2.399795176219584,56710.00000120781,4.240119547837861,3671000.0,
0.8409090909090909,0.9998003194190761,2.209090909090909,2.009130845207094,56720.00000120839,4.525165244811359,3672000.0,
0.8977272727272727,1.1540904921689334,2.55,2.319181901566213,56730.00000120897,4.411136244532029,3673000.0,
0.8181818181818182,1.002886122874073,2.215909090909091,2.015331866334276,56740.000001209555,4.655746928056735,3674000.0,
0.8181818181818182,1.0800312092490019,2.3863636363636362,2.170357394513836,56750.00000121014,4.750590922515014,3675000.0,
0.8409090909090909,1.1016318334339816,2.434090909090909,2.2137645424041126,56760.00000121072,4.64842434255894,3676000.0,
0.8409090909090909,0.9998003194190759,2.209090909090909,2.009130845207094,56770.0000012113,4.527867947514219,3677000.0,
0.8409090909090909,0.9349984468641359,2.065909090909091,1.8789094015362635,56780.00000121188,4.451346801773241,3678000.0,
0.8863636363636364,1.1139750472539705,2.4613636363636364,2.2385686269128424,56790.000001212466,4.425507745711893,3679000.0,
0.8181818181818182,0.956599071049116,2.1136363636363638,1.9223165494265402,56800.00000121305,4.602507198048649,3680000.0,
0.8068181818181818,1.0676879954290133,2.359090909090909,2.145553310005106,56810.00000121363,4.805582304294874,3681000.0,
0.8181818181818182,0.9689422848691046,2.140909090909091,1.9471206339352702,56820.00000121421,4.618704459384255,3682000.0,
0.8181818181818182,0.9504274641391216,2.0999999999999996,1.9099145071721757,56830.000001214794,4.596630789603196,3683000.0,
0.7840909090909091,0.9380842503191331,2.0727272727272723,1.885110422663446,56840.000001215376,4.781321942540195,3684000.0,
0.875,1.0676879954290133,2.359090909090909,2.145553310005106,56850.00000121596,4.4331992675966925,3685000.0,
0.8522727272727273,1.021400943604056,2.2568181818181814,2.05253799309737,56860.00000121654,4.497641107258018,3686000.0,
0.875,1.209634954358882,2.6727272727272724,2.4308002818554963,56870.00000121712,4.596463324555564,3687000.0,
0.7954545454545454,0.9658564814141073,2.1340909090909084,1.9409196128080872,56880.000001217704,4.7502167195948655,3688000.0,
0.8522727272727273,1.0707737988840103,2.3659090909090907,2.1517543311322886,56890.000001218286,4.557171924119925,3689000.0,
0.8295454545454546,0.9720280883241017,2.147727272727273,1.9533216550624524,56900.00000121887,4.56353796958527,3690000.0,
0.875,1.046087371244033,2.311363636363636,2.1021461621148294,56910.00000121945,4.411629723073779,3691000.0,
0.8636363636363636,1.002886122874073,2.215909090909091,2.015331866334276,56920.00000122003,4.420181300264828,3692000.0,
0.7727272727272727,1.0152293366940617,2.2431818181818177,2.040135950843006,56930.000001220615,4.956764435827768,3693000.0,
0.8068181818181818,1.0738596023390075,2.372727272727272,2.157955352259471,56940.0000012212,4.820555563564024,3694000.0,
0.7954545454545454,0.8671107708541986,1.9159090909090908,1.7424869367382514,56950.00000122178,4.630079254891213,3695000.0,
0.8863636363636364,1.1571762956239307,2.5568181818181817,2.3253829226933953,56960.00000122236,4.4829655643862,3696000.0,
0.8409090909090909,0.9936287125090817,2.1954545454545453,1.996728802952729,56970.00000122294,4.531339550108369,3697000.0,
0.75,1.0152293366940617,2.2431818181818177,2.0401359508430055,56980.000001223525,5.10999972176212,3698000.0,
0.875,1.0800312092490019,2.3863636363636362,2.170357394513836,56990.00000122411,4.45457852494983,3699000.0,
0.8636363636363636,1.1695195094439192,2.584090909090909,2.350187007202125,57000.00000122469,4.6173357478722625,3700000.0,
0.8068181818181818,0.8856255915841816,1.9568181818181818,1.7796930635013453,57010.00000122527,4.591195099530104,3701000.0,
0.8295454545454546,1.0306583539690475,2.277272727272727,2.0711410564789174,57020.00000122585,4.640790892554902,3702000.0,
0.9090909090909091,1.2343213819988594,2.727272727272727,2.4804084508729556,57030.000001226435,4.459251020289171,3703000.0,
0.875,1.043001567789036,2.3045454545454542,2.095945140987647,57040.00000122702,4.414856337307423,3704000.0,
0.8068181818181818,0.9812854986890933,2.1681818181818184,1.9719247184439994,57050.0000012276,4.712013012561674,3705000.0,
0.875,1.1695195094439192,2.584090909090909,2.350187007202125,57060.00000122818,4.56048723166631,3706000.0,
0.8863636363636364,1.228149775088865,2.7136363636363634,2.4680064086185904,57070.000001228764,4.5686792335264546,3707000.0,
0.8977272727272727,1.0430015677890359,2.3045454545454547,2.0959451409876473,57080.000001229346,4.305113138894694,3708000.0,
0.8409090909090909,1.1386614748939479,2.5159090909090907,2.288176795930301,57090.00000122993,4.710297429701559,3709000.0,
0.8181818181818182,1.1047176368889793,2.440909090909091,2.2199655635312947,57100.00000123051,4.800207667409452,3710000.0,
0.8636363636363636,1.0892886196139933,2.4068181818181817,2.188960457895383,57110.00000123109,4.53022629649058,3711000.0,
0.8068181818181818,0.9812854986890932,2.1681818181818184,1.9719247184439994,57120.000001231674,4.715956674533735,3712000.0,
0.7954545454545454,1.0399157643340389,2.2977272727272724,2.089744119860465,57130.000001232256,4.857605532409325,3713000.0,
0.875,1.0584305850640219,2.3386363636363634,2.1269502466235592,57140.00000123284,4.437684305102514,3714000.0,
0.8295454545454546,1.2312355785438622,2.7204545454545457,2.474207429745773,57150.00000123342,4.889705903001669,3715000.0,
0.8522727272727273,1.1139750472539705,2.4613636363636364,2.238568626912842,57160.000001234,4.62226138887485,3716000.0,
0.8181818181818182,1.0121435332390647,2.2363636363636363,2.0339349297158233,57170.000001234584,4.690950429615338,3717000.0,
0.8181818181818182,1.2065491509038848,2.6659090909090906,2.4245992607283138,57180.00000123517,4.929112851205706,3718000.0,
0.8409090909090909,0.8794539846741872,1.9431818181818181,1.7672910212469808,57190.00000123575,4.407456089981078,3719000.0,
0.875,1.5566784719583864,2.5636363636363635,2.252300669244686,57200.00000123633,4.557180061379471,3720000.0,
0.875,1.3620936629635878,2.2431818181818177,1.9707630855891005,57210.00000123691,4.788364186338593,3721000.0,
0.8409090909090909,1.109547421502254,1.8272727272727272,1.6053632429722766,57220.000001237495,4.682702339182117,3722000.0,
0.875,1.4159149931110853,2.3318181818181816,2.048635183195965,57230.00000123808,4.850913238974755,3723000.0,
0.8295454545454546,1.299992128178014,2.1409090909090907,1.8809106652734882,57240.00000123866,4.977522017629427,3724000.0,
0.8295454545454546,1.1592286493307133,1.9090909090909092,1.6772451792247665,57250.00000123924,4.808382481484768,3725000.0,
0.8977272727272727,1.3579535606445496,2.2363636363636363,1.9647729242347263,57260.00000123982,4.6650596625823795,3726000.0,
0.7954545454545454,1.2585911049876317,2.0727272727272723,1.8210090517297466,57270.000001240405,5.140511674945736,3727000.0,
0.8522727272727273,1.2006296725210959,1.9772727272727273,1.737146792768508,57280.00000124099,4.730336149188648,3728000.0,
0.8863636363636364,1.486296732534736,2.4477272727272723,2.1504679262203257,57290.00000124157,4.871204006030146,3729000.0,
0.8863636363636364,1.374513969920703,2.2636363636363637,1.988733569652223,57300.00000124215,4.745602940516908,3730000.0,
0.8522727272727273,1.2047697748401338,1.9840909090909093,1.743136954122882,57310.00000124273,4.736793869243081,3731000.0,
0.8409090909090909,1.3869342768778175,2.284090909090909,2.0067040537153455,57320.000001243316,5.017973194223642,3732000.0,
0.8522727272727273,1.1426682400545602,1.8818181818181818,1.6532845338072695,57330.0000012439,4.664994735094736,3733000.0,
0.8539325842696629,1.1502971926424508,1.8943820224719101,1.66432258394342,57340.00000124448,4.628108554637952,3734000.0,
0.8202247191011236,1.1339228553806366,1.8674157303370784,1.6406311592609513,57350.00000124506,4.798889508714867,3735000.0,
0.8426966292134831,1.3099469809451398,2.157303370786517,1.8953139745974887,57360.000001245644,4.880334417485712,3736000.0,
0.8314606741573034,1.2485432162133363,2.0561797752808983,1.8064711320382314,57370.000001246226,4.8729749493283805,3737000.0,
0.898876404494382,1.301759812314233,2.1438202247191014,1.8834682622562544,57380.00000124681,4.567205291291029,3738000.0,
0.7528089887640449,1.0766126749642868,1.7730337078651686,1.5577111728723112,57390.00000124739,5.154900419091632,3739000.0,
0.7528089887640449,1.2485432162133363,2.0561797752808983,1.8064711320382314,57400.00000124797,5.3838827798553295,3740000.0,
0.8202247191011236,1.2567303848442437,2.0696629213483146,1.8183168443794657,57410.000001248554,4.951901428198085,3741000.0,
0.7865168539325843,1.2157945416897078,2.002247191011236,1.7590882826732943,57420.00000124914,5.112650203110126,3742000.0,
0.8539325842696629,1.150297192642451,1.8943820224719101,1.66432258394342,57430.00000124972,4.632845396743491,3743000.0,
0.8202247191011236,1.2812918907369648,2.1101123595505613,1.8538539814031691,57440.0000012503,4.983490113464649,3744000.0,
0.8089887640449438,1.1666715299042651,1.9213483146067418,1.6880140086258886,57450.00000125088,4.911577307900158,3745000.0,
0.8651685393258427,1.3386020711533146,2.2044943820224723,1.9367739677918092,57460.000001251465,4.791888108311418,3746000.0,
0.8651685393258427,1.3467892397842218,2.2179775280898877,1.9486196801330429,57470.00000125205,4.801870679845874,3747000.0,
0.797752808988764,1.1748586985351723,1.9348314606741572,1.6998597209671227,57480.00000125263,4.992707382774213,3748000.0,
0.8314606741573034,1.1339228553806364,1.8674157303370784,1.6406311592609513,57490.00000125321,4.7416072180569975,3749000.0,
0.8651685393258427,1.3754443299923966,2.2651685393258423,1.9900796733273631,57500.00000125379,4.836549939956711,3750000.0,
0.8202247191011236,1.281291890736965,2.1101123595505618,1.8538539814031687,57510.000001254375,4.987325729903228,3751000.0,
0.8651685393258427,1.4245673417778395,2.346067415730337,2.0611539473747693,57520.00000125496,4.8943674470854,3752000.0,
0.797752808988764,1.2649175534751507,2.08314606741573,1.8301625567207005,57530.00000125554,5.108414961501955,3753000.0,
0.8651685393258427,1.3099469809451398,2.1573033707865163,1.8953139745974887,57540.00000125612,4.762923133915198,3754000.0,
0.9213483146067416,1.3426956554687681,2.2112359550561798,1.942696823962426,57550.0000012567,4.508533089561896,3755000.0,
0.7865168539325843,1.3345084868378612,2.197752808988764,1.930851111621192,57560.000001257285,5.271586504798958,3756000.0,
0.8202247191011236,1.1543907769579045,1.9011235955056178,1.6702454401140372,57570.00000125787,4.835898344611141,3757000.0,
0.8089887640449438,1.0684255063333796,1.7595505617977527,1.545865460531077,57580.00000125845,4.797356528764346,3758000.0,
0.7865168539325843,1.1502971926424508,1.8943820224719097,1.66432258394342,57590.00000125903,5.039089287893464,3759000.0,
0.797752808988764,1.1543907769579043,1.9011235955056183,1.6702454401140372,57600.000001259614,4.973810974036906,3760000.0,
0.7865168539325843,1.2853854750524183,2.1168539325842697,1.8597768375737858,57610.000001260196,5.211987246957634,3761000.0,
0.8539325842696629,1.1625779455888117,1.9146067415730341,1.6820911524552715,57620.00000126078,4.65722680479968,3762000.0,
0.8314606741573034,1.3140405652605935,2.164044943820225,1.9012368307681062,57630.00000126136,4.965802842102251,3763000.0,
0.8651685393258427,1.326321318206954,2.184269662921348,1.9190053992799576,57640.00000126194,4.787044121140195,3764000.0,
0.7752808988764045,1.0438640004406583,1.7191011235955054,1.510328323507374,57650.000001262524,4.978314435457928,3765000.0,
0.8426966292134831,1.1339228553806364,1.8674157303370784,1.6406311592609513,57660.000001263106,4.6874524551500985,3766000.0,
0.8876404494382022,1.3099469809451398,2.157303370786517,1.8953139745974887,57670.00000126369,4.648925079892411,3767000.0,
0.8426966292134831,1.2444496318978828,2.049438202247191,1.8005482758676146,57680.00000126427,4.8196775632839595,3768000.0,
0.8876404494382022,1.2280752946360687,2.0224719101123596,1.7768568511851455,57690.00000126485,4.557702547215162,3769000.0,
0.7752808988764045,1.2117009573742543,1.9955056179775281,1.7531654265026773,57700.000001265435,5.197698336430415,3770000.0,
0.8651685393258427,1.383631498623304,2.278651685393258,2.0019253856685975,57710.00000126602,4.856922121881382,3771000.0,
0.8314606741573034,1.2362624632669756,2.035955056179775,1.78870256352638,57720.0000012666,4.877123773488589,3772000.0,
0.8651685393258427,1.4409416790396536,2.373033707865168,2.0848453720572375,57730.00000126718,4.924202720025015,3773000.0,
0.8202247191011236,1.1625779455888117,1.9146067415730335,1.682091152455271,57740.00000126776,4.855195029654843,3774000.0,
0.8314606741573034,1.281291890736965,2.1101123595505618,1.8538539814031687,57750.000001268345,4.932902409229616,3775000.0,
0.8764044943820225,1.2526368005287898,2.0629213483146067,1.8123939882088487,57760.00000126893,4.647749682749568,3776000.0,
0.8202247191011236,1.1912330357969863,1.9617977528089883,1.7235511456495913,57770.00000126951,4.891774523196412,3777000.0,
0.797752808988764,1.3099469809451396,2.157303370786517,1.8953139745974887,57780.00000127009,5.1789448072045925,3778000.0,
0.8764044943820225,1.2567303848442437,2.0696629213483146,1.8183168443794662,57790.00000127067,4.653959028955753,3779000.0,
0.8426966292134831,1.0099245285073815,2.231460674157303,2.0294757684558267,57800.000001271255,4.957236004751464,3780000.0,
0.8764044943820225,1.2601173120046782,2.784269662921348,2.532246200520412,57810.00000127184,4.658849240715795,3781000.0,
0.8426966292134831,0.9885666079649291,2.184269662921348,1.9865563413283618,57820.00000127242,4.523496374883956,3782000.0,
0.8876404494382022,1.1441743147742236,2.528089887640449,2.2992550246856047,57830.000001273,4.470269797750965,3783000.0,
0.797752808988764,1.003822265495252,2.2179775280898877,2.0172130749908375,57840.00000127358,4.79859129065493,3784000.0,
0.8876404494382022,1.223503733931903,2.7033707865168535,2.4586700397304733,57850.000001274166,4.560653573764106,3785000.0,
0.8202247191011236,1.0007711339891876,2.2112359550561798,2.011081728258342,57860.00000127475,4.664499053869384,3786000.0,
0.8202247191011236,1.2174014709197738,2.689887640449438,2.4464073462654836,57870.00000127533,4.929157957798487,3787000.0,
0.8876404494382022,1.0923050791711253,2.4134831460674158,2.1950221302331903,57880.00000127591,4.414366481691925,3788000.0,
0.8202247191011236,1.0068733970013166,2.224719101123595,2.023344421723332,57890.000001276494,4.673582634802075,3789000.0,
0.8539325842696629,1.0862028161589965,2.4,2.1827594367682006,57900.000001277076,4.582524350599833,3790000.0,
0.8876404494382022,1.1380720517620944,2.5146067415730333,2.2869923312206146,57910.00000127766,4.467445729294498,3791000.0,
0.8539325842696629,1.1014584736893192,2.433707865168539,2.2134161704306754,57920.00000127824,4.601442160076193,3792000.0,
0.8876404494382022,0.9580552929042832,2.1168539325842697,1.9252428740034124,57930.00000127882,4.265654697163606,3793000.0,
0.8426966292134831,1.2601173120046782,2.784269662921348,2.532246200520412,57940.000001279404,4.852136543678163,3794000.0,
0.9101123595505618,1.305884284595647,2.8853932584269666,2.624216401507837,57950.00000127999,4.543500016499517,3795000.0,
0.7865168539325843,0.814652112119247,1.7999999999999998,1.6370695775761508,57960.00000128057,4.633483399800909,3796000.0,
0.797752808988764,1.1594299723045465,2.561797752808989,2.329911758348079,57970.00000128115,5.000972782289543,3797000.0,
0.797752808988764,1.0953562106771901,2.4202247191011237,2.2011534769656858,57980.00000128173,4.9212183487003545,3798000.0,
0.8539325842696629,1.2235037339319028,2.703370786516854,2.458670039730473,57990.000001282315,4.748047793781539,3799000.0,
0.7415730337078652,0.9244928463375726,2.042696629213483,1.8577980599459685,58000.0000012829,5.064843383810664,3800000.0,
0.8764044943820225,1.1075607367014484,2.4471910112359545,2.225678863895665,58010.00000128348,4.4950346868447575,3801000.0,
0.8651685393258427,0.9763620819406706,2.1573033707865163,1.962030954398382,58020.00000128406,4.402286042859536,3802000.0,
0.8539325842696629,1.003822265495252,2.217977528089888,2.017213074990837,58030.00000128464,4.492894495217688,3803000.0,
0.9101123595505618,1.0953562106771901,2.4202247191011232,2.2011534769656858,58040.000001285225,4.316623490836285,3804000.0,
0.8314606741573034,0.9275439778436371,2.049438202247191,1.8639294066784635,58050.00000128581,4.52366505453453,3805000.0,
0.7415730337078652,0.8878792682647976,1.9617977528089887,1.784221899156029,58060.00000128639,5.019106892167286,3806000.0,
0.8764044943820225,1.0526403695922857,2.3258426966292136,2.115314622710756,58070.00000128697,4.435446062835765,3807000.0,
0.898876404494382,1.1350209202560297,2.507865168539326,2.2808609844881196,58080.00000128755,4.416708273878314,3808000.0,
0.797752808988764,1.064844895616544,2.352808988764045,2.139840009640736,58090.000001288136,4.889168953765538,3809000.0,
0.9101123595505618,1.171634498328805,2.58876404494382,2.354437145278059,58100.00000128872,4.403398399490702,3810000.0,
0.8651685393258427,1.1594299723045467,2.5617977528089884,2.329911758348079,58110.0000012893,4.618559318734937,3811000.0,
0.8202247191011236,1.089253947665061,2.406741573033708,2.188890783500695,58120.00000128988,4.786621936296963,3812000.0,
0.8764044943820225,1.0831516846529317,2.393258426966292,2.1766280900357056,58130.000001290464,4.4733371787384755,3813000.0,
0.8539325842696629,1.2814752325471304,2.831460674157303,2.575165627647877,58140.000001291046,4.823830206634041,3814000.0,
0.8539325842696629,1.0831516846529317,2.393258426966292,2.1766280900357056,58150.00000129163,4.59210920975797,3815000.0,
0.8202247191011236,1.0373847120619626,2.292134831460674,2.0846578890482816,58160.00000129221,4.725575881931669,3816000.0,
0.8651685393258427,1.0434869750740918,2.3056179775280903,2.096920582513271,58170.00000129279,4.4876641660921255,3817000.0,
0.797752808988764,1.0739982901347378,2.373033707865168,2.1582340498382204,58180.000001293374,4.905713349711176,3818000.0,
0.8202247191011236,1.2112992079076448,2.676404494382022,2.4341446528004935,58190.000001293956,4.939252459058691,3819000.0,
0.8314606741573034,1.0343335805558982,2.285393258426966,2.0785265423157866,58200.00000129454,4.660209306445695,3820000.0,
0.8314606741573034,1.0373847120619626,2.292134831460674,2.084657889048281,58210.00000129512,4.664419451094911,3821000.0,
0.8539325842696629,1.1289186572439005,2.49438202247191,2.26859829102313,58220.0000012957,4.6493889539765565,3822000.0,
0.8876404494382022,1.1533277092924172,2.548314606741573,2.317649064883089,58230.000001296285,4.500835014361248,3823000.0,
0.8539325842696629,1.0129756600134459,2.238202247191011,2.0356071151883217,58240.00000129687,4.5146662335356895,3824000.0,
0.8314606741573034,1.1472254462802882,2.534831460674157,2.3053863714180993,58250.00000129745,4.798687361168429,3825000.0,
0.7865168539325843,1.0343335805558982,2.2853932584269665,2.0785265423157866,58260.00000129803,4.929935552528505,3826000.0,
0.8651685393258427,1.1258675257378359,2.487640449438202,2.262466944290635,58270.00000129861,4.5880780493271445,3827000.0,
0.8764044943820225,1.0099245285073815,2.231460674157303,2.029475768455827,58280.000001299195,4.39747542364977,3828000.0,
0.8314606741573034,0.9458507668800247,2.0898876404494384,1.9007174870734334,58290.00000129978,4.558655652160129,3829000.0,
0.797752808988764,0.9794132134467354,2.1640449438202243,1.968162301130877,58300.00000130036,4.793909521187171,3830000.0,
0.8651685393258427,1.1289186572439005,2.49438202247191,2.26859829102313,58310.00000130094,4.593682603925185,3831000.0,
0.8876404494382022,1.1411231832681588,2.5213483146067417,2.29312367795311,58320.00000130152,4.49164257365064,3832000.0,
0.8314606741573034,0.9916177394709936,2.191011235955056,1.9926876880608573,58330.000001302105,4.615861875952097,3833000.0,
0.8314606741573034,0.9580552929042833,2.1168539325842697,1.9252428740034129,58340.00000130269,4.576036771297571,3834000.0,
0.8764044943820225,1.229605996944032,2.7168539325842693,2.470932733195463,58350.00000130327,4.651727355584105,3835000.0,
0.898876404494382,1.1136629997135779,2.4606741573033704,2.237941557360655,58360.00000130385,4.406947587275652,3836000.0,
0.8539325842696629,1.0007711339891876,2.2112359550561798,2.011081728258342,58370.000001304434,4.507216196481365,3837000.0,
0.8764044943820225,1.2174014709197738,2.6898876404494385,2.4464073462654827,58380.000001305016,4.639340139992413,3838000.0,
0.797752808988764,0.8848281367587327,1.9550561797752806,1.7780905524235342,58390.0000013056,4.680415551817999,3839000.0,
0.8876404494382022,1.6619952320741458,2.737078651685393,2.404679605270564,58400.00000130618,4.605688428451786,3840000.0,
0.8651685393258427,1.2280752946360687,2.0224719101123596,1.776856851185146,58410.00000130676,4.713487028963188,3841000.0,
0.797752808988764,1.1339228553806369,1.8674157303370784,1.6406311592609515,58420.000001307344,4.994351185020203,3842000.0,
0.7865168539325843,1.0970805965415547,1.8067415730337077,1.5873254537253971,58430.000001307926,5.019428187139405,3843000.0,
0.7752808988764045,1.3386020711533146,2.204494382022472,1.936773967791809,58440.00000130851,5.404280932466773,3844000.0,
0.8426966292134831,1.1789522828506258,1.941573033707865,1.7057825771377402,58450.00000130909,4.783020709083605,3845000.0,
0.8089887640449438,1.2321688789515222,2.0292134831460675,1.782779707355763,58460.00000130967,5.048650419920173,3846000.0,
0.7865168539325843,1.2157945416897076,2.002247191011236,1.7590882826732943,58470.000001310254,5.172650203113619,3847000.0,
0.8651685393258427,1.4614096006169215,2.406741573033708,2.1144596529103232,58480.00000131084,4.986821486525684,3848000.0,
0.8539325842696629,1.2812918907369648,2.1101123595505618,1.8538539814031687,58490.00000131142,4.842036556357419,3849000.0,
0.8426966292134831,1.1462036083269975,1.887640449438202,1.6583997277728029,58500.000001312,4.746825615315721,3850000.0,
0.7191011235955056,1.0397704161252048,1.712359550561798,1.5044054673367568,58510.00000131258,5.415302610042529,3851000.0,
0.7640449438202247,1.2117009573742543,1.9955056179775277,1.7531654265026773,58520.000001313165,5.322370370792494,3852000.0,
0.8426966292134831,1.1421100240115438,1.880898876404494,1.6524768716021856,58530.00000131375,4.743567895261475,3853000.0,
0.8314606741573034,1.4163801731469325,2.332584269662921,2.0493082350335348,58540.00000131433,5.1380761542927385,3854000.0,
0.8539325842696629,1.2157945416897078,2.002247191011236,1.7590882826732943,58550.00000131491,4.768493608131211,3855000.0,
0.7415730337078652,1.1543907769579045,1.9011235955056178,1.6702454401140368,58560.00000131549,5.408796653891572,3856000.0,
0.8202247191011236,1.1011741808570081,1.8134831460674155,1.593248309896014,58570.000001316075,4.82581235758721,3857000.0,
0.8314606741573034,1.428660926093293,2.352808988764045,2.0670768035453864,58580.00000131666,5.155008411214838,3858000.0,
0.8089887640449438,1.2362624632669756,2.035955056179775,1.7887025635263802,58590.00000131724,5.060932767199418,3859000.0,
0.8202247191011236,1.1216421024342758,1.847191011235955,1.6228625907490997,58600.00000131782,4.852410234578769,3860000.0,
0.7865168539325843,1.1421100240115438,1.880898876404494,1.6524768716021856,58610.0000013184,5.086965602066134,3861000.0,
0.8314606741573034,1.158484361273358,1.9078651685393258,1.6761682962846542,58620.000001318986,4.832228488661258,3862000.0,
0.7640449438202247,1.2362624632669756,2.0359550561797755,1.7887025635263802,58630.00000131957,5.3609876358583435,3863000.0,
0.898876404494382,1.3795379143078506,2.2719101123595506,1.9960025294979806,58640.00000132015,4.716733429762595,3864000.0,
0.8539325842696629,1.1462036083269973,1.8876404494382026,1.6583997277728029,58650.00000132073,4.692262120377816,3865000.0,
0.898876404494382,1.3345084868378612,2.197752808988764,1.930851111621192,58660.000001321314,4.667638191702291,3866000.0,
0.898876404494382,1.4122865888314788,2.3258426966292136,2.0433853788629177,58670.000001321896,4.754666330170219,3867000.0,
0.8314606741573034,1.334508486837861,2.197752808988764,1.9308511116211917,58680.00000132248,5.047176423461998,3868000.0,
0.8202247191011236,1.2771983064215116,2.103370786516854,1.8479311252325517,58690.00000132306,5.046992455878563,3869000.0,
0.8202247191011236,1.1584843612733582,1.907865168539326,1.6761682962846542,58700.00000132364,4.9028069611089276,3870000.0,
0.9213483146067416,1.4450352633551073,2.3797752808988757,2.0907682282278546,58710.000001324224,4.676194371295485,3871000.0,
0.8539325842696629,1.1830458671660793,1.9483146067415729,1.711705433308357,58720.00000132481,4.739090555071166,3872000.0,
0.9101123595505618,1.1953266201124402,1.9685393258426964,1.7294740018202086,58730.00000132539,4.460541595032556,3873000.0,
0.7865168539325843,1.2076073730588006,1.98876404494382,1.74724257033206,58740.00000132597,5.1776693744266495,3874000.0,
0.8089887640449438,1.3345084868378612,2.197752808988764,1.9308511116211917,58750.00000132655,5.19126465744728,3875000.0,
0.8764044943820225,1.2812918907369648,2.1101123595505618,1.8538539814031685,58760.000001327135,4.731727926708034,3876000.0,
0.7640449438202247,1.2853854750524185,2.1168539325842697,1.859776837573786,58770.00000132772,5.43351628363683,3877000.0,
0.8539325842696629,1.449128847670561,2.386516853932584,2.096691084398472,58780.0000013283,5.0538456243463346,3878000.0,
0.8764044943820225,1.3304149025224077,2.191011235955056,1.9249282554505747,58790.00000132888,4.789317004258181,3879000.0,
0.8539325842696629,1.354976408415129,2.231460674157303,1.9604653924742779,58800.00000132946,4.944640794165692,3880000.0,
0.8651685393258427,1.2853854750524183,2.1168539325842692,1.8597768375737862,58810.000001330045,4.80050788684823,3881000.0,
0.7640449438202247,1.1462036083269973,1.8876404494382022,1.6583997277728029,58820.00000133063,5.254292958069906,3882000.0,
0.7865168539325843,1.101174180857008,1.8134831460674155,1.5932483098960142,58830.00000133121,5.047490030056097,3883000.0,
0.8539325842696629,1.3795379143078503,2.27191011235955,1.9960025294979804,58840.00000133179,4.975508873434922,3884000.0,
0.8539325842696629,1.2771983064215113,2.103370786516854,1.8479311252325517,58850.00000133237,4.856190122094373,3885000.0,
0.8426966292134831,1.1052677651724618,1.8202247191011236,1.599171166066631,58860.000001332955,4.717448414773456,3886000.0,
0.8539325842696629,1.281291890736965,2.1101123595505618,1.8538539814031687,58870.00000133354,4.862036556358583,3887000.0,
0.7528089887640449,1.2035137887433471,1.9820224719101125,1.741319714161443,58880.00000133412,5.412425779191384,3888000.0,
0.8426966292134831,1.3467892397842218,2.2179775280898872,1.9486196801330433,58890.0000013347,5.005653897979505,3889000.0,
0.8651685393258427,1.2894790593678722,2.123595505617978,1.8656996937444033,58900.000001335284,4.809914757031299,3890000.0,
0.8202247191011236,1.1871394514815332,1.9550561797752808,1.7176282894789743,58910.000001335866,4.949249468349702,3891000.0,
0.8426966292134831,1.383631498623304,2.278651685393258,2.0019253856685975,58920.00000133645,5.050973378468641,3892000.0,
0.7640449438202247,0.9906474043397621,1.6314606741573032,1.4333311932893509,58930.00000133703,5.057167926381107,3893000.0,
0.8314606741573034,1.1707651142197186,1.9280898876404493,1.6939368647965054,58940.00000133761,4.864295880719375,3894000.0,
0.8876404494382022,1.3426956554687683,2.2112359550561798,1.942696823962426,58950.000001338194,4.750629282840524,3895000.0,
0.7528089887640449,1.0233960788633905,1.6853932584269662,1.4807140426542882,58960.000001338776,5.17794106009739,3896000.0,
0.7865168539325843,1.187139451481533,1.9550561797752806,1.7176282894789745,58970.00000133936,5.164788731279175,3897000.0,
0.8314606741573034,1.1052677651724616,1.8202247191011236,1.5991711660666315,58980.00000133994,4.787684204162664,3898000.0,
0.8089887640449438,1.2076073730588008,1.98876404494382,1.74724257033206,58990.00000134052,5.047734114026718,3899000.0,
0.8314606741573034,0.8054987176010535,1.779775280898876,1.6186755373786659,59000.000001341105,4.759225095724184,3900000.0,
0.8314606741573034,1.1197652627257066,2.474157303370786,2.250204250825645,59010.00000134169,4.806742005274094,3901000.0,
0.8202247191011236,1.0068733970013166,2.2247191011235956,2.0233444217233325,59020.00000134227,4.735500443024857,3902000.0,
0.8202247191011236,1.1228163942317713,2.480898876404494,2.25633559755814,59030.00000134285,4.877403549237361,3903000.0,
0.8089887640449438,1.1136629997135776,2.460674157303371,2.2379415573606547,59040.00000134343,4.934386208086257,3904000.0,
0.8539325842696629,1.0984073421832548,2.4269662921348316,2.2072848236981804,59050.000001344015,4.657342808710712,3905000.0,
0.8426966292134831,1.0526403695922855,2.3258426966292136,2.115314622710756,59060.0000013446,4.665663905352267,3906000.0,
0.8539325842696629,0.9855154764588646,2.17752808988764,1.9804249945958674,59070.00000134518,4.526193123849315,3907000.0,
0.8426966292134831,1.0465381065801564,2.3123595505617978,2.103051929245767,59080.00000134576,4.65948921991127,3908000.0,
0.8876404494382022,1.1014584736893192,2.433707865168539,2.213416170430675,59090.00000134634,4.4859443565324435,3909000.0,
0.8764044943820225,1.1350209202560297,2.507865168539326,2.2808609844881196,59100.000001346925,4.582264896288495,3910000.0,
0.8539325842696629,1.1106118682075128,2.453932584269663,2.23181021062816,59110.00000134751,4.674792845765618,3911000.0,
0.8876404494382022,1.1014584736893194,2.433707865168539,2.2134161704306754,59120.00000134809,4.487463343874305,3912000.0,
0.8202247191011236,0.9641575559164124,2.130337078651685,1.9375055674684027,59130.00000134867,4.689449623072379,3913000.0,
0.7528089887640449,0.8573679532041515,1.8943820224719101,1.7229084318310797,59140.00000134925,4.968142505117832,3914000.0,
0.9101123595505618,1.2448616544743554,2.750561797752809,2.5015894668579377,59150.000001349836,4.535709719209201,3915000.0,
0.9101123595505618,1.0739982901347378,2.373033707865168,2.1582340498382204,59160.00000135042,4.348464788021255,3916000.0,
0.8651685393258427,1.1899412873651927,2.6292134831460676,2.391225225673028,59170.000001351,4.708890579003045,3917000.0,
0.9213483146067416,1.086202816158996,2.4,2.1827594367682006,59180.00000135158,4.309656715193723,3918000.0,
0.8089887640449438,1.0923050791711253,2.4134831460674158,2.1950221302331903,59190.000001352164,4.916318778527321,3919000.0,
0.8202247191011236,1.0862028161589963,2.4,2.1827594367682006,59200.000001352746,4.842080145834109,3920000.0,
0.8314606741573034,1.1960435503773217,2.642696629213483,2.4034879191380183,59210.00000135333,4.909292918801666,3921000.0,
0.9101123595505618,1.2601173120046782,2.7842696629213477,2.532246200520412,59220.00000135391,4.555928898471115,3922000.0,
0.8764044943820225,1.019077923025575,2.251685393258427,2.047869808653312,59230.00000135449,4.456637630218237,3923000.0,
0.8764044943820225,1.02212905453164,2.2584269662921344,2.054001155385807,59240.000001355074,4.460631870013647,3924000.0,
0.8651685393258427,1.1197652627257069,2.474157303370786,2.250204250825645,59250.00000135566,4.631933875199206,3925000.0,
0.8426966292134831,1.0068733970013166,2.224719101123595,2.0233444217233325,59260.00000135624,4.622020431211606,3926000.0,
0.8426966292134831,1.1136629997135776,2.460674157303371,2.237941557360655,59270.00000135682,4.7492774264301865,3927000.0,
0.898876404494382,1.0160267915195105,2.2449438202247194,2.041738461920817,59280.0000013574,4.344327305662429,3928000.0,
0.797752808988764,1.0343335805558982,2.2853932584269665,2.078526542315787,59290.000001357985,4.918528009538524,3929000.0,
0.8202247191011236,1.0312824490498336,2.278651685393258,2.0723951955832915,59300.00000135857,4.780601890043806,3930000.0,
0.7865168539325843,0.921441714831508,2.035955056179775,1.8516667132134736,59310.00000135915,4.846401608968131,3931000.0,
0.8314606741573034,0.9000837942890558,1.9887640449438202,1.8087472860860085,59320.00000135973,4.559287266209368,3932000.0,
0.8651685393258427,1.0862028161589963,2.4,2.1827594367682,59330.00000136031,4.597296761635327,3933000.0,
0.9213483146067416,1.3547023886926806,2.993258426966292,2.722317949227756,59340.000001360895,4.608881860992932,3934000.0,
0.8426966292134831,1.0160267915195105,2.244943820224719,2.041738461920817,59350.00000136148,4.637682459373476,3935000.0,
0.8876404494382022,1.0465381065801564,2.3123595505617978,2.103051929245766,59360.00000136206,4.437742930296334,3936000.0,
0.8651685393258427,1.232657128450097,2.7235955056179773,2.477064079927958,59370.00000136264,4.768653044673214,3937000.0,
0.797752808988764,1.003822265495252,2.2179775280898872,2.017213074990837,59380.00000136322,4.8853518540402625,3938000.0,
0.8651685393258427,1.0465381065801567,2.3123595505617978,2.1030519292457663,59390.000001363805,4.554567421992434,3939000.0,
0.8314606741573034,1.305884284595647,2.8853932584269657,2.6242164015078364,59400.00000136439,5.051668936983763,3940000.0,
0.8539325842696629,0.94279963537396,2.08314606741573,1.894586140340938,59410.00000136497,4.494065362579877,3941000.0,
0.8876404494382022,1.171634498328805,2.5887640449438205,2.354437145278059,59420.00000136555,4.581712283026003,3942000.0,
0.8876404494382022,1.125867525737836,2.4876404494382016,2.262466944290635,59430.000001366134,4.530658351879244,3943000.0,
0.8651685393258427,1.1167141312196422,2.4674157303370787,2.24407290409315,59440.000001366716,4.638277372549913,3944000.0,
0.8651685393258427,1.0678960271226086,2.3595505617977524,2.1459713563732308,59450.0000013673,4.582370732749476,3945000.0,
0.8539325842696629,1.2051969448955153,2.662921348314607,2.421881959335503,59460.00000136788,4.803978001361851,3946000.0,
0.7865168539325843,1.0617937641104793,2.346067415730337,2.133708662908241,59470.00000136846,5.033992071623355,3947000.0,
0.8426966292134831,1.0892539476650607,2.406741573033708,2.188890783500696,59480.000001369044,4.731512017999932,3948000.0,
0.7752808988764045,0.8848281367587327,1.9550561797752808,1.7780905524235346,59490.000001369626,4.879847886657014,3949000.0,
0.8426966292134831,1.1319697887499651,2.501123595505618,2.2747296377556245,59500.00000137021,4.783268149420747,3950000.0,
0.8426966292134831,1.1045096051953838,2.4404494382022475,2.2195475171631704,59510.00000137079,4.751215398269341,3951000.0,
0.8314606741573034,1.049589238086221,2.3191011235955057,2.1091832759782614,59520.00000137137,4.7499086783444255,3952000.0,
0.898876404494382,1.0160267915195105,2.244943820224719,2.041738461920817,59530.000001371955,4.356827305663157,3953000.0,
0.8202247191011236,0.9702598189285414,2.143820224719101,1.949768260933393,59540.00000137254,4.719355121814503,3954000.0,
0.8764044943820225,1.1136629997135776,2.460674157303371,2.237941557360655,59550.00000137312,4.580971884388836,3955000.0,
0.8539325842696629,1.1167141312196422,2.4674157303370783,2.2440729040931497,59560.0000013737,4.705623127452253,3956000.0,
0.8426966292134831,1.058742632604415,2.339325842696629,2.127577316175746,59570.00000137428,4.700105257461578,3957000.0,
0.8202247191011236,0.9885666079649291,2.1842696629213485,1.9865563413283618,59580.000001374865,4.7438661385850205,3958000.0,
0.8651685393258427,0.9885666079649291,2.184269662921348,1.9865563413283622,59590.00000137545,4.4979510145027115,3959000.0,
0.7528089887640449,1.3959122515696645,2.298876404494382,2.019693954180449,59600.00000137603,5.238784926647565,3960000.0,
0.8426966292134831,1.3140405652605935,2.164044943820225,1.9012368307681058,59610.00000137661,5.005192137547034,3961000.0,
0.8426966292134831,1.2117009573742543,1.9955056179775281,1.7531654265026773,59620.00000137719,4.884282469521943,3962000.0,
0.7640449438202247,1.2976662279987792,2.137078651685393,1.8775454060856376,59630.000001377775,5.500177857348981,3963000.0,
0.7752808988764045,1.3713507456769432,2.258426966292135,1.9841568171567459,59640.00000137836,5.5160871938128935,3964000.0,
0.8764044943820225,1.2771983064215113,2.103370786516854,1.8479311252325517,59650.00000137894,4.772698067684083,3965000.0,
0.8764044943820225,1.3386020711533149,2.2044943820224714,1.936773967791809,59660.00000137952,4.843274158211428,3966000.0,
0.8089887640449438,1.354976408415129,2.231460674157303,1.9604653924742776,59670.000001380104,5.267676393844378,3967000.0,
0.8764044943820225,1.2444496318978828,2.049438202247191,1.8005482758676146,59680.000001380686,4.736869451881573,3968000.0,
0.8426966292134831,1.2853854750524183,2.1168539325842692,1.8597768375737858,59690.00000138127,4.975454763833581,3969000.0,
0.8202247191011236,1.178952282850626,1.9415730337078654,1.7057825771377402,59700.00000138185,4.982555523035088,3970000.0,
0.8651685393258427,1.318134149576047,2.1707865168539326,1.907159686938723,59710.00000138243,4.885113497663976,3971000.0,
0.8202247191011236,1.2976662279987792,2.137078651685393,1.8775454060856371,59720.000001383014,5.128384853421257,3972000.0,
0.8426966292134831,1.4491288476705608,2.386516853932584,2.096691084398472,59730.000001383596,5.171896899340568,3973000.0,
0.8539325842696629,1.2280752946360687,2.0224719101123596,1.776856851185146,59740.00000138418,4.845506595137831,3974000.0,
0.8876404494382022,1.3467892397842218,2.2179775280898872,1.9486196801330435,59750.00000138476,4.795747371502064,3975000.0,
0.9101123595505618,1.4040994202005719,2.3123595505617978,2.031539666521683,59760.00000138534,4.740798128465686,3976000.0,
0.8202247191011236,1.2935726436833255,2.130337078651685,1.8716225499150203,59770.000001385924,5.126133771173808,3977000.0,
0.7752808988764045,1.2526368005287898,2.0629213483146067,1.812393988208849,59780.00000138651,5.3710793515208195,3978000.0,
0.797752808988764,1.2403560475824293,2.042696629213483,1.7946254196969975,59790.00000138709,5.204950538629758,3979000.0,
0.8202247191011236,1.1175485181188223,1.840449438202247,1.6169397345784826,59800.00000138767,4.913172850965126,3980000.0,
0.7865168539325843,1.0929870122261012,1.7999999999999996,1.5814025975547796,59810.00000138825,5.093080629942919,3981000.0,
0.8089887640449438,1.2035137887433471,1.9820224719101125,1.7413197141614432,59820.000001388835,5.088785100083911,3982000.0,
0.8202247191011236,1.1912330357969865,1.9617977528089887,1.7235511456495916,59830.00000138942,5.0046512355317505,3983000.0,
0.8651685393258427,1.4409416790396536,2.373033707865168,2.084845372057238,59840.00000139,5.033813109641785,3984000.0,
0.898876404494382,1.297666227998779,2.1370786516853935,1.8775454060856376,59850.00000139058,4.6861511787472745,3985000.0,
0.8764044943820225,1.3467892397842218,2.2179775280898872,1.9486196801330433,59860.00000139116,4.862872337803702,3986000.0,
0.9101123595505618,1.383631498623304,2.278651685393258,2.001925385668598,59870.000001391745,4.723740782535423,3987000.0,
0.797752808988764,1.1462036083269973,1.8876404494382022,1.6583997277728024,59880.00000139233,5.09199888942254,3988000.0,
0.8426966292134831,1.2812918907369648,2.1101123595505618,1.8538539814031687,59890.00000139291,4.98126371044653,3989000.0,
0.8764044943820225,1.4368480947242002,2.3662921348314607,2.078922515886621,59900.00000139349,4.967683082543026,3990000.0,
0.8426966292134831,1.2649175534751507,2.08314606741573,1.8301625567207,59910.00000139407,4.962899496895907,3991000.0,
0.8314606741573034,1.2731047221060576,2.096629213483146,1.8420082690619344,59920.000001394656,5.040352976693865,3992000.0,
0.8539325842696629,1.2853854750524183,2.1168539325842697,1.859776837573786,59930.00000139524,4.922619832731243,3993000.0,
0.8314606741573034,1.0807062592797403,1.7797752808988765,1.5636340290429283,59940.00000139582,4.810035906537952,3994000.0,
0.8651685393258427,1.3672571613614897,2.251685393258427,1.978233960986129,59950.0000013964,4.954359576221903,3995000.0,
0.8202247191011236,1.2771983064215113,2.1033707865168543,1.8479311252325517,59960.000001396984,5.116581496978504,3996000.0,
0.898876404494382,1.281291890736965,2.1101123595505618,1.8538539814031687,59970.000001397566,4.673934728543856,3997000.0,
0.8764044943820225,1.2076073730588006,1.9887640449438202,1.74724257033206,59980.00000139815,4.710216105258387,3998000.0,
0.7865168539325843,1.0315832474942974,1.6988764044943823,1.4925597549955223,59990.00000139873,5.025295843355939,3999000.0,
0.8651685393258427,1.2731047221060576,2.096629213483146,1.8420082690619344,60000.00000139931,4.848131432147594,4000000.0,
0.8444444444444444,1.2832477143543481,2.1133333333333333,1.8566837904624638,60010.000001399894,4.9412117671028835,4001000.0,
0.8666666666666667,1.2589591140826573,2.0733333333333333,1.8215415105168018,60020.000001400476,4.7870015419919145,4002000.0,
0.8777777777777778,1.424931215939213,2.3466666666666667,2.061680423478824,60030.00000140106,4.915995056233692,4003000.0,
0.8111111111111111,1.0241693114563095,1.6866666666666668,1.4818328043754048,60040.00000140164,4.826507370397297,4004000.0,
0.8666666666666667,1.267055314173221,2.086666666666667,1.8332556038320225,60050.00000140222,4.797881772865732,4005000.0,
0.8777777777777778,1.1941895133581475,1.9666666666666666,1.7278287639950372,60060.000001402805,4.6546437494958575,4006000.0,
0.8444444444444444,1.117275612497792,1.8399999999999999,1.6165448775004418,60070.00000140339,4.74782375174662,4007000.0,
0.8666666666666667,1.2144300135845567,2.0,1.7571139972830887,60080.00000140397,4.738698733725055,4008000.0,
0.8222222222222222,1.2711034142185027,2.0933333333333333,1.839112650489633,60090.00000140455,5.064312260643402,4009000.0,
0.8,1.1577566129506107,1.9066666666666665,1.6751153440765447,60100.00000140513,5.063859655187553,4010000.0,
0.8555555555555555,1.457316016301468,2.4,2.108536796739706,60110.000001405715,5.0856914477283555,4011000.0,
0.8,1.153708512905329,1.9,1.6692582974189343,60120.0000014063,5.059910641242126,4012000.0,
0.8888888888888888,1.4006426156675222,2.3066666666666666,2.0265381435331618,60130.00000140688,4.8322204427254105,4013000.0,
0.8888888888888888,1.2994401145354755,2.14,1.8801119770929047,60140.00000140746,4.7188676289518865,4014000.0,
0.8444444444444444,1.1537085129053288,1.8999999999999997,1.669258297418934,60150.00000140804,4.795178502229475,4015000.0,
0.8,1.3156325147166033,2.1666666666666665,1.903540163723346,60160.000001408625,5.264537865728571,4016000.0,
0.7444444444444445,1.24276671390153,2.0466666666666664,1.7981133238863607,60170.00000140921,5.560131406852281,4017000.0,
0.8111111111111111,1.513989416935414,2.493333333333333,2.1905354499462506,60180.00000140979,5.4380664045500655,4018000.0,
0.7666666666666667,1.1132275124525104,1.833333333333333,1.6106878308428312,60190.00000141037,5.23116342215501,4019000.0,
0.9,1.0137892950817298,2.2399999999999998,2.0372421409836536,60200.000001410954,4.7310413009542645,4020000.0,
0.9333333333333333,1.1737024874606932,2.593333333333333,2.3585928358411947,60210.000001411536,4.36277409380282,4021000.0,
0.8222222222222222,0.9504274641391215,2.0999999999999996,1.9099145071721757,60220.00000141212,4.681327997033753,4022000.0,
0.9,1.0922372762487682,2.413333333333333,2.1948858780835794,60230.0000014127,4.434829072473682,4023000.0,
0.8666666666666667,1.0288754453061602,2.2733333333333334,2.067558244272101,60240.00000141328,4.53280243699405,4024000.0,
0.8444444444444444,1.0288754453061604,2.273333333333333,2.0675582442721017,60250.000001413864,4.6526130274412925,4025000.0,
0.8888888888888888,1.1797369475504653,2.6066666666666665,2.3707192771565735,60260.000001414446,4.5902015660941,4026000.0,
0.7888888888888889,0.9866342246777547,2.1799999999999997,1.982673155064449,60270.00000141503,4.92784338350685,4027000.0,
0.8666666666666667,1.043961595530591,2.3066666666666666,2.0978743475605484,60280.00000141561,4.552260815458255,4028000.0,
0.8444444444444444,0.9956859148124131,2.2,2.0008628170375173,60290.00000141619,4.615414899225136,4029000.0,
0.8444444444444444,1.2068920179544402,2.6666666666666665,2.4252882630757786,60300.000001416774,4.866053705577566,4030000.0,
0.9,1.2370643184033014,2.733333333333333,2.485920469652673,60310.00000141736,4.5996986254851215,4031000.0,
0.8888888888888888,1.2883572291663652,2.8466666666666667,2.588995220833393,60320.00000141794,4.715399382912162,4032000.0,
0.9,1.3969775107822644,3.086666666666667,2.8072711645102135,60330.00000141852,4.778367604671681,4033000.0,
0.7555555555555555,0.832755492388564,1.8399999999999999,1.6734489015222873,60340.0000014191,4.945702857690815,4034000.0,
0.8333333333333334,1.0922372762487684,2.4133333333333336,2.19488587808358,60350.000001419685,4.796015398271949,4035000.0,
0.8777777777777778,1.0922372762487682,2.413333333333333,2.1948858780835794,60360.00000142027,4.5536855046885885,4036000.0,
0.8444444444444444,1.0862028161589963,2.4,2.1827594367682006,60370.00000142085,4.726816492925281,4037000.0,
0.8666666666666667,1.0318926753510462,2.2800000000000002,2.0736214649297904,60380.00000142143,4.543463343456516,4038000.0,
0.9,0.9594791542737799,2.12,1.9281041691452439,60390.00000142201,4.2952212826253895,4039000.0,
0.8333333333333334,1.1224095766976296,2.48,2.2555180846604737,60400.000001422595,4.834888825477405,4040000.0,
0.8333333333333334,1.0711166659345657,2.3666666666666663,2.1524433334797535,60410.00000142318,4.7738706658950925,4041000.0,
0.9,1.1827541775953514,2.6133333333333333,2.3767824978142627,60420.00000142376,4.5447861233531475,4042000.0,
0.8222222222222222,1.107323426473199,2.4466666666666663,2.2252019813720265,60430.00000142434,4.883498762035319,4043000.0,
0.8222222222222222,0.9896514547226409,2.186666666666667,1.9887363757221383,60440.00000142492,4.740924742338725,4044000.0,
0.8777777777777778,1.0922372762487684,2.413333333333333,2.1948858780835794,60450.000001425506,4.55824246671417,4045000.0,
0.8888888888888888,1.1133578865629712,2.46,2.2373284226874057,60460.00000142609,4.525525122483751,4046000.0,
0.8333333333333334,1.2068920179544402,2.666666666666666,2.425288263075778,60470.00000142667,4.940001088319128,4047000.0,
0.8333333333333334,1.0017203749021855,2.213333333333333,2.012989258352896,60480.00000142725,4.694328449989786,4048000.0,
0.7666666666666667,1.0952545062936545,2.42,2.200949098741269,60490.000001427834,5.225111674992298,4049000.0,
0.8111111111111111,1.0469788255754768,2.313333333333333,2.1039375682182375,60500.000001428416,4.879834168627875,4050000.0,
0.8,0.8327554923885636,1.8399999999999999,1.6734489015222873,60510.000001429,4.680386032264098,4051000.0,
0.7888888888888889,1.0560305157101353,2.3333333333333335,2.122127230191306,60520.00000142958,5.029895020027588,4052000.0,
0.8333333333333334,1.0499960556203627,2.32,2.110000788875927,60530.00000143016,4.754925933518422,4053000.0,
0.8555555555555555,1.0771511260243378,2.38,2.1645697747951322,60540.000001430744,4.663680537016126,4054000.0,
0.8444444444444444,1.1193923466527433,2.473333333333333,2.249454864002784,60550.00000143133,4.775593568510533,4055000.0,
0.8777777777777778,1.1012889663834267,2.433333333333333,2.2130755400566473,60560.00000143191,4.574124139019802,4056000.0,
0.8222222222222222,1.019823755171502,2.2533333333333334,2.049368582299033,60570.00000143249,4.784647810452614,4057000.0,
0.8777777777777778,1.258184928717504,2.7800000000000002,2.528363014256499,60580.00000143307,4.753879032818176,4058000.0,
0.8222222222222222,0.8689622529271969,1.9199999999999997,1.7462075494145606,60590.000001433655,4.602248686101495,4059000.0,
0.8777777777777778,1.3305984497947703,2.9399999999999995,2.673880310041045,60600.00000143424,4.837388107463223,4060000.0,
0.7666666666666667,0.9866342246777549,2.1799999999999997,1.982673155064449,60610.00000143482,5.090389568537181,4061000.0,
0.8222222222222222,1.2099092479993263,2.6733333333333333,2.4313514837334678,60620.0000014354,5.018535572000125,4062000.0,
0.8222222222222222,1.0771511260243378,2.38,2.1645697747951322,60630.00000143598,4.857613531760306,4063000.0,
0.9222222222222223,1.1555991071913767,2.5533333333333337,2.322213511895058,60640.000001436565,4.416430357292752,4064000.0,
0.8222222222222222,1.13749572692206,2.513333333333333,2.2858341879489212,60650.00000143715,4.932086695014355,4065000.0,
0.8666666666666667,1.040944365485705,2.3,2.0918111269028583,60660.00000143773,4.568266575664009,4066000.0,
0.8111111111111111,1.043961595530591,2.3066666666666666,2.0978743475605484,60670.00000143831,4.88542936446349,4067000.0,
0.8333333333333334,0.9564619242288936,2.113333333333333,1.9220409484875547,60680.00000143889,4.650684975849125,4068000.0,
0.8555555555555555,1.3577535201987452,3.0,2.728449295960251,60690.000001439475,4.999449569168483,4069000.0,
0.8,1.0680994358896796,2.36,2.1463801128220643,60700.00000144006,4.985121517196663,4070000.0,
0.9222222222222223,1.258184928717504,2.78,2.5283630142564992,60710.00000144064,4.531041489068267,4071000.0,
0.8333333333333334,0.932324083869805,2.0600000000000005,1.873535183226039,60720.00000144122,4.623852900751674,4072000.0,
0.9222222222222223,1.1616335672811489,2.5666666666666664,2.3343399532104363,60730.000001441804,4.427311097149385,4073000.0,
0.8777777777777778,1.0439615955305905,2.3066666666666666,2.0978743475605484,60740.000001442386,4.517928400074063,4074000.0,
0.9222222222222223,1.2974089193010232,2.8666666666666667,2.607184882806462,60750.00000144297,4.575501237893882,4075000.0,
0.8555555555555555,1.1435301870118322,2.5266666666666664,2.2979606292643,60760.00000144355,4.752695023885291,4076000.0,
0.8111111111111111,1.010772065036844,2.233333333333333,2.0311789203259645,60770.00000144413,4.849990217279737,4077000.0,
0.8444444444444444,1.110340656518085,2.453333333333333,2.231265202029716,60780.000001444714,4.7769797249307215,4078000.0,
0.8555555555555555,1.1284440367874018,2.4933333333333336,2.267644525975853,60790.000001445296,4.73662030284384,4079000.0,
0.8333333333333334,1.356113515169422,2.233333333333333,1.9621106302994489,60800.00000144588,4.722257144819037,4080000.0,
0.8111111111111111,1.2306224137656843,2.0266666666666664,1.7805421839135296,60810.00000144646,5.123230373246928,4081000.0,
0.8222222222222222,1.1537085129053288,1.9,1.6692582974189343,60820.00000144704,4.960994137426974,4082000.0,
0.7333333333333333,0.9634478107770817,1.5866666666666664,1.3939771045112503,60830.000001447625,5.303486408758427,4083000.0,
0.7666666666666667,1.1537085129053288,1.9,1.6692582974189343,60840.00000144821,5.321645886515952,4084000.0,
0.8,1.2225262136751205,2.0133333333333336,1.7688280905983094,60850.00000144879,5.186488322762282,4085000.0,
0.8,1.121323712543074,1.8466666666666662,1.6224019241580518,60860.00000144937,5.0605407519028125,4086000.0,
0.8222222222222222,1.348017315078858,2.2199999999999998,1.9503965369842282,60870.00000144995,5.2000183562868285,4087000.0,
0.8222222222222222,1.3237287148071668,2.1799999999999997,1.9152542570385667,60880.000001450535,5.171018707307776,4088000.0,
0.7888888888888889,1.149660412860047,1.893333333333333,1.663401250761324,60890.00000145112,5.169425875570943,4089000.0,
0.8555555555555555,1.2872958143996303,2.1199999999999997,1.862540837120074,60900.0000014517,4.9280054974558665,4090000.0,
0.8444444444444444,1.2791996143090663,2.1066666666666665,1.8508267438048531,60910.00000145228,4.983786385473071,4091000.0,
0.8333333333333334,1.4249312159392133,2.3466666666666662,2.061680423478824,60920.00000145286,5.225648125902253,4092000.0,
0.8666666666666667,1.4492198162109045,2.3866666666666667,2.0968227034244857,60930.000001453445,5.053199788040045,4093000.0,
0.8,1.1860933132675837,1.9533333333333331,1.7161146706798165,60940.00000145403,5.145947197253153,4094000.0,
0.8111111111111111,1.036313611592155,1.7066666666666666,1.4994039443482359,60950.00000145461,4.891342808923845,4095000.0,
0.8,1.1091794124072285,1.8266666666666667,1.6048307841852212,60960.00000145519,5.050915932288883,4096000.0,
0.7888888888888889,1.1658528130411743,1.9199999999999997,1.686829437391765,60970.00000145577,5.194458495519115,4097000.0,
0.8555555555555555,1.2751515142637844,2.1,1.8449696971472431,60980.000001456356,4.917966705089537,4098000.0,
0.8888888888888888,1.2630072141279391,2.0799999999999996,1.8273985571744125,60990.00000145694,4.720380615995881,4099000.0,
0.8111111111111111,1.092987012226101,1.7999999999999996,1.5814025975547796,61000.00000145752,4.963953850801472,4100000.0,
0.8111111111111111,1.0767946120449738,1.773333333333333,1.5579744109243387,61010.0000014581,4.944538562906963,4101000.0,
0.8222222222222222,1.2508629139920935,2.0600000000000005,1.8098274172015811,61020.000001458684,5.089965706316912,4102000.0,
0.8444444444444444,1.315632514716603,2.1666666666666665,1.903540163723346,61030.000001459266,5.033246399113942,4103000.0,
0.8444444444444444,1.3682578153052671,2.253333333333333,1.9796817702722798,61040.00000145985,5.096092149811075,4104000.0,
0.8777777777777778,1.433027416029777,2.36,2.073394516794045,61050.00000146043,4.976864144947468,4105000.0,
0.8333333333333334,1.3399211149882941,2.2066666666666666,1.9386824436690078,61060.00000146101,5.131102671428251,4106000.0,
0.7444444444444445,1.2670553141732208,2.086666666666667,1.833255603832023,61070.000001461594,5.646489228115889,4107000.0,
0.8222222222222222,1.1941895133581475,1.966666666666667,1.7278287639950372,61080.00000146218,5.02428184068122,4108000.0,
0.8555555555555555,1.2387186138562478,2.04,1.7922562772287502,61090.00000146276,4.881097081236904,4109000.0,
0.8444444444444444,1.4046907157128041,2.3133333333333335,2.032395190190773,61100.00000146334,5.142394268714921,4110000.0,
0.8222222222222222,1.2306224137656838,2.026666666666667,1.78054218391353,61110.00000146392,5.070213746582373,4111000.0,
0.8777777777777778,1.4127869158033677,2.326666666666666,2.044109283505993,61120.000001464505,4.957349651018854,4112000.0,
0.8,1.121323712543074,1.8466666666666665,1.622401924158052,61130.00000146509,5.075540751903684,4113000.0,
0.8444444444444444,1.1618047129958926,1.913333333333333,1.680972390734155,61140.00000146567,4.856871370760807,4114000.0,
0.8555555555555555,1.267055314173221,2.086666666666667,1.8332556038320225,61150.00000146625,4.917334782906274,4115000.0,
0.8555555555555555,1.3237287148071666,2.1799999999999997,1.9152542570385667,61160.00000146683,4.984095900530399,4116000.0,
0.8666666666666667,1.4330274160297765,2.36,2.073394516794045,61170.000001467415,5.046823941677921,4117000.0,
0.7888888888888889,1.2387186138562478,2.0399999999999996,1.7922562772287502,61180.000001468,5.298654581060036,4118000.0,
0.8333333333333334,1.2468148139468114,2.0533333333333332,1.8039703705439711,61190.00000146858,5.0263084435122085,4119000.0,
0.9111111111111111,1.453267916256186,2.3933333333333335,2.102679750082096,61200.00000146916,4.824316005747093,4120000.0,
0.8222222222222222,1.0565541118185644,1.74,1.528689177636287,61210.00000146974,4.863914460430785,4121000.0,
0.7555555555555555,1.149660412860047,1.893333333333333,1.663401250761324,61220.000001470326,5.416900546553145,4122000.0,
0.8222222222222222,1.2549110140373754,2.0666666666666664,1.8156844638591916,61230.00000147091,5.106240422588861,4123000.0,
0.8555555555555555,1.2063338134939932,1.9866666666666661,1.745399903967868,61240.00000147149,4.851036924969788,4124000.0,
0.8111111111111111,1.2872958143996303,2.1199999999999997,1.862540837120074,61250.00000147207,5.217211278139497,4125000.0,
0.8444444444444444,1.1982376134034294,1.9733333333333336,1.7336858106526474,61260.000001472654,4.906331384401678,4126000.0,
0.8444444444444444,1.2953920144901938,2.1333333333333333,1.8742549304352947,61270.000001473236,5.021908964636035,4127000.0,
0.8888888888888888,1.2832477143543481,2.113333333333333,1.8566837904624638,61280.00000147382,4.757651178751436,4128000.0,
0.7222222222222222,1.117275612497792,1.8399999999999996,1.6165448775004414,61290.0000014744,5.626378540508111,4129000.0,
0.8222222222222222,1.1334680126789196,1.8666666666666663,1.6399730641308827,61300.00000147498,4.9623232587747435,4130000.0,
0.8555555555555555,1.2913439144449121,2.126666666666667,1.8683978837776845,61310.000001475564,4.9540357442632805,4131000.0,
0.8444444444444444,1.0889389121808193,1.793333333333333,1.5755455508971692,61320.000001476146,4.7800566066382455,4132000.0,
0.8111111111111111,1.1779971131770202,1.94,1.7044005773645958,61330.00000147673,5.086843016358453,4133000.0,
0.8333333333333334,1.2265743137204022,2.02,1.7746851372559194,61340.00000147731,5.010019843240983,4134000.0,
0.7777777777777778,1.1699009130864564,1.9266666666666663,1.6926864840493752,61350.00000147789,5.295584031228871,4135000.0,
0.7666666666666667,1.1860933132675837,1.953333333333333,1.7161146706798165,61360.000001478475,5.394031858004706,4136000.0,
0.8888888888888888,1.3399211149882941,2.2066666666666666,1.9386824436690078,61370.00000147906,4.825908754464888,4137000.0,
0.8666666666666667,1.4451717161656223,2.38,2.0909656567668757,61380.00000147964,5.071605826450678,4138000.0,
0.9222222222222223,1.2791996143090663,2.1066666666666665,1.8508267438048533,61390.00000148022,4.586599581880303,4139000.0,
0.8444444444444444,1.0228409852163882,2.2600000000000002,2.0554318029567225,61400.0000014808,5.119833320918434,4140000.0,
0.8777777777777778,1.200857557864668,2.6533333333333333,2.4131618217603994,61410.000001481385,4.730594686279417,4141000.0,
0.7888888888888889,0.9293068538249188,2.0533333333333332,1.8674719625683491,61420.00000148197,4.919963617640829,4142000.0,
0.7777777777777778,1.010772065036844,2.2333333333333334,2.031178920325964,61430.00000148255,5.095561226593921,4143000.0,
0.8222222222222222,1.049996055620363,2.32,2.1100007888759276,61440.00000148313,4.868370878568831,4144000.0,
0.8333333333333334,1.077151126024338,2.38,2.1645697747951322,61450.00000148371,4.8365786846727135,4145000.0,
0.8444444444444444,1.1103406565180851,2.453333333333333,2.231265202029716,61460.000001484295,4.812769198617015,4146000.0,
0.8333333333333334,1.0017203749021855,2.2133333333333334,2.0129892583528957,61470.00000148488,4.74712844999286,4147000.0,
0.7666666666666667,0.8749967130169694,1.9333333333333336,1.7583339907299396,61480.00000148546,4.99521020550431,4148000.0,
0.8444444444444444,1.0499960556203631,2.3200000000000003,2.110000788875927,61490.00000148604,4.742887434396121,4149000.0,
0.8666666666666667,1.016806525126616,2.246666666666666,2.0433053616413432,61500.000001486624,4.5834921444829515,4150000.0,
0.8444444444444444,1.0982717363385406,2.4266666666666667,2.2070123193989586,61510.000001487206,4.801108635246655,4151000.0,
0.8555555555555555,0.9745653044982105,2.1533333333333333,1.958420272433691,61520.00000148779,4.594684122248291,4152000.0,
0.9222222222222223,1.2159437080890985,2.686666666666667,2.4434779250488465,61530.00000148837,4.5247558281482,4153000.0,
0.8222222222222222,0.9956859148124132,2.2,2.0008628170375173,61540.00000148895,4.807723410018937,4154000.0,
0.9222222222222223,1.0831855861141102,2.3933333333333326,2.176696216110511,61550.000001489534,4.381765093476583,4155000.0,
0.8555555555555555,1.1073234264731988,2.4466666666666663,2.2252019813720265,61560.000001490116,4.7519338752061895,4156000.0,
0.9,1.1646507973260347,2.5733333333333337,2.3404031738681264,61570.0000014907,4.581461379847336,4157000.0,
0.8,0.9866342246777549,2.1799999999999997,1.982673155064449,61580.00000149128,4.932178892073491,4158000.0,
0.7666666666666667,0.989651454722641,2.1866666666666665,1.9887363757221383,61590.00000149186,5.151136680193238,4159000.0,
0.8111111111111111,0.9866342246777547,2.1799999999999997,1.982673155064449,61600.000001492444,4.865710688072548,4160000.0,
0.8555555555555555,0.935341313914691,2.066666666666667,1.8795984038837281,61610.00000149303,4.55351322416393,4161000.0,
0.7888888888888889,0.9021517834209439,1.9933333333333332,1.8129029766491445,61620.00000149361,4.896809303044897,4162000.0,
0.8111111111111111,0.8870656331965135,1.9599999999999997,1.782586873360697,61630.00000149419,4.744598725972484,4163000.0,
0.8222222222222222,1.0650822058447937,2.353333333333333,2.1403168921643743,61640.00000149477,4.897529709923497,4164000.0,
0.8,1.025858215261274,2.266666666666666,2.0614950236144116,61650.000001495355,4.985097769192006,4165000.0,
0.9111111111111111,1.2129264780442124,2.6799999999999997,2.4374147043911574,61660.00000149594,4.582965646735259,4166000.0,
0.8111111111111111,1.010772065036844,2.233333333333333,2.0311789203259645,61670.00000149652,4.899305285775758,4167000.0,
0.8222222222222222,0.9504274641391217,2.1,1.9099145071721757,61680.0000014971,4.760246915957266,4168000.0,
0.7777777777777778,1.0288754453061604,2.2733333333333334,2.067558244272101,61690.00000149768,5.133694144083907,4169000.0,
0.9,1.1314612668322879,2.5,2.273707746633542,61700.000001498265,4.5510038768299665,4170000.0,
0.8444444444444444,1.0680994358896796,2.36,2.146380112822064,61710.00000149885,4.775904595242037,4171000.0,
0.9,1.2370643184033014,2.733333333333333,2.485920469652673,61720.00000149943,4.6693282551188044,4172000.0,
0.8444444444444444,0.9504274641391217,2.0999999999999996,1.9099145071721757,61730.00000150001,4.637608839221701,4173000.0,
0.8333333333333334,1.1133578865629712,2.46,2.2373284226874053,61740.00000150059,4.89549346398664,4174000.0,
0.8,1.1616335672811489,2.566666666666667,2.3343399532104363,61750.000001501176,5.160372514772728,4175000.0,
0.7888888888888889,0.9624963843186661,2.1266666666666665,1.9341673898029335,61760.00000150176,4.981189783056554,4176000.0,
0.8,1.022840985216388,2.2600000000000002,2.0554318029567225,61770.00000150234,4.987992898302952,4177000.0,
0.8777777777777778,1.0741338959794517,2.373333333333333,2.158506554137442,61780.00000150292,4.6049601347657045,4178000.0,
0.8333333333333334,1.0137892950817298,2.2399999999999998,2.0372421409836536,61790.000001503504,4.778677820875974,4179000.0,
0.9,1.0650822058447935,2.3533333333333335,2.1403168921643743,61800.000001504086,4.482187636226866,4180000.0,
0.8666666666666667,0.90516901346583,2.0,1.8189661973068338,61810.00000150467,4.47057706692656,4181000.0,
0.8222222222222222,1.0047376049470713,2.2199999999999993,2.0190524790105857,61820.00000150525,4.833867357480888,4182000.0,
0.8444444444444444,1.0590477457550211,2.34,2.1281904508489955,61830.00000150583,4.771501277977678,4183000.0,
0.7666666666666667,0.8206865722090193,1.8133333333333332,1.6491960188915293,61840.000001506414,4.945240456625589,4184000.0,
0.8777777777777778,1.1586163372362628,2.56,2.3282767325527476,61850.000001506996,4.704750257716708,4185000.0,
0.8111111111111111,0.9685308444084383,2.1399999999999997,1.9462938311183122,61860.00000150758,4.85763802746737,4186000.0,
0.8444444444444444,1.0349099053959325,2.2866666666666666,2.07968468558748,61870.00000150816,4.745022256499932,4187000.0,
0.8333333333333334,0.9956859148124132,2.2,2.0008628170375173,61880.00000150874,4.761753764553073,4188000.0,
0.8777777777777778,1.2400815484481873,2.7399999999999998,2.4919836903103625,61890.000001509325,4.799584042641803,4189000.0,
0.8222222222222222,1.077151126024338,2.38,2.1645697747951322,61900.00000150991,4.926262180412951,4190000.0,
0.8111111111111111,1.025858215261274,2.266666666666666,2.061495023614412,61910.00000151049,4.931055333998424,4191000.0,
0.8888888888888888,1.2099092479993265,2.6733333333333333,2.4313514837334678,61920.00000151107,4.7071454041039,4192000.0,
0.8222222222222222,1.107323426473199,2.4466666666666663,2.2252019813720265,61930.00000151165,4.96457984312112,4193000.0,
0.8333333333333334,0.9745653044982103,2.1533333333333333,1.958420272433691,61940.000001512235,4.739609032176215,4194000.0,
0.8444444444444444,1.0469788255754768,2.313333333333333,2.103937568218238,61950.00000151282,4.763524925133848,4195000.0,
0.8777777777777778,1.231029858313529,2.7199999999999998,2.473794028337294,61960.0000015134,4.792816294387335,4196000.0,
0.8333333333333334,0.962496384318666,2.1266666666666665,1.9341673898029332,61970.00000151398,4.726726327960855,4197000.0,
0.8777777777777778,1.1163751166078575,2.4666666666666663,2.243391643345095,61980.00000151456,4.663209626621439,4198000.0,
0.8888888888888888,1.170685257415807,2.586666666666666,2.352529615183505,61990.000001515145,4.666518414697643,4199000.0,
0.9111111111111111,1.376354015395831,2.2666666666666666,1.9913958635875004,62000.00000151573,4.394232187584218,4200000.0,
0.7888888888888889,1.0970351122713828,1.8066666666666669,1.5872596442123903,62010.00000151631,5.165816339617154,4201000.0,
0.8,1.50589321684485,2.48,2.1788213566310297,62020.00000151689,5.6056970767282275,4202000.0,
0.8666666666666667,1.3358730149430125,2.1999999999999997,1.9328253970113976,62030.000001517474,4.978825273759863,4203000.0,
0.7666666666666667,1.315632514716603,2.1666666666666665,1.903540163723346,62040.000001518056,5.6024163236651425,4204000.0,
0.8,1.0646503119091282,1.7533333333333334,1.5404032709515074,62050.00000151864,5.0558101122253385,4205000.0,
0.8888888888888888,1.3723059153505492,2.26,1.98553881692989,62060.00000151922,4.896841654874433,4206000.0,
0.8444444444444444,1.0565541118185644,1.74,1.528689177636287,62070.0000015198,4.781179869369451,4207000.0,
0.8777777777777778,1.3237287148071666,2.1799999999999997,1.9152542570385669,62080.000001520384,4.90449853596272,4208000.0,
0.8222222222222222,1.1860933132675837,1.9533333333333334,1.7161146706798165,62090.000001520966,5.069029705439117,4209000.0,
0.8111111111111111,1.2387186138562478,2.0399999999999996,1.7922562772287502,62100.00000152155,5.203896921307901,4210000.0,
0.8333333333333334,1.3277768148524487,2.1866666666666665,1.9211113036961769,62110.00000152213,5.172529511268497,4211000.0,
0.8666666666666667,1.323728714807167,2.1799999999999997,1.9152542570385667,62120.00000152271,4.969428004372618,4212000.0,
0.8333333333333334,1.0565541118185644,1.7400000000000002,1.5286891776362874,62130.000001523294,4.8481289342945635,4213000.0,
0.8555555555555555,1.2994401145354757,2.14,1.8801119770929051,62140.00000152388,5.006615718397618,4214000.0,
0.7888888888888889,1.1010832123166645,1.8133333333333332,1.5931166908700005,62150.00000152446,5.178835057984871,4215000.0,
0.8111111111111111,1.3520654151241396,2.2266666666666666,1.9562535836418389,62160.00000152504,5.346927224241109,4216000.0,
0.8333333333333334,1.4492198162109038,2.3866666666666663,2.0968227034244857,62170.00000152562,5.321461112898828,4217000.0,
0.8,1.1699009130864562,1.9266666666666667,1.6926864840493756,62180.000001526205,5.194595585919641,4218000.0,
0.8555555555555555,1.2751515142637848,2.0999999999999996,1.844969697147243,62190.00000152679,4.980823847950339,4219000.0,
0.8666666666666667,1.343969215033576,2.2133333333333334,1.9445394903266182,62200.00000152737,4.996884991813585,4220000.0,
0.8555555555555555,1.0889389121808193,1.793333333333333,1.5755455508971696,62210.00000152795,4.764211715645635,4221000.0,
0.7888888888888889,1.327776814852449,2.1866666666666665,1.9211113036961769,62220.00000152853,5.47013680767835,4222000.0,
0.8555555555555555,1.2994401145354755,2.14,1.8801119770929051,62230.000001529115,5.011291043073215,4223000.0,
0.7555555555555555,1.1901414133128656,1.96,1.7219717173374272,62240.0000015297,5.530478341273602,4224000.0,
0.8777777777777778,1.4127869158033677,2.326666666666666,2.044109283505993,62250.00000153028,5.014564840895601,4225000.0,
0.8666666666666667,1.4532679162561863,2.3933333333333326,2.102679750082096,62260.00000153086,5.126075800916776,4226000.0,
0.8222222222222222,1.1537085129053288,1.9,1.669258297418934,62270.00000153144,5.039372515809915,4227000.0,
0.8888888888888888,1.4977970167542867,2.466666666666667,2.1671072633158093,62280.000001532026,5.049019143954277,4228000.0,
0.8222222222222222,1.2953920144901936,2.133333333333333,1.8742549304352945,62290.00000153261,5.212771369088867,4229000.0,
0.8111111111111111,1.2387186138562478,2.0399999999999996,1.7922562772287502,62300.00000153319,5.2148558254181285,4230000.0,
0.8444444444444444,1.2427667139015295,2.0466666666666664,1.798113323886361,62310.00000153377,5.014326371836856,4231000.0,
0.8777777777777778,1.3763540153958311,2.2666666666666666,1.9913958635875006,62320.000001534354,4.976603308785956,4232000.0,
0.8666666666666667,1.3601616152147034,2.2399999999999998,1.967967676957059,62330.000001534936,5.022235197151171,4233000.0,
0.8444444444444444,1.299440114535476,2.1399999999999997,1.8801119770929051,62340.00000153552,5.0830185567982,4234000.0,
0.7555555555555555,1.1294199126336375,1.86,1.634116017473272,62350.0000015361,5.456582237433825,4235000.0,
0.7555555555555555,1.2630072141279387,2.0799999999999996,1.8273985571744122,62360.00000153668,5.633977195293964,4236000.0,
0.8666666666666667,1.3075363146260393,2.1533333333333333,1.8918260704081256,62370.000001537264,4.963564978523345,4237000.0,
0.8444444444444444,1.4573160163014678,2.4,2.108536796739706,62380.00000153785,5.272082124679103,4238000.0,
0.8444444444444444,1.2711034142185027,2.0933333333333333,1.839112650489633,62390.00000153843,5.052093516949306,4239000.0,
0.9,1.433027416029777,2.36,2.0733945167940444,62400.00000153901,4.9206452771748665,4240000.0,
0.8777777777777778,1.3844502154863947,2.2800000000000002,2.0031099569027213,62410.00000153959,4.990383789902054,4241000.0,
0.8,1.2630072141279391,2.08,1.8273985571744118,62420.000001540175,5.324311795555605,4242000.0,
0.8222222222222222,1.2791996143090665,2.1066666666666665,1.8508267438048533,62430.00000154076,5.200645476977125,4243000.0,
0.8333333333333334,1.2063338134939932,1.9866666666666666,1.745399903967868,62440.00000154134,5.044397909639374,4244000.0,
0.7888888888888889,1.1334680126789194,1.8666666666666667,1.6399730641308827,62450.00000154192,5.236787621825334,4245000.0,
0.8444444444444444,1.2832477143543481,2.1133333333333337,1.8566837904624633,62460.0000015425,5.070159135531443,4246000.0,
0.8444444444444444,1.2549110140373751,2.066666666666667,1.8156844638591911,62470.000001543085,5.037128832524533,4247000.0,
0.8444444444444444,1.295392014490194,2.1333333333333333,1.8742549304352947,62480.00000154367,5.085593175166059,4248000.0,
0.9,1.5342299171618234,2.5266666666666664,2.219820683234302,62490.00000154425,5.037536945099623,4249000.0,
0.8111111111111111,1.2468148139468116,2.0533333333333332,1.803970370543971,62500.00000154483,5.235796346078366,4250000.0,
0.8555555555555555,1.3682578153052671,2.253333333333333,1.9796817702722798,62510.00000154541,5.106272771246545,4251000.0,
0.8333333333333334,1.2265743137204024,2.02,1.7746851372559194,62520.000001545995,5.07295317657798,4252000.0,
0.8222222222222222,1.2427667139015295,2.0466666666666664,1.7981133238863607,62530.00000154658,5.161740598103409,4253000.0,
0.8222222222222222,1.1779971131770197,1.94,1.7044005773645958,62540.00000154716,5.083507299924983,4254000.0,
0.7888888888888889,1.1537085129053288,1.9,1.6692582974189343,62550.00000154774,5.268078396760548,4255000.0,
0.8888888888888888,1.2589591140826573,2.0733333333333337,1.8215415105168018,62560.000001548324,4.7943265034495095,4256000.0,
0.8222222222222222,1.2225262136751205,2.0133333333333328,1.7688280905983094,62570.000001548906,5.1392859356660106,4257000.0,
0.8777777777777778,1.4168350158486496,2.3333333333333335,2.0499663301636035,62580.00000154949,5.0358854612013255,4258000.0,
0.8222222222222222,1.121323712543074,1.846666666666667,1.622401924158052,62590.00000155007,5.017282893748719,4259000.0,
0.8555555555555555,0.956461924228894,2.1133333333333333,1.9220409484875547,62600.00000155065,5.011585640265224,4260000.0,
0.8,0.9474102340942356,2.0933333333333333,1.903851286514486,62610.000001551234,4.940371126069646,4261000.0,
0.7888888888888889,1.0982717363385404,2.4266666666666663,2.2070123193989586,62620.000001551816,5.201750088436679,4262000.0,
0.8444444444444444,1.1555991071913767,2.5533333333333337,2.3222135118950575,62630.0000015524,4.927943679681077,4263000.0,
0.8111111111111111,1.1948230977748957,2.64,2.4010353804450206,62640.00000155298,5.179368202853162,4264000.0,
0.7888888888888889,0.9051690134658301,2.0,1.8189661973068338,62650.00000155356,4.958662129865736,4265000.0,
0.8666666666666667,1.1224095766976294,2.48,2.255518084660474,62660.000001554145,4.764828998863225,4266000.0,
0.8571428571428571,1.1757250262819907,2.597802197802198,2.3626571925457993,62670.00000155473,4.841933043592415,4267000.0,
0.8681318681318682,1.0682983741343972,2.3604395604395605,2.146779885612681,62680.00000155531,4.657404456389616,4268000.0,
0.7692307692307693,0.8474769224976784,1.8725274725274723,1.7030320880279366,62690.00000155589,4.969717142226294,4269000.0,
0.8901098901098901,1.0056328270483015,2.2219780219780216,2.0208514565683617,62700.00000155647,4.472992435431476,4270000.0,
0.8571428571428571,1.148868363245092,2.5384615384615383,2.3086878658125194,62710.000001557055,4.812651552100768,4271000.0,
0.8571428571428571,1.1548365105866252,2.551648351648351,2.3206810495310264,62720.00000155764,4.8201272111787405,4272000.0,
0.7802197802197802,1.0682983741343974,2.36043956043956,2.146779885612681,62730.00000155822,5.184999324715371,4273000.0,
0.8571428571428571,1.2831516784295836,2.8351648351648344,2.5785344994789186,62740.0000015588,4.97085388135456,4274000.0,
0.9010989010989011,1.127979847549727,2.4923076923076923,2.266711722797747,62750.00000155938,4.556658123604768,4275000.0,
0.8901098901098901,1.1309639212204934,2.4989010989010985,2.2727083146569997,62760.000001559965,4.616759467155965,4276000.0,
0.8461538461538461,0.996680606036002,2.202197802197802,2.002861680990602,62770.00000156055,4.6984121449071,4277000.0,
0.7802197802197802,1.0056328270483013,2.2219780219780216,2.0208514565683617,62780.00000156113,5.107498412253073,4278000.0,
0.7912087912087912,0.9429672799622054,2.0835164835164837,1.8949230275240423,62790.00000156171,4.957914201182443,4279000.0,
0.8791208791208791,0.9966806060360023,2.2021978021978015,2.002861680990601,62800.00000156229,4.523721689473171,4280000.0,
0.8461538461538461,1.0384576374267327,2.2945054945054943,2.0868139670201478,62810.000001562876,4.7498629222650965,4281000.0,
0.8461538461538461,1.0474098584390321,2.3142857142857145,2.104803742597908,62820.00000156346,4.760962300344598,4282000.0,
0.8241758241758241,1.1070913318543614,2.446153846153846,2.2247355797829735,62830.00000156404,4.960868149431084,4283000.0,
0.8241758241758241,1.0175691217313674,2.248351648351648,2.0448378240053744,62840.00000156462,4.85278120114855,4284000.0,
0.8461538461538461,1.0116009743898344,2.235164835164835,2.032844640286868,62850.000001565204,4.7202011516631694,4285000.0,
0.8351648351648352,1.0414417110974992,2.301098901098901,2.092810558879401,62860.000001565786,4.818565733137682,4286000.0,
0.8351648351648352,0.990712458694469,2.189010989010989,1.9908684972720951,62870.00000156637,4.75835044407619,4287000.0,
0.7252747252747253,0.8146521121192474,1.8,1.6370695775761506,62880.00000156695,5.23716882138557,4288000.0,
0.8131868131868132,0.9966806060360021,2.2021978021978024,2.0028616809906015,62890.00000156753,4.895374799430738,4289000.0,
0.7692307692307693,0.9220787642668401,2.0373626373626372,1.8529468845092691,62900.000001568114,5.078699536526903,4290000.0,
0.8021978021978022,1.0265213427436668,2.268131868131868,2.062827599583135,62910.0000015687,5.000729345181874,4291000.0,
0.8791208791208791,1.1488683632450922,2.5384615384615388,2.3086878658125194,62920.00000156928,4.70283526329886,4292000.0,
0.9010989010989011,1.22645427868502,2.709890109890109,2.4645992541531054,62930.00000156986,4.674721211816397,4293000.0,
0.8571428571428571,1.0116009743898342,2.2351648351648348,2.032844640286868,62940.00000157044,4.664301136898525,4294000.0,
0.8351648351648352,1.0951550371712957,2.4197802197802196,2.20074921234596,62950.000001571025,4.887617215673688,4295000.0,
0.8131868131868132,0.9220787642668401,2.0373626373626372,1.8529468845092691,62960.00000157161,4.80741848049861,4296000.0,
0.7912087912087912,1.1309639212204934,2.498901098901099,2.272708314657,62970.00000157219,5.205521067217806,4297000.0,
0.8681318681318682,0.9966806060360018,2.202197802197802,2.002861680990602,62980.00000157277,4.590097913391084,4298000.0,
0.8571428571428571,0.9847443113529362,2.1758241758241756,1.9788753135535881,62990.00000157335,4.635532465919729,4299000.0,
0.8351648351648352,1.0324894900851997,2.281318681318681,2.074820783301641,63000.000001573935,4.815215047452332,4300000.0,
0.8351648351648352,1.1637887315989246,2.571428571428571,2.338670825108786,63010.00000157452,4.972954928738534,4301000.0,
0.8901098901098901,1.1966135419773556,2.643956043956044,2.4046333355605727,63020.0000015751,4.703353485537877,4302000.0,
0.8791208791208791,1.1041072581835951,2.4395604395604393,2.21873898792372,63030.00000157568,4.657419506291728,4303000.0,
0.8461538461538461,1.0563620794513313,2.3340659340659338,2.1227935181756674,63040.00000157626,4.782970769333826,4304000.0,
0.8901098901098901,1.1936294683065891,2.6373626373626373,2.3986367437013194,63050.000001576846,4.701482489191794,4305000.0,
0.8021978021978022,1.0324894900851997,2.2813186813186808,2.074820783301641,63060.00000157743,5.016388268580702,4306000.0,
0.8571428571428571,1.1697568789404573,2.5846153846153843,2.3506640088272928,63070.00000157801,4.855483025541307,4307000.0,
0.8131868131868132,1.110075405525128,2.4527472527472525,2.230732171642227,63080.00000157859,5.045090025830126,4308000.0,
0.8791208791208791,0.996680606036002,2.202197802197802,2.0028616809906015,63090.000001579174,4.538221689474015,4309000.0,
0.8351648351648352,1.0563620794513315,2.3340659340659338,2.1227935181756674,63100.000001579756,4.849062489983138,4310000.0,
0.8791208791208791,1.0265213427436668,2.268131868131868,2.062827599583135,63110.00000158034,4.573165527479041,4311000.0,
0.8241758241758241,1.0623302267928643,2.3472527472527474,2.1347867018941744,63120.00000158092,4.922024675290702,4312000.0,
0.8351648351648352,1.053378005780565,2.3274725274725268,2.1167969263164146,63130.0000015815,4.847068401772181,4313000.0,
0.9010989010989011,1.059346153122098,2.340659340659341,2.128790110034921,63140.000001582084,4.49951585296058,4314000.0,
0.8791208791208791,1.2264542786850205,2.70989010989011,2.4645992541531054,63150.000001582666,4.8025892421124485,4315000.0,
0.8461538461538461,1.0474098584390321,2.314285714285714,2.1048037425979076,63160.00000158325,4.778624638007964,4316000.0,
0.7692307692307693,0.8982061749007084,1.9846153846153844,1.8049741496352434,63170.00000158383,5.063093741780402,4317000.0,
0.8021978021978022,1.1936294683065891,2.6373626373626373,2.3986367437013194,63180.00000158441,5.22383673458309,4318000.0,
0.8461538461538461,1.1011231845128286,2.432967032967033,2.212742396064467,63190.000001584995,4.843662464926437,4319000.0,
0.8461538461538461,1.4292907082956707,2.353846153846154,2.0679880121870196,63200.00000158558,4.801862355205987,4320000.0,
0.8571428571428571,1.5013557860248639,2.4725274725274726,2.1722563153225,63210.00000158616,5.249527904319686,4321000.0,
0.8021978021978022,1.1970810133904917,1.971428571428571,1.7320123687504732,63220.00000158674,5.230331126400137,4322000.0,
0.8131868131868132,1.381247323142875,2.2747252747252746,1.9984758100966997,63230.00000158732,5.386666302901071,4323000.0,
0.8571428571428571,1.237117167684488,2.0373626373626372,1.78993920382574,63240.000001587905,4.942787977794465,4324000.0,
0.8681318681318682,1.3652328614252762,2.2483516483516484,1.975305076066593,63250.00000158849,5.028303675928891,4325000.0,
0.7582417582417582,1.1130050893730994,1.8329670329670331,1.610366015092413,63260.00000158907,5.424974828139661,4326000.0,
0.8131868131868132,1.2211027059668895,2.010989010989011,1.7667684697956332,63270.00000158965,5.191893868265863,4327000.0,
0.8461538461538461,1.169055705384694,1.925274725274725,1.6914635841977863,63280.00000159023,4.928621677905148,4328000.0,
0.8681318681318682,1.313185860843081,2.162637362637363,1.9000001904687467,63290.000001590815,4.970376118296355,4329000.0,
0.8461538461538461,1.2651424756902854,2.0835164835164837,1.8304879883784264,63300.0000015914,5.043217731123505,4330000.0,
0.8021978021978022,1.149037628237696,1.8923076923076925,1.6625001666601529,63310.00000159198,5.175372933949679,4331000.0,
0.8681318681318682,1.3171894762724807,2.169230769230769,1.9057928739762733,63320.00000159256,4.976506865183472,4332000.0,
0.7802197802197802,1.1530412436670956,1.898901098901099,1.66829285016768,63330.000001593144,5.327416242005727,4333000.0,
0.8131868131868132,1.1250159356612983,1.8527472527472526,1.627744065614993,63340.000001593726,5.077516893971369,4334000.0,
0.8681318681318682,1.1810665516728933,1.9450549450549448,1.7088416347203668,63350.00000159431,4.821226027986568,4335000.0,
0.8131868131868132,1.1049978585142999,1.8197802197802193,1.5987806480773596,63360.00000159489,5.053981150452827,4336000.0,
0.8681318681318682,1.0009038573499094,1.6483516483516483,1.4481708768816666,63370.00000159547,4.6147095066778725,4337000.0,
0.7912087912087912,1.1290195510906977,1.8593406593406592,1.63353674912252,63380.000001596054,5.225841377193971,4338000.0,
0.7582417582417582,1.0049074727793088,1.6549450549450548,1.4539635603891932,63390.000001596636,5.289947536690318,4339000.0,
0.7912087912087912,1.401265400289873,2.307692307692307,2.027439227634333,63400.00000159722,5.5710409921541055,4340000.0,
0.8681318681318682,1.2931677836960829,2.129670329670329,1.8710367729311133,63410.0000015978,4.953393269937506,4341000.0,
0.8351648351648352,1.4693268625896665,2.41978021978022,2.125914847262286,63420.00000159838,5.3603755855839665,4342000.0,
0.8461538461538461,1.2130954751080902,1.9978021978021974,1.7551831027805795,63430.000001598964,4.988460886280006,4343000.0,
0.7912087912087912,1.0249255499263072,1.687912087912088,1.4829269779268266,63440.00000159955,5.09761145905584,4344000.0,
0.8131868131868132,1.21309547510809,1.9978021978021976,1.7551831027805795,63450.00000160013,5.191776868156284,4345000.0,
0.8461538461538461,1.2411207831138877,2.043956043956044,1.7957318873332666,63460.00000160071,5.023140146390843,4346000.0,
0.8901098901098901,1.5654136328952581,2.5780219780219777,2.264939251442926,63470.00000160129,5.13990667410126,4347000.0,
0.8241758241758241,1.3051786299842818,2.149450549450549,1.888414823453693,63480.000001601875,5.2358807378307395,4348000.0,
0.8131868131868132,1.2090918596786906,1.991208791208791,1.7493904192730536,63490.00000160246,5.189015665398634,4349000.0,
0.8351648351648352,1.3692364768546759,2.254945054945055,1.98109775957412,63500.00000160304,5.244741044769947,4350000.0,
0.8241758241758241,1.3732400922840757,2.2615384615384615,1.9868904430816463,63510.00000160362,5.320061978754582,4351000.0,
0.9120879120879121,1.389254554001674,2.2879120879120878,2.010061177111753,63520.0000016042,4.825324872565029,4352000.0,
0.8901098901098901,1.32519670713128,2.182417582417582,1.9173782409913267,63530.000001604785,4.87299630071227,4353000.0,
0.8241758241758241,1.401265400289873,2.3076923076923075,2.027439227634333,63540.00000160537,5.355666019135043,4354000.0,
0.8021978021978022,1.2050882442492907,1.9846153846153844,1.7435977357655266,63550.00000160595,5.258394934732022,4355000.0,
0.8351648351648352,1.1450340128082963,1.885714285714286,1.656707483152627,63560.00000160653,4.97944598913565,4356000.0,
0.8241758241758241,1.2531316294020867,2.063736263736264,1.8131099378558464,63570.00000160711,5.177530377124622,4357000.0,
0.8571428571428571,1.1530412436670958,1.898901098901099,1.66829285016768,63580.000001607696,4.862135297211087,4358000.0,
0.8461538461538461,1.3051786299842818,2.1494505494505494,1.888414823453693,63590.00000160828,5.10559812126404,4359000.0,
0.8241758241758241,1.181066551672893,1.945054945054945,1.7088416347203668,63600.00000160886,5.0916914161466265,4360000.0,
0.8241758241758241,1.3211930917018802,2.1758241758241756,1.9115855574837997,63610.00000160944,5.262244951381829,4361000.0,
0.8571428571428571,1.129019551090698,1.8593406593406596,1.6335367491225194,63620.000001610024,4.8361612712566915,4362000.0,
0.8461538461538461,1.3091822454136814,2.156043956043956,1.8942075069612196,63630.000001610606,5.112407588849555,4363000.0,
0.8021978021978022,1.2971713991254827,2.1362637362637362,1.8768294564386396,63640.00000161119,5.378115031906739,4364000.0,
0.8241758241758241,1.2651424756902856,2.0835164835164837,1.8304879883784264,63650.00000161177,5.196370203954551,4365000.0,
0.8131868131868132,1.0769725505085024,1.7736263736263733,1.5582318635246732,63660.00000161235,5.035733812230425,4366000.0,
0.8571428571428571,1.1970810133904917,1.971428571428571,1.7320123687504732,63670.000001612934,4.918130413170703,4367000.0,
0.8461538461538461,1.2971713991254825,2.1362637362637362,1.8768294564386399,63680.000001613516,5.1008103549246915,4368000.0,
0.8571428571428571,1.117008704802499,1.8395604395604397,1.6161586985999397,63690.0000016141,4.8257383608437445,4369000.0,
0.8131868131868132,1.2170990905374899,2.004395604395604,1.7609757862881064,63700.00000161468,5.210213746590521,4370000.0,
0.8351648351648352,1.3572256305664772,2.235164835164835,1.96371970905154,63710.00000161526,5.2414122682939315,4371000.0,
0.7582417582417582,0.9969002419205096,1.6417582417582415,1.4423781933741397,63720.000001615845,5.298517710486349,4372000.0,
0.8901098901098901,1.2851605528372838,2.116483516483516,1.8594514059160598,63730.00000161643,4.837893954530702,4373000.0,
0.7802197802197802,1.0009038573499094,1.648351648351648,1.4481708768816661,63740.00000161701,5.155521845459692,4374000.0,
0.7472527472527473,0.9848893956323109,1.621978021978022,1.4250001428515597,63750.00000161759,5.362128456049103,4375000.0,
0.8351648351648352,1.4132762465780717,2.3274725274725276,2.0448172781569127,63760.00000161817,5.311157084834283,4376000.0,
0.9010989010989011,1.281156937407884,2.10989010989011,1.8536587224085332,63770.000001618755,4.776403430645375,4377000.0,
0.8571428571428571,1.137026781949497,1.8725274725274723,1.645122116137573,63780.00000161934,4.853708168797562,4378000.0,
0.8241758241758241,1.293167783696083,2.1296703296703297,1.8710367729311133,63790.00000161992,5.237840911002021,4379000.0,
0.8131868131868132,0.8295724804730796,1.8329670329670327,1.6670525368724167,63800.0000016205,5.087611664077869,4380000.0,
0.8351648351648352,1.0175691217313674,2.2483516483516484,2.0448378240053744,63810.00000162108,4.83998144850483,4381000.0,
0.8571428571428571,1.1966135419773558,2.643956043956044,2.404633335560573,63820.000001621665,4.925277337548133,4382000.0,
0.8351648351648352,1.0324894900851997,2.2813186813186808,2.0748207833016408,63830.00000162225,4.85889925798119,4383000.0,
0.8241758241758241,1.0682983741343974,2.36043956043956,2.146779885612681,63840.00000162283,4.967666027400663,4384000.0,
0.8131868131868132,1.0742665214759302,2.3736263736263736,2.1587730693311875,63850.00000162341,5.0426763981504275,4385000.0,
0.8681318681318682,0.9549035746452715,2.10989010989011,1.9189093949610552,63860.000001623994,4.586531965842329,4386000.0,
0.7912087912087912,1.0116009743898347,2.235164835164835,2.0328446402868683,63870.000001624576,5.10465956497641,4387000.0,
0.8791208791208791,1.1011231845128284,2.432967032967033,2.212742396064467,63880.00000162516,4.696525122493704,4388000.0,
0.8351648351648352,0.9310309852791396,2.057142857142857,1.870936660087029,63890.00000162574,4.740573943016223,4389000.0,
0.8901098901098901,1.2145179840019547,2.683516483516483,2.4406128867160923,63900.00000162632,4.766925142629771,4390000.0,
0.8351648351648352,1.1578205842573914,2.5582417582417585,2.3266776413902797,63910.000001626904,5.0131772786349815,4391000.0,
0.8241758241758241,1.053378005780565,2.327472527472527,2.1167969263164146,63920.000001627486,4.953829313798263,4392000.0,
0.9010989010989011,1.1130594791958945,2.459340659340659,2.2367287635014805,63930.00000162807,4.597661129459354,4393000.0,
0.8241758241758241,1.1130594791958945,2.4593406593406595,2.2367287635014805,63940.00000162865,5.027309501542257,4394000.0,
0.8571428571428571,1.1488683632450922,2.5384615384615383,2.30868786581252,63950.00000162923,4.8762412956942125,4395000.0,
0.8791208791208791,0.966839869328337,2.1362637362637362,1.9428957623980685,63960.000001629815,4.547777851471578,4396000.0,
0.8021978021978022,1.002648753377535,2.2153846153846146,2.0148548647091085,63970.0000016304,5.029052555701447,4397000.0,
0.8131868131868132,0.9280469116083732,2.050549450549451,1.864940068227776,63980.00000163098,4.869892823854246,4398000.0,
0.8241758241758241,1.0056328270483015,2.2219780219780216,2.0208514565683617,63990.00000163156,4.89963183027,4399000.0,
0.8351648351648352,1.142900215903559,2.525274725274725,2.2966946820940133,64000.00000163214,5.000048942843168,4400000.0,
0.8461538461538461,1.0235372690729003,2.2615384615384615,2.0568310077238814,64010.000001632725,4.794567422006405,4401000.0,
0.8131868131868132,0.9996646797067684,2.2087912087912085,2.008858272849855,64020.00000163331,4.96012548462402,4402000.0,
0.8681318681318682,1.0742665214759302,2.3736263736263736,2.1587730693311875,64030.00000163389,4.732633588141436,4403000.0,
0.7692307692307693,0.9817602376821696,2.169230769230769,1.9728787216943346,64040.00000163447,5.221428309113481,4404000.0,
0.7912087912087912,1.065314300463631,2.353846153846154,2.1407832937534277,64050.00000163505,5.18254724098693,4405000.0,
0.8901098901098901,1.0742665214759302,2.373626373626373,2.1587730693311875,64060.000001635635,4.617259919298524,4406000.0,
0.8791208791208791,1.1518524369158587,2.545054945054945,2.3146844576717736,64070.00000163622,4.763729647102704,4407000.0,
0.8681318681318682,1.014585048060601,2.2417582417582413,2.0388412321461216,64080.0000016368,4.6664182200302555,4408000.0,
0.7912087912087912,1.002648753377535,2.215384615384615,2.0148548647091076,64090.00000163738,5.105567174531021,4409000.0,
0.8571428571428571,1.1190276265374275,2.4725274725274726,2.2487219472199866,64100.00000163796,4.84911941056136,4410000.0,
0.8461538461538461,1.0533780057805653,2.3274725274725276,2.116796926316414,64110.000001638546,4.835028552401479,4411000.0,
0.8571428571428571,1.071282447805164,2.3670329670329666,2.152776477471934,64120.00000163913,4.794442343066086,4412000.0,
0.8461538461538461,0.9459513536329719,2.09010989010989,1.9009196193832953,64130.00000163971,4.709108742720618,4413000.0,
0.8131868131868132,1.0056328270483013,2.2219780219780216,2.0208514565683613,64140.00000164029,4.973951179328174,4414000.0,
0.8021978021978022,0.9638557956575707,2.1296703296703297,1.936899170538815,64150.000001640874,4.9905572248456265,4415000.0,
0.8241758241758241,1.1130594791958945,2.459340659340659,2.2367287635014805,64160.000001641456,5.039042834876274,4416000.0,
0.8461538461538461,1.0474098584390321,2.3142857142857145,2.104803742597907,64170.00000164204,4.83109217047855,4417000.0,
0.8021978021978022,1.0682983741343974,2.36043956043956,2.146779885612681,64180.00000164262,5.122396603494917,4418000.0,
0.8351648351648352,1.0653143004636307,2.353846153846154,2.1407832937534277,64190.0000016432,4.917150017777519,4419000.0,
0.8461538461538461,1.127979847549727,2.4923076923076923,2.266711722797747,64200.000001643784,4.927869690076995,4420000.0,
0.8241758241758241,0.9757920903406369,2.156043956043956,1.9608855379758283,64210.00000164437,4.875158403065383,4421000.0,
0.8131868131868132,1.0444257847682654,2.3076923076923075,2.0988071507386543,64220.00000164495,5.025980357065138,4422000.0,
0.8461538461538461,1.0235372690729003,2.261538461538461,2.056831007723881,64230.00000164553,4.8059959934356415,4423000.0,
0.8351648351648352,1.0026487533775348,2.2153846153846155,2.014854864709108,64240.00000164611,4.844747849556164,4424000.0,
0.8571428571428571,1.0414417110974992,2.3010989010989005,2.092810558879401,64250.000001646695,4.766294816907532,4425000.0,
0.8461538461538461,1.1429002159035593,2.525274725274725,2.2966946820940133,64260.00000164728,4.948619735794043,4426000.0,
0.7802197802197802,0.8564291435099777,1.8923076923076922,1.7210218636056964,64270.00000164786,5.000209184060953,4427000.0,
0.7582417582417582,0.9131265432545409,2.0175824175824175,1.8349571089315089,64280.00000164844,5.220497325291091,4428000.0,
0.8901098901098901,1.0324894900851997,2.2813186813186817,2.0748207833016408,64290.00000164902,4.581683254403427,4429000.0,
0.8021978021978022,1.089186889829763,2.4065934065934065,2.188756028627454,64300.000001649605,5.155011054567605,4430000.0,
0.8461538461538461,1.1697568789404575,2.5846153846153843,2.3506640088272928,64310.00000165019,4.982956831071568,4431000.0,
0.9010989010989011,0.9996646797067684,2.208791208791209,2.008858272849855,64320.00000165077,4.490844949539601,4432000.0,
0.8571428571428571,1.1876613209650564,2.6241758241758237,2.3866435599828124,64330.00000165135,4.940986925855818,4433000.0,
0.8681318681318682,1.0862028161589963,2.4,2.1827594367682,64340.00000165193,4.762079193410186,4434000.0,
0.8571428571428571,1.0235372690729003,2.2615384615384615,2.0568310077238814,64350.000001652515,4.750534506340671,4435000.0,
0.8901098901098901,1.059346153122098,2.3406593406593403,2.128790110034921,64360.0000016531,4.615312344975946,4436000.0,
0.8571428571428571,1.1966135419773556,2.6439560439560434,2.4046333355605722,64370.00000165368,4.953482465754902,4437000.0,
0.9120879120879121,1.1936294683065891,2.6373626373626373,2.3986367437013194,64380.00000165426,4.652290140058374,4438000.0,
0.8241758241758241,0.9161106169253072,2.0241758241758245,1.8409537007907626,64390.000001654844,4.8123448819886745,4439000.0,
0.9120879120879121,1.64948955691265,2.716483516483516,2.3865856051009864,64400.000001655426,4.692514338232851,4440000.0,
0.8131868131868132,1.2170990905374897,2.004395604395604,1.7609757862881066,64410.00000165601,5.248592124971134,4441000.0,
0.8901098901098901,1.4693268625896665,2.4197802197802196,2.1259148472622864,64420.00000165659,5.078870919810054,4442000.0,
0.8351648351648352,1.313185860843081,2.162637362637363,1.9000001904687465,64430.00000165717,5.226575175601019,4443000.0,
0.9340659340659341,1.5293810940306616,2.518681318681318,2.2128050998751863,64440.000001657754,4.905099759597053,4444000.0,
0.8241758241758241,1.3292003225606794,2.1890109890109892,1.923170924498853,64450.000001658336,5.316760391493113,4445000.0,
0.8351648351648352,1.4092726311486725,2.3208791208791206,2.0390245946493866,64460.00000165892,5.3432053874143834,4446000.0,
0.8901098901098901,1.3612292459958768,2.2417582417582413,1.9695123925590663,64470.0000016595,4.959897054254212,4447000.0,
0.7252747252747253,1.0209219344969076,1.6813186813186813,1.4771342944193,64480.00000166008,5.618540849214958,4448000.0,
0.8351648351648352,1.2211027059668895,2.010989010989011,1.7667684697956332,64490.000001660665,5.1194756085783935,4449000.0,
0.8461538461538461,1.249128013972687,2.057142857142857,1.80731725434832,64500.00000166125,5.086629211434906,4450000.0,
0.8241758241758241,1.3772437077134754,2.268131868131868,1.9926831265891731,64510.00000166183,5.378253032145357,4451000.0,
0.7692307692307693,1.0689653196497033,1.7604395604395604,1.5466464965096203,64520.00000166241,5.362223487101442,4452000.0,
0.8571428571428571,1.3051786299842818,2.149450549450549,1.888414823453693,64530.00000166299,5.088346863301922,4453000.0,
0.7802197802197802,1.2651424756902856,2.083516483516483,1.8304879883784262,64540.000001663575,5.53926429995491,4454000.0,
0.8241758241758241,1.333203937990079,2.1956043956043954,1.9289636080063801,64550.00000166416,5.326951444881096,4455000.0,
0.7912087912087912,1.3612292459958768,2.2417582417582413,1.9695123925590663,64560.00000166474,5.584884186036279,4456000.0,
0.8571428571428571,0.9688749339147124,1.5956043956043955,1.4018294088214531,64570.00000166532,4.698043833272159,4457000.0,
0.8131868131868132,1.3372075534194787,2.202197802197802,1.9347562915139065,64580.0000016659,5.405482261758979,4458000.0,
0.8461538461538461,1.4533124008720681,2.3934065934065933,2.1027441132321796,64590.000001666485,5.33261335699159,4459000.0,
0.8131868131868132,1.2130954751080902,1.9978021978021976,1.75518310278058,64600.00000166707,5.253939030322064,4460000.0,
0.8021978021978022,1.313185860843081,2.162637362637363,1.9000001904687465,64610.00000166765,5.451228949941361,4461000.0,
0.8351648351648352,1.1330231665200974,1.865934065934066,1.6393294326300465,64620.00000166823,5.020854054767501,4462000.0,
0.8131868131868132,1.1450340128082963,1.885714285714286,1.6567074831526258,64630.000001668814,5.171863448304844,4463000.0,
0.7802197802197802,1.3051786299842818,2.1494505494505494,1.8884148234536926,64640.000001669396,5.596212047008106,4464000.0,
0.8241758241758241,1.245124398543287,2.0505494505494504,1.8015245708407934,64650.00000166998,5.225414937019297,4465000.0,
0.8791208791208791,1.1570448590964955,1.9054945054945052,1.6740855336752065,64660.00000167056,4.799136027334894,4466000.0,
0.7582417582417582,1.0969906276555008,1.8065934065934064,1.5871952810623067,64670.00000167114,5.485593436603819,4467000.0,
0.8461538461538461,1.2651424756902856,2.083516483516483,1.8304879883784262,64680.000001671724,5.114906042815989,4468000.0,
0.8461538461538461,1.3772437077134752,2.268131868131868,1.9926831265891731,64690.000001672306,5.247908797544725,4469000.0,
0.8901098901098901,1.2531316294020867,2.063736263736264,1.8131099378558468,64700.00000167289,4.849812077587774,4470000.0,
0.8351648351648352,1.0569544733615044,1.7406593406593407,1.5292684459870398,64710.00000167347,4.934508645854198,4471000.0,
0.7912087912087912,1.2010846288198915,1.978021978021978,1.7378050522579997,64720.00000167405,5.391368072661593,4472000.0,
0.8241758241758241,1.4933485551660644,2.459340659340659,2.1606709483074464,64730.000001674634,5.530860247055182,4473000.0,
0.8241758241758241,1.357225630566477,2.2351648351648348,1.9637197090515397,64740.00000167522,5.366231098541047,4474000.0,
0.7912087912087912,1.2090918596786904,1.991208791208791,1.7493904192730532,64750.0000016758,5.4031549894415605,4475000.0,
0.7252747252747253,0.9688749339147124,1.5956043956043953,1.4018294088214531,64760.00000167638,5.563748772655646,4476000.0,
0.7912087912087912,1.313185860843081,2.162637362637363,1.9000001904687467,64770.00000167696,5.535829352024397,4477000.0,
0.8351648351648352,1.1930773979610922,1.9648351648351652,1.7262196852429468,64780.000001677545,5.101182147677603,4478000.0,
0.8571428571428571,1.2771533219784845,2.1032967032967034,1.8478660389010064,64790.00000167813,5.068984003962601,4479000.0,
0.7912087912087912,1.157044859096495,1.9054945054945052,1.6740855336752063,64800.00000167871,5.34015114148367,4480000.0,
0.8241758241758241,1.1410303973788967,1.8791208791208789,1.6509147996451,64810.00000167929,5.107647548940334,4481000.0,
0.8131868131868132,1.0409400116439058,1.7142857142857142,1.5060977119569334,64820.00000167987,5.054126230657341,4482000.0,
0.7582417582417582,0.9808857802029113,1.615384615384615,1.4192074593440334,64830.000001680455,5.341745014601668,4483000.0,
0.8021978021978022,1.3292003225606797,2.189010989010989,1.9231709244988535,64840.00000168104,5.483794922768141,4484000.0,
0.8571428571428571,1.249128013972687,2.0571428571428565,1.8073172543483198,64850.00000168162,5.039364734366273,4485000.0,
0.7252747252747253,1.1730593208140936,1.9318681318681319,1.6972562677053131,64860.0000016822,5.851336336411207,4486000.0,
0.8681318681318682,1.3972617848604736,2.301098901098901,2.0216465441268063,64870.00000168278,5.147223068751424,4487000.0,
0.7802197802197802,1.1370267819494968,1.8725274725274723,1.6451221161375735,64880.000001683366,5.394214607978395,4488000.0,
0.8131868131868132,1.277153321978484,2.103296703296703,1.8478660389010062,64890.00000168395,5.3483885447176505,4489000.0,
0.7472527472527473,1.149037628237696,1.8923076923076922,1.6625001666601535,64900.00000168453,5.649444473216128,4490000.0,
0.8241758241758241,1.2170990905374897,2.0043956043956044,1.7609757862881066,64910.00000168511,5.205277563306405,4491000.0,
0.8351648351648352,1.2451243985432872,2.0505494505494504,1.8015245708407934,64920.000001685694,5.170870003638292,4492000.0,
0.8681318681318682,1.2010846288198913,1.978021978021978,1.7378050522579997,64930.000001686276,4.924284825717512,4493000.0,
0.8241758241758241,1.2971713991254825,2.1362637362637362,1.8768294564386394,64940.00000168686,5.304031964393261,4494000.0,
0.7912087912087912,1.1850701671022927,1.9516483516483518,1.7146343182278927,64950.00000168744,5.383905350213705,4495000.0,
0.8131868131868132,1.1130050893730994,1.8329670329670331,1.610366015092413,64960.00000168802,5.150314366784222,4496000.0,
0.7472527472527473,1.1850701671022927,1.9516483516483514,1.7146343182278931,64970.000001688604,5.701782135520462,4497000.0,
0.8021978021978022,1.1530412436670956,1.898901098901099,1.66829285016768,64980.000001689186,5.271870591545079,4498000.0,
0.8131868131868132,1.1690557053846942,1.925274725274725,1.6914635841977863,64990.00000168977,5.220863097285061,4499000.0,
0.8351648351648352,0.9787761640114032,2.1626373626373625,1.9668821298350818,65000.00000169035,5.256575175602764,4500000.0,
0.8351648351648352,1.0354735637559662,2.2879120879120873,2.0808173751608945,65010.00000169093,4.924577556722171,4501000.0,
0.8791208791208791,1.1070913318543616,2.446153846153846,2.2247355797829735,65020.000001691515,4.760313890098016,4502000.0,
0.8351648351648352,1.0653143004636312,2.3538461538461535,2.1407832937534272,65030.0000016921,4.961360544095883,4503000.0,
0.8571428571428571,1.0384576374267325,2.2945054945054943,2.0868139670201478,65040.00000169268,4.803326218140151,4504000.0,
0.8791208791208791,1.116043552866661,2.4659340659340656,2.2427253553607334,65050.00000169326,4.771997041499594,4505000.0,
0.8901098901098901,1.1399161422327926,2.518681318681318,2.29069809023476,65060.00000169384,4.740397147559109,4506000.0,
0.7802197802197802,1.0712824478051637,2.367032967032967,2.152776477471934,65070.000001694425,5.320654968441914,4507000.0,
0.8021978021978022,1.110075405525128,2.4527472527472525,2.2307321716422273,65080.00000169501,5.223789889204041,4508000.0,
0.8351648351648352,1.092170963500529,2.413186813186813,2.1947526204867067,65090.00000169559,4.996675759048142,4509000.0,
0.8681318681318682,1.116043552866661,2.4659340659340656,2.2427253553607334,65100.00000169617,4.834933712911129,4510000.0,
0.8131868131868132,0.9369991326206727,2.0703296703296705,1.8829298438055353,65110.00000169675,4.9419827172648185,4511000.0,
0.8791208791208791,1.3607375938695117,3.006593406593407,2.7344458878195037,65120.000001697335,5.05383651314054,4512000.0,
0.8571428571428571,1.080234668817463,2.386813186813187,2.1707662530496945,65130.00000169792,4.856681472711656,4513000.0,
0.8681318681318682,1.1130594791958943,2.459340659340659,2.23672876350148,65140.0000016985,4.833521678682895,4514000.0,
0.8571428571428571,1.0802346688174629,2.3868131868131863,2.170766253049694,65150.00000169908,4.857707113737356,4515000.0,
0.8351648351648352,1.0414417110974992,2.3010989010989005,2.0928105588794015,65160.000001699664,4.939618364723676,4516000.0,
0.8131868131868132,1.104107258183595,2.4395604395604398,2.2187389879237203,65170.000001700246,5.150723790592384,4517000.0,
0.9010989010989011,1.1548365105866252,2.5516483516483515,2.3206810495310264,65180.00000170083,4.70499905454286,4518000.0,
0.7692307692307693,1.0324894900852,2.281318681318681,2.074820783301641,65190.00000170141,5.35309062295553,4519000.0,
0.7912087912087912,0.883285806546876,1.9516483516483514,1.7749911903389761,65200.00000170199,5.016372338956972,4520000.0,
0.8901098901098901,0.9698239429991037,2.1428571428571423,1.948892354257322,65210.000001702574,4.556713318790827,4521000.0,
0.8681318681318682,1.1966135419773558,2.643956043956044,2.4046333355605727,65220.000001703156,4.933818130747852,4522000.0,
0.8461538461538461,0.990712458694469,2.189010989010989,1.9908684972720951,65230.00000170374,4.819151087666753,4523000.0,
0.8681318681318682,1.1787090999527567,2.6043956043956045,2.3686537844050526,65240.00000170432,4.914206684871474,4524000.0,
0.9010989010989011,1.0832187424882298,2.393406593406593,2.1767628449089473,65250.0000017049,4.628935433848498,4525000.0,
0.8681318681318682,1.2950879731126492,2.861538461538461,2.602520866915931,65260.000001705484,5.049276019777232,4526000.0,
0.8901098901098901,1.1160435528666608,2.465934065934066,2.2427253553607334,65270.00000170607,4.723947695308873,4527000.0,
0.8241758241758241,0.9519195009745048,2.1032967032967034,1.9129128031018017,65280.00000170665,4.903259661304464,4528000.0,
0.8131868131868132,1.0444257847682654,2.3076923076923075,2.0988071507386543,65290.00000170723,5.0838181949063435,4529000.0,
0.9010989010989011,1.2354064996973197,2.7296703296703297,2.4825890297308653,65300.00000170781,4.800265749775801,4530000.0,
0.7912087912087912,0.9608717219868044,2.1230769230769226,1.930902578679562,65310.000001708395,5.120543426527238,4531000.0,
0.9120879120879121,1.1906453946358224,2.6307692307692307,2.392640151842066,65320.00000170898,4.694319649650892,4532000.0,
0.8791208791208791,1.0802346688174636,2.386813186813187,2.1707662530496945,65330.00000170956,4.7452644358944465,4533000.0,
0.8152173913043478,1.0773479018968304,2.380434782608696,2.164965202229329,65340.00000171014,5.073010759782363,4534000.0,
0.8586956521739131,1.0153635020616705,2.2434782608695647,2.040405560457231,65350.00000171072,4.7444714202385425,4535000.0,
0.8804347826086957,1.1422839398193794,2.523913043478261,2.2954562555143845,65360.000001711305,4.771974351513042,4536000.0,
0.8804347826086957,1.192461787304985,2.634782608695652,2.3962902512346544,65370.00000171189,4.8294603017436355,4537000.0,
0.8586956521739131,1.112767558945493,2.458695652173913,2.2361421403848145,65380.00000171247,4.859422980153969,4538000.0,
0.8260869565217391,1.0625897114598877,2.347826086956522,2.135308144664544,65390.00000171305,4.9910270192564505,4539000.0,
0.8478260869565217,1.1511388540815448,2.543478260869565,2.3132504900532562,65400.00000171363,4.96800736647032,4540000.0,
0.9021739130434783,1.340043691674414,2.9608695652173918,2.6928608268825083,65410.000001714216,4.878600236665437,4541000.0,
0.8478260869565217,1.1540904921689337,2.55,2.319181901566213,65420.0000017148,4.972514426778583,4542000.0,
0.8260869565217391,1.0153635020616703,2.2434782608695647,2.040405560457231,65430.00000171538,4.935963713142941,4543000.0,
0.782608695652174,0.9681372926634532,2.1391304347826092,1.9455029762499176,65440.00000171596,5.150394874086525,4544000.0,
0.9130434782608695,1.2101716158293165,2.6739130434782608,2.431878720312397,65450.000001716544,4.6801855793510905,4545000.0,
0.8152173913043478,0.9976536735373392,2.2043478260869565,2.004817091379489,65460.000001717126,4.981652506328427,4546000.0,
0.8260869565217391,0.8057971978570815,1.7804347826086955,1.6192753430372795,65470.00000171771,4.684383450158561,4547000.0,
0.8369565217391305,0.9474758260517333,2.093478260869565,1.9039830956592187,65480.00000171829,4.793345142934558,4548000.0,
0.8260869565217391,1.0478315210229447,2.3152173913043477,2.105651087099759,65490.00000171887,4.978424999254141,4549000.0,
0.8152173913043478,0.8795881500417958,1.943478260869565,1.767560630861206,65500.000001719454,4.838958797507352,4550000.0,
0.8152173913043478,0.8323619406435787,1.8391304347826085,1.6726580466538925,65510.00000172004,4.781561313978903,4551000.0,
0.8043478260869565,0.9327176356147903,2.0608695652173914,1.874326038094433,65520.00000172062,4.97148408764556,4552000.0,
0.9239130434782609,1.2278814443536479,2.7130434782608694,2.4674671893901396,65530.0000017212,4.648057563408809,4553000.0,
0.9021739130434783,1.068492987634665,2.360869565217391,2.147170967690458,65540.00000172178,4.583869335802466,4554000.0,
0.9021739130434783,1.1688486826058766,2.5826086956521737,2.3488389591309984,65550.00000172236,4.695588901312752,4555000.0,
0.8586956521739131,1.0862028161589963,2.4,2.1827594367682006,65560.00000172295,4.837600748048706,4556000.0,
0.7717391304347826,1.080299539984219,2.38695652173913,2.1708966137422867,65570.00000172353,5.375596587151698,4557000.0,
0.8478260869565217,1.1718003206932648,2.589130434782608,2.3547703706439553,65580.00000172411,5.001608070679553,4558000.0,
0.8043478260869565,1.0714446257220533,2.3673913043478256,2.153102379203415,65590.0000017247,5.1477392645358915,4559000.0,
0.8695652173913043,1.544438169449925,2.543478260869565,2.2345906269795806,65600.00000172528,4.853807182309144,4560000.0,
0.8260869565217391,1.30683229722686,2.1521739130434785,1.8908074535981063,65610.00000172586,5.298268044132932,4561000.0,
0.782608695652174,1.1642687738930204,1.917391304347826,1.6845375495692223,65620.00000172644,5.411007322324888,4562000.0,
0.8913043478260869,1.3028721993564754,2.145652173913043,1.8850777340417486,65630.00000172702,4.907122467683319,4563000.0,
0.8586956521739131,1.290991905745322,2.1260869565217395,1.8678885753726748,65640.0000017276,5.080139940984916,4564000.0,
0.8260869565217391,1.176149067504174,1.9369565217391302,1.7017267082382959,65650.00000172819,5.142177818679277,4565000.0,
0.8586956521739131,1.3305928844491661,2.1913043478260867,1.9251857709362539,65660.00000172877,5.127270194665401,4566000.0,
0.717391304347826,1.0137850548184126,1.6695652173913043,1.4668082064276218,65670.00000172935,5.696182197765753,4567000.0,
0.8369565217391305,1.2830717100045532,2.11304347826087,1.856429136259959,65680.00000172993,5.204706458826844,4568000.0,
0.8369565217391305,1.2751515142637844,2.1,1.8449696971472433,65690.00000173051,5.195762848331411,4569000.0,
0.7608695652173914,1.2315904376895561,2.028260869565217,1.7819427820273064,65700.0000017311,5.658658861095598,4570000.0,
0.7717391304347826,1.195949556856096,1.9695652173913043,1.7303753060200855,65710.00000173168,5.533340270986138,4571000.0,
0.8695652173913043,1.223670241948787,2.015217391304348,1.7704833429145908,65720.00000173226,4.943218278356822,4572000.0,
0.782608695652174,1.3107923950972444,2.1586956521739133,1.8965371731544638,65730.00000173284,5.604343060530642,4573000.0,
0.8586956521739131,1.2830717100045532,2.1130434782608694,1.856429136259959,65740.00000173342,5.075979713033935,4574000.0,
0.8804347826086957,1.2513909270414783,2.0608695652173914,1.8105913798090953,65750.000001734,4.915157596260251,4575000.0,
0.7391304347826086,1.1523884802818671,1.8978260869565218,1.6673483909001479,65760.00000173459,5.721463826399976,4576000.0,
0.8804347826086957,1.2513909270414783,2.0608695652173914,1.8105913798090953,65770.00000173517,4.9161452505812955,4577000.0,
0.7282608695652174,1.1207076973187922,1.8456521739130434,1.6215106344492851,65780.00000173575,5.76455086809851,4578000.0,
0.8478260869565217,1.3583135695418576,2.2369565217391303,1.9652938078307591,65790.00000173633,5.2323672872708284,4579000.0,
0.782608695652174,1.2553510249118625,2.067391304347826,1.8163210993654537,65800.00000173692,5.537390198627325,4580000.0,
0.8478260869565217,1.3266327865787821,2.1847826086956523,1.9194560513798955,65810.0000017375,5.196025850955465,4581000.0,
0.8586956521739131,1.1801091653745583,1.943478260869565,1.7074564277946538,65820.00000173808,4.960124597768861,4582000.0,
0.8478260869565217,1.2395106334303245,2.0413043478260873,1.793402221140022,65830.00000173866,5.094292029293242,4583000.0,
0.7608695652173914,1.1603086760226362,1.9108695652173915,1.678807830012864,65840.00000173924,5.572974260048111,4584000.0,
0.8478260869565217,1.1088274037076387,1.826086956521739,1.6043214757802118,65850.00000173983,4.941178476287056,4585000.0,
0.782608695652174,1.1088274037076387,1.826086956521739,1.6043214757802118,65860.00000174041,5.353498904866566,4586000.0,
0.8478260869565217,1.1523884802818676,1.8978260869565218,1.6673483909001485,65870.00000174099,4.993583848656719,4587000.0,
0.8478260869565217,1.3543534716714731,2.230434782608696,1.9595640882744012,65880.00000174157,5.232311787218848,4588000.0,
0.8043478260869565,1.168228871763405,1.923913043478261,1.6902672691255798,65890.00000174216,5.284281840696353,4589000.0,
0.8804347826086957,1.429595331208777,2.3543478260869564,2.068428759845202,65900.00000174274,5.124970005932181,4590000.0,
0.8586956521739131,1.263271220652631,2.0804347826086955,1.8277805384781696,65910.00000174332,5.061528510244856,4591000.0,
0.8586956521739131,1.1880293611153274,1.9565217391304348,1.7189158669073694,65920.0000017439,4.974411407998912,4592000.0,
0.8260869565217391,1.176149067504174,1.9369565217391302,1.7017267082382959,65930.00000174448,5.156914660785398,4593000.0,
0.8804347826086957,1.4533559184310836,2.393478260869565,2.102807077183349,65940.00000174507,5.153932648209485,4594000.0,
0.7717391304347826,1.0256653484295657,1.6891304347826084,1.4839973650966953,65950.00000174565,5.32621143753283,4595000.0,
0.8478260869565217,1.195949556856096,1.9695652173913039,1.7303753060200853,65960.00000174623,5.049578964616335,4596000.0,
0.8369565217391305,1.3147524929676286,2.1652173913043478,1.9022668927108217,65970.00000174681,5.257623757952434,4597000.0,
0.717391304347826,1.0137850548184126,1.6695652173913047,1.466808206427622,65980.0000017474,5.714970076554725,4598000.0,
0.8260869565217391,1.4177150375976237,2.334782608695652,2.051239601176128,65990.00000174798,5.4524945193197585,4599000.0,
0.8695652173913043,1.2791116121341692,2.1065217391304345,1.8506994167036013,66000.00000174856,5.0209758540708265,4600000.0,
0.8586956521739131,1.3543534716714731,2.2304347826086954,1.9595640882744012,66010.00000174914,5.172662270925321,4601000.0,
0.8043478260869565,1.3820741567641641,2.276086956521739,1.999672125168906,66020.00000174972,5.55717057340041,4602000.0,
0.8586956521739131,1.5879992460241539,2.615217391304348,2.2976175420995166,66030.0000017503,5.445768742323438,4603000.0,
0.8152173913043478,1.393954450375317,2.2956521739130435,2.0168612838379802,66040.00000175089,5.498714792584813,4604000.0,
0.782608695652174,1.2038697525968647,1.982608695652174,1.7418347451328007,66050.00000175147,5.485497461781191,4605000.0,
0.8260869565217391,1.23555053555994,2.0347826086956515,1.787672501583664,66060.00000175205,5.235663806326987,4606000.0,
0.8804347826086957,1.2909919057453223,2.1260869565217395,1.8678885753726746,66070.00000175263,4.975938954788993,4607000.0,
0.7934782608695652,1.318712590838013,2.1717391304347826,1.90799661226718,66080.00000175321,5.556730936526553,4608000.0,
0.7717391304347826,1.1088274037076389,1.8260869565217395,1.6043214757802113,66090.0000017538,5.441858044372482,4609000.0,
0.75,1.045465837781488,1.7217391304347827,1.512645962878485,66100.00000175438,5.515690682394823,4610000.0,
0.8260869565217391,1.2236702419487868,2.0152173913043474,1.7704833429145903,66110.00000175496,5.223913977218902,4611000.0,
0.8369565217391305,1.3820741567641641,2.276086956521739,1.9996721251689065,66120.00000175554,5.345852239372125,4612000.0,
0.8586956521739131,1.401874646116086,2.308695652173913,2.028320722950696,66130.00000175613,5.234079334835857,4613000.0,
0.8804347826086957,1.3701938631530108,2.2565217391304344,1.982482966499833,66140.0000017567,5.069353523696693,4614000.0,
0.8369565217391305,1.1603086760226362,1.910869565217391,1.678807830012864,66150.00000175729,5.082444132512208,4615000.0,
0.8043478260869565,1.1009072079668698,1.8130434782608693,1.592862036667496,66160.00000175787,5.215179231652863,4616000.0,
0.8369565217391305,1.0494259356518725,1.7282608695652173,1.5183756824348433,66170.00000175845,4.950999819342005,4617000.0,
0.8586956521739131,1.1405081866707143,1.8782608695652172,1.6501592322310747,66180.00000175904,4.9322348504186095,4618000.0,
0.7934782608695652,1.148428382411483,1.8913043478260867,1.6616186713437902,66190.00000175962,5.348153577961962,4619000.0,
0.8586956521739131,1.0655413495472765,2.3543478260869564,2.141239556177501,66200.0000017602,5.269905955450336,4620000.0,
0.8260869565217391,1.074396263809442,2.3739130434782605,2.159033790716372,66210.00000176078,5.048477056313685,4621000.0,
0.8369565217391305,1.0271700544112248,2.2695652173913046,2.0641312065090593,66220.00000176136,4.927005779418266,4622000.0,
0.7717391304347826,0.9563307403138986,2.11304347826087,1.9217773301980892,66230.00000176195,5.252144058003589,4623000.0,
0.8260869565217391,1.0684929876346647,2.360869565217391,2.1471709676904585,66240.00000176253,5.042909932523258,4624000.0,
0.8478260869565217,1.086202816158996,2.4,2.1827594367682006,66250.00000176311,4.9350058858462615,4625000.0,
0.8695652173913043,1.1304773874698248,2.4978260869565214,2.271730609462557,66260.00000176369,4.863046495707588,4626000.0,
0.8804347826086957,1.0537347971977216,2.328260869565217,2.1175139101256732,66270.00000176427,4.716338288291059,4627000.0,
0.8695652173913043,1.1068642827707162,2.445652173913044,2.2242793173588997,66280.00000176486,4.83689142530367,4628000.0,
0.8152173913043478,1.0212667782364477,2.256521739130435,2.052268383483145,66290.00000176544,5.054884581428577,4629000.0,
0.9021739130434783,1.1658970445184877,2.5760869565217392,2.3429075476180414,66300.00000176602,4.728461784398714,4630000.0,
0.8369565217391305,0.9622340164886762,2.126086956521739,1.9336401532240033,66310.0000017666,4.854095188653933,4631000.0,
0.8152173913043478,1.033073330586002,2.282608695652174,2.0759940295349737,66320.00000176718,5.070967285644123,4632000.0,
0.8586956521739131,1.2514945490527567,2.765217391304347,2.514918481493796,66330.00000176777,5.069079728129784,4633000.0,
0.782608695652174,0.9356692737021788,2.067391304347826,1.88025744960739,66340.00000176835,5.158907960972253,4634000.0,
0.8695652173913043,1.0802995399842188,2.38695652173913,2.1708966137422867,66350.00000176893,4.809841971099402,4635000.0,
0.8152173913043478,1.0271700544112248,2.269565217391304,2.064131206509059,66360.00000176951,5.065859266869854,4636000.0,
0.8695652173913043,1.1629454064310993,2.5695652173913044,2.3369761361050845,66370.0000017701,4.9058847175133735,4637000.0,
0.9347826086956522,1.2957691203635853,2.8630434782608694,2.603889654188152,66380.00000177068,4.706169291661173,4638000.0,
0.782608695652174,0.9179594451778472,2.028260869565217,1.8446689805296475,66390.00000177126,5.1390565134135455,4639000.0,
0.7717391304347826,0.9032012547409044,1.9956521739130435,1.8150119229648625,66400.00000177184,5.192877682332097,4640000.0,
0.8804347826086957,1.3046240346257512,2.8826086956521744,2.6216838887270235,66410.00000177242,5.00821248388873,4641000.0,
0.9130434782608695,1.0271700544112248,2.2695652173913046,2.064131206509059,66420.000001773,4.525945773991107,4642000.0,
0.8586956521739131,1.0684929876346647,2.360869565217391,2.147170967690458,66430.00000177359,4.861027276858378,4643000.0,
0.7934782608695652,0.9150078070904586,2.0217391304347827,1.8387375690166905,66440.00000177417,5.067678332352701,4644000.0,
0.782608695652174,1.1393323017319907,2.517391304347826,2.289524844001428,66450.00000177475,5.425255163455145,4645000.0,
0.8478260869565217,1.1924617873049852,2.634782608695652,2.3962902512346544,66460.00000177533,5.071106210788311,4646000.0,
0.8260869565217391,1.0301216924986134,2.276086956521739,2.0700626180220163,66470.00000177592,5.008565733148742,4647000.0,
0.8369565217391305,1.0802995399842192,2.38695652173913,2.1708966137422863,66480.0000017765,5.003991658285487,4648000.0,
0.8369565217391305,1.0419282448481675,2.302173913043478,2.093788264073844,66490.00000177708,4.95866491604504,4649000.0,
0.8913043478260869,1.283962568014031,2.8369565217391304,2.580164008136324,66500.00000177766,4.928345808130851,4650000.0,
0.9130434782608695,1.0980093685085506,2.4260869565217393,2.2064850828200293,66510.00000177824,4.607817403716999,4651000.0,
0.8152173913043478,0.8530234072552986,1.8847826086956516,1.7141779272445923,66520.00000177883,4.860772713025748,4652000.0,
0.8478260869565217,1.151138854081545,2.5434782608695654,2.313250490053256,66530.00000177941,5.025956084422411,4653000.0,
0.8369565217391305,1.1127675589454933,2.4586956521739127,2.2361421403848136,66540.00000177999,5.0459014991225155,4654000.0,
0.8152173913043478,0.9356692737021788,2.067391304347826,1.88025744960739,66550.00000178057,4.963751642534014,4655000.0,
0.8260869565217391,1.062589711459888,2.3478260869565215,2.1353081446645437,66560.00000178115,5.052605966628455,4656000.0,
0.8478260869565217,0.947475826051733,2.093478260869565,1.9039830956592183,66570.00000178174,4.787789435977111,4657000.0,
0.9021739130434783,1.1393323017319903,2.517391304347826,2.2895248440014275,66580.00000178232,4.712510503238562,4658000.0,
0.8913043478260869,1.1658970445184877,2.576086956521739,2.3429075476180414,66590.0000017829,4.800272293965375,4659000.0,
0.8586956521739131,1.1275257493824362,2.491304347826087,2.2657991979495997,66600.00000178348,4.938381885476536,4660000.0,
0.8478260869565217,1.018315140149059,2.25,2.046336971970188,66610.00000178406,4.873394780809974,4661000.0,
0.8478260869565217,1.157042130256322,2.5565217391304342,2.32511331307917,66620.00000178465,5.037534307603186,4662000.0,
0.8913043478260869,1.0448798829355563,2.3086956521739124,2.099719675586801,66630.00000178523,4.66644816145781,4663000.0,
0.6956521739130435,0.8530234072552986,1.8847826086956518,1.7141779272445925,66640.00000178581,5.703718023077485,4664000.0,
0.7934782608695652,1.1216224732076594,2.4782608695652173,2.2539363749236854,66650.0000017864,5.339576267733952,4665000.0,
0.8695652173913043,0.9356692737021786,2.067391304347826,1.88025744960739,66660.00000178698,4.659017164875958,4666000.0,
0.8695652173913043,1.0921060923337733,2.4130434782608696,2.1946222597941145,66670.00000178756,4.839419506302322,4667000.0,
0.8804347826086957,1.0094602258868932,2.230434782608696,2.0285427374313163,66680.00000178814,4.6862980344577165,4668000.0,
0.8478260869565217,1.1836068730428193,2.6152173913043475,2.3784960166957836,66690.00000178872,5.072456824736187,4669000.0,
0.8695652173913043,1.289865844188808,2.85,2.592026831162238,66700.0000017893,5.068343220935698,4670000.0,
0.8369565217391305,1.024218416323836,2.2630434782608693,2.058199794996102,66710.00000178989,4.948933692354295,4671000.0,
0.9130434782608695,1.1245741112950478,2.484782608695652,2.2598677864366423,66720.00000179047,4.646912122007554,4672000.0,
0.8369565217391305,1.1098159208581049,2.4521739130434783,2.2302107288718567,66730.00000179105,5.052244996473223,4673000.0,
0.8369565217391305,1.0507831591103332,2.321739130434782,2.111582498612716,66740.00000179163,4.982231826592798,4674000.0,
0.8152173913043478,1.0212667782364475,2.256521739130435,2.052268383483145,66750.00000179221,5.079417914763338,4675000.0,
0.8478260869565217,1.0124118639742818,2.2369565217391303,2.0344741489442737,66760.0000017928,4.8741242499376085,4676000.0,
0.8369565217391305,1.325285501237471,2.928260869565217,2.6632037693177226,66770.00000179338,5.311767092511028,4677000.0,
0.8586956521739131,1.018315140149059,2.2499999999999996,2.046336971970188,66780.00000179396,4.820313834217944,4678000.0,
0.8478260869565217,1.136380663644602,2.510869565217391,2.2835934324884706,66790.00000179454,5.021882321343717,4679000.0,
0.8804347826086957,1.4058347439864707,2.3152173913043477,2.0340504425070534,66800.00000179512,4.735806172143453,4680000.0,
0.7934782608695652,1.2632712206526313,2.080434782608695,1.8277805384781691,66810.0000017957,5.526859620678811,4681000.0,
0.8152173913043478,1.1603086760226362,1.9108695652173915,1.678807830012864,66820.00000179629,5.2537093093812794,4682000.0,
0.8260869565217391,1.2434707313007092,2.0478260869565217,1.79913194069638,66830.00000179687,5.285777727489225,4683000.0,
0.8695652173913043,1.3583135695418576,2.2369565217391307,1.965293807830759,66840.00000179745,5.154058105092113,4684000.0,
0.8152173913043478,1.2276303398191715,2.0217391304347823,1.7762130624709482,66850.00000179803,5.337890550305123,4685000.0,
0.8260869565217391,1.2395106334303247,2.041304347826087,1.793402221140022,66860.00000179862,5.2825628721725355,4686000.0,
0.8260869565217391,1.3701938631530108,2.2565217391304344,1.982482966499833,66870.0000017992,5.441284676573712,4687000.0,
0.8369565217391305,1.346433275930704,2.2173913043478257,1.9481046491616854,66880.00000179978,5.342748849287692,4688000.0,
0.8260869565217391,1.3226726887083977,2.178260869565217,1.913726331823538,66890.00000180036,5.384811675930294,4689000.0,
0.8369565217391305,1.2276303398191712,2.0217391304347823,1.7762130624709485,66900.00000180095,5.201841445102544,4690000.0,
0.6956521739130435,1.1167475994484077,1.8391304347826083,1.6157809148929274,66910.00000180153,6.099696549356062,4691000.0,
0.8260869565217391,1.2989121014860912,2.139130434782609,1.8793480144853902,66920.00000180211,5.357627807187595,4692000.0,
0.782608695652174,1.0573461313926413,1.7413043478260872,1.5298351215475587,66930.00000180269,5.34716172357864,4693000.0,
0.7934782608695652,1.2078298504672496,1.9891304347826084,1.7475644646891586,66940.00000180327,5.464111592500389,4694000.0,
0.8478260869565217,1.251390927041478,2.0608695652173914,1.8105913798090958,66950.00000180386,5.165740580735381,4695000.0,
0.8369565217391305,1.223670241948787,2.0152173913043474,1.7704833429145908,66960.00000180444,5.200226782712135,4696000.0,
0.8260869565217391,1.1246677951891764,1.8521739130434787,1.6272403540056428,66970.00000180502,5.14933206798622,4697000.0,
0.8260869565217391,1.203869752596865,1.982608695652174,1.7418347451328007,66980.0000018056,5.245734437479767,4698000.0,
0.8586956521739131,1.2038697525968651,1.9826086956521736,1.7418347451328011,66990.00000180618,5.04703566137297,4699000.0,
0.8913043478260869,1.3543534716714731,2.2304347826086954,1.959564088274401,67000.00000180677,5.031711212235742,4700000.0,
0.8260869565217391,1.4810766035237748,2.4391304347826086,2.1429151140778537,67010.00000180735,5.582879572812433,4701000.0,
0.7717391304347826,1.2513909270414778,2.0608695652173914,1.8105913798090958,67020.00000180793,5.678982609822198,4702000.0,
0.7717391304347826,1.0098249569480282,1.6630434782608696,1.4610784868712638,67030.00000180851,5.3665309302645205,4703000.0,
0.6956521739130435,0.950423488892262,1.565217391304348,1.3751326935258952,67040.0000018091,5.868730640432076,4704000.0,
0.8260869565217391,1.2830717100045532,2.1130434782608702,1.856429136259959,67050.00000180968,5.345294701710341,4705000.0,
0.8369565217391305,1.2909919057453223,2.126086956521739,1.8678885753726746,67060.00000181026,5.285857861534273,4706000.0,
0.8695652173913043,1.4889967992645432,2.452173913043478,2.15437455319057,67070.00000181084,5.31584381927387,4707000.0,
0.8478260869565217,1.3464332759307038,2.217391304347826,1.9481046491616854,67080.00000181142,5.284508479425625,4708000.0,
0.8695652173913043,1.5008770928756967,2.471739130434783,2.171563711859643,67090.000001812,5.330506156926755,4709000.0,
0.782608695652174,1.1523884802818674,1.8978260869565218,1.667348390900148,67100.00000181259,5.478049169382089,4710000.0,
0.8695652173913043,1.524637680098003,2.510869565217391,2.2059420291977907,67110.00000181317,5.358830832232466,4711000.0,
0.7934782608695652,1.326632786578782,2.184782608695652,1.919456051379896,67120.00000181375,5.623698854449743,4712000.0,
0.8260869565217391,1.168228871763405,1.923913043478261,1.6902672691255798,67130.00000181433,5.210484950155512,4713000.0,
0.8804347826086957,1.203869752596865,1.9826086956521736,1.7418347451328011,67140.00000181491,4.929824904302463,4714000.0,
0.8695652173913043,1.2751515142637848,2.1,1.8449696971472433,67150.0000018155,5.073921741523231,4715000.0,
0.8478260869565217,1.1959495568560958,1.9695652173913036,1.7303753060200855,67160.00000181608,5.111117426158378,4716000.0,
0.8152173913043478,1.1880293611153272,1.9565217391304348,1.7189158669073694,67170.00000181666,5.306380016429401,4717000.0,
0.8586956521739131,1.251390927041478,2.0608695652173914,1.8105913798090958,67180.00000181724,5.111997029081181,4718000.0,
0.782608695652174,1.0217052505591815,1.6826086956521737,1.4782676455403378,67190.00000181783,5.316065042514505,4719000.0,
0.8586956521739131,1.3028721993564754,2.1456521739130436,1.8850777340417486,67200.00000181841,5.172962561397439,4720000.0,
0.9130434782608695,1.362273667412242,2.243478260869565,1.971023527387117,67210.00000181899,4.930583064422983,4721000.0,
0.8043478260869565,1.1999096547264805,1.976086956521739,1.7361050255764434,67220.00000181957,5.39556065195193,4722000.0,
0.8695652173913043,1.3107923950972442,2.158695652173913,1.8965371731544645,67230.00000182015,5.118908754481943,4723000.0,
0.8369565217391305,1.1642687738930206,1.917391304347826,1.6845375495692223,67240.00000182074,5.143799054646354,4724000.0,
0.8152173913043478,1.1603086760226362,1.9108695652173915,1.678807830012864,67250.00000182132,5.276642642715948,4725000.0,
0.8152173913043478,1.2553510249118625,2.067391304347826,1.8163210993654533,67260.0000018219,5.39376125735343,4726000.0,
0.8804347826086957,1.3979145482457016,2.302173913043478,2.022591003394338,67270.00000182248,5.156641215410158,4727000.0,
0.8478260869565217,1.0613062292630258,1.7478260869565216,1.5355648411039164,67280.00000182306,4.958461193613063,4728000.0,
0.8152173913043478,1.0969471100964854,1.8065217391304347,1.587132317111138,67290.00000182365,5.201052455179994,4729000.0,
0.8369565217391305,1.2711914163934002,2.0934782608695652,1.839239977590885,67300.00000182423,5.274667666465169,4730000.0,
0.8043478260869565,1.2197101440784024,2.0086956521739125,1.7647536233582324,67310.00000182481,5.425042341416765,4731000.0,
0.8369565217391305,1.2711914163934002,2.0934782608695643,1.8392399775908854,67320.00000182539,5.27570662750419,4732000.0,
0.8804347826086957,1.3503933738010885,2.223913043478261,1.953834368718043,67330.00000182597,5.105629511102869,4733000.0,
0.8260869565217391,1.1801091653745583,1.943478260869565,1.7074564277946536,67340.00000182656,5.235918989790709,4734000.0,
0.9021739130434783,1.4493958205606987,2.38695652173913,2.0970773576269908,67350.00000182714,5.093303801219533,4735000.0,
0.8695652173913043,1.417715037597624,2.334782608695652,2.051239601176127,67360.00000182772,5.2483697933577576,4736000.0,
0.8369565217391305,1.3503933738010885,2.223913043478261,1.9538343687180433,67370.0000018283,5.372934940251191,4737000.0,
0.8586956521739131,1.354353471671473,2.2304347826086954,1.959564088274401,67380.00000182888,5.2420293595369545,4738000.0,
0.8043478260869565,1.2989121014860907,2.1391304347826083,1.8793480144853905,67390.00000182947,5.527833964140088,4739000.0,
0.8043478260869565,0.8707332357796302,1.923913043478261,1.7497663963223347,67400.00000183005,5.365903462322726,4740000.0,
0.8260869565217391,1.0625897114598877,2.347826086956522,2.135308144664544,67410.00000183063,5.097342808736323,4741000.0,
0.8260869565217391,1.1068642827707162,2.445652173913043,2.2242793173588997,67420.00000183121,5.151464658217883,4742000.0,
0.8478260869565217,1.0478315210229447,2.3152173913043477,2.105651087099759,67430.0000018318,4.950260255689313,4743000.0,
0.8695652173913043,1.1688486826058764,2.5826086956521737,2.3488389591309984,67440.00000183238,4.96617348511748,4744000.0,
0.8478260869565217,1.0419282448481675,2.302173913043478,2.093788264073844,67450.00000183296,4.944323058149892,4745000.0,
0.8478260869565217,1.2455912728779794,2.752173913043478,2.5030556584678822,67460.00000183354,5.185053809159443,4746000.0,
0.8369565217391305,0.988798759275173,2.184782608695652,1.9870228568406174,67470.00000183412,4.946094621597153,4747000.0,
0.8260869565217391,0.9592823784012873,2.119565217391304,1.9277087417110468,67480.0000018347,4.975970773981389,4748000.0,
0.8043478260869565,0.9474758260517331,2.0934782608695657,1.9039830956592187,67490.00000183529,5.096318594681472,4749000.0,
0.8804347826086957,0.9947020354499504,2.197826086956522,1.998885679866531,67500.00000183587,4.7100294724823115,4750000.0,
0.9565217391304348,1.3193822250626939,2.9152173913043478,2.651340946291809,67510.00000183645,4.675260962675477,4751000.0,
0.8804347826086957,0.9445241879643443,2.0869565217391304,1.8980516841462611,67520.00000183703,4.6540250037332855,4752000.0,
0.8478260869565217,0.9032012547409043,1.9956521739130435,1.8150119229648625,67530.00000183762,4.784798915972332,4753000.0,
0.8260869565217391,1.0389766067607789,2.2956521739130435,2.0878568525608876,67540.0000018382,5.075600629364115,4754000.0,
0.8369565217391305,1.1009610065959392,2.432608695652174,2.212416494332986,67550.00000183878,5.084262501513114,4755000.0,
0.8369565217391305,1.065541349547276,2.354347826086957,2.1412395561775006,67560.00000183936,5.042462391792664,4756000.0,
0.8043478260869565,1.1039126446833276,2.4391304347826086,2.2183479058459428,67570.00000183994,5.295131936764246,4757000.0,
0.8369565217391305,1.2308330824410365,2.719565217391304,2.473398600903097,67580.00000184053,5.240992773951503,4758000.0,
0.8369565217391305,1.192461787304985,2.634782608695652,2.396290251234655,67590.00000184111,5.195666031711057,4759000.0,
0.75,0.9563307403138989,2.1130434782608694,1.9217773301980896,67600.00000184169,5.483800407515562,4760000.0,
0.8043478260869565,1.0389766067607789,2.2956521739130435,2.087856852560887,67610.00000184227,5.216562808536339,4761000.0,
0.8804347826086957,1.165897044518488,2.5760869565217392,2.3429075476180414,67620.00000184285,4.910399112412354,4762000.0,
0.782608695652174,1.1009610065959392,2.4326086956521733,2.212416494332986,67630.00000184344,5.441780730785117,4763000.0,
0.8913043478260869,1.2013167015671506,2.654347826086956,2.4140844857735266,67640.00000184402,4.8912309335839295,4764000.0,
0.8695652173913043,1.0684929876346647,2.3608695652173917,2.147170967690458,67650.0000018446,4.861264435901198,4765000.0,
0.8478260869565217,1.1186708351202708,2.4717391304347816,2.248004963410728,67660.00000184518,5.045609190266333,4766000.0,
0.8695652173913043,1.0773479018968306,2.3804347826086953,2.1649652022293293,67670.00000184576,4.872447587302747,4767000.0,
0.8586956521739131,1.1777035968680425,2.6021739130434782,2.3666331936698697,67680.00000184635,5.051500391412324,4768000.0,
0.9347826086956522,1.1245741112950478,2.4847826086956517,2.2598677864366423,67690.00000184693,4.583960677312331,4769000.0,
0.8695652173913043,1.095057730421162,2.4195652173913045,2.200553671307072,67700.00000184751,4.894313890105815,4770000.0,
0.9239130434782609,1.115719197032882,2.4652173913043485,2.242073551897771,67710.0000018481,4.629246660432304,4771000.0,
0.8804347826086957,1.1186708351202705,2.471739130434783,2.2480049634107284,67720.00000184868,4.86169773877516,4772000.0,
0.8043478260869565,1.0832511780716079,2.393478260869565,2.1768280252552437,67730.00000184926,5.2780933566528825,4773000.0,
0.8913043478260869,0.9651856545760648,2.1326086956521744,1.9395715647369607,67740.00000184984,4.6311814662283615,4774000.0,
0.8478260869565217,1.0714446257220533,2.367391304347826,2.153102379203415,67750.00000185042,4.994521866361012,4775000.0,
0.8804347826086957,1.2721560156644764,2.810869565217391,2.556438362084496,67760.000001851,5.038001894455114,4776000.0,
0.8695652173913043,0.9474758260517331,2.0934782608695657,1.903983095659218,67770.00000185159,4.728094700081177,4777000.0,
0.8695652173913043,1.1629454064310993,2.569565217391304,2.336976136105084,67780.00000185217,4.976384717517477,4778000.0,
0.8478260869565217,1.0271700544112248,2.2695652173913046,2.0641312065090593,67790.00000185275,4.9443518591740006,4779000.0,
0.8695652173913043,1.1275257493824364,2.491304347826087,2.265799197949599,67800.00000185333,4.936652111911572,4780000.0,
0.8152173913043478,1.0802995399842192,2.38695652173913,2.1708966137422863,67810.00000185391,5.208364769177228,4781000.0,
0.8478260869565217,0.9976536735373389,2.2043478260869565,2.0048170913794885,67820.0000018545,4.911076127886942,4782000.0,
0.8804347826086957,1.1688486826058766,2.5826086956521737,2.3488389591309984,67830.00000185508,4.924121960610978,4783000.0,
0.8586956521739131,1.1334290255572135,2.5043478260869563,2.2776620209755136,67840.00000185566,5.0080413969748685,4784000.0,
0.8043478260869565,1.0212667782364475,2.256521739130435,2.052268383483145,67850.00000185624,5.207518156858195,4785000.0,
0.7717391304347826,0.8205553882940243,1.81304347826087,1.6489324006020647,67860.00000185682,5.168040784969096,4786000.0,
0.8913043478260869,1.1304773874698248,2.4978260869565214,2.271730609462556,67870.0000018574,4.822972190938803,4787000.0,
0.8695652173913043,1.1127675589454933,2.4586956521739123,2.2361421403848145,67880.00000185799,4.923680192909321,4788000.0,
0.8369565217391305,1.1009610065959392,2.4326086956521737,2.212416494332986,67890.00000185857,5.101924839176481,4789000.0,
0.8478260869565217,1.3223338631500823,2.921739130434782,2.6572723578047657,67900.00000185915,5.298134813071442,4790000.0,
0.8478260869565217,1.038976606760779,2.2956521739130435,2.087856852560887,67910.00000185973,4.964431382458447,4791000.0,
0.8804347826086957,1.1452355779067676,2.5304347826086953,2.301387667027342,67920.00000186032,4.901746582434472,4792000.0,
0.7717391304347826,1.0183151401490587,2.2499999999999996,2.046336971970188,67930.0000018609,5.428236519767399,4793000.0,
0.8478260869565217,1.0301216924986132,2.276086956521739,2.0700626180220163,67940.00000186148,4.9555255861493155,4794000.0,
0.8586956521739131,1.065541349547276,2.3543478260869564,2.141239556177501,67950.00000186206,4.934551951495266,4795000.0,
0.9021739130434783,1.1865585111302077,2.6217391304347823,2.384427428208741,67960.00000186265,4.8313636510091325,4796000.0,
0.8152173913043478,0.9179594451778474,2.028260869565217,1.8446689805296475,67970.00000186323,5.017760919548576,4797000.0,
0.8369565217391305,1.1747519587806534,2.595652173913044,2.3607017821569123,67980.00000186381,5.194765976851996,4798000.0,
0.7391304347826086,0.8825397881291844,1.9499999999999997,1.7734920423741627,67990.00000186439,5.487550889965748,4799000.0,
0.75,1.4216751354680077,2.341304347826086,2.056969320732485,68000.00000186497,5.644731924058813,4800000.0,
0.8387096774193549,1.3162854340787453,2.1677419354838707,1.9044848486681216,68010.00000186556,5.313517248450178,4801000.0,
0.8494623655913979,1.2026774650659964,1.9806451612903224,1.7401096682771235,68020.00000186614,5.113022838745956,4802000.0,
0.8387096774193549,1.3868007251901067,2.2838709677419358,2.006510822703914,68030.00000186672,5.39861881349327,4803000.0,
0.8709677419354839,1.2379351106216772,2.0387096774193543,1.7911226552950197,68040.0000018673,5.02824401601992,4804000.0,
0.7634408602150538,1.2065949812388497,1.9870967741935481,1.745777777945778,68050.00000186788,5.695959623450886,4805000.0,
0.8602150537634409,1.0851519798803941,1.787096774193548,1.5700663782174695,68060.00000186847,4.914486676733485,4806000.0,
0.8387096774193549,1.312367917905892,2.161290322580645,1.8988167389994672,68070.00000186905,5.311923286859646,4807000.0,
0.8709677419354839,1.3868007251901067,2.2838709677419358,2.006510822703915,68080.00000186963,5.201139104351688,4808000.0,
0.7741935483870968,1.2536051753130906,2.064516129032258,1.8137950939696397,68090.00000187021,5.679792796026757,4809000.0,
0.8064516129032258,1.1948424327202896,1.9677419354838706,1.7287734489398134,68100.0000018708,5.3802686167039795,4810000.0,
0.8709677419354839,1.4338109192643476,2.3612903225806448,2.074528138727776,68110.00000187138,5.256595253103681,4811000.0,
0.8387096774193549,1.159584787164609,1.9096774193548383,1.6777604619219169,68120.00000187196,5.1323228873862154,4812000.0,
0.7849462365591398,1.3437080472887193,2.2129032258064516,1.9441616163487077,68130.00000187254,5.71896778640643,4813000.0,
0.8064516129032258,1.1321621739546353,1.8645161290322585,1.6380836942413313,68140.00000187312,5.304678429168025,4814000.0,
0.8279569892473119,1.198759948893143,1.9741935483870967,1.7344415586084683,68150.0000018737,5.2478503280114985,4815000.0,
0.8709677419354839,1.273192756177358,2.096774193548387,1.8421356423129158,68160.00000187429,5.07465094239901,4816000.0,
0.8494623655913979,1.245770142967384,2.051612903225806,1.8024588746323298,68170.00000187487,5.171347130453095,4817000.0,
0.8709677419354839,1.4651510486471744,2.412903225806451,2.1198730160770167,68180.00000187545,5.296035154740955,4818000.0,
0.8387096774193549,1.2614402076587976,2.07741935483871,1.82513131330695,68190.00000187603,5.257355632334624,4819000.0,
0.7526881720430108,1.0028841402504727,1.6516129032258058,1.451036075175712,68200.00000187661,5.515257500758982,4820000.0,
0.8387096774193549,1.1086570769175146,1.8258064516129027,1.6040750362294003,68210.0000018772,5.07621677132264,4821000.0,
0.7956989247311828,1.0420593019790065,1.7161290322580642,1.5077171718622633,68220.00000187778,5.267450203971447,4822000.0,
0.8924731182795699,1.2888628208687714,2.12258064516129,1.864808080987536,68230.00000187836,4.9733017150679215,4823000.0,
0.8279569892473119,1.3750481766715463,2.264516129032258,1.989506493697949,68240.00000187894,5.465445200523349,4824000.0,
0.8602150537634409,1.3946357575358133,2.2967741935483867,2.0178470420412244,68250.00000187953,5.283761568258463,4825000.0,
0.8064516129032258,1.2418526267945305,2.045161290322581,1.796790764963674,68260.00000188011,5.447094590689867,4826000.0,
0.8817204301075269,1.516078758894269,2.496774193548387,2.1935584417695333,68270.00000188069,5.293599080329489,4827000.0,
0.8172043010752689,1.0538118504975669,1.7354838709677416,1.5247215008682287,68280.00000188127,5.146372396133252,4828000.0,
0.8279569892473119,1.359378111980133,2.238709677419355,1.9668340550233283,68290.00000188185,5.449116421091015,4829000.0,
0.8064516129032258,1.245770142967384,2.051612903225806,1.8024588746323298,68300.00000188244,5.454085644077664,4830000.0,
0.8064516129032258,1.3202029502515986,2.1741935483870964,1.9101529583367771,68310.00000188302,5.546915658443454,4831000.0,
0.7956989247311828,1.0773169475346873,1.7741935483870965,1.5587301588801592,68320.0000018836,5.317165893656603,4832000.0,
0.8709677419354839,1.2927803370416246,2.129032258064516,1.8704761906561915,68330.00000188418,5.105535448823903,4833000.0,
0.8172043010752689,1.2340175944488239,2.032258064516129,1.7854545456263644,68340.00000188476,5.370045214389578,4834000.0,
0.7526881720430108,1.1204096254360751,1.84516129032258,1.621079365235366,68350.00000188535,5.679969931077496,4835000.0,
0.8924731182795699,1.4455634677829081,2.3806451612903223,2.0915324677337415,68360.00000188593,5.155147018237138,4836000.0,
0.8602150537634409,1.0459768181518603,1.7225806451612906,1.5133852815309186,68370.00000188651,4.8844455512249665,4837000.0,
0.7956989247311828,1.2457701429673842,2.051612903225806,1.8024588746323298,68380.00000188709,5.5321138284573435,4838000.0,
0.7634408602150538,0.9049462359291373,1.490322580645161,1.3093333334593336,68390.00000188767,5.319997182412517,4839000.0,
0.8387096774193549,1.2888628208687716,2.12258064516129,1.8648080809875363,68400.00000188826,5.30082105577791,4840000.0,
0.8387096774193549,1.1556672709917557,1.9032258064516132,1.6720923522532618,68410.00000188884,5.142523797591243,4841000.0,
0.7956989247311828,1.2692752400045044,2.090322580645161,1.8364675326442605,68420.00000188942,5.563816180139256,4842000.0,
0.8387096774193549,1.21834752975741,2.0064516129032253,1.762782106951744,68430.00000189,5.21828359329907,4843000.0,
0.7956989247311828,1.1439147224731954,1.8838709677419354,1.6550880232472964,68440.00000189058,5.407349583782403,4844000.0,
0.8387096774193549,1.2183475297574102,2.0064516129032257,1.762782106951744,68450.00000189117,5.219309234324771,4845000.0,
0.8172043010752689,1.265357723831651,2.083870967741935,1.8307994229756055,68460.00000189175,5.414711425345248,4846000.0,
0.7419354838709677,1.1164921092632214,1.8387096774193545,1.6154112555667106,68470.00000189233,5.763964727121409,4847000.0,
0.7741935483870968,1.1243271416089284,1.851612903225806,1.6267474749040205,68480.00000189291,5.5344753358268095,4848000.0,
0.8172043010752689,1.331955498770159,2.193548387096774,1.9271572873427425,68490.0000018935,5.497785018362199,4849000.0,
0.8387096774193549,1.2653577238316511,2.083870967741935,1.8307994229756055,68500.00000189408,5.277923952900617,4850000.0,
0.7956989247311828,1.1282446577817817,1.8580645161290323,1.632415584572676,68510.00000189466,5.3914399078866575,4851000.0,
0.8709677419354839,1.3319554987701592,2.193548387096774,1.9271572873427425,68520.00000189524,5.159897054265853,4852000.0,
0.8924731182795699,1.351543079634426,2.225806451612903,1.9554978356860182,68530.00000189582,5.057991643565219,4853000.0,
0.8172043010752689,1.222265045930264,2.012903225806451,1.7684502166203993,68540.0000018964,5.366190122124059,4854000.0,
0.8387096774193549,1.292780337041625,2.129032258064516,1.8704761906561915,68550.00000189699,5.3131842481383,4855000.0,
0.8602150537634409,1.3868007251901062,2.2838709677419358,2.006510822703914,68560.00000189757,5.290153343157481,4856000.0,
0.8494623655913979,1.3280379825973057,2.1870967741935483,1.9214891776740874,68570.00000189815,5.28844724546165,4857000.0,
0.7419354838709677,1.132162173954635,1.8645161290322578,1.6380836942413308,68580.00000189873,5.791462060691367,4858000.0,
0.7956989247311828,1.198759948893143,1.9741935483870967,1.734441558608468,68590.00000189932,5.484384800770106,4859000.0,
0.7849462365591398,0.861370512814258,1.9032258064516125,1.7309517038887612,68600.0000018999,5.505162413865222,4860000.0,
0.8494623655913979,0.9343680139002117,2.0645161290322576,1.877642526252216,68610.00000190048,4.827038294970253,4861000.0,
0.8817204301075269,1.0248849152467947,2.2645161290322577,2.059539145982899,68620.00000190106,4.753586550340055,4862000.0,
0.8279569892473119,1.156280417201512,2.5548387096774188,2.3235826262371164,68630.00000190164,5.221478945580201,4863000.0,
0.7956989247311828,1.1796396175490176,2.606451612903226,2.370523689393422,68640.00000190223,5.463057897864808,4864000.0,
0.8602150537634409,1.1008023163761869,2.4322580645161294,2.2120976012408917,68650.00000190281,4.962180192911562,4865000.0,
0.8172043010752689,1.007365514986166,2.225806451612903,2.0243333486156696,68660.00000190339,5.109536748732308,4866000.0,
0.8709677419354839,0.978166514551784,2.1612903225806455,1.9656570196702878,68670.00000190397,4.76110229460815,4867000.0,
0.8817204301075269,1.1825595175924557,2.6129032258064515,2.37639132228796,68680.00000190455,4.935339453000547,4868000.0,
0.8494623655913979,0.9460476140739644,2.090322580645161,1.9011130578303683,68690.00000190514,4.84483833061807,4869000.0,
0.7956989247311828,0.9723267144649078,2.1483870967741936,1.9539217538812117,68700.00000190572,5.205759249394427,4870000.0,
0.9139784946236559,1.2059187179399609,2.664516129032258,2.423332385444265,68710.0000019063,4.788120479745528,4871000.0,
0.8817204301075269,1.1592003172449503,2.561290322580645,2.3294502591316544,68720.00000190688,4.910797920899223,4872000.0,
0.8279569892473119,1.0745232159852436,2.3741935483870966,2.159288905190048,68730.00000190747,5.127928040215401,4873000.0,
0.7849462365591398,1.0219650152033566,2.2580645161290325,2.0536715130883607,68740.00000190805,5.342500635943462,4874000.0,
0.8494623655913979,0.9810864145952224,2.1677419354838707,1.9715246525648262,68750.00000190863,4.889124513510361,4875000.0,
0.7956989247311828,1.0161252151164804,2.2451612903225806,2.0419362472992844,68760.00000190921,5.264046554267539,4876000.0,
0.9032258064516129,1.118321716636816,2.470967741935483,2.2473033986081203,68770.0000019098,4.750996662585611,4877000.0,
0.8279569892473119,1.132921216854007,2.5032258064516126,2.276641563080811,68780.00000191038,5.201058093212889,4878000.0,
0.8817204301075269,1.1329212168540073,2.5032258064516126,2.2766415630808114,68790.00000191096,4.884408209480425,4879000.0,
0.8387096774193549,0.93728791394365,2.070967741935484,1.8835101591467533,68800.00000191154,4.902148410342742,4880000.0,
0.8602150537634409,1.0336446153771093,2.2838709677419353,2.0771420446665134,68810.00000191212,4.892109365500599,4881000.0,
0.8279569892473119,1.1066421164630633,2.445161290322581,2.2238328670299676,68820.0000019127,5.171396322610961,4882000.0,
0.8064516129032258,0.9635670143345935,2.129032258064516,1.9363188551975974,68830.00000191329,5.132420431241315,4883000.0,
0.8387096774193549,1.0044456149427277,2.2193548387096773,2.0184657157211316,68840.00000191387,4.984272335893045,4884000.0,
0.9032258064516129,1.130001316810569,2.496774193548387,2.270773930186273,68850.00000191445,4.767737172302012,4885000.0,
0.7634408602150538,0.8672103129011343,1.9161290322580644,1.7426869696778378,68860.00000191503,5.2970473114055485,4886000.0,
0.8817204301075269,0.9927660147689753,2.193548387096774,1.9949951841429792,68870.00000191561,4.729354138823238,4887000.0,
0.8602150537634409,0.9810864145952223,2.1677419354838707,1.9715246525648262,68880.0000019162,4.834510457091859,4888000.0,
0.9139784946236559,1.0745232159852436,2.374193548387097,2.159288905190048,68890.00000191678,4.652828930548506,4889000.0,
0.9032258064516129,1.261396818765286,2.7870967741935484,2.534817410440491,68900.00000191736,4.915591716132969,4890000.0,
0.8494623655913979,1.0336446153771093,2.2838709677419358,2.0771420446665134,68910.00000191794,4.959098091646472,4891000.0,
0.8709677419354839,0.9986058148558514,2.206451612903225,2.0067304499320553,68920.00000191852,4.796915318414772,4892000.0,
0.8172043010752689,0.8964093133355155,1.9806451612903222,1.801363298623219,68930.0000019191,4.987971923029049,4893000.0,
0.8494623655913979,1.0453242155508622,2.3096774193548386,2.1006125762446657,68940.00000191969,4.9743664817245214,4894000.0,
0.8602150537634409,1.0628436158114911,2.3483870967741933,2.135818373611895,68950.00000192027,4.933053203505976,4895000.0,
0.8602150537634409,1.1212416166802541,2.47741935483871,2.2531710315026583,68960.00000192085,5.0014408795159415,4896000.0,
0.9247311827956989,1.3606734202421835,3.006451612903226,2.734316928854789,68970.00000192143,4.911888698750431,4897000.0,
0.8064516129032258,0.896409313335516,1.9806451612903224,1.801363298623219,68980.00000192202,5.057144882002925,4898000.0,
0.8172043010752689,0.9869262146820987,2.1806451612903226,1.9832599183539028,68990.0000019226,5.101893920729657,4899000.0,
0.8172043010752689,0.9285282138133356,2.051612903225806,1.865907260463139,69000.00000192318,5.030959524929753,4900000.0,
0.8494623655913979,0.9927660147689751,2.193548387096774,1.994995184142979,69010.00000192376,4.916038473209343,4901000.0,
0.7956989247311828,1.153360517158074,2.548387096774193,2.317714993342579,69020.00000192435,5.450572001428737,4902000.0,
0.8387096774193549,1.1504406171146357,2.5419354838709673,2.3118473604480405,69030.00000192493,5.168086889765245,4903000.0,
0.8279569892473119,1.153360517158074,2.548387096774193,2.3177149933425785,69040.00000192551,5.239251014360146,4904000.0,
0.8709677419354839,1.1095620165065014,2.4516129032258065,2.229700499924506,69050.00000192609,4.930729228952313,4905000.0,
0.8064516129032258,1.0774431160286817,2.380645161290322,2.1651565380845863,69060.00000192667,5.285893464009366,4906000.0,
0.8817204301075269,1.0570038157246144,2.3354838709677415,2.124083107822819,69070.00000192726,4.811965303322274,4907000.0,
0.8494623655913979,1.0862028161589963,2.4,2.1827594367682,69080.00000192784,5.029577998896535,4908000.0,
0.8387096774193549,1.1387610169408833,2.516129032258065,2.288376828869888,69090.00000192842,5.157238135712104,4909000.0,
0.8709677419354839,1.1796396175490174,2.6064516129032262,2.3705236893934214,69100.000001929,5.013657832618555,4910000.0,
0.8387096774193549,0.8847297131617632,1.9548387096774191,1.7778927670450668,69110.00000192958,4.855380299155008,4911000.0,
0.8494623655913979,1.0015257148992895,2.2129032258064516,2.0125980828265932,69120.00000193017,4.931920145514973,4912000.0,
0.8387096774193549,1.0511640156377382,2.3225806451612896,2.1123478420337425,69130.00000193075,5.054846839286679,4913000.0,
0.8602150537634409,0.9840063146386607,2.1741935483870964,1.977392285459364,69140.00000193133,4.850904840893113,4914000.0,
0.8494623655913979,0.9840063146386606,2.1741935483870964,1.977392285459364,69150.00000193191,4.912815028752549,4915000.0,
0.8602150537634409,1.170879917418703,2.587096774193548,2.352920790709807,69160.0000019325,5.0691454041249715,4916000.0,
0.8602150537634409,1.1971590178096463,2.6451612903225805,2.405729486760651,69170.00000193308,5.100194858329472,4917000.0,
0.8064516129032258,1.1241615167236925,2.4838709677419355,2.2590386643971967,69180.00000193366,5.350224280871552,4918000.0,
0.8709677419354839,1.2380376184177806,2.735483870967742,2.4878763472841854,69190.00000193424,5.085151833616282,4919000.0,
0.8494623655913979,1.4808211133385887,2.438709677419355,2.142545454751637,69200.00000193482,5.056278052368263,4920000.0,
0.7956989247311828,1.2418526267945305,2.0451612903225804,1.796790764963675,69210.0000019354,5.572055328404881,4921000.0,
0.8924731182795699,1.4612335324743215,2.4064516129032256,2.1142049064083617,69220.00000193599,5.214150825664869,4922000.0,
0.7634408602150538,1.1321621739546353,1.8645161290322576,1.6380836942413313,69230.00000193657,5.664942002645854,4923000.0,
0.8064516129032258,1.2105124974117032,1.9935483870967738,1.7514458876144332,69240.00000193715,5.460499496924871,4924000.0,
0.8279569892473119,1.2183475297574098,2.0064516129032257,1.7627821069517438,69250.00000193773,5.328650912695044,4925000.0,
0.8602150537634409,1.3280379825973057,2.1870967741935483,1.9214891776740874,69260.00000193832,5.256841654895387,4926000.0,
0.8064516129032258,1.2849453046959178,2.116129032258064,1.8591399713188814,69270.0000019389,5.55439617795739,4927000.0,
0.7849462365591398,1.3789656928444,2.270967741935484,1.9951746033666038,69280.00000193948,5.82689875951528,4928000.0,
0.8064516129032258,1.2496876591402375,2.058064516129032,1.8081269843009848,69290.00000194006,5.511743364135076,4929000.0,
0.8602150537634409,1.2653577238316511,2.0838709677419356,1.830799422975605,69300.00000194064,5.18597585408043,4930000.0,
0.8709677419354839,1.214430013584557,1.9999999999999998,1.7571139972830887,69310.00000194123,5.0639727317710745,4931000.0,
0.7849462365591398,1.0773169475346875,1.774193548387097,1.558730158880159,69320.00000194181,5.444798303161938,4932000.0,
0.8602150537634409,1.3711306604986933,2.2580645161290325,1.983838384029294,69330.00000194239,5.310436892955954,4933000.0,
0.7956989247311828,1.1948424327202898,1.9677419354838706,1.7287734489398132,69340.00000194297,5.520001976393069,4934000.0,
0.8387096774193549,1.187007400374583,1.954838709677419,1.717437229602503,69350.00000194355,5.228096003140241,4935000.0,
0.7849462365591398,1.053811850497567,1.7354838709677414,1.5247215008682287,69360.00000194414,5.417045234333953,4936000.0,
0.8064516129032258,1.0616468828432737,1.7483870967741935,1.536057720205539,69370.00000194472,5.282839468193755,4937000.0,
0.7956989247311828,1.132162173954635,1.864516129032258,1.6380836942413313,69380.0000019453,5.443390299836359,4938000.0,
0.7741935483870968,1.0812344637075406,1.7806451612903218,1.5643982685488147,69390.00000194588,5.529369515762681,4939000.0,
0.8064516129032258,1.187007400374583,1.9548387096774191,1.717437229602503,69400.00000194646,5.439886509932672,4940000.0,
0.8172043010752689,1.2457701429673838,2.051612903225806,1.8024588746323298,69410.00000194705,5.440742411922147,4941000.0,
0.7741935483870968,1.214430013584557,1.9999999999999998,1.757113997283089,69420.00000194763,5.703080434353925,4942000.0,
0.9354838709677419,1.2966978532144784,2.1354838709677417,1.8761443003248464,69430.00000194821,4.808191958150203,4943000.0,
0.7956989247311828,1.3319554987701592,2.193548387096774,1.9271572873427423,69440.00000194879,5.697725153996599,4944000.0,
0.8709677419354839,1.1517497548189022,1.896774193548387,1.6664242425846072,69450.00000194937,4.998920088991157,4945000.0,
0.9032258064516129,1.2496876591402377,2.058064516129032,1.8081269843009853,69460.00000194996,4.929294670359169,4946000.0,
0.8817204301075269,1.4769035971657347,2.432258064516129,2.1368773450829823,69470.00000195054,5.307705299348096,4947000.0,
0.8064516129032258,1.0224717211147394,1.6838709677419355,1.4793766235189878,69480.00000195112,5.240128934317381,4948000.0,
0.8709677419354839,1.1791723680288764,1.941935483870967,1.7061010102651926,69490.0000019517,5.032380620207662,4949000.0,
0.7956989247311828,1.198759948893143,1.9741935483870967,1.734441558608468,69500.00000195228,5.533573989962159,4950000.0,
0.8387096774193549,1.3084504017330385,2.154838709677419,1.893148629330812,69510.00000195287,5.381098556042466,4951000.0,
0.7634408602150538,1.2536051753130908,2.064516129032258,1.8137950939696401,69520.00000195345,5.840353257947317,4952000.0,
0.7849462365591398,1.2927803370416249,2.129032258064516,1.8704761906561909,69530.00000195403,5.730799607602953,4953000.0,
0.8172043010752689,1.2379351106216772,2.0387096774193543,1.7911226552950195,69540.00000195461,5.4379969118153,4954000.0,
0.8494623655913979,1.2105124974117032,1.9935483870967738,1.7514458876144334,69550.0000019552,5.199714712271361,4955000.0,
0.8387096774193549,1.092987012226101,1.8,1.5814025975547799,69560.00000195578,5.126764001886908,4956000.0,
0.8494623655913979,1.4377284354372009,2.367741935483871,2.080196248396431,69570.00000195636,5.468209424124221,4957000.0,
0.8064516129032258,1.2692752400045042,2.090322580645161,1.8364675326442603,69580.00000195694,5.551498631074333,4958000.0,
0.8387096774193549,1.2653577238316511,2.083870967741935,1.8307994229756057,69590.00000195752,5.333821388801307,4959000.0,
0.7634408602150538,1.2653577238316511,2.083870967741935,1.8307994229756057,69600.0000019581,5.860254483471891,4960000.0,
0.8064516129032258,1.265357723831651,2.0838709677419356,1.8307994229756055,69610.00000195869,5.548240911020088,4961000.0,
0.8602150537634409,1.1164921092632214,1.8387096774193545,1.6154112555667104,69620.00000195927,5.028919577145563,4962000.0,
0.8494623655913979,1.2966978532144784,2.1354838709677417,1.8761443003248464,69630.00000195985,5.305224055178661,4963000.0,
0.9139784946236559,1.371130660498693,2.258064516129032,1.9838383840292937,69640.00000196043,5.012646487488806,4964000.0,
0.8279569892473119,1.1635023033374623,1.9161290322580644,1.6834285715905721,69650.00000196102,5.283188496370862,4965000.0,
0.8387096774193549,1.4690685648200283,2.419354838709677,2.125541125745672,69660.0000019616,5.580297135108172,4966000.0,
0.8172043010752689,1.1125745930903679,1.8322580645161295,1.6097431458980558,69670.00000196218,5.291437331152385,4967000.0,
0.8602150537634409,1.112574593090368,1.8322580645161288,1.6097431458980556,69680.00000196276,5.027365464594795,4968000.0,
0.7526881720430108,1.2222650459302637,2.012903225806451,1.7684502166203988,69690.00000196334,5.8918635611670895,4969000.0,
0.8172043010752689,1.1909249165474363,1.9612903225806453,1.723105339271158,69700.00000196393,5.388892332224942,4970000.0,
0.8064516129032258,1.2653577238316511,2.0838709677419356,1.8307994229756055,69710.00000196451,5.553574244353732,4971000.0,
0.8817204301075269,1.2065949812388501,1.9870967741935481,1.7457777779457788,69720.00000196509,5.01333089348051,4972000.0,
0.8709677419354839,1.3319554987701592,2.193548387096774,1.9271572873427425,69730.00000196567,5.219650140689084,4973000.0,
0.8064516129032258,1.351543079634426,2.225806451612903,1.9554978356860182,69740.00000196625,5.662044085549266,4974000.0,
0.8064516129032258,1.139997206300342,1.8774193548387097,1.6494199135786412,69750.00000196684,5.400260535948366,4975000.0,
0.7849462365591398,1.4063883060543731,2.3161290322580648,2.0348513710471896,69760.00000196742,5.888135787304858,4976000.0,
0.8279569892473119,1.2888628208687714,2.1225806451612903,1.8648080809875358,69770.000001968,5.440831718844104,4977000.0,
0.8494623655913979,1.2810277885230648,2.109677419354839,1.8534718616502257,69780.00000196858,5.294371953706932,4978000.0,
0.8064516129032258,1.2340175944488239,2.032258064516129,1.7854545456263644,69790.00000196917,5.518979150585941,4979000.0,
0.8172043010752689,1.0307247153336714,2.27741935483871,2.071274411771975,69800.00000196975,5.629051821694892,4980000.0,
0.8924731182795699,1.2263580182440281,2.7096774193548385,2.464405815706033,69810.00000197033,4.979410791649449,4981000.0,
0.8387096774193549,1.0745232159852434,2.3741935483870966,2.1592889051900475,69820.00000197091,5.118082808933841,4982000.0,
0.7526881720430108,0.972326714464908,2.1483870967741936,1.9539217538812117,69830.0000019715,5.567802635077868,4983000.0,
0.8924731182795699,1.042404315507424,2.3032258064516125,2.094744943350128,69840.00000197208,4.774739775330206,4984000.0,
0.8387096774193549,1.1037222164196252,2.4387096774193546,2.2179652341354292,69850.00000197266,5.154435463298002,4985000.0,
0.8817204301075269,1.0161252151164806,2.24516129032258,2.0419362472992844,69860.00000197324,4.804139573366512,4986000.0,
0.8817204301075269,1.1971590178096463,2.6451612903225805,2.405729486760651,69870.00000197382,5.009946203250252,4987000.0,
0.8494623655913979,1.045324215550862,2.309677419354838,2.1006125762446657,69880.0000019744,5.021961418436153,4988000.0,
0.8817204301075269,1.1300013168105687,2.4967741935483865,2.2707739301862735,69890.00000197499,4.934755152117209,4989000.0,
0.8494623655913979,1.0949625162893106,2.4193548387096775,2.2003623354518154,69900.00000197557,5.0814090382928665,4990000.0,
0.8709677419354839,1.173799817462141,2.593548387096774,2.358788423604346,69910.00000197615,5.046952876965581,4991000.0,
0.8279569892473119,1.0920426162458727,2.4129032258064513,2.1944947025572765,69920.00000197673,5.2109060171571615,4992000.0,
0.8602150537634409,1.0219650152033568,2.2580645161290325,2.0536715130883603,69930.00000197731,4.934531830301872,4993000.0,
0.8494623655913979,1.0803630160721198,2.3870967741935485,2.1710241709791243,69940.0000019779,5.066247601328444,4994000.0,
0.8387096774193549,1.1416809169843212,2.52258064516129,2.2942444617644258,69950.00000197848,5.204822119099796,4995000.0,
0.8387096774193549,0.9314481138567732,2.0580645161290323,1.8717748933576777,69960.00000197906,4.954672751268262,4996000.0,
0.8602150537634409,1.0336446153771093,2.2838709677419358,2.077142044666513,69970.00000197964,4.950109365503976,4997000.0,
0.8387096774193549,1.0307247153336714,2.2774193548387096,2.071274411771975,69980.00000198022,5.074066647901034,4998000.0,
0.8924731182795699,1.0920426162458727,2.412903225806451,2.194494702557277,69990.0000019808,4.837587509892985,4999000.0,
0.9139784946236559,1.2000789178530844,2.6516129032258062,2.411597119655189,70000.00000198139,4.842436933771656,5000000.0,
0.8279569892473119,1.0015257148992895,2.2129032258064516,2.0125980828265937,70010.00000198197,5.106255733712859,5001000.0,
0.7849462365591398,0.9256083137698973,2.0451612903225804,1.8600396275686013,70020.00000198255,5.289881824532315,5002000.0,
0.8924731182795699,1.0716033159418055,2.3677419354838705,2.1534212722955095,70030.00000198314,4.816613354130707,5003000.0,
0.8494623655913979,1.1621202172883884,2.5677419354838706,2.3353178920261928,70040.00000198372,5.167556711621308,5004000.0,
0.8494623655913979,1.118321716636816,2.4709677419354836,2.24730339860812,70050.0000019843,5.1165027804745495,5005000.0,
0.8279569892473119,1.1679600173752647,2.580645161290323,2.3470531578152696,70060.00000198488,5.3098711899502264,5006000.0,
0.8817204301075269,1.2292779182874665,2.7161290322580642,2.4702734486005715,70070.00000198546,5.056129834280543,5007000.0,
0.8817204301075269,1.1796396175490174,2.606451612903226,2.3705236893934223,70080.00000198605,5.000320541979648,5008000.0,
0.8387096774193549,1.1066421164630635,2.4451612903225803,2.2238328670299676,70090.00000198663,5.170224574888971,5009000.0,
0.8602150537634409,1.0394844154639857,2.296774193548387,2.0888773104555898,70100.00000198721,4.963398133105348,5010000.0,
0.8172043010752689,1.2234381182005898,2.7032258064516124,2.4585381828114947,70110.00000198779,5.450257171091241,5011000.0,
0.7956989247311828,1.1796396175490171,2.6064516129032254,2.3705236893934223,70120.00000198837,5.543057897869466,5012000.0,
0.8279569892473119,1.065763515854929,2.3548387096774186,2.1416860065064336,70130.00000198896,5.190075415386916,5013000.0,
0.8602150537634409,1.024884915246795,2.264516129032258,2.0595391459828987,70140.00000198954,4.948426214102979,5014000.0,
0.8064516129032258,0.9810864145952223,2.1677419354838703,1.9715246525648258,70150.00000199012,5.224544487568593,5015000.0,
0.8279569892473119,0.9460476140739644,2.090322580645161,1.9011130578303683,70160.0000019907,5.047041923625582,5016000.0,
0.8279569892473119,1.1737998174621411,2.593548387096774,2.3587884236043455,70170.00000199128,5.322638740704838,5017000.0,
0.8602150537634409,1.135841116897445,2.509677419354839,2.282509195975349,70180.00000199187,5.079412798521977,5018000.0,
0.7956989247311828,0.9226884137264592,2.0387096774193547,1.8541719946740622,70190.00000199245,5.223916520092686,5019000.0,
0.8924731182795699,1.0920426162458725,2.412903225806452,2.1944947025572774,70200.00000199303,4.8477079918212835,5020000.0,
0.8064516129032258,1.045324215550862,2.3096774193548386,2.1006125762446657,70210.00000199361,5.307399360753772,5021000.0,
0.8602150537634409,1.0102854150296041,2.232258064516129,2.030200981510208,70220.0000019942,4.935454295100728,5022000.0,
0.8924731182795699,1.1124819165499396,2.458064516129032,2.235568132819044,70230.00000199478,4.87205564155966,5023000.0,
0.8172043010752689,1.1270814167671306,2.490322580645161,2.2649062972917346,70240.00000199536,5.339189102232275,5024000.0,
0.8817204301075269,1.15920031724495,2.5612903225806454,2.329450259131655,70250.00000199594,4.98543206724503,5025000.0,
0.8602150537634409,1.275996318982477,2.8193548387096774,2.5641555749131815,70260.00000199652,5.24634322094606,5026000.0,
0.8709677419354839,1.2935157192431057,2.8580645161290326,2.599361372280411,70270.0000019971,5.2021822456780935,5027000.0,
0.8709677419354839,1.0540839156811763,2.329032258064516,2.1182154749282804,70280.00000199769,4.927772890971216,5028000.0,
0.8387096774193549,0.9956859148124133,2.1999999999999997,2.000862817037517,70290.00000199827,5.0481870524086645,5029000.0,
0.8709677419354839,1.1358411168974447,2.5096774193548383,2.2825091959753494,70300.00000199885,5.022629924466495,5030000.0,
0.7956989247311828,1.1504406171146357,2.5419354838709673,2.3118473604480405,70310.00000199943,5.516632127053882,5031000.0,
0.9247311827956989,1.0686834158983674,2.3612903225806448,2.1475536394009715,70320.00000200002,4.658922763824146,5032000.0,
0.8709677419354839,1.0570038157246144,2.3354838709677415,2.124083107822819,70330.0000020006,4.933594504601479,5033000.0,
0.7849462365591398,0.9256083137698974,2.0451612903225804,1.8600396275686013,70340.00000200118,5.307416071108678,5034000.0,
0.8709677419354839,1.0336446153771093,2.2838709677419353,2.0771420446665134,70350.00000200176,4.907762336301315,5035000.0,
0.8172043010752689,1.0716033159418055,2.3677419354838705,2.1534212722955095,70360.00000200234,5.277617215696389,5036000.0,
0.9247311827956989,1.2146784180702754,2.6838709677419352,2.44093528412788,70370.00000200293,4.81912666152181,5037000.0,
0.8602150537634409,0.9343680139002118,2.064516129032258,1.8776425262522156,70380.00000200351,4.8552003162882755,5038000.0,
0.7849462365591398,1.1037222164196252,2.4387096774193546,2.2179652341354297,70390.00000200409,5.537068029279039,5039000.0,
0.8602150537634409,1.488656145684295,2.451612903225806,2.1538816740889475,70400.00000200467,5.0598633443181456,5040000.0,
0.8494623655913979,1.1439147224731951,1.8838709677419354,1.6550880232472966,70410.00000200525,5.164859103801981,5041000.0,
0.8817204301075269,1.3946357575358135,2.296774193548387,2.017847042041225,70420.00000200584,5.260742993429053,5042000.0,
0.8817204301075269,1.0969045283989545,1.8064516129032255,1.5870707072234351,70430.00000200642,4.923560014042155,5043000.0,
0.9139784946236559,1.582676533832777,2.606451612903226,2.28991630613667,70440.000002007,5.281749619491818,5044000.0,
0.8064516129032258,1.2888628208687716,2.1225806451612903,1.8648080809875363,70450.00000200758,5.622187231348725,5045000.0,
0.7741935483870968,1.1752548518560229,1.9354838709677413,1.7004329005965377,70460.00000200816,5.710256961569042,5046000.0,
0.8494623655913979,1.2575226914859443,2.0709677419354837,1.8194632036382952,70470.00000200875,5.301638105298179,5047000.0,
0.8387096774193549,1.324120466424452,2.1806451612903226,1.915821068005432,70480.00000200933,5.449525684459483,5048000.0,
0.8172043010752689,1.226182562103117,2.0193548387096776,1.7741183262890543,70490.00000200991,5.473615503762603,5049000.0,
0.8709677419354839,1.3593781119801331,2.238709677419355,1.9668340550233283,70500.00000201049,5.2891600546237365,5050000.0,
0.9032258064516129,1.359378111980133,2.238709677419355,1.9668340550233283,70510.00000201107,5.100737671720536,5051000.0,
0.7741935483870968,1.2810277885230648,2.1096774193548384,1.853471861650226,70520.00000201166,5.850213671430833,5052000.0,
0.9139784946236559,1.3985532737086666,2.303225806451613,2.0235151517098795,70530.00000201224,5.0845324054739205,5053000.0,
0.8279569892473119,1.1517497548189022,1.8967741935483866,1.6664242425846065,70540.00000201282,5.315227626084903,5054000.0,
0.8172043010752689,1.2379351106216767,2.0387096774193547,1.7911226552950197,70550.0000020134,5.491154806555235,5055000.0,
0.7526881720430108,1.2183475297574098,2.0064516129032257,1.7627821069517438,70560.00000201399,5.936373146826048,5056000.0,
0.8064516129032258,1.4103058222272271,2.3225806451612905,2.0405194807158447,70570.00000201457,5.779176553033582,5057000.0,
0.8709677419354839,1.163502303337462,1.9161290322580642,1.6834285715905724,70580.00000201515,5.068216224947814,5058000.0,
0.8602150537634409,1.214430013584557,1.9999999999999993,1.757113997283089,70590.00000201573,5.191272390921937,5059000.0,
0.7956989247311828,1.2966978532144784,2.1354838709677417,1.8761443003248464,70600.00000201631,5.7161175724235145,5060000.0,
0.8172043010752689,1.245770142967384,2.051612903225806,1.8024588746323298,70610.0000020169,5.503900306662666,5061000.0,
0.7526881720430108,1.0616468828432737,1.7483870967741937,1.536057720205539,70620.00000201748,5.731613715926038,5062000.0,
0.8817204301075269,1.1909249165474363,1.9612903225806448,1.723105339271158,70630.00000201806,5.03994899084527,5063000.0,
0.7634408602150538,1.1008220445718078,1.8129032258064515,1.59273881689209,70640.00000201864,5.703327466980014,5064000.0,
0.7741935483870968,1.0851519798803941,1.787096774193548,1.5700663782174697,70650.00000201922,5.604429640823359,5065000.0,
0.8494623655913979,1.2418526267945307,2.0451612903225804,1.7967907649636745,70660.0000020198,5.292811320282265,5066000.0,
0.8723404255319149,1.2286414286371419,2.0234042553191487,1.7776759695917206,70670.00000202039,5.09965968661343,5067000.0,
0.8936170212765957,1.2325172691060289,2.029787234042553,1.7832837802213473,70680.00000202097,4.983052658409273,5068000.0,
0.8297872340425532,1.1588763001971782,1.9085106382978725,1.676735378258437,70690.00000202155,5.278130413191658,5069000.0,
0.8617021276595744,1.1084903741016485,1.8255319148936169,1.6038338400732877,70700.00000202213,5.024665372542862,5070000.0,
0.8723404255319149,1.1472487787905177,1.8893617021276592,1.6599119463695564,70710.00000202272,5.008307136789363,5071000.0,
0.8191489361702128,1.3061582380148795,2.1510638297872338,1.8898321821842579,70720.0000020233,5.528034732257405,5072000.0,
0.851063829787234,1.2402689500438024,2.0425531914893607,1.7944994014806013,70730.00000202388,5.243813516431766,5073000.0,
0.7872340425531915,1.2712756737948976,2.0936170212765957,1.8393618865176162,70740.00000202446,5.70891504523171,5074000.0,
0.8191489361702128,1.1782555025416126,1.940425531914894,1.7047744314065711,70750.00000202504,5.373452172069351,5075000.0,
0.8617021276595744,1.465067697239242,2.412765957446808,2.11975241799896,70760.00000202563,5.4414341179125865,5076000.0,
0.851063829787234,1.2518964714504635,2.0617021276595744,1.811322833369482,70770.00000202621,5.259475854084709,5077000.0,
0.8617021276595744,1.3100340784837663,2.1574468085106377,1.8954399928138854,70780.00000202679,5.2625062146655495,5078000.0,
0.8723404255319149,1.3022823975459932,2.1446808510638298,1.8842243715546314,70790.00000202737,5.1899310412166,5079000.0,
0.8404255319148937,1.1666279811349518,1.9212765957446805,1.687950999517691,70800.00000202795,5.226111775153489,5080000.0,
0.8085106382978723,1.220889747699368,2.01063829787234,1.766460348332467,70810.00000202854,5.500045214397145,5081000.0,
0.8085106382978723,1.2131380667615943,1.9978723404255316,1.7552447270732132,70820.00000202912,5.490983924816246,5082000.0,
0.7978723404255319,1.3061582380148795,2.151063829787234,1.8898321821842585,70830.0000020297,5.681315658451278,5083000.0,
0.851063829787234,1.2015105453549337,1.9787234042553188,1.7384212951843323,70840.00000203028,5.203772390922665,5084000.0,
0.8191489361702128,1.1433729383216307,1.882978723404255,1.6543041357399288,70850.00000203087,5.336063067697209,5085000.0,
0.7872340425531915,1.1162420550394223,1.8382978723404253,1.6150494613325412,70860.00000203145,5.518466934921079,5086000.0,
0.8297872340425532,1.414681771143712,2.3297872340425534,2.046850879813811,70870.00000203203,5.595639570486735,5087000.0,
0.7340425531914894,1.0077185219105893,1.6595744680851057,1.4580307637029888,70880.00000203261,5.77167160971093,5088000.0,
0.851063829787234,1.5348328256792056,2.5276595744680845,2.220693009332244,70890.0000020332,5.59792607030383,5089000.0,
0.8085106382978723,1.100738693163875,1.812765957446808,1.5926182188140336,70900.00000203378,5.356174173261415,5090000.0,
0.7872340425531915,1.1627521406660646,1.914893617021277,1.6823431888880636,70910.00000203436,5.580250016663187,5091000.0,
0.8404255319148937,1.31778575942154,2.1702127659574466,1.906655614073139,70920.00000203494,5.412046346785985,5092000.0,
0.7872340425531915,1.25577231191935,2.0680851063829793,1.816930643999109,70930.00000203552,5.699491855822829,5093000.0,
0.8085106382978723,1.116242055039422,1.838297872340425,1.615049461332542,70940.0000020361,5.377454647160242,5094000.0,
0.8191489361702128,1.2131380667615945,1.9978723404255316,1.755244727073213,70950.00000203669,5.426425692026817,5095000.0,
0.9042553191489362,1.422433452081486,2.342553191489362,2.0580665010730645,70960.00000203727,5.147629935366319,5096000.0,
0.7978723404255319,1.3642958450481826,2.2468085106382976,1.9739493416286613,70970.00000203785,5.761648125933452,5097000.0,
0.8297872340425532,1.403054249737051,2.31063829787234,2.03002744792493,70980.00000203843,5.58726794212519,5098000.0,
0.7872340425531915,1.1666279811349516,1.9212765957446807,1.687950999517691,70990.00000203901,5.589497705907701,5099000.0,
0.8085106382978723,0.883984206767694,1.9531914893617024,1.7763946480081627,71000.0000020396,5.466900990230909,5100000.0,
0.8404255319148937,1.1757567717465731,2.5978723404255315,2.362720986076217,71010.00000204018,5.247606791831226,5101000.0,
0.8404255319148937,0.9735381623552706,2.151063829787234,1.9563561973161798,71020.00000204076,5.0074985730618575,5102000.0,
0.8297872340425532,1.1815344463006103,2.61063829787234,2.374331408612218,71030.00000204134,5.322872281573731,5103000.0,
0.7978723404255319,0.9475386268621033,2.0936170212765957,1.9041092959041754,71040.00000204192,5.243045745807116,5104000.0,
0.8936170212765957,1.0717586297739032,2.368085106382979,2.153733380428198,71050.0000020425,4.820775133443395,5105000.0,
0.9042553191489362,1.051536768834773,2.3234042553191485,2.1130969015521948,71060.00000204309,4.7421677209525805,5106000.0,
0.8191489361702128,1.198867469962722,2.648936170212766,2.409162676220221,71070.00000204367,5.415238210220764,5107000.0,
0.8723404255319149,1.0197595587875685,2.253191489361702,2.0492395776041876,71080.00000204425,4.880209738250448,5108000.0,
0.8723404255319149,1.242200029118001,2.744680851063829,2.496240845240229,71090.00000204484,5.135690277409753,5109000.0,
0.851063829787234,1.0255372333416057,2.26595744680851,2.0608500001401895,71100.00000204542,5.010003749307762,5110000.0,
0.8191489361702128,1.1122023516521637,2.457446808510638,2.235006338180206,71110.000002046,5.311517156698906,5111000.0,
0.7978723404255319,1.0082042096794939,2.227659574468085,2.0260187325321857,71120.00000204658,5.323346609605161,5112000.0,
0.851063829787234,1.0053153724024753,2.2212765957446807,2.020213521264186,71130.00000204716,4.987743062704371,5113000.0,
0.851063829787234,1.0399814197266986,2.2978723404255317,2.089876056480192,71140.00000204775,5.028975668310362,5114000.0,
0.7872340425531915,1.0602032806658288,2.3425531914893614,2.1305125353561962,71150.00000204833,5.462958221528507,5115000.0,
0.9042553191489362,1.184423283577629,2.6170212765957444,2.380136619880218,71160.00000204891,4.893830454903777,5116000.0,
0.8191489361702128,1.1353130498683126,2.5085106382978726,2.2814480283242093,71170.00000204949,5.342847099975944,5117000.0,
0.8617021276595744,1.0630921179428474,2.3489361702127654,2.1363177466241967,71180.00000205007,4.995684680211806,5118000.0,
0.8617021276595744,0.9446497895850845,2.0872340425531912,1.8983040846361743,71190.00000205066,4.858726916438628,5119000.0,
0.8617021276595744,1.126646538037257,2.4893617021276593,2.264032394520208,71200.00000205124,5.070426846741178,5120000.0,
0.8723404255319149,1.117980026206201,2.4702127659574464,2.2466167607162064,71210.00000205182,4.999145396023397,5121000.0,
0.8936170212765957,1.2190893309018522,2.6936170212765953,2.4497991550962244,71220.0000020524,4.993740441848953,5122000.0,
0.851063829787234,1.138201887145331,2.514893617021276,2.2872532395922103,71230.00000205298,5.148884717527517,5123000.0,
0.8085106382978723,1.0804251416049588,2.3872340425531915,2.1711490142321996,71240.00000205357,5.348944254229062,5124000.0,
0.8617021276595744,1.2855325882732804,2.840425531914893,2.5833190142602374,71250.00000205415,5.257282263064608,5125000.0,
0.8404255319148937,1.1873121208546473,2.6234042553191483,2.385941831148219,71260.00000205473,5.274014422416255,5126000.0,
0.7021276595744681,0.8233186239503029,1.8191489361702122,1.6544852113801518,71270.00000205531,5.79502652517997,5127000.0,
0.8617021276595744,0.9302056031999913,2.0553191489361695,1.8692780282961718,71280.0000020559,4.846408971745075,5128000.0,
0.7978723404255319,0.9619828132471961,2.125531914893617,1.9331353522441777,71290.00000205648,5.274482459410542,5129000.0,
0.8829787234042553,1.190200958131666,2.6297872340425528,2.3917470424162195,71300.00000205706,5.0250444587341345,5130000.0,
0.8829787234042553,1.1613125853614799,2.5659574468085102,2.333694929736214,71310.00000205764,4.992809434151059,5131000.0,
0.8297872340425532,1.0630921179428472,2.348936170212766,2.1363177466241963,71320.00000205822,5.195005885861396,5132000.0,
0.8829787234042553,1.1728679344695545,2.5914893617021275,2.356915774808216,71330.0000020588,5.006860070490382,5133000.0,
0.8404255319148937,1.221978168178871,2.6999999999999997,2.4556043663642257,71340.00000205939,5.319313263536452,5134000.0,
0.8404255319148937,0.9764269996322892,2.1574468085106377,1.96216140858418,71350.00000205997,5.027644784506371,5135000.0,
0.8404255319148937,1.065980955219866,2.3553191489361702,2.1421229578921968,71360.00000206055,5.134708984825797,5136000.0,
0.925531914893617,1.1266465380372568,2.4893617021276597,2.264032394520208,71370.00000206113,4.728558328575575,5137000.0,
0.8723404255319149,1.2450888663950197,2.7510638297872343,2.50204605650823,71380.00000206172,5.153148212825696,5138000.0,
0.7872340425531915,0.9070949049838427,2.0042553191489363,1.8228363381521677,71390.0000020623,5.2814421767440365,5139000.0,
0.8829787234042553,1.1988674699627218,2.6489361702127656,2.409162676220221,71400.00000206288,5.039678821531032,5140000.0,
0.8085106382978723,0.9099837422608612,2.01063829787234,1.8286415494201682,71410.00000206346,5.147082523461883,5141000.0,
0.7553191489361702,0.9244279286459541,2.0425531914893615,1.8576676057601709,71420.00000206404,5.529239793004284,5142000.0,
0.8085106382978723,1.042870257003717,2.3042553191489366,2.095681267748192,71430.00000206463,5.31249479169653,5143000.0,
0.8297872340425532,1.0313149078956427,2.278723404255319,2.072460422676191,71440.00000206521,5.1628641199074305,5144000.0,
0.8617021276595744,1.3375316592596147,2.9553191489361703,2.687812817084247,71450.00000206579,5.327503407172781,5145000.0,
0.851063829787234,1.1035358398211075,2.438297872340425,2.2175907043762035,71460.00000206637,5.119652111922223,5146000.0,
0.8297872340425532,1.14109072442235,2.521276595744681,2.2930584508602108,71470.00000206695,5.296696514183295,5147000.0,
0.9148936170212766,1.2855325882732802,2.840425531914893,2.5833190142602374,71480.00000206754,4.962323991956823,5148000.0,
0.8297872340425532,1.1266465380372566,2.4893617021276597,2.264032394520208,71490.00000206812,5.280315058796192,5149000.0,
0.7978723404255319,0.9793158369093077,2.1638297872340426,1.9679666198521812,71500.0000020687,5.307406515734374,5150000.0,
0.9148936170212766,1.1642014226384987,2.572340425531915,2.339500141004215,71510.00000206928,4.8311015551002825,5151000.0,
0.8404255319148937,0.9966488605714194,2.202127659574468,2.0027978874601837,71520.00000206986,5.0603138342319145,5152000.0,
0.8297872340425532,1.0746474670509218,2.374468085106383,2.159538591696198,71530.00000207045,5.219700793761497,5153000.0,
0.8404255319148937,1.1353130498683126,2.5085106382978726,2.28144802832421,71540.00000207103,5.226319325294099,5154000.0,
0.8723404255319149,1.1150911889291821,2.463829787234042,2.240811549448206,71550.00000207161,5.012419167926315,5155000.0,
0.8191489361702128,1.1353130498683126,2.5085106382978726,2.2814480283242093,71560.0000020722,5.363106840236863,5156000.0,
0.851063829787234,1.0919804907130335,2.412765957446808,2.1943698593042016,71570.00000207277,5.111574576720557,5157000.0,
0.851063829787234,0.970649325078252,2.1446808510638298,1.9505509860481787,71580.00000207336,4.969510457099718,5158000.0,
0.8297872340425532,1.1959786326857036,2.6425531914893616,2.403357464952221,71590.00000207394,5.368997326706156,5159000.0,
0.7978723404255319,1.3294132808282009,2.1893617021276595,1.92347904596202,71600.00000207452,5.327222553283471,5160000.0,
0.8297872340425532,1.162752140666065,1.9148936170212767,1.6823431888880636,71610.0000020751,5.329980785041523,5161000.0,
0.8191489361702128,1.3332891212970877,2.1957446808510634,1.9290868565916466,71620.00000207569,5.607908797565679,5162000.0,
0.8191489361702128,1.1705038216038386,1.927659574468085,1.6935588101473178,71630.00000207627,5.409703366771353,5163000.0,
0.7659574468085106,1.0193460433172503,1.6787234042553187,1.4748541955918695,71640.00000207685,5.5885878900341295,5164000.0,
0.8404255319148937,1.1976347048860467,1.9723404255319152,1.7328134845547054,71650.00000207743,5.3060438262016,5165000.0,
0.8723404255319149,1.4456884948948074,2.380851063829787,2.0917133648508255,71660.00000207801,5.396762421106735,5166000.0,
0.9042553191489362,1.3914267283303912,2.2914893617021272,2.01320401603605,71670.0000020786,5.146751911455288,5167000.0,
0.8404255319148937,1.2092622262927077,1.9914893617021276,1.7496369164435863,71680.00000207918,5.321398092179235,5168000.0,
0.7872340425531915,1.0697319694127796,1.7617021276595741,1.5477557337770185,71690.00000207976,5.504251420749306,5169000.0,
0.8404255319148937,1.2984065570771057,2.1382978723404253,1.8786165609250045,71700.00000208034,5.428481219948071,5170000.0,
0.925531914893617,1.3526683236415225,2.227659574468085,1.9571259097397806,71710.00000208092,4.988397958999484,5171000.0,
0.8297872340425532,1.4069300902059383,2.3170212765957445,2.0356352585545574,71720.0000020815,5.629887544743751,5172000.0,
0.7659574468085106,1.092987012226101,1.7999999999999998,1.58140259755478,71730.00000208209,5.689730266109864,5173000.0,
0.7872340425531915,1.127869576446083,1.8574468085106381,1.6318728932214215,71740.00000208267,5.580804597251227,5174000.0,
0.8723404255319149,1.2751515142637846,2.0999999999999996,1.8449696971472433,71750.00000208325,5.20565905306655,5175000.0,
0.8191489361702128,1.1511246192594042,1.8957446808510636,1.6655197569991833,71760.00000208383,5.392798885987632,5176000.0,
0.8404255319148937,1.1898830239482727,1.9595744680851062,1.7215978632954516,71770.00000208442,5.302896256478527,5177000.0,
0.8617021276595744,1.1046145336327617,1.8191489361702122,1.5982260294436605,71780.000002085,5.073500816940098,5178000.0,
0.7659574468085106,1.0968628526949877,1.8063829787234045,1.5870104081844068,71790.00000208558,5.698123724499993,5179000.0,
0.8297872340425532,1.1084903741016483,1.8255319148936167,1.6038338400732874,71800.00000208616,5.274331989438819,5180000.0,
0.8404255319148937,1.3875508878615044,2.2851063829787237,2.007596205406423,71810.00000208674,5.5401213097424895,5181000.0,
0.8191489361702128,1.263523992857124,2.080851063829787,1.8281462652583624,71820.00000208733,5.533130588821392,5182000.0,
0.8617021276595744,1.2867790356704454,2.1191489361702125,1.861793129036124,71830.00000208791,5.287370732885207,5183000.0,
0.8617021276595744,1.1860071834793864,1.9531914893617022,1.7159900526658245,71840.00000208849,5.170919447626476,5184000.0,
0.8404255319148937,1.4108059306748257,2.3234042553191485,2.0412430691841843,71850.00000208907,5.56981718346985,5185000.0,
0.8191489361702128,1.1782555025416124,1.9404255319148938,1.7047744314065711,71860.00000208966,5.431114509735045,5186000.0,
0.8617021276595744,1.2131380667615945,1.9978723404255316,1.755244727073213,71870.00000209024,5.203886151682458,5187000.0,
0.7978723404255319,1.220889747699368,2.0106382978723403,1.7664603483324668,71880.00000209082,5.630445817259096,5188000.0,
0.8936170212765957,1.120117895508309,1.8446808510638295,1.6206572719621681,71890.0000020914,4.914891454624701,5189000.0,
0.8404255319148937,1.426309292550373,2.3489361702127654,2.0636743117026914,71900.00000209198,5.59079586722065,5190000.0,
0.7978723404255319,0.9883393195661551,1.6276595744680844,1.4299917105548539,71910.00000209257,5.340582613998896,5191000.0,
0.8297872340425532,1.1588763001971782,1.908510638297872,1.6767353782584367,71920.00000209315,5.3412073362722525,5192000.0,
0.8404255319148937,1.1782555025416124,1.9404255319148933,1.7047744314065711,71930.00000209373,5.29716224366601,5193000.0,
0.851063829787234,1.3022823975459927,2.1446808510638298,1.8842243715546314,71940.00000209431,5.377179317250361,5194000.0,
0.8085106382978723,1.2790273547326714,2.1063829787234036,1.8505775077768702,71950.0000020949,5.631952254678671,5195000.0,
0.8404255319148937,1.356544164110409,2.234042553191489,1.962733720369408,71960.00000209548,5.510822170089729,5196000.0,
0.776595744680851,1.1046145336327617,1.8191489361702131,1.5982260294436605,71970.00000209606,5.639911865372496,5197000.0,
0.723404255319149,1.0503527670683452,1.729787234042553,1.519716680628884,71980.00000209664,5.980190589928519,5198000.0,
0.8297872340425532,1.2131380667615945,1.9978723404255316,1.755244727073213,71990.00000209722,5.410189465209065,5199000.0,
0.8723404255319149,1.3061582380148795,2.1510638297872338,1.8898321821842579,72000.0000020978,5.253398468099002,5200000.0,
0.8404255319148937,1.1511246192594042,1.8957446808510636,1.6655197569991829,72010.00000209839,5.2689305597608325,5201000.0,
0.8617021276595744,1.2325172691060289,2.0297872340425527,1.7832837802213475,72020.00000209897,5.233783003786307,5202000.0,
0.8617021276595744,1.4728193781770156,2.425531914893617,2.1309680392582138,72030.00000209955,5.513145945177358,5203000.0,
0.7978723404255319,1.2673998333260106,2.0872340425531912,1.8337540758879889,72040.00000210013,5.697271791244985,5204000.0,
0.8191489361702128,1.0581044480061192,1.7425531914893615,1.530932301888138,72050.00000210071,5.294306728874109,5205000.0,
0.7872340425531915,1.0658561289438928,1.7553191489361701,1.5421479231473918,72060.0000021013,5.519328055830533,5206000.0,
0.7872340425531915,1.0542286075372322,1.7361702127659577,1.525324491258511,72070.00000210188,5.505098501611292,5207000.0,
0.8936170212765957,1.4069300902059385,2.317021276595745,2.0356352585545574,72080.00000210246,5.244895577263052,5208000.0,
0.8404255319148937,1.3836750473926172,2.278723404255319,2.001988394776796,72090.00000210304,5.54968676538793,5209000.0,
0.8829787234042553,1.364295845048183,2.2468085106382976,1.9739493416286613,72100.00000210362,5.2607663788586985,5210000.0,
0.8404255319148937,1.2596481523882372,2.074468085106383,1.822538454628735,72110.0000021042,5.403123118167588,5211000.0,
0.8404255319148937,1.5697153898991874,2.585106382978723,2.2711633049988857,72120.00000210479,5.772570210902166,5212000.0,
0.8297872340425532,1.2712756737948976,2.093617021276595,1.8393618865176162,72130.00000210537,5.487432222403464,5213000.0,
0.7872340425531915,1.1588763001971782,1.9085106382978725,1.676735378258437,72140.00000210595,5.641813138233606,5214000.0,
0.8723404255319149,1.294530716608219,2.131914893617021,1.8730087502953778,72150.00000210654,5.247386431364963,5215000.0,
0.7872340425531915,1.1007386931638747,1.8127659574468082,1.5926182188140336,72160.00000210712,5.56904374551569,5216000.0,
0.7978723404255319,1.0232218837861369,1.685106382978723,1.480462006221496,72170.0000021077,5.398168761155413,5217000.0,
0.7553191489361702,1.1511246192594042,1.895744680851064,1.6655197569991833,72180.00000210828,5.872190341142894,5218000.0,
0.851063829787234,1.1666279811349518,1.9212765957446807,1.6879509995176905,72190.00000210886,5.230285377968116,5219000.0,
0.7978723404255319,0.7944302511801172,1.7553191489361701,1.5964330987001463,72200.00000210945,5.453203681753227,5220000.0,
0.8191489361702128,1.0688697924968846,2.3617021276595738,2.1479281691601972,72210.00000211003,5.315760526045138,5221000.0,
0.7872340425531915,1.0399814197266986,2.2978723404255317,2.089876056480192,72220.00000211061,5.495108830609196,5222000.0,
0.8404255319148937,1.0486479315577544,2.3170212765957445,2.1072916902841934,72230.00000211119,5.158135513635468,5223000.0,
0.7872340425531915,1.065980955219866,2.35531914893617,2.1421229578921968,72240.00000211177,5.529216348668146,5224000.0,
0.7978723404255319,0.970649325078252,2.14468085106383,1.9505509860481793,72250.00000211236,5.336544487575113,5225000.0,
0.8297872340425532,1.0890916534360149,2.4063829787234043,2.188564648036201,72260.00000211294,5.2745437876123775,5226000.0,
0.8617021276595744,1.184423283577629,2.6170212765957444,2.380136619880218,72270.00000211352,5.190315909470117,5227000.0,
0.8404255319148937,0.9879823487403637,2.182978723404255,1.9853822536561825,72280.0000021141,5.088482794840238,5228000.0,
0.851063829787234,0.9966488605714193,2.202127659574468,2.002797887460184,72290.00000211468,5.0355599113062555,5229000.0,
0.8191489361702128,1.005315372402475,2.2212765957446803,2.020213521264186,72300.00000211527,5.242849935280805,5230000.0,
0.8404255319148937,1.042870257003717,2.3042553191489357,2.095681267748192,72310.00000211585,5.155311445179001,5231000.0,
0.8617021276595744,1.1439795616993684,2.5276595744680845,2.2988636621282112,72320.00000211643,5.145850355685614,5232000.0,
0.8829787234042553,1.0573144433888102,2.3361702127659574,2.124707324088195,72330.00000211701,4.924185032401741,5233000.0,
0.8829787234042553,1.1237577007602382,2.4829787234042553,2.258227183252208,72340.0000021176,4.999915950388687,5234000.0,
0.925531914893617,1.2855325882732802,2.8404255319148937,2.5833190142602374,72350.00000211818,4.9452857851550505,5235000.0,
0.7872340425531915,0.9677604878012335,2.1382978723404253,1.9447457747801786,72360.00000211876,5.410936295461071,5236000.0,
0.776595744680851,0.947538626862103,2.0936170212765957,1.904109295904175,72370.00000211934,5.459567547066347,5237000.0,
0.8617021276595744,1.169979097192536,2.5851063829787226,2.351110563540216,72380.00000211992,5.17898561909761,5238000.0,
0.851063829787234,0.9879823487403635,2.182978723404255,1.9853822536561827,72390.0000021205,5.030376759905056,5239000.0,
0.8191489361702128,1.1786456090235913,2.604255319148936,2.3685261973442175,72400.00000212109,5.459642691675717,5240000.0,
0.8404255319148937,1.1642014226384987,2.5723404255319147,2.3395001410042147,72410.00000212167,5.30474346504853,5241000.0,
0.8085106382978723,0.9446497895850843,2.0872340425531912,1.8983040846361745,72420.00000212225,5.2431168451554635,5242000.0,
0.7872340425531915,0.8464293221664518,1.8702127659574466,1.7009269015241564,72430.00000212283,5.260596706681975,5243000.0,
0.925531914893617,1.1324242125912938,2.502127659574468,2.2756428170562084,72440.00000212342,4.783996275797742,5244000.0,
0.9042553191489362,1.1642014226384985,2.572340425531914,2.339500141004215,72450.000002124,4.932173338104037,5245000.0,
0.8617021276595744,1.1353130498683126,2.508510638297872,2.2814480283242093,72460.00000212458,5.142706502449975,5246000.0,
0.8191489361702128,0.970649325078252,2.1446808510638298,1.9505509860481793,72470.00000212516,5.209361513872529,5247000.0,
0.8829787234042553,1.0370925824496797,2.2914893617021272,2.0840708452121914,72480.00000212574,4.90851208145905,5248000.0,
0.8723404255319149,0.9908711860173821,2.1893617021276595,1.9911874649241834,72490.00000212633,4.915874286542287,5249000.0,
0.7659574468085106,0.8059856002881912,1.7808510638297872,1.6196539437721487,72500.00000212691,5.357811756082304,5250000.0,
0.8297872340425532,1.0515367688347728,2.3234042553191494,2.1130969015521948,72510.00000212749,5.242105849760345,5251000.0,
0.8191489361702128,1.013981884233531,2.240425531914893,2.037629155068187,72520.00000212807,5.264858404270033,5252000.0,
0.9042553191489362,1.094869327990052,2.4191489361702123,2.2001750705722025,72530.00000212865,4.859264904022444,5253000.0,
0.7659574468085106,0.9822046741863264,2.1702127659574466,1.9737718311201815,72540.00000212924,5.590097769227222,5254000.0,
0.8723404255319149,1.008204209679494,2.2276595744680847,2.026018732532186,72550.00000212982,4.938670679520976,5255000.0,
0.851063829787234,1.0399814197266983,2.297872340425532,2.089876056480192,72560.0000021304,5.099975668314494,5256000.0,
0.8085106382978723,0.9764269996322892,2.1574468085106377,1.9621614085841805,72570.00000213098,5.290314973372203,5257000.0,
0.8936170212765957,1.1410907244223496,2.5212765957446805,2.2930584508602108,72580.00000213156,4.971218191744708,5258000.0,
0.8297872340425532,1.0313149078956427,2.278723404255319,2.07246042267619,72590.00000213215,5.221838478885222,5259000.0,
0.8936170212765957,1.051536768834773,2.323404255319149,2.113096901552194,72600.00000213273,4.87195543192057,5260000.0,
0.8191489361702128,1.0197595587875683,2.253191489361702,2.0492395776041885,72610.00000213331,5.276586993985624,5261000.0,
0.7978723404255319,0.9070949049838425,2.004255319148936,1.8228363381521677,72620.0000021339,5.276622947724602,5262000.0,
0.8404255319148937,1.1468683989763868,2.5340425531914894,2.3046688733962113,72630.00000213447,5.295258601451222,5263000.0,
0.8617021276595744,1.227755842732908,2.712765957446808,2.4672147889002267,72640.00000213506,5.258874681824221,5264000.0,
0.7872340425531915,1.0919804907130335,2.412765957446808,2.1943698593042016,72650.00000213564,5.584404947809405,5265000.0,
0.8191489361702128,1.0053153724024753,2.221276595744681,2.020213521264185,72660.00000213622,5.261551233983194,5266000.0,
0.8085106382978723,1.051536768834773,2.3234042553191485,2.1130969015521943,72670.0000021368,5.388477056333476,5267000.0,
0.9042553191489362,1.28553258827328,2.8404255319148937,2.583319014260237,72680.00000213739,5.077174862453719,5268000.0,
0.8085106382978723,1.0024265351254564,2.2148936170212763,2.014408309996185,72690.00000213797,5.328788083061488,5269000.0,
0.7872340425531915,0.9446497895850845,2.0872340425531912,1.8983040846361745,72700.00000213855,5.399957840971357,5270000.0,
0.8617021276595744,1.2248670054558894,2.706382978723404,2.461409577632226,72710.00000213913,5.258978994120227,5271000.0,
0.8404255319148937,0.9937600232944006,2.195744680851064,1.9969926761921835,72720.00000213971,5.117635977222289,5272000.0,
0.8404255319148937,1.094869327990052,2.4191489361702128,2.200175070572202,72730.0000021403,5.238449580277904,5273000.0,
0.8404255319148937,1.1670902599155173,2.578723404255319,2.3453053522722156,72740.00000214088,5.3248896764930445,5274000.0,
0.9042553191489362,1.1439795616993682,2.527659574468085,2.2988636621282112,72750.00000214146,4.923927986007468,5275000.0,
0.9148936170212766,1.279754913719243,2.8276595744680852,2.571708591724236,72760.00000214204,5.015543743029132,5276000.0,
0.8297872340425532,1.094869327990052,2.4191489361702123,2.200175070572202,72770.00000214262,5.307660472332868,5277000.0,
0.8617021276595744,1.0573144433888102,2.336170212765958,2.1247073240881957,72780.0000021432,5.067992070240114,5278000.0,
0.7978723404255319,1.0833139788819777,2.3936170212765955,2.1769542255001997,72790.00000214379,5.506550853677458,5279000.0,
0.851063829787234,1.4301851330192596,2.35531914893617,2.0692821223323183,72800.00000214437,5.142525122519665,5280000.0,
0.7872340425531915,1.1433729383216304,1.8829787234042556,1.6543041357399295,72810.00000214495,5.658335894772181,5281000.0,
0.776595744680851,1.1162420550394223,1.8382978723404253,1.6150494613325412,72820.00000214553,5.7014596326659746,5282000.0,
0.8404255319148937,1.3681716855170698,2.2531914893617024,1.9795571522582887,72830.00000214612,5.56870808163946,5283000.0,
0.8297872340425532,1.3332891212970877,2.1957446808510634,1.9290868565916461,72840.0000021467,5.598576633497966,5284000.0,
0.8617021276595744,1.1511246192594042,1.895744680851064,1.6655197569991829,72850.00000214728,5.180314990386437,5285000.0,
0.8617021276595744,1.2712756737948976,2.0936170212765957,1.8393618865176162,72860.00000214786,5.3202433746622235,5286000.0,
0.7978723404255319,1.3953025687992773,2.2978723404255317,2.0188118266656763,72870.00000214844,5.901843219707389,5287000.0,
0.8191489361702128,1.290654876139332,2.125531914893617,1.8674009396657507,72880.00000214903,5.6213163424418395,5288000.0,
0.7872340425531915,1.2518964714504632,2.0617021276595744,1.811322833369482,72890.00000214961,5.800514436855004,5289000.0,
0.8191489361702128,1.2518964714504635,2.0617021276595744,1.8113228333694822,72900.00000215019,5.5750398484061385,5290000.0,
0.8404255319148937,1.3255374403593139,2.182978723404255,1.9178712353323923,72910.00000215077,5.522029359553253,5291000.0,
0.776595744680851,1.1898830239482732,1.9595744680851062,1.7215978632954523,72920.00000215136,5.801764441946184,5292000.0,
0.8191489361702128,1.2441447905126892,2.048936170212766,1.8001072121102282,72930.00000215194,5.5671351989497255,5293000.0,
0.776595744680851,1.201510545354934,1.9787234042553192,1.7384212951843323,72940.00000215252,5.817832757182221,5294000.0,
0.8404255319148937,1.1162420550394223,1.838297872340425,1.6150494613325412,72950.0000021531,5.275019660565144,5295000.0,
0.8404255319148937,1.224765588168255,2.0170212765957447,1.772068158962094,72960.00000215368,5.404655256946317,5296000.0,
0.8404255319148937,1.313909918952653,2.1638297872340426,1.9010478034435117,72970.00000215427,5.511232055601199,5297000.0,
0.8723404255319149,1.2906548761393322,2.1255319148936165,1.8674009396657507,72980.00000215485,5.283431199610304,5298000.0,
0.8404255319148937,1.25577231191935,2.0680851063829784,1.8169306439991086,72990.00000215543,5.443068320650239,5299000.0,
0.8617021276595744,1.2131380667615943,1.9978723404255314,1.755244727073213,73000.00000215601,5.2596886208215095,5300000.0,
0.8404255319148937,1.166627981134952,1.9212765957446811,1.687950999517691,73010.0000021566,5.338010509337218,5301000.0,
0.7340425531914894,1.162752140666065,1.9148936170212767,1.682343188888064,73020.00000215718,6.1069348004864805,5302000.0,
0.8936170212765957,1.2829031952015582,2.112765957446808,1.856185318406497,73030.00000215776,5.15134167095126,5303000.0,
0.7978723404255319,1.201510545354934,1.9787234042553192,1.7384212951843325,73040.00000215834,5.668023883657673,5304000.0,
0.7872340425531915,1.2286414286371419,2.0234042553191487,1.7776759695917213,73050.00000215892,5.779622895984532,5305000.0,
0.8936170212765957,1.263523992857124,2.080851063829787,1.8281462652583624,73060.0000021595,5.1310839921373335,5306000.0,
0.8723404255319149,1.5503361875547534,2.5531914893617023,2.2431242518507517,73070.00000216009,5.585504898062384,5307000.0,
0.8191489361702128,1.232517269106029,2.0297872340425527,1.7832837802213477,73080.00000216067,5.560732770219971,5308000.0,
0.8297872340425532,1.0852353312883274,1.7872340425531912,1.570186976295526,73090.00000216125,5.312460527590719,5309000.0,
0.8191489361702128,1.030973564723911,1.6978723404255323,1.4916776274807497,73100.00000216183,5.315731364870432,5310000.0,
0.851063829787234,1.4418126544259207,2.374468085106383,2.0861055542211986,73110.00000216241,5.599627369087682,5311000.0,
0.8404255319148937,1.2015105453549337,1.9787234042553188,1.7384212951843325,73120.000002163,5.385085965498026,5312000.0,
0.8404255319148937,1.259648152388237,2.074468085106383,1.8225384546287355,73130.00000216358,5.454768687790847,5313000.0,
0.8617021276595744,1.2247655881682549,2.0170212765957447,1.7720681589620937,73140.00000216416,5.280095867886431,5314000.0,
0.851063829787234,1.2945307166082185,2.131914893617021,1.8730087502953772,73150.00000216474,5.428571092151998,5315000.0,
0.8617021276595744,1.2170139072304813,2.0042553191489367,1.76085253770284,73160.00000216532,5.272087744329073,5316000.0,
0.8617021276595744,1.4108059306748257,2.3234042553191485,2.041243069184184,73170.0000021659,5.4974760184496985,5317000.0,
0.8617021276595744,1.217013907230481,2.0042553191489367,1.76085253770284,73180.00000216649,5.273075398650117,5318000.0,
0.776595744680851,1.1123662145705355,1.831914893617021,1.609441650702914,73190.00000216707,5.71674279699489,5319000.0,
0.8617021276595744,1.1511246192594045,1.8957446808510636,1.6655197569991829,73200.00000216765,5.197598941004728,5320000.0,
0.8723404255319149,1.2945307166082187,2.131914893617021,1.8730087502953776,73210.00000216824,5.299093748441144,5321000.0,
0.8191489361702128,1.3449166427037482,2.2148936170212763,1.9459102884805273,73220.00000216882,5.705220317209818,5322000.0,
0.851063829787234,1.2441447905126897,2.048936170212766,1.8001072121102282,73230.0000021694,5.3733676289899845,5323000.0,
0.8404255319148937,1.3216615998904269,2.1765957446808506,1.9122634247027654,73240.00000216998,5.53412646076846,5324000.0,
0.8191489361702128,1.294530716608219,2.1319148936170214,1.8730087502953778,73250.00000217056,5.64526866717121,5325000.0,
0.8191489361702128,1.2751515142637844,2.0999999999999996,1.8449696971472433,73260.00000217115,5.622130420153359,5326000.0,
0.851063829787234,1.220889747699368,2.0106382978723407,1.7664603483324668,73270.00000217173,5.348042953684447,5327000.0,
0.8723404255319149,1.1821313430104996,1.9468085106382973,1.7103822420361985,73280.00000217231,5.173660320170787,5328000.0,
0.7446808510638298,1.1937588644171602,1.9659574468085108,1.7272056739250785,73290.00000217289,6.076759046660471,5329000.0,
0.8297872340425532,1.1201178955083093,1.84468085106383,1.6206572719621681,73300.00000217347,5.365267720369273,5330000.0,
0.8829787234042553,1.2557723119193502,2.0680851063829793,1.8169306439991086,73310.00000217406,5.19617346182462,5331000.0,
0.8085106382978723,1.248020630981576,2.05531914893617,1.805715022739855,73320.00000217464,5.665707096359145,5332000.0,
0.8191489361702128,1.1123662145705355,1.831914893617021,1.6094416507029143,73330.00000217522,5.427041872476098,5333000.0,
0.7894736842105263,1.0431314642999983,1.717894736842105,1.5092684439821056,73340.0000021758,5.499430521593751,5334000.0,
0.8315789473684211,1.530181817116541,2.52,2.213963636576692,73350.00000217638,5.807178134646902,5335000.0,
0.8315789473684211,1.1735228973374978,1.9326315789473678,1.6979269994798687,73360.00000217697,5.37879082605188,5336000.0,
0.7894736842105263,1.3345946675602918,2.197894736842105,1.9309758033300473,73370.00000217755,5.870217245723549,5337000.0,
0.8421052631578947,1.13517247585588,1.8694736842105262,1.6424391890393508,73380.00000217813,5.267014815216868,5338000.0,
0.8315789473684211,1.1236673494113951,1.850526315789473,1.6257928459071949,73390.00000217871,5.320356939305388,5339000.0,
0.8315789473684211,0.8832543952450788,1.9515789473684204,1.7749280683194049,73400.0000021793,5.394651421143466,5340000.0,
0.8,1.0233173899603176,2.261052631578947,2.0563891535868835,73410.00000217988,5.4059862112799735,5341000.0,
0.7894736842105263,0.9632903922252153,2.1284210526315785,1.9357629741865359,73420.00000218046,5.402565163632607,5342000.0,
0.8421052631578947,1.2348410962649643,2.7284210526315786,2.481452833378586,73430.00000218104,5.387871301952801,5343000.0,
0.8736842105263158,1.0804859592318437,2.387368421052632,2.1712712292062624,73440.00000218162,5.016939351061205,5344000.0,
0.7894736842105263,0.9375645360530284,2.0715789473684207,1.8840660401578149,73450.0000021822,5.3715790791479305,5345000.0,
0.8105263157894737,1.120503957721912,2.4757894736842103,2.251688682139828,73460.00000218279,5.45828150642391,5346000.0,
0.8631578947368421,1.3091602363179484,2.892631578947368,2.630799531683779,73470.00000218337,5.34451246903984,5347000.0,
0.8421052631578947,0.954715106834486,2.109473684210526,1.9185306628436287,73480.00000218395,5.057721689504254,5348000.0,
0.8526315789473684,1.0090252476424357,2.229473684210526,2.0276686346820383,73490.00000218453,5.059471586877751,5349000.0,
0.8947368421052632,0.9404229645166046,2.0778947368421052,1.889810143938784,73500.00000218512,4.745176254589955,5350000.0,
0.8,1.0776275307682674,2.3810526315789473,2.1655271254252932,73510.0000021857,5.479137045184953,5351000.0,
0.8842105263157894,1.120503957721912,2.4757894736842103,2.2516886821398274,73520.00000218628,5.006281857079227,5352000.0,
0.8631578947368421,0.9975915337881307,2.204210526315789,2.004692219558163,73530.00000218686,4.986475557572538,5353000.0,
0.8631578947368421,0.9604319637616386,2.1221052631578945,1.9300188704055667,73540.00000218744,4.943912641078461,5354000.0,
0.8105263157894737,1.0204589614967412,2.2547368421052623,2.050645049805915,73550.00000218803,5.339524692899621,5355000.0,
0.8421052631578947,1.0947781015497253,2.4189473684210525,2.199991748111107,73560.00000218861,5.228046495728833,5356000.0,
0.8421052631578947,1.177672526993438,2.6021052631578945,2.3665707577592063,73570.00000218919,5.326983625943271,5357000.0,
0.9263157894736842,1.157663527748404,2.5578947368421057,2.3263620312924234,73580.00000218977,4.821566308490747,5358000.0,
0.8736842105263158,1.223407382410659,2.7031578947368424,2.4584764182547096,73590.00000219035,5.187753028194003,5359000.0,
0.8736842105263158,1.2176905254835064,2.690526315789473,2.446988210692772,73600.00000219094,5.181691565446087,5360000.0,
0.8210526315789474,1.1833893839205907,2.6147368421052635,2.3780589653211446,73610.00000219152,5.4725870703019295,5361000.0,
0.8210526315789474,1.08334438769542,2.393684210526316,2.1770153329872315,73620.0000021921,5.351250215925149,5362000.0,
0.9052631578947369,1.1605219562119804,2.5642105263157893,2.3321061350733925,73630.00000219268,4.939178905246944,5363000.0,
0.7894736842105263,0.9804409630066729,2.166315789473684,1.970227596872349,73640.00000219326,5.436022553289804,5364000.0,
0.7263157894736842,0.9289892506622994,2.0526315789473686,1.866833728814908,73650.00000219385,5.838460562666987,5365000.0,
0.9368421052631579,1.2205489539470828,2.696842105263157,2.452732314473741,73660.00000219443,4.838111804899763,5366000.0,
0.9157894736842105,1.0947781015497249,2.4189473684210525,2.199991748111107,73670.00000219501,4.812456547796922,5367000.0,
0.8631578947368421,0.888971252172231,1.9642105263157892,1.786416275881343,73680.0000021956,4.867952060578935,5368000.0,
0.8315789473684211,1.1633803846755566,2.5705263157894738,2.337850238854362,73690.00000219618,5.38330299437077,5369000.0,
0.8315789473684211,1.0347511038146227,2.2863157894736843,2.079365568710759,73700.00000219676,5.229128542702588,5370000.0,
0.8421052631578947,1.014742104569589,2.2421052631578946,2.0391568422439765,73710.00000219734,5.140503749315358,5371000.0,
0.7578947368421053,0.8203689690463998,1.8126315789473684,1.6485577851380886,73720.00000219792,5.455761834312889,5372000.0,
0.7894736842105263,0.923272393735147,2.04,1.8553455212529706,73730.0000021985,5.368409032212818,5373000.0,
0.8105263157894737,0.983299391470249,2.1726315789473687,1.9759717006533186,73740.00000219909,5.303548600010369,5374000.0,
0.8421052631578947,1.0233173899603174,2.261052631578947,2.0563891535868835,73750.00000219967,5.152686900716963,5375000.0,
0.8,0.9432813929801811,2.0842105263157893,1.895554247719753,73760.00000220025,5.324362267687455,5376000.0,
0.8947368421052632,1.1548050992848276,2.5515789473684207,2.320617927511455,73770.00000220083,4.99748569933165,5377000.0,
0.8105263157894737,1.051901674596081,2.324210526315789,2.113830191396573,73780.00000220141,5.390265702568333,5378000.0,
0.8842105263157894,1.2748590947550322,2.816842105263158,2.561870286312151,73790.000002202,5.193707309676957,5379000.0,
0.8421052631578947,1.1033533869404544,2.437894736842105,2.2172240594540145,73800.00000220258,5.250229647131023,5380000.0,
0.8,0.9661488206887915,2.134736842105263,1.941507077967505,73810.00000220316,5.355578131270739,5381000.0,
0.8631578947368421,1.1262208146490644,2.488421052631579,2.2631768897017652,73820.00000220374,5.149643626863468,5382000.0,
0.8,1.0890612446225725,2.406315789473684,2.1885035405491693,73830.00000220432,5.510271292766974,5383000.0,
0.7894736842105263,0.9061218229536887,2.0021052631578944,1.820880898567157,73840.0000022049,5.352551642556645,5384000.0,
0.8736842105263158,0.9975915337881307,2.2042105263157894,2.0046922195581627,73850.00000220549,4.94181922555449,5385000.0,
0.8526315789473684,1.1976815262384721,2.646315789473684,2.4067794842259898,73860.00000220607,5.299006728442068,5386000.0,
0.8421052631578947,1.0690522453775388,2.3621052631578947,2.1482948140823868,73870.00000220665,5.212997041525265,5387000.0,
0.8,1.0576185315232332,2.3368421052631576,2.125318398958511,73880.00000220723,5.473599480340321,5388000.0,
0.8421052631578947,1.1290792431126406,2.494736842105263,2.2689209934827352,73890.00000220782,5.285279101335755,5389000.0,
0.8105263157894737,1.0061668191788595,2.2231578947368424,2.02192453090107,73900.0000022084,5.340073348482513,5390000.0,
0.8105263157894737,0.9947331053245545,2.197894736842105,1.9989481157771942,73910.00000220898,5.326486298922038,5391000.0,
0.8421052631578947,1.0376095322781989,2.2926315789473684,2.0851096724917286,73920.00000220956,5.178158819719943,5392000.0,
0.9157894736842105,1.2805759516821853,2.8294736842105257,2.5733584938740885,73930.00000221014,5.027293280700879,5393000.0,
0.9157894736842105,1.2119736685563536,2.677894736842105,2.435500003130834,73940.00000221073,4.9528425117704,5394000.0,
0.8105263157894737,1.0318926753510465,2.28,2.0736214649297904,73950.00000221131,5.374410443760039,5395000.0,
0.8315789473684211,1.017600533033165,2.248421052631579,2.044900946024946,73960.00000221189,5.221668995561095,5396000.0,
0.8210526315789474,1.0090252476424362,2.229473684210526,2.027668634682039,73970.00000221247,5.278682032528328,5397000.0,
0.8631578947368421,1.0118836761060122,2.2357894736842105,2.0334127384630083,73980.00000221306,5.024984746844533,5398000.0,
0.7894736842105263,1.0947781015497253,2.4189473684210525,2.1999917481111075,73990.00000221364,5.599516262112091,5399000.0,
0.8,1.2885741617823507,2.122105263157895,1.8643904308014243,74000.00000221422,5.3584320601123805,5400000.0,
0.8421052631578947,1.254058782448895,2.0652631578947367,1.8144514014049578,74010.0000022148,5.439692304297907,5401000.0,
0.8947368421052632,1.2578938245970568,2.071578947368421,1.82000018244901,74020.00000221538,5.124467215857767,5402000.0,
0.8315789473684211,1.2617288667452184,2.0778947368421052,1.8255489634930615,74030.00000221597,5.518785346227695,5403000.0,
0.8736842105263158,1.3537698783011005,2.229473684210526,1.9587197085503065,74040.00000221655,5.358649860840953,5404000.0,
0.8,1.173522897337498,1.932631578947368,1.6979269994798687,74050.00000221713,5.627427306029725,5405000.0,
0.8210526315789474,1.158182728744851,1.9073684210526318,1.6757318753036614,74060.00000221771,5.464963580025128,5406000.0,
0.8631578947368421,1.4151305526716884,2.3305263157894736,2.047500205255136,74070.0000022183,5.496551250183072,5407000.0,
0.8631578947368421,1.254058782448895,2.0652631578947362,1.8144514014049582,74080.00000221888,5.3104315163884,5408000.0,
0.8210526315789474,1.2157083609672772,2.002105263157895,1.7589635909644397,74090.00000221946,5.5365653115781726,5409000.0,
0.7789473684210526,1.4112955105235272,2.324210526315789,2.041951424211084,74100.00000222004,6.087471263661399,5410000.0,
0.8421052631578947,1.0891519700779395,1.7936842105263155,1.5758538165107283,74110.00000222062,5.248865464607688,5411000.0,
0.8421052631578947,1.4036254262272034,2.3115789473684205,2.0308538621229806,74120.0000022212,5.622802693784967,5412000.0,
0.7894736842105263,1.0891519700779393,1.7936842105263153,1.5758538165107283,74130.00000222179,5.599856495581596,5413000.0,
0.8526315789473684,1.2348835717080862,2.0336842105263155,1.7867074961846987,74140.00000222237,5.356465917573901,5414000.0,
0.8315789473684211,1.3499348361529389,2.223157894736842,1.9531709275062548,74150.00000222295,5.630931765136067,5415000.0,
0.8315789473684211,1.3154194568194828,2.1663157894736838,1.9032318981097875,74160.00000222353,5.5899322583427,5416000.0,
0.8210526315789474,1.254058782448895,2.0652631578947362,1.8144514014049582,74170.00000222411,5.587376722357305,5417000.0,
0.7684210526315789,1.1735228973374978,1.9326315789473687,1.697926999479869,74180.0000022247,5.865814729565608,5418000.0,
0.7368421052631579,1.0392964221518364,1.7115789473684206,1.5037196629380538,74190.00000222528,5.9356137159379125,5419000.0,
0.8526315789473684,1.319254498967645,2.1726315789473687,1.9087806791538398,74200.00000222586,5.458382437199481,5420000.0,
0.7894736842105263,1.2885741617823505,2.1221052631578945,1.864390430801425,74210.00000222644,5.856724605074098,5421000.0,
0.7894736842105263,1.1006570965224245,1.8126315789473684,1.5925001596428838,74220.00000222703,5.619229655744889,5422000.0,
0.7789473684210526,1.092987012226101,1.7999999999999994,1.5814025975547799,74230.0000022276,5.685859002334032,5423000.0,
0.8736842105263158,1.254058782448895,2.0652631578947367,1.8144514014049582,74240.00000222819,5.254161257155253,5424000.0,
0.8631578947368421,1.280904077486027,2.109473684210526,1.853292868713321,74250.00000222877,5.34982545576117,5425000.0,
0.8210526315789474,1.1428425601522039,1.8821052631578945,1.6535367511274544,74260.00000222935,5.456536451611604,5426000.0,
0.8526315789473684,1.3921202997827185,2.292631578947368,2.0142075189908253,74270.00000222994,5.547299117167979,5427000.0,
0.8526315789473684,1.342264751856615,2.210526315789474,1.9420733654181508,74280.00000223052,5.489320388118875,5428000.0,
0.8947368421052632,1.2578938245970566,2.0715789473684207,1.8200001824490097,74290.0000022311,5.1371730982114485,5429000.0,
0.8526315789473684,1.2655639088933799,2.0842105263157893,1.8310977445371135,74300.00000223168,5.400350263655878,5430000.0,
0.7789473684210526,1.1620177708930126,1.9136842105263157,1.6812806563477134,74310.00000223226,5.7788038952174805,5431000.0,
0.7789473684210526,1.1811929816338216,1.9452631578947366,1.7090245615679724,74320.00000223285,5.80396126035774,5432000.0,
0.8210526315789474,1.300079288226836,2.141052631578947,1.8810367739335803,74330.00000223343,5.6516324665745055,5433000.0,
0.7789473684210526,1.1543476865966893,1.9010526315789473,1.6701830942596096,74340.00000223401,5.770578786999321,5434000.0,
0.8210526315789474,1.1811929816338214,1.945263157894737,1.7090245615679727,74350.00000223459,5.507860682903586,5435000.0,
0.8105263157894737,1.1811929816338216,1.9452631578947364,1.7090245615679727,74360.00000223517,5.579910821642624,5436000.0,
0.7789473684210526,1.1926981080783066,1.9642105263157892,1.7256709047001286,74370.00000223576,5.821434057820412,5437000.0,
0.7684210526315789,1.2463886981525711,2.052631578947368,1.8033538393168544,74380.00000223634,5.971598990900931,5438000.0,
0.9157894736842105,1.3384297097084539,2.2042105263157894,1.9365245843740988,74390.00000223692,5.111616349811254,5439000.0,
0.8526315789473684,1.2847391196341889,2.1157894736842104,1.8588416497573728,74400.0000022375,5.427777979957114,5440000.0,
0.7578947368421053,1.2578938245970563,2.0715789473684207,1.8200001824490097,74410.00000223808,6.071384907611125,5441000.0,
0.8315789473684211,1.3269245832639684,2.1852631578947364,1.9198782412419433,74420.00000223867,5.616932093941267,5442000.0,
0.8315789473684211,1.3230895411158066,2.1789473684210523,1.9143294601978913,74430.00000223925,5.612826663509962,5443000.0,
0.8526315789473684,1.4343057634124974,2.3621052631578947,2.0752441104753947,74440.00000223983,5.6051709572280854,5444000.0,
0.8105263157894737,1.2348835717080862,2.0336842105263155,1.7867074961846987,74450.00000224041,5.650827783422833,5445000.0,
0.8631578947368421,1.0929870122261012,1.7999999999999996,1.5814025975547799,74460.000002241,5.142360563082584,5446000.0,
0.8315789473684211,1.1696878551893362,1.9263157894736844,1.6923782184358171,74470.00000224158,5.4303815981554635,5447000.0,
0.8421052631578947,1.3460997940047772,2.2168421052631575,1.9476221464622028,74480.00000224216,5.572491005521885,5448000.0,
0.8,1.3230895411158066,2.1789473684210523,1.9143294601978915,74490.00000224274,5.837543505490801,5449000.0,
0.8421052631578947,1.1696878551893362,1.9263157894736842,1.6923782184358174,74500.00000224332,5.364001828178607,5450000.0,
0.7578947368421053,1.0584716328926451,1.743157894736842,1.5314635681583133,74510.0000022439,5.813813960223683,5451000.0,
0.8842105263157894,1.2732339931897037,2.0968421052631574,1.8421953066252172,74520.00000224449,5.226631301956287,5452000.0,
0.8210526315789474,1.1313374337077187,1.8631578947368428,1.6368904079952984,74530.00000224507,5.456369951455665,5453000.0,
0.7684210526315789,1.2118733188191155,1.9957894736842108,1.7534148099203877,74540.00000224565,5.935448839714067,5454000.0,
0.7684210526315789,1.0354613800036747,1.7052631578947368,1.498170881894002,74550.00000224623,5.706419604269348,5455000.0,
0.7578947368421053,1.0853169279297772,1.787368421052632,1.5703050354666763,74560.00000224682,5.852012613397839,5456000.0,
0.8105263157894737,1.3307596254121299,2.191578947368421,1.9254270222859953,74570.0000022474,5.775350187343769,5457000.0,
0.7789473684210526,0.985605832077572,1.623157894736842,1.426036728321328,74580.00000224798,5.566923703495806,5458000.0,
0.8105263157894737,1.2272134874117624,2.021052631578947,1.775609934096595,74590.00000224856,5.648637419681038,5459000.0,
0.8631578947368421,0.9747241060795205,2.1536842105263156,1.9587393893104117,74600.00000224914,5.397999882939329,5460000.0,
0.8842105263157894,1.0347511038146227,2.2863157894736843,2.079365568710759,74610.00000224973,4.9612042246870995,5461000.0,
0.8,1.0204589614967412,2.254736842105263,2.0506450498059148,74620.00000225031,5.466097386230525,5462000.0,
0.7894736842105263,1.066193816913962,2.35578947368421,2.142550710301418,74630.00000225089,5.597442834908777,5463000.0,
0.7894736842105263,0.9718656776159439,2.147368421052631,1.9529952855294426,74640.00000225147,5.478493858464651,5464000.0,
0.8,0.937564536053028,2.0715789473684207,1.884066040157815,74650.00000225205,5.364058301794397,5465000.0,
0.7684210526315789,0.8918296806358077,1.9705263157894732,1.7921603796623118,74660.00000225264,5.5255290365991865,5466000.0,
0.8315789473684211,1.0833443876954199,2.393684210526316,2.1770153329872315,74670.00000225322,5.3366774283848875,5467000.0,
0.8631578947368421,1.0747691023046912,2.3747368421052633,2.159783021644325,74680.0000022538,5.1319861552474295,5468000.0,
0.8105263157894737,0.9690072491523676,2.141052631578947,1.9472511817484737,74690.00000225438,5.335266086763907,5469000.0,
0.8526315789473684,0.9918746768609781,2.1915789473684213,1.9932040119962255,74700.00000225496,5.099109806335075,5470000.0,
0.8210526315789474,1.0690522453775386,2.3621052631578947,2.1482948140823868,74710.00000225555,5.389740555413034,5471000.0,
0.8736842105263158,0.9632903922252152,2.1284210526315785,1.9357629741865354,74720.00000225613,4.94448659364757,5472000.0,
0.8421052631578947,0.954715106834486,2.109473684210526,1.9185306628436285,74730.00000225671,5.120221689507892,5473000.0,
0.8315789473684211,0.9175555368079942,2.0273684210526315,1.843857313691032,74740.0000022573,5.14085539250781,5474000.0,
0.8631578947368421,1.2119736685563536,2.677894736842105,2.4355000031308345,74750.00000225788,5.294357299075774,5475000.0,
0.8631578947368421,1.017600533033165,2.248421052631579,2.0449009460249457,74760.00000225846,5.069656715237961,5476000.0,
0.8105263157894737,1.0118836761060124,2.2357894736842105,2.0334127384630074,74770.00000225904,5.392321418719943,5477000.0,
0.8736842105263158,1.017600533033165,2.248421052631579,2.044900946024946,74780.00000225962,5.009540369271294,5478000.0,
0.8315789473684211,1.0204589614967412,2.254736842105263,2.0506450498059143,74790.0000022602,5.267131662703284,5479000.0,
0.9368421052631579,1.100494958476878,2.4315789473684206,2.211479955673045,74800.00000226079,4.761200236704211,5480000.0,
0.8315789473684211,0.9918746768609781,2.191578947368421,1.9932040119962249,74810.00000226137,5.233770814090718,5481000.0,
0.8210526315789474,1.040467960741775,2.2989473684210524,2.090853776272697,74820.00000226195,5.3605673882287785,5482000.0,
0.9052631578947369,1.1976815262384721,2.646315789473684,2.4067794842259898,74830.00000226253,5.036041220977132,5483000.0,
0.8105263157894737,1.026175818423894,2.2673684210526313,2.0621332573678526,74840.00000226311,5.413590944956502,5484000.0,
0.8421052631578947,1.2176905254835064,2.690526315789474,2.446988210692772,74850.0000022637,5.438504999153953,5485000.0,
0.8210526315789474,0.9004049660265363,1.9894736842105263,1.8093926910052192,74860.00000226428,5.192029125434697,5486000.0,
0.8631578947368421,1.120503957721912,2.475789473684211,2.2516886821398274,74870.00000226486,5.194239951158163,5487000.0,
0.8842105263157894,1.1948230977748957,2.6399999999999997,2.4010353804450206,74880.00000226544,5.155095170238157,5488000.0,
0.8631578947368421,1.1262208146490644,2.488421052631579,2.2631768897017652,74890.00000226602,5.201838748817726,5489000.0,
0.8421052631578947,0.9661488206887915,2.134736842105263,1.9415070779675043,74900.0000022666,5.142299224710374,5490000.0,
0.9473684210526315,1.1976815262384721,2.646315789473684,2.40677948422599,74910.00000226719,4.815772722267244,5491000.0,
0.8315789473684211,1.1233623861854882,2.4821052631578944,2.257432785920797,74920.00000226777,5.397458565810389,5492000.0,
0.8631578947368421,1.149088242357675,2.5389473684210526,2.3091297199495178,74930.00000226835,5.230282719943669,5493000.0,
0.8315789473684211,1.1433713854305225,2.526315789473684,2.29764151238758,74940.00000226893,5.422532678826628,5494000.0,
0.8421052631578947,1.186247812384167,2.621052631578947,2.3838030691021137,74950.00000226952,5.406166777348778,5495000.0,
0.8947368421052632,1.0033083907152833,2.216842105263158,2.016180427120102,74960.0000022701,4.884165848580714,5496000.0,
0.9052631578947369,1.1548050992848278,2.5515789473684207,2.320617927511455,74970.00000227068,4.995189353993834,5497000.0,
0.8421052631578947,0.888971252172231,1.9642105263157887,1.7864162758813429,74980.00000227126,5.0546508620971915,5498000.0,
0.9157894736842105,1.1605219562119802,2.5642105263157893,2.3321061350733934,74990.00000227185,4.94493546955809,5499000.0,
0.8,1.1062118154040306,2.444210526315789,2.222968163234983,75000.00000227243,5.593288453615801,5500000.0,
0.8,1.1262208146490646,2.488421052631579,2.2631768897017657,75010.00000227301,5.618826018461599,5501000.0,
0.8,1.0604769599868096,2.343157894736842,2.1310625027394803,75020.00000227359,5.537172515923284,5502000.0,
0.8631578947368421,1.186247812384167,2.6210526315789475,2.383803069102114,75030.00000227417,5.278211490096596,5503000.0,
0.8315789473684211,1.2234073824106588,2.7031578947368415,2.4584764182547096,75040.00000227476,5.523841789119493,5504000.0,
0.8947368421052632,1.2519916670464222,2.7663157894736843,2.5159174560643995,75050.00000227534,5.166341275068703,5505000.0,
0.8736842105263158,1.1719556700662854,2.5894736842105264,2.355082550197269,75060.00000227592,5.199705887563001,5506000.0,
0.8421052631578947,1.0804859592318437,2.3873684210526314,2.171271229206263,75070.0000022765,5.286574576730743,5507000.0,
0.8105263157894737,1.0004499622517071,2.210526315789473,2.0104363233391322,75080.00000227708,5.39431878474479,5508000.0,
0.9052631578947369,1.140512956966946,2.5199999999999996,2.291897408606611,75090.00000227767,4.984982917712778,5509000.0,
0.7894736842105263,0.8575285390728918,1.8947368421052626,1.723231134290685,75100.00000227825,5.358200149644881,5510000.0,
0.8,0.9604319637616388,2.1221052631578945,1.9300188704055667,75110.00000227883,5.41685311274736,5511000.0,
0.8,1.0433263892053515,2.305263157894737,2.0965978800536664,75120.00000227941,5.520997460341505,5512000.0,
0.8631578947368421,1.1090702438676066,2.4505263157894737,2.228712267015952,75130.00000228,5.1936765021813525,5513000.0,
0.8315789473684211,1.0604769599868096,2.3431578947368417,2.13106250273948,75140.00000228058,5.332976091268323,5514000.0,
0.8421052631578947,1.2462748101192695,2.7536842105263153,2.5044292485024613,75150.00000228116,5.4874488371597945,5515000.0,
0.8421052631578947,1.0376095322781993,2.2926315789473684,2.085109672491728,75160.00000228174,5.240158819723552,5516000.0,
0.8736842105263158,1.0833443876954199,2.3936842105263154,2.177015332987231,75170.00000228232,5.103584540271355,5517000.0,
0.8526315789473684,1.2634253809007274,2.7915789473684205,2.5388938711882756,75180.0000022829,5.441298903667025,5518000.0,
0.8315789473684211,0.9547151068344863,2.109473684210526,1.9185306628436287,75190.00000228349,5.208325761528334,5519000.0,
0.9157894736842105,1.5263467749683792,2.513684210526316,2.2084148555326397,75200.00000228407,4.92962046229063,5520000.0,
0.8210526315789474,1.2578938245970566,2.0715789473684207,1.8200001824490097,75210.00000228465,5.645380940361376,5521000.0,
0.8736842105263158,1.4496459320051445,2.387368421052632,2.097439234651603,75220.00000228523,5.52525498255371,5522000.0,
0.8526315789473684,1.2118733188191155,1.9957894736842101,1.7534148099203875,75230.00000228581,5.383305744435649,5523000.0,
0.8210526315789474,1.2042032345227922,1.9831578947368418,1.742317247832284,75240.0000022864,5.581527016553067,5524000.0,
0.8210526315789474,1.3230895411158063,2.1789473684210523,1.9143294601978915,75250.00000228698,5.726837261762537,5525000.0,
0.7684210526315789,1.108327180818748,1.8252631578947363,1.6035977217309874,75260.00000228756,5.840149071085748,5526000.0,
0.8736842105263158,1.20036819237463,1.976842105263158,1.7367684667882324,75270.00000228814,5.24234672635025,5527000.0,
0.8947368421052632,1.468821142745953,2.4189473684210525,2.125183139871863,75280.00000228873,5.419503630262927,5528000.0,
0.8315789473684211,1.1888630659301445,1.9578947368421054,1.7201221236560764,75290.00000228931,5.4949593832259405,5529000.0,
0.8,1.1658528130411745,1.9199999999999997,1.6868294373917652,75300.00000228989,5.683629174347361,5530000.0,
0.8526315789473684,1.438140805560659,2.368421052631579,2.080792891519448,75310.00000229047,5.6526318091327505,5531000.0,
0.8,1.1159972651150716,1.8378947368421052,1.6146952838190909,75320.00000229105,5.622362371018741,5532000.0,
0.8526315789473684,1.2080382766709534,1.989473684210526,1.7478660288763357,75330.00000229164,5.383746127101672,5533000.0,
0.8315789473684211,1.2310485295599243,2.0273684210526315,1.7811587151406465,75340.00000229222,5.548220383793544,5534000.0,
0.7894736842105263,1.2310485295599245,2.0273684210526315,1.781158715140647,75350.0000022928,5.844658804262564,5535000.0,
0.8315789473684211,1.2540587824488951,2.0652631578947367,1.8144514014049578,75360.00000229338,5.576903599292998,5536000.0,
0.7473684210526316,1.1505126444485272,1.894736842105263,1.6646343132155577,75370.00000229396,6.067302834283299,5537000.0,
0.8947368421052632,1.4688211427459532,2.418947368421052,2.1251831398718624,75380.00000229455,5.424209512616143,5538000.0,
0.8526315789473684,1.300079288226836,2.1410526315789467,1.8810367739335803,75390.00000229513,5.494658424605658,5539000.0,
0.8947368421052632,1.346099794004777,2.216842105263158,1.9476221464622026,75400.00000229571,5.287991534611352,5540000.0,
0.8736842105263158,1.3384297097084532,2.204210526315789,1.9365245843740995,75410.00000229629,5.407115932937549,5541000.0,
0.7894736842105263,1.254058782448895,2.0652631578947367,1.8144514014049582,75420.00000229687,5.877538457922145,5542000.0,
0.8421052631578947,1.3614399625974238,2.242105263157894,1.9698172706384094,75430.00000229746,5.638207455728418,5543000.0,
0.8315789473684211,1.1811929816338216,1.9452631578947372,1.7090245615679727,75440.00000229804,5.493330800844728,5544000.0,
0.8631578947368421,1.2195434031154389,2.008421052631579,1.7645123720084912,75450.00000229862,5.337273454969384,5545000.0,
0.8210526315789474,1.2157083609672772,2.0021052631578944,1.7589635909644397,75460.0000022992,5.606821721838672,5546000.0,
0.8315789473684211,1.3154194568194828,2.166315789473684,1.9032318981097882,75470.00000229978,5.656261372270611,5547000.0,
0.7578947368421053,1.1313374337077184,1.863157894736842,1.6368904079952984,75480.00000230037,5.963845225191154,5548000.0,
0.8105263157894737,1.1159972651150716,1.8378947368421052,1.614695283819091,75490.00000230095,5.558175846720309,5549000.0,
0.8421052631578947,1.3077493725231595,2.1536842105263156,1.892134336021684,75500.00000230153,5.577949880015432,5550000.0,
0.8736842105263158,1.2732339931897039,2.096842105263158,1.8421953066252175,75510.00000230211,5.337313606801912,5551000.0,
0.8315789473684211,1.2655639088933803,2.0842105263157893,1.831097744537113,75520.0000023027,5.598840143752028,5552000.0,
0.8631578947368421,1.3767801311900707,2.2673684210526317,1.9920123948146176,75530.00000230328,5.523340396031685,5553000.0,
0.8421052631578947,1.3422647518566153,2.210526315789473,1.9420733654181512,75540.00000230386,5.6209368929740275,5554000.0,
0.8105263157894737,1.3039143303749976,2.147368421052631,1.8865855549776318,75550.00000230444,5.793138459703517,5555000.0,
0.8105263157894737,1.319254498967645,2.1726315789473682,1.90878067915384,75560.00000230502,5.812584122252918,5556000.0,
0.8526315789473684,1.2732339931897039,2.096842105263158,1.8421953066252175,75570.0000023056,5.472062090920649,5557000.0,
0.8,1.2080382766709539,1.989473684210526,1.7478660288763361,75580.00000230619,5.7510978459907065,5558000.0,
0.8842105263157894,1.4534809741533063,2.3936842105263154,2.102988015695655,75590.00000230677,5.481434435191899,5559000.0,
0.8210526315789474,1.326924583263968,2.185263157894737,1.9198782412419435,75600.00000230735,5.7494568643799315,5560000.0,
0.7789473684210526,1.1198323072632335,1.844210526315789,1.620244064863143,75610.00000230793,5.79491715137253,5561000.0,
0.7789473684210526,1.1850280237819835,1.9515789473684209,1.7145733426120247,75620.00000230852,5.879154895552038,5562000.0,
0.8526315789473684,1.1926981080783068,1.9642105263157894,1.7256709047001284,75630.0000023091,5.380569386160541,5563000.0,
0.8315789473684211,1.2924092039305122,2.128421052631579,1.869939211845477,75640.00000230968,5.637198409936274,5564000.0,
0.8105263157894737,1.300079288226836,2.1410526315789467,1.8810367739335807,75650.00000231026,5.793601719391153,5565000.0,
0.7894736842105263,1.2195434031154389,2.008421052631579,1.7645123720084912,75660.00000231084,5.846618977433845,5566000.0,
0.8210526315789474,1.2195434031154389,2.0084210526315784,1.7645123720084914,75670.00000231143,5.622261837276164,5567000.0,
0.8526315789473684,1.1620177708930128,1.9136842105263157,1.681280656347713,75680.00000231201,5.3470554104495385,5568000.0,
0.8,1.2080382766709539,1.989473684210526,1.7478660288763357,75690.00000231259,5.756887319675254,5569000.0,
0.8631578947368421,1.3422647518566155,2.210526315789474,1.9420733654181508,75700.00000231317,5.491645749243408,5570000.0,
0.7789473684210526,1.1811929816338216,1.9452631578947366,1.7090245615679727,75710.00000231375,5.879096395497248,5571000.0,
0.8842105263157894,1.3115844146713211,2.1599999999999997,1.8976831170657358,75720.00000231434,5.327146659587633,5572000.0,
0.8105263157894737,0.9165750734106604,1.5094736842105263,1.3261586695283942,75730.00000231492,5.32460301280001,5573000.0,
0.7894736842105263,1.2003681923746303,1.9768421052631577,1.736768466788232,75740.0000023155,5.826597043829069,5574000.0,
0.8210526315789474,1.3691100468937476,2.2547368421052627,1.9809148327265138,75750.00000231608,5.80852890341665,5575000.0,
0.8,1.3691100468937476,2.254736842105263,1.9809148327265138,75760.00000231666,5.961911242980276,5576000.0,
0.7789473684210526,0.9319152420033073,1.534736842105263,1.3483537937046017,75770.00000231725,5.562320918944749,5577000.0,
0.8421052631578947,1.108327180818748,1.8252631578947367,1.6035977217309876,75780.00000231783,5.355136027367259,5578000.0,
0.8105263157894737,1.3499348361529389,2.2231578947368424,1.9531709275062548,75790.00000231841,5.862384538261444,5579000.0,
0.7789473684210526,0.9118386798808418,2.0147368421052634,1.832369106129094,75800.000002319,5.938118274481709,5580000.0,
0.9263157894736842,1.1090702438676066,2.4505263157894737,2.228712267015952,75810.00000231958,4.8704712861253325,5581000.0,
0.8842105263157894,1.2691422378278796,2.80421052631579,2.5503820787502125,75820.00000232016,5.283908483395923,5582000.0,
0.9263157894736842,1.2091152400927776,2.671578947368421,2.429755899349865,75830.00000232074,4.979383497959376,5583000.0,
0.8105263157894737,1.0090252476424362,2.2294736842105265,2.027668634682039,75840.00000232132,5.444379201787598,5584000.0,
0.8736842105263158,1.054760103059657,2.330526315789474,2.119574295177542,75850.0000023219,5.1036386723166665,5585000.0,
0.8315789473684211,1.0719106738411146,2.3684210526315788,2.154038917863356,75860.00000232249,5.383181190209167,5586000.0,
0.8736842105263158,1.0776275307682674,2.3810526315789478,2.165527125425294,75870.00000232307,5.130776089573566,5587000.0,
0.8631578947368421,1.1605219562119802,2.5642105263157893,2.3321061350733934,75880.00000232365,5.2898705591678175,5588000.0,
0.8,1.1605219562119802,2.5642105263157893,2.3321061350733934,75890.00000232423,5.708018234891623,5589000.0,
0.8736842105263158,1.0261758184238938,2.2673684210526317,2.0621332573678526,75900.00000232481,5.073331358577077,5590000.0,
0.8526315789473684,1.054760103059657,2.3305263157894736,2.119574295177542,75910.0000023254,5.232617404966633,5591000.0,
0.8736842105263158,1.2634253809007274,2.791578947368421,2.538893871188275,75920.00000232598,5.34584591803857,5592000.0,
0.7894736842105263,1.0033083907152833,2.2168421052631575,2.016180427120102,75930.00000232656,5.587121295061153,5593000.0,
0.8631578947368421,1.1176455292583354,2.469473684210526,2.245944578358859,75940.00000232714,5.243123479160717,5594000.0,
0.8526315789473684,1.08334438769542,2.3936842105263154,2.177015332987231,75950.00000232772,5.268117491885236,5595000.0,
0.8105263157894737,0.9661488206887912,2.134736842105263,1.9415070779675045,75960.0000023283,5.397713480221776,5596000.0,
0.8526315789473684,1.0833443876954199,2.3936842105263154,2.177015332987231,75970.00000232889,5.2691051462062815,5597000.0,
0.8421052631578947,1.1605219562119802,2.5642105263157893,2.332106135073393,75980.00000232947,5.427117323147304,5598000.0,
0.8736842105263158,1.1776725269934383,2.6021052631578945,2.3665707577592068,75990.00000233005,5.251068555132833,5599000.0,
0.8315789473684211,0.9690072491523677,2.141052631578947,1.9472511817484737,76000.00000233063,5.266525173178807,5600000.0,
0.8541666666666666,0.9758853426428479,2.15625,1.9610729314714301,76010.00000233122,5.094204791528861,5601000.0,
0.8645833333333334,1.106003388328561,2.44375,2.2225493223342876,76020.0000023318,5.183808738448161,5602000.0,
0.9166666666666666,1.0890314693260768,2.4062499999999996,2.1884437061347843,76030.00000233238,4.871213875760922,5603000.0,
0.7916666666666666,0.8429386437900543,1.8624999999999996,1.693912271241989,76040.00000233296,5.3300251291513865,5604000.0,
0.8541666666666666,1.0550876313211084,2.33125,2.1202324737357783,76050.00000233355,5.188880641688889,5605000.0,
0.8541666666666666,1.2219781681788708,2.6999999999999997,2.4556043663642257,76060.00000233413,5.384752489717518,5606000.0,
0.875,1.2615793125180008,2.7875,2.5351841374963997,76070.00000233471,5.302278738254705,5607000.0,
0.8541666666666666,1.0296297528173817,2.275,2.0690740494365234,76080.00000233529,5.160539710757782,5608000.0,
0.8333333333333334,1.1399472263335297,2.51875,2.290760554733294,76090.00000233587,5.422434171746133,5609000.0,
0.8645833333333334,1.1512618390018527,2.5437499999999997,2.313497632199629,76100.00000233646,5.240011283805447,5610000.0,
0.8229166666666666,0.8995117071316686,1.9874999999999998,1.8075976585736662,76110.00000233704,5.1999104290673,5611000.0,
0.84375,1.0070005274807359,2.2249999999999996,2.0235998945038527,76120.00000233762,5.199405563578141,5612000.0,
0.875,1.0777168566577542,2.3812499999999996,2.165706628668449,76130.0000023382,5.095007360128875,5613000.0,
0.8645833333333334,1.1060033883285612,2.4437499999999996,2.2225493223342876,76140.00000233878,5.189591870978618,5614000.0,
0.8541666666666666,1.0805455098248347,2.3874999999999997,2.171390898035033,76150.00000233937,5.2235630360349985,5615000.0,
0.8541666666666666,1.0154864869819782,2.24375,2.040652702603604,76160.00000233995,5.147884180023878,5616000.0,
0.8020833333333334,1.0211437933161396,2.25625,2.0520212413367718,76170.00000234053,5.489735119091426,5617000.0,
0.8020833333333334,0.9843713021440904,2.1750000000000003,1.9781257395711822,76180.00000234111,5.44440837685098,5618000.0,
0.8645833333333334,1.21914951501179,2.69375,2.449920096997642,76190.0000023417,5.322869318708758,5619000.0,
0.8229166666666666,0.876882481795023,1.9375,1.7621235036409952,76200.00000234228,5.176968585620502,5620000.0,
0.8229166666666666,1.247436046682597,2.75625,2.50676279066348,76210.00000234286,5.627767854344672,5621000.0,
0.8541666666666666,0.9193122793012338,2.03125,1.8473875441397531,76220.00000234344,5.038216814934397,5622000.0,
0.84375,1.1144893478298037,2.4625,2.2396021304340388,76230.00000234402,5.332231819794637,5623000.0,
0.8333333333333334,1.0211437933161396,2.2562499999999996,2.052021241336772,76240.0000023446,5.287370052125702,5624000.0,
0.8020833333333334,0.8825397881291845,1.95,1.7734920423741631,76250.00000234519,5.3210859697676725,5625000.0,
0.8229166666666666,0.9334555451366374,2.0625,1.8758088909726727,76260.00000234577,5.248753573985172,5626000.0,
0.8645833333333334,1.1314612668322876,2.5,2.2737077466335425,76270.00000234635,5.225302188284497,5627000.0,
0.7708333333333334,0.8118234589521661,1.79375,1.6313853082095668,76280.00000234693,5.446687190150324,5628000.0,
0.8854166666666666,1.148433185834772,2.5374999999999996,2.3078133628330453,76290.00000234751,5.1224633629630185,5629000.0,
0.8645833333333334,1.0946887756602384,2.4187499999999997,2.1998122448679522,76300.0000023481,5.184215933434983,5630000.0,
0.78125,0.9447701578049602,2.0875,1.8985459684390078,76310.00000234868,5.545836468813323,5631000.0,
0.8645833333333334,1.125803960498126,2.4874999999999994,2.2623392079003746,76320.00000234926,5.221168436380066,5632000.0,
0.8541666666666666,1.0550876313211082,2.33125,2.1202324737357783,76330.00000234984,5.20253917827505,5633000.0,
0.84375,1.0409443654857045,2.2999999999999994,2.0918111269028588,76340.00000235043,5.250499495041453,5634000.0,
0.84375,1.0268010996503012,2.2687500000000003,2.0633897800699397,76350.00000235101,5.234230933063719,5635000.0,
0.8541666666666666,1.057916284488189,2.3375,2.125916743102362,76360.00000235159,5.2073141868609865,5636000.0,
0.8229166666666666,1.0324584059844624,2.28125,2.074758318803107,76370.00000235217,5.374630468180322,5637000.0,
0.8958333333333334,0.9391128514707988,2.0749999999999997,1.8871774297058401,76380.00000235275,4.833425973871349,5638000.0,
0.8958333333333334,1.0607449376552698,2.3437499999999996,2.131601012468946,76390.00000235334,4.96966644217032,5639000.0,
0.875,1.6129148617919895,2.6562499999999996,2.333667027641602,76400.00000235392,5.250105347959969,5640000.0,
0.75,1.0398556991317767,1.7124999999999997,1.5045288601736446,76410.0000023545,5.909249265672179,5641000.0,
0.7916666666666666,1.2789466080562362,2.1062499999999997,1.8504606783887525,76420.00000235508,5.900772031383518,5642000.0,
0.8541666666666666,1.252380951509074,2.0625,1.812023809698185,76430.00000235566,5.4383947726417325,5643000.0,
0.8333333333333334,1.2296103887543637,2.025,1.779077922249127,76440.00000235625,5.547529966652152,5644000.0,
0.78125,1.4687012976788232,2.4187499999999997,2.125009740464235,76450.00000235683,6.223934994518968,5645000.0,
0.875,1.3965945156222401,2.3000000000000003,2.020681096875552,76460.00000235741,5.475153256089202,5646000.0,
0.84375,1.3510533901128194,2.225,1.954789321977436,76470.00000235799,5.62445586990853,5647000.0,
0.8541666666666666,1.2182251073770085,2.00625,1.762604978524598,76480.00000235857,5.40084646731653,5648000.0,
0.8854166666666666,1.631890330754248,2.6875,2.3611219338491503,76490.00000235916,5.677897314872621,5649000.0,
0.8541666666666666,1.2030447322072015,1.98125,1.7406410535585597,76500.00000235974,5.384049930532423,5650000.0,
0.8229166666666666,1.2182251073770083,2.00625,1.7626049785245985,76510.00000236032,5.607460890126107,5651000.0,
0.8020833333333334,1.2751515142637844,2.1,1.844969697147243,76520.0000023609,5.824601888066172,5652000.0,
0.8125,1.1461183253204255,1.8875,1.658276334935915,76530.00000236148,5.591630246699168,5653000.0,
0.8541666666666666,1.3358730149430125,2.1999999999999997,1.9328253970113973,76540.00000236207,5.541507432272023,5654000.0,
0.8333333333333334,1.036060605339325,1.70625,1.4990378789321348,76550.00000236265,5.320770226554426,5655000.0,
0.8958333333333334,1.2485858577166224,2.05625,1.8065328284566755,76560.00000236323,5.187256306425314,5656000.0,
0.875,1.3965945156222404,2.3,2.020681096875552,76570.00000236381,5.480391351327603,5657000.0,
0.8333333333333334,1.1423232315279737,1.8812499999999999,1.652785353694405,76580.0000023644,5.449785377980891,5658000.0,
0.8958333333333334,1.4611111100939196,2.4062499999999996,2.114027777981216,76590.00000236498,5.425889146288425,5659000.0,
0.8125,1.1916594508298464,1.9624999999999997,1.7241681098340307,76600.00000236556,5.651270606300716,5660000.0,
0.8020833333333334,1.1764790756600394,1.9375,1.702204184867992,76610.00000236614,5.706257029547489,5661000.0,
0.8958333333333334,1.1461183253204255,1.8875,1.6582763349359146,76620.00000236672,5.075664642355303,5662000.0,
0.84375,1.2106349197921051,1.9937499999999997,1.751623016041579,76630.0000023673,5.465935213726415,5663000.0,
0.8854166666666666,1.313102452188302,2.1625,1.8998795095623395,76640.00000236789,5.324913357904434,5664000.0,
0.8229166666666666,1.2637662328864294,2.0812500000000003,1.828496753422714,76650.00000236847,5.66989061226455,5665000.0,
0.8125,1.2675613266788812,2.0875,1.833987734664224,76660.00000236905,5.747765222730476,5666000.0,
0.8229166666666666,1.1271428563581667,1.85625,1.6308214287283667,76670.00000236963,5.504879926863175,5667000.0,
0.8645833333333334,1.2941269832260431,2.1312499999999996,1.8724246033547913,76680.00000237022,5.433204703632643,5668000.0,
0.8333333333333334,1.3396681087354638,2.20625,1.9383163782529074,76690.0000023708,5.6920992306302,5669000.0,
0.8333333333333334,1.2865367956411395,2.11875,1.861442640871772,76700.00000237138,5.628841654917041,5670000.0,
0.78125,1.1043722936034561,1.8187499999999999,1.5978755412793086,76710.00000237196,5.771460535969973,5671000.0,
0.8125,1.210634919792105,1.9937500000000001,1.7516230160415789,76720.00000237254,5.680778875793084,5672000.0,
0.8020833333333334,1.2447907639241704,2.0500000000000003,1.801041847215166,76730.00000237313,5.79765861491612,5673000.0,
0.875,1.4800865790561784,2.4375,2.141482684188764,76740.00000237371,5.58390609049067,5674000.0,
0.8229166666666666,1.195454544622298,1.96875,1.7296590910755405,76750.00000237429,5.591942231589444,5675000.0,
0.8333333333333334,1.3206926397732055,2.1750000000000003,1.9108614720453587,76760.00000237487,5.672828667875694,5676000.0,
0.8645833333333334,1.400389609414692,2.30625,2.0261720781170616,76770.00000237545,5.560448223080006,5677000.0,
0.875,1.2296103887543637,2.025,1.779077922249127,76780.00000237604,5.299552349193469,5678000.0,
0.78125,1.3017171708109467,2.1437499999999994,1.8834065658378105,76790.00000237662,6.0283286454624765,5679000.0,
0.84375,1.252380951509074,2.0625,1.812023809698185,76800.0000023772,5.523807053786522,5680000.0,
0.78125,1.3282828273581087,2.1875,1.921843434528378,76810.00000237778,6.063399352509572,5681000.0,
0.8541666666666666,1.077806637056294,1.7749999999999997,1.5594386725887415,76820.00000237837,5.253039477673732,5682000.0,
0.84375,1.2903318894335913,2.125,1.866933622113282,76830.00000237895,5.570267424660109,5683000.0,
0.8020833333333334,1.354848483905271,2.2312499999999997,1.9602803032189453,76840.00000237953,5.940587720347434,5684000.0,
0.7916666666666666,1.3206926397732055,2.175,1.910861472045359,76850.00000238011,5.976135439869427,5685000.0,
0.8125,1.165093794282684,1.91875,1.685731241143463,76860.0000023807,5.631907746961395,5686000.0,
0.7916666666666666,1.2182251073770083,2.0062499999999996,1.7626049785245985,76870.00000238128,5.847755398947976,5687000.0,
0.8333333333333334,1.4117748907920473,2.3249999999999997,2.0426450218415906,76880.00000238186,5.788127369098653,5688000.0,
0.8020833333333334,1.0664213556789388,1.7562499999999999,1.5429657288642122,76890.00000238244,5.583587664377093,5689000.0,
0.8125,1.2182251073770087,2.00625,1.7626049785245985,76900.00000238302,5.699351414359656,5690000.0,
0.8854166666666666,1.1916594508298461,1.9625000000000004,1.7241681098340307,76910.0000023836,5.200460085782683,5691000.0,
0.8125,1.1271428563581665,1.85625,1.6308214287283664,76920.00000238419,5.588275823362167,5692000.0,
0.84375,1.2068398259996531,1.9875,1.746132034800069,76930.00000238477,5.47625213960289,5693000.0,
0.78125,1.1195526687732633,1.84375,1.6198394662453472,76940.00000238535,5.803158082854707,5694000.0,
0.8125,1.2865367956411398,2.11875,1.861442640871772,76950.00000238593,5.7859914409413005,5695000.0,
0.8541666666666666,1.3548484839052712,2.2312499999999997,1.960280303218946,76960.00000238651,5.58421042032659,5696000.0,
0.75,1.032265511546873,1.7,1.4935468976906252,76970.0000023871,5.9302401266718965,5697000.0,
0.8020833333333334,1.22202020116946,2.0124999999999997,1.768095959766108,76980.00000238768,5.782256354859054,5698000.0,
0.8333333333333334,1.2903318894335916,2.1250000000000004,1.8669336221132815,76990.00000238826,5.647895767468826,5699000.0,
0.8854166666666666,1.0437730186527856,2.30625,2.097495396269443,77000.00000238884,5.440437676655225,5700000.0,
0.8541666666666666,1.1456045326676911,2.5312499999999996,2.3021290934664616,77010.00000238942,5.3416809164388335,5701000.0,
0.8854166666666666,0.9617420768074446,2.125,1.932651584638511,77020.00000239,4.9459651692400355,5702000.0,
0.84375,1.1229753073310456,2.48125,2.256654938533791,77030.00000239059,5.381795426119396,5703000.0,
0.875,1.1823770238397406,2.6125000000000003,2.376024595232052,77040.00000239117,5.257952313101287,5704000.0,
0.8854166666666666,1.2163208618447094,2.6875,2.444235827631058,77050.00000239175,5.234901208811618,5705000.0,
0.90625,1.1823770238397406,2.6125,2.376024595232052,77060.00000239233,5.077563152879457,5706000.0,
0.8854166666666666,1.176719717505579,2.5999999999999996,2.364656056498884,77070.00000239292,5.1911163869698305,5707000.0,
0.8333333333333334,1.0211437933161396,2.25625,2.052021241336772,77080.0000023935,5.329370052128146,5708000.0,
0.875,1.0550876313211084,2.33125,2.120232473735778,77090.00000239408,5.114859674032512,5709000.0,
0.7395833333333334,0.987199955311171,2.18125,1.9838100089377655,77100.00000239466,5.960154869320836,5710000.0,
0.8541666666666666,1.1965202896751441,2.64375,2.404445942064971,77110.00000239525,5.406167656350282,5711000.0,
0.8125,1.0522589781540275,2.3249999999999997,2.114548204369194,77120.00000239583,5.506367460444849,5712000.0,
0.78125,0.9391128514707988,2.0749999999999997,1.8871774297058401,77130.00000239641,5.582328450041476,5713000.0,
0.8958333333333334,1.0550876313211084,2.3312500000000003,2.1202324737357783,77140.00000239699,4.998235030450496,5714000.0,
0.8229166666666666,1.0805455098248347,2.3874999999999997,2.171390898035033,77150.00000239757,5.472559100697502,5715000.0,
0.8854166666666666,1.1116606946627228,2.45625,2.233917861067455,77160.00000239816,5.121873255288733,5716000.0,
0.8645833333333334,1.0126578338148975,2.2375,2.03496843323702,77170.00000239874,5.131264482628355,5717000.0,
0.875,1.0211437933161396,2.2562499999999996,2.052021241336772,77180.00000239932,5.080352430598512,5718000.0,
0.8125,0.9900286084782518,2.1875,1.9894942783043497,77190.0000023999,5.433365979818463,5719000.0,
0.8333333333333334,0.7976801931167626,1.7625,1.6029639613766473,77200.00000240048,5.067213731889243,5720000.0,
0.84375,1.2163208618447092,2.6875,2.444235827631058,77210.00000240107,5.501316083321292,5721000.0,
0.8125,1.0720595503235926,2.36875,2.1543380899352815,77220.00000240165,5.53586560055128,5722000.0,
0.8333333333333334,1.007000527480736,2.225,2.0235998945038527,77230.00000240223,5.319898133126099,5723000.0,
0.875,1.1144893478298032,2.4625,2.239602130434039,77240.00000240281,5.189890207185722,5724000.0,
0.8125,1.1031747351614805,2.4375,2.216865052967704,77250.0000024034,5.575699674198,5725000.0,
0.8958333333333334,1.046601671819866,2.3125,2.1031796656360267,77260.00000240398,4.994343726821526,5726000.0,
0.8854166666666666,1.026801099650301,2.26875,2.0633897800699397,77270.00000240456,5.031208300922064,5727000.0,
0.84375,0.9900286084782516,2.1875,1.9894942783043497,77280.00000240514,5.236574647232851,5728000.0,
0.8854166666666666,1.0607449376552696,2.34375,2.131601012468946,77290.00000240572,5.070486047374788,5729000.0,
0.8125,1.1201466541639649,2.475,2.250970669167207,77300.0000024063,5.599152292457617,5730000.0,
0.8645833333333334,1.1342899199993683,2.5062499999999996,2.279392016000126,77310.00000240689,5.2786943654445215,5731000.0,
0.9375,1.0013432211465745,2.2125,2.012231355770685,77320.00000240747,4.726763880466993,5732000.0,
0.84375,1.2163208618447092,2.6875,2.444235827631058,77330.00000240805,5.507242009247563,5733000.0,
0.8541666666666666,1.0154864869819782,2.24375,2.0406527026036043,77340.00000240863,5.205445155636984,5734000.0,
0.84375,1.046601671819866,2.3125,2.1031796656360267,77350.00000240922,5.307080993909536,5735000.0,
0.8229166666666666,0.9928572616453323,2.1937499999999996,1.9951785476709336,77360.0000024098,5.376634140885056,5736000.0,
0.8333333333333334,1.0550876313211082,2.33125,2.1202324737357783,77370.00000241038,5.384602657734953,5737000.0,
0.8854166666666666,1.2757225783534045,2.8187499999999996,2.563605484329319,77380.00000241096,5.317519618045871,5738000.0,
0.8541666666666666,1.1710624111714176,2.5875,2.353287517765716,77390.00000241154,5.390021847371105,5739000.0,
0.90625,1.1229753073310456,2.4812499999999997,2.256654938533791,77400.00000241213,5.0276486151236455,5740000.0,
0.7604166666666666,0.9079976666329109,2.00625,1.8246504666734176,77410.00000241271,5.709692822037515,5741000.0,
0.90625,1.125803960498126,2.4875000000000003,2.2623392079003746,77420.00000241329,5.031689427813811,5742000.0,
0.8541666666666666,1.0833741629919154,2.3937500000000003,2.1770751674016164,77430.00000241387,5.289313654380582,5743000.0,
0.8020833333333334,1.0833741629919156,2.3937500000000003,2.1770751674016164,77440.00000241445,5.63329506050922,5744000.0,
0.8541666666666666,0.995685914812413,2.1999999999999997,2.000862817037517,77450.00000241504,5.187629851633904,5745000.0,
0.875,1.0748882034906733,2.375,2.160022359301865,77460.00000241562,5.155107946989231,5746000.0,
0.8020833333333334,1.0833741629919156,2.3937500000000003,2.177075167401617,77470.0000024162,5.634853502067754,5747000.0,
0.8020833333333334,0.9730566894757673,2.15,1.9553886621048466,77480.00000241678,5.497834314307391,5748000.0,
0.8541666666666666,1.0748882034906735,2.375,2.160022359301865,77490.00000241736,5.282305701793932,5749000.0,
0.8854166666666666,1.0409443654857047,2.3000000000000003,2.091811126902859,77500.00000241795,5.058005401160327,5750000.0,
0.8645833333333334,0.9900286084782518,2.1875,1.9894942783043497,77510.00000241853,5.121476462962827,5751000.0,
0.8020833333333334,0.8910257476304265,1.96875,1.7905448504739148,77520.00000241911,5.397639893305528,5752000.0,
0.8020833333333334,1.0126578338148975,2.2375,2.03496843323702,77530.00000241969,5.5498045721848985,5753000.0,
0.8541666666666666,0.967399383141606,2.1374999999999997,1.9440201233716785,77540.00000242027,5.158904156019556,5754000.0,
0.8229166666666666,1.17954837067266,2.6062499999999997,2.370340325865468,77550.00000242086,5.613119539197305,5755000.0,
0.7916666666666666,0.9956859148124132,2.1999999999999997,2.000862817037517,77560.00000242144,5.602969050447443,5756000.0,
0.8541666666666666,1.0692308971565119,2.3625000000000003,2.1486538205686974,77570.00000242202,5.27958495291514,5757000.0,
0.8020833333333334,1.0098291806478168,2.2312499999999997,2.0292841638704364,77580.0000024226,5.548875342262456,5758000.0,
0.8541666666666666,1.2219781681788708,2.6999999999999997,2.4556043663642257,77590.00000242318,5.459386636063325,5759000.0,
0.8125,1.4345454535467574,2.3625,2.075590909290648,77600.00000242377,5.5518713607570325,5760000.0,
0.8645833333333334,1.1575036066977804,1.9062499999999998,1.6747492786604437,77610.00000242435,5.320001762108586,5761000.0,
0.8645833333333334,1.3093073583958503,2.15625,1.89438852832083,77620.00000242493,5.4960639327473455,5762000.0,
0.875,1.2941269832260434,2.13125,1.8724246033547913,77630.00000242551,5.413761790496792,5763000.0,
0.8020833333333334,1.2068398259996531,1.9875,1.7461320348000695,77640.0000024261,5.797615887116875,5764000.0,
0.78125,1.1802741694524912,1.9437499999999996,1.7076951661095017,77650.00000242668,5.918748270392989,5765000.0,
0.8333333333333334,1.343463202527916,2.2125,1.9438073594944167,77660.00000242726,5.745153343183967,5766000.0,
0.875,1.3738239528675298,2.2624999999999997,1.987735209426494,77670.00000242784,5.506748803420506,5767000.0,
0.9166666666666666,1.3017171708109465,2.1437500000000003,1.8834065658378105,77680.00000242842,5.17823464102151,5768000.0,
0.8333333333333334,1.2789466080562364,2.1062499999999997,1.8504606783887525,77690.000002429,5.669233429818037,5769000.0,
0.8125,1.2030447322072013,1.9812500000000002,1.7406410535585597,77700.00000242959,5.721693516717154,5770000.0,
0.8333333333333334,1.2751515142637846,2.1,1.8449696971472431,77710.00000243017,5.665679317267154,5771000.0,
0.8020833333333334,1.339668108735464,2.20625,1.9383163782529074,77720.00000243075,5.967375824034492,5772000.0,
0.8958333333333334,1.1764790756600394,1.9375,1.7022041848679923,77730.00000243133,5.161183619481598,5773000.0,
0.8541666666666666,1.0170851363770663,1.675,1.4715829727245866,77740.00000243192,5.2268289402957855,5774000.0,
0.84375,1.2144300135845567,2.0,1.7571139972830885,77750.0000024325,5.5257417446441455,5775000.0,
0.8333333333333334,1.1233477625657151,1.8499999999999999,1.625330447486857,77760.00000243308,5.486014815229616,5776000.0,
0.8645833333333334,1.3662337652826266,2.25,1.9767532469434748,77770.00000243366,5.569135439508375,5777000.0,
0.8645833333333334,1.240995670131719,2.0437499999999997,1.7955508659736565,77780.00000243424,5.424763666803739,5778000.0,
0.8541666666666666,1.2903318894335916,2.125,1.866933622113282,77790.00000243483,5.549166602410883,5779000.0,
0.8229166666666666,1.1726839818675876,1.9312500000000001,1.6967132036264825,77800.00000243541,5.617436231283017,5780000.0,
0.7916666666666666,1.2220202011694603,2.0124999999999997,1.768095959766108,77810.00000243599,5.902022885846585,5781000.0,
0.8125,1.1840692632449428,1.95,1.7131861473510115,77820.00000243657,5.704492939533194,5782000.0,
0.7916666666666666,1.0740115432638424,1.76875,1.5539476913472317,77830.00000243715,5.716117212702708,5783000.0,
0.8020833333333334,1.1992496384147497,1.9749999999999996,1.73515007231705,77840.00000243774,5.798542406492146,5784000.0,
0.78125,1.1688888880751358,1.9249999999999998,1.6912222223849727,77850.00000243832,5.914841776897262,5785000.0,
0.78125,1.195454544622298,1.96875,1.7296590910755405,77860.0000024389,5.949379150610993,5786000.0,
0.875,1.2637662328864294,2.0812500000000003,1.8284967534227141,77870.00000243948,5.390492361537898,5787000.0,
0.78125,1.0967821060185527,1.8062499999999997,1.5868935787962892,77880.00000244007,5.824145095864928,5788000.0,
0.8541666666666666,1.1309379501506187,1.8625,1.6363124099698763,77890.00000244065,5.367437112518906,5789000.0,
0.8541666666666666,1.3472582963203676,2.21875,1.9492983407359263,77900.00000244123,5.621178005595714,5790000.0,
0.8020833333333334,1.2372005763392673,2.0375,1.7900598847321465,77910.00000244181,5.849494225203445,5791000.0,
0.8645833333333334,1.3776190466599816,2.26875,1.9932261906680033,77920.0000024424,5.589532873391039,5792000.0,
0.7604166666666666,1.1271428563581667,1.85625,1.6308214287283664,77930.00000244298,6.026376907157318,5793000.0,
0.78125,1.036060605339325,1.70625,1.4990378789321348,77940.00000244356,5.749621574995703,5794000.0,
0.8645833333333334,1.3168975459807537,2.1687499999999997,1.9053704908038493,77950.00000244414,5.520746559352497,5795000.0,
0.875,1.1916594508298461,1.9624999999999997,1.7241681098340307,77960.00000244472,5.312370324902052,5796000.0,
0.8645833333333334,1.3776190466599816,2.26875,1.9932261906680038,77970.0000024453,5.591942511945394,5797000.0,
0.8333333333333334,1.252380951509074,2.0625,1.812023809698185,77980.00000244589,5.651854641962287,5798000.0,
0.8229166666666666,1.1423232315279737,1.8812499999999996,1.652785353694405,77990.00000244647,5.590162408086071,5799000.0,
0.7916666666666666,1.252380951509074,2.0625,1.812023809698185,78000.00000244705,5.9503733073287846,5800000.0,
0.8020833333333334,1.2182251073770083,2.00625,1.7626049785245985,78010.00000244763,5.831031302861191,5801000.0,
0.8229166666666666,1.2220202011694603,2.0124999999999997,1.768095959766108,78020.00000244821,5.688528345878346,5802000.0,
0.8854166666666666,1.1461183253204255,1.8875,1.658276334935915,78030.0000024488,5.201731285210404,5803000.0,
0.9166666666666666,1.3965945156222401,2.2999999999999994,2.0206810968755518,78040.00000244938,5.298100835362056,5804000.0,
0.8125,1.2751515142637844,2.1,1.8449696971472431,78050.00000244996,5.828389043351942,5805000.0,
0.9479166666666666,1.4383405473392095,2.36875,2.081081890532158,78060.00000245054,5.168357061062578,5806000.0,
0.8854166666666666,1.3434632025279158,2.2125,1.943807359494417,78070.00000245112,5.426497264174267,5807000.0,
0.8125,1.077806637056294,1.7750000000000001,1.559438672588741,78080.0000024517,5.587041502173582,5808000.0,
0.8333333333333334,1.3662337652826262,2.25,1.9767532469434748,78090.00000245229,5.79397801849087,5809000.0,
0.84375,1.2296103887543637,2.025,1.779077922249127,78100.00000245287,5.561017251019243,5810000.0,
0.84375,1.4117748907920469,2.3249999999999997,2.0426450218415906,78110.00000245345,5.777409747261465,5811000.0,
0.7916666666666666,1.2372005763392673,2.0375,1.7900598847321465,78120.00000245403,5.937513886062027,5812000.0,
0.7708333333333334,1.1878643570373943,1.9562499999999998,1.718677128592521,78130.00000245462,6.03452403091536,5813000.0,
0.8229166666666666,1.2447907639241707,2.05,1.801041847215166,78140.0000024552,5.7222748525173355,5814000.0,
0.8125,1.2106349197921051,1.9937500000000001,1.7516230160415789,78150.00000245578,5.754112209130686,5815000.0,
0.84375,1.3168975459807537,2.1687499999999997,1.9053704908038493,78160.00000245636,5.667431659584026,5816000.0,
0.8541666666666666,1.1916594508298464,1.9625000000000001,1.7241681098340305,78170.00000245695,5.452184235266115,5817000.0,
0.8333333333333334,1.2789466080562362,2.1062499999999997,1.8504606783887525,78180.00000245753,5.693733429819464,5818000.0,
0.8125,1.2447907639241707,2.0500000000000003,1.801041847215166,78190.00000245811,5.798201453190784,5819000.0,
0.8125,0.9221409324683146,2.0375,1.8530718135063367,78200.00000245869,5.789372504368368,5820000.0,
0.8645833333333334,1.077716856657754,2.38125,2.165706628668449,78210.00000245927,5.256633954835057,5821000.0,
0.84375,1.0352870591515433,2.2874999999999996,2.080442588169691,78220.00000245986,5.336634045564394,5822000.0,
0.8125,0.9164836261341532,2.025,1.8417032747731692,78230.00000246044,5.396182411808318,5823000.0,
0.8541666666666666,1.0324584059844626,2.2812499999999996,2.0747583188031076,78240.00000246102,5.269217158374156,5824000.0,
0.90625,1.2870371910217273,2.84375,2.586342561795654,78250.0000024616,5.247762877589202,5825000.0,
0.8020833333333334,0.9617420768074446,2.125,1.9326515846385108,78260.00000246218,5.524247264749243,5826000.0,
0.8645833333333334,1.0720595503235926,2.36875,2.1543380899352815,78270.00000246277,5.252982130641497,5827000.0,
0.8125,0.9758853426428482,2.15625,1.9610729314714301,78280.00000246335,5.471856319306348,5828000.0,
0.8333333333333334,0.9787139958099288,2.1625,1.966757200838014,78290.00000246393,5.338954295124216,5829000.0,
0.7916666666666666,0.9589134236403639,2.11875,1.926967315271927,78300.00000246451,5.595466956337649,5830000.0,
0.8958333333333334,1.1625764516701755,2.5687499999999996,2.3362347096659644,78310.0000024651,5.1726411554944836,5831000.0,
0.8333333333333334,1.069230897156512,2.3625,2.1486538205686974,78320.00000246568,5.449074576740202,5832000.0,
0.8333333333333334,1.0409443654857047,2.2999999999999994,2.091811126902859,78330.00000246626,5.4156307387352625,5833000.0,
0.8541666666666666,1.1144893478298032,2.4625,2.2396021304340388,78340.00000246684,5.370131431754351,5834000.0,
0.84375,0.9475988109720411,2.09375,1.9042302378055915,78350.00000246742,5.239126985993999,5835000.0,
0.8541666666666666,0.9787139958099288,2.1625,1.966757200838014,78360.000002468,5.212150531828701,5836000.0,
0.84375,1.0296297528173817,2.275,2.0690740494365234,78370.00000246859,5.3373364973169295,5837000.0,
0.78125,0.9645707299745251,2.1312499999999996,1.9383358540050948,78380.00000246917,5.681581201196792,5838000.0,
0.875,1.0918601224931577,2.4124999999999996,2.194127975501368,78390.00000246975,5.2187901401375045,5839000.0,
0.8333333333333334,1.0494303249869468,2.3187499999999996,2.1088639350026104,78400.00000247033,5.429313890136956,5840000.0,
0.8333333333333334,0.9702280363086867,2.1437500000000003,1.9497043927382627,78410.00000247092,5.334771143723074,5841000.0,
0.8541666666666666,1.0946887756602381,2.4187499999999997,2.199812244867952,78420.0000024715,5.350852713117038,5842000.0,
0.8229166666666666,1.0918601224931574,2.4124999999999996,2.194127975501368,78430.00000247208,5.551118630019744,5843000.0,
0.8229166666666666,0.9419415046378795,2.0812500000000003,1.8928616990724236,78440.00000247266,5.369445372879182,5844000.0,
0.8125,1.0550876313211084,2.33125,2.120232473735778,78450.00000247324,5.578054007936509,5845000.0,
0.84375,0.9277982388024758,2.0500000000000003,1.8644403522395046,78460.00000247383,5.221091739966189,5846000.0,
0.8020833333333334,0.9193122793012337,2.03125,1.8473875441397531,78470.00000247441,5.482256867859018,5847000.0,
0.8541666666666666,1.1342899199993683,2.50625,2.279392016000126,78480.00000247499,5.400141857709361,5848000.0,
0.8958333333333334,1.278551231520485,2.8249999999999997,2.5692897536959025,78490.00000247557,5.3104734678860135,5849000.0,
0.8645833333333334,1.0013432211465745,2.2125,2.0122313557706852,78500.00000247615,5.182274087256675,5850000.0,
0.75,0.927798238802476,2.05,1.8644403522395046,78510.00000247674,5.876505985239902,5851000.0,
0.8229166666666666,1.0664022439894312,2.3562499999999997,2.1429695512021136,78520.00000247732,5.524739435888899,5852000.0,
0.84375,1.0352870591515433,2.2875,2.0804425881696913,78530.0000024779,5.351942687540593,5853000.0,
0.8541666666666666,1.1060033883285614,2.4437499999999996,2.2225493223342876,78540.00000247848,5.369952747460782,5854000.0,
0.90625,1.2757225783534043,2.81875,2.563605484329319,78550.00000247906,5.2490708911973725,5855000.0,
0.84375,1.1116606946627228,2.45625,2.2339178610674555,78560.00000247965,5.443941070368744,5856000.0,
0.8958333333333334,1.0437730186527852,2.30625,2.0974953962694425,78570.00000248023,5.05211639305717,5857000.0,
0.8541666666666666,1.0154864869819782,2.24375,2.040652702603604,78580.00000248081,5.265932960518555,5858000.0,
0.84375,0.9532561173062025,2.10625,1.9155987765387594,78590.00000248139,5.257683793501843,5859000.0,
0.8020833333333334,1.0607449376552696,2.34375,2.131601012468946,78600.00000248197,5.6653417406124955,5860000.0,
0.8541666666666666,1.0409443654857045,2.3,2.0918111269028588,78610.00000248256,5.2972007207181235,5861000.0,
0.8645833333333334,1.0692308971565119,2.3625000000000003,2.1486538205686974,78620.00000248314,5.2665779052926025,5862000.0,
0.8333333333333334,1.1625764516701755,2.5687499999999996,2.336234709665965,78630.00000248372,5.5765892421575005,5863000.0,
0.9270833333333334,1.1258039604981263,2.4875000000000003,2.2623392079003746,78640.0000024843,4.973449215956018,5864000.0,
0.8020833333333334,0.8683965222937807,1.91875,1.7450706955412436,78650.00000248489,5.428128131850269,5865000.0,
0.7916666666666666,1.1597477985030948,2.5624999999999996,2.330550440299381,78660.00000248547,5.868099850902201,5866000.0,
0.865979381443299,1.0638068818052024,2.3505154639175254,2.137754087556485,78670.00000248605,5.212726994611633,5867000.0,
0.8556701030927835,1.069405865393651,2.362886597938144,2.1490054248594137,78680.00000248663,5.28255625247541,5868000.0,
0.8556701030927835,0.9490277182420096,2.096907216494845,1.9071016728464434,78690.00000248721,5.1423552853223145,5869000.0,
0.7938144329896907,0.8650429644152828,1.911340206185567,1.7383316133025106,78700.0000024878,5.437778799487817,5870000.0,
0.8762886597938144,1.069405865393651,2.3628865979381444,2.149005424859414,78710.00000248838,5.159672575946658,5871000.0,
0.865979381443299,1.133794176660808,2.5051546391752577,2.278395803843096,78720.00000248896,5.295926608909316,5872000.0,
0.8041237113402062,1.1953829961337408,2.641237113402062,2.4021605141753133,78730.00000248954,5.780409623554607,5873000.0,
0.8247422680412371,1.1002002751301172,2.430927835051546,2.210887780025523,78740.00000249012,5.520990333748878,5874000.0,
0.865979381443299,1.1141977341012383,2.4618556701030925,2.2390161232828447,78750.0000024907,5.274725955001324,5875000.0,
0.845360824742268,0.9462282264477854,2.0907216494845358,1.901476004194979,78760.00000249129,5.205169975338154,5876000.0,
0.7835051546391752,1.0022180623322696,2.2144329896907218,2.013989377224268,78770.00000249187,5.688091474454289,5877000.0,
0.8350515463917526,0.993819586949597,2.195876288659794,1.9971123712698744,78780.00000249245,5.327411110449494,5878000.0,
0.845360824742268,1.0414109474514086,2.3010309278350514,2.09274873834477,78790.00000249303,5.319227584330331,5879000.0,
0.865979381443299,1.7239898234081796,2.8391752577319584,2.4943772930503227,78800.00000249362,5.4743044424589,5880000.0,
0.8247422680412371,1.2394698076790835,2.0412371134020617,1.793343151866245,78810.0000024942,5.693354641964702,5881000.0,
0.8556701030927835,1.2770294988208741,2.1030927835051543,1.8476868837409797,78820.00000249478,5.531947727685931,5882000.0,
0.865979381443299,1.2995653135059482,2.14020618556701,1.8802931228658208,78830.00000249536,5.492590897885556,5883000.0,
0.8144329896907216,1.3070772517343063,2.1525773195876288,1.8911618692407677,78840.00000249594,5.849953081399239,5884000.0,
0.8041237113402062,1.2131780238798304,1.997938144329897,1.7553025395539308,78850.00000249653,5.808693183700743,5885000.0,
0.8969072164948454,1.44980407807311,2.3876288659793814,2.097668050364759,78860.00000249711,5.472078110177108,5886000.0,
0.865979381443299,1.1568384871671447,1.9051546391752578,1.6737869417418287,78870.00000249769,5.329680157946812,5887000.0,
0.845360824742268,1.3145891899626645,2.1649484536082473,1.9020306156157145,78880.00000249827,5.646767700471949,5888000.0,
0.8350515463917526,1.3559048502186337,2.232989690721649,1.9618087206779227,78890.00000249885,5.766451487451002,5889000.0,
0.7628865979381443,1.2131780238798302,1.9979381443298967,1.7553025395539308,78900.00000249944,6.125379301738778,5890000.0,
0.8350515463917526,1.2357138385649047,2.0350515463917525,1.7879087786787717,78910.00000250002,5.623506695717583,5891000.0,
0.8247422680412371,1.186886240080577,1.9546391752577317,1.7172619272416165,78920.0000025006,5.635097066251833,5892000.0,
0.8556701030927835,1.3070772517343066,2.1525773195876288,1.8911618692407677,78930.00000250118,5.572364981091094,5893000.0,
0.8865979381443299,1.3521488811044546,2.2268041237113403,1.9563743474904491,78940.00000250177,5.429281877668226,5894000.0,
0.865979381443299,1.2995653135059484,2.1402061855670107,1.8802931228658206,78950.00000250235,5.498305183600174,5895000.0,
0.8556701030927835,1.344636942876097,2.2144329896907213,1.9455056011155023,78960.00000250293,5.61770582495568,5896000.0,
0.8350515463917526,1.2319578694507254,2.028865979381443,1.7824744054912984,78970.00000250351,5.621971769741515,5897000.0,
0.845360824742268,1.2244459312223674,2.016494845360825,1.7716056591163512,78980.0000025041,5.54501287001115,5898000.0,
0.8762886597938144,1.198154147423114,1.97319587628866,1.7335650468040371,78990.00000250468,5.319773556616343,5899000.0,
0.7731958762886598,1.186886240080577,1.9546391752577317,1.7172619272416165,79000.00000250526,6.015036870668871,5900000.0,
0.8144329896907216,1.198154147423114,1.9731958762886597,1.7335650468040371,79010.00000250584,5.724819649523972,5901000.0,
0.845360824742268,1.3371250046477388,2.202061855670103,1.9346368547405555,79020.00000250642,5.680255188575423,5902000.0,
0.865979381443299,1.3296130664193804,2.1896907216494843,1.9237681083656082,79030.000002507,5.536812707798051,5903000.0,
0.8247422680412371,1.2995653135059484,2.1402061855670103,1.8802931228658206,79040.00000250759,5.7777204427804465,5904000.0,
0.7422680412371134,1.1230347651395334,1.849484536082474,1.6248775830545676,79050.00000250817,6.182419058762441,5905000.0,
0.845360824742268,1.3070772517343063,2.1525773195876283,1.8911618692407677,79060.00000250875,5.646662115007208,5906000.0,
0.7628865979381443,1.1418146107104286,1.8804123711340204,1.6520494489919348,79070.00000250933,6.041024557449692,5907000.0,
0.8556701030927835,1.2094220547656513,1.9917525773195879,1.7498681663664575,79080.00000250991,5.465466738851037,5908000.0,
0.8247422680412371,1.280785467935053,2.109278350515464,1.8531212569284532,79090.0000025105,5.75744988002588,5909000.0,
0.8350515463917526,1.2319578694507254,2.028865979381443,1.7824744054912978,79100.00000251108,5.628391522828308,5910000.0,
0.8556701030927835,1.2695175605925157,2.090721649484536,1.8368181373660328,79110.00000251166,5.537144619154807,5911000.0,
0.7938144329896907,1.3821966340178873,2.2762886597938143,1.9998493329902371,79120.00000251224,6.111076279378082,5912000.0,
0.8556701030927835,1.2544936841357996,2.0659793814432987,1.8150806446161392,79130.00000251282,5.5205504502837615,5913000.0,
0.845360824742268,1.1343026724820704,1.8680412371134019,1.641180702616988,79140.0000025134,5.446184868818815,5914000.0,
0.8041237113402062,1.3108332208484854,2.158762886597938,1.8965962424282412,79150.00000251399,5.94552080044471,5915000.0,
0.8041237113402062,1.2056660856514723,1.985567010309278,1.7444337931789837,79160.00000251457,5.815248850263838,5916000.0,
0.8144329896907216,1.05918329019849,1.7443298969072163,1.5324932388675185,79170.00000251515,5.562285812172689,5917000.0,
0.8041237113402062,1.1455705798246076,1.8865979381443299,1.6574838221794086,79180.00000251574,5.741540336607413,5918000.0,
0.8865979381443299,1.2169339929940093,2.0041237113402066,1.760736912741404,79190.00000251632,5.288399968986192,5919000.0,
0.8556701030927835,1.2695175605925157,2.090721649484536,1.8368181373660328,79200.0000025169,5.54148196855265,5920000.0,
0.845360824742268,1.2206899621081881,2.0103092783505154,1.7661712859288776,79210.00000251748,5.5517893455718585,5921000.0,
0.8969072164948454,1.3934645413604245,2.294845360824742,2.0161524525526575,79220.00000251806,5.425814488785767,5922000.0,
0.8969072164948454,1.3784406649037082,2.270103092783505,1.9944149598027636,79230.00000251865,5.409523500092673,5923000.0,
0.8247422680412371,1.2807854679350532,2.109278350515464,1.8531212569284532,79240.00000251923,5.764949880026317,5924000.0,
0.8144329896907216,1.0892310431119219,1.7938144329896908,1.575968224367306,79250.00000251981,5.603230521446379,5925000.0,
0.8144329896907216,1.3296130664193806,2.189690721649484,1.9237681083656086,79260.00000252039,5.898889461456833,5926000.0,
0.845360824742268,1.265761591478337,2.0845360824742265,1.8313837641785595,79270.00000252097,5.608032614461108,5927000.0,
0.8556701030927835,1.2995653135059482,2.1402061855670107,1.8802931228658208,79280.00000252156,5.580453438825199,5928000.0,
0.9072164948453608,1.273273529706695,2.096907216494845,1.8422525105535061,79290.00000252214,5.234856049931436,5929000.0,
0.845360824742268,1.235713838564905,2.0350515463917525,1.7879087786787717,79300.00000252272,5.573951736014816,5930000.0,
0.845360824742268,1.2244459312223674,2.0164948453608247,1.7716056591163512,79310.0000025233,5.561110430987697,5931000.0,
0.8865979381443299,1.3859526031320664,2.2824742268041236,2.0052837061777105,79320.00000252388,5.48508375018877,5932000.0,
0.7835051546391752,1.2244459312223674,2.0164948453608242,1.7716056591163512,79330.00000252447,6.00119809659205,5933000.0,
0.7938144329896907,1.2920533752775902,2.1278350515463913,1.8694243764908736,79340.00000252505,6.008947758627984,5934000.0,
0.8144329896907216,1.2995653135059484,2.1402061855670103,1.8802931228658206,79350.00000252563,5.866552347120352,5935000.0,
0.8969072164948454,1.494875707443258,2.461855670103093,2.162880528614441,79360.00000252621,5.545318892349761,5936000.0,
0.8350515463917526,1.2056660856514725,1.985567010309278,1.7444337931789837,79370.0000025268,5.610239633588004,5937000.0,
0.7835051546391752,1.1643504253955026,1.9175257731958764,1.6846556881167756,79380.00000252738,5.9271288325763365,5938000.0,
0.8350515463917526,1.1455705798246076,1.8865979381443299,1.6574838221794086,79390.00000252796,5.539261064881816,5939000.0,
0.8865979381443299,0.951827210036234,2.1030927835051547,1.9127273414979076,79400.00000252854,5.365949551140317,5940000.0,
0.7731958762886598,1.0022180623322698,2.2144329896907218,2.013989377224268,79410.00000252912,5.798066027449,5941000.0,
0.9072164948453608,1.3101621596969335,2.8948453608247418,2.6328129288853552,79420.0000025297,5.281426471625565,5942000.0,
0.865979381443299,1.0778043407763236,2.381443298969072,2.165882430813807,79430.00000253029,5.265081203187534,5943000.0,
0.8556701030927835,1.1533906192203773,2.5484536082474225,2.3177754844033474,79440.00000253087,5.417333615383475,5944000.0,
0.8556701030927835,1.0918017997474447,2.4123711340206184,2.194010774071129,79450.00000253145,5.345838248047666,5945000.0,
0.8865979381443299,1.198182487927965,2.647422680412371,2.407786182826778,79460.00000253203,5.27980815513336,5946000.0,
0.8350515463917526,1.0190150130976152,2.2515463917525773,2.047743389133054,79470.00000253262,5.391657484974414,5947000.0,
0.8762886597938144,1.0834033243647718,2.39381443298969,2.1771337681167364,79480.0000025332,5.211881440892282,5948000.0,
0.8865979381443299,1.2093804551048617,2.672164948453608,2.4302888574326356,79490.00000253378,5.293833769274825,5949000.0,
0.845360824742268,1.1785860453683954,2.604123711340206,2.3684065022665273,79500.00000253436,5.516129834307319,5950000.0,
0.8144329896907216,0.9518272100362337,2.1030927835051543,1.9127273414979076,79510.00000253494,5.447684042860541,5951000.0,
0.8247422680412371,1.0470099310398573,2.31340206185567,2.1040000756476984,79520.00000253553,5.495497041541706,5952000.0,
0.8247422680412371,1.0358119638629604,2.288659793814433,2.0814974010418408,79530.00000253611,5.482419506339749,5953000.0,
0.865979381443299,0.9070353413286462,2.004123711340206,1.822716643074477,79540.00000253669,5.07312176334945,5954000.0,
0.8144329896907216,1.1085987505127899,2.449484536082474,2.2277647859799163,79550.00000253727,5.642200997623013,5955000.0,
0.8350515463917526,1.0218145048918392,2.257731958762886,2.0533690577845185,79560.00000253785,5.399454407246767,5956000.0,
0.7525773195876289,0.9518272100362337,2.1030927835051547,1.912727341497908,79570.00000253844,5.898726566931462,5957000.0,
0.8144329896907216,1.0022180623322696,2.2144329896907218,2.0139893772242674,79580.00000253902,5.51310065897107,5958000.0,
0.8556701030927835,0.9770226361842517,2.158762886597938,1.9633583593610875,79590.0000025396,5.218445731594688,5959000.0,
0.7938144329896907,1.007817045920718,2.2268041237113403,2.0252407145271967,79600.00000254018,5.66439030476362,5960000.0,
0.8247422680412371,0.9602256854189065,2.1216494845360825,1.9296043474523008,79610.00000254076,5.394771143726567,5961000.0,
0.8350515463917526,0.8958373741517492,1.9793814432989687,1.8002139684686191,79620.00000254135,5.251555867965597,5962000.0,
0.8144329896907216,0.9854211115669244,2.177319587628866,1.9802353653154812,79630.00000254193,5.495008200436553,5963000.0,
0.865979381443299,1.1309946848665835,2.4989690721649485,2.2727701351916316,79640.00000254251,5.3365033862447255,5964000.0,
0.8865979381443299,1.0666063735994264,2.356701030927835,2.1433797562079495,79650.00000254309,5.140239747112151,5965000.0,
0.8144329896907216,1.0946012915416685,2.4185567010309277,2.199636442722594,79660.00000254367,5.6305838644562645,5966000.0,
0.845360824742268,1.0750048489820994,2.3752577319587624,2.1602567621623425,79670.00000254426,5.401893541021573,5967000.0,
0.865979381443299,1.083403324364772,2.393814432989691,2.177133768116736,79680.00000254484,5.283451458046317,5968000.0,
0.865979381443299,1.1281951930723595,2.492783505154639,2.267144466540167,79690.00000254542,5.335651592149153,5969000.0,
0.8865979381443299,1.1002002751301172,2.4309278350515466,2.210887780025523,79700.000002546,5.180456124420159,5970000.0,
0.8762886597938144,0.954626701830458,2.1092783505154635,1.9183530101493722,79710.00000254659,5.075748118706695,5971000.0,
0.7938144329896907,1.1309946848665837,2.4989690721649485,2.2727701351916316,79720.00000254717,5.825795901877606,5972000.0,
0.8247422680412371,0.9770226361842519,2.158762886597938,1.9633583593610875,79730.00000254775,5.4211374465298965,5973000.0,
0.8041237113402062,1.097400783335893,2.424742268041237,2.2052621113740583,79740.00000254833,5.710354820462863,5974000.0,
0.8762886597938144,1.1953829961337405,2.641237113402062,2.4021605141753137,79750.00000254891,5.352375889852904,5975000.0,
0.865979381443299,1.1561901110146016,2.554639175257732,2.3234011530548115,79760.0000025495,5.371312390249317,5976000.0,
0.8556701030927835,0.9014363577401978,1.9917525773195874,1.8114653057715477,79770.00000255008,5.138784659196721,5977000.0,
0.8350515463917526,0.9490277182420095,2.0969072164948455,1.907101672846443,79780.00000255066,5.323154181259332,5978000.0,
0.8762886597938144,1.1281951930723595,2.492783505154639,2.267144466540167,79790.00000255124,5.277585102830025,5979000.0,
0.8865979381443299,1.212179946899086,2.678350515463918,2.4359145260841,79800.00000255182,5.311409940252871,5980000.0,
0.8556701030927835,1.0526089146283055,2.3257731958762884,2.1152514129506277,79810.0000025524,5.3173839124275135,5981000.0,
0.865979381443299,1.198182487927965,2.647422680412371,2.407786182826778,79820.00000255299,5.422660730256582,5982000.0,
0.7628865979381443,0.9714236525958033,2.1463917525773195,1.9521070220581587,79830.00000255357,5.8587553285721015,5983000.0,
0.8556701030927835,1.1281951930723595,2.492783505154639,2.267144466540167,79840.00000255415,5.40716546675378,5984000.0,
0.8144329896907216,1.0582078982167542,2.338144329896907,2.1265027502535565,79850.00000255473,5.595518558728765,5985000.0,
0.8865979381443299,1.1141977341012386,2.4618556701030925,2.2390161232828447,79860.00000255532,5.203685816515928,5986000.0,
0.8762886597938144,1.1281951930723595,2.492783505154639,2.267144466540167,79870.0000025559,5.281349808712598,5987000.0,
0.8969072164948454,1.133794176660808,2.5051546391752573,2.2783958038430963,79880.00000255648,5.1666417833178455,5988000.0,
0.7938144329896907,0.7530632926463143,1.6639175257731957,1.513304867243933,79890.00000255706,5.358531680509728,5989000.0,
0.8556701030927835,1.083403324364772,2.3938144329896907,2.177133768116736,79900.00000255764,5.357709909348697,5990000.0,
0.8865979381443299,1.147791635631929,2.536082474226804,2.306524147100418,79910.00000255823,5.243902193823934,5991000.0,
0.865979381443299,1.047009931039857,2.3134020618556703,2.1040000756476984,79920.00000255881,5.252854325278925,5992000.0,
0.8041237113402062,0.9798221279784758,2.1649484536082473,1.968984028012552,79930.00000255939,5.573878800339462,5993000.0,
0.8350515463917526,1.0414109474514086,2.3010309278350514,2.0927487383447696,79940.00000255997,5.441687184140183,5994000.0,
0.8556701030927835,1.0330124720687361,2.2824742268041236,2.075871732390376,79950.00000256056,5.301229033773951,5995000.0,
0.8350515463917526,0.9378297510651128,2.0721649484536084,1.8845989982405855,79960.00000256114,5.318633158838133,5996000.0,
0.8350515463917526,1.150591127426153,2.5422680412371133,2.3121498157518823,79970.00000256172,5.57391530090015,5997000.0,
0.8556701030927835,1.1281951930723595,2.4927835051546388,2.267144466540167,79980.0000025623,5.413912454705981,5998000.0,
0.8144329896907216,1.069405865393651,2.3628865979381444,2.1490054248594137,79990.00000256288,5.616356569060304,5999000.0,
0.8762886597938144,1.4422921398447521,2.3752577319587624,2.0867993039898125,80000.00000256347,5.22676788663348,6000000.0,
0.7835051546391752,1.1605944562813237,1.9113402061855669,1.6792213149293023,80010.00000256405,5.955492924629906,6001000.0,
0.8556701030927835,1.3221011281910224,2.177319587628866,1.9128993619906616,80020.00000256463,5.642453125868867,6002000.0,
0.8144329896907216,1.2995653135059484,2.1402061855670103,1.8802931228658204,80030.00000256521,5.900982726869191,6003000.0,
0.8247422680412371,1.2620056223641578,2.0783505154639172,1.825949390991086,80040.0000025658,5.782179317273935,6004000.0,
0.8041237113402062,1.1343026724820706,1.8680412371134019,1.641180702616988,80050.00000256638,5.772143067222496,6005000.0,
0.865979381443299,1.3221011281910227,2.1773195876288662,1.9128993619906616,80060.00000256696,5.577185826751492,6006000.0,
0.8144329896907216,1.3221011281910227,2.177319587628866,1.9128993619906614,80070.00000256754,5.930678600596553,6007000.0,
0.8247422680412371,1.2469817459074415,2.05360824742268,1.804211898241192,80080.00000256812,5.765962867070283,6008000.0,
0.8350515463917526,1.2882974061634112,2.121649484536082,1.8639900033034003,80090.0000025687,5.744748745808074,6009000.0,
0.8247422680412371,1.3183451590768434,2.1711340206185565,1.907464988803188,80100.00000256929,5.853491005538241,6010000.0,
0.8350515463917526,1.265761591478337,2.084536082474227,1.8313837641785597,80110.00000256987,5.718749066493907,6011000.0,
0.7731958762886598,1.2169339929940093,2.004123711340206,1.760736912741404,80120.00000257045,6.113631964440388,6012000.0,
0.845360824742268,1.2394698076790835,2.0412371134020617,1.793343151866245,80130.00000257103,5.618882577530288,6013000.0,
0.8144329896907216,1.1343026724820704,1.8680412371134019,1.641180702616988,80140.00000257161,5.703634927131336,6014000.0,
0.8556701030927835,1.3221011281910224,2.177319587628866,1.9128993619906614,80150.0000025722,5.648718186110196,6015000.0,
0.8556701030927835,1.09674298134028,1.806185567010309,1.5868369707422532,80160.00000257278,5.385829749429236,6016000.0,
0.8247422680412371,1.081719104883564,1.7814432989690723,1.5650994779923595,80170.00000257336,5.570081914829093,6017000.0,
0.7731958762886598,1.1906422091947562,1.960824742268041,1.72269630042909,80180.00000257394,6.082827924060205,6018000.0,
0.8247422680412371,1.2544936841357996,2.065979381443299,1.8150806446161387,80190.00000257452,5.780571092172487,6019000.0,
0.845360824742268,1.385952603132066,2.2824742268041236,2.0052837061777105,80200.0000025751,5.79557564044438,6020000.0,
0.8247422680412371,1.273273529706695,2.096907216494845,1.8422525105535061,80210.00000257569,5.8043416549272555,6021000.0,
0.8144329896907216,1.0291355372850572,1.694845360824742,1.489018253367731,80220.00000257627,5.578556292775746,6022000.0,
0.8041237113402062,1.186886240080577,1.9546391752577317,1.7172619272416163,80230.00000257685,5.846766221800663,6023000.0,
0.8350515463917526,1.3596608193328128,2.239175257731959,1.9672430938653962,80240.00000257744,5.837616043060753,6024000.0,
0.8350515463917526,1.3258570973052015,2.1835051546391755,1.918333735178135,80250.00000257802,5.797628869768456,6025000.0,
0.8865979381443299,1.1681063945096817,1.9237113402061852,1.690090061304249,80260.0000025786,5.283094421861417,6026000.0,
0.8556701030927835,1.2206899621081884,2.0103092783505154,1.7661712859288776,80270.00000257918,5.535984654664329,6027000.0,
0.7731958762886598,1.1418146107104286,1.8804123711340206,1.6520494489919348,80280.00000257976,6.025010896687452,6028000.0,
0.8144329896907216,1.4422921398447517,2.375257731958763,2.086799303989813,80290.00000258035,6.08939414655178,6029000.0,
0.845360824742268,1.269517560592516,2.0907216494845358,1.836818137366033,80300.00000258093,5.662719553538123,6030000.0,
0.8556701030927835,1.2845414370492323,2.115463917525773,1.858555630115927,80310.00000258151,5.612533968752167,6031000.0,
0.7938144329896907,1.2920533752775902,2.1278350515463917,1.8694243764908736,80320.00000258209,6.059856849540038,6032000.0,
0.8350515463917526,1.3972205104746034,2.3010309278350514,2.0215868257401306,80330.00000258267,5.887039376897476,6033000.0,
0.8556701030927835,1.3296130664193806,2.1896907216494848,1.9237681083656082,80340.00000258326,5.666653824763148,6034000.0,
0.8350515463917526,1.2282019003365467,2.022680412371134,1.7770400323038247,80350.00000258384,5.685622028954428,6035000.0,
0.8350515463917526,1.160594456281324,1.9113402061855669,1.6792213149293023,80360.00000258442,5.605153855209314,6036000.0,
0.8556701030927835,1.089231043111922,1.7938144329896903,1.575968224367306,80370.000002585,5.387171219211141,6037000.0,
0.8762886597938144,1.2357138385649045,2.0350515463917525,1.787908778678772,80380.00000258558,5.428047557099605,6038000.0,
0.8247422680412371,1.2357138385649045,2.0350515463917525,1.7879087786787717,80390.00000258617,5.767800529418359,6039000.0,
0.8865979381443299,1.3634167884469923,2.245360824742268,1.9726774670528697,80400.00000258675,5.50989800572132,6040000.0,
0.865979381443299,1.2169339929940095,2.004123711340206,1.760736912741404,80410.00000258733,5.472409492060673,6041000.0,
0.865979381443299,1.2882974061634112,2.1216494845360825,1.8639900033034003,80420.00000258791,5.555293433458701,6042000.0,
0.845360824742268,1.2394698076790838,2.0412371134020617,1.793343151866245,80430.0000025885,5.633516723872603,6043000.0,
0.7731958762886598,1.164350425395503,1.917525773195876,1.6846556881167756,80440.00000258908,6.062690550347312,6044000.0,
0.7525773195876289,1.1155228269111754,1.8371134020618556,1.6140088366796206,80450.00000258966,6.164459098946177,6045000.0,
0.8350515463917526,1.3070772517343061,2.1525773195876288,1.891161869240768,80460.00000259024,5.785509795443419,6046000.0,
0.845360824742268,1.1042549195686384,1.8185567010309276,1.5977057171172002,80470.00000259082,5.475518624522555,6047000.0,
0.8350515463917526,1.3408809737619176,2.208247422680412,1.9400712279280283,80480.0000025914,5.8269784502172834,6048000.0,
0.865979381443299,1.273273529706695,2.0969072164948455,1.8422525105535061,80490.00000259199,5.541277766598163,6049000.0,
0.8247422680412371,1.1418146107104288,1.8804123711340206,1.652049448991935,80500.00000259257,5.659447715645127,6050000.0,
0.8041237113402062,1.2206899621081886,2.0103092783505154,1.7661712859288776,80510.00000259315,5.9031631581691695,6051000.0,
0.8041237113402062,1.108010888682817,1.8247422680412368,1.6031400903046733,80520.00000259373,5.7635494386530315,6052000.0,
0.8865979381443299,1.4911197383290793,2.455670103092783,2.157446155426968,80530.00000259432,5.659981565472398,6053000.0,
0.8762886597938144,1.2131780238798306,1.997938144329897,1.755302539553931,80540.0000025949,5.409859627400606,6054000.0,
0.7938144329896907,1.179374301852219,1.9422680412371134,1.7063931808666697,80550.00000259548,5.929858536264617,6055000.0,
0.8247422680412371,1.2770294988208741,2.1030927835051547,1.8476868837409801,80560.00000259606,5.826395767479218,6056000.0,
0.845360824742268,1.4272682633880354,2.350515463917526,2.065061811239919,80570.00000259664,5.862497823918955,6057000.0,
0.845360824742268,1.3446369428760967,2.2144329896907213,1.9455056011155025,80580.00000259723,5.765238822825593,6058000.0,
0.7319587628865979,1.186886240080577,1.954639175257732,1.7172619272416165,80590.00000259781,6.443489652120219,6059000.0,
0.8350515463917526,0.9294312756824402,2.0536082474226807,1.8677219922861923,80600.00000259839,5.720457152663503,6060000.0,
0.8556701030927835,1.1393931602492562,2.5175257731958762,2.289647141146025,80610.00000259897,5.457360681408459,6061000.0,
0.8556701030927835,1.2485733402240007,2.7587628865979377,2.5090482185531373,80620.00000259955,5.585438723065718,6062000.0,
0.8556701030927835,0.9882206033611486,2.183505154639175,1.9858610339669456,80630.00000260014,5.281652994442895,6063000.0,
0.8350515463917526,1.0246139966860635,2.2639175257731963,2.0589947264359827,80640.00000260072,5.456140218410856,6064000.0,
0.7938144329896907,0.9854211115669242,2.177319587628866,1.9802353653154812,80650.0000026013,5.690722699152275,6065000.0,
0.8350515463917526,1.05540840642253,2.3319587628865976,2.120877081602092,80660.00000260188,5.494005128836065,6066000.0,
0.8969072164948454,1.0694058653936507,2.3628865979381444,2.1490054248594137,80670.00000260246,5.131174355815199,6067000.0,
0.8762886597938144,1.0890023079532203,2.406185567010309,2.188385105419665,80680.00000260305,5.274741457461211,6068000.0,
0.8350515463917526,1.1085987505127899,2.449484536082474,2.227764785979916,80690.00000260363,5.559183689043007,6069000.0,
0.8041237113402062,1.0358119638629601,2.288659793814433,2.0814974010418408,80700.00000260421,5.682994365480158,6070000.0,
0.865979381443299,1.3773499627583148,3.043298969072165,2.7678289765205015,80710.0000026048,5.671937457146476,6071000.0,
0.8247422680412371,1.0750048489820994,2.3752577319587624,2.1602567621623425,80720.00000260537,5.589440879550169,6072000.0,
0.8762886597938144,1.1393931602492564,2.5175257731958762,2.2896471411460246,80730.00000260596,5.334599253610941,6073000.0,
0.8762886597938144,1.0638068818052027,2.350515463917526,2.1377540875564853,80740.00000260654,5.248812559386577,6074000.0,
0.8144329896907216,0.9742231443900274,2.1525773195876288,1.9577326907096233,80750.00000260712,5.537967658463157,6075000.0,
0.8969072164948454,1.1309946848665837,2.498969072164948,2.272770135191631,80760.0000026077,5.203980280974917,6076000.0,
0.8556701030927835,1.240174864841328,2.74020618556701,2.4921712125987443,80770.00000260829,5.582852553040606,6077000.0,
0.845360824742268,1.147791635631929,2.536082474226804,2.306524147100418,80780.00000260887,5.54214132523245,6078000.0,
0.8350515463917526,0.9798221279784758,2.164948453608247,1.9689840280125526,80790.00000260945,5.409907980576275,6079000.0,
0.8762886597938144,0.9574261936246822,2.1154639175257732,1.9239786788008366,80800.00000261003,5.130236950521914,6080000.0,
0.8350515463917526,1.0526089146283057,2.3257731958762884,2.1152514129506272,80810.00000261061,5.498060058416252,6081000.0,
0.8556701030927835,1.0358119638629601,2.288659793814433,2.0814974010418408,80820.0000026112,5.346428439849159,6082000.0,
0.8350515463917526,1.2457738484297765,2.752577319587629,2.5034225499016736,80830.00000261178,5.730368682845231,6083000.0,
0.8556701030927835,1.0834033243647718,2.3938144329896907,2.1771337681167364,80840.00000261236,5.40301111417061,6084000.0,
0.8247422680412371,1.1841850289568436,2.6164948453608243,2.3796578395694556,80850.00000261294,5.728321847769924,6085000.0,
0.8350515463917526,1.1645885863972743,2.5731958762886595,2.3402781590092046,80860.00000261352,5.634628307324914,6086000.0,
0.8556701030927835,1.0302129802745117,2.2762886597938143,2.070246063738912,80870.0000026141,5.342294687944728,6087000.0,
0.8865979381443299,0.993819586949597,2.195876288659794,1.997112371269874,80880.00000261469,5.11535232496393,6088000.0,
0.9072164948453608,1.083403324364772,2.3938144329896907,2.1771337681167364,80890.00000261527,5.098294573592867,6089000.0,
0.8762886597938144,1.1449921438377046,2.5298969072164947,2.300898478448954,80900.00000261585,5.348988681941753,6090000.0,
0.8556701030927835,1.0946012915416687,2.4185567010309277,2.199636442722594,80910.00000261643,5.419471389064288,6091000.0,
0.8350515463917526,1.1141977341012383,2.461855670103093,2.239016123282845,80920.00000261702,5.577246669390327,6092000.0,
0.845360824742268,1.0022180623322696,2.2144329896907218,2.0139893772242674,80930.0000026176,5.377255512914987,6093000.0,
0.9175257731958762,1.1841850289568436,2.6164948453608243,2.379657839569456,80940.00000261818,5.1530982901305045,6094000.0,
0.845360824742268,1.1365936684550322,2.511340206185567,2.2840214724945604,80950.00000261876,5.537187632352945,6095000.0,
0.8247422680412371,0.9238322920939915,2.0412371134020617,1.8564706549832635,80960.00000261934,5.418144154324036,6096000.0,
0.8350515463917526,0.9966190787438213,2.2020618556701033,2.002738039921339,80970.00000261993,5.4389117364315895,6097000.0,
0.8144329896907216,0.9994185705380456,2.208247422680412,2.0083637085728028,80980.00000262051,5.580549384240515,6098000.0,
0.8350515463917526,1.0498094228340815,2.319587628865979,2.1096257442991626,80990.00000262109,5.5035964694780075,6099000.0,
0.8762886597938144,1.1225962094839108,2.4804123711340207,2.255893129237238,81000.00000262167,5.32813685097358,6100000.0,
0.9072164948453608,1.1645885863972745,2.5731958762886595,2.340278159009205,81010.00000262226,5.193237419242647,6101000.0,
0.9072164948453608,1.1645885863972745,2.5731958762886595,2.340278159009205,81020.00000262284,5.193691964697219,6102000.0,
0.8969072164948454,1.0610073900109782,2.344329896907216,2.1321284189050207,81030.00000262342,5.138362262573412,6103000.0,
0.8556701030927835,1.0834033243647718,2.3938144329896907,2.1771337681167364,81040.000002624,5.412649668388038,6104000.0,
0.7938144329896907,1.1113982423070143,2.455670103092783,2.23339045463138,81050.00000262458,5.870200383332559,6105000.0,
0.865979381443299,1.0554084064225298,2.331958762886598,2.1208770816020914,81060.00000262517,5.316838278997791,6106000.0,
0.865979381443299,1.158989602808826,2.5608247422680415,2.3290268217062757,81070.00000262575,5.436926089110564,6107000.0,
0.8556701030927835,0.9658246690073548,2.1340206185567006,1.9408556847552303,81080.00000262633,5.277166179596953,6108000.0,
0.8556701030927835,1.0218145048918392,2.2577319587628866,2.053369057784519,81090.00000262691,5.343082011895715,6109000.0,
0.8762886597938144,1.1085987505127899,2.449484536082474,2.227764785979916,81100.0000026275,5.31686916250093,6110000.0,
0.8762886597938144,1.2653702909893463,2.795876288659793,2.542802230461924,81110.00000262808,5.496243743985968,6111000.0,
0.845360824742268,1.133794176660808,2.5051546391752573,2.2783958038430963,81120.00000262866,5.542168721328553,6112000.0,
0.8247422680412371,1.0638068818052022,2.3505154639175254,2.1377540875564853,81130.00000262924,5.596363344349373,6113000.0,
0.8350515463917526,1.0414109474514086,2.301030927835052,2.09274873834477,81140.00000262982,5.500946443402891,6114000.0,
0.8556701030927835,1.1002002751301172,2.4309278350515466,2.210887780025523,81150.0000026304,5.437581044583991,6115000.0,
0.8556701030927835,1.3129616514911577,2.9010309278350515,2.63843859753682,81160.00000263099,5.686711809728851,6116000.0,
0.845360824742268,1.0050175541264939,2.2206185567010306,2.0196150458757316,81170.00000263157,5.392274423940543,6117000.0,
0.8350515463917526,1.0246139966860632,2.263917525773196,2.058994726435983,81180.00000263215,5.482806885079075,6118000.0,
0.8350515463917526,1.1421926520434802,2.5237113402061855,2.295272809797489,81190.00000263273,5.624104781000948,6119000.0,
0.8247422680412371,1.509899583899975,2.486597938144329,2.1846180213643347,81200.00000263331,5.674539787960509,6120000.0,
0.8556701030927835,1.4197563251596774,2.338144329896907,2.0541930648649718,81210.0000026339,5.813929681365694,6121000.0,
0.8350515463917526,1.2282019003365467,2.022680412371134,1.7770400323038247,81220.00000263448,5.728584991919893,6122000.0,
0.7938144329896907,1.273273529706695,2.0969072164948455,1.8422525105535066,81230.00000263506,6.083471849278156,6123000.0,
0.7731958762886598,0.9615280932298347,1.5835051546391752,1.3911995359932081,81240.00000263564,5.843040334082199,6124000.0,
0.845360824742268,1.0516713519701317,1.731958762886598,1.5216244924925717,81250.00000263622,5.451364892121658,6125000.0,
0.8144329896907216,1.3408809737619174,2.208247422680412,1.940071227928029,81260.0000026368,6.01399056288331,6126000.0,
0.7628865979381443,1.1530825180529656,1.8989690721649486,1.6683525685543552,81270.00000263739,6.174713571135345,6127000.0,
0.8041237113402062,1.40848841781714,2.319587628865979,2.037889945302551,81280.00000263797,6.176194571040291,6128000.0,
0.8865979381443299,1.2582496532499787,2.072164948453608,1.8205150178036125,81290.00000263855,5.432674609048029,6129000.0,
0.8350515463917526,1.3108332208484854,2.158762886597938,1.8965962424282414,81300.00000263914,5.831489165866517,6130000.0,
0.865979381443299,1.198154147423114,1.9731958762886597,1.7335650468040371,81310.00000263972,5.493580384677729,6131000.0,
0.8762886597938144,1.3033212826201273,2.146391752577319,1.8857274960532941,81320.0000026403,5.549434875612257,6132000.0,
0.9072164948453608,1.5174115221283329,2.498969072164948,2.1954867677392818,81330.00000264088,5.596689973401593,6133000.0,
0.8367346938775511,1.4498807305040113,2.3877551020408165,2.0977789559400137,81340.00000264146,5.944489165881553,6134000.0,
0.8163265306122449,1.3569396580358055,2.2346938775510203,1.9633059459438595,81350.00000264205,5.979748581255068,6135000.0,
0.8673469387755102,1.5502570887696738,2.5530612244897957,2.243009806735861,81360.00000264263,5.851352878968551,6136000.0,
0.8163265306122449,1.2788691571625126,2.1061224489795918,1.8503486175470893,81370.00000264321,5.885112217685343,6137000.0,
0.8775510204081632,1.3123279432510668,2.1612244897959183,1.8987589011457051,81380.00000264379,5.513115563389628,6138000.0,
0.8061224489795918,1.3643749438332617,2.246938775510204,1.9740637867435518,81390.00000264437,6.066690436817284,6139000.0,
0.8877551020408163,1.3011750145548822,2.142857142857143,1.8826221399461662,81400.00000264496,5.438102890106743,6140000.0,
0.7857142857142857,1.2751515142637844,2.1,1.8449696971472433,81410.00000264554,6.111748680659238,6141000.0,
0.7959183673469388,1.1004222980235574,1.8122448979591834,1.592160438354472,81420.00000264612,5.8143741694771975,6142000.0,
0.8061224489795918,1.215669227884133,2.0020408163265304,1.7589069707497043,81430.0000026467,5.884245371462787,6143000.0,
0.826530612244898,1.1822104417955788,1.946938775510204,1.710496687151088,81440.00000264728,5.6989681889985695,6144000.0,
0.8061224489795918,1.1524692986057528,1.8979591836734695,1.6674653239523192,81450.00000264787,5.806858117421311,6145000.0,
0.7959183673469388,1.0818340835299163,1.7816326530612245,1.5652658363552412,81460.00000264845,5.793071028190434,6146000.0,
0.8469387755102041,1.1933633704917634,1.9653061224489796,1.7266334483506267,81470.00000264903,5.576257955676111,6147000.0,
0.8367346938775511,1.2342574423777741,2.0326530612244897,1.7858015727489351,81480.00000264961,5.693622309340837,6148000.0,
0.8367346938775511,1.3123279432510668,2.161224489795918,1.898758901145705,81490.0000026502,5.787413883555288,6149000.0,
0.8367346938775511,1.1710575130993939,1.9285714285714286,1.69435992595155,81500.00000265078,5.619066296300878,6150000.0,
0.8775510204081632,1.3420690864408926,2.210204081632653,1.9417902643444747,81510.00000265136,5.553053145164433,6151000.0,
0.8571428571428571,1.330916157744708,2.1918367346938776,1.9256535031449362,81520.00000265194,5.672733136570446,6152000.0,
0.8061224489795918,1.2751515142637844,2.0999999999999996,1.8449696971472431,81530.00000265252,5.9630968153264465,6153000.0,
0.7857142857142857,1.0855517264286447,1.7877551020408162,1.5706447567550876,81540.0000026531,5.8771931065317915,6154000.0,
0.826530612244898,1.438727801807827,2.3693877551020406,2.0816421947404757,81550.00000265369,6.01475462456926,6155000.0,
0.8163265306122449,1.2751515142637846,2.1,1.8449696971472433,81560.00000265427,5.890058105134953,6156000.0,
0.826530612244898,1.1264457983146552,1.8551020408163266,1.6298128811533954,81570.00000265485,5.637919607997333,6157000.0,
0.8061224489795918,1.219386870782861,2.008163265306122,1.7642858911495503,81580.00000265543,5.896452067717346,6158000.0,
0.8571428571428571,1.1933633704917632,1.9653061224489798,1.7266334483506272,81590.00000265602,5.515588218108871,6159000.0,
0.826530612244898,1.3086103003523388,2.1551020408163266,1.893379980745859,81600.0000026566,5.859797647499801,6160000.0,
0.8163265306122449,1.0520929403400905,1.73265306122449,1.5222344731564716,81610.00000265718,5.619311352078573,6161000.0,
0.826530612244898,1.3866808012256313,2.2836734693877547,2.0063373091426286,81620.00000265776,5.955240969544088,6162000.0,
0.8877551020408163,1.3197632290485235,2.1734693877551017,1.9095167419453973,81630.00000265834,5.469616051261116,6163000.0,
0.8673469387755102,1.230539799479046,2.026530612244898,1.7804226523490891,81640.00000265893,5.49591412190483,6164000.0,
0.7857142857142857,1.252845656871415,2.063265306122449,1.8126961747481658,81650.00000265951,6.095826940082662,6165000.0,
0.7653061224489796,1.4164219444154573,2.3326530612244896,2.0493686723413984,81660.00000266009,6.4726553408757805,6166000.0,
0.7959183673469388,1.1301634412133834,1.861224489795918,1.6351918015532418,81670.00000266067,5.86456175963952,6167000.0,
0.8061224489795918,1.2565632997701432,2.0693877551020408,1.818075095148012,81680.00000266125,5.94763295430946,6168000.0,
0.7653061224489796,1.111575226719742,1.8306122448979587,1.6082971995540107,81690.00000266184,6.0759222964201385,6169000.0,
0.8571428571428571,1.2156692278841328,2.0020408163265304,1.758906970749704,81700.00000266242,5.546849813638369,6170000.0,
0.8469387755102041,1.2714338713650564,2.093877551020408,1.839590776747397,81710.000002663,5.680003848274167,6171000.0,
0.8979591836734694,1.2900220858586973,2.1244897959183673,1.8664853787466278,81720.00000266358,5.378431413944716,6172000.0,
0.8877551020408163,1.382963158326903,2.277551020408163,2.0009583887427826,81730.00000266416,5.545404477345074,6173000.0,
0.826530612244898,1.2677162284663281,2.0877551020408163,1.834211856347551,81740.00000266475,5.817234449415894,6174000.0,
0.826530612244898,1.1636222273019374,1.9163265306122448,1.6836020851518576,81750.00000266533,5.691787386278759,6175000.0,
0.8571428571428571,1.215669227884133,2.0020408163265304,1.758906970749704,81760.00000266591,5.549706956495679,6176000.0,
0.8469387755102041,1.2714338713650564,2.093877551020408,1.839590776747397,81770.0000026665,5.682895414539395,6177000.0,
0.8673469387755102,1.4238572302129142,2.3448979591836734,2.0601265131410904,81780.00000266708,5.7253859832219085,6178000.0,
0.8061224489795918,1.2602809426688715,2.075510204081633,1.8234540155478582,81790.00000266766,5.957814334108208,6179000.0,
0.7653061224489796,0.8922380275591757,1.9714285714285713,1.792980965916736,81800.00000266824,6.193516524336926,6180000.0,
0.8061224489795918,1.0834318906075702,2.3938775510204082,2.1771911728988935,81810.00000266882,5.739444623956272,6181000.0,
0.8571428571428571,1.039097081784754,2.295918367346939,2.0880989509899877,81820.0000026694,5.346563262237045,6182000.0,
0.7448979591836735,0.9975331985133641,2.204081632653061,2.0045749929503884,81830.00000266999,6.096959636538602,6183000.0,
0.8061224489795918,1.0390970817847542,2.295918367346939,2.088098950989988,81840.00000267057,5.685966000353373,6184000.0,
0.8469387755102041,1.2801676047588169,2.828571428571428,2.572537907619665,81850.00000267115,5.697062955173217,6185000.0,
0.8775510204081632,1.058493560644736,2.3387755102040817,2.127076798075134,81860.00000267173,5.246188011118597,6186000.0,
0.8571428571428571,1.1970398382160365,2.644897959183674,2.4054899915404664,81870.00000267231,5.533210763787966,6187000.0,
0.8775510204081632,1.0834318906075702,2.3938775510204082,2.1771911728988935,81880.0000026729,5.2755363406111835,6188000.0,
0.8367346938775511,1.01415875182192,2.240816326530612,2.0379845761662283,81890.00000267348,5.4505775328240285,6189000.0,
0.8571428571428571,1.0640354117475879,2.3510204081632655,2.1382133258137475,81900.00000267406,5.3794675043367635,6190000.0,
0.9081632653061225,1.1277666994303865,2.491836734693878,2.2662833948078,81910.00000267464,5.1478756916539865,6191000.0,
0.9285714285714286,1.1721015082532025,2.5897959183673467,2.3553756167167066,81920.00000267522,5.08292030573454,6192000.0,
0.8571428571428571,0.9504274641391215,2.0999999999999996,1.9099145071721753,81930.0000026758,5.248353470222208,6193000.0,
0.8979591836734694,1.2386037214874268,2.7367346938775508,2.4890139495800656,81940.00000267639,5.331170053622747,6194000.0,
0.8877551020408163,1.1582468804960724,2.559183673469388,2.3275342973701734,81950.00000267697,5.30239073909944,6195000.0,
0.8061224489795918,1.0862028161589963,2.4,2.1827594367682006,81960.00000267755,5.7504769113496215,6196000.0,
0.826530612244898,1.005845975167642,2.2224489795918365,2.021279784558308,81970.00000267813,5.511761797277405,6197000.0,
0.8775510204081632,1.0390970817847542,2.295918367346939,2.0880989509899877,81980.00000267872,5.229666442185454,6198000.0,
0.826530612244898,1.1637887315989244,2.5714285714285716,2.338670825108786,81990.0000026793,5.703840687774568,6199000.0,
0.8163265306122449,1.1360794760846646,2.510204081632653,2.2829881864157193,82000.00000267988,5.741694858366811,6200000.0,
0.9183673469387755,1.0418680073361801,2.3020408163265307,2.0936672148592943,82010.00000268046,5.001587385911065,6201000.0,
0.8571428571428571,1.1083702205704045,2.4489795918367343,2.2273055477226538,82020.00000268104,5.436905733678001,6202000.0,
0.8061224489795918,1.0224715284761978,2.2591836734693875,2.0546893677741482,82030.00000268163,5.674962149414205,6203000.0,
0.8775510204081632,1.2386037214874268,2.7367346938775508,2.4890139495800656,82040.00000268221,5.4598019153351744,6204000.0,
0.8877551020408163,1.0972865183647003,2.4244897959183676,2.2050324922454267,82050.00000268279,5.23832044612414,6205000.0,
0.8163265306122449,1.039097081784754,2.295918367346939,2.0880989509899877,82060.00000268337,5.625891425349597,6206000.0,
0.826530612244898,1.016929677373346,2.246938775510204,2.0435528400355345,82070.00000268396,5.5301099801932345,6207000.0,
0.9183673469387755,1.1804142849074806,2.608163265306122,2.372080408324626,82080.00000268454,5.155559999266662,6208000.0,
0.8367346938775511,1.2358327959360007,2.7306122448979595,2.483445685710759,82090.00000268512,5.7252611465219125,6209000.0,
0.8469387755102041,1.061264486196162,2.3448979591836734,2.132645061944441,82100.0000026857,5.4506472248228315,6210000.0,
0.8979591836734694,1.0778900395047182,2.3816326530612244,2.1660546451602807,82110.00000268628,5.159920725960635,6211000.0,
0.8775510204081632,1.052951709541884,2.326530612244898,2.115940270336521,82120.00000268687,5.251965901723028,6212000.0,
0.9285714285714286,1.2607711258988348,2.7857142857142856,2.5335600605345183,82130.00000268745,5.187641432430373,6213000.0,
0.8367346938775511,1.047409858439032,2.314285714285714,2.1048037425979076,82140.00000268803,5.502511782196409,6214000.0,
0.826530612244898,1.0806609650561445,2.3877551020408165,2.1716229090295873,82150.00000268861,5.6111675875133935,6215000.0,
0.8877551020408163,1.0280133795790498,2.2714285714285714,2.065825895512761,82160.0000026892,5.165346105883127,6216000.0,
0.8469387755102041,1.0390970817847542,2.2959183673469385,2.088098950989988,82170.00000268978,5.427847156963775,6217000.0,
0.7653061224489796,0.9753657941019558,2.1551020408163266,1.9600288819959353,82180.00000269036,5.924075304467752,6218000.0,
0.8469387755102041,1.1222248483275343,2.4795918367346936,2.255146867069187,82190.00000269094,5.526961869267355,6219000.0,
0.826530612244898,1.1721015082532023,2.5897959183673467,2.355375616716706,82200.00000269152,5.7242684916284965,6220000.0,
0.8469387755102041,1.2552292747959828,2.7734693877551018,2.522423532795905,82210.0000026921,5.684967095700037,6221000.0,
0.8367346938775511,1.1914979871131846,2.63265306122449,2.394353463801852,82220.00000269269,5.678617106709648,6222000.0,
0.826530612244898,1.1360794760846644,2.5102040816326525,2.2829881864157198,82230.00000269327,5.682167761350598,6223000.0,
0.8673469387755102,1.003075049616216,2.216326530612245,2.0157115206890017,82240.00000269385,5.261895939711682,6224000.0,
0.7959183673469388,1.2330618703845748,2.7244897959183674,2.4778774218414523,82250.00000269443,6.023587991164031,6225000.0,
0.8367346938775511,0.9753657941019558,2.1551020408163266,1.960028881995935,82260.00000269501,5.422263997989024,6226000.0,
0.8673469387755102,1.0280133795790498,2.271428571428571,2.0658258955127615,82270.0000026956,5.292060131904207,6227000.0,
0.8571428571428571,1.1471631782903684,2.5346938775510206,2.305261241892947,82280.00000269618,5.494545136732965,6228000.0,
0.8775510204081632,0.9670530174476776,2.1367346938775507,1.9433240903880156,82290.00000269676,5.1619883223603225,6229000.0,
0.7959183673469388,1.0972865183647003,2.424489795918367,2.205032492245427,82300.00000269734,5.855562548882799,6230000.0,
0.7959183673469388,1.030784305130476,2.277551020408163,2.0713941593820677,82310.00000269793,5.772521306614188,6231000.0,
0.8571428571428571,1.2053526148703149,2.6632653061224483,2.422194783148386,82320.0000026985,5.564337574647776,6232000.0,
0.8061224489795918,1.1166829972246823,2.46734693877551,2.2440103393305737,82330.00000269909,5.807021946090424,6233000.0,
0.8469387755102041,1.1721015082532027,2.589795918367347,2.3553756167167066,82340.00000269967,5.593081299059528,6234000.0,
0.8469387755102041,1.075119113953292,2.375510204081633,2.160486381290974,82350.00000270025,5.4790538937415905,6235000.0,
0.8469387755102041,1.1028283694675525,2.436734693877551,2.2161690199840405,82360.00000270084,5.5122527737464075,6236000.0,
0.8673469387755102,1.1333085505332383,2.504081632653061,2.277419922546413,82370.00000270142,5.418165152534016,6237000.0,
0.8571428571428571,1.1942689126646109,2.638775510204081,2.3999217276711593,82380.000002702,5.5542637315984305,6238000.0,
0.8469387755102041,1.1693305827017766,2.5836734693877546,2.3498073528473995,82390.00000270258,5.59221924238449,6239000.0,
0.8163265306122449,1.3718102296307184,2.2591836734693875,1.9848216275432438,82400.00000270316,5.6225251225476045,6240000.0,
0.8061224489795918,1.1004222980235578,1.8122448979591836,1.592160438354472,82410.00000270375,5.79090107872724,6241000.0,
0.826530612244898,1.2416927281752306,2.0448979591836736,1.7965594135486274,82420.00000270433,5.819329473757015,6242000.0,
0.7857142857142857,1.07439879773246,1.769387755102041,1.5545079955555483,82430.00000270491,5.909232236245831,6243000.0,
0.8877551020408163,1.3420690864408928,2.210204081632653,1.9417902643444744,82440.00000270549,5.531983568785721,6244000.0,
0.8367346938775511,1.2602809426688715,2.0755102040816324,1.8234540155478585,82450.00000270607,5.772040638959781,6245000.0,
0.7857142857142857,1.1933633704917634,1.9653061224489796,1.7266334483506267,82460.00000270666,6.0622001340434775,6246000.0,
0.8163265306122449,1.3866808012256313,2.2836734693877547,2.006337309142629,82470.00000270724,6.072181481665865,6247000.0,
0.8877551020408163,1.3048926574536104,2.1489795918367345,1.8880010603460127,82480.00000270782,5.491945752225442,6248000.0,
0.8571428571428571,1.2677162284663281,2.0877551020408163,1.834211856347551,82490.0000027084,5.645190361938835,6249000.0,
0.826530612244898,1.234257442377774,2.0326530612244897,1.7858015727489351,82500.00000270898,5.8142843131627915,6250000.0,
0.7857142857142857,1.2007986562892197,1.977551020408163,1.7373912891503194,82510.00000270957,6.074260627655976,6251000.0,
0.8061224489795918,1.1375987270108399,1.8734693877551016,1.6459496423529343,82520.00000271015,5.842588294433307,6252000.0,
0.7448979591836735,1.0111988684540798,1.6653061224489796,1.4630663487581634,82530.00000271073,6.153661494817411,6253000.0,
0.8163265306122449,1.234257442377774,2.0326530612244897,1.7858015727489347,82540.00000271131,5.888962867077443,6254000.0,
0.826530612244898,1.1822104417955788,1.9469387755102037,1.7104966871510885,82550.0000027119,5.753783003816575,6255000.0,
0.7346938775510204,1.1487516557070248,1.8918367346938776,1.6620864035524725,82560.00000271248,6.428020309339814,6256000.0,
0.8571428571428571,1.1896457275930352,1.9591836734693877,1.7212545279507805,82570.00000271306,5.557917634729738,6257000.0,
0.8469387755102041,1.4647513020989245,2.4122448979591837,2.1192946375393986,82580.00000271364,5.950185874926234,6258000.0,
0.826530612244898,1.316045586149795,2.1673469387755104,1.9041378215455513,82590.00000271422,5.91768231426994,6259000.0,
0.8673469387755102,1.360657300934534,2.240816326530612,1.9686848663437058,82600.0000027148,5.691108417703199,6260000.0,
0.826530612244898,1.3755278725294469,2.2653061224489797,1.9902005479430904,82610.00000271539,5.9906361916182185,6261000.0,
0.8571428571428571,1.1524692986057528,1.897959183673469,1.6674653239523192,82620.00000271597,5.516926086625666,6262000.0,
0.8469387755102041,1.2231045136815892,2.014285714285714,1.7696648115493967,82630.00000271655,5.667277618722774,6263000.0,
0.8571428571428571,1.1561869415044812,1.904081632653061,1.672844244352165,82640.00000271713,5.522215717626619,6264000.0,
0.8061224489795918,1.3495043722383488,2.222448979591837,1.9525481051441669,82650.00000271772,6.112040866994397,6265000.0,
0.8673469387755102,1.2714338713650561,2.093877551020408,1.839590776747397,82660.0000027183,5.591062581258553,6266000.0,
0.8061224489795918,1.1673398702006659,1.9224489795918365,1.6889810055517036,82670.00000271888,5.887077307504672,6267000.0,
0.826530612244898,1.2231045136815892,2.0142857142857142,1.7696648115493965,82680.00000271946,5.809679535234591,6268000.0,
0.8571428571428571,1.330916157744708,2.191836734693877,1.9256535031449358,82690.00000272004,5.728447422287974,6269000.0,
0.8367346938775511,1.1041399409222856,1.8183673469387753,1.5975393587543187,82700.00000272063,5.597628222238961,6270000.0,
0.8469387755102041,1.4461630876052836,2.3816326530612244,2.092400035540168,82710.00000272121,5.9345034048015775,6271000.0,
0.9081632653061225,1.3495043722383493,2.2224489795918365,1.952548105144167,82720.00000272179,5.428440769579479,6272000.0,
0.8673469387755102,1.3197632290485233,2.173469387755102,1.9095167419453976,82730.00000272237,5.650077605411448,6273000.0,
0.7551020408163265,1.2231045136815892,2.0142857142857142,1.7696648115493965,82740.00000272295,6.362487058838052,6274000.0,
0.7959183673469388,1.141316369909568,1.8795918367346938,1.6513285627527805,82750.00000272354,5.933959029030258,6275000.0,
0.8163265306122449,1.2528456568714152,2.063265306122449,1.8126961747481658,82760.00000272412,5.922733429832794,6276000.0,
0.7959183673469388,1.1413163699095683,1.8795918367346938,1.65132856275278,82770.0000027247,5.934984670055958,6277000.0,
0.9081632653061225,1.5019277310862067,2.473469387755102,2.1730838415378604,82780.00000272528,5.598974355726716,6278000.0,
0.8367346938775511,1.1264457983146554,1.8551020408163263,1.6298128811533956,82790.00000272586,5.628676685952049,6279000.0,
0.8469387755102041,1.4498807305040116,2.387755102040816,2.097778955940014,82800.00000272645,5.9432302602726175,6280000.0,
0.8571428571428571,1.4350101589090989,2.3632653061224485,2.0762632743406293,82810.00000272703,5.8556047093610495,6281000.0,
0.7755102040816326,1.1338810841121116,1.8673469387755104,1.640570721953088,82820.00000272761,6.084212450739812,6282000.0,
0.8571428571428571,1.2305397994790457,2.0265306122448976,1.7804226523490885,82830.0000027282,5.618008337645089,6283000.0,
0.8469387755102041,1.1152928696184705,1.836734693877551,1.613676119953857,82840.00000272878,5.550102424528355,6284000.0,
0.8775510204081632,1.5279512313773043,2.5163265306122446,2.210736284336784,82850.00000272936,5.82719791497932,6285000.0,
0.8571428571428571,1.4052690157192727,2.3142857142857145,2.0332319111418595,82860.00000272994,5.8232876613540085,6286000.0,
0.8673469387755102,1.282586800061241,2.1122448979591835,1.8557275379469358,82870.00000273052,5.613803604932377,6287000.0,
0.8367346938775511,1.3420690864408926,2.210204081632653,1.9417902643444744,82880.0000027311,5.890763054688539,6288000.0,
0.8673469387755102,1.252845656871415,2.063265306122449,1.812696174748166,82890.00000273169,5.580454992784162,6289000.0,
0.8877551020408163,1.3271985148459802,2.1857142857142855,1.9202745827450896,82900.00000273227,5.536382235266246,6290000.0,
0.8673469387755102,1.2900220858586975,2.1244897959183673,1.8664853787466282,82910.00000273285,5.624258405028377,6291000.0,
0.8571428571428571,1.1190105125171987,1.8428571428571425,1.6190550403537032,82920.00000273343,5.492176550475566,6292000.0,
0.7857142857142857,1.1041399409222858,1.8183673469387753,1.5975393587543183,82930.00000273401,5.973058626281148,6293000.0,
0.8877551020408163,1.3532220151370777,2.228571428571428,1.957927025544013,82940.0000027346,5.5675351436402325,6294000.0,
0.7346938775510204,1.0446576545426343,1.7204081632653063,1.5114766323567796,82950.00000273518,6.308003474422877,6295000.0,
0.8163265306122449,1.1636222273019374,1.9163265306122448,1.6836020851518574,82960.00000273576,5.823434728610765,6296000.0,
0.8775510204081632,1.360657300934534,2.240816326530612,1.9686848663437055,82970.00000273634,5.6421420407541625,6297000.0,
0.8061224489795918,1.3383514435421644,2.2040816326530606,1.9364113439446287,82980.00000273692,6.11491444911909,6298000.0,
0.826530612244898,1.1933633704917634,1.9653061224489792,1.7266334483506267,82990.0000027375,5.789005065697174,6299000.0,
0.8571428571428571,1.0307843051304761,2.277551020408163,2.0713941593820673,83000.00000273809,5.803930827729967,6300000.0,
0.8571428571428571,0.9809076452048079,2.1673469387755104,1.9711654097345483,83010.00000273867,5.335342252897074,6301000.0,
0.8367346938775511,1.1665596571503505,2.577551020408163,2.3442390889780924,83020.00000273925,5.687837151390484,6302000.0,
0.8367346938775511,1.1914979871131846,2.6326530612244885,2.3943534638018527,83030.00000273983,5.7181293018338994,6303000.0,
0.8775510204081632,1.1139120716732562,2.461224489795918,2.238442075461267,83040.00000274042,5.364223058572897,6304000.0,
0.8673469387755102,1.1665596571503505,2.5775510204081633,2.344239088978093,83050.000002741,5.48850172251796,6305000.0,
0.8163265306122449,1.025242454027624,2.265306122448979,2.060257631643455,83060.00000274158,5.658919506350022,6306000.0,
0.8367346938775511,1.050180783990458,2.3204081632653057,2.1103720064672147,83070.00000274216,5.5511892298092915,6307000.0,
0.8673469387755102,1.030784305130476,2.277551020408163,2.0713941593820677,83080.00000274274,5.3333724931304225,6308000.0,
0.8673469387755102,1.033555230681902,2.283673469387755,2.076962423251375,83090.00000274333,5.337037795530917,6309000.0,
0.826530612244898,0.9809076452048079,2.1673469387755095,1.9711654097345483,83100.00000274391,5.537391965967593,6310000.0,
0.8775510204081632,1.02801337957905,2.271428571428571,2.0658258955127615,83110.00000274449,5.269594316419223,6311000.0,
0.8061224489795918,1.02801337957905,2.2714285714285714,2.0658258955127615,83120.00000274507,5.737026724203234,6312000.0,
0.8163265306122449,1.052951709541884,2.326530612244898,2.115940270336521,83130.00000274566,5.696363344355195,6313000.0,
0.8469387755102041,1.047409858439032,2.3142857142857145,2.1048037425979076,83140.00000274624,5.484409230606486,6314000.0,
0.8979591836734694,1.1665596571503507,2.5775510204081633,2.3442390889780933,83150.00000274682,5.3059391637960225,6315000.0,
0.8673469387755102,1.1249957738789604,2.4857142857142858,2.260715130938493,83160.0000027474,5.445757480628895,6316000.0,
0.8673469387755102,0.9033217297648796,1.9959183673469387,1.8152540213939627,83170.00000274798,5.190650935650336,6317000.0,
0.9285714285714286,1.1831852104589067,2.6142857142857143,2.3776486721939327,83180.00000274857,5.150241215805444,6318000.0,
0.7755102040816326,0.8866961764563235,1.9591836734693875,1.7818444381781227,83190.00000274915,5.784947701395324,6319000.0,
0.7857142857142857,1.2164363170760186,2.687755102040816,2.4444678386256125,83200.00000274973,6.1300072608672345,6320000.0,
0.8469387755102041,1.2164363170760186,2.687755102040817,2.4444678386256125,83210.00000275031,5.687356133575655,6321000.0,
0.7755102040816326,0.9559693152419736,2.1122448979591835,1.9210510349107885,83220.0000027509,5.875852538250596,6322000.0,
0.9387755102040817,1.2302909448331487,2.7183673469387752,2.4723091579721457,83230.00000275148,5.146612093554161,6323000.0,
0.8877551020408163,1.0224715284761978,2.2591836734693875,2.0546893677741482,83240.00000275206,5.208758733379355,6324000.0,
0.8775510204081632,1.02801337957905,2.2714285714285714,2.0658258955127615,83250.00000275264,5.276105944326579,6325000.0,
0.9081632653061225,1.2386037214874268,2.7367346938775508,2.489013949580065,83260.00000275322,5.330595109203472,6326000.0,
0.8775510204081632,1.1887270615617584,2.6265306122448977,2.388785199932546,83270.0000027538,5.4601750237953,6327000.0,
0.8673469387755102,0.9476565385876956,2.093877551020408,1.9043462433028688,83280.00000275439,5.246942832881648,6328000.0,
0.8673469387755102,0.9365728363819916,2.0693877551020408,1.8820731878256423,83290.00000275497,5.234634564456275,6329000.0,
0.8163265306122449,1.088973741710422,2.4061224489795916,2.1883277006375073,83300.00000275555,5.7489903337621495,6330000.0,
0.9285714285714286,1.1249957738789602,2.4857142857142858,2.2607151309384936,83310.00000275613,5.093289954433966,6331000.0,
0.8571428571428571,1.1721015082532023,2.5897959183673467,2.355375616716706,83320.00000275671,5.5731636645496305,6332000.0,
0.8571428571428571,1.050180783990458,2.320408163265306,2.110372006467214,83330.0000027573,5.4313990100526475,6333000.0,
0.7755102040816326,1.0778900395047182,2.3816326530612244,2.1660546451602807,83340.00000275788,6.039381893221344,6334000.0,
0.8061224489795918,0.8285067398763771,1.8306122448979587,1.664910896922684,83350.00000275846,5.501183044572748,6335000.0,
0.7959183673469388,1.1471631782903684,2.5346938775510206,2.3052612418929463,83360.00000275904,5.972587070331033,6336000.0,
0.826530612244898,1.064035411747588,2.3510204081632655,2.1382133258137475,83370.00000275963,5.65129963413124,6337000.0,
0.8469387755102041,1.1527050293932204,2.546938775510204,2.31639776963156,83380.00000276021,5.620299914384395,6338000.0,
0.8877551020408163,1.061264486196162,2.3448979591836734,2.1326450619444413,83390.00000276079,5.259353099547073,6339000.0,
0.7959183673469388,0.9919913474105119,2.191836734693877,1.9934384652117754,83400.00000276137,5.779678872559025,6340000.0,
0.8673469387755102,1.1776433593560545,2.6020408163265305,2.366512144455319,83410.00000276195,5.518221755650229,6341000.0,
0.8673469387755102,1.06957726285044,2.3632653061224485,2.149349853552361,83420.00000276254,5.394098491443783,6342000.0,
0.7755102040816326,0.9116345064191573,2.0142857142857142,1.8319588130018825,83430.00000276312,5.82973660055866,6343000.0,
0.7959183673469388,0.9587402407933997,2.118367346938775,1.9266192987800954,83440.0000027637,5.7399531232196965,6344000.0,
0.8061224489795918,1.1194539227761082,2.473469387755102,2.2495786031998803,83450.00000276428,5.867168157537266,6345000.0,
0.8775510204081632,1.0834318906075702,2.3938775510204073,2.177191172898894,83460.00000276486,5.349024712708485,6346000.0,
0.8367346938775511,0.9531983896905477,2.1061224489795918,1.9154827710414821,83470.00000276545,5.4547956366227295,6347000.0,
0.7653061224489796,0.9504274641391216,2.0999999999999996,1.9099145071721753,83480.00000276603,5.960822553320351,6348000.0,
0.8673469387755102,1.1166829972246826,2.46734693877551,2.2440103393305733,83490.00000276661,5.451702749898985,6349000.0,
0.8061224489795918,1.1083702205704042,2.4489795918367347,2.2273055477226538,83500.00000276719,5.855950400370844,6350000.0,
0.8877551020408163,0.9615111663448257,2.124489795918367,1.9321875626494023,83510.00000276777,5.152504532358532,6351000.0,
0.8469387755102041,1.1637887315989246,2.5714285714285716,2.3386708251087867,83520.00000276836,5.640133683254173,6352000.0,
0.8469387755102041,1.0390970817847542,2.295918367346939,2.0880989509899877,83530.00000276894,5.493389325642288,6353000.0,
0.8877551020408163,1.2136653915245927,2.6816326530612242,2.438899574756306,83540.00000276952,5.437919636584097,6354000.0,
0.8877551020408163,1.019700602924772,2.2530612244897954,2.049121103904841,83550.0000027701,5.219890334483177,6355000.0,
0.8877551020408163,1.318960562478781,2.9142857142857133,2.650493601789958,83560.00000277068,5.557447530302663,6356000.0,
0.8775510204081632,1.1554759549446465,2.553061224489796,2.3219660335008667,83570.00000277127,5.4362377162556825,6357000.0,
0.826530612244898,1.00030412406479,2.210204081632653,2.0101432568196946,83580.00000277185,5.584563014466236,6358000.0,
0.826530612244898,1.0363261562333281,2.289795918367347,2.0825306871206815,83590.00000277243,5.628639053386225,6359000.0,
0.7959183673469388,1.427574873111642,2.3510204081632646,2.065505433540937,83600.00000277301,5.880452184162616,6360000.0,
0.8877551020408163,1.234257442377774,2.0326530612244897,1.7858015727489351,83610.0000027736,5.4643336708786725,6361000.0,
0.8775510204081632,1.2565632997701435,2.0693877551020403,1.8180750951480122,83620.00000277418,5.553755853382547,6362000.0,
0.826530612244898,1.353222015137077,2.2285714285714286,1.957927025544013,83630.00000277476,6.014019228356307,6363000.0,
0.8163265306122449,1.1487516557070245,1.8918367346938774,1.662086403552473,83640.00000277534,5.839218278408976,6364000.0,
0.8571428571428571,1.1673398702006657,1.9224489795918362,1.6889810055517036,83650.00000277592,5.583322705870206,6365000.0,
0.7448979591836735,1.0818340835299163,1.7816326530612245,1.5652658363552412,83660.0000027765,6.31040466026529,6366000.0,
0.8979591836734694,1.1450340128082963,1.885714285714286,1.6567074831526267,83670.00000277709,5.305603787143746,6367000.0,
0.8367346938775511,1.1524692986057532,1.8979591836734697,1.6674653239523192,83680.00000277767,5.703192576546376,6368000.0,
0.8367346938775511,1.3420690864408926,2.210204081632653,1.9417902643444747,83690.00000277825,5.93027524981279,6369000.0,
0.8367346938775511,1.4833395165925658,2.4428571428571426,2.14618923953863,83700.00000277883,6.099598446823355,6370000.0,
0.8163265306122449,1.2900220858586973,2.124489795918367,1.8664853787466282,83710.00000277942,6.015774555344979,6371000.0,
0.7959183673469388,0.9703047965680692,1.597959183673469,1.4038982243598557,83720.00000278,5.76884192406563,6372000.0,
0.8061224489795918,1.089269369327373,1.793877551020408,1.5760236771549336,83730.00000278058,5.843901243133331,6373000.0,
0.8469387755102041,1.20079865628922,1.977551020408163,1.7373912891503194,83740.00000278116,5.694434558190319,6374000.0,
0.8571428571428571,1.267716228466328,2.0877551020408163,1.8342118563475507,83750.00000278174,5.705190361942327,6375000.0,
0.826530612244898,1.215669227884133,2.002040816326531,1.758906970749704,83760.00000278233,5.854017090692626,6376000.0,
0.7959183673469388,1.3680925867319902,2.253061224489796,1.9794427071433975,83770.00000278291,6.2711906860666025,6377000.0,
0.8061224489795918,1.1636222273019374,1.9163265306122448,1.6836020851518574,83780.00000278349,5.938668079608254,6378000.0,
0.7959183673469388,1.174775155998122,1.9346938775510203,1.699738846351396,83790.00000278407,6.029330324375392,6379000.0,
0.8469387755102041,1.330916157744708,2.191836734693877,1.9256535031449358,83800.00000278465,5.8509588370174495,6380000.0,
0.7959183673469388,1.2528456568714152,2.063265306122449,1.812696174748166,83810.00000278524,6.1284445434213835,6381000.0,
0.8367346938775511,1.3829631583269035,2.2775510204081635,2.0009583887427826,83820.00000278582,5.985490116213513,6382000.0,
0.8775510204081632,1.408986658618001,2.3204081632653057,2.038610831541706,83830.0000027864,5.737215029744628,6383000.0,
0.7142857142857143,1.0297870829477211,1.6959183673469387,1.4899609507573948,83840.00000278698,6.518270487747899,6384000.0,
0.8163265306122449,1.249128013972687,2.057142857142857,1.8073172543483202,83850.00000278756,5.972679317285023,6385000.0,
0.8163265306122449,1.1487516557070248,1.8918367346938774,1.662086403552473,83860.00000278815,5.850218278409616,6386000.0,
0.826530612244898,1.3383514435421644,2.204081632653061,1.9364113439446287,83870.00000278873,6.007879524452043,6387000.0,
0.8571428571428571,1.2639985855676,2.0816326530612246,1.8288329359477045,83880.00000278931,5.707043588084647,6388000.0,
0.8673469387755102,1.5242335884785763,2.510204081632653,2.2053573639369377,83890.0000027899,5.940408137463392,6389000.0,
0.7857142857142857,1.078116440631188,1.7755102040816326,1.5598869159553952,83900.00000279048,5.990327418121385,6390000.0,
0.8673469387755102,1.316045586149795,2.16734693877551,1.9041378215455513,83910.00000279106,5.701320793602029,6391000.0,
0.8367346938775511,1.3792455154281753,2.2714285714285714,1.9955794683429362,83920.00000279164,5.98592512835922,6392000.0,
0.8061224489795918,1.3718102296307184,2.259183673469387,1.9848216275432442,83930.00000279222,6.204521550851995,6393000.0,
0.7857142857142857,1.1487516557070245,1.8918367346938776,1.6620864035524725,83940.0000027928,6.082304704841401,6394000.0,
0.8775510204081632,1.4870571594912942,2.4489795918367347,2.1515681599384755,83950.00000279339,5.831760484228473,6395000.0,
0.8367346938775511,1.3271985148459802,2.1857142857142855,1.9202745827450896,83960.00000279397,5.925673834980612,6396000.0,
0.7857142857142857,1.0074812255553514,1.6591836734693874,1.4576874283583172,83970.00000279455,5.904064417115986,6397000.0,
0.826530612244898,1.408986658618001,2.320408163265306,2.038610831541706,83980.00000279513,6.098771513062629,6398000.0,
0.8367346938775511,1.2342574423777737,2.03265306122449,1.7858015727489345,83990.00000279571,5.816061333738208,6399000.0,
0.8061224489795918,1.412704301516729,2.326530612244898,2.043989751941552,84000.0000027963,6.258795209647506,6400000.0,
0.8686868686868687,1.280671650689169,2.1090909090909093,1.8529565789530753,84010.00000279688,5.614259225950507,6401000.0,
0.8585858585858586,1.1776291040819944,1.9393939393939394,1.7038681185775406,84020.00000279746,5.560765662560418,6402000.0,
0.8181818181818182,1.3763540153958305,2.2666666666666666,1.9913958635875006,84030.00000279804,6.078751204169231,6403000.0,
0.898989898989899,1.3248327420922437,2.1818181818181817,1.916851633399733,84040.00000279862,5.475485859333202,6404000.0,
0.8181818181818182,1.3984345610973685,2.303030303030303,2.023343390810829,84050.0000027992,6.106726192125489,6405000.0,
0.7777777777777778,1.207069831684044,1.9878787878787874,1.7464648215419794,84060.00000279979,6.178437835717504,6406000.0,
0.8282828282828283,1.1960295588332754,1.9696969696969697,1.7304910579303145,84070.00000280037,5.788862516317367,6407000.0,
0.797979797979798,1.1886693769327632,1.9575757575757573,1.7198418821892048,84080.00000280095,5.999975548479439,6408000.0,
0.9191919191919192,1.3027521963907063,2.1454545454545455,1.8849041061764047,84090.00000280153,5.33332162039796,6409000.0,
0.8686868686868687,1.3137924692414753,2.163636363636364,1.9008778697880686,84100.00000280212,5.6565727263772425,6410000.0,
0.797979797979798,1.2328304683358378,2.03030303030303,1.7837369366358629,84110.0000028027,6.056835650364392,6411000.0,
0.8383838383838383,1.1739490131317383,1.9333333333333331,1.6985435307069858,84120.00000280328,5.695189786910644,6412000.0,
0.8383838383838383,1.2254702864353255,2.018181818181818,1.773087760894753,84130.00000280386,5.757124799646277,6413000.0,
0.8585858585858586,1.2107499226343004,1.993939393939394,1.7517894094125341,84140.00000280445,5.604988733580492,6414000.0,
0.797979797979798,1.1518684674302009,1.8969696969696972,1.6665960034836564,84150.00000280503,5.957402256824535,6415000.0,
0.7878787878787878,1.343233196843525,2.212121212121212,1.9434745727525071,84160.00000280561,6.277178032064868,6416000.0,
0.8080808080808081,1.2254702864353255,2.0181818181818176,1.773087760894753,84170.00000280619,5.975016979633129,6417000.0,
0.7575757575757576,1.284351741639425,2.1151515151515152,1.85828116682363,84180.00000280677,6.451608299144779,6418000.0,
0.8181818181818182,1.2843517416394252,2.115151515151515,1.85828116682363,84190.00000280736,5.97420521525754,6419000.0,
0.7272727272727273,0.7899656844792701,1.7454545454545456,1.5874614085586911,84200.00000280794,6.412868794267579,6420000.0,
0.8585858585858586,1.1904343995277886,2.63030303030303,2.392216150397472,84210.00000280852,5.584621241962511,6421000.0,
0.9090909090909091,1.0971745617767636,2.4242424242424243,2.204807511887071,84220.0000028091,5.17222312921627,6422000.0,
0.8080808080808081,0.9517989323413426,2.103030303030303,1.9126705165620346,84230.00000280968,5.6393486789419995,6423000.0,
0.8585858585858586,1.1054033709900897,2.4424242424242424,2.2213435682262244,84240.00000281027,5.486996867548096,6424000.0,
0.8585858585858586,1.179462653910021,2.606060606060606,2.3701680752786016,84250.00000281085,5.573724738243103,6425000.0,
0.8787878787878788,1.1986632087411144,2.6484848484848484,2.408752206736625,84260.00000281143,5.467901812401659,6426000.0,
0.8484848484848485,1.1383186078433924,2.5151515151515147,2.2874877935828364,84270.00000281201,5.59253978797705,6427000.0,
0.8383838383838383,1.14929035346116,2.539393939393939,2.309535868701707,84280.0000028126,5.673488494051007,6428000.0,
0.8686868686868687,1.2370643184033014,2.7333333333333334,2.4859204696526724,84290.00000281318,5.577083343436138,6429000.0,
0.7878787878787878,0.9682565507679941,2.139393939393939,1.9457426292403401,84300.00000281376,5.808425622302754,6430000.0,
0.8181818181818182,0.9463130595324586,2.090909090909091,1.901646479002599,84310.00000281434,5.5669727519419645,6431000.0,
0.898989898989899,1.031344088070158,2.2787878787878784,2.072519061173847,84320.00000281492,5.161605221713861,6432000.0,
0.8383838383838383,1.0752310705412287,2.3757575757575755,2.16071136164933,84330.0000028155,5.5875623614117105,6433000.0,
0.8484848484848485,1.006657660430181,2.2242424242424237,2.0229108921563874,84340.00000281609,5.440701290430721,6434000.0,
0.7676767676767676,0.8173950485236889,1.806060606060606,1.6425815963558683,84350.00000281667,5.767393550229476,6435000.0,
0.8787878787878788,1.1054033709900895,2.4424242424242424,2.2213435682262244,84360.00000281725,5.3663762499036345,6436000.0,
0.8686868686868687,1.0670022613279029,2.3575757575757574,2.144175305310177,84370.00000281783,5.385035161454209,6437000.0,
0.9090909090909091,1.0944316253723219,2.4181818181818175,2.199295493107354,84380.00000281841,5.17631701028291,6438000.0,
0.8383838383838383,1.1410615442478342,2.521212121212121,2.2929998123625546,84390.000002819,5.6689746131824075,6439000.0,
0.8585858585858586,1.0642593249234609,2.351515151515151,2.1386632865304596,84400.00000281958,5.446605566835638,6440000.0,
0.8383838383838383,0.9902000420035294,2.187878787878788,1.9898387794780816,84410.00000282016,5.48999523098745,6441000.0,
0.9090909090909091,1.2370643184033012,2.7333333333333334,2.485920469652673,84420.00000282074,5.334990750394868,6442000.0,
0.8383838383838383,1.2068920179544402,2.6666666666666665,2.4252882630757786,84430.00000282133,5.749423009531364,6443000.0,
0.8181818181818182,1.0231152788568323,2.2606060606060603,2.055983004834694,84440.00000282191,5.6672618842029925,6444000.0,
0.8181818181818182,1.0203723424523903,2.2545454545454544,2.050470986054976,84450.00000282249,5.664403233535863,6445000.0,
0.8787878787878788,1.2096349543588825,2.6727272727272724,2.430800281855496,84460.00000282307,5.489582304541954,6446000.0,
0.7878787878787878,1.0450587700923675,2.3090909090909086,2.1000791550724354,84470.00000282365,5.914623310932915,6447000.0,
0.8888888888888888,1.130089798630067,2.4969696969696966,2.2709517372436836,84480.00000282424,5.338621478159112,6448000.0,
0.7474747474747475,0.9545418687457846,2.109090909090909,1.918182535341752,84490.00000282482,6.1143168245873,6449000.0,
0.8383838383838383,1.0340870244746,2.2848484848484847,2.078031079953565,84500.0000028254,5.546679704055606,6450000.0,
0.9191919191919192,1.1383186078433924,2.515151515151515,2.2874877935828364,84510.00000282598,5.172893870221187,6451000.0,
0.8484848484848485,1.0560305157101353,2.333333333333333,2.1221272301913054,84520.00000282656,5.507462155582594,6452000.0,
0.8181818181818182,1.1904343995277886,2.63030303030303,2.3922161503974726,84530.00000282715,5.87620747613442,6453000.0,
0.8484848484848485,1.152033289865602,2.5454545454545454,2.315047887481425,84540.00000282773,5.62156066321826,6454000.0,
0.8181818181818182,1.0066576604301807,2.224242424242424,2.0229108921563874,84550.00000282831,5.652579116002833,6455000.0,
0.8888888888888888,1.10540337099009,2.4424242424242424,2.2213435682262244,84560.00000282889,5.3144856107007135,6456000.0,
0.8585858585858586,1.124603925821183,2.484848484848485,2.259927699684248,84570.00000282947,5.524889278469922,6457000.0,
0.898989898989899,1.2590078096388366,2.781818181818182,2.5300166198904144,84580.00000283006,5.42653452997633,6458000.0,
0.8080808080808081,0.9051690134658302,1.9999999999999998,1.8189661973068338,84590.00000283064,5.5996441543346,6459000.0,
0.8181818181818182,1.0752310705412287,2.3757575757575755,2.16071136164933,84600.00000283122,5.738860197496726,6460000.0,
0.8686868686868687,1.1657479718878119,2.5757575757575757,2.3426079813800134,84610.0000028318,5.509870339890104,6461000.0,
0.8585858585858586,1.2617507460432786,2.787878787878788,2.5355286386701317,84620.00000283238,5.686977927905205,6462000.0,
0.8686868686868687,1.0094005968346227,2.2303030303030305,2.0284229109361056,84630.00000283297,5.330819291863812,6463000.0,
0.8787878787878788,1.1246039258211828,2.4848484848484844,2.2599276996842477,84640.00000283355,5.401098720344363,6464000.0,
0.8787878787878788,1.1986632087411146,2.6484848484848484,2.408752206736625,84650.00000283413,5.485832846885462,6465000.0,
0.8282828282828283,1.0231152788568325,2.2606060606060603,2.055983004834694,84660.00000283471,5.608880641713337,6466000.0,
0.797979797979798,0.9874571055990875,2.1818181818181817,1.9843267606983641,84670.0000028353,5.777696879341509,6467000.0,
0.8484848484848485,1.14929035346116,2.539393939393939,2.309535868701707,84680.00000283588,5.624994583408651,6468000.0,
0.8383838383838383,1.039572897283484,2.296969696969697,2.089055117513,84690.00000283646,5.562379721020953,6469000.0,
0.8282828282828283,1.003914724025739,2.2181818181818183,2.0173988733766706,84700.00000283704,5.587650703563715,6470000.0,
0.8888888888888888,1.0231152788568325,2.2606060606060603,2.055983004834694,84710.00000283762,5.228729688869378,6471000.0,
0.8484848484848485,1.0423158336879257,2.3030303030303028,2.0945671362927176,84720.0000028382,5.500822232723641,6472000.0,
0.8282828282828283,1.179462653910021,2.606060606060606,2.3701680752786016,84730.00000283879,5.8010561311070195,6473000.0,
0.8282828282828283,0.9819712327902036,2.1696969696969695,1.9733027231389284,84740.00000283937,5.56310917146239,6474000.0,
0.8888888888888888,1.2178637635722078,2.6909090909090905,2.447336338194649,84750.00000283995,5.449639915992463,6475000.0,
0.8888888888888888,1.2068920179544405,2.666666666666668,2.425288263075778,84760.00000284053,5.4377512476270455,6476000.0,
0.8282828282828283,0.9956859148124133,2.1999999999999997,2.000862817037517,84770.00000284112,5.581130555855142,6477000.0,
0.8888888888888888,1.0340870244746,2.2848484848484847,2.0780310799535644,84780.0000028417,5.244254720871369,6478000.0,
0.8787878787878788,1.031344088070158,2.278787878787879,2.072519061173847,84790.00000284228,5.301872008421184,6479000.0,
0.8181818181818182,1.391074379196856,2.2909090909090906,2.0126942150697196,84800.00000284286,5.701802051120061,6480000.0,
0.8585858585858586,1.3763540153958314,2.2666666666666666,1.9913958635875006,84810.00000284344,5.829398206328111,6481000.0,
0.8888888888888888,1.1813091950322507,1.9454545454545458,1.7091927064480954,84820.00000284403,5.411697844567014,6482000.0,
0.8787878787878788,1.4609961072517246,2.4060606060606062,2.1138613846102614,84830.00000284461,5.792625455535948,6483000.0,
0.797979797979798,1.1187476488778947,1.8424242424242425,1.6186747126486636,84840.00000284519,5.9508331297800074,6484000.0,
0.8686868686868687,1.3873942882465993,2.2848484848484842,2.007369627199165,84850.00000284577,5.776184122675869,6485000.0,
0.8686868686868687,1.3505933787440372,2.2242424242424246,1.9541237484936165,84860.00000284635,5.7342854012717845,6486000.0,
0.8585858585858586,1.2549110140373751,2.0666666666666664,1.8156844638591916,84870.00000284694,5.690776357687249,6487000.0,
0.8282828282828283,1.122427739828151,1.8484848484848482,1.6239993005192181,84880.00000284752,5.739513978740309,6488000.0,
0.8181818181818182,1.2328304683358378,2.0303030303030303,1.7837369366358626,84890.0000028481,5.945802671345292,6489000.0,
0.8686868686868687,1.2107499226343006,1.9939393939393937,1.7517894094125341,84900.00000284868,5.575163283192079,6490000.0,
0.7878787878787878,1.1923494678830193,1.9636363636363636,1.72516647005976,84910.00000284927,6.124133299155696,6491000.0,
0.6767676767676768,0.9457833742158517,1.5575757575757574,1.3684190827325875,84920.00000284985,6.765856030762642,6492000.0,
0.7575757575757576,0.9421032832655957,1.551515151515151,1.3630944948620323,84930.00000285043,6.039840334093653,6493000.0,
0.8484848484848485,1.2806716506891687,2.109090909090909,1.852956578953075,84940.00000285101,5.792217778951906,6494000.0,
0.8181818181818182,1.2880318325896813,2.121212121212121,1.863605754694185,84950.0000028516,6.016233968396459,6495000.0,
0.8484848484848485,1.3579535606445499,2.2363636363636363,1.9647729242347265,84960.00000285218,5.884252410923184,6496000.0,
0.8383838383838383,1.1886693769327632,1.957575757575758,1.7198418821892048,84970.00000285276,5.753711666627505,6497000.0,
0.7474747474747475,1.1003471941266134,1.8121212121212122,1.5920517732958896,84980.00000285334,6.33586719232806,6498000.0,
0.7676767676767676,1.111387466977382,1.83030303030303,1.608025536907554,84990.00000285392,6.184041569006642,6499000.0,
0.7676767676767676,1.0341055570220015,1.7030303030303027,1.4962091916259028,85000.0000028545,6.0838980284069,6500000.0,
0.8181818181818182,1.3064322873409628,2.1515151515151514,1.8902286940469595,85010.00000285509,6.041686376055605,6501000.0,
0.8383838383838383,1.3174725601917314,2.16969696969697,1.9062024576586236,85020.00000285567,5.909754017743764,6502000.0,
0.7272727272727273,1.2328304683358378,2.03030303030303,1.7837369366358629,85030.00000285625,6.696805783041683,6503000.0,
0.8585858585858586,1.251230923087119,2.06060606060606,1.8103598759886363,85040.00000285683,5.6944901341103575,6504000.0,
0.797979797979798,1.1629087402809695,1.9151515151515148,1.6825697670953212,85050.00000285741,6.016807155716125,6505000.0,
0.8787878787878788,1.2733114687886564,2.0969696969696967,1.8423074032119653,85060.000002858,5.589627993377439,6506000.0,
0.8282828282828283,1.3542734696942933,2.23030303030303,1.9594483363641715,85070.00000285858,6.028693579432899,6507000.0,
0.8181818181818182,1.10402728507687,1.8181818181818181,1.5973763611664442,85080.00000285916,5.797759274523149,6508000.0,
0.8383838383838383,1.1518684674302009,1.8969696969696968,1.6665960034836569,85090.00000285974,5.715599738425991,6509000.0,
0.8181818181818182,1.2585911049876315,2.0727272727272728,1.8210090517297466,85100.00000286032,5.987658264290681,6510000.0,
0.8181818181818182,1.265951286888144,2.0848484848484845,1.831658227470856,85110.0000028609,5.997147869329607,6511000.0,
0.8888888888888888,1.2880318325896813,2.121212121212121,1.863605754694185,85120.00000286149,5.545397175456281,6512000.0,
0.8181818181818182,1.3542734696942937,2.2303030303030305,1.9594483363641715,85130.00000286207,6.106084858191502,6513000.0,
0.8080808080808081,1.3542734696942937,2.23030303030303,1.9594483363641717,85140.00000286265,6.182910918918925,6514000.0,
0.8181818181818182,1.3395531058932686,2.206060606060606,1.9381499848819526,85150.00000286323,6.089080956755739,6515000.0,
0.7777777777777778,1.1003471941266134,1.8121212121212118,1.5920517732958894,85160.00000286382,6.0983658731469905,6516000.0,
0.8080808080808081,1.0672263755743074,1.7575757575757576,1.5441304824608963,85170.0000028644,5.8291901399455295,6517000.0,
0.8787878787878788,1.4168350158486493,2.333333333333333,2.049966330163604,85180.00000286498,5.758465133135684,6518000.0,
0.8080808080808081,1.1923494678830193,1.9636363636363634,1.72516647005976,85190.00000286556,5.985029966677619,6519000.0,
0.8686868686868687,1.2217901954850692,2.012121212121212,1.767763173024198,85200.00000286615,5.6018259228699385,6520000.0,
0.7777777777777778,1.0635462846240513,1.7515151515151512,1.5388058945903413,85210.00000286673,6.0536478206698225,6521000.0,
0.8585858585858586,1.2585911049876315,2.0727272727272728,1.8210090517297466,85220.00000286731,5.71153316950086,6522000.0,
0.8080808080808081,1.2880318325896813,2.121212121212121,1.863605754694185,85230.00000286789,6.10543689300223,6523000.0,
0.8383838383838383,1.1224277398281508,1.8484848484848484,1.6239993005192184,85240.00000286847,5.687712605503483,6524000.0,
0.8484848484848485,1.2733114687886564,2.0969696969696967,1.8423074032119657,85250.00000286906,5.798305183617637,6525000.0,
0.8686868686868687,1.2585911049876315,2.0727272727272728,1.8210090517297466,85260.00000286964,5.646980458227702,6526000.0,
0.7373737373737373,1.0304254660717453,1.696969696969697,1.4908846037553483,85270.00000287022,6.343724947327561,6527000.0,
0.8282828282828283,1.2438707411866066,2.0484848484848484,1.7997107002475272,85280.0000028708,5.905646382820556,6528000.0,
0.8383838383838383,1.1113874669773824,1.83030303030303,1.608025536907554,85290.00000287138,5.676953725838249,6529000.0,
0.8282828282828283,1.1702689221814817,1.927272727272727,1.693218942836431,85300.00000287197,5.8177612598754,6530000.0,
0.7777777777777778,1.1592286493307136,1.9090909090909092,1.6772451792247665,85310.00000287255,6.18186280905921,6531000.0,
0.8282828282828283,1.2769915597389125,2.1030303030303026,1.8476319910825203,85320.00000287313,5.9475849320484535,6532000.0,
0.7575757575757576,1.0966671031763573,1.8060606060606057,1.5867271854253346,85330.00000287371,6.265197909710434,6533000.0,
0.7777777777777778,1.2107499226343006,1.993939393939394,1.751789409412534,85340.0000028743,6.249662887722354,6534000.0,
0.8585858585858586,1.2953920144901936,2.133333333333333,1.8742549304352947,85350.00000287488,5.760513052333612,6535000.0,
0.8585858585858586,1.3027521963907058,2.145454545454545,1.884904106176404,85360.00000287546,5.769556087723647,6536000.0,
0.9191919191919192,1.236510559286094,2.0363636363636366,1.7890615245064176,85370.00000287604,5.317520278935778,6537000.0,
0.8383838383838383,1.2512309230871193,2.06060606060606,1.810359875988637,85380.00000287662,5.848092306017586,6538000.0,
0.8282828282828283,1.2549110140373754,2.0666666666666664,1.8156844638591918,85390.0000028772,5.924341346384601,6539000.0,
0.8484848484848485,0.9353413139146913,2.0666666666666664,1.8795984038837281,85400.00000287779,5.783761790518328,6540000.0,
0.8484848484848485,1.058773452114577,2.339393939393939,2.1276392489710236,85410.00000287837,5.553075854442677,6541000.0,
0.7878787878787878,0.9874571055990875,2.1818181818181817,1.9843267606983641,85420.00000287895,5.89023145471992,6542000.0,
0.9090909090909091,1.1273468622256249,2.4909090909090907,2.2654397184639654,85430.00000287953,5.2591904374909255,6543000.0,
0.797979797979798,1.0862028161589963,2.3999999999999995,2.1827594367682006,85440.00000288012,5.940428845741638,6544000.0,
0.8080808080808081,0.8941972678480626,1.9757575757575756,1.7969181221879633,85450.0000028807,5.629066619135117,6545000.0,
0.8787878787878788,1.0889457525634383,2.406060606060606,2.1882714555479184,85460.00000288128,5.3982233277888945,6546000.0,
0.8686868686868687,0.9902000420035294,2.187878787878788,1.989838779478082,85470.00000288186,5.347786095025641,6547000.0,
0.7878787878787878,1.0423158336879257,2.3030303030303028,2.0945671362927176,85480.00000288244,5.962936763448241,6548000.0,
0.797979797979798,1.0889457525634383,2.406060606060606,2.188271455547918,85490.00000288303,5.946397841995453,6549000.0,
0.8484848484848485,1.1438044806522765,2.5272727272727273,2.2985118311422714,85500.00000288361,5.657576709505215,6550000.0,
0.8484848484848485,1.1959202723366726,2.642424242424242,2.4032401879569076,85510.00000288419,5.719475083038044,6551000.0,
0.8383838383838383,1.0697451977323447,2.3636363636363638,2.1496873240898946,85520.00000288477,5.638368368546621,6552000.0,
0.7575757575757576,0.9517989323413428,2.103030303030303,1.912670516562034,85530.00000288535,6.084638590875502,6553000.0,
0.8686868686868687,1.1383186078433927,2.515151515151515,2.2874877935828364,85540.00000288594,5.521550490585674,6554000.0,
0.8282828282828283,1.1163751166078573,2.4666666666666663,2.2433916433450953,85550.00000288652,5.764889470220149,6555000.0,
0.8181818181818182,0.9709994871724359,2.1454545454545455,1.9512546480200579,85560.0000028871,5.658873447456146,6556000.0,
0.7777777777777778,1.0258582152612743,2.2666666666666666,2.061495023614411,85570.00000288768,6.023893030191497,6557000.0,
0.7878787878787878,1.0121435332390647,2.236363636363636,2.0339349297158233,85580.00000288826,5.929769356468574,6558000.0,
0.8686868686868687,0.9600277415546684,2.1212121212121215,1.9292065729011876,85590.00000288885,5.318634260788324,6559000.0,
0.8080808080808081,1.0670022613279029,2.3575757575757574,2.1441753053101764,85600.00000288943,5.850412798566856,6560000.0,
0.7878787878787878,0.9517989323413426,2.1030303030303026,1.9126705165620344,85610.00000289001,5.854716593790785,6561000.0,
0.8787878787878788,1.0779740069456705,2.381818181818182,2.1662233804290474,85620.00000289059,5.393094559787494,6562000.0,
0.8888888888888888,1.0944316253723219,2.4181818181818184,2.199295493107354,85630.00000289117,5.350778760519919,6563000.0,
0.8686868686868687,0.9353413139146912,2.0666666666666664,1.8795984038837283,85640.00000289176,5.292541745249416,6564000.0,
0.898989898989899,1.1273468622256249,2.4909090909090903,2.265439718463966,85650.00000289234,5.3281701053284785,6565000.0,
0.8383838383838383,1.061516388519019,2.3454545454545452,2.1331512677507414,85660.00000289292,5.635300270810638,6566000.0,
0.8383838383838383,1.064259324923461,2.3515151515151516,2.138663286530459,85670.0000028935,5.639053893750903,6567000.0,
0.8282828282828283,1.22060669997665,2.6969696969696964,2.452848356974367,85680.00000289408,5.897071503799914,6568000.0,
0.7777777777777778,0.7680221932437347,1.6969696969696966,1.54336525832095,85690.00000289467,5.698623339545932,6569000.0,
0.8282828282828283,0.9737424235768779,2.1515151515151514,1.9567666667997758,85700.00000289525,5.600003657902686,6570000.0,
0.8686868686868687,1.143804480652276,2.5272727272727264,2.298511831142272,85710.00000289583,5.5357725999824074,6571000.0,
0.8383838383838383,1.0615163885190189,2.3454545454545452,2.1331512677507414,85720.00000289641,5.638191837075866,6572000.0,
0.7878787878787878,0.8695108402080853,1.9212121212121211,1.747309953170504,85730.000002897,5.756427861468164,6573000.0,
0.8181818181818182,1.0258582152612743,2.2666666666666666,2.061495023614412,85740.00000289758,5.734811892898578,6574000.0,
0.8585858585858586,1.2068920179544402,2.6666666666666665,2.425288263075778,85750.00000289816,5.676260115193065,6575000.0,
0.8282828282828283,1.1191180530122993,2.4727272727272727,2.2489036621248126,85760.00000289874,5.778444966611474,6576000.0,
0.8080808080808081,1.121860989416741,2.4787878787878785,2.25441568090453,85770.00000289932,5.926800474577287,6577000.0,
0.898989898989899,1.121860989416741,2.4787878787878785,2.2544156809045304,85780.0000028999,5.327910538945902,6578000.0,
0.8484848484848485,1.072488134136787,2.369696969696969,2.1551993428696123,85790.00000290049,5.587334824922287,6579000.0,
0.8282828282828283,1.064259324923461,2.351515151515151,2.138663286530459,85800.00000290107,5.714164307089698,6580000.0,
0.8585858585858586,1.0176294060479485,2.2484848484848485,2.0449589672752584,85810.00000290165,5.458648367208021,6581000.0,
0.8787878787878788,1.028601151665716,2.272727272727273,2.0670070423941294,85820.00000290223,5.346107057802795,6582000.0,
0.8282828282828283,0.9517989323413425,2.103030303030303,1.912670516562034,85830.00000290282,5.579852369704056,6583000.0,
0.9090909090909091,1.088945752563438,2.406060606060606,2.1882714555479184,85840.0000029034,5.2351714390858035,6584000.0,
0.8282828282828283,1.061516388519019,2.3454545454545457,2.1331512677507414,85850.00000290398,5.71329173752838,6585000.0,
0.8888888888888888,1.1108892437989735,2.4545454545454546,2.23236760578566,85860.00000290456,5.379748126705056,6586000.0,
0.7575757575757576,1.006657660430181,2.224242424242424,2.0229108921563874,85870.00000290514,6.175185445287156,6587000.0,
0.8383838383838383,1.2014061451455564,2.6545454545454548,2.4142642255163427,85880.00000290573,5.812759137148932,6588000.0,
0.8888888888888888,1.0148864696435065,2.242424242424242,2.039446948495541,85890.00000290631,5.273108642143871,6589000.0,
0.7777777777777778,0.9243695682969236,2.042424242424242,1.8575503287648576,85900.00000290689,5.910550484095471,6590000.0,
0.8282828282828283,1.031344088070158,2.278787878787879,2.0725190611738467,85910.00000290747,5.679791033328095,6591000.0,
0.7777777777777778,1.0752310705412285,2.3757575757575755,2.1607113616493296,85920.00000290805,6.105554233734313,6592000.0,
0.8383838383838383,1.0724881341367865,2.36969696969697,2.155199342869612,85930.00000290864,5.661399099921744,6593000.0,
0.8080808080808081,0.9024260770613883,1.9939393939393937,1.8134541785271159,85940.00000290922,5.6637497705380335,6594000.0,
0.8686868686868687,1.028601151665716,2.272727272727273,2.0670070423941294,85950.0000029098,5.414317604986901,6595000.0,
0.8383838383838383,0.8804825858258528,1.9454545454545453,1.7693580282893746,85960.00000291038,5.433826216996739,6596000.0,
0.8585858585858586,1.0340870244745999,2.2848484848484842,2.0780310799535644,85970.00000291097,5.485346063964207,6597000.0,
0.8383838383838383,1.0999174981812057,2.4303030303030306,2.210319530666789,85980.00000291155,5.696525690770047,6598000.0,
0.7474747474747475,0.9106548862747138,2.0121212121212118,1.829990234866269,85990.00000291213,6.136684239934778,6599000.0,
0.8383838383838383,1.3101123782912187,2.1575757575757577,1.8955532819175136,86000.00000291271,5.550263260869034,6600000.0,
0.8181818181818182,1.1849892859825069,1.9515151515151516,1.71451729431865,86010.0000029133,5.942638757114193,6601000.0,
0.8080808080808081,1.155548558380457,1.9030303030303028,1.671920591354212,86020.00000291388,5.980988841170612,6602000.0,
0.8787878787878788,1.4131549248983928,2.327272727272727,2.044641742293049,86030.00000291446,5.793357903206057,6603000.0,
0.8484848484848485,1.0966671031763573,1.806060606060606,1.5867271854253346,86040.00000291504,5.627736228910093,6604000.0,
0.8484848484848485,1.236510559286094,2.036363636363636,1.7890615245064174,86050.00000291562,5.79302792122993,6605000.0,
0.8080808080808081,1.2254702864353255,2.018181818181818,1.773087760894753,86060.0000029162,6.069516979638629,6606000.0,
0.8282828282828283,1.214430013584557,1.9999999999999998,1.7571139972830887,86070.00000291679,5.908638675108128,6607000.0,
0.8282828282828283,1.1003471941266134,1.8121212121212122,1.5920517732958894,86080.00000291737,5.771392344299177,6608000.0,
0.7575757575757576,1.04514582987277,1.721212121212121,1.5121829552375672,86090.00000291795,6.237723162285391,6609000.0,
0.8181818181818182,1.2107499226343006,1.993939393939394,1.751789409412534,86100.00000291853,5.978568424133312,6610000.0,
0.8080808080808081,1.1849892859825069,1.9515151515151514,1.71451729431865,86110.00000291911,6.021921741578412,6611000.0,
0.8585858585858586,1.2659512868881437,2.0848484848484845,1.831658227470856,86120.0000029197,5.76245855783451,6612000.0,
0.797979797979798,1.376354015395831,2.2666666666666666,1.9913958635875002,86130.00000292028,6.33897275364806,6613000.0,
0.8484848484848485,1.3689938334953184,2.254545454545454,1.980746687846391,86140.00000292086,5.95345463726248,6614000.0,
0.8181818181818182,1.317472560191731,2.1696969696969695,1.9062024576586236,86150.00000292144,6.111476339172784,6615000.0,
0.8484848484848485,1.2733114687886562,2.0969696969696967,1.8423074032119657,86160.00000292202,5.841638516953492,6616000.0,
0.8484848484848485,1.1960295588332757,1.9696969696969697,1.7304910579303145,86170.0000029226,5.7510324564108695,6617000.0,
0.8080808080808081,1.1886693769327632,1.9575757575757577,1.7198418821892048,86180.00000292319,6.029975854129558,6618000.0,
0.8383838383838383,1.3358730149430125,2.2,1.9328253970113976,86190.00000292377,5.988087090281707,6619000.0,
0.8181818181818182,1.2438707411866063,2.048484848484849,1.799710700247527,86200.00000292435,6.023987696191355,6620000.0,
0.8080808080808081,1.2107499226343004,1.993939393939394,1.751789409412534,86210.00000292493,6.058800529435297,6621000.0,
0.8585858585858586,1.317472560191731,2.16969696969697,1.9062024576586236,86220.00000292552,5.827171570270727,6622000.0,
0.8686868686868687,1.2107499226343004,1.9939393939393935,1.751789409412534,86230.0000029261,5.637023748311958,6623000.0,
0.9292929292929293,1.5677187448091547,2.5818181818181816,2.268274432856351,86240.00000292668,5.653956040762407,6624000.0,
0.7777777777777778,1.1592286493307131,1.9090909090909092,1.6772451792247665,86250.00000292726,6.23069397789322,6625000.0,
0.8383838383838383,1.1665888312312256,1.9212121212121214,1.687894354965876,86260.00000292785,5.789543304890735,6626000.0,
0.8383838383838383,1.1187476488778947,1.8424242424242425,1.6186747126486638,86270.00000292843,5.732961653650043,6627000.0,
0.8484848484848485,1.4757164710527493,2.4303030303030297,2.1351597360924806,86280.00000292901,6.0859015553365055,6628000.0,
0.8181818181818182,1.2953920144901936,2.1333333333333333,1.8742549304352945,86290.00000292959,6.091402585784887,6629000.0,
0.7878787878787878,1.1665888312312258,1.9212121212121214,1.687894354965876,86300.00000293017,6.162719157768466,6630000.0,
0.8282828282828283,1.317472560191731,2.1696969696969695,1.9062024576586234,86310.00000293076,6.044751017963813,6631000.0,
0.7676767676767676,1.0083449203702075,1.6606060606060606,1.4589370765320189,86320.00000293134,6.119815093825056,6632000.0,
0.8686868686868687,1.4425956525004429,2.375757575757576,2.087238445257487,86330.00000293192,5.908567088506975,6633000.0,
0.8080808080808081,1.394754470147112,2.296969696969697,2.0180188029402744,86340.0000029325,6.29300615698278,6634000.0,
0.8282828282828283,1.265951286888144,2.084848484848485,1.8316582274708564,86350.00000293308,5.984499724585206,6635000.0,
0.8787878787878788,1.4352354705999306,2.3636363636363633,2.076589269516378,86360.00000293367,5.8336564552121395,6636000.0,
0.8585858585858586,1.3248327420922437,2.1818181818181817,1.916851633399733,86370.00000293425,5.842802840955264,6637000.0,
0.797979797979798,1.2107499226343004,1.9939393939393937,1.751789409412534,86380.00000293483,6.1441018019602955,6638000.0,
0.7676767676767676,1.1776291040819942,1.9393939393939394,1.7038681185775406,86390.00000293541,6.344014227870886,6639000.0,
0.8383838383838383,1.3763540153958305,2.2666666666666666,1.9913958635875006,86400.000002936,6.046492139015175,6640000.0,
0.8585858585858586,1.3027521963907065,2.145454545454545,1.8849041061764042,86410.00000293658,5.818967852432406,6641000.0,
0.8686868686868687,1.472036380102493,2.4242424242424243,2.1298351482219258,86420.00000293716,5.946644205165392,6642000.0,
0.8383838383838383,1.2733114687886564,2.096969696969697,1.842307403211966,86430.00000293774,5.925031752098267,6643000.0,
0.7777777777777778,1.1960295588332757,1.9696969696969697,1.7304910579303148,86440.00000293832,6.287879562838649,6644000.0,
0.7373737373737373,1.0893069212758448,1.7939393939393935,1.5760780096842246,86450.0000029389,6.48823541397798,6645000.0,
0.8585858585858586,1.3285128330424998,2.1878787878787875,1.9221762212702882,86460.00000293949,5.851324358650515,6646000.0,
0.8787878787878788,1.5088372896050553,2.484848484848485,2.1830810269274736,86470.00000294007,5.922467720517115,6647000.0,
0.696969696969697,1.1040272850768698,1.8181818181818181,1.5973763611664442,86480.00000294065,6.8872246556043635,6648000.0,
0.8888888888888888,1.3248327420922437,2.1818181818181817,1.9168516333997334,86490.00000294123,5.649070925923016,6649000.0,
0.8787878787878788,1.3321929239927566,2.193939393939394,1.9275008091408428,86500.00000294182,5.72283792516527,6650000.0,
0.797979797979798,1.3174725601917308,2.1696969696969695,1.9062024576586234,86510.0000029424,6.284425107254168,6651000.0,
0.8282828282828283,1.3137924692414749,2.163636363636363,1.9008778697880688,86520.00000294298,6.050551883768368,6652000.0,
0.8282828282828283,1.1334680126789196,1.8666666666666667,1.6399730641308827,86530.00000294356,5.833330893528239,6653000.0,
0.8181818181818182,1.137148103629176,1.8727272727272726,1.6452976520014375,86540.00000294414,5.910339040412262,6654000.0,
0.7777777777777778,1.0046648294199516,1.6545454545454548,1.4536124886614643,86550.00000294473,6.047553482164706,6655000.0,
0.8080808080808081,1.2512309230871193,2.06060606060606,1.810359875988637,86560.00000294531,6.126395767496679,6656000.0,
0.8484848484848485,1.280671650689169,2.109090909090909,1.8529565789530753,86570.00000294589,5.869836826575472,6657000.0,
0.7878787878787878,1.2328304683358378,2.03030303030303,1.7837369366358626,86580.00000294647,6.261154056145669,6658000.0,
0.7878787878787878,1.1445082855296884,1.8848484848484848,1.655946827742547,86590.00000294705,6.14956564463533,6659000.0,
0.8686868686868687,0.9627706779591105,2.1272727272727274,1.934718591680905,86600.00000294764,5.747433493541543,6660000.0,
0.8585858585858586,1.0999174981812057,2.43030303030303,2.210319530666789,86610.00000294822,5.592136850988947,6661000.0,
0.8282828282828283,1.1273468622256249,2.490909090909091,2.265439718463966,86620.0000029488,5.830330967981224,6662000.0,
0.8181818181818182,1.031344088070158,2.278787878787879,2.0725190611738467,86630.00000294938,5.785467465840389,6663000.0,
0.8888888888888888,1.1657479718878114,2.5757575757575757,2.3426079813800134,86640.00000294996,5.476918741261608,6664000.0,
0.8484848484848485,1.1108892437989735,2.454545454545454,2.2323676057856594,86650.00000295055,5.673545656550344,6665000.0,
0.8787878787878788,1.1547762262700438,2.551515151515151,2.320559906261143,86660.00000295113,5.528306280630657,6666000.0,
0.82,1.1052113654417786,2.4419999999999997,2.2209577269116436,86670.00000295171,5.819523616564792,6667000.0,
0.82,1.1649525203305233,2.574,2.341009495933895,86680.00000295229,5.892866488380363,6668000.0,
0.82,0.9422809430179292,2.082,1.8935438113964143,86690.00000295287,5.621803589218692,6669000.0,
0.77,0.9477119570987241,2.094,1.904457608580255,86700.00000295346,5.994428515896294,6670000.0,
0.83,0.9558584782199168,2.112,1.9208283043560166,86710.00000295404,5.571393347423327,6671000.0,
0.85,1.2409867174616531,2.7420000000000004,2.493802656507669,86720.00000295462,5.776217314827202,6672000.0,
0.83,1.0155996331086614,2.2439999999999998,2.0408800733782675,86730.0000029552,5.64433449789175,6673000.0,
0.89,1.0454702105530338,2.3099999999999996,2.1009059578893927,86740.00000295579,5.297829450218593,6674000.0,
0.86,0.9911600697450842,2.1899999999999995,1.991767986050983,86750.00000295637,5.419951244054212,6675000.0,
0.89,1.1839610696133058,2.616,2.379207786077339,86760.00000295695,5.454336033432435,6676000.0,
0.83,0.9504274641391216,2.0999999999999996,1.9099145071721757,86770.00000295753,5.567741523229766,6677000.0,
0.86,1.1703835344113187,2.5860000000000003,2.3519232931177356,86780.00000295811,5.629745970410379,6678000.0,
0.89,1.1377974499265486,2.514,2.28644051001469,86790.0000029587,5.403815112436156,6679000.0,
0.84,1.0590477457550214,2.34,2.1281904508489955,86800.00000295928,5.632197316543661,6680000.0,
0.84,1.1160733936033689,2.466,2.242785321279326,86810.00000295986,5.700561183029817,6681000.0,
0.83,1.0101686190278665,2.2319999999999998,2.0299662761944264,86820.00000296044,5.642128456830805,6682000.0,
0.88,1.2599952667444354,2.7840000000000003,2.5320009466511126,86830.00000296102,5.605901439643363,6683000.0,
0.84,1.0943493372801887,2.4179999999999997,2.1991301325439623,86840.0000029616,5.676127782645162,6684000.0,
0.81,0.9802980415834941,2.166,1.969940391683301,86850.00000296219,5.746044495957117,6685000.0,
0.83,0.9775825345430966,2.1599999999999997,1.9644834930913806,86860.00000296277,5.604795824921555,6686000.0,
0.86,1.2056851259364858,2.6639999999999993,2.422862974812703,86870.00000296335,5.674980379160817,6687000.0,
0.84,1.029177168310649,2.2739999999999996,2.0681645663378703,86880.00000296393,5.600446629110107,6688000.0,
0.85,1.0047376049470715,2.22,2.0190524790105857,86890.00000296452,5.506277182457571,6689000.0,
0.92,1.2980123653100006,2.8679999999999994,2.608397526938,86900.0000029651,5.406533005925964,6690000.0,
0.84,1.1758145484921136,2.5979999999999994,2.362837090301577,86910.00000296568,5.7764435102786,6691000.0,
0.85,0.9802980415834941,2.166,1.969940391683301,86920.00000296626,5.4789365196769735,6692000.0,
0.87,1.0237461542298538,2.2619999999999996,2.057250769154029,86930.00000296684,5.403384085484839,6693000.0,
0.85,1.0590477457550214,2.34,2.1281904508489955,86940.00000296743,5.572524406937649,6694000.0,
0.86,1.0155996331086616,2.2439999999999998,2.040880073378268,86950.00000296801,5.457671666570541,6695000.0,
0.85,0.9449964500583268,2.0879999999999996,1.8990007099883344,86960.00000296859,5.439287588471005,6696000.0,
0.78,1.0699097739166112,2.364,2.1500180452166773,86970.00000296917,6.088086889818797,6697000.0,
0.89,1.1703835344113185,2.5860000000000003,2.351923293117736,86980.00000296975,5.448968016352126,6698000.0,
0.87,1.1160733936033684,2.466,2.2427853212793263,86990.00000297034,5.512265969822374,6699000.0,
0.83,1.1350819428861512,2.5079999999999996,2.2809836114227697,87000.00000297092,5.8013011361786395,6700000.0,
0.86,1.0889183231993937,2.406,2.1882163353601216,87010.0000029715,5.545716655048298,6701000.0,
0.84,0.9775825345430965,2.1599999999999997,1.9644834930913802,87020.00000297208,5.545691112720551,6702000.0,
0.92,1.156805999209331,2.5559999999999996,2.3246388001581333,87030.00000297267,5.258699999295131,6703000.0,
0.8,0.9993065908662766,2.2079999999999997,2.0081386818267446,87040.00000297325,5.851130738760611,6704000.0,
0.83,1.0726252809570087,2.37,2.155474943808598,87050.00000297383,5.728461784456922,6705000.0,
0.91,1.2708572949060257,2.8080000000000003,2.5538285410187944,87060.00000297441,5.4431376868662475,6706000.0,
0.88,1.0101686190278667,2.2319999999999998,2.0299662761944264,87070.000002975,5.332916612693352,6707000.0,
0.84,1.0454702105530338,2.3099999999999996,2.100905957889393,87080.00000297558,5.629366917494453,6708000.0,
0.86,1.012884126068264,2.238,2.035423174786347,87090.00000297616,5.461025728151853,6709000.0,
0.9,1.129650928805356,2.4959999999999996,2.2700698142389286,87100.00000297674,5.348498809941898,6710000.0,
0.81,0.9205568866947492,2.034,1.84988862266105,87110.00000297732,5.685129489922377,6711000.0,
0.78,0.947711957098724,2.094,1.9044576085802556,87120.0000029779,5.939115329796312,6712000.0,
0.85,0.9015483374119669,1.9919999999999995,1.8116903325176061,87130.00000297849,5.3961721618286935,6713000.0,
0.89,1.0943493372801887,2.4179999999999997,2.199130132543962,87140.00000297907,5.37072734541869,6714000.0,
0.85,1.0481857175934315,2.316,2.1063628564813137,87150.00000297965,5.569627903218707,6715000.0,
0.86,1.1921075907344985,2.633999999999999,2.3955784818531,87160.00000298023,5.6726809196244075,6716000.0,
0.86,1.1160733936033684,2.466,2.2427853212793263,87170.00000298081,5.5847341787742835,6717000.0,
0.81,0.991160069745084,2.19,1.991767986050983,87180.0000029814,5.775750703564967,6718000.0,
0.8,0.9477119570987242,2.094,1.9044576085802551,87190.00000298198,5.794137446551608,6719000.0,
0.83,1.2277887437339867,2.022,1.7764422512532028,87200.00000298256,5.5459323768151085,6720000.0,
0.83,1.2277887437339867,2.022,1.7764422512532028,87210.00000298314,5.923116558887465,6721000.0,
0.78,1.0419809516555498,1.716,1.50760380966889,87220.00000298372,6.06510122025408,6722000.0,
0.84,1.3370874449565973,2.2020000000000004,1.9345825110086805,87230.0000029843,5.983673148927682,6723000.0,
0.84,1.08205714210384,1.7819999999999998,1.5655885715792324,87240.00000298489,5.680541836007761,6724000.0,
0.84,1.3771636354048875,2.268,1.9925672729190225,87250.00000298547,6.032335280413797,6725000.0,
0.87,1.3735203453641336,2.2619999999999996,1.9872959309271736,87260.00000298605,5.820595799433171,6726000.0,
0.76,1.1549229429189132,1.9019999999999997,1.6710154114162175,87270.00000298664,6.37594860929166,6727000.0,
0.8,1.1731393931226817,1.9319999999999993,1.6973721213754638,87280.00000298722,6.080421741581816,6728000.0,
0.85,1.4536727262607143,2.3939999999999997,2.103265454747857,87290.0000029878,6.053259678121776,6729000.0,
0.81,1.271508224223031,2.094,1.8396983551553943,87300.00000298838,6.127785462180061,6730000.0,
0.77,1.0966303022668547,1.8060000000000003,1.5866739395466292,87310.00000298896,6.219517275856748,6731000.0,
0.81,1.1330632026743914,1.8659999999999997,1.639387359465122,87320.00000298955,5.957853336811428,6732000.0,
0.81,1.15127965287816,1.896,1.6657440694243681,87330.00000299013,5.9808366086679605,6733000.0,
0.84,1.1221333325521305,1.8479999999999996,1.623573333489574,87340.00000299071,5.7330134913036215,6734000.0,
0.87,1.311584414671321,2.1599999999999997,1.897683117065736,87350.00000299129,5.753543005533628,6735000.0,
0.78,1.26057835410077,2.076,1.823884329179846,87360.00000299187,6.35253378749196,6736000.0,
0.78,1.08205714210384,1.7819999999999998,1.565588571579232,87370.00000299246,6.124173259290797,6737000.0,
0.87,1.2824380943452918,2.112,1.855512381130942,87380.00000299304,5.721420798262409,6738000.0,
0.76,1.0638406919000716,1.7519999999999998,1.5392318616199856,87390.00000299362,6.262419331635657,6739000.0,
0.77,1.1330632026743916,1.8659999999999999,1.6393873594651216,87400.0000029942,6.271508055607068,6740000.0,
0.85,1.3261575748343362,2.184,1.9187684850331328,87410.00000299478,5.90888891173813,6741000.0,
0.82,1.2605783541007698,2.076,1.823884329179846,87420.00000299537,6.045580919809594,6742000.0,
0.81,1.2678649341822772,2.088,1.8344270131635445,87430.00000299595,6.129707326327652,6743000.0,
0.82,1.4135965358124238,2.3279999999999994,2.0452806928375153,87440.00000299653,6.233164068238498,6744000.0,
0.8,1.2314320337747406,2.028,1.781713593245052,87450.00000299711,6.161787542397386,6745000.0,
0.82,1.1767826831634356,1.9380000000000002,1.7026434633673129,87460.0000029977,5.945342296715399,6746000.0,
0.8,1.147636362837406,1.8899999999999997,1.6604727274325186,87470.00000299828,6.058042953725776,6747000.0,
0.78,1.0747705620223327,1.7699999999999998,1.5550458875955337,87480.00000299886,6.120472515596885,6748000.0,
0.9,1.3662337652826262,2.2499999999999996,1.976753246943475,87490.00000299944,5.628701961584319,6749000.0,
0.84,1.2897246744267992,2.1239999999999997,1.86605506511464,87500.00000300002,5.940146041154861,6750000.0,
0.86,1.3844502154863947,2.28,2.0031099569027213,87510.0000030006,5.912614204220583,6751000.0,
0.83,1.202285713448711,1.9799999999999998,1.7395428573102578,87520.00000300119,5.907329775412098,6752000.0,
0.8,1.2642216441415235,2.0820000000000003,1.8291556711716952,87530.00000300177,6.2067745553560965,6753000.0,
0.84,1.15127965287816,1.896,1.6657440694243684,87540.00000300235,5.777235301216115,6754000.0,
0.8,1.2423619038970015,2.046,1.7975276192205996,87550.00000300293,6.180449880050501,6755000.0,
0.8,1.227788743733987,2.022,1.7764422512532025,87560.00000300352,6.162733429846763,6756000.0,
0.8,1.2532917740192626,2.064,1.8133416451961475,87570.0000030041,6.195112217703388,6757000.0,
0.73,0.9545419906774613,1.5719999999999998,1.3810916018645076,87580.00000300468,6.380465740850592,6758000.0,
0.83,1.2678649341822772,2.0879999999999996,1.8344270131635445,87590.00000300526,5.989714378705749,6759000.0,
0.74,1.147636362837406,1.89,1.660472727432519,87600.00000300584,6.5562626526769225,6760000.0,
0.77,1.0784138520630864,1.776,1.560317229587383,87610.00000300643,6.21144396390471,6761000.0,
0.86,1.2642216441415233,2.082,1.8291556711716952,87620.00000300701,5.777929818936148,6762000.0,
0.86,1.096630302266855,1.8059999999999996,1.5866739395466292,87630.00000300759,5.583521281872607,6763000.0,
0.8,1.103916882348362,1.8179999999999998,1.5972166235303273,87640.00000300817,6.011893603114965,6764000.0,
0.83,1.1658528130411745,1.92,1.6868294373917652,87650.00000300875,5.869699774921456,6765000.0,
0.77,1.224145453693233,2.016,1.7711709092613535,87660.00000300934,6.403303186801155,6766000.0,
0.85,1.224145453693233,2.016,1.7711709092613535,87670.00000300992,5.801109945690486,6767000.0,
0.82,1.1658528130411745,1.92,1.686829437391765,87680.0000030105,5.942744894127899,6768000.0,
0.8,1.2970112545083066,2.1359999999999997,1.8765977490983388,87690.00000301108,6.255761568315042,6769000.0,
0.9,1.2605783541007698,2.076,1.8238843291798463,87700.00000301166,5.520640393605022,6770000.0,
0.83,1.4135965358124236,2.328,2.045280692837516,87710.00000301225,6.1710777541640915,6771000.0,
0.8,1.3443740250381042,2.214,1.9451251949923793,87720.00000301283,6.316465031477375,6772000.0,
0.79,1.2970112545083068,2.136,1.8765977490983385,87730.00000301341,6.336973740065982,6773000.0,
0.89,1.3370874449565968,2.202,1.934582511008681,87740.00000301399,5.670433084382517,6774000.0,
0.8,1.3188709947528283,2.1719999999999997,1.9082258010494342,87750.00000301457,6.2860862436208675,6775000.0,
0.86,1.2751515142637846,2.1,1.8449696971472433,87760.00000301516,5.797150598148458,6776000.0,
0.82,1.1221333325521305,1.8479999999999996,1.623573333489574,87770.00000301574,5.893818698409809,6777000.0,
0.81,1.1877125532856965,1.956,1.718457489342861,87780.00000301632,6.048037720283497,6778000.0,
0.79,1.202285713448711,1.9799999999999998,1.7395428573102576,87790.0000030169,6.2201059665730005,6779000.0,
0.87,0.8716777599675946,1.926,1.751664448006481,87800.00000301749,5.610912762328632,6780000.0,
0.89,1.1540904921689334,2.55,2.319181901566213,87810.00000301807,5.467964598104426,6781000.0,
0.87,1.284434830108013,2.838,2.581113033978397,87820.00000301865,5.7439457818989,6782000.0,
0.79,1.0400391964722389,2.298,2.0899921607055516,87830.00000301923,6.016755945083913,6783000.0,
0.86,0.9667205063815065,2.1359999999999992,1.9426558987236984,87840.00000301981,5.442230821541375,6784000.0,
0.89,1.018315140149059,2.25,2.046336971970188,87850.0000030204,5.31720577561029,6785000.0,
0.86,1.107926872482176,2.4479999999999995,2.226414625503564,87860.00000302098,5.607354503053835,6786000.0,
0.88,0.9558584782199168,2.1119999999999997,1.9208283043560161,87870.00000302156,5.3075641799591615,6787000.0,
0.8,0.9368499289371341,2.07,1.882630014212573,87880.00000302214,5.815059911351629,6788000.0,
0.87,1.0617632527954188,2.346,2.133647349440916,87890.00000302272,5.49121983096507,6789000.0,
0.86,1.1540904921689332,2.5500000000000003,2.319181901566213,87900.0000030233,5.662893595712964,6790000.0,
0.86,1.0916338302397914,2.412,2.1936732339520417,87910.00000302389,5.590734686493057,6791000.0,
0.9,1.1079268724821763,2.448,2.226414625503564,87920.00000302447,5.360805414029376,6792000.0,
0.85,1.1052113654417786,2.442,2.220957726911644,87930.00000302505,5.673422783042428,6793000.0,
0.8,1.1024958584013813,2.4359999999999995,2.2155008283197235,87940.00000302563,6.025117323182113,6794000.0,
0.86,1.1187889006437661,2.4719999999999995,2.2482422198712464,87950.00000302622,5.624170814869882,6795000.0,
0.85,1.0509012246338292,2.322,2.111819755073234,87960.0000030268,5.610940264444922,6796000.0,
0.8,0.9477119570987242,2.094,1.9044576085802547,87970.00000302738,5.833137446553878,6797000.0,
0.86,1.072625280957009,2.3699999999999997,2.155474943808598,87980.00000302796,5.57188753616443,6798000.0,
0.88,1.0671942668762138,2.3579999999999997,2.144561146624757,87990.00000302854,5.439536667068907,6799000.0,
0.87,1.129650928805356,2.496,2.270069814238928,88000.00000302913,5.574309113735407,6800000.0,
0.77,1.0617632527954188,2.346,2.1336473494409165,88010.00000302971,6.210599029792066,6801000.0,
0.83,1.0617632527954186,2.345999999999999,2.133647349440916,88020.00000303029,5.7621219914938715,6802000.0,
0.88,1.2654262808252306,2.796,2.5429147438349538,88030.00000303087,5.666618501101987,6803000.0,
0.83,1.0563322387146237,2.3340000000000005,2.122733552257075,88040.00000303145,5.756542456456825,6804000.0,
0.79,0.8635312388464019,1.9079999999999995,1.7352937522307195,88050.00000303204,5.8044673911278055,6805000.0,
0.76,0.9585739852603141,2.118,1.926285202947937,88060.00000303262,6.15917366500645,6806000.0,
0.85,0.9477119570987241,2.094,1.904457608580255,88070.0000030332,5.494717596756866,6807000.0,
0.86,1.0726252809570087,2.3699999999999997,2.1554749438085983,88080.00000303378,5.5765386989553996,6808000.0,
0.8,1.002022097906674,2.214,2.0135955804186647,88090.00000303437,5.907025122564166,6809000.0,
0.83,1.0617632527954188,2.346,2.1336473494409156,88100.00000303495,5.765977413180844,6810000.0,
0.81,0.9042638444523644,1.9979999999999996,1.817147231109527,88110.00000303553,5.714397339008728,6811000.0,
0.85,1.0644787598358163,2.352,2.139104248032836,88120.00000303611,5.634443247035934,6812000.0,
0.82,1.1758145484921134,2.5979999999999994,2.362837090301577,88130.0000030367,5.976844571508371,6813000.0,
0.83,1.0210306471894564,2.256,2.0517938705621086,88140.00000303728,5.71882969558341,6814000.0,
0.83,0.9449964500583269,2.088,1.8990007099883348,88150.00000303786,5.627704156871234,6815000.0,
0.87,1.178530055532511,2.6039999999999996,2.3682939888934973,88160.00000303844,5.637848339859002,6816000.0,
0.9,1.135081942886151,2.508,2.2809836114227693,88170.00000303902,5.402088825589994,6817000.0,
0.87,1.029177168310649,2.274,2.06816456633787,88180.0000030396,5.467097894776455,6818000.0,
0.89,1.1405129569669459,2.5200000000000005,2.2918974086066104,88190.00000304019,5.469787592260491,6819000.0,
0.89,1.194823097774896,2.64,2.40103538044502,88200.00000304077,5.531259660584056,6820000.0,
0.92,1.097064844320586,2.4239999999999995,2.2045870311358824,88210.00000304135,5.245068309201656,6821000.0,
0.87,1.0726252809570085,2.37,2.155474943808598,88220.00000304193,5.518877334599965,6822000.0,
0.91,1.3034433793907954,2.88,2.6193113241218406,88230.00000304251,5.53037514234701,6823000.0,
0.87,1.072625280957009,2.3699999999999997,2.1554749438085987,88240.0000030431,5.519796874829903,6824000.0,
0.88,1.0536167316742262,2.328,2.1172766536651544,88250.00000304368,5.435925831612791,6825000.0,
0.79,0.9368499289371344,2.07,1.882630014212573,88260.00000304426,5.907908770990111,6826000.0,
0.87,1.2627107737848329,2.7899999999999996,2.537457845243033,88270.00000304484,5.739665257390701,6827000.0,
0.89,1.1323664358457535,2.5020000000000002,2.2755267128308487,88280.00000304542,5.464679141562757,6828000.0,
0.87,1.0454702105530338,2.3099999999999996,2.1009059578893936,88290.000003046,5.490883000802479,6829000.0,
0.84,1.135081942886151,2.508,2.2809836114227693,88300.00000304659,5.794142789322974,6830000.0,
0.94,1.178530055532511,2.6040000000000005,2.3682939888934973,88310.00000304717,5.224391548593277,6831000.0,
0.85,1.0970648443205862,2.424,2.2045870311358824,88320.00000304775,5.682191581724447,6832000.0,
0.79,0.8934018162907743,1.974,1.795319636741845,88330.00000304834,5.8564554638430275,6833000.0,
0.85,1.145943971047741,2.532,2.3028112057904515,88340.00000304892,5.740637613168213,6834000.0,
0.86,1.067194266876214,2.3579999999999997,2.144561146624757,88350.0000030495,5.582781705838927,6835000.0,
0.88,1.156805999209331,2.556,2.3246388001581333,88360.00000305008,5.558186362902974,6836000.0,
0.87,1.0916338302397914,2.4119999999999995,2.1936732339520417,88370.00000305066,5.5476227935460924,6837000.0,
0.84,1.1486594780881385,2.5380000000000003,2.3082681043823725,88380.00000305125,5.8141160455160374,6838000.0,
0.82,1.0237461542298538,2.2619999999999996,2.057250769154029,88390.00000305183,5.80407823704294,6839000.0,
0.86,1.4281696959754382,2.352,2.066366060804912,88400.00000305241,5.581949720908367,6840000.0,
0.86,1.271508224223031,2.094,1.8396983551553943,88410.00000305299,5.823146772521434,6841000.0,
0.87,1.1002735923076084,1.8119999999999998,1.5919452815384785,88420.00000305357,5.559852405118431,6842000.0,
0.84,1.2277887437339867,2.022,1.7764422512532028,88430.00000305416,5.910698504618376,6843000.0,
0.82,1.3625904752418725,2.2439999999999998,1.9714819049516255,88440.00000305474,6.2197420431553,6844000.0,
0.82,1.1075601723891157,1.8239999999999998,1.6024879655221766,88450.00000305532,5.909217283578795,6845000.0,
0.79,1.1767826831634354,1.9379999999999995,1.702643463367313,88460.0000030559,6.221747700391083,6846000.0,
0.81,1.1694961030819282,1.926,1.6921007793836145,88470.00000305648,6.059622349663544,6847000.0,
0.89,1.3370874449565968,2.202,1.9345825110086807,88480.00000305707,5.703691511350745,6848000.0,
0.8,1.3042978345898137,2.148,1.8871404330820372,88490.00000305765,6.304869793419254,6849000.0,
0.9,1.3953800856086556,2.298,2.018923982878269,88500.00000305823,5.7059756508380755,6850000.0,
0.84,1.4354562760569458,2.364,2.0769087447886108,88510.00000305881,6.161731281193549,6851000.0,
0.83,1.3443740250381042,2.214,1.9451251949923793,88520.0000030594,6.126713283353931,6852000.0,
0.82,1.3006545445490603,2.142,1.8818690910901885,88530.00000305998,6.148600664261881,6853000.0,
0.78,1.1840692632449428,1.9499999999999997,1.7131861473510113,88540.00000306056,6.31495802998801,6854000.0,
0.79,1.1840692632449428,1.95,1.7131861473510117,88550.00000306114,6.2355281815071795,6855000.0,
0.87,1.271508224223031,2.094,1.8396983551553936,88560.00000306172,5.763110602722739,6856000.0,
0.85,1.1148467524706231,1.8359999999999999,1.6130306495058755,88570.0000030623,5.714876179548704,6857000.0,
0.82,1.103916882348362,1.8179999999999996,1.5972166235303278,88580.00000306289,5.911115710358733,6858000.0,
0.82,1.2751515142637844,2.0999999999999996,1.8449696971472431,88590.00000306347,6.120426237084886,6859000.0,
0.82,1.3516606051196118,2.2259999999999995,1.9556678789760777,88600.00000306405,6.2142178112993385,6860000.0,
0.81,1.3152277047120748,2.166,1.902954459057585,88610.00000306463,6.246451487478943,6861000.0,
0.88,1.311584414671321,2.1599999999999997,1.8976831170657358,88620.00000306522,5.745889107746833,6862000.0,
0.87,1.3006545445490603,2.1420000000000003,1.881869091090188,88630.0000030658,5.799830511143649,6863000.0,
0.93,1.4536727262607148,2.3939999999999997,2.1032654547478575,88640.00000306638,5.590613684308229,6864000.0,
0.82,1.1439930727966523,1.8840000000000001,1.6552013854406697,88650.00000306696,5.963403747490993,6865000.0,
0.81,1.3953800856086553,2.2979999999999996,2.018923982878269,88660.00000306754,6.347874179944,6866000.0,
0.78,1.1731393931226817,1.9319999999999995,1.6973721213754636,88670.00000306813,6.307612042652167,6867000.0,
0.8,1.1986424234079576,1.974,1.7342715153184087,88680.00000306871,6.182300529442486,6868000.0,
0.79,1.1075601723891157,1.8239999999999998,1.6024879655221769,88690.00000306929,6.1457698386521145,6869000.0,
0.78,1.085700432144594,1.7879999999999998,1.5708599135710815,88700.00000306987,6.197049272167528,6870000.0,
0.83,1.2241454536932332,2.016,1.7711709092613535,88710.00000307045,5.9910162094449815,6871000.0,
0.84,1.0310510815332885,1.6979999999999997,1.4917897836933423,88720.00000307104,5.690296525808826,6872000.0,
0.84,1.1622095230004208,1.9140000000000001,1.6815580953999156,88730.00000307162,5.8469137180316295,6873000.0,
0.81,1.202285713448711,1.9799999999999995,1.7395428573102578,88740.0000030722,6.113436683450472,6874000.0,
0.87,1.26057835410077,2.0760000000000005,1.8238843291798463,88750.00000307278,5.759283165801109,6875000.0,
0.83,1.311584414671321,2.1599999999999997,1.8976831170657358,88760.00000307336,6.098773993756071,6876000.0,
0.91,1.4864623366274972,2.448,2.150707532674501,88770.00000307395,5.7552311393118005,6877000.0,
0.8,1.3079411246305674,2.154,1.8924117750738865,88780.00000307453,6.323923905971038,6878000.0,
0.9,1.267864934182277,2.088,1.8344270131635445,88790.00000307511,5.577181038142849,6879000.0,
0.74,1.162209523000421,1.9140000000000001,1.6815580953999159,88800.0000030757,6.640820977225312,6880000.0,
0.87,1.2751515142637848,2.0999999999999996,1.8449696971472431,88810.00000307627,5.778792545298987,6881000.0,
0.82,1.1549229429189134,1.9020000000000001,1.6710154114162175,88820.00000307686,5.985025540323502,6882000.0,
0.85,1.0055480512480128,1.656,1.4548903897503975,88830.00000307744,5.598524766346346,6883000.0,
0.85,1.3917367955679019,2.292,2.01365264088642,88840.00000307802,6.053335053781536,6884000.0,
0.69,1.1549229429189134,1.9020000000000001,1.6710154114162175,88850.0000030786,7.114378178355566,6885000.0,
0.73,1.1294199126336375,1.8599999999999997,1.6341160174732727,88860.00000307919,6.690161524356284,6886000.0,
0.88,1.4463861461792071,2.382,2.0927227707641585,88870.00000307977,5.910436529915547,6887000.0,
0.8,1.1184900425113768,1.8419999999999999,1.6183019914977248,88880.00000308035,6.092110053322342,6888000.0,
0.87,1.2860813843860455,2.118,1.8607837231227906,88890.00000308093,5.7950337753247885,6889000.0,
0.81,1.2059290034894645,1.986,1.7448141993021071,88900.00000308151,6.125835806958035,6890000.0,
0.8,1.1549229429189134,1.902,1.6710154114162175,88910.0000030821,6.13915117883185,6891000.0,
0.9,1.4172398258531778,2.334,2.0505520348293644,88920.00000308268,5.74893091777752,6892000.0,
0.83,1.271508224223031,2.0939999999999994,1.8396983551553938,88930.00000308326,6.058682198035715,6893000.0,
0.8,1.1367064927151451,1.872,1.644658701456971,88940.00000308384,6.117880616077228,6894000.0,
0.81,1.1512796528781597,1.896,1.6657440694243681,88950.00000308442,6.060836608672617,6895000.0,
0.78,1.3844502154863947,2.28,2.0031099569027213,88960.000003085,6.593395148247536,6896000.0,
0.82,1.2678649341822772,2.0879999999999996,1.8344270131635445,88970.00000308559,6.130076749181687,6897000.0,
0.85,1.2787948043045383,2.106,1.8502410391390924,88980.00000308617,5.927050358177963,6898000.0,
0.91,1.2970112545083063,2.136,1.8765977490983388,88990.00000308675,5.556713466653912,6899000.0,
0.83,0.9504274641391218,2.1,1.9099145071721753,89000.00000308733,6.066445198085013,6900000.0,
0.87,1.1215044076841634,2.4779999999999998,2.253699118463167,89010.00000308792,5.611382077966624,6901000.0,
0.82,1.1052113654417788,2.4419999999999997,2.220957726911644,89020.0000030885,5.934157762912928,6902000.0,
0.84,1.0997803513609836,2.43,2.2100439297278025,89030.00000308908,5.7868789898902735,6903000.0,
0.79,1.018315140149059,2.25,2.046336971970188,89040.00000308966,6.050522962399909,6904000.0,
0.81,1.0862028161589963,2.4000000000000004,2.1827594367682006,89050.00000309024,5.98543310655048,6905000.0,
0.84,1.0943493372801887,2.4179999999999997,2.199130132543962,89060.00000309083,5.7818420683656,6906000.0,
0.89,1.1215044076841636,2.4779999999999998,2.253699118463167,89070.00000309141,5.487980233518093,6907000.0,
0.8,0.9531429711795192,2.106,1.915371405764096,89080.00000309199,5.895426214158102,6908000.0,
0.86,1.0644787598358163,2.352,2.139104248032837,89090.00000309257,5.61404274416605,6909000.0,
0.86,1.1486594780881385,2.538,2.3082681043823725,89100.00000309316,5.712392416552498,6910000.0,
0.85,1.0509012246338287,2.3219999999999996,2.111819755073234,89110.00000309374,5.665057911506896,6911000.0,
0.89,1.0291771683106488,2.274,2.0681645663378703,89120.00000309432,5.386488953323263,6912000.0,
0.87,1.2056851259364858,2.6639999999999997,2.4228629748127024,89130.0000030949,5.713658765613293,6913000.0,
0.8,1.064478759835816,2.3519999999999994,2.139104248032836,89140.00000309548,6.037595949978649,6914000.0,
0.84,1.0889183231993935,2.4059999999999997,2.188216335360121,89150.00000309607,5.779662289698237,6915000.0,
0.9,1.0862028161589963,2.4000000000000004,2.1827594367682,89160.00000309665,5.391778684784605,6916000.0,
0.9,1.1839610696133058,2.6159999999999997,2.379207786077339,89170.00000309723,5.5008434108449755,6917000.0,
0.89,1.0155996331086614,2.244,2.0408800733782675,89180.00000309781,5.373929925006581,6918000.0,
0.89,0.8608157318060046,1.902,1.729836853638799,89190.0000030984,5.200464867363173,6919000.0,
0.84,0.9585739852603143,2.118,1.9262852029479367,89200.00000309898,5.626871411199472,6920000.0,
0.87,1.086202816158996,2.4000000000000004,2.1827594367682006,89210.00000309956,5.580000938283059,6921000.0,
0.89,1.3115899005119878,2.898,2.6356820198976023,89220.00000310014,5.708301011976715,6922000.0,
0.81,1.0481857175934313,2.316,2.1063628564813133,89230.00000310072,5.94738730585277,6923000.0,
0.84,1.072625280957009,2.37,2.1554749438085983,89240.0000031013,5.764551525124219,6924000.0,
0.8,1.012884126068264,2.238,2.035423174786347,89250.00000310189,5.978602657769528,6925000.0,
0.87,1.0210306471894564,2.256,2.051793870562108,89260.00000310247,5.507389249812458,6926000.0,
0.82,1.0047376049470715,2.2199999999999998,2.0190524790105853,89270.00000310305,5.823823908651801,6927000.0,
0.84,1.0644787598358163,2.352,2.1391042480328366,89280.00000310363,5.756758047599101,6928000.0,
0.81,1.0617632527954188,2.346,2.1336473494409156,89290.00000310421,5.967112657954162,6929000.0,
0.86,1.0074531119874692,2.2260000000000004,2.0245093776025063,89300.0000031048,5.5575012931801675,6930000.0,
0.84,1.086202816158996,2.4,2.1827594367682006,89310.00000310538,5.784048590841064,6931000.0,
0.85,1.0889183231993937,2.406,2.1882163353601207,89320.00000310596,5.719666262761078,6932000.0,
0.74,0.8879708022099797,1.9620000000000002,1.784405839558004,89330.00000310654,6.2988767599426,6933000.0,
0.801980198019802,0.9463945328910067,2.091089108910891,1.9018102023326897,89340.00000310712,5.8388351584783775,6934000.0,
0.8415841584158416,0.9598376370513902,2.120792079207921,1.9288245517976423,89350.0000031077,5.580510604199407,6935000.0,
0.8910891089108911,1.1238435078080704,2.4831683168316827,2.258399615270069,89360.00000310829,5.454977714481962,6936000.0,
0.8712871287128713,1.0915800578231498,2.4118811881188122,2.193565176554182,89370.00000310887,5.542379384714795,6937000.0,
0.7722772277227723,1.0270531578533084,2.2693069306930695,2.0638962991224075,89380.00000310945,6.169899602025004,6938000.0,
0.8613861386138614,1.0351190203495386,2.2871287128712865,2.0801049088013794,89390.00000311004,5.541457713449101,6939000.0,
0.8415841584158416,1.0942686786552265,2.4178217821782173,2.198968046447172,89400.00000311062,5.7425992536346895,6940000.0,
0.8910891089108911,1.234076961923216,2.7267326732673265,2.4799172808826833,89410.0000031112,5.580906368544643,6941000.0,
0.8118811881188119,0.8496041829362443,1.8772277227722771,1.7073068861850282,89420.00000311178,5.652314908430928,6942000.0,
0.8514851485148515,1.1883704077779118,2.6257425742574263,2.388068492701843,89430.00000311236,5.787735013957521,6943000.0,
0.8514851485148515,1.0539393661740755,2.3287128712871286,2.1179249980523127,89440.00000311295,5.630321813934439,6944000.0,
0.8118811881188119,1.0270531578533084,2.2693069306930695,2.0638962991224075,89450.00000311353,5.872343523877642,6945000.0,
0.900990099009901,1.231388341091139,2.720792079207921,2.474514410989692,89460.00000311411,5.518791455659229,6946000.0,
0.8316831683168316,1.0754483328306892,2.376237623762376,2.161147957196238,89470.00000311469,5.791667638460557,6947000.0,
0.8118811881188119,1.1077117828156102,2.4475247524752475,2.225982395912125,89480.00000311527,5.973154757063,6948000.0,
0.8415841584158416,1.0942686786552265,2.4178217821782173,2.1989680464471726,89490.00000311586,5.7468345477525835,6949000.0,
0.8712871287128713,1.1023345411514565,2.4356435643564356,2.2151766561261437,89500.00000311644,5.560631689444218,6950000.0,
0.8613861386138614,1.1130890244797635,2.4594059405940594,2.2367881356981067,89510.00000311702,5.637491856175315,6951000.0,
0.8514851485148515,1.0324303995174617,2.2811881188118805,2.074702038908389,89520.0000031176,5.6087822135588645,6952000.0,
0.8712871287128713,1.0942686786552265,2.4178217821782177,2.1989680464471717,89530.00000311818,5.552737915442942,6953000.0,
0.8613861386138614,1.0162986745250013,2.2455445544554453,2.042284819550445,89540.00000311877,5.526505357952051,6954000.0,
0.8712871287128713,1.1534183369609143,2.548514851485148,2.3178311840929657,89550.00000311935,5.621534682362023,6955000.0,
0.8415841584158416,1.148041095296761,2.5366336633663367,2.3070254443069844,89560.00000311993,5.814022948703305,6956000.0,
0.8316831683168316,1.0781369536627659,2.3821782178217825,2.1665508270892286,89570.00000312051,5.799662289699402,6957000.0,
0.7425742574257426,0.9544603953872367,2.1089108910891086,1.9180188120116617,89580.0000031211,6.329603999318982,6958000.0,
0.8712871287128713,1.0378076411816153,2.293069306930693,2.0855077786943697,89590.00000312168,5.490663315615435,6959000.0,
0.7920792079207921,1.385171659058821,2.2811881188118814,2.004153787000117,89600.00000312226,6.033440879576013,6960000.0,
0.8613861386138614,1.3274561732647037,2.186138613861386,1.9206473792084457,89610.00000312284,5.890952569132812,6961000.0,
0.8514851485148515,1.2733479053327181,2.0970297029702967,1.8423601219037535,89620.00000312342,5.896371377365425,6962000.0,
0.8415841584158416,1.3058128660919093,2.15049504950495,1.8893324762865689,89630.000003124,6.004787052824791,6963000.0,
0.8613861386138614,1.2589190338841891,2.073267326732673,1.821483519955836,89640.00000312459,5.812765775139422,6964000.0,
0.8613861386138614,1.41402940195588,2.328712871287128,2.045906990895953,89650.00000312517,5.993296202441067,6965000.0,
0.8118811881188119,1.2192396374007328,2.007920792079208,1.764072864599061,89660.00000312575,6.119304919418358,6966000.0,
0.801980198019802,1.1110231015367629,1.8297029702970296,1.6074983499896773,89670.00000312633,6.060409052716626,6967000.0,
0.8415841584158416,1.215632419538601,2.001980198019802,1.7588537141120821,89680.00000312692,5.8999844045674665,6968000.0,
0.801980198019802,1.197596330227939,1.9722772277227725,1.7327579616771844,89690.0000031275,6.16934604157852,6969000.0,
0.801980198019802,1.0857725765018365,1.7881188118811882,1.5709642965808208,89700.00000312808,6.030405311623779,6970000.0,
0.8415841584158416,1.2228468552628655,2.013861386138614,1.769292015086041,89710.00000312866,5.909968616428146,6971000.0,
0.8118811881188119,1.320241737540439,2.174257425742574,1.9102090782344867,89720.00000312924,6.246636774468655,6972000.0,
0.8118811881188119,1.1759530230551452,1.9366336633663364,1.7014430587553075,89730.00000312983,6.069403113944113,6973000.0,
0.8217821782178217,1.2444901624356597,2.0495049504950495,1.8006069180079176,89740.00000313041,6.080160318323514,6974000.0,
0.8415841584158416,1.3274561732647034,2.186138613861386,1.9206473792084453,89750.00000313099,6.036151453112792,6975000.0,
0.7920792079207921,1.1615241516066157,1.9128712871287126,1.68056645680739,89760.00000313157,6.204421741589035,6976000.0,
0.7920792079207921,1.1723458051930127,1.930693069306931,1.6962239082683284,89770.00000313215,6.21858407924189,6977000.0,
0.8118811881188119,1.0857725765018362,1.7881188118811877,1.5709642965808208,89780.00000313274,5.9607662224578615,6978000.0,
0.7623762376237624,1.064129269329042,1.7524752475247527,1.5396493936589444,89790.00000313332,6.319959171650582,6979000.0,
0.801980198019802,1.1434880622959538,1.8831683168316828,1.6544707043724924,89800.0000031339,6.107309806256238,6980000.0,
0.8217821782178217,1.1831674587794097,1.9485148514851482,1.7118813597292668,89810.00000313448,6.008912209055261,6981000.0,
0.8613861386138614,1.3382778268511004,2.2039603960396037,1.9363048306693837,89820.00000313506,5.913170810653216,6982000.0,
0.8415841584158416,1.2444901624356597,2.0495049504950495,1.8006069180079176,89830.00000313565,5.941333016716148,6983000.0,
0.8415841584158416,1.3563139161617626,2.233663366336634,1.9624005831042814,89840.00000313623,6.0746765358495445,6984000.0,
0.7920792079207921,1.2408829445735274,2.0435643564356436,1.7953877675209386,89850.00000313681,6.309112217710023,6985000.0,
0.801980198019802,1.1074158836746304,1.8237623762376238,1.602279199502698,89860.0000031374,6.065293879827353,6986000.0,
0.801980198019802,1.0677364871911748,1.7584158415841586,1.5448685441459238,89870.00000313797,6.016310928656653,6987000.0,
0.8811881188118812,1.4392799269908063,2.37029702970297,2.082441044304809,89880.00000313856,5.897607557763528,6988000.0,
0.8316831683168316,1.374350005472424,2.263366336633663,1.9884963355391791,89890.00000313914,6.171061316280949,6989000.0,
0.8514851485148515,1.3454922625753654,2.2158415841584156,1.9467431316433426,89900.00000313972,5.994122308546501,6990000.0,
0.8316831683168316,1.3166345196783067,2.1683168316831685,1.9049899277475069,89910.0000031403,6.102617696457124,6991000.0,
0.8514851485148515,1.2985984303676448,2.1386138613861387,1.8788941753126098,89920.00000314089,5.939979552116557,6992000.0,
0.8613861386138614,1.3779572233345563,2.269306930693069,1.9937154860261581,89930.00000314147,5.96429286864005,6993000.0,
0.8316831683168316,1.4537087984393353,2.3940594059405935,2.1033176462527274,89940.00000314205,6.268861769729398,6994000.0,
0.7326732673267327,1.1110231015367626,1.8297029702970298,1.6074983499896773,89950.00000314263,6.648826125271782,6995000.0,
0.8514851485148515,1.4681376698878652,2.4178217821782173,2.124194248200645,89960.00000314321,6.140950054343902,6996000.0,
0.8514851485148515,1.41402940195588,2.328712871287129,2.045906990895953,89970.0000031438,6.077869414098226,6997000.0,
0.801980198019802,1.3707427876102918,2.2574257425742568,1.9832771850521993,89980.00000314438,6.399565698315374,6998000.0,
0.801980198019802,1.1362736265716893,1.871287128712871,1.6440324033985334,89990.00000314496,6.107696744427763,6999000.0,
0.8415841584158416,1.3130273018161744,2.1623762376237625,1.8997707772605275,90000.00000314554,6.0307712646864005,7000000.0,
0.8118811881188119,1.154309715882351,1.9009900990099007,1.6701281558334309,90010.00000314612,6.0564034307198815,7001000.0,
0.8415841584158416,1.3202417375404387,2.174257425742574,1.9102090782344865,90020.0000031467,6.040284888311758,7002000.0,
0.7920792079207921,1.2228468552628655,2.0138613861386134,1.769292015086041,90030.00000314729,6.295341654955836,7003000.0,
0.8415841584158416,1.403207748369483,2.3108910891089107,2.0302495394350144,90040.00000314787,6.139809207061618,7004000.0,
0.8118811881188119,1.1074158836746304,1.8237623762376234,1.6022791995026975,90050.00000314845,6.000595173976338,7005000.0,
0.8316831683168316,1.2553118160220564,2.067326732673267,1.816264369468856,90060.00000314903,6.03602730277562,7006000.0,
0.8316831683168316,1.1939891123658068,1.9663366336633663,1.7275388111902052,90070.00000314962,5.962770242427063,7007000.0,
0.7722772277227723,0.9991993478106599,1.6455445544554455,1.4457046848933137,90080.0000031502,6.169729924920587,7008000.0,
0.801980198019802,1.1362736265716893,1.8712871287128714,1.6440324033985334,90090.00000315078,6.112635016032988,7009000.0,
0.8712871287128713,1.4212438376801444,2.3405940594059413,2.056345291869911,90100.00000315136,5.953925313870777,7010000.0,
0.7821782178217822,1.154309715882351,1.9009900990099007,1.6701281558334309,90110.00000315194,6.29145672555764,7011000.0,
0.8613861386138614,1.3382778268511002,2.2039603960396037,1.9363048306693842,90120.00000315253,5.926963914102294,7012000.0,
0.801980198019802,1.186774676641542,1.9544554455445542,1.717100510216246,90130.00000315311,6.177580769823908,7013000.0,
0.7722772277227723,1.2336685088492627,2.0316831683168317,1.7849494665469792,90140.00000315369,6.476414351393828,7014000.0,
0.8118811881188119,1.302205648229777,2.1445544554455447,1.8841133257995897,90150.00000315427,6.245397201050645,7015000.0,
0.8118811881188119,1.3058128660919093,2.15049504950495,1.8893324762865689,90160.00000315486,6.250328042563788,7016000.0,
0.801980198019802,1.2553118160220567,2.067326732673267,1.816264369468856,90170.00000315544,6.265015968310837,7017000.0,
0.8415841584158416,1.3707427876102918,2.257425742574257,1.9832771850521989,90180.00000315602,6.107821430159904,7018000.0,
0.8316831683168316,1.23006129098713,2.0257425742574253,1.77973031606,90190.0000031566,6.011857028626844,7019000.0,
0.8514851485148515,1.0673824703344594,2.358415841584158,2.144939347517266,90200.00000315718,6.109749007359044,7020000.0,
0.8415841584158416,1.0942686786552265,2.4178217821782177,2.198968046447172,90210.00000315777,5.780716900695732,7021000.0,
0.7722772277227723,0.8065862496230168,1.782178217821782,1.620860967897179,90220.00000315835,5.9275001439344415,7022000.0,
0.8811881188118812,1.2609631702439832,2.786138613861386,2.533945979812589,90230.00000315893,5.710978429321419,7023000.0,
0.8613861386138614,1.09964592031938,2.4297029702970296,2.209773786233153,90240.00000315951,5.6554487122669395,7024000.0,
0.8316831683168316,1.0781369536627659,2.382178217821782,2.166550827089229,90250.0000031601,5.832043242082238,7025000.0,
0.801980198019802,1.0754483328306894,2.376237623762376,2.161147957196238,90260.00000316068,6.045186192973712,7026000.0,
0.801980198019802,0.9974783287004643,2.2039603960396037,2.0044647302995107,90270.00000316126,5.948458163132348,7027000.0,
0.8712871287128713,1.1050231619835333,2.441584158415841,2.2205795260191343,90280.00000316184,5.5991720383558246,7028000.0,
0.8415841584158416,1.2018135119382953,2.655445544554456,2.4150828421667963,90290.00000316242,5.912270173185244,7029000.0,
0.8415841584158416,1.0727597119986128,2.37029702970297,2.1557450873032478,90300.000003163,5.7593944814922375,7030000.0,
0.801980198019802,0.846915562104168,1.8712871287128714,1.7019040162920378,90310.00000316359,5.76269471342597,7031000.0,
0.8613861386138614,1.078136953662766,2.3821782178217816,2.166550827089229,90320.00000316417,5.634156693504878,7032000.0,
0.8613861386138614,1.0512507453419988,2.322772277227723,2.1125221281593225,90330.00000316475,5.603403739017577,7033000.0,
0.8811881188118812,1.1534183369609141,2.548514851485148,2.3178311840929653,90340.00000316533,5.593876989303843,7034000.0,
0.8613861386138614,1.1211548869759937,2.477227722772277,2.2529967453770783,90350.00000316591,5.685476363213417,7035000.0,
0.8316831683168316,0.873801770424935,1.9306930693069306,1.7559327152219433,90360.0000031665,5.591592605094199,7036000.0,
0.8415841584158416,1.2286997202590628,2.714851485148514,2.469111541096702,90370.00000316708,5.947982020719552,7037000.0,
0.8910891089108911,1.177615924449605,2.601980198019802,2.3664570131298808,90380.00000316766,5.560655648715656,7038000.0,
0.8316831683168316,1.1426638536326073,2.5247524752475243,2.296219704521003,90390.00000316824,5.916295824189222,7039000.0,
0.8514851485148515,1.0270531578533082,2.2693069306930695,2.0638962991224075,90400.00000316883,5.643397313467299,7040000.0,
0.7920792079207921,1.078136953662766,2.3821782178217816,2.1665508270892286,90410.0000031694,6.131645404186815,7041000.0,
0.7722772277227723,0.9759693620438508,2.156435643564356,1.9612417711555858,90420.00000316999,6.157085968992784,7042000.0,
0.8415841584158416,1.0539393661740757,2.328712871287128,2.117924998052313,90430.00000317057,5.743149129395202,7043000.0,
0.801980198019802,1.0055441911966945,2.2217821782178215,2.0206733399784826,90440.00000317115,5.966910658344186,7044000.0,
0.8712871287128713,1.1803045452816814,2.6079207920792085,2.371859883022871,90450.00000317174,5.693301807823468,7045000.0,
0.8514851485148515,1.1050231619835331,2.441584158415841,2.2205795260191348,90460.00000317232,5.737757434597145,7046000.0,
0.8910891089108911,1.096957299487303,2.4237623762376237,2.204370916340163,90470.0000031729,5.474138747369305,7047000.0,
0.8613861386138614,0.9490831537230834,2.0970297029702967,1.9072130722256802,90480.00000317348,5.49169193725349,7048000.0,
0.8613861386138614,1.1211548869759937,2.477227722772277,2.2529967453770783,90490.00000317406,5.691913144822987,7049000.0,
0.8217821782178217,1.2206338577628324,2.6970297029702968,2.45290293141773,90500.00000317465,6.087756863241843,7050000.0,
0.8415841584158416,1.174927303617528,2.596039603960396,2.36105414323689,90510.00000317523,5.890675972710583,7051000.0,
0.8118811881188119,1.0754483328306896,2.376237623762376,2.161147957196238,90520.00000317581,5.984147336962575,7052000.0,
0.8910891089108911,0.9867238453721576,2.18019801980198,1.9828532507275485,90530.00000317639,5.353098982195798,7053000.0,
0.7920792079207921,1.0835141953269196,2.394059405940594,2.17735656687521,90540.00000317697,6.144934171788188,7054000.0,
0.7920792079207921,0.8388496996079379,1.8534653465346536,1.685695406613066,90550.00000317756,5.836545245943003,7055000.0,
0.8514851485148515,1.0754483328306894,2.376237623762376,2.161147957196238,90560.00000317814,5.707675367801633,7056000.0,
0.8514851485148515,1.067382470334459,2.358415841584158,2.1449393475172664,90570.00000317872,5.6986677851026,7057000.0,
0.8316831683168316,1.0136100536929247,2.2396039603960394,2.0368819496574546,90580.0000031793,5.770171612357511,7058000.0,
0.8118811881188119,1.0485621245099221,2.3168316831683176,2.107119258266332,90590.00000317988,5.954446031592074,7059000.0,
0.8712871287128713,1.070071091166536,2.3643564356435647,2.1503422174102567,90600.00000318047,5.573602047987163,7060000.0,
0.8811881188118812,1.1776159244496047,2.601980198019802,2.3664570131298808,90610.00000318105,5.633472004319804,7061000.0,
0.900990099009901,1.000166949532541,2.2099009900990096,2.0098676001925018,90620.00000318163,5.313150130965291,7062000.0,
0.8514851485148515,1.0001669495325411,2.2099009900990096,2.0098676001925013,90630.00000318221,5.622519324626091,7063000.0,
0.8811881188118812,1.09964592031938,2.4297029702970296,2.2097737862331535,90640.0000031828,5.546337505250751,7064000.0,
0.8712871287128713,1.137286611968454,2.5128712871287124,2.2854139647350213,90650.00000318338,5.653019861634951,7065000.0,
0.8514851485148515,1.1292207494722237,2.495049504950495,2.26920535505605,90660.00000318396,5.775477857113474,7066000.0,
0.8514851485148515,0.9759693620438505,2.156435643564356,1.961241771155586,90670.00000318454,5.5959616928080855,7067000.0,
0.8712871287128713,1.0055441911966945,2.2217821782178215,2.0206733399784826,90680.00000318512,5.503179128703805,7068000.0,
0.8514851485148515,1.013610053692925,2.2396039603960394,2.0368819496574546,90690.0000031857,5.641097853930891,7069000.0,
0.900990099009901,1.177615924449605,2.601980198019802,2.3664570131298808,90700.00000318629,5.513615476752567,7070000.0,
0.8811881188118812,1.1803045452816816,2.6079207920792076,2.3718598830228714,90710.00000318687,5.641017517848603,7071000.0,
0.8316831683168316,0.8979993579136254,1.984158415841584,1.804558544258859,90720.00000318745,5.637830180528027,7072000.0,
0.8316831683168316,1.0270531578533082,2.269306930693069,2.0638962991224075,90730.00000318803,5.793478201884103,7073000.0,
0.8415841584158416,1.000166949532541,2.2099009900990096,2.0098676001925018,90740.00000318862,5.6938430813866985,7074000.0,
0.8712871287128713,1.0539393661740757,2.328712871287128,2.1179249980523136,90750.0000031892,5.5619054090757585,7075000.0,
0.8316831683168316,1.0862028161589963,2.4,2.1827594367682006,90760.00000318978,5.866027195799357,7076000.0,
0.8217821782178217,1.088891436991073,2.405940594059406,2.188162306661191,90770.00000319036,5.9404558451950376,7077000.0,
0.7920792079207921,1.010921432860848,2.2336633663366334,2.0314790797644635,90780.00000319094,6.065285809175472,7078000.0,
0.8217821782178217,1.029741778685385,2.275247524752475,2.0692991690153977,90790.00000319153,5.8694424055700996,7079000.0,
0.8217821782178217,1.3671355697481598,2.251485148514851,1.9780580345652197,90800.00000319211,5.856837552363393,7080000.0,
0.7821782178217822,1.06052205146691,1.7465346534653465,1.5344302431719645,90810.00000319269,6.206994015357683,7081000.0,
0.8811881188118812,1.381564441196688,2.2752475247524746,1.9989346365131375,90820.00000319327,5.874357399729966,7082000.0,
0.8316831683168316,1.3707427876102913,2.257425742574257,1.9832771850521993,90830.00000319385,6.211485970996943,7083000.0,
0.801980198019802,1.089379794363969,1.7940594059405939,1.5761834470678002,90840.00000319444,6.091199496862555,7084000.0,
0.8514851485148515,1.2985984303676448,2.138613861386138,1.8788941753126096,90850.00000319502,5.983235366072564,7085000.0,
0.7623762376237624,1.1615241516066155,1.912871287128713,1.68056645680739,90860.0000031956,6.503295315939985,7086000.0,
0.8811881188118812,1.2769551231948508,2.1029702970297026,1.847579272390733,90870.00000319618,5.757890645593179,7087000.0,
0.801980198019802,1.2444901624356597,2.049504950495049,1.8006069180079176,90880.00000319676,6.286584029890333,7088000.0,
0.8118811881188119,1.1651313694687477,1.918811881188119,1.685785607294369,90890.00000319735,6.1126593698958684,7089000.0,
0.8514851485148515,1.1939891123658068,1.9663366336633663,1.7275388111902048,90900.00000319793,5.86270581818682,7090000.0,
0.7623762376237624,1.1398808444338215,1.8772277227722771,1.6492515538855133,90910.00000319851,6.477503445492705,7091000.0,
0.7623762376237624,1.3238489554025714,2.18019801980198,1.9154282287214661,90920.0000031991,6.719331746893304,7092000.0,
0.7029702970297029,1.1326664087095566,1.8653465346534654,1.638813252911554,90930.00000319968,7.015762074574538,7093000.0,
0.8910891089108911,1.208417983814336,1.99009900990099,1.7484154131381229,90940.00000320026,5.620111293115303,7094000.0,
0.8217821782178217,1.1831674587794097,1.9485148514851487,1.7118813597292668,90950.00000320084,6.063851968094604,7095000.0,
0.900990099009901,1.3779572233345565,2.269306930693069,1.9937154860261581,90960.00000320142,5.7474008744167495,7096000.0,
0.8316831683168316,1.2228468552628655,2.013861386138614,1.769292015086041,90970.000003202,6.040325385674831,7097000.0,
0.7722772277227723,1.0929870122261012,1.7999999999999998,1.5814025975547799,90980.00000320259,6.337326772435576,7098000.0,
0.8316831683168316,1.125451972985292,1.8534653465346533,1.6283749519375952,90990.00000320317,5.924172015317327,7099000.0,
0.8217821782178217,1.1723458051930127,1.9306930693069304,1.6962239082683284,91000.00000320375,6.053093088429368,7100000.0,
0.8613861386138614,1.2048107659522038,1.984158415841584,1.7431962626511437,91010.00000320433,5.81293893535998,7101000.0,
0.8415841584158416,1.197596330227939,1.9722772277227723,1.7327579616771849,91020.00000320491,5.941612110213762,7102000.0,
0.8415841584158416,1.3238489554025714,2.18019801980198,1.9154282287214663,91030.0000032055,6.092100523656588,7103000.0,
0.7920792079207921,1.2192396374007333,2.007920792079208,1.7640728645990613,91040.00000320608,6.341287542407833,7104000.0,
0.8415841584158416,1.1831674587794097,1.9485148514851482,1.7118813597292668,91050.00000320666,5.925878980610298,7105000.0,
0.8613861386138614,1.3779572233345563,2.269306930693069,1.9937154860261583,91060.00000320724,6.016246891631579,7106000.0,
0.8316831683168316,1.3743500054724236,2.263366336633663,1.988496335539179,91070.00000320782,6.2272517924746955,7107000.0,
0.8217821782178217,1.222846855262866,2.013861386138614,1.7692920150860407,91080.0000032084,6.118401595141101,7108000.0,
0.8415841584158416,1.2661334696084536,2.0851485148514852,1.8319218209297943,91090.00000320899,6.026344475830801,7109000.0,
0.8910891089108911,1.3851716590588212,2.281188118811881,2.004153787000117,91100.00000320957,5.82557930644564,7110000.0,
0.8217821782178217,1.1939891123658066,1.9663366336633663,1.727538811190205,91110.00000321015,6.084731329688137,7111000.0,
0.8514851485148515,1.2408829445735274,2.0435643564356436,1.795387767520938,91120.00000321073,5.928011365315087,7112000.0,
0.8217821782178217,1.2480973802977922,2.055445544554455,1.8058260684948972,91130.00000321132,6.151537776207839,7113000.0,
0.8613861386138614,1.3527066982996299,2.227722772277228,1.9571814326173018,91140.0000032119,5.990611224637225,7114000.0,
0.8118811881188119,1.132666408709557,1.8653465346534654,1.638813252911554,91150.00000321248,6.085354967010287,7115000.0,
0.8217821782178217,1.435672709128674,2.3643564356435647,2.0772218938178297,91160.00000321306,6.381237875146707,7116000.0,
0.8613861386138614,1.3743500054724243,2.263366336633663,1.9884963355391785,91170.00000321364,6.017116673194226,7117000.0,
0.7821782178217822,1.1795602409172774,1.9425742574257425,1.706662209242287,91180.00000321423,6.37791625756747,7118000.0,
0.8118811881188119,1.175953023055145,1.9366336633663366,1.7014430587553078,91190.00000321481,6.14062262614338,7119000.0,
0.8316831683168316,1.3635283518860268,2.2455445544554458,1.9728388840782407,91200.00000321539,6.220430518519983,7120000.0,
0.8415841584158416,1.2661334696084536,2.0851485148514843,1.8319218209297945,91210.00000321597,6.03199153465466,7121000.0,
0.8712871287128713,1.1579169337444832,1.906930693069307,1.6753473063204105,91220.00000321656,5.702606935493038,7122000.0,
0.8217821782178217,1.1579169337444832,1.9069306930693066,1.6753473063204105,91230.00000321714,6.046619401486622,7123000.0,
0.8613861386138614,1.2192396374007328,2.007920792079208,1.764072864599061,91240.00000321772,5.840264406812336,7124000.0,
0.7920792079207921,1.2228468552628655,2.0138613861386134,1.769292015086041,91250.0000032183,6.356341654959387,7125000.0,
0.8712871287128713,1.1831674587794097,1.948514851485148,1.7118813597292666,91260.00000321888,5.733405833544594,7126000.0,
0.7722772277227723,1.1254519729852923,1.8534653465346531,1.628374951937595,91270.00000321947,6.394236529316932,7127000.0,
0.7821782178217822,1.1038086658124981,1.817821782178218,1.5970600490157183,91280.00000322005,6.286132598256591,7128000.0,
0.7821782178217822,1.1110231015367629,1.8297029702970298,1.6074983499896771,91290.00000322063,6.2958624464610615,7129000.0,
0.8316831683168316,1.1290591908474243,1.859405940594059,1.6335941024245746,91300.00000322121,5.9432711701286065,7130000.0,
0.900990099009901,1.3671355697481595,2.2514851485148513,1.9780580345652201,91310.0000032218,5.7507746435140605,7131000.0,
0.801980198019802,1.2300612909871302,2.0257425742574258,1.77973031606,91320.00000322238,6.290320869196519,7132000.0,
0.7722772277227723,1.1579169337444832,1.9069306930693066,1.6753473063204107,91330.00000322296,6.43935141440273,7133000.0,
0.8613861386138614,1.2805623410569829,2.108910891089109,1.8527984228777123,91340.00000322354,5.916052832896297,7134000.0,
0.8613861386138614,1.5186387199577178,2.500990099009901,2.1972623550183576,91350.00000322412,6.192900123344303,7135000.0,
0.8712871287128713,1.136273626571689,1.8712871287128714,1.6440324033985334,91360.0000032247,5.684129957942815,7136000.0,
0.7920792079207921,1.071343705053307,1.7643564356435641,1.550087694632903,91370.00000322529,6.171068927820169,7137000.0,
0.900990099009901,1.2769551231948504,2.102970297029703,1.8475792723907327,91380.00000322587,5.653761180856172,7138000.0,
0.7821782178217822,1.2048107659522038,1.9841584158415837,1.7431962626511435,91390.00000322645,6.420831485777299,7139000.0,
0.8514851485148515,0.9114424620740093,2.0138613861386134,1.8315728937238118,91400.00000322703,5.919852702288208,7140000.0,
0.8415841584158416,1.0162986745250013,2.2455445544554458,2.0422848195504444,91410.00000322761,5.744540778144281,7141000.0,
0.8712871287128713,1.2260110994269857,2.7089108910891087,2.4637086712037113,91420.0000032282,5.789851375651893,7142000.0,
0.8217821782178217,0.9410172912268533,2.0792079207920793,1.8910044625467088,91430.00000322878,5.79231983649585,7143000.0,
0.8514851485148515,1.1910590286099885,2.631683168316832,2.3934713625948336,91440.00000322936,5.88438095238203,7144000.0,
0.7326732673267327,0.884556253753242,1.9544554455445542,1.7775441947939057,91450.00000322994,6.420810562761156,7145000.0,
0.8118811881188119,1.080825574494843,2.3881188118811876,2.171953696982219,91460.00000323053,6.036624183405238,7146000.0,
0.801980198019802,0.9168197037381627,2.0257425742574258,1.8423786335097925,91470.0000032311,5.907143087565521,7147000.0,
0.8712871287128713,1.2098793744345253,2.673267326732674,2.431291451845768,91480.00000323169,5.774063827649343,7148000.0,
0.8712871287128713,0.9625262578834669,2.126732673267327,1.9342274216906334,91490.00000323227,5.490624455244177,7149000.0,
0.8118811881188119,1.1319093703043004,2.500990099009901,2.2746082249490405,91500.00000323285,6.101495687999928,7150000.0,
0.8415841584158416,1.078136953662766,2.382178217821782,2.166550827089229,91510.00000323344,5.822725086296488,7151000.0,
0.8514851485148515,1.1534183369609143,2.548514851485148,2.3178311840929653,91520.00000323402,5.843895954050194,7152000.0,
0.8316831683168316,1.1910590286099885,2.6316831683168314,2.3934713625948336,91530.0000032346,6.028770975058042,7153000.0,
0.8415841584158416,0.9786579828759273,2.162376237623762,1.966644641048577,91540.00000323518,5.705932426891032,7154000.0,
0.8217821782178217,0.9867238453721574,2.18019801980198,1.9828532507275483,91550.00000323576,5.853721787926014,7155000.0,
0.8217821782178217,0.9652148787155436,2.1326732673267323,1.9396302915836239,91560.00000323635,5.82803015380173,7156000.0,
0.8316831683168316,1.1453524744646844,2.5306930693069307,2.3016225744139933,91570.00000323693,5.975719046859633,7157000.0,
0.9108910891089109,1.1722386827854514,2.59009900990099,2.3556512733438995,91580.00000323751,5.486042467137054,7158000.0,
0.7920792079207921,0.9463945328910067,2.091089108910891,1.9018102023326897,91590.00000323809,6.024320597965906,7159000.0,
0.8514851485148515,1.1587955786250679,2.5603960396039604,2.3286369238789466,91600.00000323867,5.853932016935056,7160000.0,
0.8712871287128713,1.1157776453118404,2.4653465346534653,2.2421910055910965,91610.00000323926,5.671969797633877,7161000.0,
0.8811881188118812,1.309358345221364,2.8930693069306925,2.6311976378864204,91620.00000323984,5.828370706546578,7162000.0,
0.8712871287128713,1.23945420358737,2.7386138613861384,2.490723020668664,91630.00000324042,5.81482584747289,7163000.0,
0.9108910891089109,1.2770948952364436,2.8217821782178225,2.5663631991705333,91640.000003241,5.603765048197535,7164000.0,
0.7326732673267327,0.9652148787155438,2.1326732673267323,1.9396302915836239,91650.00000324158,6.541709496831953,7165000.0,
0.8811881188118812,1.185681786945835,2.6198019801980195,2.3826656228088527,91660.00000324217,5.689816410076699,7166000.0,
0.8712871287128713,1.1238435078080704,2.483168316831683,2.2583996152700694,91670.00000324275,5.6839544807263005,7167000.0,
0.8910891089108911,1.0835141953269194,2.394059405940594,2.17735656687521,91680.00000324333,5.512830374925783,7168000.0,
0.8118811881188119,1.0243645370212318,2.263366336633663,2.058493429229417,91690.00000324391,5.978300222615224,7169000.0,
0.7920792079207921,0.914131082906086,2.0198019801980203,1.836975763616802,91700.0000032445,5.989087992360263,7170000.0,
0.8712871287128713,1.126532128640147,2.489108910891089,2.263802485163059,91710.00000324508,5.688858465999585,7171000.0,
0.8811881188118812,1.0808255744948427,2.388118811881188,2.1719536969822193,91720.00000324566,5.573518910553821,7172000.0,
0.8613861386138614,1.1587955786250679,2.56039603960396,2.3286369238789466,91730.00000324624,5.792622453522358,7173000.0,
0.8217821782178217,1.062005228670306,2.346534653465347,2.134133607731285,91740.00000324682,5.95448588085562,7174000.0,
0.900990099009901,1.1856817869458351,2.6198019801980195,2.3826656228088527,91750.0000032474,5.568721543921399,7175000.0,
0.8712871287128713,1.1023345411514565,2.435643564356435,2.215176656126144,91760.00000324799,5.66335896217747,7176000.0,
0.7623762376237624,0.9006879787457024,1.99009900990099,1.8099614141518492,91770.00000324857,6.208432284008293,7177000.0,
0.8613861386138614,1.062005228670306,2.3465346534653464,2.1341336077312847,91780.00000324915,5.682555495529032,7178000.0,
0.8316831683168316,0.9625262578834668,2.1267326732673264,1.9342274216906328,91790.00000324973,5.766368476923302,7179000.0,
0.8712871287128713,1.1695500619533745,2.5841584158415842,2.350248403450909,91800.00000325032,5.742322230370687,7180000.0,
0.8613861386138614,1.193747649442065,2.6376237623762373,2.3988742324878243,91810.0000032509,5.8368771564250626,7181000.0,
0.8514851485148515,1.1211548869759933,2.477227722772277,2.2529967453770787,91820.00000325148,5.819958646510577,7182000.0,
0.8514851485148515,1.2582745494119068,2.7801980198019804,2.528543109919599,91830.00000325206,5.981459645417897,7183000.0,
0.8514851485148515,1.1426638536326073,2.5247524752475248,2.296219704521003,91840.00000325264,5.846149409677119,7184000.0,
0.8910891089108911,1.2475200660835997,2.7564356435643567,2.506931630347636,91850.00000325323,5.70443696321983,7185000.0,
0.8811881188118812,1.0028555703646178,2.2158415841584156,2.0152704700854924,91860.00000325381,5.491328231709775,7186000.0,
0.8613861386138614,1.096957299487303,2.4237623762376237,2.204370916340163,91870.00000325439,5.727269968546707,7187000.0,
0.8712871287128713,0.9947897078683876,2.198019801980198,1.9990618604065202,91880.00000325497,5.545381369432447,7188000.0,
0.900990099009901,1.1077117828156098,2.4475247524752475,2.225982395912125,91890.00000325555,5.488337253623375,7189000.0,
0.9108910891089109,1.2125679952666024,2.679207920792079,2.436694321738758,91900.00000325614,5.544230081926953,7190000.0,
0.7821782178217822,1.018987295357078,2.251485148514851,2.047687689443436,91910.00000325672,6.209588820840761,7191000.0,
0.8811881188118812,1.0431848828457686,2.3049504950495043,2.0963135184803505,91920.0000032573,5.539791833514383,7192000.0,
0.8712871287128713,1.129220749472224,2.4950495049504946,2.2692053550560494,91930.00000325788,5.701944269455163,7193000.0,
0.8613861386138614,1.2018135119382953,2.655445544554456,2.415082842166796,91940.00000325846,5.852217985300346,7194000.0,
0.8514851485148515,1.0109214328608482,2.2336633663366334,2.0314790797644635,91950.00000325905,5.69654493877105,7195000.0,
0.8514851485148515,1.169550061953375,2.5841584158415842,2.350248403450909,91960.00000325963,5.883306468286718,7196000.0,
0.8910891089108911,1.0996459203193796,2.4297029702970296,2.2097737862331535,91970.00000326021,5.543822644084739,7197000.0,
0.8514851485148515,0.9517717745551602,2.1029702970297026,1.9126159421186706,91980.0000032608,5.6284738284353795,7198000.0,
0.8910891089108911,1.0351190203495384,2.2871287128712865,2.0801049088013794,91990.00000326138,5.472298011896413,7199000.0,
0.801980198019802,1.453708798439336,2.394059405940594,2.1033176462527265,92000.00000326196,6.141169552387592,7200000.0,
0.8921568627450981,1.2751515142637848,2.0999999999999996,1.8449696971472433,92010.00000326254,5.693464334838292,7201000.0,
0.8137254901960784,1.0251218055846112,1.6882352941176466,1.4832109330007253,92020.00000326312,5.93544848415676,7202000.0,
0.7941176470588235,1.2644359553203912,2.0823529411764707,1.8294657501123928,92030.0000032637,6.383855153803247,7203000.0,
0.7843137254901961,1.1251336890562809,1.8529411764705876,1.6279144386593323,92040.00000326429,6.286542953739076,7204000.0,
0.8137254901960784,1.1929988956977704,1.9647058823529406,1.7261061032133875,92050.00000326487,6.143201052729643,7205000.0,
0.8235294117647058,1.303726338112833,2.1470588235294117,1.8863135559068456,92060.00000326545,6.204998648844036,7206000.0,
0.8137254901960784,1.2965826321505711,2.1352941176470592,1.875977591216945,92070.00000326603,6.271460584274105,7207000.0,
0.8235294117647058,1.3215856030184885,2.176470588235294,1.9121534676315965,92080.00000326661,6.227637280039055,7208000.0,
0.8235294117647058,1.092987012226101,1.8,1.5814025975547799,92090.0000032672,5.950529467410231,7209000.0,
0.8333333333333334,1.2572922493581289,2.0705882352941174,1.819129785422492,92100.00000326778,6.07816011117563,7210000.0,
0.8529411764705882,1.2144300135845567,2.0000000000000004,1.7571139972830883,92110.00000326836,5.888639786218696,7211000.0,
0.8627450980392157,1.4323130454335509,2.3588235294117643,2.072360920325055,92120.00000326894,6.074724211927571,7212000.0,
0.9019607843137255,1.2680078083015225,2.0882352941176463,1.834633732457343,92130.00000326952,5.628876048501758,7213000.0,
0.8725490196078431,1.1215618360751496,1.8470588235294119,1.6227464563143825,92140.0000032701,5.651225924663753,7214000.0,
0.7941176470588235,1.3501604268675358,2.2235294117647064,1.9534973263911988,92150.00000327069,6.497730414270367,7215000.0,
0.7450980392156863,1.1715677778109839,1.9294117647058822,1.6950982091436855,92160.00000327127,6.686048859896496,7216000.0,
0.8235294117647058,1.2680078083015225,2.0882352941176476,1.8346337324573427,92170.00000327185,6.166864243597274,7217000.0,
0.8823529411764706,1.4680315752448607,2.4176470588235297,2.1240407437745574,92180.00000327243,5.982878007671042,7218000.0,
0.8823529411764706,1.518037516980696,2.4999999999999996,2.1963924966038615,92190.00000327302,6.03999585274946,7219000.0,
0.8627450980392157,1.5108938110184338,2.488235294117647,2.18605653191396,92200.0000032736,6.169442826582989,7220000.0,
0.7647058823529411,1.100130718188363,1.811764705882353,1.5917385622446802,92210.00000327418,6.423758118854335,7221000.0,
0.7745098039215687,1.2787233672449152,2.105882352941176,1.8501376794921935,92220.00000327476,6.57353903132163,7222000.0,
0.7745098039215687,1.0429810704902667,1.7176470588235295,1.5090508447254762,92230.00000327535,6.269669230448568,7223000.0,
0.8137254901960784,1.0394092175091352,1.711764705882353,1.5038828623805258,92240.00000327593,5.963608918088721,7224000.0,
0.7941176470588235,1.1001307181883633,1.8117647058823527,1.5917385622446802,92250.00000327651,6.187816460131449,7225000.0,
0.8529411764705882,1.2894389261883088,2.123529411764706,1.865641626527044,92260.00000327709,5.9834778216855655,7226000.0,
0.8333333333333334,1.3501604268675365,2.2235294117647055,1.9534973263911988,92270.00000327767,6.197601924187385,7227000.0,
0.8627450980392157,1.4287411924524196,2.3529411764705883,2.067192937980104,92280.00000327826,6.077856836881683,7228000.0,
0.803921568627451,1.3144418970562257,2.164705882352941,1.9018175029416964,92290.00000327884,6.380888701404618,7229000.0,
0.7352941176470589,1.3358730149430122,2.1999999999999997,1.9328253970113973,92300.00000327942,7.0061179671951095,7230000.0,
0.7843137254901961,1.1394211009808048,1.8764705882352941,1.6485863680391333,92310.00000328,6.31825940394363,7231000.0,
0.8431372549019608,1.15728036588646,1.905882352941176,1.6744262797638847,92320.00000328058,5.899097643440344,7232000.0,
0.8235294117647058,1.171567777810984,1.9294117647058822,1.6950982091436855,92330.00000328117,6.057377539906826,7233000.0,
0.7843137254901961,1.435884898414681,2.364705882352941,2.0775289026700046,92340.00000328175,6.697750745671909,7234000.0,
0.803921568627451,1.3287293089807497,2.188235294117647,1.9224894323214974,92350.00000328233,6.401587677213344,7235000.0,
0.8137254901960784,1.2751515142637846,2.1,1.8449696971472433,92360.00000328291,6.259099451450193,7236000.0,
0.8529411764705882,1.2751515142637846,2.1,1.844969697147243,92370.0000032835,5.971784534142164,7237000.0,
0.8529411764705882,1.307298191093964,2.1529411764705877,1.8914815382517955,92380.00000328408,6.009933511575275,7238000.0,
0.8235294117647058,1.1322773950185425,1.8647058823529408,1.6382504033492327,92390.00000328466,6.0125249322304555,7239000.0,
0.696078431372549,1.1501366599241976,1.8941176470588232,1.664090315073984,92400.00000328524,7.139630131376583,7240000.0,
0.8431372549019608,1.3001544851317017,2.1411764705882352,1.881145573561895,92410.00000328582,6.072739040684943,7241000.0,
0.8333333333333334,1.2644359553203912,2.0823529411764707,1.8294657501123928,92420.0000032864,6.101791381860633,7242000.0,
0.8137254901960784,1.3465885738864056,2.217647058823529,1.948329344046248,92430.00000328699,6.3502630668902365,7243000.0,
0.8137254901960784,1.2180018665656878,2.0058823529411764,1.7622819796280393,92440.00000328757,6.1927227759660095,7244000.0,
0.7843137254901961,1.1322773950185427,1.864705882352941,1.6382504033492327,92450.00000328815,6.316151178842153,7245000.0,
0.803921568627451,1.1822833367543772,1.9470588235294117,1.7106021561785365,92460.00000328873,6.224789028834509,7246000.0,
0.8529411764705882,1.3680196917731917,2.2529411764705882,1.97933723811595,92470.00000328931,6.085262167544266,7247000.0,
0.8725490196078431,1.4323130454335509,2.3588235294117643,2.0723609203250546,92480.0000032899,6.022648658985507,7248000.0,
0.8529411764705882,1.3001544851317017,2.141176470588235,1.8811455735618952,92490.00000329048,6.006615603435907,7249000.0,
0.7745098039215687,1.214430013584557,2.0,1.757113997283089,92500.00000329106,6.504704574697687,7250000.0,
0.803921568627451,1.1787114837732462,1.9411764705882353,1.7054341738335863,92510.00000329164,6.222785016589829,7251000.0,
0.8431372549019608,1.1965707486789015,1.970588235294118,1.731274085558337,92520.00000329223,5.955000190473781,7252000.0,
0.8333333333333334,1.3394448679241433,2.205882352941176,1.9379933793563482,92530.00000329281,6.196978547573671,7253000.0,
0.7745098039215687,1.2108581606034257,1.9941176470588233,1.7519460149381383,92540.00000329339,6.502118131608244,7254000.0,
0.8725490196078431,1.5466123408297447,2.547058823529411,2.237736355363463,92550.00000329397,6.156789424495934,7255000.0,
0.8137254901960784,1.425169339471288,2.347058823529412,2.062024955635154,92560.00000329455,6.4530972607419015,7256000.0,
0.8137254901960784,1.296582632150571,2.135294117647059,1.875977591216945,92570.00000329514,6.295556969817676,7257000.0,
0.8333333333333334,1.2430048374336053,2.0470588235294116,1.7984578560426907,92580.00000329572,6.083603452161635,7258000.0,
0.8333333333333334,1.160852218867591,1.911764705882353,1.679594262108835,92590.0000032963,5.985490898117739,7259000.0,
0.8333333333333334,0.9690632967693007,2.1411764705882352,1.9473638112343745,92600.00000329688,6.153124205869993,7260000.0,
