20_clutch_bind,20_clutch_force,20_clutch_x,20_xs,20_r,20_fs,20_time,
1.0,0.0,0.0,0.0,20000.0,0.0,0.0,
0.84,1.3747347753777184,2.2640000000000002,1.9890530449244563,20009.999999999854,3.2245223516308923,1000.0,
0.7733333333333333,1.219287733638895,2.0079999999999996,1.7641424532722212,20019.99999999971,3.3021789659023084,2000.0,
0.8133333333333334,1.2484340539649244,2.0560000000000005,1.8063131892070154,20029.999999999563,3.1762680991276313,3000.0,
0.92,1.4184542558667623,2.3360000000000003,2.0523091488266476,20039.999999999418,2.9933894085423587,4000.0,
0.7866666666666666,1.263007214127939,2.08,1.827398557174412,20049.999999999272,3.3038193399832276,5000.0,
0.84,1.2581494940736009,2.072,1.8203701011852798,20059.999999999127,3.0889049532529285,6000.0,
0.8133333333333334,1.4038810957037473,2.312,2.0312237808592504,20069.99999999898,3.3700144619212278,7000.0,
0.84,1.1852836932585273,1.9519999999999997,1.7149432613482944,20079.999999998836,3.0034297935524257,8000.0,
0.9066666666666666,1.2678649341822774,2.088,1.834427013163545,20089.99999999869,2.8742598538688746,9000.0,
0.92,1.462173736355806,2.408,2.1155652527288393,20099.999999998545,3.0443888438564866,10000.0,
0.8533333333333334,1.175568253149851,1.936,1.7008863493700297,20109.9999999984,2.946990921650787,11000.0,
0.84,1.1949991333672039,1.968,1.7290001733265592,20119.999999998254,3.0175354762214477,12000.0,
0.84,1.3455884550516886,2.2159999999999997,1.946882308989662,20129.99999999811,3.197443398861699,13000.0,
0.8133333333333334,1.3990233756494095,2.304,2.024195324870118,20139.999999997963,3.368632019231401,14000.0,
0.8666666666666667,1.3018689745626446,2.144,1.883626205087471,20149.999999997817,3.049845739870886,15000.0,
0.84,1.413596535812424,2.328,2.0452806928375153,20159.99999999767,3.2803101616720705,16000.0,
0.92,1.2338608938019093,2.0319999999999996,1.7852278212396182,20169.999999997526,2.800280681660163,17000.0,
0.8533333333333334,1.0832715721174246,1.7840000000000003,1.567345685576515,20179.99999999738,2.8432057485658486,18000.0,
0.8133333333333334,1.088129292171763,1.7919999999999996,1.5743741415656476,20189.999999997235,2.989663883808018,19000.0,
0.7733333333333333,0.9278245303786011,1.5279999999999996,1.3424350939242795,20199.99999999709,2.937700685824162,20000.0,
0.7333333333333333,1.0929870122261012,1.7999999999999996,1.5814025975547799,20209.999999996944,3.323887743933878,21000.0,
0.88,1.219287733638895,2.0080000000000005,1.7641424532722212,20219.9999999968,2.9140360609442766,22000.0,
0.84,1.3601616152147031,2.2399999999999998,1.9679676769570598,20229.999999996653,3.2211416054048776,23000.0,
0.8266666666666667,1.2532917740192624,2.0639999999999996,1.8133416451961473,20239.999999996508,3.1444626298523977,24000.0,
0.84,1.2678649341822774,2.088,1.834427013163544,20249.999999996362,3.1125344454456214,25000.0,
0.8133333333333334,1.1464219328238217,1.888,1.6587156134352354,20259.999999996217,3.065925327232613,26000.0,
0.84,1.2532917740192626,2.0639999999999996,1.8133416451961477,20269.99999999607,3.0964552865213792,27000.0,
0.7466666666666667,1.1852836932585273,1.9519999999999993,1.7149432613482944,20279.999999995925,3.393144232031985,28000.0,
0.84,1.2921535344539683,2.128,1.8695692931092063,20289.99999999578,3.143989128308709,29000.0,
0.8533333333333334,1.2095722935302182,1.9919999999999998,1.7500855412939564,20299.999999995634,2.9987144064713567,30000.0,
0.7733333333333333,1.3747347753777182,2.2640000000000002,1.9890530449244568,20309.99999999549,3.5231880715987716,31000.0,
0.8133333333333334,1.117275612497792,1.84,1.6165448775004414,20319.999999995343,3.0340241137169457,32000.0,
0.7733333333333333,1.0104057713023513,1.6639999999999997,1.4619188457395296,20329.999999995198,3.0534522904668115,33000.0,
0.8666666666666667,1.1367064927151453,1.8719999999999992,1.6446587014569707,20339.999999995052,2.8709659531236,34000.0,
0.72,1.024978931465366,1.688,1.4830042137069268,20349.999999994907,3.30135592332037,35000.0,
0.8533333333333334,1.2241454536932332,2.0159999999999996,1.771170909261353,20359.99999999476,3.0195423285373355,36000.0,
0.8266666666666667,1.2775803742909535,2.1039999999999996,1.8484839251418093,20369.999999994616,3.182231097922869,37000.0,
0.88,1.3358730149430125,2.2,1.9328253970113973,20379.99999999447,3.0562163048503295,38000.0,
0.8666666666666667,1.3067266946169829,2.1519999999999997,1.890654661076603,20389.999999994325,3.0702200322410604,39000.0,
0.8,1.073556132008748,1.768,1.5532887735982506,20399.99999999418,3.035275165000846,40000.0,
0.8266666666666667,1.3844502154863945,2.2800000000000002,2.003109956902721,20409.999999994034,3.3140897767882844,41000.0,
0.8533333333333334,1.2241454536932332,2.016,1.771170909261353,20419.99999999389,3.0232923285372806,42000.0,
0.8133333333333334,1.1124178924434538,1.8319999999999994,1.6095164215113091,20429.999999993743,3.0352646218467525,43000.0,
0.8133333333333334,1.175568253149851,1.9360000000000002,1.70088634937003,20439.999999993597,3.113564245666084,44000.0,
0.8533333333333334,1.306726694616983,2.1519999999999997,1.8906546610766035,20449.99999999345,3.1219422202447724,45000.0,
0.84,1.3747347753777182,2.264,1.9890530449244563,20459.999999993306,3.253093780201905,46000.0,
0.8666666666666667,1.4913200566818354,2.4560000000000004,2.1577359886636325,20469.99999999316,3.288135450008127,47000.0,
0.7733333333333333,1.1221333325521305,1.8479999999999999,1.6235733334895739,20479.999999993015,3.20827241277241,48000.0,
0.84,1.107560172389116,1.824,1.6024879655221769,20489.99999999287,2.936933538548779,49000.0,
0.8266666666666667,1.136706492715145,1.8719999999999997,1.6446587014569707,20499.999999992724,3.020206241177817,50000.0,
0.8533333333333334,1.2581494940736007,2.0719999999999996,1.8203701011852802,20509.99999999258,3.068765813357942,51000.0,
0.8533333333333334,1.3601616152147031,2.24,1.9679676769570589,20519.999999992433,3.1889362678201625,52000.0,
0.7733333333333333,1.0832715721174244,1.7840000000000003,1.5673456855765153,20529.999999992287,3.1614684122102394,53000.0,
0.9066666666666666,1.3358730149430127,2.2,1.9328253970113978,20539.999999992142,2.9757393547075357,54000.0,
0.8266666666666667,1.0444098116827185,1.72,1.5111180376634563,20549.999999991996,2.9117828367030616,55000.0,
0.72,0.9375399704872776,1.5439999999999998,1.3564920059025443,20559.99999999185,3.1954684775172435,56000.0,
0.84,1.2435763339105859,2.0479999999999996,1.799284733217883,20569.999999991705,3.1039369054393444,57000.0,
0.8133333333333334,1.5787590176599238,2.5999999999999996,2.2842481964680155,20579.99999999156,3.6184709233422696,58000.0,
0.8533333333333334,1.1852836932585276,1.9519999999999997,1.7149432613482944,20589.999999991414,2.9883762030277055,59000.0,
0.88,0.9956859148124134,2.2,2.0008628170375173,20599.99999999127,3.069549638183468,60000.0,
0.8533333333333334,0.8943069853042402,1.9759999999999998,1.7971386029391523,20609.999999991123,2.648637873393757,61000.0,
0.84,1.060858083781953,2.344,2.1318283832436093,20619.999999990978,2.8895897822702907,62000.0,
0.88,1.039134027458773,2.2960000000000003,2.0881731945082453,20629.999999990832,2.7341644251331703,63000.0,
0.8666666666666667,0.9848238866508232,2.1759999999999993,1.979035222669835,20639.999999990687,2.714178330741422,64000.0,
0.84,1.3070640554446584,2.888,2.626587188911068,20649.99999999054,3.1845968913925318,65000.0,
0.88,1.325167435713975,2.928,2.662966512857205,20659.999999990396,3.0610205708776914,66000.0,
0.9066666666666666,1.2599952667444356,2.784,2.5320009466511126,20669.99999999025,2.899697720664877,67000.0,
0.8533333333333334,1.1332716048592193,2.504,2.277345679028156,20679.999999990105,2.9330495369346843,68000.0,
0.8533333333333334,1.227409182259666,2.7119999999999997,2.4665181635480664,20689.99999998996,3.0439920104508236,69000.0,
0.9066666666666666,1.3034433793907954,2.88,2.6193113241218406,20699.999999989814,2.949383139024807,70000.0,
0.8133333333333334,0.9884445627046864,2.1839999999999997,1.9863110874590628,20709.999999989668,2.901199052495542,71000.0,
0.8666666666666667,1.0789614640512695,2.384,2.1682077071897456,20719.999999989523,2.8277216892803265,72000.0,
0.7866666666666666,0.9630998303276435,2.1279999999999997,1.9353800339344716,20729.999999989377,2.968682835151673,73000.0,
0.8533333333333334,1.0717201119435429,2.3679999999999994,2.153655977611291,20739.99999998923,2.8646688811740715,74000.0,
0.7866666666666666,0.9015483374119666,1.9919999999999998,1.8116903325176066,20749.999999989086,2.891795344157149,75000.0,
0.8533333333333334,1.126030252751493,2.488,2.262793949449701,20759.99999998894,2.9295635774333695,76000.0,
0.8266666666666667,0.9232723937351466,2.0399999999999996,1.855345521252971,20769.999999988795,2.7794391859598244,77000.0,
0.8533333333333334,1.0499960556203631,2.32,2.1100007888759276,20779.99999998865,2.841711002670309,78000.0,
0.92,1.2455125625289822,2.752,2.502897487494204,20789.999999988504,2.848887567957183,79000.0,
0.8266666666666667,1.0536167316742264,2.3279999999999994,2.1172766536651544,20799.99999998836,2.9390492721764248,80000.0,
0.8266666666666667,0.94861712611219,2.0959999999999996,1.9062765747775616,20809.999999988213,2.812678781577178,81000.0,
0.88,1.263615942798299,2.7920000000000003,2.53927681144034,20819.999999988067,3.0007726622612516,82000.0,
0.8666666666666667,0.9993065908662764,2.2079999999999997,2.0081386818267446,20829.999999987922,2.742581450989851,83000.0,
0.8666666666666667,0.9993065908662764,2.2079999999999997,2.008138681826744,20839.999999987776,2.7431968356052274,84000.0,
0.8,0.88344495714265,1.9519999999999997,1.7753110085714698,20849.99999998763,2.827636196417787,85000.0,
0.8266666666666667,1.0934441682667229,2.416,2.197311166346655,20859.999999987485,2.991098590635034,86000.0,
0.8666666666666667,1.2599952667444356,2.7840000000000003,2.532000946651112,20869.99999998734,3.045837615464615,87000.0,
0.76,1.0210306471894568,2.2559999999999993,2.0517938705621086,20879.999999987194,3.1595982199750168,88000.0,
0.8133333333333334,1.0065479429740032,2.2239999999999998,2.022690411405199,20889.99999998705,2.9352605856133835,89000.0,
0.88,1.2165471540980757,2.688,2.4446905691803846,20899.999999986903,2.9521338872230487,90000.0,
0.8533333333333334,1.0898234922128596,2.407999999999999,2.190035301557428,20909.999999986758,2.8965087799270224,91000.0,
0.8533333333333334,1.1187889006437663,2.472,2.248242219871247,20919.999999986612,2.931077617931982,92000.0,
0.9333333333333333,1.1006855203744497,2.4319999999999995,2.2118628959251097,20929.999999986467,2.66101734324925,93000.0,
0.84,1.0282719992971832,2.272,2.0663456001405636,20939.99999998632,2.8711142848674913,94000.0,
0.9333333333333333,1.1586163372362628,2.56,2.328276732552747,20949.999999986176,2.7242289327440337,95000.0,
0.8666666666666667,1.0789614640512695,2.384,2.168207707189746,20959.99999998603,2.8424909200493427,96000.0,
0.7466666666666667,1.0174099711355933,2.2479999999999993,2.044518005772881,20969.999999985885,3.2175990684737674,97000.0,
0.88,1.0318926753510465,2.28,2.073621464929791,20979.99999998574,2.747147737131657,98000.0,
0.8933333333333333,1.2491332385828458,2.76,2.5101733522834304,20989.999999985594,2.9499222819861752,99000.0,
0.8933333333333333,0.9812032105969596,2.168,1.971759357880608,20999.999999985448,2.6505976237930104,100000.0,
0.8266666666666667,0.9232723937351468,2.0399999999999996,1.8553455212529706,21009.999999985303,2.7949230569273413,101000.0,
0.84,1.1151682245899028,2.464,2.240966355082019,21019.999999985157,2.9796415372000205,102000.0,
0.8666666666666667,0.901548337411967,1.992,1.8116903325176061,21029.99999998501,2.6420911585423923,103000.0,
0.7733333333333333,0.9377550979506,2.072,1.8844489804098798,21039.999999984866,3.008472971476766,104000.0,
0.76,0.8798242810887871,1.9439999999999997,1.768035143782242,21049.99999998472,2.985730194403787,105000.0,
0.8133333333333334,1.0463753795665,2.312,2.1027249240867,21059.999999984575,2.995376286341701,106000.0,
0.8266666666666667,0.8943069853042405,1.9760000000000002,1.7971386029391518,21069.99999998443,2.7637552241479626,107000.0,
0.8133333333333334,0.9667205063815066,2.1359999999999997,1.942655898723699,21079.999999984284,2.898751442261772,108000.0,
0.7733333333333333,0.8725829289810603,1.928,1.753483414203788,21089.99999998414,2.9276468909126554,109000.0,
0.8666666666666667,0.9196517176812836,2.032,1.8480696564637435,21099.999999983993,2.6672873665453873,110000.0,
0.8,1.126030252751493,2.488,2.2627939494497014,21109.999999983847,3.1482011492619217,111000.0,
0.9333333333333333,1.220167830151939,2.6959999999999993,2.4519664339696114,21119.999999983702,2.7998912465821166,112000.0,
0.8533333333333334,1.0862028161589963,2.3999999999999995,2.1827594367682006,21129.999999983556,2.9060158001762018,113000.0,
0.84,1.1477543090746727,2.536,2.3064491381850654,21139.99999998341,3.0260535425389214,114000.0,
0.8666666666666667,1.0427547035126363,2.3039999999999994,2.0954490592974726,21149.999999983265,2.8124061963507496,115000.0,
0.8,1.0391340274587728,2.2959999999999994,2.088173194508245,21159.99999998312,3.042914200979306,116000.0,
0.8133333333333334,1.1224095766976294,2.4799999999999995,2.255518084660474,21169.999999982974,3.0960740696995415,117000.0,
0.8133333333333334,1.0029272669201397,2.2159999999999997,2.015414546615972,21179.99999998283,2.949825328169832,118000.0,
0.84,0.9993065908662766,2.2079999999999997,2.0081386818267446,21189.999999982683,2.8525046716558635,119000.0,
0.8133333333333334,1.219287733638895,2.0079999999999996,1.7641424532722212,21199.999999982538,2.835393880546313,120000.0,
0.8266666666666667,1.3358730149430125,2.2,1.9328253970113978,21209.999999982392,3.3069399374205393,121000.0,
0.8666666666666667,1.024978931465366,1.688,1.4830042137069268,21219.999999982247,2.7962033824499906,122000.0,
0.88,1.2970112545083063,2.1359999999999997,1.8765977490983388,21229.9999999821,3.0635703649616564,123000.0,
0.88,1.4476005761927915,2.3840000000000003,2.0944798847614416,21239.999999981956,3.235300654754623,124000.0,
0.8,1.306726694616983,2.1519999999999997,1.8906546610766035,21249.99999998181,3.383405034926982,125000.0,
0.7733333333333333,1.45245829624713,2.392,2.101508340750574,21259.999999981665,3.6892098658255055,126000.0,
0.8,1.3212998547799975,2.1759999999999997,1.9117400290440008,21269.99999998152,3.4029548184640634,127000.0,
0.88,1.5156086569535265,2.4959999999999996,2.192878268609295,21279.999999981374,3.315006807134211,128000.0,
0.8666666666666667,1.1075601723891157,1.8239999999999998,1.6024879655221766,21289.999999981228,2.895797121977331,129000.0,
0.7866666666666666,1.0541252517913948,1.7359999999999998,1.5251749496417206,21299.999999981083,3.1230371844694385,130000.0,
0.7866666666666666,1.2338608938019093,2.0319999999999996,1.7852278212396182,21309.999999980937,3.352192661601439,131000.0,
0.6,1.073556132008748,1.7679999999999996,1.5532887735982501,21319.99999998079,4.128811331111049,132000.0,
0.8133333333333334,0.9764017309219838,1.6079999999999999,1.4127196538156033,21329.999999980646,2.9270480298113,133000.0,
0.8933333333333333,1.4281696959754389,2.352,2.0663660608049126,21339.9999999805,3.1712317492163855,134000.0,
0.7866666666666666,1.1464219328238214,1.888,1.6587156134352357,21349.999999980355,3.243753304425864,135000.0,
0.7866666666666666,1.3067266946169829,2.1519999999999992,1.8906546610766035,21359.99999998021,3.448208510095127,136000.0,
0.8533333333333334,1.2775803742909535,2.1039999999999996,1.8484839251418093,21369.999999980064,3.14528637611187,137000.0,
0.8533333333333334,1.4281696959754384,2.352,2.066366060804912,21379.99999997992,3.3223832374608673,138000.0,
0.9066666666666666,1.5447549772795561,2.543999999999999,2.2350490045440887,21389.999999979773,3.256123871989761,139000.0,
0.8533333333333334,1.3990233756494097,2.304,2.024195324870118,21399.999999979627,3.2894773933287835,140000.0,
0.8533333333333334,1.141564212769483,1.88,1.6516871574461032,21409.99999997948,2.988392436828861,141000.0,
0.8133333333333334,1.3698770553233797,2.256,1.982024588935324,21419.999999979336,3.416730805714569,142000.0,
0.8266666666666667,1.112417892443454,1.8319999999999996,1.6095164215113091,21429.99999997919,3.0508248698805445,143000.0,
0.8533333333333334,1.321299854779998,2.1759999999999997,1.9117400290440003,21439.999999979045,3.2008951423099057,144000.0,
0.9066666666666666,1.326157574834336,2.1839999999999997,1.918768485033133,21449.9999999789,3.018553207528069,145000.0,
0.7333333333333333,1.0444098116827185,1.72,1.5111180376634563,21459.999999978754,3.3485551977370336,146000.0,
0.84,1.2241454536932335,2.016,1.771170909261353,21469.99999997861,3.137947762322617,147000.0,
0.8933333333333333,1.3407307349973505,2.2079999999999997,1.9398538530005298,21479.999999978463,3.081710524240792,148000.0,
0.8133333333333334,1.3310152948886744,2.1919999999999997,1.925796941022265,21489.999999978318,3.3735401166554393,149000.0,
0.8533333333333334,1.3115844146713216,2.1599999999999997,1.8976831170657358,21499.999999978172,3.1932598609324954,150000.0,
0.8533333333333334,1.2290031737475715,2.0239999999999996,1.778199365250486,21509.999999978027,3.0971099692249666,151000.0,
0.8933333333333333,1.3310152948886742,2.192,1.925796941022265,21519.99999997788,3.073223091283283,152000.0,
0.7866666666666666,1.112417892443454,1.8319999999999996,1.6095164215113091,21529.999999977736,3.2127312191964053,153000.0,
0.8266666666666667,1.3164421347256596,2.168,1.9047115730548683,21539.99999997759,3.3047251629637535,154000.0,
0.8266666666666667,1.2775803742909535,2.104,1.8484839251418093,21549.999999977445,3.2583601301798257,155000.0,
0.8133333333333334,1.1609950929868365,1.9120000000000001,1.6798009814026327,21559.9999999773,3.169089048743276,156000.0,
0.8,1.0638406919000718,1.7519999999999998,1.5392318616199856,21569.999999977153,3.101130864863865,157000.0,
0.84,1.1269910526064686,1.8559999999999999,1.6306017894787062,21579.999999977008,3.029271888012875,158000.0,
0.8,0.9326822504329396,1.5359999999999998,1.3494635499134122,21589.999999976862,2.938516146363264,159000.0,
0.8533333333333334,1.3795924954320564,2.272,1.9960815009135884,21599.999999976717,3.279206830573891,160000.0,
0.8266666666666667,1.15127965287816,1.8960000000000001,1.665744069424368,21609.99999997657,3.1094479671804227,161000.0,
0.8133333333333334,1.2970112545083066,2.1359999999999997,1.8765977490983388,21619.999999976426,3.3402564604499445,162000.0,
0.8533333333333334,1.277580374290954,2.104,1.8484839251418088,21629.99999997628,3.161536376111634,163000.0,
0.8,1.3067266946169833,2.1519999999999997,1.8906546610766035,21639.999999976135,3.409405034926603,164000.0,
0.88,1.3601616152147034,2.24,1.9679676769570593,21649.99999997599,3.1607866839458274,165000.0,
0.76,1.049267531737057,1.728,1.5181464936525884,21659.999999975844,3.251488857536852,166000.0,
0.84,1.219287733638895,2.008,1.7641424532722212,21669.9999999757,3.1448631749561557,167000.0,
0.8266666666666667,1.326157574834336,2.1839999999999997,1.9187684850331326,21679.999999975553,3.3255099695466988,168000.0,
0.8533333333333334,1.3650193352690418,2.2479999999999998,1.9749961329461916,21689.999999975407,3.2677539085077765,169000.0,
0.8,1.1901414133128656,1.9599999999999995,1.721971717337427,21699.99999997526,3.2676734332963986,170000.0,
0.8266666666666667,1.0929870122261012,1.8,1.5814025975547796,21709.999999975116,3.0453842889721927,171000.0,
0.8266666666666667,1.326157574834336,2.1839999999999997,1.9187684850331326,21719.99999997497,3.3280906147079516,172000.0,
0.7866666666666666,1.112417892443454,1.8319999999999996,1.6095164215113091,21729.999999974825,3.226290541230106,173000.0,
0.8533333333333334,1.2484340539649244,2.056,1.8063131892070154,21739.99999997468,3.134255531979468,174000.0,
0.8,1.2970112545083066,2.1359999999999997,1.8765977490983383,21749.999999974534,3.404594068123984,175000.0,
0.8533333333333334,1.457316016301468,2.4,2.108536796739706,21759.99999997439,3.3802890815925872,176000.0,
0.8266666666666667,1.2241454536932332,2.016,1.7711709092613535,21769.999999974243,3.2079146617146352,177000.0,
0.8266666666666667,1.2532917740192624,2.0639999999999996,1.8133416451961473,21779.999999974098,3.243817468560629,178000.0,
0.8266666666666667,1.2775803742909535,2.103999999999999,1.8484839251418093,21789.999999973952,3.2738440011473426,179000.0,
0.8,0.9087896895196937,2.008,1.8262420620960613,21799.999999973807,3.3107730003705047,180000.0,
0.84,1.0427547035126365,2.304,2.095449059297472,21809.99999997366,2.9435936946469887,181000.0,
0.8533333333333334,1.0499960556203631,2.32,2.1100007888759276,21819.999999973516,2.906711002669363,182000.0,
0.8666666666666667,1.0210306471894564,2.256,2.0517938705621086,21829.99999997337,2.8291861313618556,183000.0,
0.8133333333333334,0.9160310416274202,2.0239999999999996,1.8407937916745163,21839.999999973224,2.886264395432251,184000.0,
0.84,0.9848238866508234,2.1759999999999997,1.979035222669835,21849.99999997308,2.8771681190178096,185000.0,
0.88,0.9522378021660535,2.104,1.913552439566789,21859.999999972933,2.7099641691176313,186000.0,
0.8666666666666667,1.1477543090746727,2.5359999999999996,2.3064491381850654,21869.999999972788,2.977867279690916,187000.0,
0.8266666666666667,1.2455125625289825,2.7519999999999993,2.502897487494203,21879.999999972642,3.240858744983584,188000.0,
0.8,0.9594791542737798,2.12,1.9281041691452439,21889.999999972497,2.9920122761640235,189000.0,
0.8266666666666667,0.8508588726578803,1.8799999999999997,1.7098282254684238,21899.99999997235,2.76474541046207,190000.0,
0.8133333333333334,1.0427547035126365,2.304,2.095449059297472,21909.999999972206,3.0466623403730244,191000.0,
0.8266666666666667,1.0680994358896794,2.36,2.1463801128220634,21919.99999997206,3.028826736952131,192000.0,
0.8266666666666667,0.97034118243537,2.1439999999999997,1.9499317635129254,21929.999999971915,2.911215946483199,193000.0,
0.72,0.9160310416274202,2.0239999999999996,1.8407937916745156,21939.99999997177,3.2678171874326205,194000.0,
0.8933333333333333,1.0499960556203631,2.32,2.1100007888759276,21949.999999971624,2.7843209577736068,195000.0,
0.8133333333333334,0.9377550979506,2.0719999999999996,1.8844489804098798,21959.99999997148,2.9208431532065378,196000.0,
0.8933333333333333,1.086202816158996,2.4,2.1827594367682,21969.999999971333,2.826044943451164,197000.0,
0.84,0.9305137458428734,2.056,1.869897250831425,21979.999999971187,2.8207671577383837,198000.0,
0.8,0.9522378021660535,2.1039999999999996,1.913552439566789,21989.99999997104,2.989627252695935,199000.0,
0.8533333333333334,1.162237013290126,2.5679999999999996,2.3355525973419744,21999.999999970896,3.0494933749384527,200000.0,
0.8,0.9558584782199167,2.1119999999999997,1.9208283043560164,22009.99999997075,2.9954864310965785,201000.0,
0.8133333333333334,1.0282719992971834,2.2720000000000002,2.066345600140563,22019.999999970605,3.036068851583428,202000.0,
0.8533333333333334,1.1332716048592193,2.5039999999999996,2.2773456790281563,22029.99999997046,3.0174245369334565,203000.0,
0.7866666666666666,0.9630998303276435,2.128,1.9353800339344707,22039.999999970314,3.0574963944724143,204000.0,
0.88,1.1441336330208092,2.5279999999999996,2.299173273395838,22049.99999997017,2.939542764785747,205000.0,
0.8933333333333333,1.0463753795664996,2.312,2.1027249240867,22059.999999970023,2.7868351263699327,206000.0,
0.9333333333333333,1.2563745906905723,2.776,2.524725081861886,22069.999999969878,2.892969918587005,207000.0,
0.88,1.1441336330208092,2.5279999999999996,2.299173273395838,22079.999999969732,2.9413609466039023,208000.0,
0.8,0.8725829289810602,1.928,1.7534834142037876,22089.999999969586,2.896725327881263,209000.0,
0.8266666666666667,0.9449964500583267,2.088,1.8990007099883344,22099.99999996944,2.8915247379624227,210000.0,
0.8666666666666667,1.2599952667444354,2.7839999999999994,2.532000946651112,22109.999999969295,3.1221453077711963,211000.0,
0.8933333333333333,1.039134027458773,2.296,2.088173194508246,22119.99999996915,2.7823112247567536,212000.0,
0.8133333333333334,1.03551335140491,2.2879999999999994,2.080897329719018,22129.999999969004,3.0521852681092163,213000.0,
0.8266666666666667,1.0282719992971834,2.272,2.0663456001405636,22139.99999996886,2.994841934622292,214000.0,
0.8533333333333334,1.0137892950817298,2.2399999999999998,2.037242140983654,22149.999999968713,2.884906205162852,215000.0,
0.8533333333333334,1.0427547035126363,2.3039999999999994,2.0954490592974726,22159.999999968568,2.9194750431678114,216000.0,
0.8533333333333334,1.039134027458773,2.296,2.088173194508245,22169.999999968422,2.9158570634171816,217000.0,
0.9066666666666666,0.9848238866508234,2.1759999999999993,1.9790352226698353,22179.999999968277,2.6850234043838648,218000.0,
0.7866666666666666,0.912410365573557,2.016,1.8335179268852884,22189.99999996813,3.0032301257170717,219000.0,
0.8266666666666667,1.0717201119435429,2.368,2.153655977611291,22199.999999967986,3.0512711031460586,220000.0,
0.8666666666666667,1.133271604859219,2.5039999999999996,2.277345679028156,22209.99999996784,2.9820795440573957,221000.0,
0.84,0.91603104162742,2.0239999999999996,1.8407937916745163,22219.999999967695,2.818763938434051,222000.0,
0.8533333333333334,1.006547942974003,2.2239999999999998,2.0226904114051996,22229.99999996755,2.8814202456615368,223000.0,
0.88,1.2382712104212557,2.735999999999999,2.4883457579157486,22239.999999967404,3.0580324360739652,224000.0,
0.8933333333333333,1.3143054075523855,2.904,2.6411389184895224,22249.99999996726,3.0981000830703866,225000.0,
0.8533333333333334,1.0246513232433196,2.264,2.059069735351336,22259.999999967113,2.904510144414615,226000.0,
0.8,1.0391340274587728,2.296,2.088173194508245,22269.999999966967,3.1169142009782296,227000.0,
0.8133333333333334,0.9051690134658305,1.9999999999999996,1.8189661973068336,22279.99999996682,2.901761901790533,228000.0,
0.8533333333333334,1.1441336330208094,2.528,2.2991732733958377,22289.999999966676,3.0464034761850836,229000.0,
0.8266666666666667,0.9884445627046864,2.1839999999999993,1.9863110874590624,22299.99999996653,2.9569861645505733,230000.0,
0.8133333333333334,0.9630998303276432,2.128,1.9353800339344716,22309.999999966385,2.9749555290796184,231000.0,
0.8666666666666667,1.0898234922128596,2.407999999999999,2.1900353015574283,22319.99999996624,2.938716337157652,232000.0,
0.8,1.1187889006437663,2.472,2.248242219871247,22329.999999966094,3.2204827924594133,233000.0,
0.8266666666666667,1.1586163372362626,2.56,2.328276732552747,22339.99999996595,3.1654197627742167,234000.0,
0.8666666666666667,1.1332716048592195,2.5039999999999996,2.277345679028156,22349.999999965803,2.9906949286726556,235000.0,
0.84,1.0789614640512697,2.3840000000000003,2.1682077071897456,22359.999999965657,3.0216176159226316,236000.0,
0.88,1.2491332385828458,2.76,2.5101733522834304,22369.999999965512,3.0782544377726277,237000.0,
0.8133333333333334,1.0065479429740032,2.2239999999999993,2.022690411405199,22379.999999965366,3.0329655036447485,238000.0,
0.88,1.086202816158996,2.399999999999999,2.1827594367682006,22389.99999996522,2.894318351684902,239000.0,
0.8666666666666667,1.3893079355407325,2.2879999999999994,2.010138412891853,22399.999999965075,2.880973866994561,240000.0,
0.8666666666666667,1.2192877336388952,2.008,1.7641424532722212,22409.99999996493,3.093636615726074,241000.0,
0.88,1.2630072141279391,2.08,1.8273985571744125,22419.999999964784,3.097050622104129,242000.0,
0.8133333333333334,1.054125251791395,1.7360000000000002,1.525174949641721,22429.99999996464,3.0947408833382153,243000.0,
0.88,1.3164421347256599,2.1679999999999997,1.9047115730548678,22439.999999964493,3.1589842439954605,244000.0,
0.7733333333333333,1.1561373729324982,1.9039999999999997,1.6727725254135004,22449.999999964348,3.388105223607116,245000.0,
0.84,1.1075601723891157,1.8239999999999998,1.6024879655221769,22459.999999964202,3.062012903626324,246000.0,
0.8266666666666667,1.394165655595071,2.296,2.0171668688809854,22469.999999964057,3.4587455511113627,247000.0,
0.8533333333333334,1.156137372932498,1.9039999999999997,1.6727725254135006,22479.99999996391,3.072345358893921,248000.0,
0.8666666666666667,1.2970112545083066,2.1359999999999992,1.8765977490983388,22489.999999963766,3.188240678267631,249000.0,
0.7866666666666666,1.2047145734758802,1.9839999999999998,1.743057085304824,22499.99999996362,3.3958202205078547,250000.0,
0.8133333333333334,1.0929870122261012,1.8,1.58140259755478,22509.999999963475,3.147767637970974,251000.0,
0.8533333333333334,1.2727226542366157,2.0959999999999996,1.8414554691526772,22519.99999996333,3.211468735422147,252000.0,
0.8,1.2047145734758802,1.9840000000000002,1.743057085304824,22529.999999963184,3.3412232168326947,253000.0,
0.8,1.024978931465366,1.688,1.4830042137069268,22539.999999963038,3.1172203309862083,254000.0,
0.84,1.2290031737475715,2.024,1.778199365250486,22549.999999962893,3.2123021909577356,255000.0,
0.7866666666666666,1.0395520916283807,1.712,1.5040895816743238,22559.999999962747,3.1899357096847027,256000.0,
0.8266666666666667,1.1221333325521305,1.8479999999999996,1.6235733334895739,22569.9999999626,3.136125805494809,257000.0,
0.76,1.1998568534215421,1.9759999999999995,1.7360286293156917,22579.999999962456,3.514194105366376,258000.0,
0.7866666666666666,1.049267531737057,1.728,1.5181464936525886,22589.99999996231,3.204319743721126,259000.0,
0.92,1.5010354967905117,2.4719999999999995,2.171792900641898,22599.999999962165,3.2315574240370286,260000.0,
0.8133333333333334,1.1609950929868362,1.9119999999999997,1.6798009814026327,22609.99999996202,3.2379415077586677,261000.0,
0.8133333333333334,1.3407307349973507,2.2079999999999997,1.9398538530005303,22619.999999961874,3.459583690558471,262000.0,
0.8533333333333334,1.306726694616983,2.1519999999999997,1.8906546610766035,22629.99999996173,3.2581922202427904,263000.0,
0.84,1.2484340539649241,2.0559999999999996,1.806313189207015,22639.999999961583,3.2411484769306917,264000.0,
0.84,1.1318487726608066,1.8639999999999994,1.6376302454678384,22649.999999961437,3.1029913960130826,265000.0,
0.7866666666666666,1.326157574834336,2.1839999999999993,1.9187684850331326,22659.999999961292,3.56104437477692,266000.0,
0.8421052631578947,1.2320072900969645,2.028947368421052,1.7825459104016594,22669.999999961146,3.192380531978622,267000.0,
0.8552631578947368,1.2368010927821673,2.0368421052631582,1.7894818867067248,22679.999999961,3.149487431549333,268000.0,
0.8026315789473685,1.289532922319391,2.1236842105263154,1.8657776260624377,22689.999999960855,3.422365608123526,269000.0,
0.8026315789473685,1.1792754605597406,1.9421052631578943,1.7062501710459466,22699.99999996071,3.2856513934721483,270000.0,
0.8289473684210527,1.3614399625974243,2.2421052631578946,1.96981727063841,22709.999999960564,3.401733923121658,271000.0,
0.868421052631579,1.4669036216718723,2.4157894736842103,2.122408749349836,22719.99999996042,3.369158715853362,272000.0,
0.7763157894736842,1.0977808149113035,1.807894736842105,1.5883385738598443,22729.999999960273,3.2940871513986116,273000.0,
0.7763157894736842,1.0210799719480683,1.6815789473684208,1.4773629529788073,22739.999999960128,3.19596403164935,274000.0,
0.8026315789473685,1.0833994068556967,1.7842105263157895,1.5675306449446498,22749.999999959982,3.1694779495129635,275000.0,
0.9473684210526315,1.4093779894494458,2.3210526315789473,2.0391770336890582,22759.999999959837,3.02989621107521,276000.0,
0.8026315789473685,1.2943267250045931,2.131578947368421,1.8727136023675026,22769.99999995969,3.43358411638698,277000.0,
0.8289473684210527,1.140925039078123,1.878947368421052,1.650762360605428,22779.999999959546,3.140160364590372,278000.0,
0.7894736842105263,1.1313374337077184,1.8631578947368421,1.6368904079952984,22789.9999999594,3.2856907493507017,279000.0,
0.8026315789473685,1.2559763035229756,2.068421052631579,1.817225791926984,22799.999999959255,3.3877704765082144,280000.0,
0.75,1.164894052504134,1.9184210526315795,1.685442242130752,22809.99999995911,3.504767508588922,281000.0,
0.868421052631579,1.3949965813938394,2.297368421052631,2.0183691047738637,22819.999999958964,3.2924172755331145,282000.0,
0.8157894736842105,1.26556390889338,2.0842105263157893,1.8310977445371137,22829.999999958818,3.3468170495991947,283000.0,
0.8026315789473685,1.1313374337077189,1.8631578947368423,1.6368904079952984,22839.999999958673,3.235105655099004,284000.0,
0.8552631578947368,1.260770106208178,2.0763157894736843,1.8241617682320486,22849.999999958527,3.1879742780165157,285000.0,
0.7763157894736842,1.1409250390781227,1.8789473684210525,1.650762360605428,22859.99999995838,3.358476321511674,286000.0,
0.868421052631579,1.3278833438010087,2.186842105263158,1.9212654365029564,22869.999999958236,3.2181656686079925,287000.0,
0.8289473684210527,1.3470585545418177,2.218421052631579,1.9490093417232155,22879.99999995809,3.3951785737210862,288000.0,
0.8552631578947368,1.3326771464862108,2.194736842105263,1.928201412808021,22889.999999957945,3.274511740495411,289000.0,
0.7105263157894737,1.212832079356156,1.997368421052631,1.7548020051814006,22899.9999999578,3.77361181537624,290000.0,
0.8289473684210527,1.303914330374998,2.147368421052631,1.8865855549776323,22909.999999957654,3.345036335043625,291000.0,
0.8421052631578947,1.356646159912222,2.2342105263157896,1.9628812943333451,22919.99999995751,3.3560141898840126,292000.0,
0.7894736842105263,1.3518523572270196,2.2263157894736842,1.9559453180282802,22929.999999957363,3.574342985808348,293000.0,
0.8289473684210527,1.1744816578745385,1.9342105263157892,1.6993141947408816,22939.999999957217,3.1908000952017734,294000.0,
0.7894736842105263,1.3949965813938396,2.2973684210526315,2.0183691047738637,22949.999999957072,3.6303256697529673,295000.0,
0.8289473684210527,1.260770106208178,2.076315789473684,1.8241617682320486,22959.999999956926,3.2961639376359866,296000.0,
0.7631578947368421,1.2080382766709536,1.989473684210526,1.7478660288763357,22969.99999995678,3.5119087763144403,297000.0,
0.8947368421052632,1.1361312363929208,1.8710526315789473,1.6438263843003629,22979.999999956635,2.915673146545683,298000.0,
0.881578947368421,1.145718841763325,1.8868421052631577,1.657698336910493,22989.99999995649,2.9706631637799488,299000.0,
0.881578947368421,0.7646296140066619,1.689473684210526,1.536547761409194,22999.999999956344,2.8353165204682362,300000.0,
0.8552631578947368,0.9754387131954144,2.155263157894736,1.9601754152556534,23009.9999999562,2.8642021877245263,301000.0,
0.8552631578947368,1.0218881757285296,2.2578947368421054,2.053517101696399,23019.999999956053,2.9191277131478524,302000.0,
0.8947368421052632,1.0218881757285292,2.2578947368421054,2.0535171016963987,23029.999999955908,2.790930902273673,303000.0,
0.881578947368421,1.0826297805795257,2.3921052631578945,2.1755793070419895,23039.999999955762,2.902084527213208,304000.0,
0.8552631578947368,1.007596033410648,2.2263157894736842,2.0247965827915544,23049.999999955617,2.9042630544376866,305000.0,
0.9078947368421053,1.2255512037583411,2.7078947368421047,2.462784496090437,23059.99999995547,2.976546253403967,306000.0,
0.8421052631578947,0.9146971083444175,2.0210526315789465,1.838113209910064,23069.999999955326,2.8405746911471086,307000.0,
0.868421052631579,1.2291242393378117,2.7157894736842096,2.469964625816648,23079.99999995518,3.1171703361956413,308000.0,
0.7236842105263158,0.8539555034934212,1.8868421052631577,1.7160510045644728,23089.999999955035,3.2229166957225104,309000.0,
0.8157894736842105,1.007596033410648,2.2263157894736842,2.0247965827915553,23099.99999995489,3.0480177183620443,310000.0,
0.8552631578947368,1.1791017412252263,2.6052631578947367,2.369442809649691,23109.999999954744,3.1084851128054476,311000.0,
0.881578947368421,1.0540454959437628,2.328947368421053,2.1181382692322996,23119.999999954598,2.8744366819546614,312000.0,
0.8289473684210527,0.964719606457003,2.1315789473684212,1.9386350260770202,23129.999999954453,2.9498173030153647,313000.0,
0.8289473684210527,1.0326072824669403,2.2815789473684203,2.0750574908750328,23139.999999954307,3.032348467725756,314000.0,
0.8289473684210527,1.1076410296358186,2.4473684210526314,2.2258402151254675,23149.99999995416,3.12350028970725,315000.0,
0.8157894736842105,1.0719106738411148,2.3684210526315783,2.1540389178633554,23159.999999954016,3.130725987276753,316000.0,
0.7894736842105263,1.1791017412252263,2.6052631578947363,2.3694428096496916,23169.99999995387,3.37152553887251,317000.0,
0.8552631578947368,1.1112140652152889,2.455263157894737,2.2330203448516786,23179.999999953725,3.033416445470689,318000.0,
0.8421052631578947,1.0004499622517071,2.210526315789474,2.0104363233391322,23189.99999995358,2.949906205161906,319000.0,
0.7631578947368421,0.8575285390728917,1.8947368421052628,1.7232311342906848,23199.999999953434,3.0684822235995073,320000.0,
0.881578947368421,0.9575735352980626,2.115789473684211,1.9242747666245983,23209.99999995329,2.7703789355505046,321000.0,
0.8947368421052632,1.12550620753317,2.4868421052631575,2.261740863756524,23219.999999953143,2.917915761349286,322000.0,
0.8289473684210527,0.9682926420364735,2.1394736842105258,1.9458151558032313,23229.999999952997,2.96047683800003,323000.0,
0.868421052631579,1.1183601363742297,2.4710526315789467,2.2473806043041016,23239.99999995285,2.999320763085921,324000.0,
0.8552631578947368,0.9754387131954144,2.155263157894736,1.9601754152556536,23249.999999952706,2.8789714184935424,325000.0,
0.8552631578947368,1.0933488873179371,2.4157894736842103,2.1971196962206236,23259.99999995256,3.017451006698329,326000.0,
0.8421052631578947,1.0361803180464106,2.289473684210526,2.082237620601244,23269.999999952415,2.997336002668044,327000.0,
0.7894736842105263,0.9004049660265363,1.9894736842105265,1.809392691005219,23279.99999995227,3.025842956954063,328000.0,
0.8157894736842105,0.9682926420364739,2.139473684210526,1.9458151558032313,23289.999999952124,3.0120974321612652,329000.0,
0.8552631578947368,1.0719106738411146,2.3684210526315788,2.154038917863356,23299.99999995198,2.9948463263253933,330000.0,
0.8552631578947368,1.1290792431126409,2.494736842105263,2.2689209934827343,23309.999999951833,3.0623049611659376,331000.0,
0.8552631578947368,1.0611915671027035,2.344736842105263,2.1324985286847227,23319.999999951688,2.9835439861389252,332000.0,
0.8552631578947368,1.1362253142715817,2.5105263157894733,2.2832812529351574,23329.999999951542,3.071891136674836,333000.0,
0.8289473684210527,0.9468544285596514,2.0921052631578947,1.9027343774459649,23339.999999951397,2.9415989931707465,334000.0,
0.8289473684210527,1.21483209701993,2.6842105263157894,2.441244106911803,23349.99999995125,3.2655085614720254,335000.0,
0.868421052631579,1.2076860258609894,2.6684210526315786,2.426883847459381,23359.999999951106,3.1094536055251143,336000.0,
0.8552631578947368,0.9682926420364735,2.1394736842105266,1.9458151558032313,23369.99999995096,2.878000627599904,337000.0,
0.868421052631579,1.1540904921689334,2.55,2.3191819015662127,23379.999999950815,3.0489496576372748,338000.0,
0.8421052631578947,1.1183601363742295,2.471052631578947,2.247380604304101,23389.99999995067,3.1024245369322196,339000.0,
0.868421052631579,1.0611915671027035,2.344736842105263,2.1324985286847222,23399.999999950523,2.943187259076144,340000.0,
0.8289473684210527,0.9397083574007107,2.076315789473684,1.8883741179935416,23409.999999950378,2.9374227803440234,341000.0,
0.8552631578947368,1.1219331719537002,2.478947368421052,2.254560734030312,23419.999999950232,3.0607187856569245,342000.0,
0.7763157894736842,0.8753937169702437,1.9342105263157894,1.7591317829217405,23429.999999950087,3.055080042185709,343000.0,
0.868421052631579,1.1433713854305223,2.5263157894736836,2.2976415123875795,23439.99999994994,3.040242807453597,344000.0,
0.8552631578947368,0.9468544285596512,2.0921052631578942,1.9027343774459644,23449.999999949796,2.8578574856884713,345000.0,
0.7894736842105263,0.9397083574007103,2.0763157894736843,1.8883741179935423,23459.99999994965,3.0876272526945088,346000.0,
0.8421052631578947,1.1183601363742295,2.4710526315789467,2.2473806043041016,23469.999999949505,3.1074245369321467,347000.0,
0.8026315789473685,1.0040229978311777,2.218421052631579,2.017616453065343,23479.99999994936,3.118451603842375,348000.0,
0.9210526315789473,1.1076410296358186,2.4473684210526314,2.2258402151254675,23489.999999949214,2.8305788321648144,349000.0,
0.7894736842105263,0.9182701439238882,2.0289473684210524,1.8452933396362752,23499.99999994907,3.063138848957162,350000.0,
0.8947368421052632,0.9682926420364735,2.1394736842105258,1.9458151558032317,23509.999999948923,2.7592653057939063,351000.0,
0.8947368421052632,1.0147421045695886,2.2421052631578946,2.0391568422439765,23519.999999948777,2.811767646272085,352000.0,
0.8157894736842105,0.9682926420364737,2.139473684210526,1.9458151558032308,23529.99999994863,3.0275813031287817,353000.0,
0.8289473684210527,1.046899424784822,2.313157894736842,2.103778009779877,23539.999999948486,3.0749866076644183,354000.0,
0.8026315789473685,0.9790117487748846,2.163157894736842,1.9673555449818654,23549.99999994834,3.0918802115754516,355000.0,
0.8552631578947368,0.9825847843543553,2.171052631578947,1.9745356747080762,23559.999999948195,2.906403747848334,356000.0,
0.8421052631578947,1.196966919122578,2.6447368421052633,2.405343458280747,23569.99999994805,3.20702009144572,357000.0,
0.9210526315789473,1.1112140652152889,2.4552631578947373,2.2330203448516786,23579.999999947904,2.839600985079593,358000.0,
0.8157894736842105,1.1147871007947594,2.4631578947368418,2.2402004745778896,23589.99999994776,3.211026123542108,359000.0,
0.75,1.1648940525041336,1.9184210526315788,1.685442242130752,23599.999999947613,3.1646775628222357,360000.0,
0.8026315789473685,1.1025746175965054,1.8157894736842102,1.5952745501649093,23609.999999947468,3.24976181863184,361000.0,
0.7894736842105263,1.1457188417633255,1.8868421052631579,1.6576983369104927,23619.999999947322,3.359240532886999,362000.0,
0.7894736842105263,1.0929870122261014,1.7999999999999998,1.5814025975547796,23629.999999947177,3.2931135488065064,363000.0,
0.7763157894736842,1.2751515142637848,2.1,1.8449696971472431,23639.99999994703,3.5842595776822668,364000.0,
0.8552631578947368,1.1648940525041338,1.918421052631579,1.6854422421307524,23649.999999946886,3.125103815223379,365000.0,
0.7368421052631579,1.1313374337077184,1.8631578947368421,1.6368904079952984,23659.99999994674,3.5825258028748483,366000.0,
0.7631578947368421,1.1505126444485274,1.8947368421052628,1.6646343132155577,23669.999999946594,3.4848062237464212,367000.0,
0.8421052631578947,1.327883343801009,2.1868421052631577,1.921265436502956,23679.99999994645,3.3693583457512566,368000.0,
0.8421052631578947,1.1984506713005494,1.9736842105263155,1.733994076266206,23689.999999946303,3.2162820471569518,369000.0,
0.9078947368421053,1.3278833438010087,2.186842105263158,1.9212654365029558,23699.999999946158,3.1263613641750614,370000.0,
0.7631578947368421,1.2032444739857513,1.9815789473684207,1.7409300525712708,23709.999999946012,3.556661724519295,371000.0,
0.8421052631578947,1.4716974243570746,2.4236842105263157,2.1293447256549007,23719.999999945867,3.542637566411548,372000.0,
0.8026315789473685,1.260770106208178,2.076315789473684,1.8241617682320486,23729.99999994572,3.454726689688891,373000.0,
0.8947368421052632,1.2799453169489867,2.1078947368421055,1.851905673452308,23739.999999945576,3.121112413048871,374000.0,
0.868421052631579,1.2032444739857517,1.9815789473684207,1.7409300525712708,23749.99999994543,3.1279754548805574,375000.0,
0.7894736842105263,1.2320072900969647,2.0289473684210524,1.7825459104016599,23759.999999945285,3.4778725674428066,376000.0,
0.8421052631578947,1.1457188417633253,1.8868421052631577,1.657698336910493,23769.99999994514,3.1586629995814253,377000.0,
0.8289473684210527,1.1361312363929208,1.8710526315789475,1.643826384300363,23779.999999944994,3.1978694280168236,378000.0,
0.8289473684210527,1.2080382766709539,1.989473684210526,1.7478660288763357,23789.99999994485,3.2852493496220605,379000.0,
0.868421052631579,1.1025746175965054,1.8157894736842102,1.5952745501649095,23799.999999944703,3.0150828929777447,380000.0,
0.75,1.1792754605597406,1.9421052631578943,1.7062501710459466,23809.999999944557,3.594118157925201,381000.0,
0.8289473684210527,1.3854089760234352,2.2815789473684203,2.004497152163734,23819.99999994441,3.501125113920264,382000.0,
0.8421052631578947,1.2703577115785822,2.0921052631578942,1.8380337208421782,23829.999999944266,3.3104216574869882,383000.0,
0.8026315789473685,1.2463886981525711,2.052631578947368,1.8033538393168544,23839.99999994412,3.444021984570325,384000.0,
0.9210526315789473,1.2176258820413581,2.005263157894737,1.7617379814864653,23849.999999943975,2.9705623862048154,385000.0,
0.868421052631579,1.2655639088933803,2.0842105263157893,1.8310977445371137,23859.99999994383,3.2064038950771234,386000.0,
0.8026315789473685,1.2655639088933803,2.0842105263157893,1.8310977445371135,23869.999999943684,3.469879624181796,387000.0,
0.868421052631579,1.140925039078123,1.8789473684210527,1.6507623606054282,23879.99999994354,3.0640924692292337,388000.0,
0.8026315789473685,0.9827295504664506,1.6184210526315788,1.4218751425382887,23889.999999943393,3.1188073087646186,389000.0,
0.8026315789473685,1.121749828337314,1.8473684210526313,1.6230184553851688,23899.999999943248,3.292668638570931,390000.0,
0.8421052631578947,1.0977808149113033,1.807894736842105,1.5883385738598446,23909.999999943102,3.1104865926945218,391000.0,
0.8157894736842105,1.2703577115785827,2.0921052631578947,1.8380337208421782,23919.999999942956,3.4230159045026136,392000.0,
0.8289473684210527,1.3182957384306042,2.1710526315789465,1.9073934838928268,23929.99999994281,3.4271472399986522,393000.0,
0.8157894736842105,1.1936568686153475,1.9657894736842103,1.7270580999611411,23939.999999942665,3.330285838934758,394000.0,
0.7368421052631579,1.1792754605597404,1.9421052631578946,1.706250171045947,23949.99999994252,3.6682988393165763,395000.0,
0.8421052631578947,1.2176258820413581,2.0052631578947366,1.7617379814864649,23959.999999942374,3.2559276099114163,396000.0,
0.8157894736842105,1.2991205276897957,2.139473684210526,1.8796495786725673,23969.99999994223,3.46149935650986,397000.0,
0.868421052631579,1.241594895467369,2.0447368421052627,1.7964178630117893,23979.999999942083,3.186075940222823,398000.0,
0.8026315789473685,1.0594303934296858,1.7447368421052631,1.5328507634193262,23989.999999941938,3.220926391800685,399000.0,
0.8552631578947368,1.2895329223193912,2.123684210526316,1.8657776260624372,23999.999999941792,3.292373878391674,400000.0,
0.8421052631578947,1.2463886981525711,2.0526315789473686,1.803353839316854,24009.999999941647,3.293208454043436,401000.0,
0.7763157894736842,1.3278833438010085,2.186842105263158,1.921265436502956,24019.9999999415,3.6779480360688233,402000.0,
0.7894736842105263,1.2176258820413581,2.0052631578947366,1.7617379814864653,24029.999999941356,3.477656117238776,403000.0,
0.8026315789473685,1.2991205276897955,2.139473684210526,1.8796495786725673,24039.99999994121,3.5228354115345444,404000.0,
0.8026315789473685,1.361439962597424,2.2421052631578946,1.96981727063841,24049.999999941065,3.6011350353538756,405000.0,
0.8421052631578947,1.1265436310225163,1.8552631578947372,1.6299544316902337,24059.99999994092,3.1540174368264506,406000.0,
0.7894736842105263,1.3230895411158066,2.1789473684210527,1.9143294601978915,24069.999999940774,3.6139100853997053,407000.0,
0.7894736842105263,1.1409250390781231,1.8789473684210525,1.6507623606054278,24079.99999994063,3.3838350494852967,408000.0,
0.7763157894736842,1.1265436310225165,1.855263157894736,1.6299544316902337,24089.999999940483,3.4233409484218833,409000.0,
0.881578947368421,1.1840692632449428,1.95,1.7131861473510115,24099.999999940337,3.0804337911312674,410000.0,
0.7631578947368421,1.232007290096965,2.028947368421052,1.7825459104016599,24109.99999994019,3.6219371387335864,411000.0,
0.8289473684210527,1.2799453169489865,2.107894736842105,1.8519056734523083,24119.999999940046,3.3929467315444617,412000.0,
0.8552631578947368,1.2703577115785822,2.0921052631578947,1.8380337208421782,24129.9999999399,3.27795363198692,413000.0,
0.8421052631578947,1.145718841763325,1.8868421052631579,1.657698336910493,24139.999999939755,3.181787999581088,414000.0,
0.881578947368421,1.303914330374998,2.147368421052631,1.8865855549776323,24149.99999993961,3.219362523995167,415000.0,
0.8289473684210527,1.2655639088933803,2.0842105263157893,1.8310977445371135,24159.999999939464,3.378137413890043,416000.0,
0.8947368421052632,1.2751515142637846,2.1,1.8449696971472431,24169.99999993932,3.141048751223865,417000.0,
0.868421052631579,1.3566461599122217,2.234210526315789,1.9628812943333451,24179.999999939173,3.3306804265530827,418000.0,
0.8421052631578947,1.289532922319391,2.1236842105263154,1.8657776260624377,24189.999999939027,3.3556922202413713,419000.0,
0.8421052631578947,0.9397083574007109,2.0763157894736843,1.888374117993542,24199.999999938882,3.322161376109296,420000.0,
0.75,0.971865677615944,2.1473684210526316,1.9529952855294423,24209.999999938736,3.3456419561049935,421000.0,
0.7894736842105263,0.9361353218212403,2.0684210526315785,1.881193988267331,24219.99999993859,3.133768074293109,422000.0,
0.8421052631578947,1.1183601363742295,2.471052631578947,2.247380604304101,24229.999999938445,3.154924536931455,423000.0,
0.868421052631579,0.9861578199338258,2.1789473684210523,1.981715804434287,24239.9999999383,2.9076938532445737,424000.0,
0.8026315789473685,1.064764602682174,2.3526315789473684,2.1396786584109333,24249.999999938154,3.244621472180586,425000.0,
0.868421052631579,1.0933488873179364,2.4157894736842103,2.1971196962206228,24259.99999993801,3.0323381126565625,426000.0,
0.9078947368421053,1.1076410296358186,2.4473684210526314,2.2258402151254675,24269.999999937863,2.916819105094081,427000.0,
0.8289473684210527,1.3470344134603343,2.9763157894736842,2.706908906781617,24279.999999937718,3.4840383400341937,428000.0,
0.8947368421052632,1.1147871007947596,2.463157894736842,2.24020047457789,24289.999999937572,2.968876759699558,429000.0,
0.8026315789473685,1.0790567450000552,2.384210526315789,2.168399177315778,24299.999999937427,3.2657067642487183,430000.0,
0.8421052631578947,1.02903424688747,2.2736842105263158,2.0678773611488217,24309.99999993728,3.0538500431658555,431000.0,
0.8157894736842105,1.0897758517384666,2.4078947368421053,2.1899395664944117,24319.999999937136,3.2274639472788698,432000.0,
0.881578947368421,1.0754837094205851,2.3763157894736837,2.161219047589567,24329.99999993699,2.970993461419856,433000.0,
0.9078947368421053,1.279146737450397,2.826315789473684,2.570486441983604,24339.999999936845,3.109781913701384,434000.0,
0.8157894736842105,1.0183151401490589,2.25,2.046336971970188,24349.9999999367,3.1418024298466647,435000.0,
0.881578947368421,1.11836013637423,2.471052631578947,2.2473806043041016,24359.999999936554,3.0214204531881435,436000.0,
0.868421052631579,1.0468994247848222,2.313157894736842,2.1037780097798775,24369.999999936408,2.9855175194365158,437000.0,
0.7236842105263158,0.961146570877533,2.1236842105263154,1.9314548963508091,24379.999999936263,3.464853443379191,438000.0,
0.8026315789473685,0.9254162150828291,2.0447368421052627,1.859653599088697,24389.999999936117,3.080187415499302,439000.0,
0.7631578947368421,1.0290342468874705,2.2736842105263158,2.0678773611488217,24399.99999993597,3.3759724614243027,440000.0,
0.8157894736842105,0.9933038910927664,2.194736842105263,1.9960760638867099,24409.999999935826,3.115014447132443,441000.0,
0.881578947368421,1.1719556700662852,2.5894736842105264,2.3550825501972685,24419.99999993568,3.085797476480572,442000.0,
0.7631578947368421,0.9254162150828291,2.0447368421052627,1.859653599088697,24429.999999935535,3.2422660749216394,443000.0,
0.8947368421052632,1.0969219228974074,2.4236842105263157,2.2042998259468343,24439.99999993539,2.9577333255788596,444000.0,
0.9078947368421053,1.1004949584768777,2.431578947368421,2.2114799556730453,24449.999999935244,2.919382852802922,445000.0,
0.8552631578947368,0.9397083574007105,2.076315789473684,1.888374117993542,24459.9999999351,2.9116559255632666,446000.0,
0.8421052631578947,0.9361353218212403,2.068421052631579,1.881193988267331,24469.999999934953,2.9535325696495622,447000.0,
0.8289473684210527,1.0290342468874705,2.2736842105263158,2.0678773611488217,24479.999999934807,3.1131175041683323,448000.0,
0.7894736842105263,0.850382467913951,1.878947368421052,1.7088708748382622,24489.999999934662,3.0431477926769475,449000.0,
0.8157894736842105,1.1648095989073446,2.5736842105263156,2.3407222907448464,24499.999999934516,3.3310537018728095,450000.0,
0.9210526315789473,1.2184051325994003,2.692105263157895,2.4484242366380142,24509.99999993437,3.009122715381569,451000.0,
0.868421052631579,1.0326072824669403,2.2815789473684207,2.0750574908750328,24519.999999934225,2.9781508101006406,452000.0,
0.8552631578947368,1.0683376382616443,2.360526315789473,2.1468587881371444,24529.99999993408,3.0663609308775266,453000.0,
0.868421052631579,1.1505174565894631,2.5421052631578944,2.312001771840001,24539.999999933934,3.1151382833326196,454000.0,
0.868421052631579,1.0969219228974072,2.423684210526315,2.204299825946834,24549.99999993379,3.054028274838728,455000.0,
0.881578947368421,1.068337638261644,2.3605263157894734,2.146858788137145,24559.999999933643,2.976618813537873,456000.0,
0.881578947368421,1.0897758517384668,2.4078947368421053,2.1899395664944117,24569.999999933498,3.0015338019593343,457000.0,
0.9473684210526315,1.0933488873179367,2.4157894736842103,2.1971196962206228,24579.999999933352,2.7974210477127017,458000.0,
0.8157894736842105,1.0004499622517071,2.2105263157894735,2.010436323339132,24589.999999933207,3.1353870504883954,459000.0,
0.8289473684210527,1.007596033410648,2.2263157894736842,2.0247965827915544,24599.99999993306,3.094874579973959,460000.0,
0.8552631578947368,1.1612365633278743,2.56578947368421,2.3335421610186358,24609.999999932916,3.1799042894164313,461000.0,
0.7763157894736842,0.943281392980181,2.0842105263157897,1.895554247719753,24619.99999993277,3.22320654009564,462000.0,
0.8552631578947368,1.1433713854305223,2.5263157894736836,2.2976415123875795,24629.999999932625,3.160246542951817,463000.0,
0.868421052631579,1.1505174565894631,2.542105263157895,2.3120017718400017,24639.99999993248,3.121198889393137,464000.0,
0.8289473684210527,1.0933488873179371,2.4157894736842103,2.1971196962206223,24649.999999932334,3.201497070401754,465000.0,
0.868421052631579,1.0111690689901183,2.234210526315789,2.0319767125177655,24659.999999932188,2.961949230945389,466000.0,
0.8552631578947368,1.1040679940563478,2.439473684210526,2.218660085399256,24669.999999932043,3.1167533468835162,467000.0,
0.8157894736842105,0.9754387131954144,2.155263157894736,1.9601754152556536,24679.999999931897,3.110534551645113,468000.0,
0.868421052631579,1.2005399547020486,2.652631578947369,2.4125235880069584,24689.99999993175,3.1818308569166764,469000.0,
0.8157894736842105,0.971865677615944,2.1473684210526316,1.9529952855294423,24699.999999931606,3.1074450241605827,470000.0,
0.6842105263157895,0.8896858592881252,1.9657894736842105,1.7878523018265857,24709.99999993146,3.585690871250794,471000.0,
0.8289473684210527,1.0862028161589965,2.4,2.1827594367682,24719.999999931315,3.1973208575750305,472000.0,
0.8026315789473685,0.9325622862417696,2.0605263157894735,1.87401385854112,24729.99999993117,3.1113857992379854,473000.0,
0.8552631578947368,1.104067994056348,2.439473684210526,2.2186600853992564,24739.999999931024,3.121061039191146,474000.0,
0.881578947368421,1.1326522786921114,2.5026315789473688,2.2761011232089463,24749.99999993088,3.0609160176080885,475000.0,
0.881578947368421,1.2005399547020488,2.6526315789473687,2.4125235880069584,24759.999999930733,3.1385199486044266,476000.0,
0.8026315789473685,0.9254162150828289,2.0447368421052627,1.8596535990886975,24769.999999930587,3.1051054482858245,477000.0,
0.881578947368421,1.150517456589463,2.5421052631578944,2.312001771840002,24779.999999930442,3.0829720402975953,478000.0,
0.9078947368421053,1.1040679940563483,2.439473684210526,2.218660085399256,24789.999999930296,2.9430285151800235,479000.0,
0.7894736842105263,1.65865572907996,2.7315789473684204,2.3998478015524287,24799.99999993015,3.5526057266148627,480000.0,
0.7631578947368421,1.1217498283373142,1.8473684210526315,1.6230184553851685,24809.999999930005,3.525737706082307,481000.0,
0.8157894736842105,1.0977808149113033,1.8078947368421046,1.5883385738598443,24819.99999992986,3.2695345472967166,482000.0,
0.8289473684210527,1.2272134874117626,2.021052631578947,1.775609934096595,24829.999999929714,3.374413095911599,483000.0,
0.8026315789473685,1.1457188417633253,1.8868421052631579,1.6576983369104927,24839.99999992957,3.384171015953261,484000.0,
0.8552631578947368,1.3374709491714132,2.202631578947368,1.9351373891130854,24849.999999929423,3.4007321867102007,485000.0,
0.8552631578947368,1.2895329223193912,2.1236842105263154,1.8657776260624377,24859.999999929278,3.345296955313981,486000.0,
0.7894736842105263,1.1792754605597406,1.9421052631578946,1.7062501710459466,24869.999999929132,3.485078916694579,487000.0,
0.7894736842105263,1.1553064471337295,1.9026315789473687,1.6715702895206226,24879.999999928987,3.455384833021623,488000.0,
0.9078947368421053,1.557985872690714,2.5657894736842106,2.2541922991460677,24889.99999992884,3.4487931351250376,489000.0,
0.881578947368421,1.4429346082458614,2.3763157894736846,2.0877288678245116,24899.999999928696,3.4218332869525105,490000.0,
0.8552631578947368,1.4956664377830855,2.4631578947368418,2.164024607180225,24909.99999992855,3.5893915272407177,491000.0,
0.7894736842105263,1.049842788059281,1.7289473684210523,1.5189788108091964,24919.999999928405,3.324464198193949,492000.0,
0.8552631578947368,1.2991205276897955,2.139473684210526,1.8796495786725673,24929.99999992826,3.3608147708239295,493000.0,
0.868421052631579,1.2751515142637844,2.0999999999999996,1.8449696971472431,24939.999999928114,3.282898713381485,494000.0,
0.8157894736842105,1.3278833438010087,2.1868421052631577,1.921265436502956,24949.999999927968,3.5599828085162337,495000.0,
0.9473684210526315,1.6682433344503647,2.7473684210526312,2.413719754162559,24959.999999927823,3.42536518635218,496000.0,
0.8289473684210527,1.4093779894494458,2.3210526315789473,2.0391770336890587,24969.999999927677,3.6030559872585166,497000.0,
0.881578947368421,1.3566461599122217,2.234210526315789,1.9628812943333451,24979.99999992753,3.32872997242473,498000.0,
0.8289473684210527,1.2368010927821669,2.036842105263158,1.7894818867067248,24989.999999927386,3.396137826199558,499000.0,
0.9210526315789473,1.2751515142637846,2.0999999999999996,1.8449696971472436,24999.99999992724,3.098733072616779,500000.0,
0.8289473684210527,1.2415948954673695,2.0447368421052636,1.7964178630117893,25009.999999927095,3.4031906675340693,501000.0,
0.868421052631579,1.510047845838692,2.486842105263157,2.1848325360954193,25019.99999992695,3.5582338830737323,502000.0,
0.8289473684210527,1.313501935745402,2.163157894736842,1.9004575075877614,25029.999999926804,3.4912055097742174,503000.0,
0.8026315789473685,1.049842788059281,1.7289473684210528,1.5189788108091964,25039.99999992666,3.277833637567704,504000.0,
0.7894736842105263,1.184069263244943,1.95,1.7131861473510115,25049.999999926513,3.5031510667623276,505000.0,
0.8157894736842105,1.299120527689795,2.1394736842105258,1.8796495786725673,25059.999999926367,3.5318219371539974,506000.0,
0.8026315789473685,1.2607701062081778,2.0763157894736843,1.8241617682320486,25069.99999992622,3.542595542146628,507000.0,
0.8421052631578947,1.2463886981525711,2.052631578947368,1.8033538393168544,25079.999999926076,3.3600834540424636,508000.0,
0.881578947368421,1.3758213706530305,2.2657894736842104,1.9906251995536046,25089.99999992593,3.3570481219216712,509000.0,
0.8552631578947368,1.3039143303749976,2.1473684210526316,1.8865855549776323,25099.999999925785,3.3768813708864753,510000.0,
0.7894736842105263,1.0977808149113033,1.8078947368421054,1.5883385738598443,25109.99999992564,3.397852365539659,511000.0,
0.8026315789473685,1.016286169262866,1.6736842105263154,1.4704269766737426,25119.999999925494,3.2412712928376672,512000.0,
0.868421052631579,1.3758213706530305,2.26578947368421,1.9906251995536046,25129.99999992535,3.41033672982954,513000.0,
0.8947368421052632,1.486078832412681,2.4473684210526314,2.1501526545700957,25139.999999925203,3.4338498715070953,514000.0,
0.8026315789473685,1.2272134874117626,2.021052631578947,1.775609934096595,25149.999999925058,3.506033197416592,515000.0,
0.8157894736842105,1.126543631022516,1.855263157894737,1.6299544316902335,25159.999999924912,3.3267276767230447,516000.0,
0.868421052631579,1.4333470028754571,2.3605263157894734,2.073856915214382,25169.999999924767,3.4790026093583597,517000.0,
0.7631578947368421,1.0977808149113033,1.807894736842105,1.5883385738598443,25179.99999992462,3.519847274696128,518000.0,
0.8289473684210527,1.2751515142637846,2.0999999999999996,1.8449696971472431,25189.999999924476,3.455100239415293,519000.0,
0.8026315789473685,1.2176258820413581,2.005263157894737,1.7617379814864653,25199.99999992433,3.4973666726927615,520000.0,
0.8026315789473685,1.2703577115785822,2.0921052631578947,1.8380337208421782,25209.999999924185,3.5637210832637196,521000.0,
0.7236842105263158,1.1313374337077187,1.8631578947368421,1.6368904079952984,25219.99999992404,3.761117181107285,522000.0,
0.8552631578947368,1.1840692632449428,1.95,1.7131861473510115,25229.999999923893,3.2447548308573717,523000.0,
0.7763157894736842,1.2943267250045933,2.1315789473684212,1.8727136023675022,25239.999999923748,3.71743442541461,524000.0,
0.881578947368421,1.2847391196341889,2.1157894736842104,1.8588416497573732,25249.999999923602,3.263283180467324,525000.0,
0.8026315789473685,1.1984506713005496,1.9736842105263155,1.733994076266206,25259.999999923457,3.477410672425467,526000.0,
0.8157894736842105,1.1553064471337295,1.902631578947368,1.6715702895206226,25269.99999992331,3.3690820964721713,527000.0,
0.8026315789473685,1.2463886981525711,2.0526315789473686,1.803353839316854,25279.999999923166,3.5384482140771474,528000.0,
0.868421052631579,1.1553064471337298,1.9026315789473685,1.6715702895206226,25289.99999992302,3.166107423958689,529000.0,
0.7368421052631579,1.0929870122261007,1.7999999999999998,1.58140259755478,25299.999999922875,3.647621659433805,530000.0,
0.8289473684210527,1.2463886981525711,2.052631578947368,1.803353839316854,25309.99999992273,3.4280212866460995,531000.0,
0.8157894736842105,1.236801092782167,2.036842105263158,1.7894818867067248,25319.999999922584,3.472204565331499,532000.0,
0.8157894736842105,1.0354613800036745,1.7052631578947368,1.4981708818940018,25329.99999992244,3.2260462077320478,533000.0,
0.8441558441558441,1.3768797426744392,2.2675324675324675,1.99215651899758,25339.999999922293,3.4981467720775217,534000.0,
0.8441558441558441,1.1923494678830195,1.9636363636363634,1.72516647005976,25349.999999922147,3.2801647542476777,535000.0,
0.8441558441558441,1.2917119235399375,2.127272727272727,1.8689303425647399,25359.999999922,3.3984864324874016,536000.0,
0.8701298701298701,1.4620475618089401,2.407792207792207,2.1153826954304202,25369.999999921856,3.493394959080504,537000.0,
0.8311688311688312,1.154497103823241,1.9012987012987013,1.670399280534053,25379.99999992171,3.2877512030233484,538000.0,
0.8571428571428571,1.1781548313606023,1.9402597402597404,1.7046287739876202,25389.999999921565,3.216329121422281,539000.0,
0.922077922077922,1.1320490389189541,2.501298701298701,2.2748888935149103,25399.99999992142,3.3598508493985406,540000.0,
0.8831168831168831,1.1743686291589148,2.594805194805195,2.359931468973412,25409.999999921274,3.1186203594755804,541000.0,
0.7792207792207793,0.9874571055990877,2.1818181818181817,1.9843267606983641,25419.99999992113,3.29523328550387,542000.0,
0.8831168831168831,1.2625344421588331,2.789610389610389,2.5371035011786227,25429.999999920983,3.2196316477254707,543000.0,
0.8311688311688312,1.2907475023188073,2.851948051948052,2.59379855148429,25439.999999920838,3.4554274637132725,544000.0,
0.7532467532467533,0.9486641478791232,2.096103896103896,1.9063710665280715,25449.999999920692,3.359429989410227,545000.0,
0.8181818181818182,1.0650430210390158,2.353246753246753,2.14023814903895,25459.999999920547,3.23568432728737,546000.0,
0.7662337662337663,0.9204510877191494,2.033766233766234,1.8496760162224037,25469.9999999204,3.267025995821594,547000.0,
0.7922077922077922,1.0191967982790582,2.2519480519480517,2.04810869229224,25479.999999920256,3.285212351911253,548000.0,
0.8441558441558441,1.0262500633190517,2.2675324675324675,2.062282454868657,25489.99999992011,3.0920162288410054,549000.0,
0.7792207792207793,0.9627706779591103,2.1272727272727265,1.9347185916809049,25499.999999919964,3.268885703365821,550000.0,
0.8181818181818182,1.008616900719068,2.2285714285714286,2.026848048427615,25509.99999991982,3.169893672293102,551000.0,
0.8831168831168831,1.0262500633190517,2.2675324675324666,2.062282454868657,25519.999999919673,2.9573684540391705,552000.0,
0.7792207792207793,1.0438832259190354,2.306493506493507,2.0977168613096993,25529.999999919528,3.3749801399143626,553000.0,
0.8181818181818182,1.0474098584390321,2.3142857142857145,2.104803742597908,25539.999999919382,3.219212049188904,554000.0,
0.8961038961038961,1.1673153641189216,2.579220779220779,2.3457577063969945,25549.999999919237,3.073667870090606,555000.0,
0.8961038961038961,1.0932560811989898,2.415584415584415,2.1969331993446173,25559.99999991909,2.991601713788645,556000.0,
0.8701298701298701,1.0509364909590289,2.3220779220779213,2.111890623886116,25569.999999918946,3.032864325416999,557000.0,
0.8181818181818182,1.008616900719068,2.228571428571428,2.0268480484276146,25579.9999999188,3.174338116737482,558000.0,
0.7662337662337663,1.0826761836389993,2.392207792207792,2.1756725554799923,25589.999999918655,3.486879087106703,559000.0,
0.8961038961038961,1.1532088340389344,2.548051948051948,2.3174101812441608,25599.99999991851,3.0608243510157958,560000.0,
0.8961038961038961,1.0509364909590289,2.3220779220779217,2.111890623886116,25609.999999918364,2.947274055115023,561000.0,
0.7792207792207793,0.9451375153591267,2.0883116883116886,1.8992841852398628,25619.99999991822,3.2542564780290593,562000.0,
0.8441558441558441,1.036829960879042,2.2909090909090906,2.0835430987332826,25629.999999918073,3.113164722873484,563000.0,
0.8571428571428571,1.0615163885190189,2.345454545454545,2.1331512677507414,25639.999999917927,3.0954024532583952,564000.0,
0.8571428571428571,1.2096349543588822,2.6727272727272724,2.4308002818554963,25649.99999991778,3.2688135073442877,565000.0,
0.7922077922077922,0.9592440454391136,2.1194805194805193,1.9276317103926963,25659.999999917636,3.221337565539348,566000.0,
0.8701298701298701,1.1073626112789765,2.4467532467532465,2.225280724497451,25669.99999991749,3.1036824039935684,567000.0,
0.8441558441558441,1.0297766958390484,2.2753246753246756,2.0693693361568655,25679.999999917345,3.107886239672216,568000.0,
0.7922077922077922,0.927504352759143,2.049350649350649,1.8638497787988202,25689.9999999172,3.183239920680996,569000.0,
0.8441558441558441,1.1391023039589474,2.5168831168831165,2.2890626560913274,25699.999999917054,3.2386258062142326,570000.0,
0.8571428571428571,1.280167604758817,2.8285714285714283,2.5725379076196644,25709.99999991691,3.3547379631138554,571000.0,
0.8571428571428571,1.0403565933990384,2.2987012987012987,2.0906299800214905,25719.999999916763,3.0755645104668323,572000.0,
0.8441558441558441,1.153208834038934,2.548051948051948,2.317410181244161,25729.999999916618,3.257182772616651,573000.0,
0.8441558441558441,1.2554811771188397,2.7740259740259736,2.522929738602206,25739.999999916472,3.3789515482651455,574000.0,
0.9090909090909091,1.0579897559990223,2.337662337662337,2.1260643864625326,25749.999999916326,2.920928731585828,575000.0,
0.8831168831168831,1.3295404600387717,2.9376623376623376,2.671754245654583,25759.99999991618,3.3149178738539424,576000.0,
0.8701298701298701,1.1179425088389667,2.4701298701298704,2.2465413683620765,25769.999999916035,3.1218115399952615,577000.0,
0.8961038961038961,0.9768772080390972,2.1584415584415577,1.9630661168337389,25779.99999991589,2.874483261131768,578000.0,
0.8181818181818182,0.923977720239146,2.041558441558441,1.8567628975106123,25789.999999915744,3.0842235628173835,579000.0,
0.8571428571428571,1.1285224063989572,2.4935064935064934,2.267802012226701,25799.9999999156,3.1832731104818186,580000.0,
0.8961038961038961,0.9733505755191005,2.1506493506493505,1.95597923554553,25809.999999915453,2.872286874116674,581000.0,
0.8571428571428571,1.0579897559990226,2.337662337662337,2.1260643864625326,25819.999999915308,3.102197139560665,582000.0,
0.8181818181818182,1.2237414844388692,2.7038961038961036,2.4591478070083297,25829.999999915162,3.453141179378913,583000.0,
0.8571428571428571,1.1285224063989574,2.493506493506493,2.2678020122267015,25839.999999915017,3.185697352906026,584000.0,
0.8571428571428571,1.0756229185990058,2.3766233766233764,2.1614987929035756,25849.99999991487,3.1245873444121344,585000.0,
0.8441558441558441,1.0897294486789932,2.407792207792207,2.189846318056409,25859.999999914726,3.1899841161132207,586000.0,
0.8961038961038961,1.0050902681990712,2.220779220779221,2.0197611671394067,25869.99999991458,2.9111847920348515,587000.0,
0.8051948051948052,1.1108892437989735,2.454545454545454,2.2323676057856594,25879.999999914435,3.371907609219301,588000.0,
0.8051948051948052,1.1637887315989246,2.5714285714285716,2.338670825108786,25889.99999991429,3.4382505214869723,589000.0,
0.8441558441558441,1.2202148519188722,2.696103896103896,2.4520609257201214,25899.999999914144,3.3470206707204255,590000.0,
0.8831168831168831,1.1108892437989735,2.454545454545454,2.23236760578566,25909.999999913998,3.076151055464631,591000.0,
0.7922077922077922,1.0826761836389995,2.3922077922077922,2.175672555479992,25919.999999913853,3.394194526873382,592000.0,
0.8181818181818182,1.1461555689989409,2.5324675324675323,2.303236418667744,25929.999999913707,3.3646631557458924,593000.0,
0.8961038961038961,1.2202148519188725,2.6961038961038954,2.4520609257201214,25939.99999991356,3.155309327490223,594000.0,
0.7922077922077922,0.9204510877191494,2.0337662337662334,1.8496760162224033,25949.999999913416,3.191385799236821,595000.0,
0.8311688311688312,1.075622918599006,2.3766233766233764,2.161498792903575,25959.99999991327,3.229105698924914,596000.0,
0.8831168831168831,0.9592440454391133,2.119480519480519,1.9276317103926963,25969.999999913125,2.9079645808512082,597000.0,
0.8571428571428571,1.0791495511190028,2.3844155844155845,2.1685856741917844,25979.99999991298,3.136580536897471,598000.0,
0.8441558441558441,1.128522406398957,2.493506493506493,2.267802012226702,25989.999999912834,3.243938850642907,599000.0,
0.8311688311688312,1.4005374702118008,2.3064935064935055,2.0263860124511464,25999.99999991269,3.193418881169288,600000.0,
0.8571428571428571,1.3579535606445499,2.236363636363636,1.9647729242347263,26009.999999912543,3.463670063162098,601000.0,
0.7792207792207793,1.092987012226101,1.7999999999999998,1.5814025975547796,26019.999999912397,3.4706633323412888,602000.0,
0.8701298701298701,1.3011750145548822,2.142857142857143,1.8826221399461662,26029.999999912252,3.347914568952133,603000.0,
0.7922077922077922,1.1403024673008237,1.8779220779220775,1.649861584461913,26039.999999912106,3.474804753790653,604000.0,
0.8701298701298701,1.4478529252865235,2.3844155844155845,2.0948449993582794,26049.99999991196,3.5176787350168373,605000.0,
0.7922077922077922,1.4194636522416897,2.3376623376623376,2.053769607214,26059.999999911815,3.8285000200274637,606000.0,
0.8441558441558441,1.2396649229577423,2.0415584415584416,1.793625456966893,26069.99999991167,3.38052306256632,607000.0,
0.7922077922077922,1.1686917403456578,1.9246753246753245,1.690936976606193,26079.999999911524,3.5132633443554053,608000.0,
0.7532467532467533,1.1828863768680746,1.9480519480519476,1.7114746726783332,26089.99999991138,3.714518120998366,609000.0,
0.8311688311688312,1.1024501032410456,1.815584415584415,1.5950943949362062,26099.999999911233,3.2701321554472402,610000.0,
0.8051948051948052,1.2964434690474096,2.1350649350649347,1.8757762412554528,26109.999999911088,3.6171926954147233,611000.0,
0.8441558441558441,1.3626851061520224,2.244155844155844,1.9716188229254399,26119.999999910942,3.529331587273345,612000.0,
0.8311688311688312,1.3910743791968563,2.290909090909091,2.01269421506972,26129.999999910797,3.619258237456548,613000.0,
0.8441558441558441,1.2727857415100483,2.096103896103896,1.841546747801887,26139.99999991065,3.4240661860820656,614000.0,
0.7532467532467533,1.2112756499129087,1.9948051948051948,1.7525500648226133,26149.999999910506,3.75634525935093,615000.0,
0.8701298701298701,1.220738740927853,2.01038961038961,1.7662418622040401,26159.99999991036,3.2632340753806575,616000.0,
0.8181818181818182,1.2112756499129083,1.994805194805195,1.7525500648226133,26169.999999910215,3.4594924609897264,617000.0,
0.8961038961038961,1.367416651659494,2.251948051948052,1.9784647216161533,26179.99999991007,3.333491046041148,618000.0,
0.7662337662337663,1.0267453751214886,1.6909090909090911,1.4855600158847928,26189.999999909924,3.454562608193428,619000.0,
0.8311688311688312,1.2443964684652145,2.0493506493506497,1.800471355657606,26199.999999909778,3.4471613761074775,620000.0,
0.7792207792207793,1.1308393762858793,1.862337662337662,1.6361697870804865,26209.999999909633,3.5319071995511533,621000.0,
0.8181818181818182,1.2443964684652145,2.049350649350649,1.8004713556576064,26219.999999909487,3.5031480646171014,622000.0,
0.8831168831168831,1.3059065600623545,2.1506493506493505,1.88946803863688,26229.99999990934,3.315803016527303,623000.0,
0.8311688311688312,1.2112756499129087,1.9948051948051948,1.7525500648226133,26239.999999909196,3.4098128912866983,624000.0,
0.8051948051948052,1.249128013972687,2.0571428571428565,1.8073172543483198,26249.99999990905,3.5674622108863074,625000.0,
0.8181818181818182,1.2065441044054361,1.9870129870129871,1.7457041661319,26259.999999908905,3.45942374663924,626000.0,
0.8831168831168831,1.1828863768680749,1.948051948051948,1.7114746726783332,26269.99999990876,3.178853691439629,627000.0,
0.8571428571428571,1.4005374702118005,2.3064935064935064,2.026386012451147,26279.999999908614,3.529714927353955,628000.0,
0.8311688311688312,1.2585911049876317,2.0727272727272728,1.8210090517297464,26289.99999990847,3.4698642981734293,629000.0,
0.7402597402597403,1.1071816487485182,1.823376623376623,1.6019402936269196,26299.999999908323,3.6921541570646865,630000.0,
0.7792207792207793,1.2396649229577423,2.0415584415584416,1.793625456966893,26309.999999908177,3.6782333177799473,631000.0,
0.7792207792207793,1.0314769206289611,1.6987012987012988,1.4924059145755066,26319.999999908032,3.411725381458001,632000.0,
0.8441558441558441,1.2822488325249928,2.111688311688311,1.8552385451833135,26329.999999907886,3.446968616976522,633000.0,
0.8441558441558441,1.2065441044054364,1.9870129870129871,1.7457041661319,26339.99999990774,3.357903015973346,634000.0,
0.8961038961038961,1.0835239212111565,1.784415584415584,1.5677108001733533,26349.999999907595,3.02653828887402,635000.0,
0.7922077922077922,0.9179198284496258,1.5116883116883115,1.3281043459983866,26359.99999990745,3.215075849010966,636000.0,
0.7402597402597403,1.1544971038232412,1.901298701298701,1.670399280534053,26369.999999907304,3.760983806902398,637000.0,
0.8441558441558441,1.3674166516594946,2.2519480519480517,1.9784647216161533,26379.99999990716,3.5509366488742713,638000.0,
0.8311688311688312,1.23493337745027,2.033766233766234,1.78677955827618,26389.999999907013,3.4476510947299492,639000.0,
0.7792207792207793,1.1450340128082963,1.8857142857142852,1.6567074831526263,26399.999999906868,3.562790316421404,640000.0,
0.8311688311688312,1.329564287599716,2.1896103896103893,1.9236975320904468,26409.999999906722,3.5627539085034834,641000.0,
0.8441558441558441,1.0362084661364332,1.7064935064935063,1.4992518132662196,26419.999999906577,3.161043875254609,642000.0,
0.8571428571428571,1.3437589241221326,2.2129870129870133,1.9442352281625868,26429.99999990643,3.4725641993401193,643000.0,
0.8831168831168831,1.4194636522416897,2.337662337662337,2.053769607214,26439.999999906286,3.4567426650243114,644000.0,
0.8181818181818182,1.268054196002576,2.088311688311688,1.8347008491111727,26449.99999990614,3.546666239543505,645000.0,
0.7792207792207793,1.1213762852709348,1.8467532467532466,1.62247798969906,26459.999999905995,3.5364295660817313,646000.0,
0.8441558441558441,1.2775172870175207,2.103896103896104,1.8483926464926,26469.99999990585,3.449978939990622,647000.0,
0.8571428571428571,1.2727857415100485,2.096103896103896,1.8415467478018865,26479.999999905704,3.3927924559896137,648000.0,
0.9090909090909091,1.320101196584771,2.174025974025974,1.91000573470902,26489.999999905558,3.2515370305152502,649000.0,
0.8181818181818182,1.2349333774502698,2.0337662337662343,1.78677955827618,26499.999999905413,3.5093598422652437,650000.0,
0.8051948051948052,1.3201011965847713,2.1740259740259735,1.91000573470902,26509.999999905267,3.672380518323651,651000.0,
0.8441558441558441,1.23493337745027,2.033766233766234,1.78677955827618,26519.99999990512,3.4026103086570645,652000.0,
0.8181818181818182,1.074060830196212,1.7688311688311686,1.5540190027919265,26529.999999904976,3.3146426019705735,653000.0,
0.8831168831168831,1.4431213797790512,2.3766233766233764,2.0879991006675667,26539.99999990483,3.4894139153238855,654000.0,
0.8441558441558441,1.4383898342715786,2.3688311688311683,2.081153201976853,26549.999999904685,3.6454741113530496,655000.0,
0.9090909090909091,1.3059065600623545,2.1506493506493505,1.88946803863688,26559.99999990454,3.2399229303405344,656000.0,
0.922077922077922,1.2775172870175207,2.1038961038961035,1.8483926464926002,26569.999999904394,3.1640652267518954,657000.0,
0.8051948051948052,1.1734232858531304,1.9324675324675327,1.6977828752969069,26579.99999990425,3.494732145318161,658000.0,
0.8051948051948052,1.0267453751214888,1.6909090909090907,1.4855600158847928,26589.999999904103,3.31321280457079,659000.0,
0.8571428571428571,0.8217053771592407,1.8155844155844156,1.6512433401525672,26599.999999903957,3.2013402719483985,660000.0,
0.8701298701298701,0.923977720239146,2.041558441558441,1.8567628975106123,26609.999999903812,2.9490460366783195,661000.0,
0.7792207792207793,0.9169244551991526,2.0259740259740258,1.842589134934195,26619.999999903666,3.284716384156122,662000.0,
0.9090909090909091,1.1955284242788953,2.641558441558441,2.402452756702662,26629.99999990352,3.1225069809786703,663000.0,
0.8831168831168831,1.156735466558931,2.555844155844156,2.3244970625323695,26639.999999903375,3.1710063371186634,664000.0,
0.8571428571428571,1.1249957738789604,2.4857142857142858,2.260715130938493,26649.99999990323,3.2306738573895575,665000.0,
0.7922077922077922,1.061516388519019,2.3454545454545452,2.1331512677507414,26659.999999903084,3.4160092117212253,666000.0,
0.8051948051948052,1.1567354665589313,2.555844155844156,2.3244970625323695,26669.99999990294,3.4798134020010867,667000.0,
0.8831168831168831,1.050936490959029,2.322077922077922,2.1118906238861164,26679.999999902793,3.0535574971010933,668000.0,
0.8311688311688312,1.0685696535590126,2.3610389610389606,2.147325030327158,26689.999999902648,3.2662447394230076,669000.0,
0.8571428571428571,1.3119072974387878,2.8987012987012983,2.6363198392135407,26699.999999902502,3.4517676045729484,670000.0,
0.8701298701298701,1.1249957738789604,2.4857142857142853,2.260715130938493,26709.999999902357,3.186036934144885,671000.0,
0.8701298701298701,1.2449012795588497,2.750649350649351,2.50166909473758,26719.99999990221,3.3244357988814657,672000.0,
0.8051948051948052,1.0156701657590612,2.2441558441558436,2.0410218110040317,26729.999999902066,3.3084903671366757,673000.0,
0.8311688311688312,1.008616900719068,2.2285714285714286,2.026848048427614,26739.99999990192,3.197239083662404,674000.0,
0.8051948051948052,1.1214691413589637,2.4779220779220776,2.253628249650285,26749.999999901775,3.4411761916720196,675000.0,
0.8701298701298701,1.1778952616789113,2.602597402597403,2.3670183502616204,26759.99999990163,3.2498169425119494,676000.0,
0.935064935064935,1.142628936478944,2.524675324675324,2.2961495373795358,26769.999999901484,2.9869753903875353,677000.0,
0.8311688311688312,0.9909837381190842,2.1896103896103893,1.9914136419865727,26779.999999901338,3.1785241849092616,678000.0,
0.8571428571428571,0.9733505755191003,2.1506493506493505,1.95597923554553,26789.999999901192,3.062239307787779,679000.0,
0.7922077922077922,0.9098711901591593,2.01038961038961,1.828415372357779,26799.999999901047,3.233768551496351,680000.0,
0.8181818181818182,0.9768772080390974,2.158441558441558,1.9630661168337384,26809.9999999009,3.2136403971116194,681000.0,
0.8181818181818182,0.8252320096792373,1.823376623376623,1.658330221440776,26819.999999900756,3.0289311864178132,682000.0,
0.8051948051948052,0.9451375153591267,2.088311688311688,1.8992841852398628,26829.99999990061,3.2273449787366633,683000.0,
0.8311688311688312,1.0720962860790093,2.3688311688311687,2.1544119116153664,26839.999999900465,3.279862719173492,684000.0,
0.8961038961038961,0.9768772080390972,2.158441558441558,1.9630661168337384,26849.99999990032,2.9365122466381113,685000.0,
0.8051948051948052,0.8957646600791721,1.9792207792207792,1.8000678472049445,26859.999999900174,3.167962561695401,686000.0,
0.8701298701298701,1.0685696535590123,2.3610389610389606,2.147325030327158,26869.99999990003,3.130741243627791,687000.0,
0.8961038961038961,1.0826761836389998,2.3922077922077922,2.1756725554799923,26879.999999899883,3.056316900568412,688000.0,
0.8441558441558441,1.0932560811989895,2.4155844155844157,2.1969331993446173,26889.999999899737,3.2575464346359855,689000.0,
0.7922077922077922,1.0826761836389995,2.3922077922077922,2.1756725554799923,26899.99999989959,3.4584568219544143,690000.0,
0.8051948051948052,1.008616900719068,2.2285714285714286,2.026848048427615,26909.999999899446,3.3113435702319993,691000.0,
0.8701298701298701,1.1990550567988918,2.6493506493506502,2.4095396379908705,26919.9999998993,3.2836871548138773,692000.0,
0.8311688311688312,1.132049038918954,2.5012987012987007,2.2748888935149103,26929.999999899155,3.3576183749339688,693000.0,
0.8441558441558441,1.1532088340389344,2.5480519480519477,2.3174101812441608,26939.99999989901,3.3316443110771066,694000.0,
0.8701298701298701,1.086202816158996,2.3999999999999995,2.1827594367682006,26949.999999898864,3.1557823409441204,695000.0,
0.7792207792207793,1.1708419966389179,2.587012987012987,2.352844587685203,26959.99999989872,3.633243895670158,696000.0,
0.8311688311688312,0.9451375153591267,2.0883116883116886,1.8992841852398628,26969.999999898573,3.1352404481510154,697000.0,
0.8831168831168831,1.1955284242788953,2.6415584415584408,2.4024527567026626,26979.999999898428,3.2349336568895084,698000.0,
0.8701298701298701,1.1637887315989248,2.5714285714285716,2.338670825108786,26989.999999898282,3.2473363034646012,699000.0,
0.8311688311688312,1.0227234307990547,2.259740259740259,2.055195573580449,26999.999999898137,3.2304610026646516,700000.0,
0.7662337662337663,1.0015636356790745,2.2129870129870133,2.0126742858511983,27009.99999989799,3.4772915245135363,701000.0,
0.8051948051948052,0.8569717023592078,1.8935064935064934,1.722112153034652,27019.999999897846,3.1301067916236827,702000.0,
0.8311688311688312,1.089729448678993,2.4077922077922076,2.1898463180564085,27029.9999998977,3.312952617926425,703000.0,
0.8701298701298701,1.008616900719068,2.228571428571428,2.026848048427615,27039.999999897555,3.071989572453379,704000.0,
0.8311688311688312,1.1461555689989407,2.5324675324675323,2.303236418667744,27049.99999989741,3.382090293936344,705000.0,
0.7922077922077922,1.086202816158996,2.3999999999999995,2.1827594367682006,27059.999999897263,3.473400276118847,706000.0,
0.8441558441558441,1.1955284242788953,2.6415584415584408,2.4024527567026626,27069.999999897118,3.3897767487458665,707000.0,
0.7792207792207793,1.075622918599006,2.3766233766233764,2.1614987929035747,27079.999999896972,3.519046078852155,708000.0,
0.8831168831168831,1.0932560811989898,2.4155844155844157,2.1969331993446177,27089.999999896827,3.1255958566371684,709000.0,
0.8051948051948052,1.1355756714389507,2.509090909090909,2.2819757748031186,27099.99999989668,3.481276237093611,710000.0,
0.8181818181818182,1.0720962860790089,2.3688311688311687,2.154411911615367,27109.999999896536,3.3490668893188533,711000.0,
0.8701298701298701,1.1391023039589472,2.5168831168831165,2.2890626560913274,27119.99999989639,3.2267265284155586,712000.0,
0.8571428571428571,1.0191967982790582,2.251948051948052,2.0481086922922396,27129.999999896245,3.1363326282801576,713000.0,
0.8441558441558441,1.220214851918873,2.696103896103896,2.452060925720121,27139.9999998961,3.4233283630270086,714000.0,
0.8701298701298701,1.09325608119899,2.4155844155844153,2.1969331993446177,27149.999999895954,3.1758286306167762,715000.0,
0.8961038961038961,1.1355756714389504,2.5090909090909084,2.2819757748031186,27159.99999989581,3.1315815463739187,716000.0,
0.9090909090909091,1.269587707198827,2.8051948051948052,2.55127726375504,27169.999999895663,3.2348293350472894,717000.0,
0.8181818181818182,1.09325608119899,2.4155844155844153,2.1969331993446173,27179.999999895517,3.3793733055765434,718000.0,
0.8311688311688312,1.1426289364789441,2.524675324675325,2.2961495373795353,27189.99999989537,3.386597314185596,719000.0,
0.8831168831168831,1.466779107316413,2.4155844155844157,2.122228594121133,27199.999999895226,3.1320664448723687,720000.0,
0.7922077922077922,1.2727857415100485,2.096103896103896,1.841546747801887,27209.99999989508,3.718759050742164,721000.0,
0.8961038961038961,1.41946365224169,2.3376623376623376,2.053769607214,27219.999999894935,3.4518623365450405,722000.0,
0.7532467532467533,1.1686917403456578,1.9246753246753245,1.690936976606193,27229.99999989479,3.774294206993323,723000.0,
0.8961038961038961,1.3201011965847713,2.174025974025974,1.9100057347090198,27239.999999894644,3.342139016464115,724000.0,
0.7922077922077922,1.3626851061520218,2.244155844155844,1.9716188229254394,27249.9999998945,3.8348615274213382,725000.0,
0.7792207792207793,1.1592286493307133,1.9090909090909092,1.6772451792247665,27259.999999894353,3.638340099957672,726000.0,
0.7532467532467533,1.216007195420381,2.0025974025974023,1.7593959635133267,27269.999999894208,3.8398681732131745,727000.0,
0.8311688311688312,1.239664922957742,2.0415584415584416,1.793625456966893,27279.999999894062,3.5089687354178176,728000.0,
0.8441558441558441,1.3721481971669667,2.2597402597402594,1.9853106203068667,27289.999999893917,3.6125417104746163,729000.0,
0.8571428571428571,1.3579535606445499,2.236363636363636,1.9647729242347274,27299.99999989377,3.541851881342778,730000.0,
0.8571428571428571,1.3532220151370775,2.228571428571428,1.9579270255440135,27309.999999893625,3.5369378055234453,731000.0,
0.8311688311688312,1.1828863768680746,1.948051948051948,1.7114746726783332,27319.99999989348,3.44315704715365,732000.0,
0.8961038961038961,1.3201011965847713,2.1740259740259735,1.91000573470902,27329.999999893334,3.347356407768386,733000.0,
0.8441558441558441,1.2775172870175204,2.1038961038961035,1.8483926464925995,27339.99999989319,3.503517401528304,734000.0,
0.9090909090909091,1.3248327420922434,2.181818181818182,1.9168516333997334,27349.999999893043,3.3058845877156124,735000.0,
0.8311688311688312,1.0740608301962118,1.768831168831169,1.5540190027919263,27359.999999892898,3.314726311314029,736000.0,
0.8831168831168831,1.5472153809434415,2.548051948051948,2.238608871863259,27369.999999892752,3.656108593112264,737000.0,
0.8051948051948052,1.1308393762858795,1.8623376623376624,1.6361697870804863,27379.999999892607,3.4934585802096945,738000.0,
0.8311688311688312,1.2964434690474098,2.135064935064934,1.8757762412554533,27389.99999989246,3.5841554236818487,739000.0,
0.8441558441558441,1.348490469629605,2.2207792207792205,1.9510811268533,27399.999999892316,3.5912856332379506,740000.0,
0.7922077922077922,1.3248327420922434,2.1818181818181817,1.9168516333997334,27409.99999989217,3.7975724777063826,741000.0,
0.9090909090909091,1.3863428336893835,2.283116883116883,2.005848316379007,27419.999999892025,3.377545688472408,742000.0,
0.7922077922077922,1.1639601948381857,1.916883116883117,1.6840910779154799,27429.99999989188,3.595815327893865,743000.0,
0.8311688311688312,1.0882554667186286,1.7922077922077921,1.5745566988640667,27439.999999891734,3.336804233379989,744000.0,
0.8571428571428571,1.4667791073164125,2.415584415584416,2.1222285941211325,27449.99999989159,3.6779059282173945,745000.0,
0.8441558441558441,1.4052690157192727,2.314285714285714,2.0332319111418595,27459.999999891443,3.6622386801441182,746000.0,
0.7922077922077922,1.1166447397634625,1.838961038961039,1.6156320910083464,27469.999999891297,3.5387122124716353,747000.0,
0.8961038961038961,1.3532220151370777,2.228571428571428,1.957927025544013,27479.99999989115,3.3930129733990952,748000.0,
0.8181818181818182,1.3484904696296052,2.2207792207792205,1.9510811268533,27489.999999891006,3.7110089866739933,749000.0,
0.8051948051948052,1.159228649330713,1.9090909090909087,1.6772451792247665,27499.99999989086,3.5364581612491337,750000.0,
0.8311688311688312,1.3910743791968558,2.2909090909090906,2.01269421506972,27509.999999890715,3.705508237455292,751000.0,
0.8181818181818182,1.3201011965847713,2.174025974025974,1.9100057347090198,27519.99999989057,3.6782157481905973,752000.0,
0.8441558441558441,1.2917119235399377,2.127272727272727,1.8689303425647397,27529.999999890424,3.5320248940239205,753000.0,
0.7662337662337663,1.059866193673795,1.7454545454545447,1.5334813067197863,27539.99999989028,3.5893135069806994,754000.0,
0.8181818181818182,1.0835239212111565,1.7844155844155845,1.567710800173353,27549.999999890133,3.3909705068609126,755000.0,
0.7532467532467533,1.1355709217933516,1.87012987012987,1.6430156857711997,27559.999999889988,3.753082085811482,756000.0,
0.8051948051948052,0.9983561020766553,1.644155844155844,1.4444846237405131,27569.999999889842,3.3411809654658025,757000.0,
0.7922077922077922,1.485705289346302,2.4467532467532465,2.1496121888839865,27579.999999889696,4.011788643912164,758000.0,
0.8701298701298701,1.3816112881819114,2.275324675324675,1.999002417688293,27589.99999988955,3.533490584910199,759000.0,
0.7792207792207793,1.2775172870175207,2.103896103896104,1.8483926464926,27599.999999889405,3.812810518322077,760000.0,
0.9090909090909091,1.5803361994957477,2.6025974025974024,2.2865301626982526,27609.99999988926,3.6017955337163934,761000.0,
0.8311688311688312,1.2964434690474096,2.135064935064934,1.8757762412554533,27619.999999889114,3.5985304236816393,762000.0,
0.7532467532467533,1.1450340128082965,1.885714285714286,1.6567074831526265,27629.99999988897,3.770472741124356,763000.0,
0.8181818181818182,1.1686917403456576,1.924675324675324,1.6909369766061928,27639.999999888823,3.500778793739505,764000.0,
0.7662337662337663,1.2396649229577423,2.0415584415584416,1.793625456966893,27649.999999888678,3.831423712995234,765000.0,
0.8311688311688312,1.282248832524993,2.111688311688312,1.8552385451833129,27659.999999888532,3.5839525016155704,766000.0,
0.7402597402597403,1.192349467883019,1.9636363636363638,1.7251664700597595,27669.999999888387,3.9033457723853324,767000.0,
0.8181818181818182,1.0314769206289611,1.6987012987012984,1.4924059145755062,27679.99999988824,3.3356114744031884,768000.0,
0.8571428571428571,1.145034012808296,1.8857142857142852,1.6567074831526267,27689.999999888096,3.317082105836502,769000.0,
0.8701298701298701,1.2964434690474098,2.1350649350649347,1.8757762412554533,27699.99999988795,3.4421783151585115,770000.0,
0.8441558441558441,1.23493337745027,2.0337662337662334,1.7867795582761796,27709.999999887805,3.475841077886768,771000.0,
0.8701298701298701,1.3768797426744388,2.2675324675324675,1.9921565189975796,27719.99999988766,3.535814032610453,772000.0,
0.8181818181818182,1.2727857415100485,2.096103896103896,1.841546747801886,27729.999999887514,3.633719080876853,773000.0,
0.8961038961038961,1.490436834853774,2.4545454545454546,2.1564580875746997,27739.999999887368,3.5612092214885216,774000.0,
0.7402597402597403,1.1071816487485184,1.823376623376623,1.6019402936269196,27749.999999887223,3.7939085430281185,775000.0,
0.8051948051948052,1.225470286435325,2.018181818181818,1.773087760894753,27759.999999887077,3.635500194427198,776000.0,
0.8571428571428571,1.2207387409278532,2.01038961038961,1.7662418622040397,27769.99999988693,3.4102527734910657,777000.0,
0.8311688311688312,1.4289267432566344,2.353246753246753,2.0674614045954267,27779.999999886786,3.767924362964467,778000.0,
0.7662337662337663,1.1876179223755472,1.9558441558441555,1.7183205713690466,27789.99999988664,3.772989491896299,779000.0,
0.8831168831168831,1.0791495511190026,2.384415584415584,2.1685856741917835,27799.999999886495,3.568889341853326,780000.0,
0.8701298701298701,1.0438832259190354,2.306493506493506,2.0977168613096993,27809.99999988635,3.1584896775332694,781000.0,
0.8441558441558441,1.1320490389189537,2.5012987012987007,2.2748888935149103,27819.999999886204,3.3607319383957255,782000.0,
0.8571428571428571,1.0262500633190517,2.267532467532467,2.0622824548686576,27829.99999988606,3.1869856799171083,783000.0,
0.7662337662337663,1.0756229185990058,2.3766233766233764,2.161498792903575,27839.999999885913,3.630216351374322,784000.0,
0.8831168831168831,0.923977720239146,2.0415584415584416,1.856762897510612,27849.999999885767,2.9786188890790477,785000.0,
0.8441558441558441,1.2166882193988757,2.6883116883116887,2.4449740444319126,27859.999999885622,3.463458352194982,786000.0,
0.8701298701298701,1.1214691413589635,2.477922077922077,2.253628249650285,27869.999999885476,3.251237669904478,787000.0,
0.7922077922077922,1.089729448678993,2.407792207792208,2.1898463180564094,27879.99999988533,3.531622418807241,788000.0,
0.8311688311688312,1.1532088340389346,2.548051948051948,2.317410181244161,27889.999999885185,3.443076253436822,789000.0,
0.8701298701298701,1.2025816893188888,2.657142857142857,2.416626519279079,27899.99999988504,3.3462476130822765,790000.0,
0.8571428571428571,1.2307947494788627,2.7194805194805194,2.473321569584747,27909.999999884894,3.430469631951969,791000.0,
0.8571428571428571,0.9310309852791396,2.0571428571428574,1.870936660087029,27919.99999988475,3.081351300991677,792000.0,
0.935064935064935,1.1602620990789276,2.5636363636363635,2.331583943820578,27929.999999884603,3.07027752261158,793000.0,
0.8701298701298701,1.2484279120788466,2.7584415584415587,2.5087559760257885,27939.999999884458,3.401324615358611,794000.0,
0.8961038961038961,1.2061083218388857,2.6649350649350647,2.423713400567287,27949.999999884312,3.2560889968195563,795000.0,
0.8181818181818182,1.0333033283590451,2.283116883116883,2.076456217445074,27959.999999884167,3.355621528295255,796000.0,
0.8311688311688312,1.1461555689989409,2.5324675324675323,2.3032364186677436,27969.99999988402,3.439590293935507,797000.0,
0.8571428571428571,0.9239777202391464,2.0415584415584416,1.856762897510612,27979.999999883876,3.076758855414662,798000.0,
0.922077922077922,1.2590078096388364,2.7818181818181817,2.5300166198904144,27989.99999988373,3.223991568185116,799000.0,
0.8311688311688312,0.9204510877191496,2.0337662337662343,1.8496760162224033,27999.999999883585,3.169914589895731,800000.0,
0.8461538461538461,1.0966470740066787,2.423076923076923,2.203747508275587,28009.99999988344,3.2966404813859485,801000.0,
0.8205128205128205,1.1036099125718004,2.438461538461538,2.217739555947178,28019.999999883294,3.4087714559304927,802000.0,
0.7692307692307693,0.9330203677263174,2.0615384615384613,1.8749343879931983,28029.999999883148,3.414923144693388,803000.0,
0.8717948717948718,1.0687957197461917,2.3615384615384616,2.147779317589223,28039.999999883003,3.1694980314581302,804000.0,
0.8717948717948718,1.1906453946358226,2.6307692307692307,2.3926401518420657,28049.999999882857,3.309855011478581,805000.0,
0.8461538461538461,1.0687957197461917,2.361538461538461,2.1477793175892232,28059.99999988271,3.2667555475629046,806000.0,
0.8461538461538461,1.0374629462031437,2.2923076923076917,2.084815103067063,28069.999999882566,3.230331966708991,807000.0,
0.8461538461538461,1.0966470740066787,2.423076923076923,2.203747508275587,28079.99999988242,3.300882905628311,808000.0,
0.8333333333333334,0.9956859148124132,2.1999999999999997,2.0008628170375173,28089.999999882275,3.231127713143312,809000.0,
0.8589743589743589,0.8947247556181478,1.9769230769230768,1.7979781257994467,28099.99999988213,3.0177362826442082,810000.0,
0.8974358974358975,1.0409443654857047,2.3,2.0918111269028588,28109.999999881984,3.051906578669012,811000.0,
0.8205128205128205,0.974797399117048,2.1538461538461533,1.958886674022744,28119.99999988184,3.2580312051574225,812000.0,
0.8717948717948718,1.127979847549727,2.492307692307692,2.2667117227977465,28129.999999881693,3.24267982511505,813000.0,
0.782051282051282,0.9922044955298522,2.192307692307692,1.9938667932017218,28139.999999881547,3.4418319778733215,814000.0,
0.8076923076923077,1.2289410067439925,2.715384615384615,2.469596414035817,28149.999999881402,3.626304738491666,815000.0,
0.8974358974358975,1.1036099125718006,2.438461538461538,2.2177395559471784,28159.999999881256,3.1245910454220485,816000.0,
0.8717948717948718,1.249829522439358,2.7615384615384615,2.5115725570505893,28169.99999988111,3.384801511017828,817000.0,
0.8333333333333334,1.0827213968764353,2.392307692307692,2.175763412932405,28179.999999880965,3.3411087531585193,818000.0,
0.7948717948717948,1.054870042615948,2.330769230769231,2.119795222246041,28189.99999988082,3.468381666499761,819000.0,
0.8076923076923077,1.006130172660096,2.2230769230769227,2.0218508885449036,28199.999999880674,3.353618308990922,820000.0,
0.782051282051282,0.9260575291611951,2.046153846153846,1.8609423403216065,28209.99999988053,3.361840774975627,821000.0,
0.8717948717948718,1.1802011367881402,2.6076923076923073,2.371652080334679,28219.999999880383,3.307874833359035,822000.0,
0.7564102564102564,0.9678345605519263,2.138461538461538,1.9448946263511528,28229.999999880238,3.5323880630845617,823000.0,
0.9102564102564102,1.065314300463631,2.353846153846154,2.1407832937534272,28239.999999880092,3.0430185272549513,824000.0,
0.8717948717948718,1.0792399775938744,2.3846153846153846,2.168767389096608,28249.999999879947,3.193831150753822,825000.0,
0.8461538461538461,1.0479072040508264,2.315384615384615,2.1058031745744503,28259.9999998798,3.254190332043964,826000.0,
0.8461538461538461,1.0687957197461917,2.361538461538461,2.147779317589223,28269.999999879656,3.2794828202899926,827000.0,
0.8461538461538461,1.096647074006679,2.423076923076923,2.2037475082755873,28279.99999987951,3.313004117749348,828000.0,
0.8333333333333334,1.096647074006679,2.423076923076923,2.203747508275587,28289.999999879365,3.3645887964839436,829000.0,
0.8205128205128205,1.0096115919426565,2.23076923076923,2.028846912380699,28299.99999987922,3.3117110026634693,830000.0,
0.8205128205128205,0.8982061749007084,1.9846153846153844,1.804974149635243,28309.999999879074,3.1765606506435855,831000.0,
0.8333333333333334,1.1906453946358229,2.630769230769231,2.392640151842066,28319.999999878928,3.4792329350850433,832000.0,
0.8205128205128205,0.9713159798344873,2.146153846153846,1.9518906501869486,28329.999999878783,3.2669132254066104,833000.0,
0.8717948717948718,1.0757585583113136,2.376923076923077,2.161771365260814,28339.999999878637,3.1951318756943374,834000.0,
0.8076923076923077,0.8599105627925387,1.9000000000000001,1.7280178874414924,28349.99999987849,3.1821083158214276,835000.0,
0.8717948717948718,0.8633919820750996,1.9076923076923078,1.7350139112772882,28359.999999878346,2.9527113911880747,836000.0,
0.782051282051282,1.1662754596578966,2.576923076923077,2.3436679849914976,28369.9999998782,3.6794964893810924,837000.0,
0.8589743589743589,1.002648753377535,2.2153846153846146,2.014854864709108,28379.999999878055,3.1600955636175803,838000.0,
0.8846153846153846,1.2881251345475278,2.8461538461538463,2.5885288192443405,28389.99999987791,3.3917907317918368,839000.0,
0.8333333333333334,1.4993539783101641,2.4692307692307693,2.169359973568736,28399.999999877764,3.3964242460875145,840000.0,
0.8461538461538461,1.1116705508966325,1.8307692307692303,1.6084351205899041,28409.99999987762,3.3386379237706936,841000.0,
0.8846153846153846,1.209759128916924,1.9923076923076917,1.7503558665243075,28419.999999877473,3.304942203687651,842000.0,
0.8589743589743589,1.205088244249291,1.9846153846153847,1.7435977357655263,28429.999999877327,3.3987564634383873,843000.0,
0.8717948717948718,1.1957464749140247,1.9692307692307691,1.7300814742479644,28439.999999877182,3.3386474270914794,844000.0,
0.9230769230769231,1.3498856689459109,2.2230769230769227,1.953099789287741,28449.999999877036,3.3207066968987102,845000.0,
0.8076923076923077,1.1817338209111266,1.946153846153846,1.709807081971621,28459.99999987689,3.587540286190371,846000.0,
0.8717948717948718,1.3592274382811769,2.238461538461538,1.9666160508053032,28469.999999876745,3.527934414483187,847000.0,
0.8076923076923077,1.2284426675874554,2.023076923076923,1.7773883895594322,28479.9999998766,3.646640128107077,848000.0,
0.8589743589743589,1.3592274382811769,2.2384615384615385,1.9666160508053032,28489.999999876454,3.5817841818635157,849000.0,
0.8205128205128205,1.2284426675874556,2.023076923076923,1.7773883895594322,28499.99999987631,3.590911376105386,850000.0,
0.8076923076923077,1.2284426675874554,2.023076923076923,1.777388389559432,28509.999999876163,3.648544890011811,851000.0,
0.8589743589743589,1.39659451562224,2.3000000000000003,2.0206810968755518,28519.999999876018,3.6270771972754736,852000.0,
0.8333333333333334,1.2424553215903542,2.0461538461538455,1.797662781835775,28529.999999875872,3.55432792435337,853000.0,
0.8461538461538461,1.247126206257987,2.0538461538461537,1.8044209125945565,28539.999999875727,3.506600667985513,854000.0,
0.8333333333333334,1.1630502822405948,1.9153846153846155,1.6827745589364964,28549.99999987558,3.4602726463644102,855000.0,
0.8461538461538461,1.2704806295961515,2.092307692307692,1.8382115663884622,28559.999999875436,3.535413471324538,856000.0,
0.8461538461538461,1.2144300135845565,1.9999999999999996,1.7571139972830885,28569.99999987529,3.469777894825977,857000.0,
0.9102564102564102,1.3312021302753796,2.192307692307692,1.9260672662526166,28579.999999875145,3.3542755797239168,858000.0,
0.7564102564102564,0.9808857802029112,1.6153846153846154,1.4192074593440334,28589.999999875,3.574048997538051,859000.0,
0.8589743589743589,1.1770629362434932,1.9384615384615382,1.70304895121284,28599.999999874854,3.376279239192684,860000.0,
0.8589743589743589,1.4900122089748986,2.4538461538461536,2.155843712051174,28609.999999874708,3.741205258193416,861000.0,
0.8205128205128205,1.1677211669082275,1.9230769230769231,1.6895326896952771,28619.999999874562,3.5244070471524678,862000.0,
0.8974358974358975,1.2658097449285188,2.0846153846153843,1.831453435629681,28629.999999874417,3.3321851443334296,863000.0,
0.8589743589743589,1.3218603609401136,2.1769230769230767,1.9125510047350542,28639.99999987427,3.5472374351081175,864000.0,
0.8333333333333334,1.083645242890835,1.7846153846153845,1.567886336037218,28649.999999874126,3.3711404452984546,865000.0,
0.8076923076923077,1.0649617042203037,1.753846153846154,1.540853813002093,28659.99999987398,3.455663697271389,866000.0,
0.7948717948717948,1.1583793975729617,1.9076923076923076,1.6760164281777155,28669.999999873835,3.629570854993618,867000.0,
0.7564102564102564,1.0836452428908352,1.7846153846153845,1.5678863360372175,28679.99999987369,3.7160021854982683,868000.0,
0.782051282051282,1.186404705578759,1.9538461538461531,1.716565212730402,28689.999999873544,3.726219131705825,869000.0,
0.7692307692307693,1.1210123202318985,1.8461538461538465,1.6219513821074667,28699.9999998734,3.7039793496166595,870000.0,
0.8846153846153846,1.564746363657025,2.5769230769230766,2.263973804191672,28709.999999873253,3.723043715422593,871000.0,
0.8205128205128205,1.0509490502174048,1.7307692307692308,1.52057942072575,28719.999999873107,3.3883410299354364,872000.0,
0.8717948717948718,1.3592274382811769,2.2384615384615385,1.966616050805303,28729.99999987296,3.5432285321300236,873000.0,
0.8333333333333334,1.1537085129053288,1.9000000000000001,1.6692582974189343,28739.999999872816,3.4607548308542286,874000.0,
0.8205128205128205,1.3592274382811769,2.2384615384615385,1.9666160508053032,28749.99999987267,3.7659303153881316,875000.0,
0.8589743589743589,1.3405438996106456,2.207692307692308,1.9395835277701785,28759.999999872525,3.5761525995304235,876000.0,
0.8589743589743589,1.2471262062579873,2.0538461538461537,1.8044209125945565,28769.99999987238,3.4679946878661267,877000.0,
0.7948717948717948,1.3638983229488097,2.246153846153846,1.9733741815640842,28779.999999872234,3.895223696595388,878000.0,
0.8717948717948718,1.2517970909256202,2.0615384615384618,1.811179043353338,28789.99999987209,3.423529016045657,879000.0,
0.8076923076923077,1.326531245607747,2.1846153846153844,1.9193091354938356,28799.999999871943,3.7884005897826976,880000.0,
0.8333333333333334,1.2471262062579873,2.053846153846154,1.8044209125945565,28809.999999871798,3.5771637551850484,881000.0,
0.8076923076923077,1.2331135522550885,2.0307692307692307,1.7841465203182134,28819.999999871652,3.674010429758753,882000.0,
0.782051282051282,1.3358730149430122,2.1999999999999997,1.9328253970113969,28829.999999871507,3.926522871548507,883000.0,
0.8076923076923077,1.1116705508966327,1.8307692307692303,1.6084351205899041,28839.99999987136,3.5249222693466784,884000.0,
0.8076923076923077,1.1817338209111266,1.9461538461538457,1.7098070819716207,28849.999999871216,3.6123021909519153,885000.0,
0.7948717948717948,1.1630502822405946,1.915384615384615,1.6827745589364964,28859.99999987107,3.647705193768848,886000.0,
0.8461538461538461,1.1910755902463923,1.9615384615384615,1.7233233434891833,28869.999999870925,3.460359030880609,887000.0,
0.8589743589743589,1.3779109769517086,2.269230769230769,1.993648573840428,28879.99999987078,3.6268187492706616,888000.0,
0.7948717948717948,1.25179709092562,2.0615384615384613,1.811179043353338,28889.999999870633,3.7612898885661097,889000.0,
0.8205128205128205,1.3872527462869746,2.2846153846153845,2.0071648353579903,28899.999999870488,3.809461159520061,890000.0,
0.8205128205128205,1.4246198236280372,2.3461538461538463,2.0612298814282384,28909.999999870342,3.8556272850294717,891000.0,
0.7948717948717948,1.3218603609401136,2.176923076923077,1.9125510047350547,28919.999999870197,3.851369486326251,892000.0,
0.8076923076923077,1.2237717829198225,2.0153846153846153,1.7706302588006508,28929.99999987005,3.6694285566134015,893000.0,
0.8974358974358975,1.4433033622985694,2.3769230769230765,2.0882624044633635,28939.999999869906,3.547678032259799,894000.0,
0.7948717948717948,1.2471262062579869,2.053846153846153,1.804420912594556,28949.99999986976,3.759284582048709,895000.0,
0.8333333333333334,1.181733820911126,1.946153846153846,1.709807081971621,28959.999999869615,3.5079236619994494,896000.0,
0.9358974358974359,1.3919236309546075,2.2923076923076926,2.013922966116771,28969.99999986947,3.3486279892240436,897000.0,
0.8589743589743589,1.2658097449285184,2.084615384615384,1.831453435629681,28979.999999869324,3.5022829866167116,898000.0,
0.8846153846153846,1.4666577856367338,2.4153846153846157,2.1220530582572685,28989.99999986918,3.6283928591095633,899000.0,
0.8205128205128205,0.8042078542715647,1.7769230769230768,1.616081506068764,28999.999999869033,3.4399968740672477,900000.0,
0.8974358974358975,1.1001284932892397,2.4307692307692315,2.2107435321113824,29009.999999868887,3.1692831782207738,901000.0,
0.8717948717948718,1.0479072040508266,2.315384615384615,2.1058031745744503,29019.99999986874,3.2031847340420203,902000.0,
0.7692307692307693,0.9678345605519263,2.1384615384615384,1.9448946263511533,29029.999999868596,3.5268482620323756,903000.0,
0.8589743589743589,1.009611591942657,2.230769230769231,2.0288469123806996,29039.99999986845,3.207604539857,904000.0,
0.8589743589743589,1.065314300463631,2.3538461538461535,2.1407832937534272,29049.999999868305,3.2730494841052886,905000.0,
0.8974358974358975,1.065314300463631,2.353846153846154,2.1407832937534272,29059.99999986816,3.1333473633579114,906000.0,
0.8461538461538461,1.0339815269205828,2.2846153846153836,2.077819079231268,29069.999999868014,3.286823622707507,907000.0,
0.8461538461538461,1.1314612668322879,2.499999999999999,2.273707746633542,29079.99999986787,3.4026330123001194,908000.0,
0.8205128205128205,0.8007264349890033,1.769230769230769,1.6090854822329685,29089.999999867723,3.1065072176254853,909000.0,
0.8333333333333334,1.1906453946358226,2.63076923076923,2.392640151842066,29099.999999867578,3.5272329350843448,910000.0,
0.7948717948717948,1.1210170089846052,2.476923076923077,2.2527196751261562,29109.999999867432,3.6109536564465623,911000.0,
0.8076923076923077,0.8494663049448559,1.876923076923077,1.707029815934106,29119.999999867287,3.21806621880295,912000.0,
0.9230769230769231,1.1349426861148488,2.5076923076923077,2.2807037704693376,29129.99999986714,3.125629576608954,913000.0,
0.8589743589743589,1.1697568789404575,2.5846153846153848,2.3506640088272923,29139.999999866995,3.4000124859140533,914000.0,
0.9358974358974359,1.127979847549727,2.492307692307692,2.266711722797747,29149.99999986685,3.0764688781885483,915000.0,
0.8717948717948718,1.0862028161589963,2.4000000000000004,2.1827594367682,29159.999999866704,3.255347347930683,916000.0,
0.9487179487179487,1.1802011367881404,2.6076923076923073,2.371652080334679,29169.99999986656,3.091020117139988,917000.0,
0.8205128205128205,1.121017008984605,2.4769230769230766,2.2527196751261553,29179.999999866413,3.502486354682543,918000.0,
0.8333333333333334,1.0165744305077784,2.2461538461538457,2.0428389600522903,29189.999999866268,3.3238862396690725,919000.0,
0.8333333333333334,1.1244984282671662,2.4846153846153847,2.2597156989619513,29199.999999866122,3.4540104215957137,920000.0,
0.8205128205128205,1.1836825560707014,2.6153846153846154,2.3786481041704755,29209.999999865977,3.580734990193696,921000.0,
0.8717948717948718,1.1210170089846052,2.4769230769230766,2.252719675126155,29219.99999986583,3.2988106867600067,922000.0,
0.8333333333333334,1.0862028161589963,2.4000000000000004,2.1827594367682006,29229.999999865686,3.409901840912037,923000.0,
0.8076923076923077,1.2254595874614318,2.7076923076923074,2.4626003902000213,29239.99999986554,3.691200759061456,924000.0,
0.8333333333333334,1.0200558497903394,2.253846153846154,2.0498349838880854,29249.999999865395,3.3317562505003995,925000.0,
0.7564102564102564,0.8355406278146125,1.8461538461538458,1.679045720590924,29259.99999986525,3.4273215079393,926000.0,
0.7948717948717948,1.0374629462031437,2.292307692307692,2.084815103067063,29269.999999865104,3.5161598355277994,927000.0,
0.7692307692307693,0.9852416569647303,2.1769230769230767,1.979874745530131,29279.99999986496,3.5661441540354457,928000.0,
0.7948717948717948,1.0757585583113138,2.376923076923077,2.161771365260814,29289.999999864813,3.5656285088251556,929000.0,
0.8205128205128205,1.0548700426159485,2.3307692307692305,2.119795222246041,29299.999999864667,3.429369739420634,930000.0,
0.7948717948717948,0.8285777892494903,1.8307692307692303,1.6650536729193324,29309.99999986452,3.255949476779617,931000.0,
0.8846153846153846,1.1523497825276532,2.5461538461538455,2.3156838896483154,29319.999999864376,3.292218594725107,932000.0,
0.8974358974358975,1.2010896524835057,2.6538461538461537,2.413628223349453,29329.99999986423,3.3000684698941183,933000.0,
0.7692307692307693,0.939983206291439,2.0769230769230766,1.888926435664789,29339.999999864085,3.5113081681601086,934000.0,
0.8205128205128205,1.0827213968764355,2.3923076923076922,2.1757634129324046,29349.99999986394,3.4664385774255573,935000.0,
0.9487179487179487,1.309013650242893,2.8923076923076927,2.630504962259113,29359.999999863794,3.2370657394299833,936000.0,
0.8589743589743589,1.1941268139183838,2.6384615384615384,2.3996361756778617,29369.99999986365,3.442114798276216,937000.0,
0.8333333333333334,0.8982061749007084,1.9846153846153844,1.804974149635243,29379.999999863503,3.1935366406327264,938000.0,
0.8589743589743589,1.162794040375336,2.569230769230769,2.3366719611557016,29389.999999863358,3.4068318678828,939000.0,
0.782051282051282,1.0479072040508266,2.315384615384615,2.10580317457445,29399.999999863212,3.5956813428661514,940000.0,
0.9102564102564102,1.1175355897020445,2.469230769230769,2.2457236512903593,29409.999999863066,3.1663038872623894,941000.0,
0.8076923076923077,1.2184967488963097,2.6923076923076916,2.44860834252843,29419.99999986292,3.694008673218758,942000.0,
0.8846153846153846,1.0096115919426565,2.230769230769231,2.0288469123806996,29429.999999862775,3.137239190875308,943000.0,
0.8205128205128205,1.0479072040508262,2.315384615384615,2.10580317457445,29439.99999986263,3.429633779919264,944000.0,
0.8461538461538461,0.9956859148124132,2.1999999999999997,2.0008628170375173,29449.999999862484,3.264595475064183,945000.0,
0.8333333333333334,1.0862028161589963,2.4,2.1827594367682006,29459.99999986234,3.4240556870656764,946000.0,
0.8333333333333334,1.1558312018102141,2.5538461538461537,2.322679913484111,29469.999999862193,3.5082251344625135,947000.0,
0.8846153846153846,0.9922044955298522,2.192307692307692,1.9938667932017218,29479.999999862048,3.1204601543506465,948000.0,
0.782051282051282,1.1210170089846052,2.4769230769230766,2.252719675126156,29489.999999861902,3.695067650814176,949000.0,
0.8205128205128205,0.9330203677263176,2.0615384615384613,1.8749343879931983,29499.999999861757,3.2933654481487142,950000.0,
0.8589743589743589,1.1488683632450922,2.5384615384615383,2.30868786581252,29509.99999986161,3.3977840646564412,951000.0,
0.8974358974358975,1.0687957197461921,2.3615384615384616,2.147779317589223,29519.999999861466,3.1635123734152395,952000.0,
0.8589743589743589,0.9608717219868046,2.1230769230769226,1.930902578679562,29529.99999986132,3.180116333042298,953000.0,
0.8461538461538461,0.9782788183996087,2.161538461538461,1.9658826978585398,29539.999999861175,3.2494779974853354,954000.0,
0.8333333333333334,0.9956859148124133,2.1999999999999997,2.0008628170375173,29549.99999986103,3.3209738669881586,955000.0,
0.8461538461538461,1.1697568789404573,2.5846153846153848,2.3506640088272928,29559.999999860884,3.4769823720638957,956000.0,
0.8461538461538461,0.9608717219868044,2.123076923076922,1.9309025786795622,29569.999999860738,3.2307241562701763,957000.0,
0.8333333333333334,1.1140541704194833,2.4615384615384617,2.2387276274545647,29579.999999860593,3.4648619275627692,958000.0,
0.8589743589743589,0.9991673340949743,2.207692307692308,2.0078588408733125,29589.999999860447,3.228281374003996,959000.0,
0.9102564102564102,1.7188855576889108,2.83076923076923,2.486992119231448,29599.9999998603,3.356767029373054,960000.0,
0.8717948717948718,1.1864047055787594,1.953846153846154,1.716565212730402,29609.999999860156,3.3967553975588496,961000.0,
0.7948717948717948,1.1256832048995313,1.8538461538461537,1.6287095128662472,29619.99999986001,3.64972725775841,962000.0,
0.8846153846153846,1.3312021302753794,2.1923076923076916,1.9260672662526166,29629.999999859865,3.5123705240628547,963000.0,
0.8076923076923077,1.261138860260886,2.076923076923077,1.8246953048708998,29639.99999985972,3.7607719222096176,964000.0,
0.8205128205128205,1.4666577856367335,2.4153846153846152,2.122053058257269,29649.999999859574,3.953111051226898,965000.0,
0.8205128205128205,1.270480629596152,2.092307692307692,1.8382115663884622,29659.99999985943,3.71464514230243,966000.0,
0.7948717948717948,1.2284426675874556,2.0230769230769234,1.7773883895594322,29669.999999859283,3.7822310979141385,967000.0,
0.8205128205128205,1.2798223989314175,2.1076923076923078,1.8517278279060236,29679.999999859137,3.7272804236797663,968000.0,
0.8846153846153846,1.3592274382811773,2.238461538461538,1.9666160508053032,29689.999999858992,3.5475295678954453,969000.0,
0.7948717948717948,1.13969585890243,1.876923076923077,1.6489839051425912,29699.999999858846,3.6725173708587557,970000.0,
0.8205128205128205,1.3872527462869741,2.284615384615384,2.00716483535799,29709.9999998587,3.860086159519324,971000.0,
0.7692307692307693,1.0416072808821393,1.7153846153846155,1.5070631592081876,29719.999999858555,3.6687527984609836,972000.0,
0.8461538461538461,1.1303540895671644,1.861538461538461,1.6354676436250286,29729.99999985841,3.4407184694710664,973000.0,
0.7948717948717948,1.0976578968937338,1.807692307692307,1.5881607283135608,29739.999999858264,3.622211547686488,974000.0,
0.8589743589743589,1.345214784278278,2.215384615384615,1.9463416585289603,29749.99999985812,3.640694823470987,975000.0,
0.8717948717948718,1.3685692076164429,2.253846153846154,1.9801323123228651,29759.999999857973,3.614532326366653,976000.0,
0.8974358974358975,1.4853413243072653,2.4461538461538463,2.1490855812923937,29769.999999857828,3.6419489042116564,977000.0,
0.8461538461538461,1.3078477069372145,2.1538461538461533,1.892276612458711,29779.999999857682,3.6535139566659303,978000.0,
0.8846153846153846,1.3452147842782782,2.215384615384615,1.9463416585289595,29789.999999857537,3.5374862778630987,979000.0,
0.8076923076923077,1.1303540895671642,1.8615384615384614,1.6354676436250286,29799.99999985739,3.6090066505569256,980000.0,
0.8589743589743589,1.457316016301468,2.3999999999999995,2.108536796739706,29809.999999857246,3.7747828249307673,981000.0,
0.8846153846153846,1.3265312456077465,2.184615384615385,1.9193091354938356,29819.9999998571,3.518104886322472,982000.0,
0.8589743589743589,1.2097591289169236,1.9923076923076923,1.7503558665243077,29829.999999856955,3.4877762993188925,983000.0,
0.8461538461538461,1.135024974234797,1.8692307692307697,1.64222577438381,29839.99999985681,3.4529052725630205,984000.0,
0.8461538461538461,1.1864047055787592,1.9538461538461531,1.7165652127304019,29849.999999856664,3.5142328338483004,985000.0,
0.8333333333333334,1.2377844369227213,2.038461538461538,1.7909046510769941,29859.999999856518,3.630569016597174,986000.0,
0.7692307692307693,1.1583793975729617,1.9076923076923082,1.6760164281777157,29869.999999856373,3.8305565501589074,987000.0,
0.782051282051282,1.2004173595816579,1.9769230769230772,1.7368396050067452,29879.999999856227,3.8221697384624944,988000.0,
0.8461538461538461,1.1677211669082275,1.9230769230769227,1.6895326896952776,29889.99999985608,3.4945765305709693,989000.0,
0.8717948717948718,1.303176822269582,2.146153846153846,1.8855184816999297,29899.999999855936,3.547758707880428,990000.0,
0.8076923076923077,0.9948984342058097,1.6384615384615382,1.4394818516203765,29909.99999985579,3.448283775664988,991000.0,
0.8205128205128205,1.158379397572962,1.9076923076923076,1.6760164281777155,29919.999999855645,3.5942717657739305,992000.0,
0.8846153846153846,1.3685692076164429,2.2538461538461543,1.9801323123228656,29929.9999998555,3.572002872361195,993000.0,
0.8205128205128205,1.4759995549719995,2.43076923076923,2.1355693197748304,29939.999999855354,3.9826213326039897,994000.0,
0.8333333333333334,1.0883161275584683,1.7923076923076924,1.5746444667959985,29949.99999985521,3.4567455068984505,995000.0,
0.8076923076923077,1.125683204899531,1.8538461538461537,1.6287095128662479,29959.999999855063,3.61338238065082,996000.0,
0.8076923076923077,1.2658097449285188,2.0846153846153848,1.831453435629681,29969.999999854917,3.7875073032263824,997000.0,
0.8076923076923077,1.0556199348850377,1.738461538461538,1.5273375514845309,29979.999999854772,3.527907220950317,998000.0,
0.8333333333333334,1.1116705508966327,1.830769230769231,1.6084351205899041,29989.999999854626,3.4872323533657505,999000.0,
0.8461538461538461,1.4386324776309363,2.3692307692307693,2.0815042737045824,29999.99999985448,3.821411109909832,1000000.0,
0.8333333333333334,1.1677211669082277,1.9230769230769227,1.6895326896952776,30009.999999854335,3.555723861810416,1001000.0,
0.8461538461538461,1.4853413243072653,2.446153846153846,2.1490855812923932,30019.99999985419,3.8778245953757784,1002000.0,
0.8461538461538461,1.293835052934316,2.1307692307692307,1.8720022201823674,30029.999999854044,3.6521050625410725,1003000.0,
0.8846153846153846,1.2798223989314175,2.1076923076923073,1.851727827906024,30039.9999998539,3.478057204572233,1004000.0,
0.8846153846153846,1.410607169625139,2.323076923076923,2.040955489151895,30049.999999853753,3.6264805685448374,1005000.0,
0.8205128205128205,0.9575313568647468,1.5769230769230766,1.3854168055501277,30059.999999853608,3.3582382161606654,1006000.0,
0.8589743589743589,1.39659451562224,2.3,2.020681096875552,30069.999999853462,3.7196145107069625,1007000.0,
0.7435897435897436,1.088316127558468,1.7923076923076924,1.5746444667959987,30079.999999853317,3.8829044473860637,1008000.0,
0.8461538461538461,1.3919236309546075,2.2923076923076926,2.013922966116771,30089.99999985317,3.7716642911104543,1009000.0,
0.8076923076923077,1.3171894762724805,2.1692307692307686,1.905792873976273,30099.999999853026,3.859374272191802,1010000.0,
0.8846153846153846,1.3965945156222401,2.3000000000000003,2.020681096875552,30109.99999985288,3.614118437932814,1011000.0,
0.8846153846153846,1.3498856689459109,2.2230769230769227,1.9530997892877413,30119.999999852735,3.5618968431392743,1012000.0,
0.8846153846153846,1.5040248629777972,2.4769230769230766,2.176118104327518,30129.99999985259,3.736720859581108,1013000.0,
0.8461538461538461,1.3265312456077465,2.184615384615385,1.9193091354938356,30139.999999852444,3.6974126841853323,1014000.0,
0.7692307692307693,1.1630502822405948,1.9153846153846148,1.6827745589364964,30149.999999852298,3.8552953668932255,1015000.0,
0.8205128205128205,1.1630502822405944,1.915384615384615,1.6827745589364964,30159.999999852153,3.6149644064623887,1016000.0,
0.8205128205128205,1.1770629362434935,1.9384615384615382,1.7030489512128402,30169.999999852007,3.632667328528413,1017000.0,
0.782051282051282,1.2704806295961515,2.0923076923076915,1.8382115663884622,30179.99999985186,3.931430968972544,1018000.0,
0.7948717948717948,1.2751515142637846,2.1,1.8449696971472433,30189.999999851716,3.874542227603226,1019000.0,
0.8589743589743589,0.9504274641391219,2.1,1.9099145071721757,30199.99999985157,3.58599430017014,1020000.0,
0.8589743589743589,1.054870042615948,2.3307692307692305,2.119795222246041,30209.999999851425,3.330144228699516,1021000.0,
0.8461538461538461,0.999167334094974,2.207692307692308,2.0078588408733125,30219.99999985128,3.3153765463368337,1022000.0,
0.8461538461538461,0.9713159798344867,2.146153846153846,1.9518906501869482,30229.999999851134,3.283067370089582,1023000.0,
0.8846153846153846,1.06183288118107,2.3461538461538463,2.1337872699176317,30239.99999985099,3.243228474361527,1024000.0,
0.8205128205128205,1.1593126210927747,2.5615384615384613,2.3296759373199065,30249.999999850843,3.6160341319384024,1025000.0,
0.8205128205128205,1.127979847549727,2.492307692307692,2.266711722797747,30259.999999850697,3.5784723141828034,1026000.0,
0.7948717948717948,0.9956859148124132,2.1999999999999997,2.0008628170375173,30269.999999850552,3.5281177637772316,1027000.0,
0.8333333333333334,1.1210170089846052,2.4769230769230766,2.252719675126156,30279.999999850406,3.5162942569172118,1028000.0,
0.9358974358974359,1.4169376480022804,3.13076923076923,2.847381701168775,30289.99999985026,3.4476840622328333,1029000.0,
0.8846153846153846,0.9887230762472916,2.184615384615384,1.9868707693659264,30299.999999850115,3.1640608687841616,1030000.0,
0.8974358974358975,1.06183288118107,2.3461538461538454,2.133787269917632,30309.99999984997,3.2008966390134472,1031000.0,
0.8076923076923077,1.058351461898509,2.338461538461538,2.1267912460818366,30319.999999849824,3.5528764131254116,1032000.0,
0.8461538461538461,1.030500107638022,2.2769230769230764,2.070823055395472,30329.99999984968,3.3590728544633697,1033000.0,
0.8589743589743589,1.030500107638022,2.276923076923077,2.070823055395472,30339.999999849533,3.3095344536504743,1034000.0,
0.9102564102564102,1.1349426861148486,2.5076923076923077,2.2807037704693376,30349.999999849388,3.2383849227573758,1035000.0,
0.7307692307692307,1.0270186883554613,2.2692307692307687,2.0638270315596765,30359.999999849242,3.886793994570893,1036000.0,
0.8205128205128205,1.0096115919426567,2.2307692307692304,2.0288469123806996,30369.999999849097,3.441086002661587,1037000.0,
0.8333333333333334,0.9922044955298526,2.1923076923076925,1.9938667932017216,30379.99999984895,3.367873086925265,1038000.0,
0.8333333333333334,0.9922044955298523,2.1923076923076925,1.9938667932017216,30389.999999848806,3.36848847154064,1039000.0,
0.7948717948717948,1.0479072040508264,2.315384615384616,2.1058031745744494,30399.99999984866,3.6022026115286625,1040000.0,
0.8461538461538461,1.10012849328924,2.43076923076923,2.210743532111383,30409.999999848515,3.4462094314450407,1041000.0,
0.7692307692307693,1.0409443654857045,2.3000000000000003,2.091811126902859,30419.99999984837,3.714557675111606,1042000.0,
0.8461538461538461,1.1906453946358229,2.6307692307692307,2.3926401518420657,30429.999999848224,3.5543960724303783,1043000.0,
0.8974358974358975,1.2010896524835055,2.6538461538461537,2.4136282233494515,30439.999999848078,3.3634970413217666,1044000.0,
0.8205128205128205,0.9190946905960735,2.0307692307692307,1.8469502926500156,30449.999999847932,3.3357685291453656,1045000.0,
0.8461538461538461,1.0896842354415572,2.4076923076923076,2.189755460603996,30459.999999847787,3.4368965206553113,1046000.0,
0.8717948717948718,1.190645394635823,2.6307692307692307,2.392640151842066,30469.99999984764,3.4522079526529805,1047000.0,
0.8333333333333334,1.1906453946358224,2.6307692307692307,2.392640151842066,30479.999999847496,3.6121560120061855,1048000.0,
0.8076923076923077,0.9469460448565608,2.0923076923076924,1.9029184833363801,30489.99999984735,3.425739547581255,1049000.0,
0.8076923076923077,0.7937635964238816,1.7538461538461536,1.5950934345613774,30499.999999847205,3.236720008251897,1050000.0,
0.8846153846153846,1.1349426861148488,2.5076923076923077,2.2807037704693376,30509.99999984706,3.3415265147212225,1051000.0,
0.8846153846153846,1.0792399775938744,2.3846153846153846,2.1687673890966095,30519.999999846914,3.279137945668519,1052000.0,
0.8717948717948718,1.1523497825276532,2.546153846153846,2.315683889648315,30529.99999984677,3.411810044646499,1053000.0,
0.8589743589743589,1.002648753377535,2.215384615384615,2.014854864709107,30539.999999846623,3.289050787496301,1054000.0,
0.8846153846153846,1.1036099125718006,2.438461538461538,2.2177395559471775,30549.999999846477,3.308425698252236,1055000.0,
0.8589743589743589,1.1384241053974096,2.5153846153846153,2.2876997943051336,30559.99999984633,3.44831164507166,1056000.0,
0.8333333333333334,1.058351461898509,2.3384615384615377,2.1267912460818366,30569.999999846186,3.4589417542597904,1057000.0,
0.8717948717948718,1.2115339103311882,2.6769230769230767,2.434616294856839,30579.99999984604,3.4826388971269817,1058000.0,
0.8974358974358975,1.2080524910486277,2.6692307692307686,2.427620271021043,30589.999999845895,3.379827061437064,1059000.0,
0.8076923076923077,0.9713159798344873,2.146153846153846,1.9518906501869482,30599.99999984575,3.462895975014142,1060000.0,
0.8589743589743589,0.9922044955298523,2.1923076923076916,1.9938667932017218,30609.999999845604,3.2810709052258034,1061000.0,
0.8461538461538461,1.2637551995696015,2.792307692307692,2.5395566523937725,30619.99999984546,3.652313720685283,1062000.0,
0.9230769230769231,1.3542721009161842,2.9923076923076923,2.7214532721244544,30629.999999845313,3.446569775975855,1063000.0,
0.9102564102564102,1.1836825560707012,2.6153846153846154,2.3786481041704746,30639.999999845168,3.3082681601734265,1064000.0,
0.8333333333333334,1.1697568789404573,2.5846153846153843,2.3506640088272936,30649.999999845022,3.5975513316331336,1065000.0,
0.8717948717948718,1.0130930112252177,2.238461538461538,2.035842936216494,30659.999999844877,3.2597213952112414,1066000.0,
0.8860759493670886,1.099952218895186,2.4303797468354422,2.210389303056406,30669.99999984473,3.279657504164522,1067000.0,
0.7848101265822784,0.8799617751161489,1.9443037974683548,1.7683114424451245,30679.999999844586,3.423173874725355,1068000.0,
0.7974683544303798,0.9968316983737625,2.2025316455696204,2.0031653058948677,30689.99999984444,3.5160238757194118,1069000.0,
0.8607594936708861,1.075890764106854,2.3772151898734175,2.1620370370520474,30699.999999844295,3.3499289759299495,1070000.0,
0.8987341772151899,1.062141361370664,2.3468354430379743,2.1344071707638412,30709.99999984415,3.193647430240521,1071000.0,
0.810126582278481,1.0243305038461419,2.263291139240506,2.0584250384712774,30719.999999844003,3.496904840666237,1072000.0,
0.8607594936708861,0.9383967367449556,2.0734177215189873,1.885738374169996,30729.999999843858,3.191957973553601,1073000.0,
0.8481012658227848,1.1996353887325621,2.6506329113924045,2.410705833645892,30739.999999843712,3.548223816547242,1074000.0,
0.8607594936708861,1.3096306106220812,2.8936708860759484,2.631744763951533,30749.999999843567,3.6244208564402443,1075000.0,
0.8860759493670886,0.9280846846928132,2.0506329113924044,1.865015974453842,30759.99999984342,3.0908355727074834,1076000.0,
0.8987341772151899,1.106826920263281,2.4455696202531643,2.2242042362005083,30769.999999843276,3.2467482633745104,1077000.0,
0.8354430379746836,1.0105811011099524,2.232911392405063,2.0307951721830726,30779.99999984313,3.378116772522374,1078000.0,
0.8481012658227848,1.0277678545301896,2.2708860759493676,2.0653325050433287,30789.999999842985,3.348559112039923,1079000.0,
0.8987341772151899,1.4803748140277573,2.437974683544304,2.141899720738753,30799.99999984284,3.2446137464161797,1080000.0,
0.7848101265822784,1.259010355855382,2.073417721518987,1.821615650347911,30809.999999842694,3.914542227602643,1081000.0,
0.759493670886076,1.1206575694976477,1.8455696202531644,1.621438106353635,30819.99999984255,3.863529133151705,1082000.0,
0.8734177215189873,1.4019749017583745,2.3088607594936708,2.028465779141996,30829.999999842403,3.6822582208362196,1083000.0,
0.8227848101265823,1.1437163672239368,1.8835443037974677,1.654801030352681,30839.999999842257,3.5955906616842763,1084000.0,
0.8734177215189873,1.3881396231226009,2.2860759493670884,2.0084480247425684,30849.99999984211,3.66757724964452,1085000.0,
0.8481012658227848,1.2313397985838352,2.027848101265823,1.7815801415490558,30859.999999841966,3.592770807267295,1086000.0,
0.7974683544303798,1.2221162794933196,2.0126582278481013,1.768234971949437,30869.99999984182,3.8099521599802766,1087000.0,
0.8607594936708861,1.3051279513079603,2.1493670886075944,1.888341498346003,30879.999999841675,3.6268368845899044,1088000.0,
0.810126582278481,1.2036692413122887,1.9822784810126577,1.7415446327502009,30889.99999984153,3.728901094725857,1089000.0,
0.7974683544303798,1.3881396231226006,2.2860759493670884,2.0084480247425684,30899.999999841384,4.020044924213792,1090000.0,
0.8860759493670886,1.4665395353919837,2.4151898734177215,2.1218819663393247,30909.99999984124,3.7070917613535657,1091000.0,
0.7848101265822784,1.0745399740450698,1.7696202531645568,1.5547122583555426,30919.999999841093,3.6865880314248844,1092000.0,
0.7848101265822784,1.1298810885881634,1.8607594936708858,1.6347832759532532,30929.999999840948,3.7577484838265582,1093000.0,
0.8860759493670886,1.3835278635773434,2.278481012658228,2.0017754399427594,30939.999999840802,3.6151214460198755,1094000.0,
0.810126582278481,1.2082810008575464,1.9898734177215185,1.7482172175500097,30949.999999840657,3.73834373541448,1095000.0,
0.7721518987341772,0.9915283022304295,1.632911392405063,1.4346057319589776,30959.99999984051,3.642139932376786,1096000.0,
0.6708860759493671,0.8531755158726949,1.4050632911392404,1.2344281879647014,30969.999999840365,3.9864276557117413,1097000.0,
0.8227848101265823,1.2359515581290932,2.0354430379746833,1.788252726348865,30979.99999984022,3.716307278322726,1098000.0,
0.8227848101265823,1.2175045199480623,2.005063291139241,1.7615623871496282,30989.999999840074,3.6945024165334637,1099000.0,
0.7848101265822784,1.2451750772196089,2.050632911392405,1.8015978959484835,30999.99999983993,3.909171469340754,1100000.0,
0.7721518987341772,1.166775164950226,1.921518987341772,1.688163954351727,31009.999999839783,3.872377672620408,1101000.0,
0.8607594936708861,1.3189632299437337,2.1721518987341772,1.9083592527454303,31019.999999839638,3.651145517122521,1102000.0,
0.810126582278481,1.3512455467605382,2.2253164556962024,1.955067346344095,31029.999999839492,3.9198155967634127,1103000.0,
0.7721518987341772,0.9869165426851713,1.6253164556962023,1.4279331471591683,31039.999999839347,3.6414132273918662,1104000.0,
0.8227848101265823,1.337410268124765,2.20253164556962,1.935049591944667,31049.9999998392,3.843926325855864,1105000.0,
0.8734177215189873,1.2405633176743507,2.043037974683544,1.7949253111486745,31059.999999839056,3.510786986884752,1106000.0,
0.9367088607594937,1.4573160163014682,2.3999999999999995,2.1085367967397066,31069.99999983891,3.5055103417106697,1107000.0,
0.810126582278481,1.217504519948062,2.00506329113924,1.7615623871496282,31079.999999838765,3.7578540167917174,1108000.0,
0.8354430379746836,1.314351470398476,2.1645569620253164,1.9016866679456217,31089.99999983862,3.760508578185636,1109000.0,
0.7974683544303798,1.1068222908618741,1.8227848101265822,1.6014203519542078,31099.999999838474,3.6799803329660303,1110000.0,
0.8481012658227848,1.3051279513079603,2.149367088607595,1.888341498346003,31109.99999983833,3.694700121673136,1111000.0,
0.7721518987341772,1.1759986840407417,1.9367088607594933,1.7015091239513458,31119.999999838183,3.8915360006227746,1112000.0,
0.7974683544303798,1.120657569497648,1.845569620253164,1.621438106353635,31129.999999838037,3.69923409506483,1113000.0,
0.8734177215189873,1.4757630544824993,2.4303797468354422,2.135227135938943,31139.99999983789,3.7847113232302454,1114000.0,
0.8481012658227848,1.4158101803941476,2.331645569620253,2.0484835335414235,31149.999999837746,3.8275940932821877,1115000.0,
0.8227848101265823,1.4619277758467257,2.407594936708861,2.1152093815395157,31159.9999998376,4.002032219856303,1116000.0,
0.7848101265822784,1.2313397985838348,2.027848101265822,1.7815801415490558,31169.999999837455,3.902510388498237,1117000.0,
0.8607594936708861,1.360469065851054,2.240506329113924,1.968412515943713,31179.99999983731,3.708777297073536,1118000.0,
0.8607594936708861,1.337410268124765,2.2025316455696204,1.9350495919446675,31189.999999837164,3.6825766350091618,1119000.0,
0.8987341772151899,1.3097397108532185,2.1569620253164556,1.8950140831458124,31199.99999983702,3.4967498191009896,1120000.0,
0.8987341772151899,1.3789161040320854,2.2708860759493663,1.9951028551429497,31209.999999836873,3.574284115736622,1121000.0,
0.810126582278481,1.1068222908618741,1.8227848101265822,1.601420351954207,31219.999999836728,3.6299806402633266,1122000.0,
0.759493670886076,1.1759986840407417,1.9367088607594933,1.7015091239513451,31229.999999836582,3.9637282672997145,1123000.0,
0.7848101265822784,1.2497868367648666,2.0582278481012657,1.8082704807482923,31239.999999836436,3.930531614567551,1124000.0,
0.8227848101265823,1.3466337872152807,2.2177215189873416,1.9483947615442858,31249.99999983629,3.8674441413656964,1125000.0,
0.810126582278481,1.365080825396312,2.248101265822785,1.9750851007435222,31259.999999836145,3.9512685188292367,1126000.0,
0.7848101265822784,1.1713869244954835,1.9291139240506325,1.6948365391515363,31269.999999836,3.8325704360307276,1127000.0,
0.8354430379746836,1.3051279513079606,2.149367088607595,1.8883414983460025,31279.999999835854,3.7609834568498517,1128000.0,
0.8354430379746836,1.1759986840407417,1.9367088607594938,1.7015091239513456,31289.99999983571,3.607025697545142,1129000.0,
0.810126582278481,1.2682338749458977,2.0886075949367084,1.8349608199475296,31299.999999835563,3.83422306436697,1130000.0,
0.7974683544303798,1.0145870999567184,1.6708860759493667,1.4679686559580236,31309.999999835418,3.5776536650054025,1131000.0,
0.8481012658227848,1.475763054482499,2.430379746835443,2.135227135938943,31319.999999835272,3.9084340492966634,1132000.0,
0.8354430379746836,1.3235749894889914,2.179746835443038,1.9150318375452402,31329.999999835127,3.786094305581648,1133000.0,
0.8481012658227848,1.3097397108532183,2.156962025316455,1.8950140831458122,31339.99999983498,3.7138692112860014,1134000.0,
0.810126582278481,1.2451750772196086,2.0506329113924044,1.8015978959484837,31349.999999834836,3.808884860923537,1135000.0,
0.7848101265822784,1.1160458099523902,1.8379746835443034,1.614765521553826,31359.99999983469,3.7678615965321853,1136000.0,
0.8481012658227848,1.5264924094803354,2.5139240506329115,2.208625568736845,31369.999999834545,3.9712343335478,1137000.0,
0.8227848101265823,1.1990574817670305,1.9746835443037967,1.7348720479503916,31379.9999998344,3.6960821701284763,1138000.0,
0.8481012658227848,1.1759986840407415,1.936708860759493,1.7015091239513451,31389.999999834254,3.559159642357814,1139000.0,
0.8354430379746836,0.9040232299044814,1.9974683544303795,1.8166637084494834,31399.999999834108,3.6578534556147866,1140000.0,
0.8607594936708861,1.2030727394166099,2.6582278481012658,2.4176133002179436,31409.999999833963,3.53944921195097,1141000.0,
0.9240506329113924,1.1721365832601824,2.589873417721519,2.355446101069482,31419.999999833817,3.2640902750179124,1142000.0,
0.8860759493670886,1.1308883750516132,2.4987341772151894,2.272556502204867,31429.99999983367,3.3579997375404296,1143000.0,
0.8481012658227848,0.9658955422173352,2.134177215189873,1.940998106746406,31439.999999833526,3.3144111617003214,1144000.0,
0.8481012658227848,1.0758907641068538,2.377215189873418,2.162037037052047,31449.99999983338,3.444704035271536,1145000.0,
0.8227848101265823,0.9830822956375727,2.172151898734177,1.9755354396066622,31459.999999833235,3.4385123285249093,1146000.0,
0.9113924050632911,1.0999522188951862,2.430379746835443,2.2103893030564064,31469.99999983309,3.233000351270417,1147000.0,
0.759493670886076,0.9555834901651931,2.111392405063291,1.9202757070302519,31479.999999832944,3.690181595363333,1148000.0,
0.8734177215189873,1.2236968435208946,2.70379746835443,2.4590580996502505,31489.9999998328,3.5164036324188377,1149000.0,
0.8987341772151899,1.0346425558982846,2.2860759493670884,2.079147438187432,31499.999999832653,3.2075572100663807,1150000.0,
0.8227848101265823,0.9796449449535249,2.164556962025316,1.968627973034611,31509.999999832507,3.4374115484627144,1151000.0,
0.8607594936708861,0.98651964632162,2.179746835443037,1.982442906178714,31519.999999832362,3.294336059678755,1152000.0,
0.8860759493670886,1.0140184517939996,2.2405063291139244,2.0377026387551234,31529.999999832216,3.2318179670067537,1153000.0,
0.8607594936708861,1.1927606873644676,2.635443037974684,2.3968909005017895,31539.99999983207,3.5351160926549876,1154000.0,
0.8227848101265823,1.0758907641068538,2.3772151898734175,2.1620370370520465,31549.999999831925,3.556848774818263,1155000.0,
0.9240506329113924,1.240883596941132,2.7417721518987337,2.4935954325105074,31559.99999983178,3.346158961056089,1156000.0,
0.7468354430379747,0.9143352819566235,2.020253164556962,1.8373861081656375,31569.999999831634,3.7035980893782665,1157000.0,
0.8607594936708861,0.9246473340087659,2.043037974683544,1.8581085078817907,31579.99999983149,3.225984402727006,1158000.0,
0.7848101265822784,1.075890764106854,2.377215189873418,2.162037037052046,31589.999999831343,3.731535005857819,1159000.0,
0.8354430379746836,1.2546329996773218,2.7721518987341773,2.5212252987987123,31599.999999831198,3.7199364692916843,1160000.0,
0.9240506329113924,1.237446246257084,2.734177215189873,2.486687965938456,31609.999999831052,3.3451788144253674,1161000.0,
0.7848101265822784,1.0312052052142373,2.278481012658228,2.0722399716153803,31619.999999830907,3.676532438881714,1162000.0,
0.8354430379746836,0.9830822956375727,2.1721518987341777,1.9755354396066622,31629.99999983076,3.3967166871834733,1163000.0,
0.8481012658227848,1.0518293093185216,2.324050632911392,2.1136847710476876,31639.999999830616,3.4276763497746807,1164000.0,
0.8481012658227848,1.1480751284718502,2.5367088607594943,2.3070938350651233,31649.99999983047,3.541757241015164,1165000.0,
0.7721518987341772,0.9899569970056673,2.187341772151899,1.9893503727507649,31659.999999830325,3.686006602658802,1166000.0,
0.8607594936708861,1.1412004271037557,2.521518987341772,2.2932789019210205,31669.99999983018,3.4828622608814017,1167000.0,
0.8734177215189873,0.9727702435854304,2.149367088607595,1.9548130398905086,31679.999999830034,3.2401253513331456,1168000.0,
0.8481012658227848,1.1377630764197084,2.513924050632911,2.2863714353489697,31689.999999829888,3.5319863139685737,1169000.0,
0.810126582278481,0.9177726326406711,2.0278481012658225,1.8442935747376883,31699.999999829743,3.426622468396092,1170000.0,
0.8227848101265823,1.0965148682111387,2.4227848101265814,2.2034818364843543,31709.999999829597,3.5917611474987123,1171000.0,
0.8481012658227848,1.0312052052142373,2.278481012658227,2.07223997161538,31719.99999982945,3.4081344956814994,1172000.0,
0.8734177215189873,1.18932333668042,2.6278481012658226,2.3899834339297388,31729.999999829306,3.4909615013983815,1173000.0,
0.8734177215189873,1.1377630764197084,2.5139240506329115,2.2863714353489692,31739.99999982916,3.432508449795529,1174000.0,
0.7848101265822784,0.9693328929013828,2.1417721518987345,1.9479055733184572,31749.999999829015,3.6060822344829555,1175000.0,
0.7341772151898734,0.9521461394811456,2.10379746835443,1.9133682404582009,31759.99999982887,3.8320576727197224,1176000.0,
0.8481012658227848,0.9865196463216201,2.1797468354430376,1.9824429061787137,31769.999999828724,3.3584306277334455,1177000.0,
0.8607594936708861,1.0380799065823316,2.2936708860759487,2.0860549047594827,31779.99999982858,3.369531067922595,1178000.0,
0.8227848101265823,0.928084684692813,2.050632911392405,1.865015974453842,31789.999999828433,3.391976770607137,1179000.0,
0.8354430379746836,0.9315220353768604,2.0582278481012657,1.8719234410258934,31799.999999828287,3.34530364838641,1180000.0,
0.8860759493670886,1.0724534134228065,2.369620253164557,2.155129570479995,31809.999999828142,3.3137659951304603,1181000.0,
0.810126582278481,0.9899569970056675,2.1873417721518984,1.9893503727507649,31819.999999827996,3.5232250431590257,1182000.0,
0.8481012658227848,1.1755739339442302,2.597468354430379,2.3623535676415335,31829.99999982785,3.584927474333187,1183000.0,
0.8354430379746836,0.8868364764842437,1.9594936708860753,1.7821263755892272,31839.999999827705,3.2942406309240004,1184000.0,
0.7721518987341772,0.8318388655394845,1.8379746835443034,1.6716069104364069,31849.99999982756,3.493689678300778,1185000.0,
0.8607594936708861,1.0037063997418572,2.217721518987342,2.01698023903897,31859.999999827414,3.3343030232107984,1186000.0,
0.810126582278481,1.1102642709473283,2.453164556962025,2.2311117027725595,31869.99999982727,3.6748543344307176,1187000.0,
0.8987341772151899,1.120576322999471,2.4759493670886075,2.2518341024887127,31879.999999827123,3.324582105854713,1188000.0,
0.7848101265822784,1.0277678545301896,2.2708860759493668,2.0653325050433287,31889.999999826978,3.689571943655013,1189000.0,
0.8354430379746836,1.1137016216313758,2.4607594936708863,2.2380191693446103,31899.999999826832,3.5694276986000593,1190000.0,
0.8987341772151899,1.106826920263281,2.4455696202531643,2.2242042362005083,31909.999999826687,3.3109736154862515,1191000.0,
0.8354430379746836,1.0690160627387588,2.3620253164556955,2.1482221039079445,31919.99999982654,3.5171525599255458,1192000.0,
0.8227848101265823,0.8937111778523386,1.9746835443037976,1.79594130873333,31929.999999826396,3.3588151238316657,1193000.0,
0.8481012658227848,1.0037063997418574,2.2177215189873416,2.01698023903897,31939.99999982625,3.388844859378055,1194000.0,
0.8481012658227848,1.2615077010454168,2.7873417721518985,2.535040231942815,31949.999999826105,3.6934165430046306,1195000.0,
0.8987341772151899,1.2030727394166096,2.6582278481012653,2.4176133002179436,31959.99999982596,3.4208809353892105,1196000.0,
0.8607594936708861,1.1102642709473287,2.4531645569620255,2.2311117027725587,31969.999999825814,3.464568785346473,1197000.0,
0.8354430379746836,1.0346425558982844,2.2860759493670884,2.079147438187432,31979.999999825668,3.4796448774952284,1198000.0,
0.8607594936708861,1.0483919586344743,2.316455696202531,2.106777304475637,31989.999999825523,3.393864187218287,1199000.0,
0.8227848101265823,1.5495512072066242,2.5518987341772146,2.2419884927358904,31999.999999825377,3.6806282547088482,1200000.0,
0.8227848101265823,1.3696925849415693,2.2556962025316456,1.981757685543332,32009.99999982523,3.942238680140043,1201000.0,
0.8860759493670886,1.2820691535816713,2.111392405063291,1.8549785743469576,32019.999999825086,3.5623323304524326,1202000.0,
0.810126582278481,1.1114340504071318,1.8303797468354426,1.6080929367540169,32029.99999982494,3.6862982809512674,1203000.0,
0.8481012658227848,1.3835278635773427,2.278481012658228,2.0017754399427594,32039.999999824795,3.842664197333242,1204000.0,
0.8227848101265823,1.4434807376656948,2.377215189873418,2.088519042340279,32049.99999982465,4.034381204220099,1205000.0,
0.810126582278481,0.9454107067778511,1.5569620253164558,1.367879883960886,32059.999999824504,3.4832382161588464,1206000.0,
0.8481012658227848,1.1575516458597102,1.9063291139240506,1.6748187847521085,32069.99999982436,3.5780056719646636,1207000.0,
0.8227848101265823,1.3051279513079603,2.149367088607595,1.888341498346003,32079.999999824213,3.868075510031441,1208000.0,
0.8607594936708861,1.309739710853218,2.1569620253164556,1.8950140831458124,32089.999999824067,3.7033711346488007,1209000.0,
0.8354430379746836,1.3235749894889914,2.1797468354430376,1.9150318375452402,32099.999999823922,3.8327609722476352,1210000.0,
0.8607594936708861,1.3835278635773431,2.2784810126582276,2.00177543994276,32109.999999823776,3.790272076784164,1211000.0,
0.8607594936708861,1.2728456344911558,2.0962025316455697,1.8416334047473388,32119.99999982363,3.662273604757555,1212000.0,
0.7974683544303798,1.2866809131269288,2.118987341772152,1.8616511591467662,32129.999999823485,3.97091416088475,1213000.0,
0.7721518987341772,1.1391046076786793,1.8759493670886074,1.6481284455528717,32139.99999982334,3.91064039352995,1214000.0,
0.759493670886076,0.996140061775687,1.6405063291139237,1.4412783167587866,32149.999999823194,3.788247747983166,1215000.0,
0.7088607594936709,1.111434050407132,1.830379746835443,1.6080929367540167,32159.99999982305,4.222198035372742,1216000.0,
0.8607594936708861,1.480374814027757,2.437974683544304,2.1418997207387527,32169.999999822903,3.906314857454446,1217000.0,
0.8607594936708861,1.3466337872152807,2.217721518987341,1.9483947615442863,32179.999999822758,3.751527488069354,1218000.0,
0.8607594936708861,1.3143514703984758,2.1645569620253156,1.9016866679456215,32189.999999822612,3.714611267061588,1219000.0,
0.8607594936708861,1.3743043444868275,2.263291139240506,1.9884302703431411,32199.999999822467,3.7848506354877522,1220000.0,
0.810126582278481,1.2036692413122885,1.9822784810126586,1.7415446327502004,32209.99999982232,3.8114010947246566,1221000.0,
0.8481012658227848,1.1114340504071325,1.8303797468354426,1.6080929367540167,32219.999999822176,3.5325834325503,1222000.0,
0.8481012658227848,1.4480924972109521,2.3848101265822783,2.095191627140088,32229.99999982203,3.9301359295279297,1223000.0,
0.8481012658227848,1.2682338749458981,2.088607594936709,1.8349608199475296,32239.999999821885,3.7186608376034536,1224000.0,
0.8227848101265823,1.318963229943734,2.172151898734177,1.9083592527454305,32249.99999982174,3.8953522332963058,1225000.0,
0.8734177215189873,1.5172688903898193,2.49873417721519,2.1952803991372263,32259.999999821594,3.8971600339057977,1226000.0,
0.7468354430379747,1.1068222908618746,1.8227848101265822,1.6014203519542076,32269.999999821448,4.008792558928675,1227000.0,
0.7721518987341772,1.2221162794933196,2.0126582278481013,1.7682349719494377,32279.999999821302,4.027327640634022,1228000.0,
0.8354430379746836,1.2082810008575464,1.9898734177215185,1.7482172175500097,32289.999999821157,3.706272713128011,1229000.0,
0.7974683544303798,1.1068222908618743,1.822784810126582,1.6014203519542076,32299.99999982101,3.7561708091553974,1230000.0,
0.9367088607594937,1.3789161040320856,2.270886075949367,1.9951028551429504,32309.999999820866,3.488840165097786,1231000.0,
0.759493670886076,1.1713869244954838,1.929113924050633,1.6948365391515363,32319.99999982072,4.0303227838974,1232000.0,
0.7974683544303798,1.2543985963101245,2.0658227848101265,1.8149430655481018,32329.999999820575,3.94313157313016,1233000.0,
0.810126582278481,1.45270425675621,2.3924050632911387,2.1018642119398976,32339.99999982043,4.126928691913129,1234000.0,
0.7721518987341772,1.2497868367648668,2.058227848101266,1.8082704807482926,32349.999999820284,4.0677534443135,1235000.0,
0.8734177215189873,1.346633787215281,2.217721518987342,1.9483947615442858,32359.99999982014,3.707592307082691,1236000.0,
0.810126582278481,1.2175045199480619,2.005063291139241,1.7615623871496284,32369.999999819993,3.8384790167905436,1237000.0,
0.9367088607594937,1.3789161040320854,2.270886075949367,1.9951028551429504,32379.999999819847,3.4926239488815147,1238000.0,
0.7974683544303798,1.0607046954092962,1.746835443037974,1.5346945039561155,32389.9999998197,3.704055094222716,1239000.0,
0.8860759493670886,1.282069153581671,2.1113924050632913,1.8549785743469571,32399.999999819556,3.584046616166402,1240000.0,
0.7974683544303798,1.0560929358640385,1.7392405063291136,1.5280219191563063,32409.99999981941,3.699541935427851,1241000.0,
0.8481012658227848,1.2774573940364136,2.10379746835443,1.8483059895471479,32419.999999819265,3.7402825989189803,1242000.0,
0.8607594936708861,1.2313397985838355,2.0278481012658225,1.7815801415490562,32429.99999981912,3.632288883629668,1243000.0,
0.759493670886076,1.1667751649502263,1.9215189873417724,1.688163954351727,32439.999999818974,4.032250633829362,1244000.0,
0.7974683544303798,1.295904432217445,2.134177215189873,1.874996328746385,32449.99999981883,4.0027976213312915,1245000.0,
0.9240506329113924,1.434257218575179,2.362025316455696,2.0751738727406606,32459.999999818683,3.6047413735086544,1246000.0,
0.8227848101265823,1.259010355855382,2.0734177215189873,1.8216156503479108,32469.999999818538,3.8360248940194968,1247000.0,
0.8354430379746836,1.2175045199480616,2.00506329113924,1.7615623871496282,32479.999999818392,3.728828137493763,1248000.0,
0.759493670886076,1.2175045199480619,2.0050632911392405,1.7615623871496282,32489.999999818247,4.102377617909797,1249000.0,
0.8734177215189873,1.2912926726721872,2.126582278481013,1.8683237439465756,32499.9999998181,3.6523466831854074,1250000.0,
0.8481012658227848,1.4250336994846635,2.3468354430379748,2.061828703141042,32509.999999817956,3.9196636157907188,1251000.0,
0.9113924050632911,1.6463981576570386,2.7113924050632905,2.3821127735318828,32519.99999981781,3.890906311855489,1252000.0,
0.8860759493670886,1.2912926726721867,2.1265822784810124,1.8683237439465752,32529.999999817665,3.601884587711305,1253000.0,
0.8354430379746836,1.4204219399394054,2.339240506329113,2.0551561183412326,32539.99999981752,3.975350503846986,1254000.0,
0.7848101265822784,1.143716367223937,1.8835443037974677,1.6548010303526806,32549.999999817373,3.879893435635136,1255000.0,
0.8227848101265823,1.1575516458597104,1.9063291139240501,1.6748187847521085,32559.999999817228,3.7182520003323685,1256000.0,
0.8607594936708861,1.3189632299437335,2.172151898734177,1.9083592527454305,32569.999999817082,3.7423219877094294,1257000.0,
0.6962025316455697,0.9407989472325932,1.5493670886075952,1.361207299161076,32579.999999816937,4.084416669637464,1258000.0,
0.8860759493670886,1.3927513826678588,2.2936708860759496,2.015120609542378,32589.99999981679,3.7198165604206563,1259000.0,
0.8481012658227848,1.0346425558982848,2.2860759493670884,2.079147438187431,32599.999999816646,3.881534779483134,1260000.0,
0.8607594936708861,1.1549498298399454,2.551898734177215,2.3209087682092258,32609.9999998165,3.5541299493535234,1261000.0,
0.8481012658227848,1.1996353887325621,2.650632911392405,2.4107058336458924,32619.999999816355,3.6604626225157575,1262000.0,
0.8354430379746836,1.1343257257356607,2.50632911392405,2.2794639687769185,32629.99999981621,3.638356550481818,1263000.0,
0.9113924050632911,1.2305715448889896,2.718987341772152,2.4728730327943533,32639.999999816064,3.441318778401561,1264000.0,
0.810126582278481,1.0896401668430435,2.407594936708861,2.1896669033402514,32649.99999981592,3.698146455926282,1265000.0,
0.7974683544303798,0.8043400600671047,1.7772151898734179,1.6163471778599967,32659.999999815773,3.399724837206068,1266000.0,
0.8734177215189873,1.2718197530975588,2.8101265822784804,2.5557626316589688,32669.999999815627,3.6399066738172117,1267000.0,
0.8987341772151899,1.1549498298399454,2.5518987341772146,2.3209087682092258,32679.99999981548,3.4078991064230357,1268000.0,
0.7974683544303798,0.928084684692813,2.050632911392405,1.8650159744538424,32689.999999815336,3.5568014299906587,1269000.0,
0.8354430379746836,1.2752571037816065,2.8177215189873417,2.562670098231021,32699.99999981519,3.811289563597358,1270000.0,
0.8987341772151899,1.2030727394166099,2.6582278481012658,2.4176133002179427,32709.999999815045,3.463134456515356,1271000.0,
0.8734177215189873,1.0415172572663793,2.30126582278481,2.0929623713315344,32719.9999998149,3.3791255554017607,1272000.0,
0.7974683544303798,0.9452714381130505,2.0886075949367084,1.8995533073140984,32729.999999814754,3.5808927557080623,1273000.0,
0.8734177215189873,1.099952218895186,2.4303797468354422,2.2103893030564055,32739.99999981461,3.4471887723390733,1274000.0,
0.8481012658227848,1.1549498298399454,2.551898734177215,2.320908768209226,32749.999999814463,3.615534873970619,1275000.0,
0.8481012658227848,1.2202594928368469,2.6962025316455698,2.4521506330782,32759.999999814318,3.693138804966957,1276000.0,
0.8354430379746836,1.0002690490578101,2.210126582278481,2.010072772466919,32769.99999981432,3.4863796193507968,1277000.0,
0.810126582278481,0.9143352819566234,2.0202531645569617,1.837386108165637,32779.9999998149,3.4898794886900175,1278000.0,
0.8481012658227848,1.0277678545301894,2.2708860759493668,2.0653325050433287,32789.99999981548,3.4679620971563456,1279000.0,
0.8607594936708861,1.1137016216313758,2.4607594936708863,2.2380191693446108,32799.999999816064,3.51738570750693,1280000.0,
0.8227848101265823,1.079328114790901,2.384810126582278,2.168944503624098,32809.999999816646,3.638564939539632,1281000.0,
0.8607594936708861,1.0758907641068538,2.3772151898734175,2.162037037052046,32819.99999981723,3.474634858324098,1282000.0,
0.9367088607594937,1.2958812078858912,2.863291139240506,2.6041148976633277,32829.99999981781,3.42830291114304,1283000.0,
0.8607594936708861,1.1033895695792337,2.437974683544304,2.2172967696284567,32839.99999981839,3.5077584705641374,1284000.0,
0.7848101265822784,1.0896401668430438,2.407594936708861,2.1896669033402514,32849.999999818974,3.8303447287452363,1285000.0,
0.759493670886076,0.9830822956375727,2.1721518987341772,1.9755354396066622,32859.999999819556,3.8183883559495797,1286000.0,
0.8987341772151899,1.069016062738759,2.3620253164556964,2.148222103907944,32869.99999982014,3.322986886731983,1287000.0,
0.8481012658227848,1.0655787120547116,2.354430379746835,2.141314637335893,32879.99999982072,3.5179181828945283,1288000.0,
0.8734177215189873,1.089640166843044,2.4075949367088603,2.189666903340252,32889.9999998213,3.4440778722059995,1289000.0,
0.7974683544303798,0.9177726326406711,2.0278481012658225,1.8442935747376878,32899.999999821885,3.55720377746395,1290000.0,
0.759493670886076,0.8765244244321012,1.9367088607594938,1.7614039758730735,32909.99999982247,3.681420492195903,1291000.0,
0.759493670886076,1.0999522188951862,2.4303797468354427,2.210389303056405,32919.99999982305,3.976267088239003,1292000.0,
0.8607594936708861,1.031205205214237,2.278481012658228,2.0722399716153808,32929.99999982363,3.429191341375699,1293000.0,
0.7974683544303798,0.9555834901651928,2.1113924050632904,1.9202757070302525,32939.99999982421,3.6071570749948476,1294000.0,
0.9113924050632911,1.2202594928368469,2.6962025316455693,2.4521506330781997,32949.999999824795,3.4472263879963663,1295000.0,
0.8354430379746836,1.0105811011099524,2.2329113924050623,2.0307951721830726,32959.99999982538,3.5102379846866065,1296000.0,
0.8734177215189873,1.1240136736835182,2.483544303797468,2.2587415690607644,32969.99999982596,3.488070727864204,1297000.0,
0.9113924050632911,1.1996353887325621,2.650632911392405,2.4107058336458924,32979.99999982654,3.4262638293264844,1298000.0,
0.7721518987341772,0.9727702435854301,2.1493670886075944,1.9548130398905088,32989.99999982712,3.7509614630309143,1299000.0,
0.8607594936708861,1.0930775175270913,2.4151898734177215,2.196574369912303,32999.999999827705,3.5051900571511667,1300000.0,
0.8227848101265823,1.0105811011099524,2.232911392405063,2.0307951721830726,33009.99999982829,3.5673185690665794,1301000.0,
0.8987341772151899,1.3027559092539864,2.878481012658227,2.61792983080743,33019.99999982887,3.5915143215874465,1302000.0,
0.8481012658227848,0.9933943476897147,2.194936708860759,1.9962578393228159,33029.99999982945,3.4417604995393067,1303000.0,
0.8860759493670886,1.1790112846282774,2.6050632911392397,2.369261034213585,33039.99999983003,3.504309878389748,1304000.0,
0.759493670886076,0.9658955422173352,2.1341772151898737,1.9409981067464064,33049.999999830616,3.8084257972803375,1305000.0,
0.8734177215189873,0.9865196463216201,2.179746835443038,1.9824429061787137,33059.9999998312,3.335867421174798,1306000.0,
0.7974683544303798,0.9658955422173352,2.1341772151898732,1.9409981067464064,33069.99999983178,3.628342029155951,1307000.0,
0.8607594936708861,1.2546329996773216,2.772151898734177,2.5212252987987127,33079.99999983236,3.6975853967083254,1308000.0,
0.8734177215189873,1.0140184517939996,2.2405063291139236,2.037702638755124,33089.999999832944,3.3690906912084935,1309000.0,
0.8607594936708861,0.9074605805885283,2.0050632911392405,1.8235711750215344,33099.999999833526,3.295429203943473,1310000.0,
0.9493670886075949,1.1377630764197082,2.5139240506329115,2.2863714353489692,33109.99999983411,3.230974440517622,1311000.0,
0.8227848101265823,1.0312052052142369,2.278481012658228,2.0722399716153803,33119.99999983469,3.5991540186706428,1312000.0,
0.8227848101265823,0.948708788797098,2.0962025316455697,1.9064607738861497,33129.99999983527,3.4995045279483095,1313000.0,
0.8987341772151899,1.1652618818920877,2.5746835443037974,2.34163116792538,33139.999999835854,3.4452885728330513,1314000.0,
0.7721518987341772,1.0174558024780471,2.248101265822784,2.0446101053271755,33149.99999983644,3.8193247278268814,1315000.0,
0.7974683544303798,1.0415172572663796,2.30126582278481,2.0929623713315335,33159.99999983702,3.7288835448527036,1316000.0,
0.8607594936708861,1.0758907641068538,2.377215189873418,2.162037037052046,33169.9999998376,3.4952230936194137,1317000.0,
0.8860759493670886,1.0346425558982848,2.2860759493670884,2.0791474381874315,33179.99999983818,3.349379455966365,1318000.0,
0.8607594936708861,1.0999522188951862,2.4303797468354422,2.2103893030564055,33189.999999838765,3.5243533131529867,1319000.0,
0.8734177215189873,1.401974901758374,2.3088607594936708,2.0284657791419964,33199.99999983935,3.4108871598517303,1320000.0,
0.8481012658227848,1.2128927604028041,1.9974683544303795,1.754889802349819,33209.99999983993,3.7113183294553664,1321000.0,
0.9113924050632911,1.3327985085795069,2.1949367088607596,1.9283770071448583,33219.99999984051,3.5857066969371028,1322000.0,
0.7848101265822784,1.1114340504071323,1.830379746835443,1.6080929367540167,33229.99999984109,3.8826304836105825,1323000.0,
0.7468354430379747,1.1022105313166166,1.8151898734177212,1.5947477671543984,33239.999999841675,4.068380202978097,1324000.0,
0.8481012658227848,1.4665395353919835,2.4151898734177215,2.1218819663393247,33249.99999984226,4.012782437278568,1325000.0,
0.8607594936708861,1.2728456344911558,2.0962025316455697,1.8416334047473388,33259.99999984284,3.7293324283308964,1326000.0,
0.7468354430379747,1.11604580995239,1.8379746835443036,1.614765521553826,33269.99999984342,4.088939304880352,1327000.0,
0.8481012658227848,1.3374102681247646,2.2025316455696204,1.9350495919446677,33279.999999844,3.8623165848292644,1328000.0,
0.9493670886075949,1.388139623122601,2.286075949367088,2.0084480247425684,33289.999999844586,3.5043044030452277,1329000.0,
0.7341772151898734,1.1575516458597104,1.906329113924051,1.6748187847521085,33299.99999984517,4.218041034907347,1330000.0,
0.8227848101265823,1.0745399740450698,1.7696202531645564,1.5547122583555428,33309.99999984575,3.6635147377118744,1331000.0,
0.7848101265822784,1.0560929358640385,1.739240506329114,1.5280219191563063,33319.99999984633,3.817921644112462,1332000.0,
0.8481012658227848,1.3743043444868273,2.263291139240506,1.988430270343141,33329.999999846914,3.9088036300921694,1333000.0,
0.8625,1.1567445879392904,1.905,1.6736510824121418,33339.999999847496,3.5637589425632106,1334000.0,
0.8125,1.3798961029354522,2.2725,1.9965207794129092,33349.99999984808,4.05833058825472,1335000.0,
0.7625,1.097541124777043,1.8074999999999999,1.5879917750445913,33359.99999984866,3.9548047538342033,1336000.0,
0.9,1.4390995660976995,2.37,2.0821800867804603,33369.99999984924,3.730663406799184,1337000.0,
0.75,1.038337661614796,1.7100000000000002,1.5023324676770407,33379.999999849824,3.943113548848521,1338000.0,
0.8125,1.1704069255921166,1.9274999999999998,1.6934186148815766,33389.999999850406,3.8029592930630653,1339000.0,
0.8625,1.152190475388348,1.8974999999999997,1.66706190492233,33399.99999985099,3.561957072939132,1340000.0,
0.825,1.1203116875317538,1.845,1.6209376624936493,33409.99999985157,3.685829318246589,1341000.0,
0.825,1.1612987004902322,1.9125,1.6802402599019537,33419.99999985215,3.7361166066811435,1342000.0,
0.775,1.1567445879392904,1.9049999999999998,1.6736510824121418,33429.999999852735,3.971925274788427,1343000.0,
0.7625,1.04744588671668,1.7249999999999996,1.515510822656664,33439.99999985332,3.894351982607803,1344000.0,
0.85,1.1886233757958848,1.9575,1.7197753248408225,33449.9999998539,3.6601422068443337,1345000.0,
0.8,1.2569350640600163,2.07,1.8186129871879966,33459.99999985448,3.974915705102305,1346000.0,
0.825,1.1567445879392904,1.9049999999999998,1.6736510824121418,33469.99999985506,3.7336267732862396,1347000.0,
0.85,1.2569350640600163,2.0699999999999994,1.818612987187997,33479.999999855645,3.742273604802238,1348000.0,
0.8,1.102095237327985,1.815,1.5945809525344028,33489.99999985623,3.7832409216873755,1349000.0,
0.8625,1.3115844146713214,2.16,1.8976831170657356,33499.99999985681,3.752558741673351,1350000.0,
0.8375,1.1886233757958848,1.9575,1.7197753248408225,33509.99999985739,3.7183532845586362,1351000.0,
0.9,1.2614891766109584,2.0774999999999997,1.8252021646778083,33519.99999985797,3.541651862925512,1352000.0,
0.8,1.2205021636524795,2.0100000000000002,1.7658995672695041,33529.999999858555,3.9337495795931394,1353000.0,
0.7875,1.1294199126336377,1.8599999999999999,1.6341160174732725,33539.99999985914,3.8811649684516802,1354000.0,
0.8375,1.320692639773205,2.175,1.9108614720453587,33549.99999985972,3.878435987815278,1355000.0,
0.7875,1.092987012226101,1.8,1.5814025975547796,33559.9999998603,3.8361708092040887,1356000.0,
0.8375,1.2888138519166108,2.1224999999999996,1.864737229616678,33569.999999860884,3.8415657933597114,1357000.0,
0.85,1.1886233757958848,1.9574999999999996,1.719775324840823,33579.999999861466,3.6677892656683078,1358000.0,
0.85,1.2888138519166108,2.1225,1.864737229616678,33589.99999986205,3.786248649339785,1359000.0,
0.775,1.0702164494713906,1.7625,1.548456710105722,33599.99999986263,3.871243805798227,1360000.0,
0.85,1.2797056268147267,2.1075,1.8515588746370546,33609.99999986321,3.7767095609846955,1361000.0,
0.8,1.143082250286464,1.8824999999999996,1.653883549942707,33619.999999863794,3.8425996878859467,1362000.0,
0.825,1.2113939385505954,1.9949999999999999,1.752721212289881,33629.999999864376,3.8095653800883853,1363000.0,
0.85,1.411774890792047,2.325,2.0426450218415906,33639.99999986496,3.9338498715463515,1364000.0,
0.8125,1.1203116875317538,1.845,1.620937662493649,33649.99999986554,3.7573036154512423,1365000.0,
0.825,1.307030302120379,2.1525,1.8910939395759239,33659.99999986612,3.9273064268397446,1366000.0,
0.825,1.0519999992676223,1.7325,1.5221000001464755,33669.999999866704,3.6187848476243167,1367000.0,
0.8375,1.2705974017128425,2.0925,1.8383805196574314,33679.99999986729,3.8263819722212666,1368000.0,
0.85,1.3798961029354528,2.2725,1.9965207794129092,33689.99999986787,3.899286591715235,1369000.0,
0.8875,1.2660432891619002,2.085,1.83179134216762,33699.99999986845,3.606806523024706,1370000.0,
0.825,1.357125540180742,2.2350000000000003,1.9635748919638516,33709.99999986903,3.991058230549451,1371000.0,
0.9,1.4436536786486418,2.3775,2.0887692642702715,33719.999999869615,3.755167976301362,1372000.0,
0.7875,1.3115844146713211,2.16,1.8976831170657356,33729.9999998702,4.124548463103409,1373000.0,
0.8125,1.247826838958132,2.055,1.8054346322083734,33739.99999987078,3.919783801822492,1374000.0,
0.8,1.3434632025279156,2.2124999999999995,1.9438073594944165,33749.99999987136,4.1012008781882345,1375000.0,
0.825,1.2933679644675529,2.13,1.8713264071064892,33759.99999987194,3.9168066236245505,1376000.0,
0.8375,1.0383376616147961,1.7100000000000002,1.5023324676770407,33769.999999872525,3.5544300437463,1377000.0,
0.85,1.188623375795885,1.9575,1.7197753248408225,33779.99999987311,3.6795539715513463,1378000.0,
0.8,1.1112034624298694,1.83,1.6077593075140264,33789.99999987369,3.813376203065822,1379000.0,
0.8125,0.9640049993411093,2.13,1.9371990001317776,33799.99999987427,3.97952672552661,1380000.0,
0.875,1.0556533619545245,2.3324999999999996,2.121369327609095,33809.99999987485,3.424172413688424,1381000.0,
0.8125,1.1031747351614805,2.4375,2.216865052967704,33819.999999875436,3.7466735202268997,1382000.0,
0.8875,1.1608792597699271,2.565,2.332824148046014,33829.99999987602,3.4956357856820643,1383000.0,
0.8375,1.1778511787724115,2.6025,2.366929764245518,33839.9999998766,3.725192452292949,1384000.0,
0.7625,1.0895971999594933,2.4074999999999998,2.189580560008101,33849.99999987718,3.976517639321254,1385000.0,
0.7875,0.9979488373460776,2.2049999999999996,2.0054102325307843,33859.999999877764,3.7345350315797714,1386000.0,
0.8625,1.1133578865629712,2.46,2.2373284226874057,33869.999999878346,3.5441801583605708,1387000.0,
0.8625,1.194823097774896,2.6399999999999997,2.4010353804450206,33879.99999987893,3.6392122873019663,1388000.0,
0.875,1.0963859675604866,2.4225000000000003,2.203222806487903,33889.99999987951,3.475295391524075,1389000.0,
0.85,1.0081319887475684,2.2275,2.025873602250486,33899.99999988009,3.4742699867890314,1390000.0,
0.875,1.0760196647575055,2.3775,2.1622960670484987,33909.999999880674,3.4531624740350204,1391000.0,
0.8875,1.1065691189619773,2.4450000000000003,2.2236861762076043,33919.99999988126,3.439511683363542,1392000.0,
0.7875,1.1846399463734052,2.6174999999999997,2.3805720107253188,33929.99999988184,3.9760475509798106,1393000.0,
0.8875,1.0760196647575055,2.3775,2.1622960670484987,33939.99999988242,3.4062165236965973,1394000.0,
0.8125,1.0794140485580026,2.385,2.169117190288399,33949.999999883,3.725429598253854,1395000.0,
0.7125,0.9877656859445872,2.1824999999999997,1.9849468628110825,33959.999999883585,4.120369383814555,1396000.0,
0.8125,0.9538218479396183,2.1075,1.916735630412076,33969.99999988417,3.5720853513389916,1397000.0,
0.8125,0.8995117071316688,1.9875,1.8075976585736662,33979.99999988475,3.505857485729243,1398000.0,
0.825,0.9979488373460779,2.205,2.0054102325307843,33989.99999988533,3.5726622271144826,1399000.0,
0.8,0.8757510205281906,1.935,1.7598497958943622,33999.99999988591,3.5321856506894878,1400000.0,
0.8375,0.9334555451366373,2.0625,1.8758088909726722,34009.999999886495,3.4435260240717205,1401000.0,
0.9,1.2321613195803613,2.7224999999999997,2.4760677360839276,34019.99999988708,3.5368431328931322,1402000.0,
0.8625,1.0828084323584994,2.3924999999999996,2.1759383135283,34029.99999988766,3.518035863631288,1403000.0,
0.8375,1.1506961083684366,2.5424999999999995,2.3123607783263127,34039.99999988824,3.7047087861396446,1404000.0,
0.8125,1.0352870591515433,2.2875,2.0804425881696913,34049.99999988882,3.6772733036001086,1405000.0,
0.8375,1.0081319887475684,2.2275,2.025873602250486,34059.999999889405,3.535677001517782,1406000.0,
0.8625,0.9130892423336562,2.0175,1.8348821515332687,34069.99999988999,3.3235788317185615,1407000.0,
0.875,1.1574848759694305,2.5575,2.3260030248061137,34079.99999989057,3.5559798582777864,1408000.0,
0.8625,1.2151894005778767,2.6849999999999996,2.4419621198844244,34089.99999989115,3.6749993050452616,1409000.0,
0.85,1.0895971999594931,2.4074999999999998,2.189580560008101,34099.999999891734,3.581876117627275,1410000.0,
0.7875,0.91987800993465,2.0324999999999998,1.8485243980130697,34109.999999892316,3.651270488836025,1411000.0,
0.9125,1.0929915837599897,2.415,2.196401683248002,34119.9999998929,3.3413579000369733,1412000.0,
0.8875,1.2762883089868204,2.82,2.5647423382026355,34129.99999989348,3.6425755594485607,1413000.0,
0.8,0.9640049993411092,2.13,1.937199000131778,34139.99999989406,3.6512531242061446,1414000.0,
0.8375,1.0454702105530338,2.3099999999999996,2.100905957889393,34149.999999894644,3.585633087255964,1415000.0,
0.8125,1.065836513356015,2.3549999999999995,2.141832697328797,34159.999999895226,3.7216418626213907,1416000.0,
0.7875,0.9843713021440902,2.175,1.978125739571182,34169.99999989581,3.73697625672125,1417000.0,
0.775,1.0522589781540277,2.325,2.114548204369194,34179.99999989639,3.885492229907033,1418000.0,
0.775,0.9470330803386249,2.0925,1.903093383932275,34189.99999989697,3.7503620391775185,1419000.0,
0.7875,1.086202816158996,2.4,2.182759436768201,34199.999999897555,3.86819087769267,1420000.0,
0.8625,1.310232146991789,2.895,2.632953570601642,34209.99999989814,3.7921503153806375,1421000.0,
0.85,1.0386814429520401,2.295,2.0872637114095918,34219.99999989872,3.5290340505600937,1422000.0,
0.875,1.0522589781540277,2.325,2.114548204369194,34229.9999998993,3.4442931179178244,1423000.0,
0.9,1.2016118653758898,2.655,2.414677626924822,34239.99999989988,3.5151215171110977,1424000.0,
0.875,1.2321613195803613,2.7224999999999997,2.4760677360839276,34249.999999900465,3.651038650976558,1425000.0,
0.85,1.1506961083684366,2.5425,2.3123607783263127,34259.99999990105,3.6631689510501086,1426000.0,
0.8125,0.9063004747326623,2.0025000000000004,1.8212399050534671,34269.99999990163,3.5320590458545813,1427000.0,
0.7875,0.8927229395306749,1.9724999999999997,1.7939554120938652,34279.99999990221,3.627581510545891,1428000.0,
0.8625,1.1778511787724117,2.6025,2.366929764245518,34289.99999990279,3.643302815996122,1429000.0,
0.9,1.1473017245679398,2.535,2.3055396550864122,34299.999999903375,3.4581102495469027,1430000.0,
0.8,1.0760196647575058,2.3775,2.1622960670484987,34309.99999990396,3.8018964559772592,1431000.0,
0.85,1.0183151401490589,2.25,2.046336971970188,34319.99999990454,3.5109560472628116,1432000.0,
0.8125,1.0963859675604868,2.4225000000000003,2.2032228064879025,34329.99999990512,3.769702729335196,1433000.0,
0.7875,1.0047376049470715,2.2199999999999998,2.0190524790105857,34339.9999999057,3.773631879328838,1434000.0,
0.8125,1.0556533619545245,2.3325,2.121369327609095,34349.999999906286,3.72080106089716,1435000.0,
0.8,1.1540904921689337,2.55,2.319181901566213,34359.99999990687,3.902609990241726,1436000.0,
0.8625,1.0420758267525367,2.3024999999999998,2.0940848346494922,34369.99999990745,3.490519799161754,1437000.0,
0.85,1.116752270363468,2.4675,2.244149545927306,34379.99999990803,3.6302938475152624,1438000.0,
0.8875,1.2016118653758896,2.6550000000000002,2.414677626924822,34389.999999908614,3.573080975099069,1439000.0,
0.8375,1.5392900422184252,2.5349999999999997,2.227141991556315,34399.999999909196,3.7221483278716456,1440000.0,
0.9,1.3480173150788581,2.2199999999999998,1.9503965369842284,34409.99999990978,3.687238683448278,1441000.0,
0.8625,1.2205021636524793,2.01,1.765899567269504,34419.99999991036,3.700289465132871,1442000.0,
0.8875,1.2888138519166108,2.1225,1.864737229616678,34429.99999991094,3.6735902557084636,1443000.0,
0.8625,1.2933679644675529,2.13,1.8713264071064892,34439.999999911524,3.785930973324328,1444000.0,
0.8,1.0519999992676223,1.7325,1.5221000001464753,34449.99999991211,3.780621874115414,1445000.0,
0.725,1.0793246745732747,1.7774999999999999,1.561635065085345,34459.99999991269,4.210099551169673,1446000.0,
0.8,1.1886233757958848,1.9574999999999996,1.719775324840823,34469.99999991327,3.952651094775815,1447000.0,
0.825,1.2660432891619002,2.085,1.83179134216762,34479.99999991385,3.927322168711147,1448000.0,
0.8125,1.2842597393656687,2.1149999999999998,1.8581480521268658,34489.999999914435,4.0107781407883,1449000.0,
0.875,1.2705974017128425,2.0925,1.8383805196574314,34499.99999991502,3.7092513162716543,1450000.0,
0.8875,1.24327272640719,2.0475,1.798845454718562,34509.9999999156,3.62678335372628,1451000.0,
0.85,1.2250562762034218,2.0174999999999996,1.7724887447593154,34519.99999991618,3.7659456190921587,1452000.0,
0.8125,1.2205021636524793,2.0100000000000002,1.7658995672695041,34529.99999991676,3.934768816833749,1453000.0,
0.825,1.2068398259996531,1.9875,1.7461320348000693,34539.999999917345,3.859196758817726,1454000.0,
0.775,1.1066493498789274,1.8225000000000002,1.6011701300242145,34549.99999991793,3.9795443224566807,1455000.0,
0.85,1.1157575749808113,1.8375,1.6143484850038377,34559.99999991851,3.639711852948048,1456000.0,
0.8,1.1612987004902322,1.9124999999999996,1.6802402599019532,34569.99999991909,3.924745250644113,1457000.0,
0.7375,1.1521904753883478,1.8975000000000002,1.66706190492233,34579.99999991967,4.245678610730082,1458000.0,
0.925,1.3252467523241473,2.1825,1.9174506495351704,34589.999999920256,3.5726964890262316,1459000.0,
0.8,1.193177488346827,1.9649999999999999,1.7263645023306347,34599.99999992084,3.9664687354649653,1460000.0,
0.825,1.2341645013053058,2.0324999999999998,1.7856670997389386,34609.99999992142,3.8965600016127038,1461000.0,
0.8,1.1203116875317536,1.845,1.6209376624936493,34619.999999922,3.8766364844461965,1462000.0,
0.85,1.3161385272222634,2.1674999999999995,1.9042722945555475,34629.999999922584,3.8795717967617604,1463000.0,
0.8,1.2660432891619002,2.085,1.8317913421676195,34639.999999923166,4.060050986483953,1464000.0,
0.85,1.197731600897769,1.9724999999999997,1.732953679820446,34649.99999992375,3.741446001085953,1465000.0,
0.8,1.1840692632449428,1.95,1.7131861473510113,34659.99999992433,3.958833454087829,1466000.0,
0.8125,1.2296103887543635,2.025,1.779077922249127,34669.99999992491,3.9545943246519544,1467000.0,
0.85,1.2478268389581317,2.0549999999999997,1.8054346322083739,34679.999999925494,3.802146281157071,1468000.0,
0.875,1.3115844146713211,2.1599999999999993,1.8976831170657356,34689.999999926076,3.7669507596534038,1469000.0,
0.7875,1.0838787871242168,1.7850000000000001,1.5682242425751565,34699.99999992666,3.8969857614598777,1470000.0,
0.85,1.3252467523241473,2.1825,1.9174506495351706,34709.99999992724,3.8949932380583685,1471000.0,
0.8625,1.2432727264071897,2.0475,1.798845454718562,34719.99999992782,3.744081421950939,1472000.0,
0.725,1.0656623369204485,1.7550000000000001,1.5418675326159101,34729.999999928405,4.209875637166858,1473000.0,
0.7875,1.179515150694001,1.9424999999999997,1.7065969698612,34739.99999992899,4.020968445358164,1474000.0,
0.8,1.348017315078858,2.2199999999999998,1.9503965369842284,34749.99999992957,4.1693935188805495,1475000.0,
0.8875,1.2068398259996531,1.9875,1.746132034800069,34759.99999993015,3.5998167053805794,1476000.0,
0.7875,1.1020952373279853,1.815,1.5945809525344028,34769.99999993073,3.9245622061633343,1477000.0,
0.7625,1.1567445879392904,1.9049999999999998,1.6736510824121418,34779.999999931315,4.125563394052406,1478000.0,
0.825,1.193177488346827,1.9649999999999999,1.7263645023306347,34789.9999999319,3.85778786469397,1479000.0,
0.8625,1.2296103887543637,2.025,1.7790779222491273,34799.99999993248,3.7328787116290916,1480000.0,
0.8125,0.9973506486563173,1.6424999999999996,1.4430298702687363,34809.99999993306,3.6773515676087065,1481000.0,
0.7375,0.9335930729431279,1.5375,1.3507813854113744,34819.99999993364,3.9655465396188663,1482000.0,
0.8,1.4208831158939312,2.34,2.0558233768212135,34829.999999934225,4.265475769899682,1483000.0,
0.7875,1.2341645013053058,2.0324999999999998,1.7856670997389386,34839.99999993481,4.096713652484,1484000.0,
0.9,1.2705974017128425,2.0925,1.8383805196574314,34849.99999993539,3.6256610019319067,1485000.0,
0.775,1.3434632025279156,2.2125,1.9438073594944167,34859.99999993597,4.30511058394041,1486000.0,
0.825,1.1612987004902322,1.9125,1.6802402599019532,34869.999999936554,3.823995394565047,1487000.0,
0.8125,1.1886233757958846,1.9575,1.7197753248408225,34879.999999937136,3.9170718471653476,1488000.0,
0.775,1.1886233757958848,1.9575000000000002,1.719775324840823,34889.99999993772,4.107252742995967,1489000.0,
0.8375,1.4390995660976995,2.3699999999999997,2.0821800867804603,34899.9999999383,4.100414407311902,1490000.0,
0.85,1.2205021636524793,2.0100000000000002,1.7658995672695041,34909.99999993888,3.783529016092385,1491000.0,
0.85,1.2705974017128423,2.0925,1.8383805196574314,34919.999999939464,3.8430528255751994,1492000.0,
0.8375,1.2205021636524795,2.0100000000000002,1.7658995672695041,34929.999999940046,3.8411936282729386,1493000.0,
0.8,1.3662337652826262,2.2499999999999996,1.9767532469434748,34939.99999994063,4.204039081635951,1494000.0,
0.8625,1.307030302120379,2.1525,1.8910939395759239,34949.99999994121,3.831336582198891,1495000.0,
0.825,1.152190475388348,1.8974999999999997,1.6670619049223305,34959.99999994179,3.818409667169141,1496000.0,
0.8,1.193177488346827,1.9649999999999999,1.7263645023306342,34969.999999942374,3.9895937354663116,1497000.0,
0.925,1.4299913409958154,2.355,2.0690017318008365,34979.99999994296,3.7070149632670994,1498000.0,
0.8125,1.138528137735522,1.875,1.6472943724528952,34989.99999994354,3.8621854003222187,1499000.0,
0.8125,0.797680193116763,1.7625,1.6029639613766473,34999.99999994412,3.7787248609202466,1500000.0,
0.8375,1.2525276223833426,2.7674999999999996,2.516994475523331,35009.9999999447,3.884209101384694,1501000.0,
0.875,1.086202816158996,2.4,2.1827594367682,35019.999999945285,3.528228932783273,1502000.0,
0.875,1.014920756348562,2.2424999999999997,2.0395158487302876,35029.99999994587,3.4473351501428104,1503000.0,
0.9,1.0183151401490587,2.25,2.046336971970188,35039.99999994645,3.3559029335283164,1504000.0,
0.8875,1.0590477457550214,2.34,2.1281904508489955,35049.99999994703,3.44962844595096,1505000.0,
0.8125,0.8587791015257065,1.8975000000000002,1.7257441796948587,35059.99999994761,3.5221865865257733,1506000.0,
0.75,0.8214408797202409,1.815,1.6507118240559517,35069.999999948195,3.7665845063290058,1507000.0,
0.8375,1.014920756348562,2.2424999999999997,2.0395158487302876,35079.99999994878,3.6046785150747525,1508000.0,
0.875,1.106569118961977,2.445,2.223686176207605,35089.99999994936,3.555504707415485,1509000.0,
0.85,1.1303298055654554,2.4974999999999996,2.271434038886909,35099.99999994994,3.688620359520066,1510000.0,
0.8625,1.164273643570424,2.5725,2.339645271285915,35109.99999995052,3.6750969780835407,1511000.0,
0.875,1.0726252809570087,2.3699999999999997,2.1554749438085983,35119.999999951106,3.518426035409906,1512000.0,
0.825,0.9198780099346499,2.0324999999999998,1.8485243980130701,35129.99999995169,3.5471218302561676,1513000.0,
0.9,1.120146654163965,2.475,2.250970669167207,35139.99999995227,3.4746046157674244,1514000.0,
0.775,0.9300611613361405,2.055,1.8689877677327715,35149.99999995285,3.7903982727263057,1515000.0,
0.8125,0.9538218479396186,2.1075,1.916735630412076,35159.999999953434,3.6453161205740234,1516000.0,
0.825,1.0352870591515433,2.2875,2.0804425881696913,35169.999999954016,3.6894358293070884,1517000.0,
0.8375,1.1337241893659524,2.505,2.278255162126809,35179.9999999546,3.7525035097227293,1518000.0,
0.8125,0.9707937669421028,2.145,1.9508412466115792,35189.99999995518,3.6680507901156503,1519000.0,
0.8375,1.0115263725480652,2.2349999999999994,2.032694725490386,35199.99999995576,3.6077896985969637,1520000.0,
0.8375,1.0488645943535306,2.3175,2.1077270811292936,35209.999999956344,3.6529696649318826,1521000.0,
0.85,1.0284982915505494,2.2725,2.06680034168989,35219.999999956926,3.5758774018558817,1522000.0,
0.8,0.8146521121192472,1.8,1.6370695775761503,35229.99999995751,3.5326870151827827,1523000.0,
0.825,1.062442129555518,2.3474999999999997,2.135011574088896,35239.99999995809,3.7265934904030624,1524000.0,
0.8,1.1235410379644617,2.4825,2.257791792407107,35249.99999995867,3.920048172489374,1525000.0,
0.875,1.2287669357798645,2.715,2.469246612844027,35259.999999959255,3.704873640922207,1526000.0,
0.8875,1.1031747351614807,2.4375,2.216865052967704,35269.99999995984,3.5117433635927626,1527000.0,
0.85,1.1778511787724117,2.6025,2.3669297642455174,35279.99999996042,3.7551160927053373,1528000.0,
0.85,1.018315140149059,2.25,2.046336971970188,35289.999999961,3.5680148707955444,1529000.0,
0.7625,0.9707937669421028,2.145,1.9508412466115792,35299.99999996158,3.9157918255334896,1530000.0,
0.9125,1.3136265307922863,2.9025,2.639774693841543,35309.999999962165,3.648355102267944,1531000.0,
0.85,1.1812455625729084,2.61,2.373750887485418,35319.99999996275,3.761462426588411,1532000.0,
0.8625,0.9436386965381282,2.085,1.896272260692374,35329.99999996333,3.432041967032346,1533000.0,
0.925,1.2525276223833426,2.7674999999999996,2.516994475523331,35339.99999996391,3.534621753957451,1534000.0,
0.7875,1.0522589781540275,2.325,2.114548204369194,35349.99999996449,3.898103464357278,1535000.0,
0.875,1.0454702105530338,2.31,2.1009059578893927,35359.999999965075,3.5011059549490184,1536000.0,
0.9,1.0522589781540277,2.325,2.114548204369194,35369.99999996566,3.4119516424237935,1537000.0,
0.9125,1.1065691189619773,2.445,2.2236861762076043,35379.99999996624,3.4252784865637182,1538000.0,
0.7625,1.1405129569669459,2.5199999999999996,2.2918974086066104,35389.99999996682,4.144276009172971,1539000.0,
0.8375,1.0013432211465747,2.2125,2.012231355770685,35399.999999967404,3.607571010357073,1540000.0,
0.8875,1.0556533619545245,2.3325,2.121369327609095,35409.999999967986,3.4660854782896084,1541000.0,
0.85,1.014920756348562,2.2424999999999997,2.039515848730287,35419.99999996857,3.5716685369130516,1542000.0,
0.9,1.0828084323584992,2.3924999999999996,2.1759383135282997,35429.99999996915,3.4492288137622897,1543000.0,
0.825,1.0624421295555182,2.3474999999999997,2.1350115740888964,35439.99999996973,3.73871470252498,1544000.0,
0.825,1.065836513356015,2.355,2.141832697328797,35449.999999970314,3.743435167737738,1545000.0,
0.7875,0.9300611613361405,2.055,1.8689877677327715,35459.999999970896,3.7499157604619544,1546000.0,
0.85,1.014920756348562,2.2424999999999997,2.0395158487302876,35469.99999997148,3.5746097133838113,1547000.0,
0.7875,1.069230897156512,2.3625,2.148653820568698,35479.99999997206,3.927909075789484,1548000.0,
0.8375,1.120146654163965,2.475,2.2509706691672067,35489.99999997264,3.7547989900796432,1549000.0,
0.825,0.9063004747326623,2.0025,1.8212399050534671,35499.999999973224,3.5530884542550636,1550000.0,
0.75,0.8452015663237187,1.8675000000000002,1.6984596867352564,35509.99999997381,3.8275987551353503,1551000.0,
0.8125,0.9470330803386249,2.0925,1.903093383932275,35519.99999997439,3.659114560451013,1552000.0,
0.8125,1.1778511787724113,2.6025,2.366929764245518,35529.99999997497,3.943813758523402,1553000.0,
0.7625,1.0081319887475684,2.2275,2.025873602250486,35539.99999997555,3.9804976901973115,1554000.0,
0.8,1.208400632976883,2.6700000000000004,2.428319873404623,35549.999999976135,4.044872666255992,1555000.0,
0.8125,0.9606106155406122,2.1225,1.9303778768918776,35559.99999997672,3.678286911468987,1556000.0,
0.8375,1.0386814429520401,2.2949999999999995,2.0872637114095918,35569.9999999773,3.662303215498518,1557000.0,
0.7875,0.9877656859445871,2.1824999999999997,1.9849468628110825,35579.99999997788,3.8308103948858223,1558000.0,
0.8125,1.0284982915505494,2.2725,2.06680034168989,35589.99999997846,3.7636871280967092,1559000.0,
0.8125,1.389004328037337,2.2875,2.0096991343925326,35599.999999979045,3.7726579189902765,1560000.0,
0.8625,1.4299913409958154,2.3549999999999995,2.0690017318008365,35609.99999997963,4.0121609751001746,1561000.0,
0.85,1.3298008648750899,2.19,1.9240398270249819,35619.99999998021,3.9538804292978873,1562000.0,
0.8375,1.2387186138562476,2.04,1.7922562772287502,35629.99999998079,3.9047356583694217,1563000.0,
0.8,1.197731600897769,1.9725000000000001,1.732953679820446,35639.99999998137,4.037161376157426,1564000.0,
0.875,1.407220778241105,2.3175,2.036055844351779,35649.999999981956,3.9311066037363505,1565000.0,
0.875,1.2387186138562478,2.04,1.7922562772287502,35659.99999998254,3.73910413015369,1566000.0,
0.825,1.1658528130411745,1.92,1.686829437391765,35669.99999998312,3.8780003794781024,1567000.0,
0.8,1.307030302120379,2.1525,1.8910939395759239,35679.9999999837,4.176284752685835,1568000.0,
0.8625,1.3480173150788581,2.22,1.9503965369842284,35689.999999984284,3.9217563073706385,1569000.0,
0.85,1.398112553139221,2.3024999999999998,2.0228774893721555,35699.999999984866,4.038953003726551,1570000.0,
0.7625,1.0611082243695062,1.7475,1.5352783551260987,35709.99999998545,4.061122261505419,1571000.0,
0.825,1.1385281377355219,1.875,1.6472943724528952,35719.99999998603,3.8479098639562754,1572000.0,
0.8375,1.402666665690163,2.3099999999999996,2.0294666668619668,35729.99999998661,4.106464675484892,1573000.0,
0.8125,1.2569350640600163,2.07,1.8186129871879964,35739.999999987194,4.054070848108898,1574000.0,
0.775,1.202285713448711,1.9799999999999998,1.7395428573102578,35749.99999998778,4.180365436744779,1575000.0,
0.7875,1.247826838958132,2.0549999999999997,1.8054346322083734,35759.99999998836,4.172475351094163,1576000.0,
0.8375,1.2250562762034216,2.0174999999999996,1.7724887447593154,35769.99999998894,3.896780628336684,1577000.0,
0.825,1.1248658000826957,1.8524999999999998,1.6275268399834608,35779.99999998952,3.8349858183166976,1578000.0,
0.8125,1.2933679644675529,2.13,1.8713264071064895,35789.999999990105,4.101988263995276,1579000.0,
0.8625,1.234164501305306,2.0324999999999998,1.7856670997389386,35799.99999999069,3.796129856619066,1580000.0,
0.85,1.425437228444873,2.3474999999999997,2.062412554311025,35809.99999999127,4.0775702687924005,1581000.0,
0.8,1.3662337652826264,2.25,1.9767532469434748,35819.99999999185,4.259039081639154,1582000.0,
0.8125,1.3024761895694368,2.145,1.8845047620861126,35829.99999999243,4.115659925659277,1583000.0,
0.8875,1.2933679644675529,2.13,1.8713264071064892,35839.999999993015,3.7581582698549942,1584000.0,
0.825,1.1749610381430586,1.9349999999999998,1.700007792371388,35849.9999999936,3.8999497432385968,1585000.0,
0.8375,1.3115844146713211,2.1599999999999997,1.8976831170657356,35859.99999999418,4.005470942925533,1586000.0,
0.85,1.3024761895694372,2.1449999999999996,1.8845047620861124,35869.99999999476,3.9364396348215043,1587000.0,
0.85,1.4072207782411053,2.3175,2.036055844351779,35879.99999999534,4.060256797964677,1588000.0,
0.875,1.2387186138562478,2.04,1.7922562772287507,35889.999999995925,3.7522469872973123,1589000.0,
0.7625,1.1567445879392901,1.9049999999999998,1.6736510824121418,35899.99999999651,4.1990060170075,1590000.0,
0.85,1.252380951509074,2.0625,1.812023809698185,35909.99999999709,3.8798570018094503,1591000.0,
0.9,1.3844502154863947,2.2800000000000002,2.003109956902721,35919.99999999767,3.811608572794869,1592000.0,
0.8375,1.1294199126336377,1.8599999999999999,1.6341160174732725,35929.999999998254,3.7921401942240647,1593000.0,
0.85,1.1704069255921166,1.9274999999999998,1.6934186148815766,35939.999999998836,3.7851816772013667,1594000.0,
0.8375,1.402666665690163,2.31,2.0294666668619676,35949.99999999942,4.119599003843867,1595000.0,
0.8,1.1886233757958848,1.9575000000000002,1.719775324840823,35960.0,4.045776094781236,1596000.0,
0.825,1.348017315078858,2.2199999999999998,1.9503965369842284,35970.00000000058,4.116987654676352,1597000.0,
0.875,1.348017315078858,2.22,1.9503965369842284,35980.000000001164,3.8823026458377368,1598000.0,
0.7875,1.147636362837406,1.89,1.6604727274325188,35990.000000001746,4.059852524275044,1599000.0,
0.875,1.2888138519166108,2.1225,1.864737229616678,36000.00000000233,3.8157844022238065,1600000.0,
0.8024691358024691,1.088489123286899,1.7925925925925925,1.5748947679352128,36010.00000000291,3.880114138285827,1601000.0,
0.8518518518518519,1.2998899034293958,2.140740740740741,1.880762760054861,36020.00000000349,3.903925828697439,1602000.0,
0.8148148148148148,1.3358730149430125,2.2,1.9328253970113976,36030.000000004075,4.126144154738313,1603000.0,
0.7530864197530864,1.2684046808549811,2.088888888888889,1.8352079527178926,36040.00000000466,4.375419330354105,1604000.0,
0.9012345679012346,1.4213329047878516,2.34074074074074,2.0564741597831704,36050.00000000524,3.826407743700894,1605000.0,
0.8271604938271605,1.2908941255509916,2.1259259259259258,1.8677471008157278,36060.00000000582,4.011973495104208,1606000.0,
0.7901234567901234,1.0749954564692927,1.7703703703703701,1.5553712790765117,36070.0000000064,3.9274129996307283,1607000.0,
0.8271604938271605,1.1604553463141318,1.9111111111111112,1.6790200418482846,36080.000000006985,3.855472881400014,1608000.0,
0.8271604938271605,1.4213329047878513,2.3407407407407406,2.05647415978317,36090.00000000757,4.171459183435441,1609000.0,
0.8765432098765432,1.3898476822134374,2.2888888888888888,2.010919352446202,36100.00000000815,3.9010910177697085,1610000.0,
0.7777777777777778,1.236919458280567,2.037037037037037,1.7896531453809235,36110.00000000873,4.200480573382368,1611000.0,
0.8641975308641975,1.2324215693413652,2.0296296296296292,1.7831453157613562,36120.00000000931,3.7757992445573736,1612000.0,
0.8395061728395061,1.452818127362266,2.3925925925925924,2.1020289671201393,36130.000000009895,4.149971592922227,1613000.0,
0.7901234567901234,1.1019827901045052,1.8148148148148144,1.5944182567939138,36140.00000001048,3.965943843763049,1614000.0,
0.7407407407407407,1.0075271223812619,1.659259259259259,1.4577538347830068,36150.00000001106,4.103491615254246,1615000.0,
0.7901234567901234,1.2189279025237592,2.007407407407407,1.7636218269026553,36160.00000001164,4.11520250166874,1616000.0,
0.8148148148148148,1.4168350158486493,2.333333333333333,2.0499663301636035,36170.00000001222,4.233991458880572,1617000.0,
0.7901234567901234,1.2504131250981734,2.0592592592592593,1.8091766342396245,36180.000000012806,4.156300986489556,1618000.0,
0.8024691358024691,1.1469616794965256,1.8888888888888888,1.659496552989584,36190.00000001339,3.964056862178469,1619000.0,
0.8395061728395061,0.9487512252252962,2.0962962962962957,1.906546051251237,36200.00000001397,3.9397780611134268,1620000.0,
0.7901234567901234,0.9621611365359012,2.1259259259259258,1.9334936986187454,36210.00000001455,3.793357063465539,1621000.0,
0.8641975308641975,1.0929077718142988,2.4148148148148145,2.196233260451955,36220.000000015134,3.620076135990672,1622000.0,
0.8765432098765432,1.200187062299138,2.6518518518518515,2.4118144393920242,36230.000000015716,3.6920415781495968,1623000.0,
0.8641975308641975,0.9353413139146911,2.0666666666666664,1.8795984038837283,36240.0000000163,3.438892091849764,1624000.0,
0.7901234567901234,0.8749967130169691,1.9333333333333336,1.7583339907299393,36250.00000001688,3.6855395899495367,1625000.0,
0.9259259259259259,1.1934821066438355,2.637037037037037,2.3983406157082694,36260.00000001746,3.489491341873985,1626000.0,
0.8641975308641975,1.0392681265718788,2.2962962962962963,2.0884426709819204,36270.000000018044,3.5608645464960382,1627000.0,
0.8518518518518519,1.129785027918462,2.496296296296296,2.2703392907126037,36280.00000001863,3.7193099603449022,1628000.0,
0.8395061728395061,1.1230800722631598,2.481481481481481,2.2568654670288493,36290.00000001921,3.766607144937074,1629000.0,
0.8271604938271605,1.1465474170567183,2.533333333333333,2.3040238499219896,36300.00000001979,3.851793146029875,1630000.0,
0.8518518518518519,1.0526780378824838,2.3259259259259255,2.115390318349429,36310.00000002037,3.6305321894332026,1631000.0,
0.8888888888888888,1.2001870622991377,2.6518518518518515,2.4118144393920242,36320.000000020955,3.6457632228978096,1632000.0,
0.8271604938271605,1.056030515710135,2.3333333333333335,2.122127230191306,36330.00000002154,3.744153310073663,1633000.0,
0.8271604938271605,1.039268126571879,2.296296296296296,2.0884426709819204,36340.00000002212,3.7244853470856567,1634000.0,
0.9135802469135802,1.1968345844714867,2.644444444444444,2.4050775275501466,36350.0000000227,3.54518109925148,1635000.0,
0.8024691358024691,0.9822760035018083,2.17037037037037,1.9739151696700086,36360.00000002328,3.7692947120933527,1636000.0,
0.8888888888888888,1.06944042702074,2.362962962962963,2.1490748775588147,36370.000000023865,3.501451035987552,1637000.0,
0.9012345679012346,1.1364899835737645,2.5111111111111115,2.283813114396358,36380.00000002445,3.528431351669877,1638000.0,
0.8271604938271605,1.139842461401416,2.5185185185185186,2.2905500262382352,36390.00000002503,3.8490602891931807,1639000.0,
0.9259259259259259,1.3611059980263964,3.0074074074074075,2.7351862078021276,36400.00000002561,3.6779918112342513,1640000.0,
0.8271604938271605,1.0929077718142985,2.4148148148148145,2.196233260451955,36410.00000002619,3.793512380886437,1641000.0,
0.8148148148148148,1.039268126571879,2.2962962962962963,2.0884426709819204,36420.000000026776,3.785765428102388,1642000.0,
0.8148148148148148,0.9286363582593885,2.051851851851852,1.866124580199974,36430.00000002736,3.650596136688609,1643000.0,
0.8271604938271605,1.039268126571879,2.2962962962962963,2.0884426709819204,36440.00000002794,3.7304554963397356,1644000.0,
0.9135802469135802,1.159957328367323,2.5629629629629633,2.330971497289498,36450.00000002852,3.5102208594621023,1645000.0,
0.8395061728395061,1.2270068849203477,2.711111111111111,2.4657097341270413,36460.000000029104,3.9004023188381307,1646000.0,
0.7777777777777778,0.9252838804317376,2.044444444444444,1.859387668358097,36470.000000029686,3.822663401863774,1647000.0,
0.9012345679012346,1.2404167962309527,2.7407407407407405,2.49265738149455,36480.00000003027,3.6492268561254315,1648000.0,
0.8518518518518519,1.056030515710135,2.3333333333333335,2.1221272301913063,36490.00000003085,3.644902489492357,1649000.0,
0.8765432098765432,1.0794978605036936,2.385185185185185,2.1692856130844462,36500.00000003143,3.5695651648345526,1650000.0,
0.8148148148148148,1.1431949392290672,2.5259259259259257,2.297286938080113,36510.000000032014,3.9187665163637995,1651000.0,
0.8395061728395061,1.0057433482953666,2.222222222222222,2.021073552563149,36520.000000032596,3.6403678119762266,1652000.0,
0.9135802469135802,1.0895552939866473,2.407407407407407,2.1894963486100774,36530.00000003318,3.437483497505128,1653000.0,
0.8148148148148148,0.945398747397645,2.0888888888888886,1.8998091394093597,36540.00000003376,3.6778348263889784,1654000.0,
0.8271604938271605,1.0191532596059716,2.2518518518518515,2.0480211999306572,36550.00000003434,3.7127046870231246,1655000.0,
0.8271604938271605,1.1800721953332305,2.607407407407407,2.371392968340761,36560.000000034925,3.9078454899173085,1656000.0,
0.8765432098765432,1.0124483039506693,2.2370370370370365,2.034547376246903,36570.00000003551,3.4970156707390783,1657000.0,
0.8024691358024691,1.113022638780206,2.4592592592592593,2.236654731503218,36580.00000003609,3.9457635960564517,1658000.0,
0.7777777777777778,1.0962602496419498,2.4222222222222216,2.202970172293832,36590.00000003667,4.050109209896396,1659000.0,
0.8641975308641975,1.1934821066438352,2.637037037037037,2.39834061570827,36600.00000003725,3.7581692948661143,1660000.0,
0.7407407407407407,0.811299634291596,1.7925925925925927,1.6303326657342734,36610.000000037835,3.869251173001649,1661000.0,
0.8148148148148148,1.099612727469601,2.4296296296296296,2.2097070841357094,36620.00000003842,3.871945923144237,1662000.0,
0.8395061728395061,1.126432550090811,2.488888888888889,2.2636023788707265,36630.000000039,3.790600537644705,1663000.0,
0.8765432098765432,1.216949451437394,2.6888888888888887,2.44549899860141,36640.00000003958,3.73426345871712,1664000.0,
0.8518518518518519,1.1532523727120207,2.548148148148148,2.317497673605744,36650.00000004016,3.7683078578574296,1665000.0,
0.8148148148148148,0.9923334369847621,2.192592592592593,1.99412590519564,36660.000000040745,3.7427092181554094,1666000.0,
0.9012345679012346,1.129785027918462,2.496296296296296,2.270339290712604,36670.00000004133,3.5368820173135482,1667000.0,
0.8148148148148148,0.9353413139146911,2.0666666666666664,1.8795984038837283,36680.00000004191,3.673976461054332,1668000.0,
0.8271604938271605,1.2404167962309527,2.740740740740741,2.49265738149455,36690.00000004249,3.988560604435902,1669000.0,
0.8271604938271605,0.9018165356381788,1.9925925925925927,1.8122292854649569,36700.000000043074,3.5798050655103437,1670000.0,
0.8518518518518519,1.2102444957820915,2.6740740740740745,2.4320251749176554,36710.000000043656,3.838689915374671,1671000.0,
0.8518518518518519,0.9252838804317374,2.0444444444444447,1.859387668358097,36720.00000004424,3.5047506422822607,1672000.0,
0.8024691358024691,1.0158007817783206,2.244444444444444,2.04128428808878,36730.00000004482,3.833840974254639,1673000.0,
0.8024691358024691,1.086202816158996,2.4,2.1827594367682006,36740.0000000454,3.922188124790594,1674000.0,
0.8765432098765432,0.9621611365359009,2.1259259259259258,1.9334936986187459,36750.000000045984,3.4497866487594395,1675000.0,
0.8518518518518519,1.1834246731608817,2.6148148148148147,2.3781298801826383,36760.000000046566,3.8101043265006664,1676000.0,
0.8271604938271605,1.0023908704677158,2.2148148148148143,2.0143366407212713,36770.00000004715,3.7055740374686845,1677000.0,
0.9259259259259259,1.099612727469601,2.429629629629629,2.2097070841357094,36780.00000004773,3.415845745700759,1678000.0,
0.8148148148148148,0.8951115799828765,1.9777777777777776,1.798755461781202,36790.00000004831,3.631270272441433,1679000.0,
0.9012345679012346,1.4123371269094473,2.325925925925926,2.0434585005440367,36800.000000048894,3.458448233849385,1680000.0,
0.7901234567901234,1.2099321246453547,1.9925925925925922,1.7506061676635218,36810.00000004948,4.144442220293749,1681000.0,
0.8765432098765432,1.3043877923685978,2.1481481481481484,1.8872705896744284,36820.00000005006,3.844157904005422,1682000.0,
0.7283950617283951,0.9220672325364224,1.5185185185185186,1.3341050720112337,36830.00000005064,4.101817726067476,1683000.0,
0.8271604938271605,1.1784469020709403,1.9407407407407407,1.7050513603265527,36840.00000005122,3.9225970010489455,1684000.0,
0.8395061728395061,1.2684046808549814,2.0888888888888886,1.8352079527178926,36850.000000051805,3.9726555757616033,1685000.0,
0.7901234567901234,1.2818983476725876,2.111111111111111,1.8547314415765934,36860.00000005239,4.2386494713127725,1686000.0,
0.8395061728395061,1.3493666817606187,2.2222222222222223,1.9523488858700981,36870.00000005297,4.070272076840446,1687000.0,
0.8024691358024691,1.1334680126789196,1.8666666666666665,1.639973064130883,36880.00000005355,3.989703215839,1688000.0,
0.7530864197530864,1.0570039007124847,1.7407407407407405,1.5293399605982438,36890.00000005413,4.150444523938624,1689000.0,
0.7777777777777778,1.173949013131738,1.9333333333333333,1.6985435307069856,36900.000000054715,4.16967730263838,1690000.0,
0.9012345679012346,1.4753075720582762,2.4296296296296296,2.1345681152179745,36910.0000000553,3.93342073067493,1691000.0,
0.8148148148148148,1.17844690207094,1.9407407407407407,1.7050513603265527,36920.00000005588,3.9868787737923927,1692000.0,
0.8641975308641975,1.1604553463141318,1.911111111111111,1.679020041848285,36930.00000005646,3.7388097579142694,1693000.0,
0.8395061728395061,1.380851904335033,2.274074074074074,1.9979036932070673,36940.00000005704,4.111894180201384,1694000.0,
0.8518518518518519,1.0974849011653032,1.8074074074074071,1.5879104271743467,36950.000000057626,3.7202329999557735,1695000.0,
0.8024691358024691,1.0030292334420599,1.6518518518518517,1.4512460051634397,36960.00000005821,3.8320795063287383,1696000.0,
0.8271604938271605,1.2953920144901938,2.1333333333333333,1.8742549304352947,36970.00000005879,4.071739599645809,1697000.0,
0.7901234567901234,1.0435102338948783,1.7185185185185183,1.5098164717395428,36980.00000005937,3.9444395148132956,1698000.0,
0.8641975308641975,1.2549110140373754,2.066666666666667,1.8156844638591916,36990.000000059954,3.85153703056565,1699000.0,
0.7037037037037037,0.9715440108676454,1.5999999999999996,1.4056911978264708,37000.000000060536,4.327980085664031,1700000.0,
0.7530864197530864,1.236919458280567,2.037037037037037,1.7896531453809235,37010.00000006112,4.397217641365553,1701000.0,
0.8641975308641975,1.3493666817606185,2.222222222222222,1.9523488858700986,37020.0000000617,3.9625500175026462,1702000.0,
0.8024691358024691,1.2549110140373751,2.0666666666666664,1.8156844638591916,37030.00000006228,4.150270648301612,1703000.0,
0.8271604938271605,1.3538645706998205,2.2296296296296294,1.9588567154896652,37040.000000062864,4.146609406406943,1704000.0,
0.7283950617283951,1.3538645706998205,2.22962962962963,1.9588567154896652,37050.000000063446,4.709539495411314,1705000.0,
0.8395061728395061,1.1919405688885465,1.962962962962963,1.7245748491852533,37060.00000006403,3.893926265919951,1706000.0,
0.8024691358024691,1.2908941255509918,2.1259259259259258,1.8677471008157278,37070.00000006461,4.197572679572571,1707000.0,
0.8641975308641975,1.295392014490194,2.1333333333333333,1.8742549304352945,37080.00000006519,3.903522188232783,1708000.0,
0.8765432098765432,1.3178814591862043,2.1703703703703705,1.9067940785331294,37090.000000065775,3.8747633548827314,1709000.0,
0.8148148148148148,1.097484901165303,1.8074074074074076,1.5879104271743467,37100.00000006636,3.8984254090452013,1710000.0,
0.8271604938271605,1.299889903429396,2.140740740740741,1.8807627600548613,37110.00000006694,4.085535554931002,1711000.0,
0.8271604938271605,1.2504131250981734,2.0592592592592593,1.8091766342396245,37120.00000006752,4.026317360232095,1712000.0,
0.8271604938271605,1.2774004587333858,2.1037037037037036,1.8482236119570263,37130.0000000681,4.059540853134402,1713000.0,
0.8024691358024691,1.2594089029765774,2.0740740740740735,1.8221922934787587,37140.000000068685,4.162644940672397,1714000.0,
0.8024691358024691,1.2009363467669505,1.9777777777777776,1.7375905084243874,37150.00000006927,4.090394524472744,1715000.0,
0.8148148148148148,1.1289701237397174,1.8592592592592592,1.6334652345113154,37160.00000006985,3.940702727659467,1716000.0,
0.8271604938271605,1.259408902976577,2.0740740740740735,1.8221922934787582,37170.00000007043,4.040177927518101,1717000.0,
0.8641975308641975,1.1019827901045052,1.8148148148148149,1.5944182567939138,37180.00000007101,3.685434371443961,1718000.0,
0.8024691358024691,1.1019827901045052,1.814814814814815,1.5944182567939134,37190.000000071595,3.9695447077089163,1719000.0,
0.8641975308641975,1.1109785679829092,1.8296296296296295,1.6074339160330477,37200.00000007218,3.696986628703324,1720000.0,
0.8395061728395061,1.1199743458613132,1.8444444444444446,1.6204495752721817,37210.00000007276,3.8170253237850846,1721000.0,
0.8024691358024691,1.2324215693413652,2.0296296296296297,1.7831453157613566,37220.00000007334,4.1339376479888035,1722000.0,
0.8395061728395061,1.2774004587333856,2.1037037037037036,1.8482236119570266,37230.000000073924,4.0057240758827675,1723000.0,
0.8395061728395061,1.2863962366117896,2.1185185185185182,1.8612392711961607,37240.000000074506,4.017027870120313,1724000.0,
0.8395061728395061,1.2549110140373756,2.066666666666667,1.8156844638591916,37250.00000007509,3.9801116491125894,1725000.0,
0.8024691358024691,1.2099321246453545,1.9925925925925927,1.7506061676635214,37260.00000007567,4.108373878444687,1726000.0,
0.8024691358024691,1.250413125098173,2.059259259259259,1.8091766342396245,37270.00000007625,4.159434817470544,1727000.0,
0.9012345679012346,1.4303286826662558,2.355555555555555,2.069489819022304,37280.000000076834,3.903786620528799,1728000.0,
0.8888888888888888,1.3538645706998205,2.2296296296296294,1.9588567154896657,37290.000000077416,3.872539308740604,1729000.0,
0.8888888888888888,1.2729025697941834,2.0962962962962965,1.8417157823374597,37300.000000078,3.7820126132773493,1730000.0,
0.9135802469135802,1.3538645706998205,2.2296296296296294,1.9588567154896652,37310.00000007858,3.76895716526119,1731000.0,
0.7901234567901234,1.187442679949344,1.9555555555555553,1.7180670195656866,37320.00000007916,4.147854016852216,1732000.0,
0.7901234567901234,1.1559574573749298,1.9037037037037035,1.6725122122287175,37330.000000079744,4.108630532031509,1733000.0,
0.8641975308641975,1.4483202384230638,2.385185185185185,2.0955211375005725,37340.00000008033,4.095339133070254,1734000.0,
0.8271604938271605,1.1964384578277483,1.9703703703703703,1.7310826788048208,37350.00000008091,3.97479574756268,1735000.0,
0.8148148148148148,1.2639067919157794,2.0814814814814815,1.8287001230983255,37360.00000008149,4.118428032542916,1736000.0,
0.8271604938271605,1.299889903429396,2.140740740740741,1.8807627600548618,37370.00000008207,4.1010579429916065,1737000.0,
0.7654320987654321,1.2639067919157796,2.081481481481482,1.8287001230983255,37380.000000082655,4.385423389481243,1738000.0,
0.8888888888888888,1.3223793481254063,2.1777777777777776,1.9133019081526965,37390.00000008324,3.8426739889002652,1739000.0,
0.8271604938271605,0.885054146499923,1.9555555555555557,1.7785447262555707,37400.00000008382,3.9669053295307535,1740000.0,
0.9259259259259259,1.1264325500908108,2.4888888888888885,2.2636023788707265,37410.0000000844,3.478411154133621,1741000.0,
0.8518518518518519,1.0794978605036936,2.385185185185185,2.1692856130844462,37420.00000008498,3.7263641551227162,1742000.0,
0.8271604938271605,0.9588086587082495,2.1185185185185182,1.9267567867768685,37430.000000085565,3.6922880799707283,1743000.0,
0.8765432098765432,1.1465474170567183,2.533333333333333,2.3040238499219896,37440.00000008615,3.6990160673840435,1744000.0,
0.8024691358024691,0.9085214912934814,2.007407407407407,1.8257031091487113,37450.00000008673,3.744462166114572,1745000.0,
0.8148148148148148,1.025858215261274,2.2666666666666666,2.0614950236144116,37460.00000008731,3.8323381127097087,1746000.0,
0.8765432098765432,1.2504742297139062,2.762962962962963,2.5128681170201816,37470.00000008789,3.819270600133891,1747000.0,
0.8641975308641975,1.1063176831249033,2.444444444444444,2.2231809078194638,37480.000000088476,3.7075933190828487,1748000.0,
0.8024691358024691,0.9722185700188548,2.1481481481481484,1.9537044341443772,37490.00000008906,3.8263000642186427,1749000.0,
0.8888888888888888,1.1297850279184622,2.4962962962962965,2.270339290712604,37500.00000008964,3.632116489778921,1750000.0,
0.8518518518518519,1.1029652052972523,2.4370370370370367,2.216443995977586,37510.00000009022,3.759130168576328,1751000.0,
0.8888888888888888,1.0292106930889255,2.274074074074074,2.068231935456289,37520.000000090804,3.520081474206868,1752000.0,
0.8765432098765432,1.0862028161589963,2.4,2.1827594367682006,37530.000000091386,3.635242649458768,1753000.0,
0.8518518518518519,1.186777150988533,2.6222222222222222,2.3848667920245155,37540.00000009197,3.8592572352574974,1754000.0,
0.7777777777777778,1.0325631709165766,2.281481481481481,2.074968847298166,37550.00000009255,4.0291653467768445,1755000.0,
0.8148148148148148,1.086202816158996,2.4,2.1827594367682006,37560.00000009313,3.9124580016905988,1756000.0,
0.8518518518518519,0.9923334369847618,2.192592592592592,1.99412590519564,37570.000000093714,3.6327363536009982,1757000.0,
0.8148148148148148,1.0426206043995303,2.3037037037037034,2.095179582823797,37580.0000000943,3.860182863016173,1758000.0,
0.8024691358024691,1.022505737433623,2.259259259259259,2.054758111772535,37590.00000009488,3.895119457458943,1759000.0,
0.8395061728395061,0.9688660921912033,2.140740740740741,1.9469675223024998,37600.00000009546,3.659969903973494,1760000.0,
0.8765432098765432,1.0761453826760428,2.3777777777777773,2.1625487012425695,37610.00000009604,3.6282757183024215,1761000.0,
0.8765432098765432,1.056030515710135,2.3333333333333335,2.1221272301913063,37620.000000096625,3.605891151763884,1762000.0,
0.8024691358024691,1.113022638780206,2.4592592592592593,2.236654731503218,37630.00000009721,4.010378980675597,1763000.0,
0.7654320987654321,1.0929077718142985,2.4148148148148145,2.196233260451955,37640.00000009779,4.178795637414156,1764000.0,
0.8395061728395061,1.2102444957820915,2.674074074074074,2.432025174917656,37650.00000009837,3.9504353553098706,1765000.0,
0.8024691358024691,0.9353413139146912,2.066666666666667,1.8795984038837283,37660.00000009895,3.7908068681509866,1766000.0,
0.8765432098765432,1.0929077718142985,2.4148148148148145,2.1962332604519545,37670.000000099535,3.650779289009642,1767000.0,
0.8518518518518519,1.1498998948843693,2.5407407407407407,2.310760761763867,37680.00000010012,3.8240824853385895,1768000.0,
0.8765432098765432,1.0023908704677158,2.2148148148148143,2.0143366407212717,37690.0000001007,3.548640288881917,1769000.0,
0.9012345679012346,1.186777150988533,2.622222222222222,2.3848667920245155,37700.00000010128,3.656558208668556,1770000.0,
0.8395061728395061,1.0325631709165766,2.2814814814814817,2.074968847298166,37710.00000010186,3.742314953632036,1771000.0,
0.8395061728395061,1.0225057374336228,2.259259259259259,2.0547581117725344,37720.000000102445,3.7309230108067872,1772000.0,
0.8641975308641975,1.186777150988533,2.6222222222222227,2.3848667920245155,37730.00000010303,3.8149821318973083,1773000.0,
0.8765432098765432,1.0627354713654373,2.348148148148148,2.1356010538750603,37740.00000010361,3.6203010307513126,1774000.0,
0.8148148148148148,1.1331375057461135,2.5037037037037035,2.277076202554481,37750.00000010419,3.9815748176997015,1775000.0,
0.9012345679012346,1.0023908704677156,2.2148148148148143,2.0143366407212717,37760.000000104774,3.455252883707293,1776000.0,
0.9135802469135802,1.0962602496419498,2.422222222222222,2.202970172293832,37770.000000105356,3.5118497327533467,1777000.0,
0.8395061728395061,0.90516901346583,2.0,1.8189661973068334,37780.00000010594,3.594683677845357,1778000.0,
0.8271604938271605,1.099612727469601,2.4296296296296296,2.2097070841357094,37790.00000010652,3.88400643175809,1779000.0,
0.8395061728395061,1.0493255600548328,2.318518518518518,2.108653406507552,37800.0000001071,3.7675760348117375,1780000.0,
0.8148148148148148,1.099612727469601,2.4296296296296296,2.209707084135709,37810.000000107684,3.9440671352696475,1781000.0,
0.8641975308641975,1.0660879491930888,2.355555555555555,2.1423379657169375,37820.000000108266,3.6804703412485935,1782000.0,
0.8271604938271605,1.099612727469601,2.4296296296296296,2.209707084135709,37830.00000010885,3.886394491459722,1783000.0,
0.8024691358024691,1.113022638780206,2.4592592592592593,2.236654731503218,37840.00000010943,4.023302057599426,1784000.0,
0.8641975308641975,1.2135969736097427,2.6814814814814816,2.438762086759533,37850.00000011001,3.8528736409308215,1785000.0,
0.8271604938271605,1.126432550090811,2.488888888888889,2.2636023788707265,37860.000000110595,3.920609500897409,1786000.0,
0.8641975308641975,1.0459730822271818,2.3111111111111113,2.1019164946656748,37870.00000011118,3.6600517094739247,1787000.0,
0.8148148148148148,0.9755710478465056,2.155555555555555,1.9604413459862546,37880.00000011176,3.796076589065792,1788000.0,
0.8888888888888888,1.143194939229067,2.5259259259259257,2.297286938080113,37890.00000011234,3.668869306671279,1789000.0,
0.8148148148148148,0.9923334369847621,2.192592592592592,1.99412590519564,37900.00000011292,3.817860733311299,1790000.0,
0.8641975308641975,1.1331375057461133,2.5037037037037035,2.277076202554481,37910.000000113505,3.7631991138316785,1791000.0,
0.8271604938271605,0.945398747397645,2.0888888888888886,1.8998091394093597,37920.00000011409,3.705329828984983,1792000.0,
0.8024691358024691,0.9956859148124133,2.1999999999999997,2.000862817037517,37930.00000011467,3.8826209092706536,1793000.0,
0.8271604938271605,1.06944042702074,2.362962962962963,2.149074877558815,37940.00000011525,3.8564846953950633,1794000.0,
0.8641975308641975,0.962161136535901,2.1259259259259258,1.9334936986187454,37950.00000011583,3.5676407437457085,1795000.0,
0.8271604938271605,1.0794978605036938,2.385185185185185,2.1692856130844462,37960.000000116415,3.8698377119939282,1796000.0,
0.7901234567901234,1.1398424614014158,2.5185185185185186,2.2905500262382352,37970.000000117,4.1282349902548585,1797000.0,
0.8641975308641975,1.113022638780206,2.4592592592592593,2.236654731503218,37980.00000011758,3.7439233391999323,1798000.0,
0.8395061728395061,1.0158007817783206,2.2444444444444445,2.04128428808878,37990.00000011816,3.738818578335955,1799000.0,
0.8518518518518519,1.4123371269094473,2.325925925925926,2.043458500544036,38000.00000011874,3.7285032039316586,1800000.0,
0.8518518518518519,1.290894125550992,2.1259259259259258,1.8677471008157274,38010.000000119326,4.008727886557043,1801000.0,
0.7654320987654321,1.088489123286899,1.7925925925925925,1.5748947679352128,38020.00000011991,4.197539015952367,1802000.0,
0.7654320987654321,1.146961679496526,1.8888888888888888,1.6594965529895835,38030.00000012049,4.274575742613369,1803000.0,
0.8271604938271605,1.2549110140373754,2.066666666666667,1.8156844638591916,38040.00000012107,4.086680479699105,1804000.0,
0.8024691358024691,1.1289701237397176,1.8592592592592592,1.6334652345113159,38050.000000121654,4.056098154242031,1805000.0,
0.8271604938271605,1.2189279025237587,2.0074074074074075,1.7636218269026553,38060.000000122236,4.044372538914056,1806000.0,
0.7777777777777778,1.083991234347697,1.7851851851851848,1.5683869383156457,38070.00000012282,4.128303015634651,1807000.0,
0.8641975308641975,1.3403709038822142,2.2074074074074073,1.9393332266309646,38080.0000001234,4.012712045961162,1808000.0,
0.8024691358024691,1.1334680126789196,1.8666666666666665,1.639973064130883,38090.00000012398,4.064164754304872,1809000.0,
0.8148148148148148,1.3178814591862043,2.17037037037037,1.9067940785331294,38100.000000124564,4.2295181544986225,1810000.0,
0.9259259259259259,1.4843033499366804,2.4444444444444446,2.1475837744571082,38110.00000012515,3.902244951302667,1811000.0,
0.8271604938271605,1.380851904335033,2.274074074074074,1.9979036932070673,38120.00000012573,4.243713496327894,1812000.0,
0.8641975308641975,1.3268772370646083,2.185185185185185,1.9198097377722638,38130.00000012631,3.9999550886438118,1813000.0,
0.8395061728395061,1.1424637905573238,1.8814814814814813,1.6529887233700165,38140.00000012689,3.898520103499692,1814000.0,
0.8518518518518519,1.2054342357061523,1.985185185185185,1.7440983380439543,38150.000000127475,3.916521349203428,1815000.0,
0.7654320987654321,1.2684046808549814,2.088888888888889,1.8352079527178926,38160.00000012806,4.441622244388613,1816000.0,
0.7283950617283951,1.0165229002596659,1.6740740740740743,1.470769494022141,38170.00000012864,4.322341608879251,1817000.0,
0.7901234567901234,1.088489123286899,1.7925925925925925,1.5748947679352128,38180.00000012922,4.076365921704438,1818000.0,
0.8395061728395061,1.3313751260038105,2.1925925925925926,1.9263175673918305,38190.0000001298,4.126488017781708,1819000.0,
0.7901234567901234,1.1424637905573238,1.8814814814814813,1.6529887233700165,38200.000000130385,4.145927609968641,1820000.0,
0.8271604938271605,1.4258307937270536,2.3481481481481477,2.0629819894027372,38210.00000013097,4.303464093951396,1821000.0,
0.8395061728395061,1.2863962366117896,2.1185185185185182,1.8612392711961603,38220.00000013155,4.074674928947197,1822000.0,
0.8271604938271605,1.2144300135845565,2.0,1.7571139972830887,38230.00000013213,4.049084046316506,1823000.0,
0.8271604938271605,1.1379659016181214,1.8740740740740742,1.6464808937504496,38240.00000013271,3.9572393736407014,1824000.0,
0.8024691358024691,1.2639067919157794,2.0814814814814815,1.8287001230983255,38250.000000133296,4.236557694585225,1825000.0,
0.8641975308641975,1.15595745737493,1.9037037037037035,1.6725122122287175,38260.00000013388,3.809605057860473,1826000.0,
0.7283950617283951,0.9985313445028579,1.6444444444444446,1.4447381755438728,38270.00000013446,4.304420998433859,1827000.0,
0.8765432098765432,1.2504131250981734,2.0592592592592593,1.8091766342396245,38280.00000013504,3.86483469205381,1828000.0,
0.7777777777777778,1.1469616794965258,1.8888888888888888,1.659496552989584,38290.000000135624,4.223233270509355,1829000.0,
0.7654320987654321,1.1379659016181216,1.8740740740740738,1.6464808937504498,38300.000000136206,4.280242548934532,1830000.0,
0.8641975308641975,1.2684046808549814,2.0888888888888886,1.8352079527178924,38310.00000013679,3.9425797021732705,1831000.0,
0.9012345679012346,1.4393244605446598,2.3703703703703702,2.0825054782614387,38320.00000013737,3.970754538451989,1832000.0,
0.7777777777777778,1.241417347219769,2.0444444444444447,1.79616097500049,38330.00000013795,4.347215954407642,1833000.0,
0.8148148148148148,1.1424637905573238,1.8814814814814813,1.6529887233700165,38340.000000138534,4.028778288454935,1834000.0,
0.8024691358024691,1.2774004587333854,2.103703703703704,1.848223611957027,38350.000000139116,4.259526725542908,1835000.0,
0.8518518518518519,1.1829447910101423,1.948148148148148,1.7115591899461198,38360.0000001397,3.902294609778386,1836000.0,
0.8888888888888888,1.3403709038822145,2.2074074074074077,1.9393332266309646,38370.00000014028,3.9173589335742887,1837000.0,
0.8518518518518519,1.236919458280567,2.0370370370370368,1.7896531453809232,38380.00000014086,3.9668155959944587,1838000.0,
0.8271604938271605,1.034514456016474,1.7037037037037033,1.4968008125004089,38390.000000141445,3.841126431943709,1839000.0,
0.8395061728395061,1.1289701237397176,1.8592592592592592,1.6334652345113159,38400.00000014203,3.8977408827325526,1840000.0,
0.8641975308641975,1.4213329047878516,2.3407407407407406,2.05647415978317,38410.00000014261,4.125253789867353,1841000.0,
0.7901234567901234,1.106480679043707,1.8222222222222222,1.6009260864134807,38420.00000014319,4.114136484460021,1842000.0,
0.7901234567901234,1.1334680126789198,1.866666666666667,1.639973064130883,38430.00000014377,4.148917328592123,1843000.0,
0.7901234567901234,0.998531344502858,1.6444444444444444,1.4447381755438726,38440.000000144355,3.9787631079318313,1844000.0,
0.8148148148148148,0.9175693435972205,1.511111111111111,1.3275972423916669,38450.00000014494,3.759438133852772,1845000.0,
0.8518518518518519,1.2953920144901938,2.1333333333333333,1.8742549304352947,38460.00000014552,4.040094973574146,1846000.0,
0.8518518518518519,1.2729025697941836,2.0962962962962965,1.8417157823374593,38470.0000001461,4.014274031249878,1847000.0,
0.8518518518518519,1.4303286826662553,2.355555555555555,2.0694898190223046,38480.00000014668,4.199658308679445,1848000.0,
0.8888888888888888,1.376354015395831,2.266666666666666,1.9913958635875006,38490.000000147265,3.9645066006941625,1849000.0,
0.8271604938271605,1.1919405688885463,1.9629629629629626,1.7245748491852537,38500.00000014785,4.038014717655104,1850000.0,
0.8024691358024691,1.1829447910101423,1.948148148148148,1.7115591899461198,38510.00000014843,4.151666585765286,1851000.0,
0.7407407407407407,1.097484901165303,1.8074074074074071,1.5879104271743467,38520.00000014901,4.382934616621898,1852000.0,
0.8024691358024691,1.1919405688885465,1.962962962962963,1.7245748491852533,38530.000000149594,4.164107478198446,1853000.0,
0.8518518518518519,1.3538645706998205,2.2296296296296294,1.9588567154896657,38540.000000150176,4.113374351153833,1854000.0,
0.8024691358024691,1.2459152361589712,2.051851851851852,1.8026688046200576,38550.00000015076,4.2325989866432,1855000.0,
0.8765432098765432,1.2908941255509916,2.1259259259259258,1.8677471008157278,38560.00000015134,3.9267918897544223,1856000.0,
0.7530864197530864,1.245915236158971,2.051851851851852,1.8026688046200579,38570.00000015192,4.511457936587092,1857000.0,
0.8395061728395061,1.1559574573749298,1.9037037037037035,1.6725122122287175,38580.000000152504,3.9404757948574654,1858000.0,
0.8641975308641975,1.371856126456629,2.259259259259259,1.9848880339679336,38590.000000153086,4.078287803513251,1859000.0,
0.8024691358024691,0.9085214912934815,2.007407407407407,1.8257031091487113,38600.00000015367,4.202045540113346,1860000.0,
0.9135802469135802,0.9252838804317374,2.0444444444444447,1.859387668358097,38610.00000015425,3.3701053286204874,1861000.0,
0.8395061728395061,1.06944042702074,2.3629629629629627,2.1490748775588147,38620.00000015483,3.839771685170994,1862000.0,
0.8518518518518519,1.1498998948843693,2.5407407407407407,2.310760761763867,38630.000000155414,3.8791549491099113,1863000.0,
0.8518518518518519,1.1532523727120207,2.5481481481481474,2.317497673605744,38640.000000156,3.8836701767047237,1864000.0,
0.8395061728395061,1.2504742297139062,2.762962962962963,2.5128681170201816,38650.00000015658,4.057179597202662,1865000.0,
0.8024691358024691,1.0593829935377863,2.3407407407407406,2.1288641420331835,38660.00000015716,4.006920345838733,1866000.0,
0.8902439024390244,1.043152094786841,2.3048780487804876,2.0962476298231194,38670.00000015774,3.5646338599380853,1867000.0,
0.8902439024390244,1.109383973820926,2.451219512195122,2.229342717430937,38680.000000158325,3.639579258305172,1868000.0,
0.8170731707317073,1.0630216584970666,2.3487804878048775,2.1361761561054644,38690.00000015891,3.909366805966021,1869000.0,
0.8780487804878049,1.1060723798692218,2.44390243902439,2.2226879630505456,38700.00000015949,3.6874685437811445,1870000.0,
0.7926829268292683,0.9736086218010516,2.1512195121951216,1.9564977878349117,38710.00000016007,3.918087799856228,1871000.0,
0.7804878048780488,0.9603622459942345,2.1219512195121952,1.9298787703133482,38720.00000016065,3.9629610027265336,1872000.0,
0.8292682926829268,1.1524346951930813,2.5463414634146337,2.3158545243760176,38730.000000161235,3.9620506618942053,1873000.0,
0.8292682926829268,1.1656810709998984,2.575609756097561,2.342473541897581,38740.00000016182,3.9786124680142243,1874000.0,
0.8292682926829268,1.1325651314828558,2.502439024390244,2.2759259980936726,38750.0000001624,3.939266776243707,1875000.0,
0.8780487804878049,1.1921738226135323,2.6341463414634148,2.395711576940708,38760.00000016298,3.7888618535734704,1876000.0,
0.8536585365853658,1.228601356082279,2.714634146341463,2.4689138751250073,38770.00000016356,3.9403587314532778,1877000.0,
0.8170731707317073,1.0530868766419539,2.3268292682926828,2.1162118929642917,38780.000000164146,3.902580953546643,1878000.0,
0.8292682926829268,1.046463688738545,2.31219512195122,2.10290238420351,38790.00000016473,3.8377915070521746,1879000.0,
0.8414634146341463,1.0928260040624045,2.414634146341463,2.1960689455289826,38800.00000016531,3.8378482947261845,1880000.0,
0.8658536585365854,1.0696448464004749,2.3634146341463413,2.1494856648662464,38810.00000016589,3.703530667715927,1881000.0,
0.8536585365853658,1.0530868766419537,2.3268292682926828,2.1162118929642926,38820.000000166474,3.7376131983947767,1882000.0,
0.8658536585365854,1.1888622286618282,2.6268292682926826,2.3890568225603173,38830.000000167056,3.8423451092009357,1883000.0,
0.8902439024390244,1.1723042589033068,2.590243902439024,2.355783050658363,38840.00000016764,3.71902396209685,1884000.0,
0.8536585365853658,1.2848984532612517,2.8390243902439027,2.582044699591652,38850.00000016822,4.0108781881489115,1885000.0,
0.9024390243902439,0.9438042762357133,2.085365853658536,1.8966049984113935,38860.0000001688,3.4166452791125943,1886000.0,
0.8292682926829268,1.0663332524487708,2.3560975609756096,2.142830910485855,38870.000000169384,3.8664577456441918,1887000.0,
0.8170731707317073,0.9967897794629811,2.2024390243902436,2.0030810684976474,38880.00000016997,3.839650177895114,1888000.0,
0.8780487804878049,1.0895144101107004,2.407317073170731,2.1894141911485914,38890.00000017055,3.6791664115567766,1889000.0,
0.7926829268292683,0.9769202157527559,2.158536585365853,1.9631525422153024,38900.00000017113,3.9339578106882893,1890000.0,
0.8414634146341463,1.1126955677726305,2.4585365853658536,2.2359974718113276,38910.00000017171,3.8678382110198677,1891000.0,
0.8170731707317073,1.1292535375311514,2.495121951219512,2.2692712437132814,38920.000000172295,4.004158060904058,1892000.0,
0.8658536585365854,1.1855506347101241,2.619512195121951,2.382402068179926,38930.00000017288,3.844154254214789,1893000.0,
0.7926829268292683,0.9636738399459386,2.1292682926829265,1.936533524693739,38940.00000017346,3.919708536593679,1894000.0,
0.8658536585365854,0.9702970278493472,2.14390243902439,1.9498430334545207,38950.00000017404,3.5966782575587457,1895000.0,
0.8292682926829268,1.0994491919658134,2.4292682926829263,2.209378454289764,38960.00000017462,3.911685790356228,1896000.0,
0.8536585365853658,1.162369477048194,2.568292682926829,2.3358187875171903,38970.000000175205,3.8742013874425862,1897000.0,
0.8292682926829268,1.0332173129317281,2.2829268292682925,2.0762833666819467,38980.00000017579,3.832994406815193,1898000.0,
0.8170731707317073,1.0795796282555876,2.385365853658536,2.1694499280074186,38990.00000017637,3.9475422316416715,1899000.0,
0.8414634146341463,1.1656810709998984,2.575609756097561,2.342473541897581,39000.00000017695,3.9360238815221416,1900000.0,
0.8292682926829268,1.033217312931728,2.2829268292682925,2.0762833666819467,39010.00000017753,3.834759112697649,1901000.0,
0.8536585365853658,1.1193187556760387,2.473170731707317,2.2493069805721095,39020.000000178115,3.8266276852639423,1902000.0,
0.8658536585365854,0.9173115246220792,2.0268292682926825,1.843366963368267,39030.0000001787,3.5399907749585013,1903000.0,
0.8658536585365854,1.1623694770481943,2.5682926829268293,2.33581878751719,39040.00000017928,3.823578832690103,1904000.0,
0.8536585365853658,1.2219781681788708,2.6999999999999997,2.4556043663642253,39050.00000017986,3.948600139910216,1905000.0,
0.9024390243902439,1.2054201984203496,2.6634146341463416,2.422330594462271,39060.000000180444,3.71735481450701,1906000.0,
0.9146341463414634,1.1656810709998984,2.575609756097561,2.342473541897581,39070.000000181026,3.6248753043339206,1907000.0,
0.8780487804878049,1.1987970105169412,2.6487804878048777,2.4090210857014895,39080.00000018161,3.814182706464499,1908000.0,
0.7560975609756098,0.9868549976078685,2.1804878048780485,1.9831168053564752,39090.00000018219,4.149708222691972,1909000.0,
0.7682926829268293,0.9702970278493471,2.14390243902439,1.9498430334545207,39100.00000018277,4.062923115661998,1910000.0,
0.7926829268292683,0.9338694943806003,2.0634146341463415,1.8766407352702208,39110.000000183354,3.8925707468041684,1911000.0,
0.8658536585365854,0.9802318097044599,2.165853658536585,1.9698072965956932,39120.000000183936,3.6177296957581655,1912000.0,
0.8292682926829268,1.0232825310766154,2.260975609756098,2.0563191035407744,39130.00000018452,3.829837758108071,1913000.0,
0.8414634146341463,1.1491231012413772,2.5390243902439025,2.3091997699956273,39140.0000001851,3.924462236302342,1914000.0,
0.8292682926829268,0.8080289242158385,1.785365853658536,1.6237600688153688,39150.00000018568,3.571443702776026,1915000.0,
0.8780487804878049,1.225289762130575,2.7073170731707314,2.4622591207446165,39160.000000186265,3.8487994513580626,1916000.0,
0.7926829268292683,0.9239347125254873,2.041463414634146,1.8566764721290487,39170.00000018685,3.883729945079472,1917000.0,
0.8292682926829268,1.1424999133379685,2.5243902439024386,2.295890261234845,39180.00000018743,3.9765410720116385,1918000.0,
0.9146341463414634,1.1424999133379687,2.524390243902439,2.2958902612348453,39190.00000018801,3.60593057195725,1919000.0,
0.9024390243902439,1.5506197856378428,2.5536585365853655,2.243534579457797,39200.00000018859,3.6698783204453393,1920000.0,
0.7560975609756098,1.092987012226101,1.7999999999999996,1.5814025975547799,39210.000000189175,4.297818306542344,1921000.0,
0.8536585365853658,1.2662654409936536,2.0853658536585367,1.8321127654598064,39220.00000018976,4.0101938023509565,1922000.0,
0.8292682926829268,1.2440502578183263,2.0487804878048776,1.7999704362412128,39230.00000019034,4.101940016826359,1923000.0,
0.8048780487804879,1.1463034518468862,1.8878048780487806,1.6585441876794031,39240.00000019092,4.105404288705101,1924000.0,
0.8292682926829268,1.457316016301468,2.4,2.108536796739706,39250.0000001915,4.360289902056098,1925000.0,
0.8292682926829268,1.2484932944533917,2.05609756097561,1.8063989020849314,39260.000000192085,4.109062502180512,1926000.0,
0.7804878048780488,1.270708477628719,2.0926829268292684,1.8385412313035243,39270.00000019267,4.394967112010217,1927000.0,
0.8292682926829268,1.3373540271547009,2.2024390243902436,1.9349682189593034,39280.00000019325,4.217394562202747,1928000.0,
0.8414634146341463,1.3284679538845698,2.18780487804878,1.9221112872718666,39290.00000019383,4.1462923510382375,1929000.0,
0.8780487804878049,1.1685186350222136,1.9243902439024392,1.6906865168979963,39300.00000019441,3.7919212232628814,1930000.0,
0.8658536585365854,1.1685186350222136,1.9243902439024392,1.6906865168979965,39310.000000194996,3.845891944717321,1931000.0,
0.7926829268292683,1.310695807344308,2.1585365853658534,1.8963974238969923,39320.00000019558,4.380874710851444,1932000.0,
0.8170731707317073,1.4839742361118606,2.44390243902439,2.1471075918020177,39330.00000019616,4.462771453198292,1933000.0,
0.8536585365853658,1.4439869063962716,2.3780487804878048,2.0892513992085506,39340.00000019674,4.225238947537278,1934000.0,
0.8292682926829268,1.18184774492741,1.946341463414634,1.7099719144291525,39350.000000197324,4.03398992775243,1935000.0,
0.8536585365853658,1.2529363310884574,2.0634146341463415,1.8128273679286497,39360.000000197906,4.002579702176763,1936000.0,
0.8292682926829268,1.2707084776287192,2.0926829268292684,1.8385412313035243,39370.00000019849,4.1423219877746655,1937000.0,
0.8658536585365854,1.5950501519884968,2.6268292682926826,2.307819237894984,39380.00000019907,4.342449471354667,1938000.0,
0.7804878048780488,1.1285313053066248,1.8585365853658538,1.6328303243045286,39390.00000019965,4.220302609972971,1939000.0,
0.8292682926829268,1.1507464884819518,1.8951219512195123,1.6649726535231217,39400.000000200234,3.9994266479213136,1940000.0,
0.8536585365853658,1.2840375875339154,2.114634146341464,1.8578266288346805,39410.00000020082,4.041869745441609,1941000.0,
0.8170731707317073,1.1774047082923447,1.9390243902439022,1.7035434485854335,39420.0000002014,4.092940090792629,1942000.0,
0.8780487804878049,1.3417970637897663,2.2097560975609754,1.9413966848030222,39430.00000020198,3.9964883226930152,1943000.0,
0.7926829268292683,1.0529996825105121,1.7341463414634144,1.523546404961312,39440.00000020256,4.06316575336924,1944000.0,
0.7926829268292683,1.110759158766363,1.829268292682927,1.607116460929654,39450.000000203145,4.136646938799733,1945000.0,
0.8414634146341463,1.4395438697612062,2.370731707317073,2.0828229333648323,39460.00000020373,4.288150685848727,1946000.0,
0.9024390243902439,1.1951768548326063,1.9682926829268292,1.7292573119603079,39470.00000020431,3.7281662445867467,1947000.0,
0.7682926829268293,1.2707084776287187,2.0926829268292684,1.8385412313035243,39480.00000020489,4.478061828074648,1948000.0,
0.8780487804878049,1.5417337123677115,2.5390243902439025,2.23067764777036,39490.00000020547,4.227527283573647,1949000.0,
0.8902439024390244,1.2973666974391118,2.136585365853658,1.877112026365836,39500.000000206055,3.8956694410021875,1950000.0,
0.8048780487804879,1.3817843935053555,2.2756097560975608,1.99925287739649,39510.00000020664,4.414335155615061,1951000.0,
0.8536585365853658,1.2529363310884574,2.0634146341463415,1.81282736792865,39520.00000020722,4.011722559320153,1952000.0,
0.7317073170731707,1.0885439755910358,1.7926829268292683,1.574974131711061,39530.0000002078,4.456340100027074,1953000.0,
0.7804878048780488,1.1107591587663628,1.8292682926829265,1.6071164609296542,39540.00000020838,4.206907047218806,1954000.0,
0.7804878048780488,1.1907338181975409,1.9609756097560977,1.722828846116589,39550.000000208966,4.30999957961504,1955000.0,
0.7926829268292683,1.18184774492741,1.946341463414634,1.7099719144291519,39560.00000020955,4.2330971551879095,1956000.0,
0.7804878048780488,1.2484932944533917,2.05609756097561,1.8063989020849314,39570.00000021013,4.385253908567921,1957000.0,
0.8048780487804879,1.2795945508988498,2.1073170731707314,1.8513981629909615,39580.00000021071,4.291614442073891,1958000.0,
0.8414634146341463,1.1996198914676717,1.9756097560975607,1.7356857778040267,39590.000000211294,4.010559871065544,1959000.0,
0.8292682926829268,1.3018097340741772,2.14390243902439,1.883540492209555,39600.000000211876,4.193355855842035,1960000.0,
0.8902439024390244,1.3595692103300283,2.239024390243902,1.967110548177897,39610.00000021246,3.971568154112883,1961000.0,
0.7804878048780488,1.0707718290507735,1.7634146341463415,1.5492602683361867,39620.00000021304,4.1606732810209985,1962000.0,
0.7682926829268293,1.208505964737803,1.9902439024390246,1.748542709491464,39630.00000021362,4.406623636693375,1963000.0,
0.8292682926829268,1.532847639097581,2.5243902439024386,2.217820716082923,39640.000000214204,4.474313329546864,1964000.0,
0.8170731707317073,1.1685186350222134,1.9243902439024385,1.6906865168979959,39650.000000214786,4.095795941418044,1965000.0,
0.8048780487804879,1.2884806241689808,2.1219512195121952,1.864255094678399,39660.00000021537,4.307503199773427,1966000.0,
0.8292682926829268,1.2840375875339154,2.114634146341463,1.8578266288346805,39670.00000021595,4.176042385014311,1967000.0,
0.8414634146341463,1.417328686585879,2.3341463414634145,2.050680604146239,39680.00000021653,4.274503656568645,1968000.0,
0.7682926829268293,1.1685186350222139,1.9243902439024387,1.6906865168979963,39690.000000217115,4.358386159920925,1969000.0,
0.8170731707317073,1.1907338181975409,1.9609756097560973,1.7228288461165895,39700.0000002177,4.1259697476924995,1970000.0,
0.8414634146341463,1.3373540271547009,2.2024390243902436,1.9349682189593038,39710.00000021828,4.181200438114303,1971000.0,
0.9146341463414634,1.5061894192871879,2.4804878048780488,2.1792499210206113,39720.00000021886,4.031831098463376,1972000.0,
0.8170731707317073,1.141860415211821,1.8804878048780482,1.6521157218356848,39730.00000021944,4.067945582844409,1973000.0,
0.8536585365853658,1.1685186350222136,1.9243902439024392,1.6906865168979963,39740.000000220025,3.925404686786142,1974000.0,
0.8658536585365854,1.3506831370598973,2.2243902439024392,1.9542536164904598,39750.00000022061,4.081067848480596,1975000.0,
0.7926829268292683,1.2929236608040464,2.129268292682927,1.8706835605221175,39760.00000022119,4.3855313875253055,1976000.0,
0.7439024390243902,0.9774680597143992,1.6097560975609757,1.4142624856180954,39770.00000022177,4.2497078836032145,1977000.0,
0.8170731707317073,1.2351641845481953,2.0341463414634147,1.7871135045537754,39780.00000022235,4.185123330390593,1978000.0,
0.7926829268292683,1.2396072211832607,2.041463414634146,1.7935419703974942,39790.000000222935,4.320116802157653,1979000.0,
0.8170731707317073,0.874260803249924,1.9317073170731704,1.7568551564231858,39800.00000022352,4.110188911628645,1980000.0,
0.8780487804878049,1.0795796282555878,2.3853658536585365,2.169449928007419,39810.0000002241,3.7189629100025403,1981000.0,
0.8536585365853658,1.168992664951603,2.5829268292682923,2.3491282962779723,39820.00000022468,3.930531407560835,1982000.0,
0.8658536585365854,1.0497752826902493,2.319512195121951,2.1095571385839005,39830.000000225264,3.7380475096314054,1983000.0,
0.8414634146341463,1.006724561318094,2.2243902439024392,2.0230453316388197,39840.000000225846,3.7958146961060204,1984000.0,
0.8292682926829268,0.9438042762357133,2.085365853658536,1.896604998411394,39850.00000022643,3.776349274331802,1985000.0,
0.8658536585365854,1.033217312931728,2.2829268292682925,2.0762833666819467,39860.00000022701,3.7206143614596914,1986000.0,
0.9024390243902439,1.0895144101107004,2.4073170731707316,2.189414191148591,39870.00000022759,3.6327024544907585,1987000.0,
0.8292682926829268,1.1093839738209264,2.4512195121951215,2.229342717430937,39880.000000228174,3.977783615537602,1988000.0,
0.8414634146341463,1.0166593431732067,2.2463414634146335,2.043009594779993,39890.000000228756,3.8105197991803803,1989000.0,
0.7682926829268293,0.9239347125254876,2.0414634146341464,1.8566764721290483,39900.00000022934,4.053372165560883,1990000.0,
0.8292682926829268,0.9769202157527557,2.158536585365854,1.963152542215302,39910.00000022992,3.8198126131613814,1991000.0,
0.8780487804878049,1.1557462891447856,2.553658536585366,2.3225092787564083,39920.0000002305,3.8118193849044824,1992000.0,
0.8780487804878049,1.1723042589033073,2.590243902439024,2.355783050658362,39930.000000231084,3.8312326282406084,1993000.0,
0.8536585365853658,1.1524346951930813,2.5463414634146337,2.3158545243760176,39940.00000023167,3.9179920715583947,1994000.0,
0.8170731707317073,0.9603622459942347,2.1219512195121957,1.9298787703133482,39950.00000023225,3.8589478235042463,1995000.0,
0.8292682926829268,1.1292535375311514,2.495121951219512,2.2692712437132814,39960.00000023283,4.0064498541296185,1996000.0,
0.8658536585365854,1.122630349627743,2.4804878048780483,2.2559617349525,39970.00000023341,3.8300773052498154,1997000.0,
0.8292682926829268,0.9438042762357133,2.0853658536585367,1.896604998411394,39980.000000233995,3.7839963331557764,1998000.0,
0.7804878048780488,0.904065148815262,1.9975609756097559,1.8167479458467037,39990.00000023458,3.9702053469705954,1999000.0,
0.8170731707317073,0.8941303669601491,1.975609756097561,1.796783682705531,40000.00000023516,3.7808729864776294,2000000.0,
0.7682926829268293,0.9967897794629813,2.2024390243902436,2.0030810684976474,40010.00000023574,4.155183522527552,2001000.0,
0.8048780487804879,1.0464636887385452,2.312195121951219,2.10290238420351,40020.00000023632,4.028633673936882,2002000.0,
0.8536585365853658,1.0398405008351368,2.2975609756097564,2.089592875442729,40030.000000236905,3.791238872453673,2003000.0,
0.8292682926829268,1.109383973820926,2.451219512195122,2.2293427174309364,40040.00000023749,3.9871953802440316,2004000.0,
0.9024390243902439,1.0928260040624045,2.4146341463414633,2.196068945528982,40050.00000023807,3.6461017883296996,2005000.0,
0.7804878048780488,1.069644846400475,2.363414634146342,2.149485664866246,40060.00000023865,4.186729334501904,2006000.0,
0.8292682926829268,1.1656810709998984,2.575609756097561,2.342473541897581,40070.00000023923,4.0568477621364245,2007000.0,
0.8658536585365854,1.043152094786841,2.3048780487804876,2.09624762982312,40080.000000239816,3.7444827010677257,2008000.0,
0.8292682926829268,1.109383973820926,2.451219512195122,2.2293427174309364,40090.0000002404,3.9901365567147917,2009000.0,
0.8902439024390244,0.904065148815262,1.9975609756097559,1.8167479458467035,40100.00000024098,3.4867553726868996,2010000.0,
0.8414634146341463,1.1921738226135326,2.6341463414634148,2.395711576940708,40110.00000024156,4.031855847211655,2011000.0,
0.8780487804878049,1.082891222207292,2.3926829268292678,2.1761046823878094,40120.000000242144,3.7399566697818725,2012000.0,
0.8780487804878049,1.265028889551026,2.7951219512195116,2.5421161733093065,40130.000000242726,3.94794679092338,2013000.0,
0.7926829268292683,0.98023180970446,2.165853658536585,1.9698072965956932,40140.00000024331,4.014443206139496,2014000.0,
0.7560975609756098,0.8146521121192469,1.7999999999999998,1.6370695775761506,40150.00000024389,3.9903431160819696,2015000.0,
0.8292682926829268,1.0133477492215026,2.239024390243902,2.0363548403996017,40160.00000024447,3.878445815286315,2016000.0,
0.8414634146341463,1.0133477492215026,2.239024390243902,2.0363548403996017,40170.000000245054,3.822816165789445,2017000.0,
0.7682926829268293,0.9206231185737833,2.034146341463414,1.8500217177486578,40180.000000245636,4.0668396147041435,2018000.0,
0.8658536585365854,1.0729564403521792,2.370731707317073,2.156140419246637,40190.00000024622,3.7851018043970686,2019000.0,
0.8902439024390244,0.95705065204253,2.1146341463414635,1.9232240159329568,40200.0000002468,3.5517527872712735,2020000.0,
0.9146341463414634,0.9636738399459388,2.1292682926829265,1.936533524693739,40210.00000024738,3.464814065051798,2021000.0,
0.8658536585365854,0.8875071790567407,1.9609756097560973,1.7834741739447488,40220.000000247965,3.5726111082531395,2022000.0,
0.8170731707317073,0.9471158701874176,2.0926829268292684,1.903259752791785,40230.00000024855,3.8594522590849363,2023000.0,
0.7682926829268293,0.8709492092982195,1.9243902439024387,1.750200402042795,40240.00000024913,4.005994208980616,2024000.0,
0.8658536585365854,1.1822390407584198,2.6121951219512196,2.3757473137995353,40250.00000024971,3.9146957935988396,2025000.0,
0.8780487804878049,1.2054201984203494,2.663414634146341,2.422330594462271,40260.00000025029,3.8872813371360855,2026000.0,
0.8292682926829268,0.9702970278493472,2.1439024390243904,1.9498430334545203,40270.000000250875,3.8330022983379157,2027000.0,
0.8048780487804879,1.0928260040624047,2.414634146341463,2.196068945528982,40280.00000025146,4.101992914188656,2028000.0,
0.8170731707317073,1.0795796282555878,2.3853658536585365,2.169449928007419,40290.00000025204,4.025154171944696,2029000.0,
0.8536585365853658,1.2153549802754622,2.6853658536585363,2.4422948576034442,40300.00000025262,4.012270119798953,2030000.0,
0.9024390243902439,1.2484709197925048,2.758536585365853,2.5088424014073527,40310.0000002532,3.832627235490899,2031000.0,
0.8780487804878049,1.0762680343038837,2.3780487804878048,2.162795173627028,40320.000000253785,3.743524705781416,2032000.0,
0.8536585365853658,0.9338694943806003,2.0634146341463415,1.8766407352702212,40330.00000025437,3.6842442648936427,2033000.0,
0.8292682926829268,0.9769202157527556,2.158536585365854,1.963152542215302,40340.00000025495,3.845106730809913,2034000.0,
0.8658536585365854,1.1524346951930815,2.5463414634146337,2.3158545243760176,40350.00000025553,3.8859076761856777,2035000.0,
0.8292682926829268,0.9404926822840087,2.0780487804878045,1.8899502440310025,40360.000000256114,3.802355881627081,2036000.0,
0.8780487804878049,1.2782752653578433,2.824390243902439,2.5687351908308704,40370.000000256696,3.9763662744819204,2037000.0,
0.7804878048780488,1.0530868766419539,2.3268292682926828,2.1162118929642917,40380.00000025728,4.185514435749963,2038000.0,
0.8902439024390244,1.1160071617243346,2.4658536585365853,2.2426522261917183,40390.00000025786,3.740717633763769,2039000.0,
0.8658536585365854,1.5506197856378423,2.553658536585366,2.243534579457797,40400.00000025844,3.8925492353976687,2040000.0,
0.8292682926829268,1.2262781112780645,2.0195121951219512,1.7742565728663382,40410.000000259024,4.149920663649495,2041000.0,
0.7804878048780488,1.0085693161598575,1.6609756097560975,1.4592617465241262,40420.000000259606,4.1309763113824225,2042000.0,
0.7317073170731707,1.0485566458754465,1.726829268292683,1.5171179391175935,40430.00000026019,4.461690749419262,2043000.0,
0.926829268292683,1.2529363310884574,2.0634146341463415,1.81282736792865,40440.00000026077,3.7434286730608535,2044000.0,
0.7682926829268293,1.1640755983871482,1.9170731707317068,1.6842580510542773,40450.00000026135,4.400857128113013,2045000.0,
0.8536585365853658,1.124088268671559,1.8512195121951214,1.62640185846081,40460.000000261934,3.9145005433491984,2046000.0,
0.8536585365853658,1.1596325617520826,1.909756097560976,1.677829585210559,40470.00000026252,3.9567095723864165,2047000.0,
0.7682926829268293,1.1818477449274103,1.9463414634146343,1.709971914429152,40480.0000002631,4.42589389027664,2048000.0,
0.8170731707317073,1.1063161221312974,1.8219512195121947,1.6006879950859356,40490.00000026368,4.069816746539544,2049000.0,
0.7926829268292683,1.3284679538845698,2.18780487804878,1.9221112872718666,40500.00000026426,4.475910341875694,2050000.0,
0.8048780487804879,1.0752148656858391,1.7707317073170734,1.5556887341799053,40510.000000264845,4.094051802873128,2051000.0,
0.8536585365853658,1.1907338181975409,1.9609756097560977,1.7228288461165895,40520.00000026543,3.995999615651262,2052000.0,
0.7682926829268293,1.1196452320364938,1.84390243902439,1.6199733926170912,40530.00000026601,4.348106492545791,2053000.0,
0.8048780487804879,1.1152021954014282,1.8365853658536584,1.6135449267733732,40540.00000026659,4.145551212519876,2054000.0,
0.8292682926829268,1.190733818197541,1.9609756097560977,1.7228288461165895,40550.00000026717,4.11529372199405,2055000.0,
0.8536585365853658,1.239607221183261,2.0414634146341464,1.7935419703974942,40560.000000267755,4.055537030577525,2056000.0,
0.8414634146341463,1.2040629281027375,1.9829268292682922,1.742114243647745,40570.00000026834,4.072651595765596,2057000.0,
0.7682926829268293,0.9996832428897265,1.6463414634146338,1.4464048148366888,40580.00000026892,4.1951400939739925,2058000.0,
0.8048780487804879,1.1685186350222139,1.9243902439024387,1.6906865168979965,40590.0000002695,4.214823152654967,2059000.0,
0.8536585365853658,1.350683137059897,2.224390243902439,1.9542536164904594,40600.00000027008,4.18794024631886,2060000.0,
0.8902439024390244,1.3951135034105515,2.2975609756097555,2.0185382749276455,40610.000000270666,4.066289140864058,2061000.0,
0.8048780487804879,1.0529996825105121,1.7341463414634144,1.523546404961312,40620.00000027125,4.0731177874132625,2062000.0,
0.8170731707317073,1.288480624168981,2.1219512195121952,1.864255094678399,40630.00000027183,4.30112255500406,2063000.0,
0.8414634146341463,1.212949001372868,1.9975609756097563,1.7549711753351822,40640.00000027241,4.087269827768017,2064000.0,
0.8902439024390244,1.37734135687029,2.268292682926829,1.9928244115527711,40650.000000272994,4.048517688586083,2065000.0,
0.7926829268292683,1.0618857557806427,1.748780487804878,1.5364033366487495,40660.000000273576,4.149452799652851,2066000.0,
0.7317073170731707,0.9952402062546609,1.6390243902439021,1.4399763489929702,40670.00000027416,4.404824948605119,2067000.0,
0.8658536585365854,1.3640122469650935,2.246341463414634,1.9735390140216156,40680.00000027474,4.148856397951619,2068000.0,
0.8658536585365854,1.3284679538845698,2.18780487804878,1.9221112872718666,40690.00000027532,4.1083686228445675,2069000.0,
0.8048780487804879,1.2440502578183266,2.048780487804878,1.7999704362412128,40700.000000275904,4.315332138553557,2070000.0,
0.9024390243902439,1.341797063789766,2.209756097560976,1.9413966848030224,40710.00000027649,3.957664313975609,2071000.0,
0.8048780487804879,1.1285313053066248,1.8585365853658538,1.6328303243045286,40720.00000027707,4.173020712705755,2072000.0,
0.8414634146341463,1.2040629281027373,1.9829268292682922,1.7421142436477455,40730.00000027765,4.081926958084976,2073000.0,
0.7804878048780488,1.204062928102737,1.982926829268293,1.7421142436477455,40740.00000027823,4.401452501685401,2074000.0,
0.7682926829268293,1.2529363310884571,2.0634146341463415,1.8128273679286497,40750.000000278815,4.535564748455508,2075000.0,
0.8292682926829268,1.417328686585879,2.3341463414634145,2.050680604146239,40760.0000002794,4.400893416227764,2076000.0,
0.926829268292683,1.3995565400456171,2.3048780487804876,2.024966740771364,40770.00000027998,3.9189925827261693,2077000.0,
0.8414634146341463,1.3995565400456171,2.3048780487804876,2.024966740771364,40780.00000028056,4.317151250539002,2078000.0,
0.8292682926829268,1.2973666974391116,2.136585365853658,1.877112026365836,40790.00000028114,4.257998076374412,2079000.0,
0.8414634146341463,1.1374173785767556,1.8731707317073167,1.6456872559919662,40800.000000281725,4.006782971692017,2080000.0,
0.8780487804878049,1.4262147598560102,2.348780487804878,2.063537535833676,40810.00000028231,4.169297365439588,2081000.0,
0.8536585365853658,1.3862274301404207,2.2829268292682925,2.0056813432402087,40820.00000028289,4.242149275356776,2082000.0,
0.8048780487804879,1.2351641845481953,2.0341463414634147,1.7871135045537754,40830.00000028347,4.312170653582034,2083000.0,
0.8292682926829268,1.0618857557806427,1.7487804878048778,1.5364033366487495,40840.00000028405,3.9769769408452533,2084000.0,
0.9024390243902439,1.3018097340741772,2.14390243902439,1.8835404922095547,40850.000000284635,3.920921597264181,2085000.0,
0.8048780487804879,1.2840375875339156,2.1146341463414635,1.8578266288346799,40860.00000028522,4.374710336079549,2086000.0,
0.8048780487804879,1.27959455089885,2.1073170731707314,1.851398162990962,40870.0000002858,4.3697962602602605,2087000.0,
0.8170731707317073,1.3106958073443085,2.158536585365854,1.896397423896992,40880.00000028638,4.343236659786673,2088000.0,
0.9512195121951219,1.555062822272908,2.560975609756097,2.249963045301516,40890.000000286964,3.9881404029468546,2089000.0,
0.8048780487804879,1.2929236608040464,2.129268292682927,1.8706835605221175,40900.000000287546,4.388174851354702,2090000.0,
0.7682926829268293,1.0796579023209045,1.7780487804878047,1.5621172000236239,40910.00000028813,4.320186476091984,2091000.0,
0.8536585365853658,1.3462401004248319,2.2170731707317075,1.9478251506467408,40920.00000028871,4.20102126054742,2092000.0,
0.7926829268292683,1.4084426133157482,2.319512195121951,2.0378236724588015,40930.00000028929,4.603262989159643,2093000.0,
0.7682926829268293,1.2351641845481955,2.0341463414634147,1.7871135045537758,40940.000000289874,4.524496240260949,2094000.0,
0.8658536585365854,1.2973666974391118,2.136585365853658,1.877112026365836,40950.000000290456,4.087096749204187,2095000.0,
0.8170731707317073,1.2218350746429991,2.0121951219512195,1.7678281070226196,40960.00000029104,4.239257852600275,2096000.0,
0.7560975609756098,1.1640755983871485,1.9170731707317072,1.6842580510542777,40970.00000029162,4.5053870817942085,2097000.0,
0.8780487804878049,1.2751515142637846,2.1,1.8449696971472431,40980.0000002922,4.006697557960103,2098000.0,
0.8292682926829268,1.3329109905196352,2.1951219512195124,1.9285397531155852,40990.000000292785,4.312625018031023,2099000.0,
0.8902439024390244,0.8908187730084454,1.9682926829268292,1.7901289283251403,41000.00000029337,3.863072631503774,2100000.0,
0.8292682926829268,1.18223904075842,2.612195121951219,2.3757473137995353,41010.00000029395,4.132108843319037,2101000.0,
0.8170731707317073,0.9901665915595728,2.18780487804878,1.9897715597368655,41020.00000029453,3.9593053807670353,2102000.0,
0.7317073170731707,1.0398405008351366,2.2975609756097555,2.089592875442729,41030.00000029511,4.489778684533166,2103000.0,
0.8170731707317073,1.1325651314828558,2.502439024390244,2.2759259980936726,41040.000000295695,4.134778220673212,2104000.0,
0.8048780487804879,1.1391883193862644,2.517073170731707,2.289235506854454,41050.00000029628,4.206261245351319,2105000.0,
0.8170731707317073,1.0828912222072922,2.3926829268292678,2.17610468238781,41060.00000029686,4.075177316783787,2106000.0,
0.7317073170731707,0.8610144274431067,1.9024390243902438,1.7302361389016225,41070.00000029744,4.248049717564213,2107000.0,
0.8292682926829268,1.1855506347101237,2.619512195121951,2.382402068179926,41080.00000029802,4.1402198830845665,2108000.0,
0.8292682926829268,1.1491231012413772,2.5390243902439025,2.3091997699956264,41090.000000298605,4.096880798607583,2109000.0,
0.9024390243902439,1.0696448464004749,2.3634146341463413,2.1494856648662464,41100.00000029919,3.677171316329243,2110000.0,
0.8780487804878049,1.0795796282555878,2.3853658536585365,2.1694499280074186,41110.00000029977,3.791185132228967,2111000.0,
0.8536585365853658,1.1458115072896728,2.5317073170731708,2.302545015615236,41120.00000030035,3.9776620514468983,2112000.0,
0.7073170731707317,0.8444564576845854,1.865853658536585,1.696962366999668,41130.00000030093,4.375262578166691,2113000.0,
0.8658536585365854,1.2087317923720535,2.6707317073170733,2.4289853488426623,41140.000000301516,3.9954339010991933,2114000.0,
0.7804878048780488,0.8543912395396981,1.8878048780487804,1.7169266301408408,41150.0000003021,3.979060650715499,2115000.0,
0.8658536585365854,1.1723042589033068,2.590243902439024,2.3557830506583626,41160.00000030268,3.954489425825495,2116000.0,
0.8780487804878049,1.1458115072896728,2.5317073170731708,2.302545015615236,41170.00000030326,3.8699492166846463,2117000.0,
0.7804878048780488,0.9868549976078687,2.1804878048780485,1.9831168053564745,41180.000000303844,4.150654840740452,2118000.0,
0.8292682926829268,1.2286013560822793,2.714634146341463,2.4689138751250073,41190.000000304426,4.198604576504308,2119000.0,
0.8048780487804879,1.0133477492215026,2.239024390243902,2.0363548403996017,41200.00000030501,4.059004779389569,2120000.0,
0.8780487804878049,1.1424999133379687,2.5243902439024386,2.295890261234845,41210.00000030559,3.86839990135089,2121000.0,
0.8658536585365854,1.1491231012413772,2.5390243902439025,2.3091997699956273,41220.00000030617,3.9310971028921955,2122000.0,
0.8536585365853658,1.15905788309649,2.560975609756097,2.3291640331367995,41230.000000306754,3.999464948820964,2123000.0,
0.8170731707317073,1.0928260040624047,2.4146341463414633,2.196068945528982,41240.00000030734,4.098082572189177,2124000.0,
0.8780487804878049,1.1259419435794473,2.48780487804878,2.262616489332891,41250.00000030792,3.8517644357927034,2125000.0,
0.8536585365853658,1.172304258903307,2.590243902439024,2.355783050658363,41260.0000003085,4.0166964176233355,2126000.0,
0.8536585365853658,0.9934781855112768,2.195121951219512,1.9964263141172567,41270.00000030908,3.807785874506991,2127000.0,
0.7804878048780488,0.9173115246220789,2.0268292682926825,1.8433669633682672,41280.000000309665,4.067802265977772,2128000.0,
0.9390243902439024,1.0795796282555878,2.385365853658536,2.1694499280074186,41290.00000031025,3.5543549288380194,2129000.0,
0.8292682926829268,0.9967897794629814,2.2024390243902436,2.003081068497648,41300.00000031083,3.9255376752872952,2130000.0,
0.8658536585365854,1.1987970105169408,2.6487804878048777,2.4090210857014895,41310.00000031141,3.9935373924783537,2131000.0,
0.9146341463414634,1.056398470593658,2.3341463414634145,2.122866647344683,41320.00000031199,3.6253929945634167,2132000.0,
0.8170731707317073,0.9504274641391217,2.0999999999999996,1.9099145071721755,41330.000000312575,3.929176896462487,2133000.0,
0.8313253012048193,1.0011387401947378,2.212048192771084,2.0118204447321366,41340.00000031316,3.8906422527499154,2134000.0,
0.8313253012048193,1.0076821306535266,2.226506024096386,2.02496959796568,41350.00000031374,3.8990929977945794,2135000.0,
0.8433734939759037,1.1091046827647584,2.4506024096385537,2.228781473085602,41360.00000031432,3.964221266758008,2136000.0,
0.8192771084337349,1.0436707781768668,2.3060240963855416,2.0972899407501684,41370.0000003149,4.001536391062762,2137000.0,
0.8795180722891566,1.0960179018471798,2.4216867469879517,2.2024831666185154,41380.000000315486,3.7875244637932353,2138000.0,
0.8554216867469879,1.0240406068004995,2.262650602409639,2.057842481049539,41390.00000031607,3.810636202366676,2139000.0,
0.8674698795180723,1.1123763779941527,2.4578313253012047,2.235356049702374,41400.00000031665,3.8600977691265217,2140000.0,
0.8313253012048193,0.8866294071659278,1.959036144578313,1.7817102631451271,41410.00000031723,3.7569571130198445,2141000.0,
0.8795180722891566,1.0371273877180776,2.291566265060241,2.0841407875166253,41420.000000317814,3.722758536769863,2142000.0,
0.8554216867469879,1.2759611394638812,2.8192771084337345,2.5640848805409586,41430.000000318396,4.107388374353578,2143000.0,
0.9036144578313253,1.1156480732235472,2.4650602409638553,2.2419306263191454,41440.00000031898,3.711447867748782,2144000.0,
0.8674698795180723,0.9357048356068463,2.067469879518072,1.8803289123967029,41450.00000031956,3.6592125188746496,2145000.0,
0.7951807228915663,1.004410435424132,2.2192771084337344,2.0183950213489084,41460.00000032014,4.078876759754724,2146000.0,
0.8072289156626506,1.0796594257002072,2.3855421686746987,2.1696102835346576,41470.000000320724,4.111813915473558,2147000.0,
0.8433734939759037,1.0174972163417106,2.248192771084337,2.044693327815995,41480.000000321306,3.8624581279996497,2148000.0,
0.8072289156626506,1.1745385873526495,2.595180722891566,2.360273005421036,41490.00000032189,4.230544817222176,2149000.0,
0.7831325301204819,1.0992895970765748,2.428915662650602,2.2090577432352876,41500.00000032247,4.265243639399598,2150000.0,
0.7951807228915663,0.9357048356068459,2.067469879518072,1.8803289123967026,41510.00000032305,3.9955045660452835,2151000.0,
0.8554216867469879,1.0436707781768668,2.306024096385542,2.097289940750169,41520.000000323635,3.840908092849335,2152000.0,
0.8313253012048193,1.0436707781768668,2.3060240963855416,2.0972899407501684,41530.00000032422,3.9528184723522477,2153000.0,
0.8313253012048193,0.9029878833129004,1.995180722891566,1.814583146228986,41540.0000003248,3.7841709321535975,2154000.0,
0.8433734939759037,1.0731160352414177,2.371084337349398,2.1564611303011136,41550.00000032538,3.9324061561238213,2155000.0,
0.8795180722891566,1.2628743585463027,2.790361445783132,2.5377865740738716,41560.00000032596,3.987100983054456,2156000.0,
0.8674698795180723,1.207255539646595,2.6674698795180722,2.426018771588753,41570.000000326545,3.978916802698637,2157000.0,
0.8192771084337349,0.9226180546892679,2.0385542168674697,1.854030605929616,41580.00000032713,3.866133802100677,2158000.0,
0.8433734939759037,1.0862028161589965,2.4,2.1827594367682,41590.00000032771,3.9502090534976553,2159000.0,
0.8192771084337349,1.404641943423102,2.3132530120481927,2.0323246233635723,41600.00000032829,4.019059195534723,2160000.0,
0.8674698795180723,1.4178104616426934,2.3349397590361445,2.0513776667076065,41610.00000032887,4.223862059999824,2161000.0,
0.8313253012048193,1.4441474980818765,2.378313253012048,2.089483753395673,41620.000000329455,4.439768729629592,2162000.0,
0.8072289156626506,1.2685672551539888,2.089156626506024,1.8354431754752265,41630.00000033004,4.355386301215366,2163000.0,
0.8433734939759037,1.202724664056031,1.9807228915662651,1.7401779587550592,41640.00000033062,4.091227816004305,2164000.0,
0.8674698795180723,1.369525894837524,2.255421686746988,1.9815165077794832,41650.0000003312,4.17042290659955,2165000.0,
0.8433734939759037,1.211503676202425,1.9951807228915666,1.7528799876510814,41660.000000331784,4.102780073263667,2166000.0,
0.8313253012048193,1.1588296033240588,1.9084337349397584,1.6766678142749476,41670.000000332366,4.099458798254415,2167000.0,
0.8072289156626506,1.1588296033240588,1.908433734939759,1.6766678142749472,41680.00000033295,4.222427717605329,2168000.0,
0.7590361445783133,0.9832493603961711,1.6192771084337347,1.4226272363545005,41690.00000033353,4.259833284389597,2169000.0,
0.8072289156626506,1.2334512065684113,2.0313253012048187,1.7846350598911371,41700.00000033411,4.316063435057356,2170000.0,
0.8795180722891566,1.4397579920086794,2.371084337349398,2.0831327389476617,41710.000000334694,4.196434429320376,2171000.0,
0.7710843373493976,1.1368820729580729,1.872289156626506,1.6449127420348917,41720.000000335276,4.3943908134248355,2172000.0,
0.8674698795180723,1.1895561458364394,1.9590361445783135,1.7211249154110255,41730.00000033586,3.967402223723558,2173000.0,
0.8313253012048193,1.4221999677158907,2.342168674698795,2.0577286811556172,41740.00000033644,4.4203245988998985,2174000.0,
0.8072289156626506,1.049091951494129,1.7277108433734938,1.517892453074668,41750.00000033702,4.090663163846107,2175000.0,
0.891566265060241,1.4046419434231017,2.3132530120481927,2.032324623363573,41760.000000337604,4.103041639294543,2176000.0,
0.8433734939759037,1.4221999677158905,2.342168674698795,2.057728681155617,41770.00000033819,4.358891390344285,2177000.0,
0.8433734939759037,1.1632191093972561,1.9156626506024097,1.6830188287229582,41780.00000033877,4.052385515480794,2178000.0,
0.7831325301204819,1.11054503651889,1.8289156626506022,1.6068066553468245,41790.00000033935,4.297462123611593,2179000.0,
0.891566265060241,1.2861252794467777,2.118072289156627,1.8608472332672712,41800.00000033993,3.9722729486185213,2180000.0,
0.7349397590361446,1.119324048665284,1.8433734939759032,1.619508684242847,41810.000000340515,4.592519607260802,2181000.0,
0.8554216867469879,1.2378407126416084,2.0385542168674697,1.7909860743391481,41820.0000003411,4.084796889478115,2182000.0,
0.8072289156626506,1.1237135547384813,1.8506024096385545,1.6258596986908582,41830.00000034168,4.187880970850582,2183000.0,
0.8313253012048193,1.1676086154704535,1.9228915662650599,1.6893698431709696,41840.00000034226,4.119874131706449,2184000.0,
0.8433734939759037,1.136882072958073,1.8722891566265059,1.6449127420348917,41850.00000034284,4.025157315131711,2185000.0,
0.8072289156626506,1.0885975061529038,1.7927710843373494,1.5750515831067686,41860.000000343425,4.14617004499094,2186000.0,
0.8554216867469879,1.347578364471538,2.219277108433735,1.9497614355394273,41870.00000034401,4.215898651476648,2187000.0,
0.8554216867469879,1.176387627616848,1.9373493975903613,1.702071872066992,41880.00000034459,4.016337649238099,2188000.0,
0.7951807228915663,1.2378407126416082,2.0385542168674697,1.7909860743391486,41890.00000034517,4.398493623529734,2189000.0,
0.7710843373493976,1.1500505911776646,1.8939759036144577,1.6639657853789251,41900.00000034575,4.422718735491523,2190000.0,
0.7831325301204819,1.0798184940065096,1.7783132530120478,1.5623495542107462,41910.000000346336,4.2656113077885225,2191000.0,
0.7590361445783133,1.189556145836439,1.9590361445783135,1.7211249154110253,41920.00000034692,4.546237462033974,2192000.0,
0.7951807228915663,1.3080728098127634,2.15421686746988,1.892602305507327,41930.0000003475,4.4892400487602675,2193000.0,
0.8674698795180723,1.2817357733735801,2.1108433734939758,1.8544962188192597,41940.00000034808,4.085331516579553,2194000.0,
0.8554216867469879,1.3387993523251438,2.2048192771084336,1.937059406643405,41950.000000348664,4.210142904883238,2195000.0,
0.8192771084337349,1.1676086154704535,1.9228915662650599,1.6893698431709696,41960.000000349246,4.187519339526072,2196000.0,
0.7710843373493976,1.0885975061529038,1.7927710843373492,1.5750515831067686,41970.00000034983,4.3473967658502914,2197000.0,
0.8072289156626506,1.2861252794467775,2.1180722891566264,1.8608472332672712,41980.00000035041,4.398032808922574,2198000.0,
0.8072289156626506,1.1412715790312702,1.8795180722891567,1.6512637564829022,41990.00000035099,4.21918419497504,2199000.0,
0.8192771084337349,1.2992937976663692,2.139759036144578,1.8799002766113044,42000.000000351574,4.350605664853577,2200000.0,
0.8192771084337349,1.1500505911776644,1.8939759036144577,1.663965785378925,42010.000000352156,4.1690293981100455,2201000.0,
0.8795180722891566,1.4046419434231017,2.3132530120481927,2.032324623363573,42020.00000035274,4.173494264491188,2202000.0,
0.8313253012048193,1.0666499757869181,1.7566265060240964,1.5432965108667127,42030.00000035332,4.009445623102257,2203000.0,
0.891566265060241,1.3563573766179324,2.233734939759036,1.96246346443545,42040.0000003539,4.064019760311247,2204000.0,
0.8192771084337349,1.2949042915931719,2.1325301204819276,1.8735492621632932,42050.000000354485,4.34818906185264,2205000.0,
0.8674698795180723,1.1983351579828336,1.9734939759036145,1.733826944307048,42060.00000035507,3.995855807171163,2206000.0,
0.8674698795180723,1.5231586073994263,2.508433734939759,2.2038020134598737,42070.00000035565,4.370860616915323,2207000.0,
0.8674698795180723,1.185166639763242,1.9518072289156627,1.7147739009630143,42080.00000035623,3.9817865431125323,2208000.0,
0.7831325301204819,1.071039481860115,1.7638554216867468,1.549647525314724,42090.00000035681,4.26547810766377,2209000.0,
0.8674698795180723,1.2158931822756225,2.0024096385542167,1.7592310020990922,42100.000000357395,4.018318529619925,2210000.0,
0.8192771084337349,1.2597882430075946,2.0746987951807223,1.8227411465792038,42110.00000035798,4.308856237843979,2211000.0,
0.8795180722891566,1.4265894737890876,2.3493975903614452,2.0640796956036285,42120.00000035856,4.203927757921327,2212000.0,
0.8433734939759037,1.11054503651889,1.8289156626506022,1.6068066553468243,42130.00000035914,4.009929114783324,2213000.0,
0.8554216867469879,1.369525894837524,2.255421686746988,1.9815165077794832,42140.00000035972,4.25676689120115,2214000.0,
0.8072289156626506,1.2905147855199746,2.125301204819277,1.8671982477152824,42150.000000360305,4.413619808983991,2215000.0,
0.8795180722891566,1.3036833037395663,2.1469879518072283,1.8862512910593157,42160.00000036089,4.066376907043231,2216000.0,
0.8313253012048193,1.2905147855199748,2.125301204819277,1.8671982477152822,42170.00000036147,4.286848220317856,2217000.0,
0.7951807228915663,1.049091951494129,1.727710843373494,1.5178924530746682,42180.00000036205,4.178703514814988,2218000.0,
0.8313253012048193,1.1368820729580729,1.872289156626506,1.6449127420348912,42190.000000362634,4.103203073323172,2219000.0,
0.8433734939759037,0.8702709310189549,1.92289156626506,1.748837380061269,42200.000000363216,4.081590215540412,2220000.0,
0.8192771084337349,1.0862028161589963,2.4,2.1827594367682,42210.0000003638,4.102862260955591,2221000.0,
0.9036144578313253,1.138549939829309,2.5156626506024096,2.2879526626365476,42220.00000036438,3.778392600128247,2222000.0,
0.8072289156626506,1.190897063499622,2.6313253012048192,2.3931458885048946,42230.00000036496,4.294988899615773,2223000.0,
0.9036144578313253,1.2661460537756977,2.797590361445783,2.5443611506906434,42240.000000365544,3.920665632895645,2224000.0,
0.8674698795180723,1.0600292543238399,2.342168674698795,2.130162823834027,42250.000000366126,3.846975390453771,2225000.0,
0.927710843373494,1.0992895970765746,2.428915662650602,2.2090577432352876,42260.00000036671,3.64001086443053,2226000.0,
0.7710843373493976,0.9324331403774515,2.0602409638554215,1.8737543357799311,42270.00000036729,4.163621103986342,2227000.0,
0.8674698795180723,1.1483650255174933,2.5373493975903614,2.307676392486863,42280.00000036787,3.950473571135441,2228000.0,
0.8554216867469879,1.1156480732235472,2.4650602409638553,2.2419306263191463,42290.000000368454,3.968430846216289,2229000.0,
0.9036144578313253,1.0960179018471798,2.4216867469879513,2.2024831666185154,42300.00000036904,3.7355904780949385,2230000.0,
0.8433734939759037,1.1418216350587038,2.52289156626506,2.2945272392533194,42310.00000036962,4.057299938766846,2231000.0,
0.8554216867469879,1.2072555396465954,2.6674698795180722,2.4260187715887533,42320.0000003702,4.077211405556008,2232000.0,
0.7831325301204819,1.073116035241418,2.3710843373493975,2.156461130301114,42330.00000037078,4.28289893736691,2233000.0,
0.8433734939759037,0.889901102395322,1.9662650602409635,1.7882848397618993,42340.000000371365,3.7603084500375075,2234000.0,
0.8433734939759037,1.118919768452942,2.4722891566265055,2.2485052029359176,42350.00000037195,4.032430582648718,2235000.0,
0.8674698795180723,1.0633009495532344,2.3493975903614457,2.136737400450799,42360.00000037253,3.8568580391213456,2236000.0,
0.8795180722891566,1.0862028161589963,2.4000000000000004,2.1827594367682006,42370.00000037311,3.830611421164622,2237000.0,
0.8072289156626506,0.9782368735889756,2.1614457831325296,1.965798408414735,42380.00000037369,4.040499410622508,2238000.0,
0.8433734939759037,1.050214168635656,2.3204819277108433,2.110439093983712,42390.000000374275,3.953251085722641,2239000.0,
0.8072289156626506,1.0011387401947374,2.2120481927710847,2.0118204447321366,42400.00000037486,4.070064409552104,2240000.0,
0.8072289156626506,0.9618783974420024,2.125301204819277,1.9329255253308766,42410.00000037544,4.022025477485318,2241000.0,
0.8433734939759037,1.0469424734062613,2.3132530120481927,2.10386451736694,42420.00000037602,3.9510860756650295,2242000.0,
0.8192771084337349,1.0894745113883908,2.4072289156626505,2.1893340133849724,42430.0000003766,4.119796830133399,2243000.0,
0.8674698795180723,1.2432441871699351,2.7469879518072284,2.498339114373241,42440.000000377186,4.068737049151967,2244000.0,
0.8795180722891566,1.0763877304708125,2.378313253012048,2.1630357069178854,42450.00000037777,3.8238353648344763,2245000.0,
0.891566265060241,1.118919768452942,2.4722891566265055,2.2485052029359176,42460.00000037835,3.820407307911296,2246000.0,
0.7951807228915663,0.9095312737716893,2.0096385542168678,1.8277322994625294,42470.00000037893,4.020771147377185,2247000.0,
0.8554216867469879,1.1123763779941525,2.4578313253012043,2.235356049702374,42480.000000379514,3.9753104137656483,2248000.0,
0.8795180722891566,1.1221914636823365,2.4795180722891565,2.255079779552689,42490.000000380096,3.8781053628696247,2249000.0,
0.7590361445783133,1.0109538258829212,2.233734939759036,2.0315441745824514,42500.00000038068,4.347761389716405,2250000.0,
0.8192771084337349,0.9913236545065537,2.1903614457831324,1.9920967148818216,42510.00000038126,4.004700931292607,2251000.0,
0.8072289156626506,1.1254631589117312,2.486746987951807,2.2616543561694606,42520.00000038184,4.231242420798945,2252000.0,
0.9036144578313253,1.1221914636823367,2.4795180722891565,2.2550797795526893,42530.000000382424,3.7768225531932256,2253000.0,
0.9036144578313253,1.148365025517493,2.5373493975903614,2.307676392486863,42540.00000038301,3.8063212949574963,2254000.0,
0.8192771084337349,1.1810819778114388,2.609638554216867,2.3734221586545794,42550.00000038359,4.238670649444295,2255000.0,
0.8313253012048193,0.9618783974420025,2.125301204819277,1.9329255253308766,42560.00000038417,3.914140681036974,2256000.0,
0.8674698795180723,1.1221914636823365,2.4795180722891565,2.2550797795526893,42570.00000038475,3.9364123817986276,2257000.0,
0.8192771084337349,1.0927462066177855,2.414457831325301,2.195908590001744,42580.000000385335,4.132613752252145,2258000.0,
0.8674698795180723,1.1516367207468876,2.544578313253012,2.314250969103634,42590.00000038592,3.971467330914773,2259000.0,
0.8674698795180723,1.0534858638650508,2.327710843373494,2.1170136706004836,42600.0000003865,3.858876759787132,2260000.0,
0.8313253012048193,0.9487916165244245,2.0963855421686746,1.9066272188637894,42610.00000038708,3.9012971619623746,2261000.0,
0.8433734939759037,0.9422482260656352,2.0819277108433734,1.8934780656302461,42620.00000038766,3.8383771823903814,2262000.0,
0.8433734939759037,1.1058329875353639,2.4433734939759035,2.2222068964688306,42630.000000388245,4.032913399561664,2263000.0,
0.891566265060241,0.9455199212950298,2.089156626506024,1.9000526422470179,42640.00000038883,3.6356480198833925,2264000.0,
0.8554216867469879,1.0894745113883906,2.4072289156626505,2.1893340133849724,42650.00000038941,3.9581152739313006,2265000.0,
0.8433734939759037,0.9880519592771593,2.183132530120482,1.9855221382650496,42660.00000038999,3.8949730374841782,2266000.0,
0.8554216867469879,1.0633009495532342,2.3493975903614457,2.136737400450799,42670.00000039057,3.9286447720677327,2267000.0,
0.8313253012048193,1.0698443400120237,2.3638554216867464,2.1498865536843423,42680.000000391155,4.050969278621607,2268000.0,
0.8554216867469879,1.2432441871699356,2.746987951807229,2.4983391143732416,42690.00000039174,4.1401277118169,2269000.0,
0.891566265060241,1.1189197684529417,2.4722891566265055,2.2485052029359176,42700.00000039232,3.8333802808850237,2270000.0,
0.8554216867469879,1.0371273877180776,2.2915662650602413,2.0841407875166253,42710.0000003929,3.9003010307676105,2271000.0,
0.8554216867469879,1.0600292543238397,2.342168674698795,2.130162823834027,42720.000000393484,3.927637015672971,2272000.0,
0.891566265060241,1.2497875776287246,2.7614457831325296,2.511488267606785,42730.000000394066,3.9817860668525498,2273000.0,
0.9156626506024096,1.2334291014817518,2.7253012048192766,2.4786153845229264,42740.00000039465,3.8596633608801616,2274000.0,
0.8313253012048193,0.9651500926713974,2.1325301204819276,1.939500101947648,42750.00000039523,3.92909069124109,2275000.0,
0.8192771084337349,1.2530592728581191,2.7686746987951807,2.5180628442235573,42760.00000039581,4.338878230163757,2276000.0,
0.8072289156626506,0.9422482260656352,2.081927710843374,1.8934780656302463,42770.000000396394,4.019200041303905,2277000.0,
0.8192771084337349,0.8473690644131927,1.872289156626506,1.7028153437438673,42780.000000396976,3.844874005150165,2278000.0,
0.7831325301204819,0.98150856881837,2.1686746987951806,1.9723729850315066,42790.00000039756,4.1942309417822035,2279000.0,
0.891566265060241,1.5407166316922147,2.537349397590361,2.229206071251918,42800.00000039814,3.871812123268551,2280000.0,
0.7951807228915663,1.1017660243724954,1.814457831325301,1.5941046264508019,42810.00000039872,4.283126970103641,2281000.0,
0.7951807228915663,1.3607468826911298,2.240963855421686,1.9688144788834607,42820.000000399305,4.609421079807413,2282000.0,
0.8554216867469879,1.2597882430075944,2.0746987951807228,1.822741146579204,42830.00000039989,4.167355270050115,2283000.0,
0.8072289156626506,1.2378407126416084,2.03855421686747,1.790986074339148,42840.00000040047,4.389560882883338,2284000.0,
0.8192771084337349,1.2158931822756223,2.0024096385542167,1.7592310020990922,42850.00000040105,4.298807854894252,2285000.0,
0.7951807228915663,1.114934542592087,1.836144578313253,1.6131576697948358,42860.00000040163,4.3027176824102735,2286000.0,
0.8192771084337349,1.4704845345210595,2.4216867469879517,2.12758984008374,42870.000000402215,4.610735534840957,2287000.0,
0.7228915662650602,1.022754915054946,1.6843373493975904,1.479786366386601,42880.0000004028,4.606807632558333,2288000.0,
0.8313253012048193,1.3344098462519465,2.197590361445783,1.9307083921953936,42890.00000040338,4.381388655693527,2289000.0,
0.8674698795180723,1.2334512065684113,2.0313253012048187,1.7846350598911371,42900.00000040396,4.083003474293365,2290000.0,
0.7590361445783133,1.2158931822756223,2.0024096385542167,1.759231002099092,42910.00000040454,4.643792605282907,2291000.0,
0.7108433734939759,1.1281030608116789,1.8578313253012047,1.632210713138869,42920.000000405125,4.83580261103929,2292000.0,
0.891566265060241,1.3826944130571157,2.277108433734939,2.0005695511235166,42930.00000040571,4.14166805794178,2293000.0,
0.8554216867469879,1.1676086154704532,1.9228915662650599,1.6893698431709696,42940.00000040629,4.065793170253536,2294000.0,
0.7951807228915663,1.1588296033240588,1.908433734939759,1.6766678142749472,42950.00000040687,4.363373592118979,2295000.0,
0.8674698795180723,1.2641777490807915,2.081927710843374,1.8290921610272153,42960.00000040745,4.121757683023109,2296000.0,
0.8313253012048193,1.5582746559850034,2.566265060240964,2.2546101290439635,42970.000000408036,4.6553129920393586,2297000.0,
0.8192771084337349,1.163219109397256,1.9156626506024097,1.6830188287229584,42980.00000040862,4.242161560057868,2298000.0,
0.9036144578313253,1.062260469713721,1.7493975903614456,1.5369454964187015,42990.0000004092,3.7350322532027196,2299000.0,
0.8674698795180723,1.2685672551539888,2.089156626506024,1.8354431754752263,43000.00000040978,4.129040030302062,2300000.0,
0.7590361445783133,1.1061555304456925,1.8216867469879516,1.6004556408988133,43010.000000410364,4.5055668100152735,2301000.0,
0.7951807228915663,1.1324925668848758,1.8650602409638555,1.6385617275868805,43020.000000410946,4.334495197809345,2302000.0,
0.8674698795180723,1.3080728098127636,2.1542168674698794,1.892602305507327,43030.00000041153,4.176247822478247,2303000.0,
0.7590361445783133,1.0798184940065094,1.7783132530120482,1.5623495542107462,43040.00000041211,4.4727735715320165,2304000.0,
0.8313253012048193,1.272956761227186,2.0963855421686746,1.8417941899232377,43050.00000041269,4.316742191099065,2305000.0,
0.8072289156626506,1.3826944130571157,2.277108433734939,2.000569551123516,43060.000000413274,4.582140840115254,2306000.0,
0.7710843373493976,1.2641777490807917,2.0819277108433734,1.829092161027215,43070.00000041386,4.6438523934013975,2307000.0,
0.8313253012048193,1.3607468826911298,2.240963855421686,1.9688144788834607,43080.00000041444,4.424083931410867,2308000.0,
0.8192771084337349,1.2949042915931717,2.1325301204819276,1.8735492621632932,43090.00000041502,4.409365532444435,2309000.0,
0.8554216867469879,1.3739154009107215,2.262650602409639,1.9878675222274942,43100.0000004156,4.315982792670149,2310000.0,
0.8795180722891566,1.3826944130571157,2.277108433734939,2.0005695511235166,43110.000000416185,4.2082662505169,2311000.0,
0.8795180722891566,1.3168518219591576,2.1686746987951806,1.9053043344033491,43120.00000041677,4.133952071597336,2312000.0,
0.8192771084337349,1.2992937976663692,2.139759036144578,1.8799002766113044,43130.00000041735,4.417076253092739,2313000.0,
0.8674698795180723,1.2246721944220167,2.016867469879518,1.7719330309951147,43140.00000041793,4.086216557514269,2314000.0,
0.7710843373493976,1.0578709636405237,1.7421686746987952,1.5305944819706903,43150.00000041851,4.381298281033841,2315000.0,
0.8554216867469879,1.294904291593172,2.1325301204819276,1.8735492621632932,43160.000000419095,4.226997974735746,2316000.0,
0.7831325301204819,1.2158931822756223,2.0024096385542167,1.7592310020990927,43170.00000041968,4.516906678967441,2317000.0,
0.8433734939759037,1.369525894837524,2.255421686746988,1.9815165077794827,43180.00000042026,4.377006418221769,2318000.0,
0.8674698795180723,1.294904291593172,2.1325301204819276,1.8735492621632932,43190.00000042084,4.1699563361978464,2319000.0,
0.891566265060241,1.3607468826911298,2.2409638554216866,1.968814478883461,43200.00000042142,4.131645827937538,2320000.0,
0.7710843373493976,1.049091951494129,1.727710843373494,1.5178924530746682,43210.000000422006,4.373662999656704,2321000.0,
0.8674698795180723,1.2466197247880029,2.053012048192771,1.803688103235171,43220.00000042259,4.115961627241984,2322000.0,
0.8313253012048193,1.387083919130313,2.2843373493975903,2.006920565571528,43230.00000042317,4.464460366548362,2323000.0,
0.8433734939759037,1.2027246640560307,1.9807228915662651,1.7401779587550588,43240.00000042375,4.182656387438199,2324000.0,
0.8192771084337349,1.2158931822756225,2.0024096385542167,1.7592310020990927,43250.000000424334,4.322337266660329,2325000.0,
0.7951807228915663,1.1017660243724954,1.8144578313253008,1.594104626450802,43260.000000424916,4.310399697377956,2326000.0,
0.8433734939759037,1.2949042915931719,2.1325301204819276,1.8735492621632932,43270.0000004255,4.293669374375194,2327000.0,
0.7590361445783133,1.3256308341055523,2.183132530120482,1.9180063632993716,43280.00000042608,4.811859670393547,2328000.0,
0.8554216867469879,1.3300203401787491,2.1903614457831324,1.9243573777473828,43290.00000042666,4.275373073786917,2329000.0,
0.9036144578313253,1.2685672551539886,2.089156626506024,1.8354431754752263,43300.000000427244,3.979878429090911,2330000.0,
0.8313253012048193,1.1851666397632419,1.9518072289156627,1.714773900963014,43310.000000427826,4.22621204499114,2331000.0,
0.9036144578313253,1.2071141701292278,1.9879518072289157,1.7465289732030702,43320.00000042841,3.9129370149969045,2332000.0,
0.8072289156626506,1.1632191093972561,1.9156626506024093,1.6830188287229584,43330.00000042899,4.326372926627113,2333000.0,
0.8192771084337349,1.3783049069839186,2.269879518072289,1.9942185366755054,43340.00000042957,4.525869224760468,2334000.0,
0.8192771084337349,1.106155530445693,1.8216867469879516,1.6004556408988133,43350.000000430155,4.194275132809433,2335000.0,
0.9036144578313253,1.4090314494962985,2.320481927710843,2.0386756378115836,43360.00000043074,4.13852547082992,2336000.0,
0.7951807228915663,1.044702445420932,1.7204819277108432,1.5115414386266572,43370.00000043132,4.245304590515014,2337000.0,
0.8433734939759037,1.4617055223746651,2.4072289156626505,2.1148878111877174,43380.0000004319,4.497733690873615,2338000.0,
0.8192771084337349,1.2158931822756225,2.0024096385542167,1.7592310020990922,43390.00000043248,4.330572560778455,2339000.0,
0.8795180722891566,0.9880519592771596,2.1831325301204823,1.9855221382650503,43400.000000433065,4.159276153901663,2340000.0,
0.8554216867469879,0.9945953497359482,2.197590361445783,1.9986712914985933,43410.00000043365,3.8900170990443184,2341000.0,
0.7831325301204819,1.171266892123255,2.5879518072289156,2.353698428804264,43420.00000043423,4.475306954619929,2342000.0,
0.9036144578313253,1.112376377994153,2.4578313253012043,2.235356049702374,43430.00000043481,3.8139605250344295,2343000.0,
0.8072289156626506,1.1058329875353639,2.4433734939759035,2.22220689646883,43440.00000043539,4.261849820440374,2344000.0,
0.8433734939759037,1.0436707781768668,2.306024096385542,2.097289940750169,43450.000000435975,4.006063922753603,2345000.0,
0.8192771084337349,0.9160746642304787,2.0240963855421685,1.8408814526960726,43460.00000043656,3.968735251988298,2346000.0,
0.8433734939759037,1.1352782445999146,2.508433734939759,2.2813780860197763,43470.00000043714,4.115827061512425,2347000.0,
0.7831325301204819,0.997867044965343,2.2048192771084336,2.005245868115365,43480.00000043772,4.257580995941579,2348000.0,
0.8433734939759037,1.0567575590944451,2.334939759036145,2.123588247217255,43490.000000438304,4.023866820127435,2349000.0,
0.7831325301204819,1.0894745113883908,2.40722891566265,2.1893340133849724,43500.000000438886,4.375787453066466,2350000.0,
0.8192771084337349,1.292319615610854,2.8554216867469875,2.596957763624817,43510.00000043947,4.4309165897027505,2351000.0,
0.8072289156626506,1.0338556924886833,2.2843373493975903,2.0775662108998536,43520.00000044005,4.177460037024614,2352000.0,
0.8795180722891566,0.961878397442003,2.125301204819277,1.9329255253308766,43530.00000044063,3.7528179039969465,2353000.0,
0.8313253012048193,1.0763877304708123,2.378313253012048,2.1630357069178854,43540.000000441214,4.108695385987979,2354000.0,
0.7469879518072289,0.8833577119365331,1.9518072289156627,1.7751356865283558,43550.000000441796,4.314814356368189,2355000.0,
0.8795180722891566,1.0763877304708125,2.378313253012048,2.1630357069178854,43560.00000044238,3.884657282646236,2356000.0,
0.7951807228915663,1.2268857110229625,2.7108433734939754,2.465466231289383,43570.00000044296,4.486535060894031,2357000.0,
0.8433734939759037,1.1974404539584116,2.6457831325301204,2.406295041738438,43580.00000044354,4.195819395466438,2358000.0,
0.8674698795180723,1.217070625334779,2.689156626506024,2.4457425014390686,43590.000000444124,4.102453637595715,2359000.0,
0.7951807228915663,0.9684217879007918,2.139759036144578,1.94607467856442,43600.00000044471,4.163315278785952,2360000.0,
0.8313253012048193,1.0894745113883912,2.407228915662651,2.1893340133849724,43610.00000044529,4.1284954268021155,2361000.0,
0.8554216867469879,0.9455199212950296,2.089156626506024,1.9000526422470179,43620.00000044587,3.8444782179098484,2362000.0,
0.7831325301204819,0.9716934831301864,2.146987951807229,1.9526492551811911,43630.00000044645,4.233390140060301,2363000.0,
0.7831325301204819,0.9651500926713974,2.1325301204819276,1.9395001019476485,43640.000000447035,4.225650118397575,2364000.0,
0.7951807228915663,0.958606702212608,2.1180722891566264,1.9263509487141048,43650.00000044762,4.154002367996443,2365000.0,
0.8674698795180723,1.1418216350587038,2.52289156626506,2.2945272392533194,43660.0000004482,4.019597162694355,2366000.0,
0.7469879518072289,0.9226180546892677,2.0385542168674697,1.854030605929616,43670.00000044878,4.375114492634397,2367000.0,
0.8433734939759037,0.8440973691837983,1.8650602409638553,1.696240767127096,43680.00000044936,3.782569737805443,2368000.0,
0.8554216867469879,1.073116035241418,2.3710843373493975,2.1564611303011136,43690.000000449945,3.997583534213603,2369000.0,
0.8674698795180723,0.9258897499186622,2.0457831325301203,1.860605182546388,43700.00000045053,3.7728979062136023,2370000.0,
0.8433734939759037,1.0534858638650508,2.327710843373494,2.1170136706004836,43710.00000045111,4.0325589529276,2371000.0,
0.7951807228915663,0.9945953497359483,2.197590361445783,1.9986712914985933,43720.00000045169,4.203503242912406,2372000.0,
0.7831325301204819,0.9324331403774515,2.0602409638554215,1.8737543357799313,43730.00000045227,4.189411548545628,2373000.0,
0.8795180722891566,1.2268857110229627,2.7108433734939754,2.465466231289383,43740.000000452856,4.065634438617064,2374000.0,
0.8433734939759037,1.0371273877180778,2.2915662650602404,2.0841407875166253,43750.00000045344,4.0154481883534645,2375000.0,
0.8313253012048193,1.1581801112056767,2.559036144578313,2.327400122337178,43760.00000045402,4.219836945423414,2376000.0,
0.8433734939759037,1.004410435424132,2.2192771084337344,2.0183950213489084,43770.0000004546,3.977798087776424,2377000.0,
0.8433734939759037,1.1221914636823365,2.4795180722891565,2.255079779552689,43780.000000455184,4.118024164139756,2378000.0,
0.8313253012048193,1.0305839972592883,2.2771084337349397,2.070991634283082,43790.000000455766,4.068090895314091,2379000.0,
0.8674698795180723,0.9913236545065537,2.1903614457831324,1.9920967148818218,43800.00000045635,3.853884212891634,2380000.0,
0.8072289156626506,0.9553350069832135,2.110843373493976,1.9197763720973329,43810.00000045693,4.097501575877056,2381000.0,
0.8554216867469879,1.194168758729017,2.63855421686747,2.3997204651216664,43820.00000045751,4.1464198166009405,2382000.0,
0.7951807228915663,1.217070625334779,2.6891566265060245,2.445742501439068,43830.000000458094,4.489949422832536,2383000.0,
0.8674698795180723,1.0338556924886833,2.2843373493975903,2.077566210899854,43840.00000045868,3.905136423343385,2384000.0,
0.8674698795180723,1.0992895970765746,2.4289156626506023,2.2090577432352876,43850.00000045926,3.981122730021125,2385000.0,
0.8554216867469879,0.9880519592771594,2.1831325301204823,1.9855221382650499,43860.00000045984,3.9077198961150974,2386000.0,
0.8674698795180723,0.997867044965343,2.204819277108433,2.0052458681153644,43870.00000046042,3.8653161768929647,2387000.0,
0.891566265060241,1.0763877304708127,2.378313253012048,2.1630357069178854,43880.000000461005,3.8494592112601325,2388000.0,
0.8674698795180723,1.187625368270228,2.6240963855421686,2.386571311888123,43890.00000046159,4.085176466258383,2389000.0,
0.7590361445783133,0.8702709310189551,1.9228915662650599,1.748837380061269,43900.00000046217,4.25130614728175,2390000.0,
0.8795180722891566,1.138549939829309,2.515662650602409,2.287952662636547,43910.00000046275,3.9745129453426298,2391000.0,
0.8554216867469879,1.187625368270228,2.6240963855421686,2.3865713118881233,43920.00000046333,4.144404303811416,2392000.0,
0.9036144578313253,1.2367007967111465,2.7325301204819277,2.485189961139698,43930.000000463915,3.978212881749455,2393000.0,
0.7228915662650602,1.0142255211123157,2.2409638554216866,2.0381187511992236,43940.0000004645,4.665675304275142,2394000.0,
0.891566265060241,1.2137989301053842,2.681927710843373,2.439167924822297,43950.00000046508,4.007366367607236,2395000.0,
0.7831325301204819,1.004410435424132,2.219277108433735,2.0183950213489084,43960.00000046566,4.295474863759906,2396000.0,
0.8554216867469879,1.2105272348759897,2.674698795180723,2.4325933482055246,43970.00000046624,4.173993809843668,2397000.0,
0.7831325301204819,0.9684217879007917,2.1397590361445777,1.94607467856442,43980.000000466825,4.250750898460944,2398000.0,
0.891566265060241,1.1352782445999148,2.5084337349397585,2.2813780860197754,43990.00000046741,3.921458031162039,2399000.0,
0.8192771084337349,1.2729567612271862,2.0963855421686746,1.8417941899232373,44000.00000046799,4.040433884937169,2400000.0,
0.8333333333333334,1.3879200155252076,2.2857142857142856,2.0081302826092444,44010.00000046857,4.466072590118857,2401000.0,
0.8333333333333334,1.2664770141667518,2.0857142857142854,1.8324188828809356,44020.000000469154,4.320912417060172,2402000.0,
0.7976190476190477,1.3315357648944963,2.192857142857142,1.9265499898782439,44030.000000469736,4.596549317243954,2403000.0,
0.8095238095238095,1.1884065132934591,1.9571428571428566,1.7194615544841652,44040.00000047032,4.352734516483237,2404000.0,
0.7976190476190477,1.205755513487524,1.9857142857142855,1.744563183016781,44050.0000004709,4.44004870353976,2405000.0,
0.8333333333333334,1.088649762177585,1.7928571428571431,1.575127190421626,44060.00000047148,4.109805428959019,2406000.0,
0.9166666666666666,1.2447907639241704,2.05,1.8010418472151657,44070.000000472064,3.907041872387622,2407000.0,
0.8214285714285714,1.262139764118236,2.0785714285714283,1.8261434757477812,44080.000000472646,4.381732466523924,2408000.0,
0.7142857142857143,1.0019047612072594,1.6499999999999997,1.4496190477585482,44090.00000047323,4.67532999909385,2409000.0,
0.8809523809523809,1.4529787662529516,2.392857142857143,2.1022613896065523,44100.00000047381,4.303378599587452,2410000.0,
0.8214285714285714,1.1537085129053288,1.9000000000000004,1.6692582974189343,44110.00000047439,4.251468334612659,2411000.0,
0.8809523809523809,1.201418263439008,1.9785714285714289,1.7382877758836268,44120.000000474975,4.0189045153122285,2412000.0,
0.8690476190476191,1.4790022665440492,2.4357142857142855,2.139913832405476,44130.00000047556,4.393917676629187,2413000.0,
0.8571428571428571,1.32719851484598,2.1857142857142855,1.9202745827450902,44140.00000047614,4.278395489601321,2414000.0,
0.8333333333333334,1.266477014166752,2.0857142857142854,1.8324188828809351,44150.00000047672,4.328340988489177,2415000.0,
0.75,1.0582890118379706,1.7428571428571422,1.5311993404895485,44160.0000004773,4.532318682517889,2416000.0,
0.8095238095238095,1.1710575130993939,1.9285714285714286,1.6943599259515492,44170.000000477885,4.338950457420426,2417000.0,
0.8571428571428571,1.4052690157192727,2.314285714285714,2.03323191114186,44180.00000047847,4.3716999628425155,2418000.0,
0.8333333333333334,1.2794887643123007,2.107142857142857,1.8512451042803972,44190.00000047905,4.346240802949682,2419000.0,
0.7380952380952381,1.0713007619835198,1.7642857142857145,1.5500255618890104,44200.00000047963,4.625630064691331,2420000.0,
0.7738095238095238,1.231779013778622,2.0285714285714285,1.782215625815704,44210.00000048021,4.620142110179283,2421000.0,
0.8452380952380952,1.0019047612072594,1.65,1.4496190477585478,44220.000000480795,3.9583070414881862,2422000.0,
0.8214285714285714,1.262139764118236,2.078571428571428,1.8261434757477812,44230.00000048138,4.390428118698342,2423000.0,
0.8214285714285714,1.2361162638271381,2.0357142857142856,1.7884910329488586,44240.00000048196,4.359327045880228,2424000.0,
0.8571428571428571,1.236116263827138,2.0357142857142856,1.7884910329488581,44250.00000048254,4.17824397452414,2425000.0,
0.8452380952380952,1.1667202630508777,1.9214285714285713,1.688084518818396,44260.00000048312,4.155553550711754,2426000.0,
0.75,0.9758812609161618,1.6071428571428568,1.411966604959625,44270.000000483706,4.429425808273344,2427000.0,
0.9047619047619048,1.3879200155252076,2.2857142857142856,2.0081302826092444,44280.00000048429,4.127698438268196,2428000.0,
0.7976190476190477,1.249128013972687,2.057142857142857,1.8073172543483196,44290.00000048487,4.50875452504438,2429000.0,
0.8928571428571429,1.4052690157192729,2.314285714285714,2.03323191114186,44300.00000048545,4.203231964329187,2430000.0,
0.8571428571428571,1.266477014166752,2.0857142857142854,1.8324188828809356,44310.000000486034,4.216998183253883,2431000.0,
0.8333333333333334,1.1276850126142315,1.8571428571428568,1.6316058546200107,44320.000000486616,4.1715048723410035,2432000.0,
0.75,1.2274417637301054,2.0214285714285714,1.7759402186825504,44330.0000004872,4.768649335835015,2433000.0,
0.8571428571428571,1.2794887643123007,2.1071428571428568,1.8512451042803972,44340.00000048778,4.2338452250904535,2434000.0,
0.8333333333333334,1.301175014554882,2.142857142857143,1.882622139946167,44350.00000048836,4.381407160384169,2435000.0,
0.8214285714285714,1.205755513487524,1.9857142857142855,1.7445631830167811,44360.000000488944,4.3293226541628425,2436000.0,
0.8214285714285714,1.1276850126142313,1.8571428571428572,1.6316058546200112,44370.00000048953,4.234860015418578,2437000.0,
0.8690476190476191,1.2274417637301054,2.0214285714285714,1.7759402186825504,44380.00000049011,4.11814942681668,2438000.0,
0.8452380952380952,1.2968377645063658,2.1357142857142852,1.8763467328130126,44390.00000049069,4.316819327082054,2439000.0,
0.7976190476190477,1.149371262856813,1.8928571428571426,1.6629828902857804,44400.00000049127,4.3902535236457565,2440000.0,
0.8571428571428571,1.4616532663499842,2.4071428571428575,2.1148122038728605,44410.000000491855,4.450259366356867,2441000.0,
0.8452380952380952,1.3228612647974636,2.1785714285714284,1.9139991756119357,44420.00000049244,4.3492978344688025,2442000.0,
0.8571428571428571,1.3228612647974636,2.1785714285714284,1.913999175611936,44430.00000049302,4.289446475656769,2443000.0,
0.9523809523809523,1.4659905163985005,2.414285714285714,2.1210876110060144,44440.0000004936,4.01128754227221,2444000.0,
0.7976190476190477,1.1623830130023611,1.9142857142857141,1.6818091116852418,44450.00000049418,4.409551837261244,2445000.0,
0.8214285714285714,1.3532220151370773,2.2285714285714286,1.957927025544013,44460.000000494765,4.514644192403216,2446000.0,
0.7857142857142857,1.301175014554882,2.1428571428571423,1.8826221399461665,44470.00000049535,4.654219715559391,2447000.0,
0.9166666666666666,1.2881632644093335,2.121428571428571,1.8637959185467048,44480.00000049593,3.9756560287622857,2448000.0,
0.8690476190476191,1.2751515142637848,2.1,1.8449696971472431,44490.00000049651,4.17907571510236,2449000.0,
0.8095238095238095,1.3402102649915284,2.207142857142857,1.9391008041445517,44500.00000049709,4.567315621523604,2450000.0,
0.8095238095238095,1.2881632644093333,2.1214285714285714,1.8637959185467048,44510.000000497676,4.503610503157397,2451000.0,
0.8571428571428571,1.262139764118236,2.0785714285714283,1.8261434757477812,44520.00000049826,4.223604724864627,2452000.0,
0.7619047619047619,1.1320222626627474,1.8642857142857139,1.637881261753165,44530.00000049884,4.5814010948124135,2453000.0,
0.8928571428571429,1.3705710153311426,2.2571428571428576,1.9830286540766286,44540.00000049942,4.177170203895226,2454000.0,
0.7976190476190477,1.1753947631479102,1.9357142857142857,1.7006353330847037,44550.000000500004,4.431835225503773,2455000.0,
0.9047619047619048,1.1927437633419753,1.9642857142857142,1.7257369616173195,44560.000000500586,3.9267141595402184,2456000.0,
0.8214285714285714,1.3228612647974631,2.1785714285714284,1.9139991756119357,44570.00000050117,4.484060090540868,2457000.0,
0.7857142857142857,1.0626262618864872,1.7499999999999996,1.5374747476227024,44580.00000050175,4.357278878830307,2458000.0,
0.8214285714285714,1.214430013584557,2.0,1.7571139972830887,44590.00000050233,4.353216248484643,2459000.0,
0.8928571428571429,0.9665911965224401,2.1357142857142852,1.9423960464097973,44600.000000502914,4.097788962971663,2460000.0,
0.7976190476190477,1.1152975344489693,2.464285714285714,2.2412262073959197,44610.000000503496,4.360071535791876,2461000.0,
0.75,0.9407292247091308,2.0785714285714283,1.8904255836296022,44620.00000050408,4.404778648887485,2462000.0,
0.8571428571428571,1.1314612668322879,2.4999999999999996,2.273707746633542,44630.00000050466,4.077257589142487,2463000.0,
0.9166666666666666,1.08943556263566,2.407142857142857,2.189255744615725,44640.00000050524,3.7671738605940877,2464000.0,
0.8809523809523809,1.0797373232056688,2.3857142857142857,2.1697668210731513,44650.000000505825,3.9094288534274027,2465000.0,
0.8690476190476191,1.1023665485423149,2.4357142857142855,2.2152409760058225,44660.00000050641,3.9895697271494295,2466000.0,
0.8809523809523809,0.9924531683357495,2.192857142857142,1.9943665091899927,44670.00000050699,3.8114306235751245,2467000.0,
0.8571428571428571,1.0441771119623684,2.3071428571428574,2.0983074347503834,44680.00000050757,3.978203852905521,2468000.0,
0.8214285714285714,1.0247806331023863,2.2642857142857142,2.059329587665237,44690.00000050815,4.12813584326031,2469000.0,
0.8571428571428571,0.9665911965224397,2.1357142857142852,1.9423960464097973,44700.000000508735,3.888798062670114,2470000.0,
0.8571428571428571,0.8987035205125028,1.9857142857142855,1.8059735816117846,44710.00000050932,3.8101513295474425,2471000.0,
0.7857142857142857,1.057108097869023,2.3357142857142854,2.1242926661404806,44720.0000005099,4.35874060947524,2472000.0,
0.7857142857142857,1.002151407765741,2.2142857142857144,2.013855432732566,44730.00000051048,4.289401791768068,2473000.0,
0.8214285714285714,1.0538753513923595,2.3285714285714283,2.117796358292957,44740.00000051106,4.166454051033779,2474000.0,
0.8333333333333334,1.141159506262279,2.5214285714285714,2.2931966701761155,44750.000000511645,4.212245693291519,2475000.0,
0.7976190476190477,0.8890052810825118,1.9642857142857142,1.7864846580692124,44760.00000051223,4.085317068885196,2476000.0,
0.8452380952380952,1.1443922527389427,2.5285714285714285,2.2996929780236397,44770.00000051281,4.157869707527475,2477000.0,
0.8571428571428571,1.2090471822722157,2.6714285714285717,2.429619134974128,44780.00000051339,4.176107823822889,2478000.0,
0.9047619047619048,1.2187454217022071,2.6928571428571426,2.449108058516701,44790.000000513974,3.9675580977285474,2479000.0,
0.8571428571428571,1.0215478866257228,2.2571428571428567,2.0528332798177127,44800.000000514556,3.9584697566798233,2480000.0,
0.8452380952380952,0.9084017599424941,2.0071428571428567,1.825462505154358,44810.00000051514,3.8809232090078645,2481000.0,
0.8214285714285714,0.9471947176624579,2.0928571428571425,1.903418199324651,44820.00000051572,4.041219656348372,2482000.0,
0.8095238095238095,1.0150823936723952,2.2428571428571424,2.039840664122664,44830.0000005163,4.185098839306981,2483000.0,
0.8690476190476191,1.0538753513923593,2.3285714285714283,2.1177963582929564,44840.000000516884,3.9436346509774527,2484000.0,
0.8452380952380952,0.9762894359524312,2.157142857142857,1.9618849699523704,44850.000000517466,3.9634945440056675,2485000.0,
0.8571428571428571,1.037711619009041,2.292857142857143,2.085314819055334,44860.00000051805,3.9806607777938883,2486000.0,
0.8452380952380952,1.0247806331023863,2.2642857142857142,2.059329587665237,44870.00000051863,4.0219911716197645,2487000.0,
0.7857142857142857,0.9407292247091308,2.0785714285714283,1.8904255836296022,44880.00000051921,4.220319013332912,2488000.0,
0.8571428571428571,1.0894355626356598,2.4071428571428575,2.189255744615725,44890.000000519794,4.0426720453583735,2489000.0,
0.8690476190476191,1.1314612668322879,2.4999999999999996,2.273707746633542,44900.00000052038,4.036199266004411,2490000.0,
0.7857142857142857,1.0183151401490587,2.25,2.0463369719701876,44910.00000052096,4.320882905711107,2491000.0,
0.8333333333333334,0.9374964782324668,2.0714285714285716,1.8839292757820776,44920.00000052154,3.9775643453705958,2492000.0,
0.8095238095238095,1.0732718302523416,2.371428571428571,2.1567742053781025,44930.00000052212,4.262862260964904,2493000.0,
0.8571428571428571,1.0894355626356598,2.407142857142857,2.189255744615725,44940.000000522705,4.045449823136313,2494000.0,
0.8452380952380952,1.099133802065651,2.4285714285714284,2.2087446681582983,44950.00000052329,4.114465343351213,2495000.0,
0.8452380952380952,1.0021514077657403,2.2142857142857144,2.013855432732566,44960.00000052387,4.000288989531633,2496000.0,
0.8809523809523809,1.137926759785615,2.5142857142857142,2.2867003623285913,44970.00000052445,3.992779024681321,2497000.0,
0.8809523809523809,1.1055992950189784,2.4428571428571426,2.221737283853347,44980.00000052503,3.956623524135441,2498000.0,
0.8214285714285714,1.0118496471957317,2.2357142857142853,2.033344356275139,44990.000000525615,4.129785077809743,2499000.0,
0.8214285714285714,1.0506426049156958,2.3214285714285716,2.111300050445432,45000.0000005262,4.177590997352921,2500000.0,
0.8333333333333334,1.1346940133089514,2.5071428571428567,2.2802040544810662,45010.00000052678,4.219344244605534,2501000.0,
0.8928571428571429,0.9827549289057587,2.1714285714285713,1.9748775856474197,45020.00000052736,3.7684161871002866,2502000.0,
0.8214285714285714,0.8696088022225299,1.9214285714285715,1.7475068109840655,45030.00000052794,3.958941150596124,2503000.0,
0.8214285714285714,1.0344788725323772,2.2857142857142856,2.0788185112078104,45040.000000528526,4.160232250683509,2504000.0,
0.8095238095238095,1.0086169007190677,2.2285714285714278,2.026848048427615,45050.00000052911,4.190053230365389,2505000.0,
0.8095238095238095,1.070039083775678,2.364285714285714,2.1502778975305783,45060.00000052969,4.266515927082412,2506000.0,
0.8928571428571429,1.1152975344489693,2.4642857142857144,2.24122620739592,45070.00000053027,3.919530571975504,2507000.0,
0.9047619047619048,1.2995640836187992,2.8714285714285714,2.611515754704811,45080.000000530854,4.072147145110932,2508000.0,
0.8809523809523809,1.270469365328826,2.807142857142857,2.553048984077092,45090.000000531436,4.149719279622642,2509000.0,
0.8809523809523809,0.9407292247091306,2.0785714285714283,1.8904255836296022,45100.00000053202,3.7759602010813964,2510000.0,
0.8690476190476191,1.1993489428422248,2.65,2.410130211431555,45110.0000005326,4.1258234411398025,2511000.0,
0.8214285714285714,0.9407292247091306,2.0785714285714283,1.890425583629602,45120.00000053318,4.050739925797508,2512000.0,
0.8571428571428571,1.15085774569227,2.5428571428571427,2.312685593718688,45130.000000533764,4.127664592258529,2513000.0,
0.8214285714285714,1.02801337957905,2.271428571428571,2.0658258955127615,45140.000000534346,4.158158317233418,2514000.0,
0.8928571428571429,1.1055992950189781,2.4428571428571426,2.221737283853347,45150.00000053493,3.9129352104808284,2515000.0,
0.8571428571428571,1.1637887315989244,2.5714285714285716,2.338670825108786,45160.00000053551,4.144417409149723,2516000.0,
0.9047619047619048,1.1249957738789602,2.4857142857142853,2.260715130938493,45170.00000053609,3.8839400659250707,2517000.0,
0.8809523809523809,1.179952463982243,2.607142857142857,2.3711523643464085,45180.000000536675,4.051835229445722,2518000.0,
0.7738095238095238,1.0247806331023863,2.2642857142857142,2.059329587665237,45190.00000053726,4.412944202847351,2519000.0,
0.8690476190476191,1.4790022665440494,2.4357142857142855,2.139913832405476,45200.00000053784,4.019158768247043,2520000.0,
0.7857142857142857,1.3705710153311426,2.2571428571428567,1.9830286540766284,45210.00000053842,4.787390383216636,2521000.0,
0.8571428571428571,1.3402102649915286,2.2071428571428573,1.9391008041445512,45220.000000539,4.353575864774622,2522000.0,
0.8214285714285714,1.3228612647974636,2.1785714285714284,1.9139991756119357,45230.000000539585,4.522320960108313,2523000.0,
0.7857142857142857,1.0799752620805523,1.7785714285714282,1.5625763761553182,45240.00000054017,4.419359424534172,2524000.0,
0.7976190476190477,1.2664770141667518,2.0857142857142854,1.8324188828809351,45250.00000054075,4.587818943201469,2525000.0,
0.8333333333333334,1.1840692632449428,1.9499999999999997,1.7131861473510113,45260.00000054133,4.292880258815269,2526000.0,
0.8214285714285714,1.3098495146519147,2.1571428571428566,1.8951729542124742,45270.00000054191,4.50879940920662,2527000.0,
0.8333333333333334,1.2621397641182357,2.0785714285714283,1.8261434757477817,45280.000000542495,4.387707717006145,2528000.0,
0.8928571428571429,1.3185240147489472,2.1714285714285713,1.9077237684787822,45290.00000054308,4.158877563245496,2529000.0,
0.8928571428571429,1.3402102649915288,2.2071428571428573,1.9391008041445512,45300.00000054366,4.183699496850551,2530000.0,
0.8452380952380952,1.3271985148459797,2.1857142857142855,1.9202745827450896,45310.00000054424,4.404570073965741,2531000.0,
0.8571428571428571,1.236116263827138,2.0357142857142856,1.7884910329488581,45320.000000544824,4.237688418972045,2532000.0,
0.7857142857142857,1.3315357648944959,2.192857142857143,1.9265499898782432,45330.000000545406,4.744981882661326,2533000.0,
0.8928571428571429,1.4529787662529516,2.3928571428571423,2.1022613896065527,45340.00000054599,4.312133551596801,2534000.0,
0.8333333333333334,1.171057513099394,1.9285714285714282,1.6943599259515496,45350.00000054657,4.2824090157837675,2535000.0,
0.8571428571428571,1.1840692632449428,1.9500000000000002,1.7131861473510117,45360.00000054715,4.1791891405151675,2536000.0,
0.8452380952380952,1.3488847650885614,2.2214285714285715,1.9516516184108594,45370.000000547734,4.4336073277740615,2537000.0,
0.8452380952380952,1.2014182634390078,1.9785714285714284,1.7382877758836268,45380.000000548316,4.259703297653496,2538000.0,
0.8690476190476191,1.2794887643123007,2.107142857142857,1.851245104280397,45390.0000005489,4.233381591873386,2539000.0,
0.8452380952380952,1.3965945156222404,2.3,2.0206810968755518,45400.00000054948,4.491742807278794,2540000.0,
0.8571428571428571,1.2794887643123007,2.107142857142857,1.851245104280397,45410.00000055006,4.293289669538359,2541000.0,
0.7619047619047619,1.1363595127112636,1.8714285714285712,1.644156668886319,45420.000000550644,4.64271873550433,2542000.0,
0.8928571428571429,1.36189651523411,2.2428571428571424,1.9704778398103209,45430.00000055123,4.214921430455979,2543000.0,
0.8095238095238095,1.1927437633419753,1.9642857142857142,1.7257369616173195,45440.00000055181,4.440445237136197,2544000.0,
0.7976190476190477,1.0973242622746173,1.8071428571428565,1.5876780046879337,45450.00000055239,4.387687134859786,2545000.0,
0.8095238095238095,1.2100927635360401,1.9928571428571429,1.7508385901499348,45460.00000055297,4.463052825611288,2546000.0,
0.8333333333333334,1.3532220151370775,2.2285714285714286,1.9579270255440127,45470.000000553555,4.507863561086529,2547000.0,
0.7976190476190477,1.1580457629538454,1.9071428571428573,1.6755337045520882,45480.00000055414,4.465606628248774,2548000.0,
0.8333333333333334,1.1623830130023614,1.9142857142857137,1.6818091116852418,45490.00000055472,4.279999615667793,2549000.0,
0.8452380952380952,1.149371262856813,1.8928571428571432,1.6629828902857804,45500.0000005553,4.204887127951011,2550000.0,
0.7380952380952381,1.3055122646033983,2.15,1.8888975470793208,45510.00000055588,5.027465003729634,2551000.0,
0.8690476190476191,1.1970810133904917,1.9714285714285713,1.732012368750473,45520.000000556465,4.145679522319938,2552000.0,
0.8095238095238095,1.3315357648944959,2.192857142857142,1.9265499898782439,45530.00000055705,4.6171882978778545,2553000.0,
0.8571428571428571,1.1320222626627474,1.8642857142857143,1.6378812617531646,45540.00000055763,4.128467639836523,2554000.0,
0.7738095238095238,1.3705710153311423,2.2571428571428567,1.9830286540766286,45550.00000055821,4.881965619882724,2555000.0,
0.8095238095238095,1.2751515142637846,2.1,1.8449696971472433,45560.00000055879,4.5493018706282555,2556000.0,
0.8571428571428571,1.2925005144578496,2.1285714285714286,1.8700713256798582,45570.000000559376,4.317358933597571,2557000.0,
0.7619047619047619,1.0626262618864875,1.7499999999999996,1.5374747476227024,45580.00000055996,4.555943843797392,2558000.0,
0.8452380952380952,1.2447907639241709,2.0499999999999994,1.801041847215166,45590.00000056054,4.322848227805645,2559000.0,
0.8214285714285714,1.0366027615953894,1.7071428571428569,1.499822304823779,45600.00000056112,4.195281622878051,2560000.0,
0.8809523809523809,1.3705710153311426,2.2571428571428576,1.9830286540766286,45610.000000561704,4.2914562877350155,2561000.0,
0.8214285714285714,1.1927437633419753,1.964285714285714,1.725736961617319,45620.000000562286,4.386525740946427,2562000.0,
0.8095238095238095,1.5483982673203098,2.55,2.240320346535938,45630.00000056287,4.890959624404203,2563000.0,
0.7976190476190477,1.4356297660588866,2.364285714285714,2.077159761073937,45640.00000056345,4.823174632142217,2564000.0,
0.7857142857142857,1.136359512711264,1.8714285714285717,1.644156668886319,45650.00000056403,4.5159696829141005,2565000.0,
0.7857142857142857,1.2144300135845565,1.9999999999999996,1.7571139972830887,45660.000000564614,4.615938199177114,2566000.0,
0.7738095238095238,1.32719851484598,2.1857142857142855,1.9202745827450896,45670.0000005652,4.8332996192561755,2567000.0,
0.8809523809523809,1.51370026693218,2.4928571428571424,2.190117089470707,45680.00000056578,4.457711113876954,2568000.0,
0.8214285714285714,1.0105792613042919,1.6642857142857144,1.4621698620248558,45690.00000056636,4.168818231219627,2569000.0,
0.8095238095238095,1.2274417637301054,2.0214285714285714,1.7759402186825504,45700.00000056694,4.498601590557719,2570000.0,
0.8690476190476191,1.4659905163985005,2.4142857142857146,2.1210876110060144,45710.000000567525,4.465520594274965,2571000.0,
0.9047619047619048,1.3055122646033985,2.15,1.8888975470793201,45720.00000056811,4.112405660937977,2572000.0,
0.8452380952380952,1.2100927635360403,1.9928571428571429,1.750838590149935,45730.00000056869,4.289684396360992,2573000.0,
0.8690476190476191,1.301175014554882,2.1428571428571423,1.8826221399461662,45740.00000056927,4.277513715441308,2574000.0,
0.8809523809523809,1.3575592651855939,2.2357142857142853,1.964202432677167,45750.00000056985,4.28425376054321,2575000.0,
0.8333333333333334,1.3185240147489472,2.1714285714285713,1.9077237684787822,45760.000000570435,4.482797389193165,2576000.0,
0.8690476190476191,1.5137002669321795,2.4928571428571424,2.190117089470707,45770.00000057102,4.523707156533089,2577000.0,
0.8571428571428571,1.2578025140697193,2.0714285714285716,1.8198680686146274,45780.0000005716,4.288544599812099,2578000.0,
0.8214285714285714,1.3402102649915288,2.2071428571428573,1.9391008041445512,45790.00000057218,4.5759052502015285,2579000.0,
0.8214285714285714,0.9277982388024762,2.0499999999999994,1.864440352239504,45800.00000057276,4.460322089481879,2580000.0,
0.8214285714285714,1.0926683091123235,2.414285714285714,2.1957520524632494,45810.000000573345,4.275709245942853,2581000.0,
0.8214285714285714,1.0150823936723954,2.2428571428571424,2.0398406641226634,45820.00000057393,4.18183653729138,2582000.0,
0.8690476190476191,1.0377116190090412,2.2928571428571423,2.085314819055334,45830.00000057451,3.979281863032682,2583000.0,
0.8214285714285714,0.8954707740358391,1.9785714285714284,1.7994772737642606,45840.00000057509,4.037381811936799,2584000.0,
0.8333333333333334,0.9116345064191576,2.0142857142857147,1.8319588130018825,45850.000000575674,3.9996728363405754,2585000.0,
0.8690476190476191,1.2187454217022073,2.6928571428571426,2.449108058516701,45860.000000576256,4.189238567501627,2586000.0,
0.8452380952380952,1.108832041495642,2.4499999999999993,2.2282335917008713,45870.00000057684,4.177770302679853,2587000.0,
0.7976190476190477,0.998918661289077,2.207142857142857,2.007359124885041,45880.00000057742,4.289984590342097,2588000.0,
0.8333333333333334,1.2058144357955525,2.664285714285714,2.423122827126604,45890.000000578,4.3549744658780964,2589000.0,
0.8690476190476191,0.989220421859086,2.1857142857142855,1.9878702013424685,45900.000000578584,3.92731938960008,2590000.0,
0.9166666666666666,1.21227992874888,2.6785714285714284,2.4361154428216527,45910.000000579166,3.96715992233183,2591000.0,
0.8571428571428571,1.0603408443456868,2.342857142857143,2.130788973988005,45920.00000057975,4.065950429578958,2592000.0,
0.8214285714285714,0.9213327458491485,2.0357142857142856,1.851447736544456,45930.00000058033,4.074083342840262,2593000.0,
0.8809523809523809,1.1702542245522518,2.5857142857142854,2.351663440803835,45940.00000058091,4.0819074982032575,2594000.0,
0.75,0.9892204218590858,2.1857142857142855,1.9878702013424685,45950.000000581495,4.553878022870118,2595000.0,
0.8928571428571429,1.0926683091123235,2.414285714285714,2.1957520524632494,45960.00000058208,3.9416525062678907,2596000.0,
0.8452380952380952,0.989220421859086,2.1857142857142855,1.9878702013424678,45970.00000058266,4.041891766772142,2597000.0,
0.8452380952380952,1.160555985122261,2.564285714285714,2.3321745172612616,45980.00000058324,4.245162010632835,2598000.0,
0.8690476190476191,0.9827549289057584,2.1714285714285713,1.9748775856474197,45990.00000058382,3.9248111511335257,2599000.0,
0.8214285714285714,0.824350351549238,1.8214285714285712,1.6565585011187234,46000.000000584405,3.9600757903594483,2600000.0,
0.8690476190476191,1.2187454217022071,2.6928571428571426,2.4491080585167007,46010.00000058499,4.1974577455842965,2601000.0,
0.8452380952380952,1.2090471822722157,2.6714285714285713,2.4296191349741285,46020.00000058557,4.304785398810376,2602000.0,
0.9047619047619048,1.1023665485423144,2.4357142857142855,2.2152409760058225,46030.00000058615,3.9041919747661487,2603000.0,
0.8690476190476191,1.1734869710289155,2.5928571428571425,2.3581597486513592,46040.00000058673,4.147023363987728,2604000.0,
0.8333333333333334,1.1637887315989246,2.5714285714285716,2.338670825108786,46050.000000587315,4.313686477985532,2605000.0,
0.8809523809523809,1.1508577456922702,2.5428571428571423,2.312685593718689,46060.0000005879,4.066376360038251,2606000.0,
0.8452380952380952,1.2672366188521624,2.8,2.5465526762295676,46070.00000058848,4.376446140679772,2607000.0,
0.8571428571428571,1.0668063372990142,2.3571428571428568,2.143781589683054,46080.00000058906,4.08238239358058,2608000.0,
0.8452380952380952,1.086202816158996,2.4,2.1827594367682,46090.00000058964,4.16339206425412,2609000.0,
0.8333333333333334,1.02801337957905,2.2714285714285714,2.065825895512761,46100.000000590226,4.153613198418992,2610000.0,
0.8690476190476191,1.1346940133089518,2.5071428571428576,2.2802040544810667,46110.00000059081,4.106220508529364,2611000.0,
0.9047619047619048,1.2607711258988348,2.7857142857142856,2.5335600605345188,46120.00000059139,4.084007560265737,2612000.0,
0.8452380952380952,1.1152975344489693,2.464285714285714,2.24122620739592,46130.00000059197,4.200067505611402,2613000.0,
0.8214285714285714,1.1023665485423149,2.4357142857142855,2.2152409760058225,46140.000000592554,4.30664623307613,2614000.0,
0.8809523809523809,1.2737021118054896,2.8142857142857136,2.5595452919246156,46150.000000593136,4.210686181031919,2615000.0,
0.9166666666666666,0.9924531683357495,2.1928571428571426,1.9943665091899927,46160.00000059372,3.7403359239598197,2616000.0,
0.8809523809523809,1.1120647879723056,2.4571428571428573,2.234729899548396,46170.0000005943,4.028287056680799,2617000.0,
0.8333333333333334,1.0635735908223503,2.3499999999999996,2.1372852818355295,46180.00000059488,4.200856880482647,2618000.0,
0.8690476190476191,1.2446073935155166,2.75,2.5010785212968965,46190.000000595464,4.237079740548132,2619000.0,
0.8214285714285714,1.1508577456922697,2.5428571428571427,2.3126855937186885,46200.00000059605,4.369157255693669,2620000.0,
0.7738095238095238,1.0603408443456868,2.3428571428571425,2.1307889739880053,46210.00000059663,4.521668168150039,2621000.0,
0.8571428571428571,0.9213327458491485,2.0357142857142856,1.8514477365444557,46220.00000059721,3.920440981333967,2622000.0,
0.7857142857142857,1.0344788725323772,2.285714285714286,2.07881851120781,46230.00000059779,4.421454928749078,2623000.0,
0.8809523809523809,1.0183151401490587,2.2500000000000004,2.046336971970188,46240.000000598375,3.925652321314091,2624000.0,
0.9523809523809523,1.3480552807687545,2.9785714285714286,2.7089603724176774,46250.00000059896,3.9779555448662434,2625000.0,
0.8214285714285714,1.2510728864688438,2.7642857142857142,2.5140711369919453,46260.00000059954,4.494636557508832,2626000.0,
0.8333333333333334,1.1120647879723056,2.457142857142857,2.234729899548396,46270.00000060012,4.264189174205749,2627000.0,
0.7976190476190477,1.0635735908223505,2.3499999999999996,2.13728528183553,46280.0000006007,4.394925099012068,2628000.0,
0.8333333333333334,1.0053841542424042,2.2214285714285715,2.0203517405800904,46290.000000601285,4.137315270872793,2629000.0,
0.8214285714285714,1.050642604915696,2.321428571428571,2.111300050445432,46300.00000060187,4.252953316197887,2630000.0,
0.7857142857142857,0.9407292247091308,2.0785714285714283,1.8904255836296022,46310.00000060245,4.3069856800046225,2631000.0,
0.8809523809523809,1.1443922527389423,2.5285714285714285,2.2996929780236397,46320.00000060303,4.073091205875832,2632000.0,
0.8571428571428571,0.9601257035691126,2.121428571428571,1.9294034307147485,46330.00000060361,3.971810543118725,2633000.0,
0.7976190476190477,1.0118496471957314,2.2357142857142853,2.033344356275139,46340.000000604196,4.333659259241591,2634000.0,
0.8690476190476191,0.9956859148124133,2.1999999999999993,2.000862817037517,46350.00000060478,3.959416669164248,2635000.0,
0.9285714285714286,1.2801676047588169,2.828571428571428,2.572537907619665,46360.00000060536,4.012485625698594,2636000.0,
0.7738095238095238,1.099133802065651,2.4285714285714284,2.2087446681582983,46370.00000060594,4.5816467596656425,2637000.0,
0.8452380952380952,1.0344788725323775,2.2857142857142856,2.0788185112078104,46380.000000606524,4.118535567570058,2638000.0,
0.8571428571428571,1.0765045767290051,2.378571428571428,2.1632705132256276,46390.000000607106,4.1109192284721265,2639000.0,
0.8571428571428571,1.4529787662529519,2.392857142857143,2.1022613896065527,46400.00000060769,4.11901785913993,2640000.0,
0.8333333333333334,1.240453513875654,2.042857142857143,1.7947664400820125,46410.00000060827,4.426255645290234,2641000.0,
0.8214285714285714,1.1406967627597802,1.8785714285714288,1.6504320760194726,46420.00000060885,4.369540986617178,2642000.0,
0.8809523809523809,1.3271985148459802,2.1857142857142855,1.9202745827450896,46430.000000609434,4.286546962862545,2643000.0,
0.7261904761904762,1.0409400116439056,1.714285714285714,1.506097711956933,46440.000000610016,4.806537065292729,2644000.0,
0.8333333333333334,1.1667202630508775,1.9214285714285715,1.6880845188183964,46450.0000006106,4.340061458586349,2645000.0,
0.8452380952380952,1.153708512905329,1.9,1.6692582974189338,46460.00000061118,4.264103029420009,2646000.0,
0.8452380952380952,1.2404535138756545,2.0428571428571423,1.794766440082012,46470.00000061176,4.367294298173667,2647000.0,
0.8095238095238095,1.171057513099394,1.9285714285714286,1.6943599259515498,46480.000000612345,4.474832810369513,2648000.0,
0.8095238095238095,1.2491280139726872,2.0571428571428565,1.80731725434832,46490.00000061293,4.571861076154202,2649000.0,
0.8452380952380952,1.1753947631479102,1.9357142857142864,1.7006353330847037,46500.00000061351,4.292013522664885,2650000.0,
0.7857142857142857,1.2144300135845565,2.0,1.757113997283089,46510.00000061409,4.667453350695263,2651000.0,
0.7976190476190477,1.2621397641182357,2.078571428571428,1.8261434757477812,46520.00000061467,4.658202092398788,2652000.0,
0.8214285714285714,1.3402102649915284,2.2071428571428573,1.9391008041445512,46530.000000615255,4.618803800928663,2653000.0,
0.7619047619047619,1.0886497621775848,1.7928571428571431,1.575127190421626,46540.00000061584,4.65009968793295,2654000.0,
0.7738095238095238,1.2231045136815892,2.014285714285714,1.7696648115493967,46550.00000061642,4.752931986985346,2655000.0,
0.8571428571428571,1.266477014166752,2.0857142857142854,1.8324188828809356,46560.000000617,4.34199818326116,2656000.0,
0.7857142857142857,1.0973242622746173,1.8071428571428574,1.5876780046879337,46570.00000061758,4.522046030846462,2657000.0,
0.8571428571428571,1.2621397641182357,2.0785714285714287,1.8261434757477817,46580.000000618165,4.338049169315733,2658000.0,
0.8452380952380952,1.2361162638271381,2.0357142857142856,1.7884910329488581,46590.00000061875,4.368923467130744,2659000.0,
0.8214285714285714,1.1320222626627474,1.8642857142857143,1.637881261753165,46600.00000061933,4.36941550823879,2660000.0,
0.7857142857142857,1.3271985148459797,2.1857142857142855,1.92027458274509,46610.00000061991,4.817037503816216,2661000.0,
0.8571428571428571,1.2881632644093333,2.1214285714285714,1.8637959185467048,46620.000000620494,4.370632141877698,2662000.0,
0.8690476190476191,1.2534652640212034,2.064285714285714,1.813592661481474,46630.000000621076,4.271381947706763,2663000.0,
0.8214285714285714,1.1753947631479102,1.9357142857142857,1.7006353330847035,46640.00000062166,4.424535653757093,2664000.0,
0.8095238095238095,1.1363595127112636,1.8714285714285712,1.6441566688863187,46650.00000062224,4.441970574596521,2665000.0,
0.8571428571428571,1.1970810133904917,1.9714285714285713,1.732012368750473,46660.00000062282,4.266591737911401,2666000.0,
0.8705882352941177,1.2601497317430341,2.075294117647059,1.8232641712984523,46670.000000623404,4.240439556797025,2667000.0,
0.8117647058823529,1.3115844146713214,2.1599999999999997,1.897683117065736,46680.000000623986,4.611659061621545,2668000.0,
0.788235294117647,1.1015594593808156,1.8141176470588234,1.5938057551826605,46690.00000062457,4.483467970928296,2669000.0,
0.8,1.0887007886487439,1.792941176470588,1.5752010187408392,46700.00000062515,4.402049515293707,2670000.0,
0.8823529411764706,1.4101675569505385,2.3223529411764705,2.0403194297863627,46710.00000062573,4.356053897941693,2671000.0,
0.7294117647058823,1.238718613856248,2.0399999999999996,1.7922562772287507,46720.000000626314,5.035014228751849,2672000.0,
0.7764705882352941,1.0801283414940295,1.7788235294117645,1.5627978611129587,46730.0000006269,4.526222864118612,2673000.0,
0.7647058823529411,1.3544466504448938,2.230588235294117,1.9596989052051386,46740.00000062748,4.955196389117757,2674000.0,
0.8588235294117647,1.1958563780826752,1.9694117647058824,1.7302404890893477,46750.00000062806,4.228049207422849,2675000.0,
0.8352941176470589,1.1701390366185318,1.9270588235294113,1.6930310162057056,46760.00000062864,4.316924198836874,2676000.0,
0.788235294117647,1.2387186138562476,2.0399999999999996,1.7922562772287502,46770.000000629225,4.662251972875018,2677000.0,
0.788235294117647,1.243004837433605,2.0470588235294116,1.798457856042691,46780.00000062981,4.668286734129909,2678000.0,
0.8705882352941177,1.5558991585806847,2.56235294117647,2.2511731094603338,46790.00000063039,4.586638222759569,2679000.0,
0.7647058823529411,1.1487079187317453,1.8917647058823528,1.6620231221360042,46800.00000063097,4.689845739954624,2680000.0,
0.8235294117647058,1.2772946260524634,2.1035294117647063,1.8480704865542137,46810.00000063155,4.511569188847341,2681000.0,
0.8470588235294118,1.2558635081656768,2.068235294117647,1.8170625924845119,46820.000000632135,4.361502752763047,2682000.0,
0.7764705882352941,1.1487079187317455,1.891764705882353,1.662023122136004,46830.00000063272,4.620605652985721,2683000.0,
0.9176470588235294,1.341587979712822,2.209411764705882,1.9410941687633179,46840.0000006333,4.120445875390402,2684000.0,
0.7411764705882353,1.1015594593808153,1.8141176470588234,1.5938057551826605,46850.00000063388,4.7782913341624305,2685000.0,
0.7764705882352941,1.1229905772676017,1.8494117647058823,1.624813649252362,46860.00000063446,4.589303016251702,2686000.0,
0.8470588235294118,1.1187043536902446,1.84235294117647,1.6186120704384213,46870.000000635046,4.202356528729712,2687000.0,
0.8470588235294118,1.2858670732071775,2.117647058823529,1.860473644182094,46880.00000063563,4.40025696149279,2688000.0,
0.8705882352941177,1.358732874022251,2.237647058823529,1.9659004840190797,46890.00000063621,4.365568841848168,2689000.0,
0.8823529411764706,1.3030119675166068,2.145882352941176,1.8852799594378555,46900.00000063679,4.24474422991716,2690000.0,
0.7411764705882353,1.011548764256313,1.6658823529411764,1.4635726000899139,46910.000000637374,4.660657856613721,2691000.0,
0.8470588235294118,1.3801639919090374,2.2729411764705887,1.9969083780887809,46920.000000637956,4.5138019349603935,2692000.0,
0.788235294117647,1.122990577267602,1.8494117647058819,1.6248136492523624,46930.00000063854,4.524985060785502,2693000.0,
0.8588235294117647,1.5344680406938986,2.527058823529412,2.220165215390632,46940.00000063912,4.632734020052961,2694000.0,
0.8,1.0372661057204569,1.7082352941176466,1.5007820729735557,46950.0000006397,4.352462043987146,2695000.0,
0.8705882352941177,1.5044644756523977,2.477647058823529,2.1767541636930496,46960.000000640284,4.536747032910043,2696000.0,
0.8235294117647058,1.1658528130411745,1.9200000000000002,1.686829437391765,46970.000000640866,4.385389844477023,2697000.0,
0.7411764705882353,1.0972732358034585,1.807058823529412,1.5876041763687203,46980.00000064145,4.7807623023521915,2698000.0,
0.8352941176470589,1.4530297927241111,2.392941176470588,2.1023352179257664,46990.00000064203,4.668553977273885,2699000.0,
0.8352941176470589,0.9520248212217086,2.1035294117647054,1.913124447520364,47000.00000064261,4.458730186188141,2700000.0,
0.8470588235294118,1.0478662461769142,2.3152941176470585,2.1057208684116757,47010.000000643195,4.126505985138039,2701000.0,
0.8117647058823529,1.0191138186903523,2.2517647058823522,2.047941942144282,47020.00000064378,4.271079341935991,2702000.0,
0.8352941176470589,1.0510609603420875,2.3223529411764705,2.1121407491080526,47030.00000064436,4.189577206112439,2703000.0,
0.7647058823529411,0.8018732554585531,1.771764705882353,1.611390054790642,47040.00000064494,4.251061949521309,2704000.0,
0.8470588235294118,0.9232723937351469,2.0399999999999996,1.8553455212529701,47050.00000064552,3.9816382426721932,2705000.0,
0.788235294117647,1.0862028161589963,2.3999999999999995,2.1827594367682006,47060.000000646105,4.486075214603394,2706000.0,
0.8705882352941177,1.2171860969311106,2.6894117647058824,2.4459745453196597,47070.00000064669,4.212711057352155,2707000.0,
0.8588235294117647,1.0893975303241696,2.407058823529411,2.1891793174645775,47080.00000064727,4.122172466883175,2708000.0,
0.7647058823529411,0.9839719628734437,2.174117647058823,1.9773232544841346,47090.00000064785,4.492267951525576,2709000.0,
0.8588235294117647,1.067034531167955,2.357647058823529,2.144240152589938,47100.00000064843,4.097229248687647,2710000.0,
0.8941176470588236,1.1884336694445485,2.6258823529411766,2.3881956190522664,47110.000000649015,4.071798182996197,2711000.0,
0.8,0.9648036778824026,2.131764705882353,1.9388039703058717,47120.0000006496,4.271884009190161,2712000.0,
0.8588235294117647,1.2810803802345807,2.8305882352941176,2.574372159247201,47130.00000065018,4.348104552395458,2713000.0,
0.8470588235294118,0.9871666770386172,2.181176470588235,1.9837431351805117,47140.00000065076,4.062068993794636,2714000.0,
0.7764705882352941,0.9616089637172288,2.124705882352941,1.932384089609495,47150.000000651344,4.399038816983305,2715000.0,
0.8705882352941177,0.9903613912037905,2.1882352941176473,1.990163015876889,47160.000000651926,3.9570340305034897,2716000.0,
0.8,0.9807772487082701,2.1670588235294117,1.9709033737877568,47170.00000065251,4.294792149193254,2717000.0,
0.8588235294117647,1.0382821036813934,2.2941176470588234,2.0864612263225446,47180.00000065309,4.068133956409028,2718000.0,
0.8235294117647058,1.0638398170027816,2.3505882352941176,2.137820271893561,47190.00000065367,4.274088349288277,2719000.0,
0.8235294117647058,0.999945533699311,2.209411764705882,2.0094226579660206,47200.000000654254,4.197073862419811,2720000.0,
0.8470588235294118,0.9871666770386172,2.1811764705882353,1.9837431351805115,47210.000000654836,4.065957882683752,2721000.0,
0.8470588235294118,0.967998392047576,2.138823529411764,1.9452238510022493,47220.00000065542,4.043884212902693,2722000.0,
0.8117647058823529,1.0925922444893437,2.414117647058823,2.195599198160955,47230.000000656,4.373770156326762,2723000.0,
0.8352941176470589,1.0542556745072607,2.329411764705882,2.1185606298044295,47240.00000065658,4.205232849831998,2724000.0,
0.8470588235294118,1.0031402478644849,2.216470588235294,2.015842538662397,47250.000000657164,4.087037792686641,2725000.0,
0.8470588235294118,1.1980178119400697,2.6470588235294112,2.4074552611413975,47260.00000065775,4.317657139164794,2726000.0,
0.8823529411764706,1.1213446719759046,2.4776470588235293,2.2533781244283477,47270.00000065833,4.058587961638846,2727000.0,
0.8705882352941177,1.201212526105243,2.6541176470588232,2.413875141837775,47280.00000065891,4.20571438816094,2728000.0,
0.788235294117647,1.067034531167955,2.357647058823529,2.144240152589938,47290.00000065949,4.4754885843916785,2729000.0,
0.8117647058823529,1.03508738951622,2.287058823529412,2.0800413456261673,47300.000000660075,4.306988813244163,2730000.0,
0.8823529411764706,1.146902385297293,2.5341176470588236,2.304737169999365,47310.00000066066,4.089686703403212,2731000.0,
0.788235294117647,0.9200776795699732,2.0329411764705876,1.8489256405565933,47320.00000066124,4.290841832364492,2732000.0,
0.8117647058823529,0.9232723937351469,2.04,1.8553455212529701,47330.00000066182,4.170984832934248,2733000.0,
0.8352941176470589,1.0734239594983022,2.3717647058823528,2.1570799139826926,47340.0000006624,4.233814599469487,2734000.0,
0.8470588235294118,1.041476817846567,2.301176470588235,2.0928811070189215,47350.000000662985,4.137851798915812,2735000.0,
0.8823529411764706,1.1277341003062522,2.491764705882353,2.266217885821102,47360.00000066357,4.070629313746854,2736000.0,
0.788235294117647,1.0670345311679552,2.357647058823529,2.144240152589938,47370.00000066415,4.4802647037949415,2737000.0,
0.9058823529411765,1.1341235286365987,2.5058823529411764,2.279057647213856,47380.00000066473,3.972990908299975,2738000.0,
0.8352941176470589,0.9807772487082701,2.167058823529412,1.9709033737877573,47390.00000066531,4.125716424580176,2739000.0,
0.8352941176470589,1.108565815315211,2.4494117647058817,2.2276986016428397,47400.000000665896,4.27926611699697,2740000.0,
0.8235294117647058,1.0446715320117406,2.3082352941176474,2.0993009877152984,47410.00000066648,4.26338400322846,2741000.0,
0.7647058823529411,0.8465992537709822,1.8705882352941172,1.7012683845399208,47420.00000066706,4.3329344088543085,2742000.0,
0.8352941176470589,0.9456353928913614,2.0894117647058823,1.90028468612761,47430.00000066764,4.085898709869924,2743000.0,
0.8705882352941177,1.2171860969311104,2.6894117647058824,2.44597454531966,47440.000000668224,4.232711057353319,2744000.0,
0.8705882352941177,1.1788495269490284,2.604705882352941,2.368935976963135,47450.000000668806,4.189216348590148,2745000.0,
0.8352941176470589,1.0670345311679552,2.3576470588235297,2.144240152589938,47460.00000066939,4.232925847243409,2746000.0,
0.8588235294117647,1.0031402478644846,2.216470588235294,2.0158425386623966,47470.00000066997,4.043105768129992,2747000.0,
0.8941176470588236,1.2139913827659372,2.68235294117647,2.4395546646232833,47480.00000067055,4.119856151843621,2748000.0,
0.788235294117647,1.0095296761948318,2.230588235294118,2.028682300055151,47490.000000671134,4.414474962411545,2749000.0,
0.8941176470588236,1.1245393861410786,2.484705882352941,2.259798005124725,47500.00000067172,4.020863787197459,2750000.0,
0.8941176470588236,1.086202816158996,2.4,2.1827594367682006,47510.0000006723,3.978513676033318,2751000.0,
0.8705882352941177,1.0574503886724345,2.3364705882352945,2.124980510500807,47520.00000067288,4.0535551762456326,2752000.0,
0.9294117647058824,1.3417799493728777,2.9647058823529413,2.6963498924783655,47530.00000067346,4.1034315911609704,2753000.0,
0.8117647058823529,0.9807772487082701,2.1670588235294117,1.9709033737877575,47540.000000674045,4.2539980600757605,2754000.0,
0.8352941176470589,1.114955243645558,2.4635294117647057,2.240538363035594,47550.00000067463,4.295366136829567,2755000.0,
0.8235294117647058,1.1660706702883346,2.5764705882352943,2.343256454177627,47560.00000067521,4.419368671136251,2756000.0,
0.8823529411764706,1.0893975303241699,2.407058823529412,2.1891793174645775,47570.00000067579,4.038381201101146,2757000.0,
0.8235294117647058,1.1724600986186813,2.590588235294118,2.3560962155703815,47580.00000067637,4.428270119823167,2758000.0,
0.8,1.1053711011500373,2.44235294117647,2.221278720946463,47590.000000676955,4.4752403470998425,2759000.0,
0.8117647058823529,1.2644359553203912,2.0823529411764707,1.8294657501123925,47600.00000067754,4.21025011154731,2760000.0,
0.8235294117647058,1.1958563780826752,1.9694117647058822,1.7302404890893477,47610.00000067812,4.4583941734581165,2761000.0,
0.8470588235294118,1.307298191093964,2.1529411764705877,1.8914815382517953,47620.0000006787,4.466668697889307,2762000.0,
0.8,1.1615665894638172,1.9129411764705886,1.680627858577825,47630.00000067928,4.547837648668675,2763000.0,
0.8352941176470589,1.1058456829581726,1.8211764705882347,1.600007333996601,47640.000000679865,4.289530747274541,2764000.0,
0.8470588235294118,1.2644359553203912,2.0823529411764707,1.8294657501123923,47650.00000068045,4.417734113990046,2765000.0,
0.8470588235294118,1.4187400041052525,2.3364705882352936,2.0527225874142436,47660.00000068103,4.600454171583318,2766000.0,
0.8,1.2130012723921042,1.9976470588235296,1.7550468043451086,47670.00000068161,4.614483943505641,2767000.0,
0.8235294117647058,1.1101319065355302,1.8282352941176467,1.6062089128105412,47680.000000682194,4.3583001722939585,2768000.0,
0.7647058823529411,1.1658528130411743,1.92,1.6868294373917654,47690.000000682776,4.76703521713168,2769000.0,
0.8,1.2944395203618921,2.1317647058823526,1.8728768018099746,47700.00000068336,4.718046459350332,2770000.0,
0.8941176470588236,1.4530297927241107,2.3929411764705883,2.102335217925766,47710.00000068394,4.399307005087019,2771000.0,
0.7294117647058823,1.3287293089807501,2.188235294117647,1.9224894323214972,47720.00000068452,5.2229321172327445,2772000.0,
0.8823529411764706,1.444457345569396,2.3788235294117643,2.0899320602978855,47730.000000685104,4.449315658379566,2773000.0,
0.8117647058823529,1.2815808496298202,2.1105882352941174,1.8542720653681537,47740.000000685686,4.6361474235305185,2774000.0,
0.8470588235294118,1.2215737195468186,2.011764705882353,1.7674499619729893,47750.00000068627,4.372688418979902,2775000.0,
0.8470588235294118,1.3587328740222513,2.2376470588235295,1.9659004840190792,47760.00000068685,4.535167976346765,2776000.0,
0.8941176470588236,1.3030119675166068,2.145882352941176,1.8852799594378553,47770.00000068743,4.234681805841968,2777000.0,
0.7529411764705882,1.1358492479996736,1.8705882352941177,1.6434183856941829,47780.000000688015,4.807296657578947,2778000.0,
0.8117647058823529,1.3244430854033933,2.181176470588235,1.916287853507557,47790.0000006886,4.691847279193785,2779000.0,
0.788235294117647,1.1487079187317453,1.891764705882353,1.662023122136004,47800.00000068918,4.609551837272886,2780000.0,
0.7529411764705882,1.2258599431241761,2.0188235294117645,1.7736515407869295,47810.00000068976,4.928717112041287,2781000.0,
0.9176470588235294,1.2215737195468188,2.011764705882353,1.7674499619729893,47820.00000069034,4.0399175149560165,2782000.0,
0.8117647058823529,1.127276800844959,1.8564705882352937,1.6310152280663026,47830.000000690925,4.451280117056718,2783000.0,
0.788235294117647,1.0887007886487439,1.7929411764705883,1.5752010187408396,47840.00000069151,4.535811448361754,2784000.0,
0.9058823529411765,1.3801639919090376,2.2729411764705882,1.9969083780887806,47850.00000069209,4.269009601524219,2785000.0,
0.8352941176470589,1.1744252601958887,1.9341176470588233,1.6992325950196459,47860.00000069267,4.384027424249994,2786000.0,
0.8,1.1401354715770309,1.877647058823529,1.6496199645081233,47870.00000069325,4.535166398369837,2787000.0,
0.8235294117647058,1.3801639919090374,2.2729411764705882,1.9969083780887813,47880.000000693835,4.697624847391026,2788000.0,
0.8117647058823529,1.1572803658864599,1.9058823529411761,1.6744262797638847,47890.00000069442,4.491719291383407,2789000.0,
0.8352941176470589,1.290153296784535,2.124705882352941,1.866675222996034,47900.000000695,4.524828594813997,2790000.0,
0.8470588235294118,1.1315630244223167,1.8635294117647057,1.6372168068802428,47910.00000069558,4.275314681680661,2791000.0,
0.8352941176470589,1.478747134188254,2.4352941176470586,2.139544690809408,47920.00000069616,4.751736710015698,2792000.0,
0.788235294117647,1.1915701545053183,1.96235294117647,1.724038910275407,47930.000000696746,4.67169049459802,2793000.0,
0.8823529411764706,1.4701746870335397,2.4211764705882346,2.1271415331815278,47940.00000069733,4.489661978706246,2794000.0,
0.8117647058823529,1.0887007886487436,1.792941176470588,1.5752010187408392,47950.00000069791,4.4107154643516395,2795000.0,
0.8117647058823529,1.2515772845883197,2.0611764705882347,1.8108610136705712,47960.00000069849,4.611940133262745,2796000.0,
0.8235294117647058,1.1787114837732462,1.941176470588235,1.7054341738335859,47970.000000699074,4.458146801797865,2797000.0,
0.8588235294117647,1.1829977073506033,1.9482352941176464,1.7116357526475265,47980.000000699656,4.280474042875729,2798000.0,
0.8235294117647058,1.3801639919090376,2.2729411764705882,1.9969083780887813,47990.00000070024,4.703910561677107,2799000.0,
0.7294117647058823,1.0372661057204569,1.7082352941176466,1.5007820729735557,48000.00000070082,4.841409983731782,2800000.0,
0.8,1.0672696707619576,1.7576470588235291,1.5441931246711376,48010.0000007014,4.452319441469122,2801000.0,
0.8705882352941177,1.3630190975996086,2.244705882352941,1.9721020628330197,48020.000000701984,4.431573287852743,2802000.0,
0.8117647058823529,1.1915701545053181,1.96235294117647,1.7240389102754072,48030.00000070257,4.542076277363631,2803000.0,
0.7764705882352941,1.075842117916672,1.7717647058823525,1.5565962822990187,48040.00000070315,4.600096667091789,2804000.0,
0.7529411764705882,1.3287293089807504,2.188235294117647,1.9224894323214972,48050.00000070373,5.080340488570422,2805000.0,
0.8117647058823529,1.3158706382486782,2.1670588235294113,1.9038846958796762,48060.00000070431,4.6969391921200465,2806000.0,
0.8823529411764706,1.4873195813429687,2.449411764705882,2.1519478484372887,48070.000000704895,4.516026192257336,2807000.0,
0.8823529411764706,1.2858670732071777,2.117647058823529,1.8604736441820944,48080.00000070548,4.288246683036805,2808000.0,
0.8,1.3115844146713214,2.16,1.8976831170657356,48090.00000070606,4.762418753709041,2809000.0,
0.8117647058823529,1.2472910610109622,2.054117647058823,1.8046594348566312,48100.00000070664,4.614775944798357,2810000.0,
0.8470588235294118,1.2901532967845346,2.124705882352941,1.8666752229960346,48110.00000070722,4.473650419886703,2811000.0,
0.8352941176470589,1.2687221788977485,2.0894117647058823,1.8356673289263326,48120.000000707805,4.511565988893918,2812000.0,
0.788235294117647,1.311584414671321,2.16,1.8976831170657353,48130.00000070839,4.8358876903317025,2813000.0,
0.8470588235294118,1.285867073207178,2.1176470588235285,1.8604736441820944,48140.00000070897,4.470256961496864,2814000.0,
0.8235294117647058,1.1015594593808153,1.8141176470588232,1.5938057551826603,48150.00000070955,4.374747915036226,2815000.0,
0.8235294117647058,1.3973088862184664,2.3011764705882354,2.0217146933445425,48160.00000071013,4.734443647624835,2816000.0,
0.8705882352941177,1.3630190975996084,2.244705882352941,1.97210206283302,48170.000000710716,4.439681395961323,2817000.0,
0.8352941176470589,1.307298191093964,2.1529411764705877,1.8914815382517955,48180.0000007113,4.561128820396626,2818000.0,
0.8588235294117647,1.0672696707619576,1.7576470588235291,1.544193124671138,48190.00000071188,4.157229068766332,2819000.0,
0.8470588235294118,1.0606451028376083,2.3435294117647056,2.131400391197184,48200.00000071246,4.6355142966416665,2820000.0,
0.8,1.1277341003062518,2.491764705882353,2.2662178858211024,48210.000000713044,4.539664684282527,2821000.0,
0.8235294117647058,1.1437076711321195,2.527058823529412,2.2983172893029877,48220.000000713626,4.429927886448757,2822000.0,
0.8117647058823529,1.0702292453331288,2.3647058823529403,2.1506600332863153,48230.00000071421,4.4041925486739295,2823000.0,
0.8352941176470589,0.9743878203779229,2.1529411764705877,1.9580636123950041,48240.00000071479,4.165954432919872,2824000.0,
0.8941176470588236,1.0734239594983022,2.371764705882353,2.157079913982692,48250.00000071537,4.003168902138756,2825000.0,
0.788235294117647,1.0446715320117403,2.308235294117647,2.0993009877152984,48260.000000715954,4.5050280630774635,2826000.0,
0.8588235294117647,1.0095296761948316,2.2305882352941175,2.028682300055151,48270.000000716536,4.094381129887057,2827000.0,
0.8705882352941177,1.1692653844535077,2.583529411764706,2.349676334874004,48280.00000071712,4.223072401131688,2828000.0,
0.8705882352941177,1.0063349620296582,2.223529411764705,2.0222624193587744,48290.0000007177,4.0364631321313515,2829000.0,
0.8470588235294118,1.0893975303241696,2.4070588235294115,2.1891793174645775,48300.00000071828,4.247202640038276,2830000.0,
0.9294117647058824,1.348169377703225,2.978823529411764,2.7091896538711193,48310.000000718865,4.149799963417442,2831000.0,
0.8235294117647058,1.054255674507261,2.329411764705882,2.1185606298044304,48320.00000071945,4.327021890547475,2832000.0,
0.8352941176470589,1.1692653844535077,2.583529411764706,2.3496763348740037,48330.00000072003,4.40432898146136,2833000.0,
0.8941176470588236,0.9839719628734437,2.1741176470588233,1.9773232544841346,48340.00000072061,3.907860748019124,2834000.0,
0.8705882352941177,1.1500970994624666,2.541176470588235,2.3111570506957415,48350.00000072119,4.204838560263821,2835000.0,
0.8588235294117647,1.1820442411142018,2.6117647058823525,2.375355857659512,48360.000000721775,4.300185760272911,2836000.0,
0.8117647058823529,1.0542556745072613,2.329411764705882,2.1185606298044295,48370.00000072236,4.39263090345413,2837000.0,
0.8470588235294118,1.1724600986186813,2.5905882352941174,2.356096215570381,48380.00000072294,4.349707060941778,2838000.0,
0.8941176470588236,1.121344671975905,2.4776470588235298,2.2533781244283477,48390.00000072352,4.064132856883873,2839000.0,
0.8352941176470589,1.0031402478644849,2.216470588235294,2.0158425386623966,48400.0000007241,4.209390437657829,2840000.0,
0.788235294117647,1.0031402478644846,2.216470588235294,2.015842538662397,48410.000000724685,4.461294344383705,2841000.0,
0.8352941176470589,1.1500970994624664,2.541176470588235,2.3111570506957415,48420.00000072527,4.386451457176606,2842000.0,
0.8823529411764706,0.9935561053689644,2.195294117647059,1.9965828965732655,48430.00000072585,3.975627586154582,2843000.0,
0.8117647058823529,1.0670345311679552,2.3576470588235288,2.1442401525899375,48440.00000072643,4.412430944268264,2844000.0,
0.8470588235294118,1.003140247864485,2.2164705882352935,2.0158425386623966,48450.000000727014,4.153704459357189,2845000.0,
0.7764705882352941,0.9648036778824027,2.131764705882353,1.938803970305872,48460.000000727596,4.4825471609885295,2846000.0,
0.788235294117647,1.2107966686007634,2.675294117647059,2.4331347839269064,48470.00000072818,4.728321146810536,2847000.0,
0.7647058823529411,0.9967508195341377,2.202352941176471,2.0030027772696424,48480.00000072876,4.594517225625309,2848000.0,
0.8823529411764706,0.9711931062127493,2.145882352941176,1.9516437316986266,48490.00000072934,3.953482853777725,2849000.0,
0.8117647058823529,1.0159191045251785,2.244705882352941,2.041522061447905,48500.000000729924,4.352940925940408,2850000.0,
0.8,0.98077724870827,2.1670588235294113,1.9709033737877575,48510.000000730506,4.373615678609607,2851000.0,
0.788235294117647,0.9552195353868822,2.1105882352941174,1.9195443282167406,48520.00000073109,4.407066574822949,2852000.0,
0.8117647058823529,0.9999455336993114,2.209411764705882,2.00942265796602,48530.00000073167,4.335002469126035,2853000.0,
0.8352941176470589,1.0766186736634757,2.3788235294117643,2.16349979467907,48540.00000073225,4.305244891079616,2854000.0,
0.8588235294117647,0.8945199662485851,1.9764705882352938,1.7975665949855768,48550.000000732834,3.975808179950539,2855000.0,
0.8941176470588236,1.3226116643818369,2.9223529411764706,2.657830608300103,48560.00000073342,4.29818146681208,2856000.0,
0.8941176470588236,1.0159191045251788,2.24470588235294,2.041522061447905,48570.000000734,3.955696366972428,2857000.0,
0.9294117647058824,1.1373182428017727,2.512941176470588,2.285477527910234,48580.00000073458,3.9366057043470546,2858000.0,
0.8117647058823529,1.0159191045251788,2.244705882352941,2.0415220614479055,48590.00000073516,4.35815831724506,2859000.0,
0.9294117647058824,1.2235755252614575,2.703529411764706,2.4588143067124135,48600.000000735745,4.0304268310442435,2860000.0,
0.8823529411764706,0.9711931062127496,2.1458823529411766,1.951643731698626,48610.00000073633,3.9598828537780975,2861000.0,
0.8117647058823529,0.8753516812575438,1.9341176470588228,1.7590473108073146,48620.00000073691,4.186734679886481,2862000.0,
0.9294117647058824,1.0606451028376078,2.343529411764705,2.1314003911971837,48630.00000073749,3.8566409334996825,2863000.0,
0.8470588235294118,1.041476817846567,2.3011764705882354,2.0928811070189215,48640.00000073807,4.20951846558665,2864000.0,
0.8117647058823529,1.0255032470206995,2.2658823529411762,2.0607817035370366,48650.000000738655,4.373443130464382,2865000.0,
0.8470588235294118,1.166070670288334,2.576470588235294,2.343256454177627,48660.00000073924,4.357719541386023,2866000.0,
0.8235294117647058,1.0382821036813936,2.2941176470588234,2.0864612263225446,48670.00000073982,4.327625411688658,2867000.0,
0.8941176470588236,1.0159191045251788,2.244705882352941,2.041522061447905,48680.0000007404,3.9614858406569753,2868000.0,
0.8705882352941177,1.1309288144714256,2.498823529411764,2.2726377665174793,48690.00000074098,4.201199313991398,2869000.0,
0.8352941176470589,0.936051250395841,2.0682352941176467,1.8810250440384788,48700.000000741566,4.145974032238606,2870000.0,
0.9294117647058824,1.150097099462467,2.541176470588235,2.3111570506957406,48710.00000074215,3.9569373855646397,2871000.0,
0.8941176470588236,0.9807772487082701,2.1670588235294113,1.9709033737877582,48720.00000074273,3.9242877124408184,2872000.0,
0.8941176470588236,1.0766186736634755,2.378823529411765,2.163499794679069,48730.00000074331,4.032005095614434,2873000.0,
0.8470588235294118,1.0286979611858729,2.272941176470588,2.0672015842334135,48740.000000743894,4.199987870918098,2874000.0,
0.8705882352941177,1.0957869586545168,2.421176470588235,2.2020190788573317,48750.000000744476,4.164076912039732,2875000.0,
0.7764705882352941,0.9520248212217084,2.1035294117647054,1.9131244475203644,48760.00000074506,4.484271360744755,2876000.0,
0.8117647058823529,1.0542556745072613,2.3294117647058816,2.1185606298044304,48770.00000074564,4.415819309252581,2877000.0,
0.8941176470588236,1.1021763869848638,2.4352941176470586,2.2148588402500855,48780.00000074622,4.063220959197718,2878000.0,
0.8352941176470589,1.0350873895162198,2.2870588235294114,2.0800413456261677,48790.000000746804,4.269608846678793,2879000.0,
0.8352941176470589,1.6159062886636866,2.6611764705882353,2.337995212855498,48800.00000074739,4.472879090539482,2880000.0,
0.8235294117647058,1.3030119675166068,2.145882352941176,1.8852799594378549,48810.00000074797,4.6570831034890245,2881000.0,
0.8,1.0972732358034587,1.8070588235294116,1.5876041763687203,48820.00000074855,4.537470956597301,2882000.0,
0.8117647058823529,1.3844502154863942,2.28,2.0031099569027213,48830.00000074913,4.8260589611836,2883000.0,
0.8941176470588236,1.3373017561354652,2.2023529411764713,1.9348925899493776,48840.000000749715,4.329348016800549,2884000.0,
0.788235294117647,1.0887007886487439,1.792941176470588,1.5752010187408396,48850.0000007503,4.59610995582795,2885000.0,
0.8705882352941177,1.2215737195468188,2.0117647058823525,1.7674499619729893,48860.00000075088,4.314507650902857,2886000.0,
0.8823529411764706,1.478747134188254,2.4352941176470586,2.139544690809408,48870.00000075146,4.5489774188178105,2887000.0,
0.8352941176470589,1.2430048374336051,2.0470588235294116,1.798457856042691,48880.00000075204,4.523594523763281,2888000.0,
0.8117647058823529,1.075842117916672,1.7717647058823525,1.5565962822990187,48890.000000752625,4.449367826496462,2889000.0,
0.8823529411764706,1.3158706382486782,2.1670588235294117,1.9038846958796762,48900.00000075321,4.36598405675305,2890000.0,
0.8705882352941177,1.2601497317430344,2.0752941176470587,1.8232641712984519,48910.00000075379,4.361520637885154,2891000.0,
0.8235294117647058,1.4701746870335397,2.4211764705882355,2.1271415331815273,48920.00000075437,4.866352120045666,2892000.0,
0.8588235294117647,1.2001426016600325,1.9764705882352942,1.7364420679032877,48930.00000075495,4.352492070499327,2893000.0,
0.8705882352941177,1.393022662641109,2.2941176470588234,2.015513114530602,48940.000000755535,4.515766572024929,2894000.0,
0.8235294117647058,1.1315630244223165,1.8635294117647059,1.6372168068802428,48950.00000075612,4.456895101160709,2895000.0,
0.8823529411764706,1.2601497317430341,2.0752941176470587,1.8232641712984523,48960.0000007567,4.30603369604684,2896000.0,
0.8,1.2044288252373894,1.9835294117647058,1.742643646717228,48970.00000075728,4.680238972801994,2897000.0,
0.8470588235294118,1.148707918731746,1.8917647058823523,1.6620231221360042,48980.000000757864,4.354999626354975,2898000.0,
0.8705882352941177,1.4187400041052527,2.3364705882352936,2.0527225874142436,48990.000000758446,4.548009464247413,2899000.0,
0.788235294117647,1.0672696707619573,1.7576470588235296,1.5441931246711376,49000.00000075903,4.577876448061653,2900000.0,
0.8235294117647058,1.238718613856248,2.0399999999999996,1.7922562772287507,49010.00000075961,4.590441174044968,2901000.0,
0.9176470588235294,1.307298191093964,2.1529411764705877,1.8914815382517955,49020.00000076019,4.194873669850718,2902000.0,
0.8,1.341587979712822,2.209411764705882,1.9410941687633179,49030.000000760774,4.855217327661196,2903000.0,
0.8352941176470589,1.2644359553203914,2.0823529411764703,1.8294657501123925,49040.000000761356,4.558265580388831,2904000.0,
0.8352941176470589,1.2430048374336051,2.047058823529412,1.798457856042691,49050.00000076194,4.533171988552571,2905000.0,
0.8941176470588236,1.2772946260524631,2.103529411764706,1.8480704865542132,49060.00000076252,4.273813726576813,2906000.0,
0.8117647058823529,1.2644359553203914,2.0823529411764707,1.8294657501123925,49070.0000007631,4.692128350834985,2907000.0,
0.8117647058823529,1.2344323902788907,2.0329411764705885,1.78605469841481,49080.000000763685,4.655747147523025,2908000.0,
0.8941176470588236,1.303011967516607,2.145882352941176,1.8852799594378555,49090.00000076427,4.304155490056538,2909000.0,
0.8470588235294118,1.3801639919090376,2.2729411764705882,1.9969083780887809,49100.00000076485,4.634913046078555,2910000.0,
0.8705882352941177,1.2687221788977485,2.0894117647058823,1.835667328926333,49110.00000076543,4.382178178536468,2911000.0,
0.8352941176470589,1.1487079187317457,1.8917647058823528,1.662023122136004,49120.00000076601,4.424224973205503,2912000.0,
0.8470588235294118,1.2987257439392494,2.1388235294117646,1.8790783806239149,49130.000000766595,4.540437336669873,2913000.0,
0.8352941176470589,1.2558635081656768,2.068235294117647,1.8170625924845119,49140.00000076718,4.553636594358867,2914000.0,
0.8352941176470589,1.1658528130411745,1.9199999999999995,1.686829437391765,49150.00000076776,4.4464406917450585,2915000.0,
0.8470588235294118,1.3844502154863945,2.28,2.0031099569027213,49160.00000076834,4.643306504468684,2916000.0,
0.8352941176470589,1.1615665894638174,1.9129411764705881,1.6806278585778254,49170.00000076892,4.442436057884909,2917000.0,
0.8588235294117647,1.3415879797128218,2.209411764705882,1.9410941687633183,49180.000000769505,4.530887373712277,2918000.0,
0.7529411764705882,1.2430048374336051,2.047058823529412,1.7984578560426907,49190.00000077009,5.037737674801017,2919000.0,
0.7647058823529411,1.1701390366185316,1.927058823529412,1.6930310162057052,49200.00000077067,4.865563355661325,2920000.0,
0.7764705882352941,1.2944395203618921,2.1317647058823535,1.8728768018099746,49210.00000077125,4.952532715699608,2921000.0,
0.8352941176470589,1.277294626052463,2.103529411764706,1.8480704865542137,49220.00000077183,4.583800608730634,2922000.0,
0.7764705882352941,0.990117646369527,1.6305882352941172,1.4325647060202122,49230.000000772416,4.561815150709511,2923000.0,
0.7647058823529411,1.2344323902788905,2.032941176470588,1.7860546984148102,49240.000000773,4.9521008181404,2924000.0,
0.8352941176470589,1.3115844146713211,2.1599999999999997,1.897683117065736,49250.00000077358,4.626541904964577,2925000.0,
0.8117647058823529,1.2430048374336051,2.0470588235294116,1.798457856042691,49260.00000077416,4.67674219112002,2926000.0,
0.8235294117647058,1.2944395203618924,2.1317647058823526,1.8728768018099746,49270.000000774744,4.67295941765983,2927000.0,
0.8352941176470589,1.243004837433605,2.0470588235294116,1.7984578560426907,49280.000000775326,4.546129735032197,2928000.0,
0.8705882352941177,1.1487079187317453,1.891764705882353,1.6620231221360042,49290.00000077591,4.254053690508518,2929000.0,
0.8470588235294118,1.3587328740222513,2.237647058823529,1.9659004840190797,49300.00000077649,4.6207235319073,2930000.0,
0.8588235294117647,1.3973088862184664,2.3011764705882354,2.0217146933445425,49310.00000077707,4.602891168958989,2931000.0,
0.8705882352941177,1.2601497317430341,2.0752941176470587,1.8232641712984519,49320.000000777654,4.383682800048606,2932000.0,
0.7647058823529411,1.0201212114110279,1.6799999999999997,1.4759757577177945,49330.00000077824,4.67738619962121,2933000.0,
0.8255813953488372,1.4488432487648313,2.386046511627907,2.0962778618749414,49340.00000077882,4.8163425267495645,2934000.0,
0.813953488372093,1.207369373970693,1.9883720930232556,1.7468982182291177,49350.0000007794,4.589050945241794,2935000.0,
0.8023255813953488,1.228551292812284,2.023255813953488,1.777545555391032,49360.00000077998,4.682539292569634,2936000.0,
0.7790697674418605,1.3683519571667853,2.253488372093023,1.979817980659666,49370.000000780565,5.002359228683495,2937000.0,
0.8372093023255814,1.342933654556876,2.211627906976744,1.943041176065369,49380.00000078115,4.625167976352003,2938000.0,
0.8604651162790697,1.2031329902023749,1.9813953488372087,1.7407687507967347,49390.00000078173,4.338232934633235,2939000.0,
0.8604651162790697,1.0167363569860373,2.246511627906977,2.043164356509769,49400.00000078231,4.525861342131428,2940000.0,
0.813953488372093,1.0388393212683424,2.2953488372093025,2.0875809729556334,49410.00000078289,4.385428309064819,2941000.0,
0.8255813953488372,1.2314508671570015,2.720930232558139,2.4746400591267386,49420.000000783475,4.557529219450202,2942000.0,
0.7674418604651163,0.9977909590297757,2.204651162790697,2.0050929709847423,49430.00000078406,4.598936704273109,2943000.0,
0.8488372093023255,0.9977909590297757,2.204651162790697,2.0050929709847423,49440.00000078464,4.158490718931884,2944000.0,
0.8255813953488372,0.814652112119247,1.7999999999999994,1.6370695775761501,49450.00000078522,4.054364530249639,2945000.0,
0.8604651162790697,1.1682995406361298,2.581395348837209,2.3477354407099833,49460.0000007858,4.301534601353765,2946000.0,
0.872093023255814,1.0830452498329524,2.3930232558139535,2.176414205847363,49470.000000786385,4.1469558865481035,2947000.0,
0.8488372093023255,1.1177784794194323,2.469767441860465,2.2462117459765785,49480.00000078697,4.302037660760923,2948000.0,
0.872093023255814,1.01042122433395,2.232558139534884,2.030473894668093,49490.00000078755,4.064747003975976,2949000.0,
0.8837209302325582,1.016736356986037,2.246511627906976,2.0431643565097692,49500.00000078813,4.018935877714211,2950000.0,
0.8255813953488372,0.9346396325089038,2.0651162790697675,1.8781883525679866,49510.000000788714,4.203081808468294,2951000.0,
0.8372093023255814,1.0072636580079064,2.2255813953488373,2.0241286637472555,49520.000000789296,4.232006591585631,2952000.0,
0.8255813953488372,1.1272511783975627,2.490697674418604,2.2652474387390917,49530.00000078988,4.4375126950377215,2953000.0,
0.8953488372093024,1.1146209130933882,2.4627906976744187,2.2398665150557404,49540.00000079046,4.078145435474306,2954000.0,
0.8023255813953488,1.0862028161589963,2.4,2.1827594367682,49550.00000079104,4.516133944857481,2955000.0,
0.813953488372093,1.1682995406361296,2.581395348837209,2.3477354407099833,49560.000000791624,4.553050864288599,2956000.0,
0.8604651162790697,1.048312020246473,2.316279069767442,2.1066166657181475,49570.000000792206,4.168035591171538,2957000.0,
0.813953488372093,1.1651419743100864,2.574418604651163,2.3413902097891452,49580.00000079279,4.5503144256595265,2958000.0,
0.8604651162790697,1.0356817549422987,2.288372093023255,2.0812357420347953,49590.00000079337,4.154438255818101,2959000.0,
0.8604651162790697,1.1904025049184348,2.630232558139535,2.3921520571558474,49600.00000079395,4.334789397682291,2960000.0,
0.8604651162790697,1.1146209130933888,2.4627906976744187,2.2398665150557404,49610.000000794535,4.247259439615377,2961000.0,
0.813953488372093,1.1840873722663476,2.6162790697674416,2.379461595314172,49620.00000079512,4.575875914577352,2962000.0,
0.8488372093023255,1.0830452498329528,2.393023255813954,2.1764142058473626,49630.0000007957,4.269338239604727,2963000.0,
0.8488372093023255,1.019893923312081,2.2534883720930234,2.0495095874306064,49640.00000079628,4.195488731648663,2964000.0,
0.8604651162790697,1.0767301171808654,2.3790697674418606,2.163723744005687,49650.00000079686,4.205386352473921,2965000.0,
0.8255813953488372,1.1809298059403042,2.6093023255813956,2.373116364393334,49660.000000797445,4.509855821357525,2966000.0,
0.8604651162790697,1.1209360457454758,2.4767441860465116,2.2525569768974165,49670.00000079803,4.257841891076099,2967000.0,
0.8488372093023255,0.8778034386401192,1.93953488372093,1.7639741959929065,49680.00000079861,4.030286242857164,2968000.0,
0.9069767441860465,1.0546271528985602,2.330232558139535,2.119307127559822,49690.00000079919,3.9674068609589903,2969000.0,
0.8953488372093024,1.2882870610257862,2.8465116279069766,2.588854215701819,49700.00000079977,4.280421912386299,2970000.0,
0.8023255813953488,1.2282933008309584,2.7139534883720926,2.4682948282059014,49710.000000800355,4.702507592420176,2971000.0,
0.9186046511627907,1.1967176375705224,2.644186046511628,2.404842518997523,49720.00000080094,4.073386289070847,2972000.0,
0.8953488372093024,1.0735725508548217,2.372093023255813,2.1573785130848493,49730.00000080152,4.042169342585053,2973000.0,
0.8488372093023255,1.0041060916818627,2.2186046511627904,2.017783432826418,49740.0000008021,4.182368820413383,2974000.0,
0.9186046511627907,1.2282933008309578,2.7139534883720926,2.468294828205901,49750.000000802684,4.109278783253182,2975000.0,
0.872093023255814,1.187244938592391,2.6232558139534885,2.38580682623501,49760.000000803266,4.2819048629931595,2976000.0,
0.8372093023255814,0.9125366682265985,2.0162790697674415,1.833771736122122,49770.00000080385,4.132749353792099,2977000.0,
0.8023255813953488,1.0767301171808656,2.3790697674418606,2.163723744005687,49780.00000080443,4.517660725842036,2978000.0,
0.8488372093023255,1.0293666222902118,2.274418604651162,2.0685452801931206,49790.00000080501,4.214867527705569,2979000.0,
0.8488372093023255,0.9914758263776883,2.190697674418604,1.9924025091430664,49800.000000805594,4.170777001014135,2980000.0,
0.8023255813953488,0.956742596791209,2.113953488372093,1.9226049690138507,49810.000000806176,4.3698501931825655,2981000.0,
0.7906976744186046,0.9093791019005549,2.009302325581395,1.827426505201284,49820.00000080676,4.3748000407206336,2982000.0,
0.8255813953488372,1.0704149845287785,2.365116279069767,2.1510332821640112,49830.00000080734,4.385570263028629,2983000.0,
0.8372093023255814,0.9914758263776885,2.1906976744186046,1.992402509143067,49840.00000080792,4.230926681583906,2984000.0,
0.8604651162790697,1.1051482141152578,2.441860465116279,2.220830822293227,49850.000000808504,4.24922360026317,2985000.0,
0.8604651162790697,1.0230514896381244,2.2604651162790694,2.0558548183514453,49860.00000080909,4.154354433978964,2986000.0,
0.8372093023255814,1.1967176375705222,2.644186046511628,2.404842518997523,49870.00000080967,4.477743289397665,2987000.0,
0.7906976744186046,1.101990647789214,2.434883720930232,2.2144855913723895,49880.00000081025,4.621926407580025,2988000.0,
0.813953488372093,1.0198939233120807,2.253488372093023,2.0495095874306064,49890.00000081083,4.389581105863008,2989000.0,
0.7906976744186046,0.9946333927037322,2.197674418604651,1.998747740063905,49900.000000811415,4.487327526148455,2990000.0,
0.872093023255814,1.158826841657999,2.56046511627907,2.3286997479474696,49910.000000812,4.257318778508856,2991000.0,
0.8372093023255814,1.0798876835069091,2.386046511627907,2.170068974926525,49920.00000081258,4.340974177599623,2992000.0,
0.813953488372093,0.9630577294432959,2.127906976744186,1.9352954308555266,49930.00000081316,4.322039496252921,2993000.0,
0.8488372093023255,1.0925179488110837,2.4139534883720932,2.195449898609876,49940.00000081374,4.297484158949815,2994000.0,
0.8604651162790697,1.067257418202735,2.358139534883721,2.144688051243174,49950.000000814325,4.210593756365145,2995000.0,
0.8953488372093024,1.2188206018528271,2.6930232558139537,2.4492591354433877,49960.00000081491,4.21634249045365,2996000.0,
0.8372093023255814,1.1682995406361296,2.5813953488372094,2.347735440709983,49970.00000081549,4.449355006948576,2997000.0,
0.8372093023255814,1.035681754942299,2.2883720930232556,2.0812357420347953,49980.00000081607,4.291505985147643,2998000.0,
0.813953488372093,1.0198939233120807,2.2534883720930234,2.049509587430607,49990.00000081665,4.395295391577626,2999000.0,
0.7674418604651163,1.4107157948499676,2.3232558139534882,2.041112654983495,50000.000000817236,4.703427037133844,3000000.0,
0.8255813953488372,1.2920970493370574,2.1279069767441863,1.8694875668767748,50010.00000081782,4.664227411951924,3001000.0,
0.872093023255814,1.3429336545568762,2.2116279069767435,1.943041176065369,50020.0000008184,4.474294590633243,3002000.0,
0.872093023255814,1.3386972707885578,2.204651162790697,1.9369117086329866,50030.00000081898,4.469970203912269,3003000.0,
0.8372093023255814,1.0760414771528282,1.772093023255814,1.5568847278252482,50040.000000819564,4.343046764454859,3004000.0,
0.813953488372093,1.2158421415073295,2.0023255813953487,1.759157153093883,50050.000000820146,4.63946034536056,3005000.0,
0.7906976744186046,1.186187455129102,1.9534883720930232,1.7162508810672032,50060.00000082073,4.738998840392853,3006000.0,
0.8255813953488372,1.2370240603489207,2.037209302325581,1.7898044902557975,50070.00000082131,4.600899566135503,3007000.0,
0.7674418604651163,1.1141689310676923,1.8348837209302324,1.612049934716694,50080.00000082189,4.78997466783996,3008000.0,
0.7674418604651163,1.1734783038241472,1.9325581395348836,1.6978624787700543,50090.000000822474,4.867862638401437,3009000.0,
0.8023255813953488,1.2539695954221932,2.0651162790697675,1.8143223599853286,50100.000000823056,4.757118626259842,3010000.0,
0.8488372093023255,1.0633323258478737,1.7511627906976743,1.5384963255281,50110.00000082364,4.27241616477452,3011000.0,
0.7906976744186046,1.1395872336776016,1.8767441860465106,1.6488267393109914,50120.00000082422,4.683592677969102,3012000.0,
0.8255813953488372,1.4191885623866043,2.3372093023255816,2.053371589848261,50130.0000008248,4.824929808040499,3013000.0,
0.8953488372093024,1.4234249461549224,2.3441860465116275,2.0595010572806434,50140.000000825385,4.4542122775967945,3014000.0,
0.813953488372093,1.033677639469646,1.7023255813953486,1.4955900535014195,50150.00000082597,4.421372528571738,3015000.0,
0.7674418604651163,0.9786046504815094,1.611627906976744,1.4159069768804424,50160.00000082655,4.618178787076429,3016000.0,
0.8604651162790697,1.1014597797627375,1.813953488372093,1.5936615324195458,50170.00000082713,4.262234338719354,3017000.0,
0.8255813953488372,1.2031329902023749,1.9813953488372094,1.7407687507967344,50180.00000082771,4.566045593845682,3018000.0,
0.8604651162790697,1.3471700383251946,2.21860465116279,1.9491706434977523,50190.000000828295,4.548870585156868,3019000.0,
0.7906976744186046,0.9997865693231003,1.6465116279069767,1.446554314042357,50200.00000082888,4.5114918377563304,3020000.0,
0.8604651162790697,1.3937702597766946,2.2953488372093025,2.0165947852539636,50210.00000082946,4.604108680357323,3021000.0,
0.8255813953488372,1.1946602226657383,1.967441860465116,1.728509815931969,50220.00000083004,4.55803632612538,3022000.0,
0.8604651162790697,1.1438236174459193,1.8837209302325577,1.6549562067433743,50230.00000083062,4.314711231162161,3023000.0,
0.9186046511627907,1.3556428058618308,2.2325581395348837,1.9614295783625173,50240.000000831205,4.2727225482249445,3024000.0,
0.8953488372093024,1.4191885623866043,2.3372093023255816,2.053371589848261,50250.00000083179,4.455195017803941,3025000.0,
0.813953488372093,1.0421504070062826,1.7162790697674417,1.507848988366185,50260.00000083237,4.438067642974257,3026000.0,
0.8604651162790697,1.3090425844103304,2.155813953488372,1.8940054366063064,50270.00000083295,4.508884625202008,3027000.0,
0.8255813953488372,1.2454968278855572,2.0511627906976746,1.802063425120563,50280.000000833534,4.622993340898879,3028000.0,
0.8837209302325582,1.3471700383251943,2.2186046511627904,1.9491706434977518,50290.000000834116,4.434426622389887,3029000.0,
0.8255813953488372,1.131114466140965,1.8627906976744182,1.636567804446226,50300.0000008347,4.485572452025212,3030000.0,
0.8604651162790697,1.2836242818004209,2.1139534883720925,1.8572286320120086,50310.00000083528,4.481506597844671,3031000.0,
0.8255813953488372,1.2370240603489207,2.0372093023255804,1.7898044902557975,50320.00000083586,4.614984073178576,3032000.0,
0.8837209302325582,1.3175153519469667,2.169767441860465,1.906264371471072,50330.000000836444,4.40297526675149,3033000.0,
0.8255813953488372,1.2327876765806023,2.030232558139535,1.7836750228234146,50340.000000837026,4.610979439318425,3034000.0,
0.8604651162790697,1.165005536287511,1.9186046511627908,1.6856035439052888,50350.00000083761,4.345814542248712,3035000.0,
0.8372093023255814,1.2963334331053757,2.1348837209302327,1.8756170343091576,50360.00000083819,4.623951045176991,3036000.0,
0.8372093023255814,1.283624281800421,2.1139534883720925,1.8572286320120093,50370.00000083877,4.609326225562771,3037000.0,
0.8023255813953488,1.224314909043966,2.0162790697674415,1.771416087958649,50380.000000839354,4.736389596861837,3038000.0,
0.813953488372093,1.1861874551291018,1.9534883720930236,1.7162508810672021,50390.00000083994,4.622456016382726,3039000.0,
0.813953488372093,1.3132789681786483,2.162790697674419,1.9001349040386888,50400.00000084052,4.779168446700774,3040000.0,
0.7906976744186046,1.2793878980321027,2.1069767441860465,1.851099164579626,50410.0000008411,4.877458224065494,3041000.0,
0.872093023255814,1.1988966064340567,1.9744186046511627,1.7346392833643518,50420.00000084168,4.33046544212032,3042000.0,
0.8837209302325582,1.4446068649965131,2.3790697674418606,2.090148394442558,50430.000000842265,4.552052505202599,3043000.0,
0.8488372093023255,1.2582059791905118,2.072093023255814,1.820451827417712,50440.00000084285,4.520075537206626,3044000.0,
0.8372093023255814,1.245496827885557,2.0511627906976746,1.8020634251205634,50450.00000084343,4.568229544498054,3045000.0,
0.8023255813953488,1.148060001214238,1.8906976744186046,1.6610856741757576,50460.00000084401,4.645984929132301,3046000.0,
0.7558139534883721,1.1226416986043288,1.848837209302326,1.6243088695814598,50470.00000084459,4.8988767090104455,3047000.0,
0.872093023255814,1.474261551374741,2.4279069767441857,2.133054666469238,50480.000000845175,4.649417245652489,3048000.0,
0.7441860465116279,0.9447135803349634,1.5558139534883721,1.3668712374213794,50490.00000084576,4.737580748664347,3049000.0,
0.9302325581395349,1.5293345403628773,2.518604651162791,2.2127377430902158,50500.00000084634,4.419032130961514,3050000.0,
0.872093023255814,1.398006643545013,2.302325581395349,2.0227242526863463,50510.00000084692,4.563578284674495,3051000.0,
0.8488372093023255,1.1565327687508742,1.9046511627906975,1.673344609040523,50520.0000008475,4.404679700250596,3052000.0,
0.872093023255814,1.2920970493370574,2.127906976744186,1.8694875668767748,50530.000000848086,4.443201949982767,3053000.0,
0.8255813953488372,1.2709151304954662,2.093023255813953,1.8388402297148603,50540.00000084867,4.6684295947652545,3054000.0,
0.8023255813953488,1.3768247247034218,2.267441860465116,1.9920769155244322,50550.00000084925,4.936329367104631,3055000.0,
0.7906976744186046,1.1141689310676923,1.8348837209302324,1.612049934716694,50560.00000084983,4.677328354081605,3056000.0,
0.813953488372093,1.203132990202375,1.9813953488372094,1.7407687507967347,50570.000000850414,4.653560530901918,3057000.0,
0.8488372093023255,1.2624423629588297,2.079069767441861,1.8265812948500946,50580.000000850996,4.53273757835879,3058000.0,
0.8255813953488372,1.3344608870202395,2.1976744186046506,1.9307822412006035,50590.00000085158,4.748217412527819,3059000.0,
0.8488372093023255,1.0167363569860373,2.2465116279069766,2.043164356509769,50600.00000085216,4.653612867369933,3060000.0,
0.8372093023255814,1.0293666222902116,2.274418604651163,2.06854528019312,50610.00000085274,4.318962910037466,3061000.0,
0.7558139534883721,0.9725304284214269,2.1488372093023256,1.9543311236180398,50620.000000853324,4.70949872076899,3062000.0,
0.8488372093023255,1.0325241886162553,2.2813953488372087,2.0748905111139577,50630.00000085391,4.264614797626601,3063000.0,
0.872093023255814,1.057784719224604,2.3372093023255816,2.1256523584806604,50640.00000085449,4.180390478120828,3064000.0,
0.9302325581395349,1.0988330814631708,2.4279069767441857,2.2081403604515515,50650.00000085507,3.9637430626447654,3065000.0,
0.7674418604651163,0.9441123314870347,2.0860465116279068,1.8972240453304994,50660.00000085565,4.603537280509634,3066000.0,
0.8604651162790697,1.0325241886162553,2.281395348837209,2.0748905111139577,50670.000000856235,4.209147030091232,3067000.0,
0.8604651162790697,1.038839321268342,2.295348837209302,2.087580972955634,50680.00000085682,4.217026778849094,3068000.0,
0.8488372093023255,1.0135787906599936,2.2395348837209297,2.036819125588931,50690.0000008574,4.245583232911198,3069000.0,
0.8604651162790697,1.2535538314393067,2.7697674418604645,2.5190566755726036,50700.00000085798,4.467640939318116,3070000.0,
0.872093023255814,1.105148214115258,2.441860465116279,2.2208308222932267,50710.00000085856,4.23843395226233,3071000.0,
0.8604651162790697,1.1398814437017375,2.51860465116279,2.290628362422443,50720.000000859145,4.3366162724880315,3072000.0,
0.7674418604651163,0.9851606937256012,2.1767441860465118,1.9797120473013907,50730.00000085973,4.661266964638924,3073000.0,
0.8488372093023255,1.1746146732882168,2.5953488372093023,2.3604259025516585,50740.00000086031,4.438036464500769,3074000.0,
0.7906976744186046,0.9409547651609909,2.079069767441861,1.8908788144096618,50750.00000086089,4.469439850141428,3075000.0,
0.8255813953488372,1.0609422855506476,2.344186046511628,2.1319975894014975,50760.00000086147,4.426490655818731,3076000.0,
0.7790697674418605,0.9725304284214269,2.148837209302325,1.9543311236180398,50770.000000862055,4.57787189328387,3077000.0,
0.7906976744186046,0.9188518008786858,2.0302325581395353,1.8464621979637978,50780.00000086264,4.443250807078615,3078000.0,
0.8837209302325582,1.1714571069621735,2.5883720930232554,2.3540806716308205,50790.00000086322,4.261909357954317,3079000.0,
0.8372093023255814,1.2030327702226093,2.6581395348837207,2.4175329808391983,50800.0000008638,4.5369530311795545,3080000.0,
0.8372093023255814,0.9599001631172525,2.120930232558139,1.928950199934689,50810.000000864384,4.247100194914855,3081000.0,
0.8372093023255814,0.9883182600516451,2.1837209302325578,1.9860572782222288,50820.000000864966,4.281599588475412,3082000.0,
0.8488372093023255,1.0862028161589963,2.4,2.1827594367682006,50830.00000086555,4.338811536924166,3083000.0,
0.872093023255814,1.1935600712444783,2.637209302325582,2.398497288076685,50840.00000086613,4.346746215104239,3084000.0,
0.8837209302325582,1.1272511783975634,2.490697674418605,2.265247438739092,50850.00000086671,4.215044754578758,3085000.0,
0.8604651162790697,1.08936038248504,2.4069767441860463,2.1891046676890387,50860.000000867294,4.285470174317715,3086000.0,
0.8837209302325582,1.1714571069621733,2.588372093023256,2.354080671630821,50870.000000867876,4.266119884270351,3087000.0,
0.872093023255814,1.0988330814631704,2.4279069767441857,2.2081403604515515,50880.00000086846,4.2402592668217975,3088000.0,
0.813953488372093,1.2219781681788708,2.6999999999999993,2.4556043663642257,50890.00000086904,4.694998892416962,3089000.0,
0.9069767441860465,1.1967176375705222,2.644186046511628,2.4048425189975235,50900.00000086962,4.1861220107291235,3090000.0,
0.8255813953488372,1.2093479028746967,2.6720930232558135,2.4302234426808744,50910.000000870205,4.6147002768032825,3091000.0,
0.8255813953488372,1.0640998518766909,2.351162790697674,2.1383428203223365,50920.00000087079,4.439329398129674,3092000.0,
0.8604651162790697,1.0609422855506474,2.344186046511628,2.1319975894014975,50930.00000087137,4.256227521123911,3093000.0,
0.8837209302325582,1.0830452498329524,2.3930232558139535,2.176414205847362,50940.00000087195,4.16975909857171,3094000.0,
0.7790697674418605,1.0325241886162553,2.281395348837209,2.074890511113958,50950.00000087253,4.665625078012185,3095000.0,
0.872093023255814,1.0925179488110834,2.413953488372093,2.1954498986098754,50960.000000873115,4.237284581380987,3096000.0,
0.8488372093023255,1.196717637570522,2.6441860465116274,2.4048425189975235,50970.0000008737,4.476678312834082,3097000.0,
0.8953488372093024,1.2503962651132632,2.762790697674419,2.5127114446517655,50980.00000087428,4.304595828643715,3098000.0,
0.7790697674418605,1.0293666222902116,2.2744186046511627,2.06854528019312,50990.00000087486,4.663960142131134,3099000.0,
0.8488372093023255,1.1588268416579988,2.56046511627907,2.3286997479474696,51000.00000087544,4.43368367655367,3100000.0,
0.8255813953488372,1.0104212243339499,2.2325581395348832,2.0304738946680936,51010.000000876025,4.379380638007776,3101000.0,
0.872093023255814,0.9693728620953834,2.141860465116279,1.947985892697202,51020.00000087661,4.099278215280503,3102000.0,
0.8837209302325582,0.9883182600516448,2.1837209302325578,1.9860572782222294,51030.00000087719,4.067304873293138,3103000.0,
0.813953488372093,1.041996887594386,2.302325581395349,2.093926203876471,51040.00000087777,4.482450461985095,3104000.0,
0.8255813953488372,1.2188206018528274,2.693023255813953,2.4492591354433872,51050.00000087835,4.634061574157533,3105000.0,
0.9069767441860465,1.1083057804413015,2.4488372093023254,2.2271760532140656,51060.000000878936,4.096847399023025,3106000.0,
0.8488372093023255,0.9883182600516448,2.183720930232558,1.9860572782222288,51070.00000087952,4.236646169455998,3107000.0,
0.8604651162790697,1.0925179488110837,2.4139534883720932,2.1954498986098767,51080.0000008801,4.301031670318944,3108000.0,
0.8488372093023255,1.0135787906599938,2.23953488372093,2.0368191255889316,51090.00000088068,4.26750104113165,3109000.0,
0.9186046511627907,1.0483120202464733,2.316279069767442,2.1066166657181467,51100.000000881264,3.981704224646204,3110000.0,
0.7790697674418605,0.9188518008786858,2.030232558139535,1.8464621979637976,51110.000000881846,4.5292694758421295,3111000.0,
0.8604651162790697,1.0862028161589963,2.3999999999999995,2.182759436768201,51120.00000088243,4.295854624263941,3112000.0,
0.8837209302325582,1.0988330814631704,2.427906976744185,2.208140360451552,51130.00000088301,4.197624276469644,3113000.0,
0.9302325581395349,1.0072636580079062,2.225581395348837,2.024128663747256,51140.00000088359,3.889805932431783,3114000.0,
0.9186046511627907,1.0577847192246037,2.3372093023255816,2.1256523584806604,51150.000000884174,3.994547922268113,3115000.0,
0.7674418604651163,0.9788455610735142,2.1627906976744184,1.9670215854597155,51160.00000088476,4.679098761487721,3116000.0,
0.813953488372093,1.0356817549422985,2.2883720930232556,2.0812357420347958,51170.00000088534,4.482120441870105,3117000.0,
0.872093023255814,0.9377971988349474,2.072093023255813,1.8845335834888248,51180.00000088592,4.0716047880757,3118000.0,
0.8604651162790697,1.0735725508548217,2.3720930232558137,2.1573785130848497,51190.0000008865,4.284959991613365,3119000.0,
0.8837209302325582,1.529334540362878,2.5186046511627906,2.2127377430902153,51200.000000887085,4.24775794952929,3120000.0,
0.7906976744186046,1.3090425844103302,2.155813953488372,1.8940054366063064,51210.00000088767,4.9620215038995195,3121000.0,
0.8372093023255814,1.3980066435450127,2.302325581395348,2.0227242526863467,51220.00000088825,4.793171824316006,3122000.0,
0.7674418604651163,1.0718050933845098,1.7651162790697672,1.5507552603928652,51230.00000088883,4.804470273287144,3123000.0,
0.7906976744186046,1.3048062006420122,2.1488372093023256,1.8878759691739233,51240.00000088941,4.9584284303102795,3124000.0,
0.872093023255814,1.364115573398467,2.246511627906976,1.9736885132272834,51250.000000889995,4.564183190908753,3125000.0,
0.813953488372093,1.1607691525191928,1.9116279069767443,1.679474076472906,51260.00000089058,4.640942101750589,3126000.0,
0.8604651162790697,1.359879189630149,2.2395348837209297,1.9675590457949008,51270.00000089116,4.622019058298456,3127000.0,
0.872093023255814,1.4657887838381043,2.4139534883720932,2.120795731604472,51280.00000089174,4.682368472212962,3128000.0,
0.8488372093023255,1.1988966064340563,1.9744186046511627,1.7346392833643516,51290.00000089232,4.4967795638250205,3129000.0,
0.7209302325581395,1.0463867907746007,1.723255813953488,1.5139784557985683,51300.000000892906,5.083694580847026,3130000.0,
0.8255813953488372,1.1395872336776014,1.876744186046511,1.6488267393109914,51310.00000089349,4.552736649326422,3131000.0,
0.7906976744186046,1.2412604441172388,2.044186046511628,1.7959339576881803,51320.00000089407,4.882767620588045,3132000.0,
0.813953488372093,1.2412604441172386,2.0441860465116273,1.7959339576881803,51330.00000089465,4.7438314028569915,3133000.0,
0.872093023255814,1.2793878980321027,2.1069767441860465,1.8510991645796264,51340.000000895234,4.4718287898222675,3134000.0,
0.8372093023255814,1.321751735715285,2.1767441860465113,1.9123938389034543,51350.000000895816,4.709311795519806,3135000.0,
0.872093023255814,1.2158421415073293,2.002325581395349,1.7591571530938828,51360.0000008964,4.400029655673922,3136000.0,
0.8372093023255814,1.0209684881646914,1.6813953488372089,1.477201651204271,51370.00000089698,4.3511540276122185,3137000.0,
0.8488372093023255,1.2878606655687392,2.12093023255814,1.8633580994443915,51380.00000089756,4.606518044449728,3138000.0,
0.813953488372093,1.0929870122261012,1.7999999999999998,1.58140259755478,51390.000000898144,4.565095472248079,3139000.0,
0.8372093023255814,1.4318977136915587,2.35813953488372,2.0717599921454095,51400.000000898726,4.843652824769405,3140000.0,
0.8255813953488372,1.4361340974598769,2.3651162790697673,2.077889459577792,51410.00000089931,4.917568061795422,3141000.0,
0.8837209302325582,1.1819510713607835,1.9465116279069765,1.7101214136348204,51420.00000089989,4.306942001880991,3142000.0,
0.7674418604651163,1.135350849909283,1.8697674418604646,1.6426972718786086,51430.00000090047,4.899393531789826,3143000.0,
0.8488372093023255,1.550516459204469,2.5534883720930233,2.2433850802521293,51440.000000901055,4.9192358287331075,3144000.0,
0.8023255813953488,1.2158421415073295,2.0023255813953487,1.759157153093883,51450.00000090164,4.787858321385003,3145000.0,
0.8023255813953488,1.2582059791905116,2.072093023255814,1.820451827417712,51460.00000090222,4.841239336468423,3146000.0,
0.872093023255814,1.347170038325194,2.2186046511627904,1.9491706434977518,51470.0000009028,4.5564856440254164,3147000.0,
0.9302325581395349,1.181951071360784,1.9465116279069765,1.71012141363482,51480.00000090338,4.094594901787116,3148000.0,
0.7906976744186046,1.1777146875924653,1.93953488372093,1.7039919462024373,51490.000000903965,4.812400928513179,3149000.0,
0.813953488372093,1.1946602226657381,1.967441860465116,1.728509815931969,51500.00000090455,4.696293987931428,3150000.0,
0.8604651162790697,1.152296384982556,1.8976744186046515,1.6672151416081404,51510.00000090513,4.393747150195251,3151000.0,
0.872093023255814,1.3217517357152848,2.1767441860465113,1.9123938389034547,51520.00000090571,4.530005990366209,3152000.0,
0.7906976744186046,1.1734783038241472,1.9325581395348843,1.6978624787700536,51530.00000090629,4.80939609021809,3153000.0,
0.8023255813953488,1.012495720628055,1.6674418604651164,1.4649427163395052,51540.000000906875,4.539629448985051,3154000.0,
0.8023255813953488,1.368351957166785,2.2534883720930234,1.9798179806596663,51550.00000090746,4.983740120613067,3155000.0,
0.813953488372093,1.169241920055829,1.9255813953488368,1.6917330113376714,51560.00000090804,4.668494359010883,3156000.0,
0.813953488372093,1.181951071360784,1.9465116279069765,1.71012141363482,51570.00000090862,4.684679887757003,3157000.0,
0.813953488372093,1.3090425844103304,2.155813953488372,1.894005436606306,51580.000000909204,4.841392318075051,3158000.0,
0.8023255813953488,1.1311144661409651,1.8627906976744188,1.636567804446226,51590.000000909786,4.690371653537542,3159000.0,
0.813953488372093,1.050623174542919,1.730232558139535,1.520107923230951,51600.00000091037,4.525048471666584,3160000.0,
0.8372093023255814,1.3683519571667855,2.2534883720930234,1.979817980659666,51610.00000091095,4.779417615587717,3161000.0,
0.8604651162790697,1.228551292812284,2.023255813953488,1.7775455553910318,51620.00000091153,4.488313664700416,3162000.0,
0.8023255813953488,1.2836242818004209,2.113953488372093,1.857228632012009,51630.000000912114,4.88277519189584,3163000.0,
0.7790697674418605,1.245496827885557,2.0511627906976746,1.802063425120563,51640.000000912696,4.980186973196075,3164000.0,
0.8488372093023255,1.1988966064340563,1.974418604651163,1.7346392833643516,51650.00000091328,4.516505591223428,3165000.0,
0.813953488372093,1.249733211653875,2.0581395348837215,1.8081928925529462,51660.00000091386,4.773097945831672,3166000.0,
0.813953488372093,1.2158421415073293,2.002325581395349,1.759157153093883,51670.00000091444,4.732031773937378,3167000.0,
0.8372093023255814,1.2285512928122844,2.0232558139534884,1.7775455553910318,51680.000000915024,4.616322377608956,3168000.0,
0.7674418604651163,1.0675687096161917,1.7581395348837208,1.5446257929604827,51690.00000091561,4.82682892474217,3169000.0,
0.8488372093023255,1.2327876765806025,2.030232558139535,1.7836750228234146,51700.00000091619,4.559171783451025,3170000.0,
0.7674418604651163,1.4107157948499678,2.3232558139534882,2.041112654983495,51710.00000091677,5.275172096410494,3171000.0,
0.7906976744186046,1.1184053148360105,1.8418604651162795,1.618179402149077,51720.00000091735,4.75092142767492,3172000.0,
0.813953488372093,1.2624423629588302,2.079069767441861,1.8265812948500948,51730.000000917935,4.792712046006563,3173000.0,
0.9069767441860465,1.2709151304954664,2.0930232558139537,1.8388402297148603,51740.00000091852,4.311006426007852,3174000.0,
0.7906976744186046,1.287860665568739,2.1209302325581394,1.863358099444392,51750.0000009191,4.96699731242524,3175000.0,
0.8023255813953488,1.2751515142637846,2.0999999999999996,1.8449696971472431,51760.00000091968,4.879751162792645,3176000.0,
0.8023255813953488,1.2709151304954664,2.0930232558139537,1.8388402297148607,51770.00000092026,4.875050742443761,3177000.0,
0.813953488372093,1.1226416986043286,1.8488372093023253,1.6243088695814598,51780.000000920845,4.623814086942628,3178000.0,
0.8953488372093024,1.4234249461549222,2.3441860465116275,2.0595010572806434,51790.00000092143,4.539926563316069,3179000.0,
0.7674418604651163,0.8809610049661627,1.9465116279069767,1.770319426913744,51800.00000092201,4.982539274894601,3180000.0,
0.7790697674418605,0.9977909590297754,2.204651162790697,2.0050929709847423,51810.00000092259,4.672385410187751,3181000.0,
0.872093023255814,0.9599001631172525,2.1209302325581394,1.9289501999346887,51820.00000092317,4.1310828537880635,3182000.0,
0.8604651162790697,1.2440811324611758,2.748837209302325,2.5000209828100903,51830.000000923756,4.517713208076817,3183000.0,
0.8488372093023255,1.1682995406361298,2.581395348837209,2.347735440709983,51840.00000092434,4.49087069179086,3184000.0,
0.8604651162790697,1.180929805940304,2.6093023255813956,2.373116364393334,51850.00000092492,4.445402206985055,3185000.0,
0.8953488372093024,1.2093479028746965,2.672093023255814,2.430223442680874,51860.0000009255,4.3044638916007045,3186000.0,
0.8488372093023255,1.0798876835069091,2.3860465116279066,2.170068974926525,51870.000000926084,4.38835809298119,3187000.0,
0.8372093023255814,1.016736356986037,2.246511627906976,2.0431643565097697,51880.000000926666,4.3744323153726965,3188000.0,
0.872093023255814,1.1493541426798681,2.53953488372093,2.3096640551849563,51890.00000092725,4.352056750353412,3189000.0,
0.8255813953488372,0.9599001631172527,2.1209302325581394,1.9289501999346887,51900.00000092783,4.3683269582270885,3190000.0,
0.8953488372093024,1.2125054692007398,2.67906976744186,2.4365686736017125,51910.00000092841,4.310587926718254,3191000.0,
0.8837209302325582,0.8999064029224243,1.9883720930232558,1.8083908124387706,51920.000000928994,4.014101982333853,3192000.0,
0.8953488372093024,1.2188206018528271,2.6930232558139533,2.4492591354433877,51930.000000929576,4.3186801527972705,3193000.0,
0.8604651162790697,1.0072636580079062,2.2255813953488373,2.0241286637472555,51940.00000093016,4.248438845874714,3194000.0,
0.813953488372093,1.01042122433395,2.232558139534884,2.0304738946680936,51950.00000093074,4.495657504268157,3195000.0,
0.8255813953488372,1.0988330814631704,2.4279069767441857,2.208140360451552,51960.00000093132,4.539992183266004,3196000.0,
0.813953488372093,1.026209055964168,2.267441860465116,2.062200049272283,51970.000000931905,4.516196840271063,3197000.0,
0.813953488372093,1.0546271528985605,2.330232558139535,2.1193071275598228,51980.00000093249,4.551681930790492,3198000.0,
0.872093023255814,1.1367238773756938,2.5116279069767438,2.284283131501605,51990.00000093307,4.342907379471603,3199000.0,
0.8372093023255814,1.0135787906599933,2.2395348837209297,2.036819125588932,52000.00000093365,4.377327444483644,3200000.0,
0.8275862068965517,1.0643539089374074,2.3517241379310336,2.138853356143552,52010.00000093423,4.453313751161385,3201000.0,
0.7816091954022989,0.9988071872726403,2.2068965517241375,2.0071351142696097,52020.000000934815,4.63200037204099,3202000.0,
0.8275862068965517,1.1205368132214932,2.4758620689655166,2.251754706321218,52030.0000009354,4.522312538282497,3203000.0,
0.7816091954022989,0.795924477357885,1.7586206896551724,1.599435794183595,52040.00000093598,4.373606316708945,3204000.0,
0.8275862068965517,0.9238966482271922,2.0413793103448277,1.8565999806993896,52050.00000093656,4.285816783358893,3205000.0,
0.8850574712643678,1.1704771725851253,2.586206896551724,2.352111462034699,52060.00000093714,4.2866404418309445,3206000.0,
0.8620689655172413,0.9270179206874194,2.048275862068966,1.8628722779314817,52070.000000937725,4.1190714547451295,3207000.0,
0.8275862068965517,1.1236580856817202,2.4827586206896552,2.2580270035533108,52080.00000093831,4.528861853616544,3208000.0,
0.8620689655172413,1.0581113640169533,2.3379310344827586,2.1263087616793674,52090.00000093889,4.272206515674117,3209000.0,
0.8620689655172413,1.117415540761266,2.468965517241379,2.2454824090891257,52100.00000093947,4.341532694030884,3210000.0,
0.8390804597701149,1.0705964538578614,2.36551724137931,2.1513979506077376,52110.000000940054,4.40522865057154,3211000.0,
0.8735632183908046,1.2016898971873957,2.655172413793103,2.4148344343556243,52120.000000940636,4.381931856070977,3212000.0,
0.8275862068965517,0.9769582800510512,2.1586206896551725,1.9632290336449614,52130.00000094122,4.354377366257426,3213000.0,
0.8390804597701149,1.051868819096499,2.3241379310344823,2.1137641672151832,52140.0000009418,4.384553250239602,3214000.0,
0.8620689655172413,0.9519881003692354,2.103448275862069,1.9130506557882214,52150.00000094238,4.152303529842951,3215000.0,
0.8620689655172413,1.1767197175055792,2.5999999999999996,2.364656056498884,52160.000000942964,4.413525539054475,3216000.0,
0.8735632183908046,1.1111729958408125,2.4551724137931035,2.2329378146249406,52170.000000943546,4.280945403213858,3217000.0,
0.8850574712643678,1.267236618852162,2.8,2.546552676229567,52180.00000094413,4.402199816184973,3218000.0,
0.8850574712643678,1.1892048073464874,2.6275862068965514,2.3897452454272545,52190.00000094471,4.314553483704565,3219000.0,
0.8390804597701149,0.9956859148124134,2.1999999999999997,2.0008628170375173,52200.00000094529,4.320883213627253,3220000.0,
0.8045977011494253,0.973837007590824,2.1517241379310343,1.9569567364128695,52210.000000945874,4.4794802809501935,3221000.0,
0.8275862068965517,1.0206560944942291,2.2551724137931033,2.0510411948942577,52220.00000094646,4.412178892043223,3222000.0,
0.7701149425287356,0.8801988337840141,1.944827586206896,1.7687878194500934,52230.00000094704,4.559658187243667,3223000.0,
0.8735632183908046,1.0830815436987693,2.3931034482758617,2.176487139536108,52240.00000094762,4.252472293525154,3224000.0,
0.8045977011494253,1.1392644479828553,2.5172413793103448,2.2893884897137733,52250.0000009482,4.687368671151851,3225000.0,
0.8390804597701149,1.0612326364771802,2.3448275862068964,2.1325810589114607,52260.000000948785,4.4022882106799734,3226000.0,
0.7816091954022989,1.0549900915567263,2.3310344827586205,2.120036464447275,52270.00000094937,4.71858732311119,3227000.0,
0.8850574712643678,1.1486282653635362,2.5379310344827584,2.308205381410051,52280.00000094995,4.273382585620205,3228000.0,
0.8850574712643678,1.108051723380585,2.4482758620689657,2.2266655173928482,52290.00000095053,4.2280558433797575,3229000.0,
0.8275862068965517,0.9644731902101434,2.1310344827586203,1.9381398447165923,52300.00000095111,4.348735660477989,3230000.0,
0.8850574712643678,1.1767197175055795,2.5999999999999996,2.3646560564988834,52310.000000951695,4.306680719858708,3231000.0,
0.8275862068965517,1.2141749870283032,2.682758620689655,2.4399236232839945,52320.00000095228,4.651569776077775,3232000.0,
0.8850574712643678,1.1299006306021742,2.496551724137931,2.270571598017496,52330.00000095286,4.254820193097777,3233000.0,
0.8045977011494253,1.0768389987783153,2.3793103448275867,2.1639425450719223,52340.00000095344,4.614925612855079,3234000.0,
0.8390804597701149,0.9832008249715052,2.172413793103448,1.975773628109147,52350.00000095402,4.314222901077607,3235000.0,
0.8390804597701149,1.1892048073464874,2.627586206896552,2.3897452454272545,52360.000000954606,4.560282441716318,3236000.0,
0.7931034482758621,0.9488668279090082,2.096551724137931,1.906778358556129,52370.00000095519,4.522191507742504,3237000.0,
0.8620689655172413,1.1735984450453523,2.5931034482758615,2.358383759266791,52380.00000095577,4.4216381963346265,3238000.0,
0.8045977011494253,1.1299006306021742,2.496551724137931,2.270571598017496,52390.00000095635,4.683730783836326,3239000.0,
0.896551724137931,1.503380603023641,2.475862068965517,2.175185948360789,52400.000000956934,4.193416702005461,3240000.0,
0.7931034482758621,1.2018669444785095,1.9793103448275862,1.7389369559318844,52410.000000957516,4.8435104953012855,3241000.0,
0.7816091954022989,1.1725531165643996,1.9310344827586208,1.6965238594457408,52420.0000009581,4.877822369812698,3242000.0,
0.8160919540229885,1.0971747019281168,1.8068965517241378,1.5874616113385143,52430.00000095868,4.579915479914214,3243000.0,
0.8275862068965517,1.176740806266415,1.9379310344827583,1.7025828732294757,52440.00000095926,4.6130034743242145,3244000.0,
0.8850574712643678,1.4196268089833268,2.3379310344827586,2.0540056726860936,52450.000000959844,4.588406914126196,3245000.0,
0.8390804597701149,1.1181131504381954,1.8413793103448275,1.6177566802571883,52460.00000096043,4.4810362204697665,3246000.0,
0.9310344827586207,1.411251429579295,2.3241379310344823,2.0418876451186243,52470.00000096101,4.353810794809519,3247000.0,
0.8160919540229885,1.2437438414986666,2.0482758620689654,1.7995270937692325,52480.00000096159,4.762331186148714,3248000.0,
0.8505747126436781,1.310746876730918,2.158620689655172,1.896471314308989,52490.00000096217,4.648578084888741,3249000.0,
0.7816091954022989,1.2688699797107608,2.0896551724137926,1.8358811764716407,52500.000000962755,5.005757180014934,3250000.0,
0.8505747126436781,1.2353684620946357,2.0344827586206895,1.7874090662017625,52510.00000096334,4.561038597411013,3251000.0,
0.7471264367816092,1.1013623916301325,1.8137931034482757,1.5935206251222496,52520.00000096392,5.013820431969315,3252000.0,
0.7931034482758621,1.122300840140211,1.8482758620689652,1.6238156940409236,52530.0000009645,4.750144537657748,3253000.0,
0.8505747126436781,1.4698790854075152,2.420689655172413,2.126713838090911,52540.00000096508,4.838368654549223,3254000.0,
0.9080459770114943,1.369374532559138,2.2551724137931033,1.9812975072812762,52550.000000965665,4.421966890365012,3255000.0,
0.9080459770114943,1.1348639092462585,1.8689655172413788,1.6419927353921282,52560.00000096625,4.164214684944529,3256000.0,
0.7931034482758621,1.0511101152059437,1.7310344827586204,1.520812459717432,52570.00000096683,4.662701159842213,3257000.0,
0.7701149425287356,1.2730576694127766,2.0965517241379312,1.8419401902553758,52580.00000096741,5.090683839479246,3258000.0,
0.735632183908046,1.0929870122261007,1.8,1.5814025975547796,52590.00000096799,5.085151094841735,3259000.0,
0.8045977011494253,1.2311807723926196,2.027586206896552,1.7813500524180281,52600.000000968575,4.821607531490864,3260000.0,
0.8850574712643678,1.3484360840490592,2.220689655172414,1.9510024383626021,52610.00000096916,4.5162823288113385,3261000.0,
0.8505747126436781,1.2898084282208395,2.124137931034483,1.8661762453903155,52620.00000096974,4.630988287316491,3262000.0,
0.8045977011494253,1.3358730149430122,2.1999999999999997,1.9328253970113982,52630.00000097032,4.953439318660738,3263000.0,
0.8045977011494253,1.0678608740140068,1.7586206896551722,1.5450485148523716,52640.000000970904,4.62090994350615,3264000.0,
0.896551724137931,1.369374532559138,2.255172413793103,1.9812975072812762,52650.000000971486,4.483786978703323,3265000.0,
0.8850574712643678,1.402876050175264,2.3103448275862064,2.029769617551154,52660.00000097207,4.580389823006033,3266000.0,
0.8505747126436781,1.2772453591147925,2.1034482758620685,1.8479992040391107,52670.00000097265,4.618920895259539,3267000.0,
0.8275862068965517,1.147426978352305,1.889655172413793,1.6601697767433325,52680.00000097323,4.590915932262108,3268000.0,
0.8850574712643678,1.1181131504381951,1.8413793103448275,1.6177566802571886,52690.000000973814,4.260203170056449,3269000.0,
0.7931034482758621,1.3819376016651854,2.275862068965517,1.9994745486324803,52700.000000974396,5.087367700740536,3270000.0,
0.8275862068965517,1.1976792547764936,1.9724137931034482,1.73287794214815,52710.00000097498,4.653304099608099,3271000.0,
0.8160919540229885,1.176740806266415,1.9379310344827585,1.7025828732294757,52720.00000097556,4.693750002132516,3272000.0,
0.896551724137931,1.4405652574934051,2.372413793103448,2.0843007416047676,52730.00000097614,4.567294582155887,3273000.0,
0.8160919540229885,1.2353684620946352,2.0344827586206895,1.787409066201763,52740.000000976725,4.766716284626317,3274000.0,
0.8620689655172413,1.6122605352760493,2.655172413793103,2.332720306737894,52750.00000097731,4.950219554336718,3275000.0,
0.8620689655172413,1.1181131504381951,1.841379310344827,1.617756680257189,52760.00000097789,4.377541921258171,3276000.0,
0.8505747126436781,1.1851161856704466,1.9517241379310344,1.7147009007969451,52770.00000097847,4.516012272426636,3277000.0,
0.8850574712643678,1.222805392988588,2.0137931034482754,1.7692320248505584,52780.00000097905,4.383167132418853,3278000.0,
0.8160919540229885,1.3442483943470438,2.2137931034482756,1.9449434245788673,52790.000000979635,4.902949441048445,3279000.0,
0.8160919540229885,1.2018669444785095,1.9793103448275862,1.7389369559318848,52800.00000098022,4.72904541092788,3280000.0,
0.8045977011494253,1.281433048816808,2.110344827586207,1.8540582178228455,52810.0000009808,4.896063932190198,3281000.0,
0.8390804597701149,1.2981838076248708,2.137931034482759,1.8782942729577847,52820.00000098138,4.715367003693392,3282000.0,
0.8850574712643678,1.2563069106047138,2.068965517241379,1.8177041351204368,52830.00000098196,4.423616899076185,3283000.0,
0.8620689655172413,1.3484360840490592,2.2206896551724142,1.9510024383626021,52840.000000982545,4.648983190913688,3284000.0,
0.8275862068965517,1.2814330488168082,2.1103448275862062,1.8540582178228455,52850.00000098313,4.762284378518377,3285000.0,
0.8160919540229885,1.2688699797107608,2.089655172413793,1.8358811764716407,52860.00000098371,4.814528003395766,3286000.0,
0.8850574712643678,1.369374532559138,2.2551724137931037,1.9812975072812764,52870.00000098429,4.5534465498559795,3287000.0,
0.8505747126436781,1.2311807723926196,2.0275862068965513,1.7813500524180281,52880.00000098487,4.576115232492239,3288000.0,
0.8275862068965517,1.2563069106047138,2.0689655172413794,1.8177041351204368,52890.000000985456,4.734145850401115,3289000.0,
0.9080459770114943,1.398688360473248,2.3034482758620682,2.0237106037674195,52900.00000098604,4.4719707261701895,3290000.0,
0.8045977011494253,0.9966701490797397,1.6413793103448273,1.4420452805288797,52910.00000098662,4.547858613945888,3291000.0,
0.8390804597701149,1.1055500813321484,1.8206896551724139,1.5995796389059842,52920.0000009872,4.491269275098275,3292000.0,
0.8160919540229885,1.2604946003067297,2.0758620689655167,1.8237631489041715,52930.000000987784,4.808208876520633,3293000.0,
0.8275862068965517,1.1474269783523054,1.8896551724137929,1.6601697767433319,52940.000000988366,4.605360376707393,3294000.0,
0.8850574712643678,1.4280021883873582,2.351724137931035,2.0661237002535633,52950.00000098895,4.623844031116678,3295000.0,
0.8620689655172413,1.0259839769938495,1.6896551724137927,1.484458377015023,52960.00000098953,4.281338746730018,3296000.0,
0.8505747126436781,1.3191222561349494,2.1724137931034484,1.9085893418764588,52970.00000099011,4.684370760676072,3297000.0,
0.7816091954022989,1.2186177032865724,2.0068965517241377,1.763173011066824,52980.000000990694,4.969699120473866,3298000.0,
0.8160919540229885,1.1683654268623842,1.9241379310344828,1.6904648456620064,52990.00000099128,4.698698480891843,3299000.0,
0.8390804597701149,0.9363817380681007,2.068965517241379,1.8816891696277591,53000.00000099186,4.675321934642546,3300000.0,
0.9195402298850575,1.1330219030624016,2.503448275862069,2.2768438952495886,53010.00000099244,4.132658819659087,3301000.0,
0.8390804597701149,0.9988071872726403,2.2068965517241375,2.0071351142696097,53020.00000099302,4.369534593137262,3302000.0,
0.8620689655172413,1.1735984450453523,2.593103448275862,2.3583837592667907,53030.000000993605,4.456304863003311,3303000.0,
0.8045977011494253,0.9270179206874191,2.048275862068965,1.8628722779314812,53040.00000099419,4.468719415801579,3304000.0,
0.9310344827586207,1.2516302565510273,2.76551724137931,2.5151911900691046,53050.00000099477,4.211007806496874,3305000.0,
0.8045977011494253,0.8583499265624254,1.8965517241379306,1.724881738825446,53060.00000099535,4.384517765960581,3306000.0,
0.8275862068965517,1.0768389987783153,2.379310344827586,2.1639425450719227,53070.00000099593,4.527288790278131,3307000.0,
0.9195402298850575,1.0456262741760454,2.3103448275862064,2.1012195727509977,53080.000000996515,4.041116073245379,3308000.0,
0.8620689655172413,1.0643539089374072,2.351724137931034,2.1388533561435525,53090.0000009971,4.332781201118282,3309000.0,
0.8850574712643678,1.129900630602174,2.4965517241379307,2.270571598017496,53100.00000099768,4.294820193100106,3310000.0,
0.9080459770114943,1.2048111696476222,2.662068965517242,2.421106731587716,53110.00000099826,4.269093313489424,3311000.0,
0.8850574712643678,1.0549900915567263,2.33103448275862,2.120036464447275,53120.00000099884,4.211219973659206,3312000.0,
0.8620689655172413,1.1829622624260336,2.6137931034482755,2.3772006509630694,53130.000000999426,4.472500224498546,3313000.0,
0.8620689655172413,1.2797217086930701,2.827586206896552,2.5716418651579374,53140.00000100001,4.5852745155016725,3314000.0,
0.8505747126436781,1.0331411843351372,2.2827586206896546,2.076130383822628,53150.00000100059,4.35787950058767,3315000.0,
0.7471264367816092,0.902047741005603,1.993103448275862,1.8126939000747408,53160.00000100117,4.786430053443391,3316000.0,
0.8045977011494253,1.0893240886192233,2.4068965517241385,2.1890317340002925,53170.000001001754,4.677871367374396,3317000.0,
0.9080459770114943,0.9738370075908238,2.151724137931034,1.9569567364128695,53180.000001002336,4.018273666667587,3318000.0,
0.8275862068965517,0.9238966482271922,2.0413793103448277,1.856599980699389,53190.00000100292,4.349150116695913,3319000.0,
0.8390804597701149,0.9894433698919591,2.186206896551724,1.9883182225733318,53200.0000010035,4.36823798886223,3320000.0,
0.7586206896551724,1.0705964538578614,2.36551724137931,2.1513979506077376,53210.00000100408,4.939116537757251,3321000.0,
0.896551724137931,1.2859642536135247,2.841379310344828,2.584186459622122,53220.000001004664,4.419983206034919,3322000.0,
0.8620689655172413,0.911411558386284,2.013793103448276,1.8315107917710183,53230.000001005246,4.16283474114608,3323000.0,
0.8045977011494253,1.0019284597328673,2.2137931034482756,2.0134074115017024,53240.00000100583,4.573251085758729,3324000.0,
0.8735632183908046,1.0581113640169535,2.337931034482759,2.1263087616793674,53250.00000100641,4.277045903629327,3325000.0,
0.8275862068965517,0.9519881003692352,2.103448275862069,1.9130506557882216,53260.00000100699,4.386982843589997,3326000.0,
0.8045977011494253,0.927017920687419,2.048275862068966,1.8628722779314817,53270.000001007575,4.481862272945201,3327000.0,
0.8620689655172413,1.0799602712385423,2.386206896551724,2.1702148423040155,53280.00000100816,4.361017914721521,3328000.0,
0.7586206896551724,0.9707157351305971,2.1448275862068966,1.9506844391807767,53290.00000100874,4.812304075192807,3329000.0,
0.8160919540229885,1.0518688190964993,2.3241379310344827,2.113764167215183,53300.00000100932,4.573413905179733,3330000.0,
0.8620689655172413,1.1049304509203584,2.441379310344827,2.2203932201607555,53310.0000010099,4.391583323152521,3331000.0,
0.8275862068965517,1.0050497321930942,2.2206896551724142,2.019679708733794,53320.000001010485,4.454432315377353,3332000.0,
0.8390804597701149,1.0612326364771802,2.3448275862068964,2.1325810589114598,53330.00000101107,4.460918347669688,3333000.0,
0.8045977011494253,1.0456262741760451,2.3103448275862073,2.1012195727509972,53340.00000101165,4.633275512281297,3334000.0,
0.8275862068965517,1.0019284597328673,2.2137931034482756,2.0134074115017015,53350.00000101223,4.452327444488009,3335000.0,
0.8275862068965517,0.9894433698919596,2.186206896551724,1.988318222573332,53360.00000101281,4.437796849819167,3336000.0,
0.9080459770114943,1.1423857204430823,2.524137931034483,2.295660786945865,53370.000001013395,4.213510856771266,3337000.0,
0.7701149425287356,0.9207753757669651,2.0344827586206895,1.8503276834672961,53380.00000101398,4.681003846240451,3338000.0,
0.8045977011494253,1.0674751813976342,2.3586206896551722,2.1451256533756453,53390.00000101456,4.663287725542582,3339000.0,
0.8620689655172413,1.1267793581419476,2.4896551724137925,2.264299300785403,53400.00000101514,4.421728055529844,3340000.0,
0.8275862068965517,1.1330219030624011,2.5034482758620693,2.2768438952495886,53410.000001015724,4.614065355178058,3341000.0,
0.8275862068965517,1.1767197175055797,2.6,2.3646560564988834,53420.000001016306,4.667422436519153,3342000.0,
0.8160919540229885,1.0425050017158184,2.303448275862069,2.094947275518905,53430.00000101689,4.569263875432001,3343000.0,
0.8850574712643678,1.1985686247271683,2.6482758620689646,2.408562137123532,53440.00000101747,4.390068446203401,3344000.0,
0.8620689655172413,1.0581113640169533,2.337931034482758,2.1263087616793674,53450.00000101805,4.344739849011673,3345000.0,
0.8735632183908046,1.1455069929033095,2.5310344827586198,2.3019330841779584,53460.000001018634,4.388143531434089,3346000.0,
0.8850574712643678,1.2703578913123892,2.806896551724138,2.5528249734616595,53470.000001019216,4.4727394357218575,3347000.0,
0.8390804597701149,1.0924453610794507,2.4137931034482754,2.1953040312323857,53480.0000010198,4.5063362523331465,3348000.0,
0.8735632183908046,1.0019284597328673,2.2137931034482756,2.0134074115017024,53490.00000102038,4.225362842146965,3349000.0,
0.8505747126436781,1.1455069929033095,2.5310344827586206,2.301933084177959,53500.00000102096,4.50890416741892,3350000.0,
0.8390804597701149,1.139264447982855,2.5172413793103448,2.2893884897137737,53510.000001021544,4.563778177820861,3351000.0,
0.8620689655172413,1.054990091556726,2.331034482758621,2.1200364644472747,53520.00000102213,4.344852506291359,3352000.0,
0.896551724137931,1.0737177263180884,2.372413793103448,2.1576702478398304,53530.00000102271,4.199144130719139,3353000.0,
0.8850574712643678,1.1174155407612663,2.468965517241379,2.2454824090891257,53540.00000102329,4.303570805878593,3354000.0,
0.9195402298850575,1.2734791637726164,2.8137931034482753,2.5590972706937523,53550.00000102387,4.312406090683018,3355000.0,
0.7931034482758621,1.1517495378237632,2.5448275862068965,2.314477678642144,53560.000001024455,4.84698564923324,3356000.0,
0.8045977011494253,0.9863220974317323,2.1793103448275857,1.982045925341239,53570.00000102504,4.572711749756988,3357000.0,
0.8735632183908046,1.1735984450453525,2.5931034482758615,2.3583837592667916,53580.00000102562,4.426616641123374,3358000.0,
0.8390804597701149,1.1486282653635362,2.5379310344827584,2.3082053814100507,53590.0000010262,4.579321357439189,3359000.0,
0.8160919540229885,1.2981838076248706,2.1379310344827585,1.8782942729577847,53600.00000102678,4.487049552940249,3360000.0,
0.8160919540229885,1.3526237737510751,2.227586206896551,1.9570614521463372,53610.000001027365,4.95940941299692,3361000.0,
0.8620689655172413,1.3191222561349496,2.1724137931034484,1.9085893418764588,53620.00000102795,4.656579150535743,3362000.0,
0.8045977011494253,1.105550081332148,1.8206896551724139,1.5995796389059844,53630.00000102853,4.7243236726048465,3363000.0,
0.8850574712643678,1.4615037060034837,2.4068965517241376,2.1145958105234413,53640.00000102911,4.697540551022699,3364000.0,
0.8505747126436781,1.281433048816808,2.1103448275862067,1.8540582178228455,53650.00000102969,4.676817233155532,3365000.0,
0.8275862068965517,1.2772453591147925,2.1034482758620685,1.8479992040391107,53660.000001030276,4.802224253464394,3366000.0,
0.9195402298850575,1.4824421545135622,2.441379310344827,2.1448908794421158,53670.00000103086,4.545653343114146,3367000.0,
0.7701149425287356,1.2772453591147923,2.1034482758620685,1.8479992040391107,53680.00000103144,5.161793227603597,3368000.0,
0.8160919540229885,1.2269930826906035,2.0206896551724136,1.775291038634293,53690.00000103202,4.809974622542802,3369000.0,
0.8620689655172413,1.3526237737510751,2.2275862068965515,1.957061452146337,53700.000001032604,4.699707577637363,3370000.0,
0.8390804597701149,1.1893038753724623,1.9586206896551719,1.72075991458068,53710.000001033186,4.634373111833771,3371000.0,
0.7816091954022989,1.0678608740140072,1.7586206896551728,1.5450485148523712,53720.00000103377,4.820348471260029,3372000.0,
0.8275862068965517,1.1725531165643999,1.9310344827586203,1.696523859445741,53730.00000103435,4.679610015938452,3373000.0,
0.8275862068965517,1.1306762195442421,1.8620689655172413,1.6359337216083925,53740.00000103493,4.629564320928015,3374000.0,
0.8160919540229885,1.2269930826906037,2.0206896551724136,1.775291038634293,53750.000001035514,4.813354904233139,3375000.0,
0.7931034482758621,1.3777499119631695,2.268965517241379,1.9934155348487455,53760.0000010361,5.143536845612586,3376000.0,
0.8620689655172413,1.411251429579295,2.3241379310344823,2.0418876451186243,53770.00000103668,4.771448991731649,3377000.0,
0.8045977011494253,1.3484360840490595,2.220689655172414,1.9510024383626023,53780.00000103726,5.034767704553507,3378000.0,
0.7931034482758621,1.3777499119631698,2.268965517241379,1.9934155348487457,53790.00000103784,5.145275976047471,3379000.0,
0.8045977011494253,1.2437438414986666,2.0482758620689654,1.7995270937692325,53800.000001038425,4.905793060240943,3380000.0,
0.7816091954022989,0.9254794241454724,1.524137931034483,1.3390420462053885,53810.00000103901,4.643478086869712,3381000.0,
0.8160919540229885,1.1264885298422265,1.8551724137931036,1.6298747078246585,53820.00000103959,4.694145100038877,3382000.0,
0.7816091954022989,1.2353684620946352,2.03448275862069,1.787409066201763,53830.00000104017,5.0411302383635626,3383000.0,
0.9080459770114943,1.3609991531551064,2.2413793103448274,1.9691794797138065,53840.00000104075,4.478059826974501,3384000.0,
0.8505747126436781,1.3777499119631695,2.268965517241379,1.9934155348487457,53850.000001041335,4.800865437125532,3385000.0,
0.7471264367816092,1.0720485637160222,1.7655172413793103,1.551107528636106,53860.00000104192,5.057046539227537,3386000.0,
0.8735632183908046,1.3484360840490595,2.2206896551724133,1.9510024383626021,53870.0000010425,4.642022885773243,3387000.0,
0.8045977011494253,1.226993082690604,2.0206896551724136,1.775291038634293,53880.00000104308,4.8895456885797595,3388000.0,
0.8505747126436781,1.323309945836965,2.1793103448275857,1.9146483556601932,53890.00000104366,4.739023855328634,3389000.0,
0.8620689655172413,1.2604946003067297,2.0758620689655167,1.8237631489041717,53900.000001044245,4.603504403109209,3390000.0,
0.7816091954022989,1.2856207385188236,2.1172413793103444,1.8601172316065802,53910.00000104483,5.110129474377137,3391000.0,
0.8505747126436781,1.1809284959684314,1.944827586206896,1.70864188701321,53920.00000104541,4.573251069672479,3392000.0,
0.8620689655172413,1.3065591870289024,2.151724137931034,1.890412300525254,53930.00000104599,4.658539323707024,3393000.0,
0.8160919540229885,1.2604946003067299,2.0758620689655167,1.8237631489041715,53940.000001046574,4.86511028497465,3394000.0,
0.7931034482758621,1.1599900474583522,1.9103448275862074,1.6783468180945367,53950.000001047156,4.879984552686864,3395000.0,
0.896551724137931,1.461503706003484,2.406896551724138,2.1145958105234413,53960.00000104774,4.653725928574645,3396000.0,
0.8735632183908046,1.2479315312006822,2.055172413793103,1.8055861075529673,53970.00000104832,4.532234779223433,3397000.0,
0.8275862068965517,1.2060546341805252,1.9862068965517246,1.7449959697156192,53980.0000010489,4.733979905280967,3398000.0,
0.8850574712643678,1.1306762195442426,1.862068965517241,1.635933721608393,53990.000001049484,4.341930274115264,3399000.0,
0.8390804597701149,1.2563069106047138,2.068965517241379,1.8177041351204366,54000.000001050066,4.73011645519368,3400000.0,
0.735632183908046,1.2856207385188236,2.1172413793103444,1.8601172316065802,54010.00000105065,5.435762566526071,3401000.0,
0.7931034482758621,1.1767408062664153,1.937931034482759,1.7025828732294763,54020.00000105123,4.905163045676976,3402000.0,
0.8275862068965517,1.0762362534180383,1.7724137931034487,1.5571665424198404,54030.00000105181,4.579893806304235,3403000.0,
0.8505747126436781,1.0720485637160226,1.7655172413793103,1.551107528636106,54040.000001052395,4.451730068240971,3404000.0,
0.8390804597701149,1.164177737160368,1.9172413793103447,1.6844058318782715,54050.00000105298,4.623058399171127,3405000.0,
0.8045977011494253,1.2186177032865726,2.0068965517241377,1.7631730110668233,54060.00000105356,4.889422002749634,3406000.0,
0.8275862068965517,1.235368462094635,2.034482758620689,1.7874090662017625,54070.00000105414,4.774400780677474,3407000.0,
0.8620689655172413,1.3023714973268867,2.144827586206896,1.8843532867415198,54080.00000105472,4.661681603653151,3408000.0,
0.8390804597701149,1.268869979710761,2.089655172413793,1.8358811764716407,54090.000001055305,4.750020386868297,3409000.0,
0.8735632183908046,1.461503706003484,2.406896551724138,2.1145958105234417,54100.00000105589,4.783560821432302,3410000.0,
0.8850574712643678,1.310746876730918,2.158620689655172,1.8964713143089889,54110.00000105647,4.551620497170702,3411000.0,
0.7471264367816092,1.2688699797107608,2.0896551724137935,1.835881176471641,54120.00000105705,5.336484434482965,3412000.0,
0.8390804597701149,1.0971747019281168,1.8068965517241375,1.587461611338515,54130.00000105763,4.547589028415136,3413000.0,
0.7931034482758621,1.369374532559138,2.2551724137931033,1.9812975072812762,54140.000001058215,5.155005570133422,3414000.0,
0.8045977011494253,1.2563069106047138,2.0689655172413786,1.8177041351204364,54150.0000010588,4.941407160416765,3415000.0,
0.8620689655172413,1.3526237737510753,2.2275862068965515,1.957061452146337,54160.00000105938,4.724240910972125,3416000.0,
0.8045977011494253,1.2772453591147925,2.103448275862069,1.8479992040391102,54170.00000105996,4.968573517850788,3417000.0,
0.8620689655172413,1.2311807723926194,2.027586206896552,1.7813500524180284,54180.00000106054,4.584433696063045,3418000.0,
0.8045977011494253,1.2688699797107608,2.089655172413793,1.835881176471641,54190.000001061126,4.959306974877271,3419000.0,
0.8045977011494253,1.0112922771135484,2.234482758620689,2.03222430319798,54200.00000106171,5.069177104671343,3420000.0,
0.8390804597701149,0.9020477410056033,1.9931034482758614,1.8126939000747408,54210.00000106229,4.31942402019267,3421000.0,
0.8390804597701149,1.0581113640169533,2.337931034482758,2.126308761679368,54220.00000106287,4.50596559830212,3422000.0,
0.9195402298850575,1.0924453610794502,2.4137931034482762,2.1953040312323853,54230.000001063454,4.149531830256178,3423000.0,
0.8275862068965517,1.079960271238542,2.386206896551724,2.170214842304015,54240.000001064036,4.596060327838022,3424000.0,
0.8850574712643678,1.2391451667101194,2.737931034482758,2.4901020011407344,54250.00000106462,4.477992591043729,3425000.0,
0.8045977011494253,0.9769582800510512,2.1586206896551725,1.963229033644962,54260.0000010652,4.600502433871865,3426000.0,
0.8620689655172413,1.0893240886192233,2.406896551724138,2.189031734000293,54270.00000106578,4.4246799428861845,3427000.0,
0.7586206896551724,0.9363817380681001,2.0689655172413794,1.881689169627759,54280.000001066364,4.827045624523007,3428000.0,
0.8505747126436781,1.0393837292555914,2.2965517241379305,2.0886749782868117,54290.00000106695,4.42684033043017,3429000.0,
0.8045977011494253,1.051868819096499,2.3241379310344827,2.1137641672151832,54300.00000106753,4.695891246685626,3430000.0,
0.8390804597701149,0.9738370075908247,2.1517241379310343,1.9569567364128697,54310.00000106811,4.4104605433835955,3431000.0,
0.8735632183908046,1.2048111696476222,2.662068965517241,2.421106731587717,54320.00000106869,4.501294365341398,3432000.0,
0.8275862068965517,1.1767197175055795,2.6000000000000005,2.364656056498884,54330.000001069275,4.717977992077651,3433000.0,
0.896551724137931,1.3234195231362484,2.9241379310344833,2.6594540264072326,54340.00000106986,4.519196134864889,3434000.0,
0.8390804597701149,0.955109372829462,2.1103448275862067,1.9193229530203144,54350.00000107044,4.390333088257168,3435000.0,
0.8160919540229885,1.0112922771135482,2.2344827586206897,2.03222430319798,54360.00000107102,4.583411663598467,3436000.0,
0.8505747126436781,1.0019284597328673,2.2137931034482756,2.0134074115017015,54370.0000010716,4.387129405451002,3437000.0,
0.8735632183908046,1.0705964538578614,2.3655172413793104,2.151397950607738,54380.000001072185,4.350811730161197,3438000.0,
0.8620689655172413,0.9956859148124132,2.1999999999999997,2.0008628170375173,54390.00000107277,4.322459661270657,3439000.0,
0.896551724137931,1.026898639414683,2.268965517241379,2.0635857893584424,54400.00000107335,4.191538226098706,3440000.0,
0.896551724137931,1.1579920827442174,2.5586206896551724,2.327022273106328,54410.00000107393,4.338270656479115,3441000.0,
0.8620689655172413,1.0175348220340021,2.248275862068965,2.044768897662165,54420.00000107451,4.349404393647793,3442000.0,
0.8045977011494253,0.9988071872726402,2.206896551724138,2.0071351142696097,54430.000001075095,4.637371789990691,3443000.0,
0.7931034482758621,1.0581113640169535,2.337931034482758,2.126308761679368,54440.00000107568,4.77993461849429,3444000.0,
0.8505747126436781,1.0112922771135484,2.2344827586206892,2.03222430319798,54450.00000107626,4.402462542101515,3445000.0,
0.8850574712643678,1.1205368132214932,2.475862068965517,2.2517547063212184,54460.00000107684,4.354889646193579,3446000.0,
0.8390804597701149,1.0955666335396772,2.4206896551724135,2.201576328464478,54470.000001077424,4.564302700336849,3447000.0,
0.8160919540229885,0.8552286541021981,1.8896551724137935,1.718609441593353,54480.000001078006,4.398939336810304,3448000.0,
0.8620689655172413,0.976958280051051,2.158620689655172,1.963229033644962,54490.00000107859,4.306068938281121,3449000.0,
0.8505747126436781,0.9832008249715052,2.1724137931034484,1.9757736281091471,54500.00000107917,4.372138807826567,3450000.0,
0.8045977011494253,0.9176541033067381,2.0275862068965513,1.8440553862352034,54510.00000107975,4.541081528490479,3451000.0,
0.8160919540229885,1.0737177263180882,2.372413793103448,2.15767024783983,54520.000001080334,4.668918904173568,3452000.0,
0.8160919540229885,0.9769582800510509,2.1586206896551716,1.963229033644962,54530.000001080916,4.55091789255061,3453000.0,
0.8620689655172413,1.005049732193094,2.220689655172413,2.0196797087337948,54540.0000010815,4.341321689432713,3454000.0,
0.8045977011494253,1.2329026217896655,2.7241379310344827,2.4775574066765493,54550.00000108208,4.935176115747965,3455000.0,
0.8045977011494253,0.8770775613237872,1.9379310344827583,1.7625155222180011,54560.00000108266,4.493507826311835,3456000.0,
0.8390804597701149,0.8302584744203823,1.8344827586206893,1.668431063736613,54570.000001083245,4.253592976455268,3457000.0,
0.8735632183908046,1.0362624567953644,2.2896551724137932,2.0824026810547203,54580.00000108383,4.3220346545771084,3458000.0,
0.7586206896551724,0.90516901346583,1.9999999999999993,1.8189661973068336,54590.00000108441,4.80468945724535,3459000.0,
0.8850574712643678,1.0425050017158182,2.303448275862069,2.0949472755189054,54600.00000108499,4.273996560466811,3460000.0,
0.8160919540229885,1.167355900124898,2.579310344827586,2.345839164802606,54610.00000108557,4.788729060810376,3461000.0,
0.8390804597701149,1.0175348220340026,2.248275862068965,2.0447688976621645,54620.000001086155,4.47952506196755,3462000.0,
0.8735632183908046,1.023777366954456,2.262068965517241,2.0573134921263496,54630.00000108674,4.310374091206749,3463000.0,
0.8275862068965517,0.9519881003692354,2.1034482758620685,1.9130506557882214,54640.00000108732,4.463649510261126,3464000.0,
0.8735632183908046,1.1236580856817202,2.482758620689655,2.258027003553311,54650.0000010879,4.42576386132881,3465000.0,
0.896551724137931,1.1299006306021744,2.4965517241379307,2.270571598017496,54660.00000108848,4.319758395757327,3466000.0,
0.8977272727272727,1.225063971633868,2.7068181818181816,2.461805387491408,54670.000001089065,4.385891512790696,3467000.0,
0.8977272727272727,1.1324898679839535,2.502272727272727,2.2757747536759365,54680.00000108965,4.283277321383225,3468000.0,
0.8068181818181818,0.9288268399541416,2.0522727272727272,1.866507359281899,54690.00000109023,4.514036083417657,3469000.0,
0.7954545454545454,1.0738596023390077,2.372727272727273,2.157955352259471,54700.00000109081,4.761420643036061,3470000.0,
0.7954545454545454,1.147918885258939,2.536363636363636,2.306779859311848,54710.000001091394,4.855095170135436,3471000.0,
0.8295454545454546,1.0862028161589963,2.4,2.1827594367682006,54720.000001091976,4.5817212031327115,3472000.0,
0.7954545454545454,1.015229336694062,2.2431818181818177,2.040135950843006,54730.00000109256,4.689428309082515,3473000.0,
0.7840909090909091,0.9720280883241017,2.1477272727272725,1.9533216550624524,54740.00000109314,4.702873504046694,3474000.0,
0.8522727272727273,1.1108892437989735,2.4545454545454546,2.23236760578566,54750.00000109372,4.490107379480172,3475000.0,
0.8636363636363636,1.0707737988840105,2.3659090909090907,2.1517543311322886,54760.000001094304,4.385103872480242,3476000.0,
0.875,1.101631833433982,2.4340909090909086,2.213764542404112,54770.000001094886,4.363940277258418,3477000.0,
0.875,1.1602620990789279,2.5636363636363635,2.331583943820578,54780.00000109547,4.431465775657868,3478000.0,
0.7840909090909091,0.9781996952340961,2.161363636363636,1.9657236973168168,54790.00000109605,4.713643089671203,3479000.0,
0.8295454545454546,1.229610388754364,2.025,1.7790779222491269,54800.00000109663,4.381511768582469,3480000.0,
0.8409090909090909,1.2254702864353253,2.018181818181818,1.773087760894753,54810.000001097214,4.69028628666251,3481000.0,
0.8522727272727273,1.279291616582823,2.1068181818181815,1.8509598585016172,54820.0000010978,4.691432830213439,3482000.0,
0.8522727272727273,1.1633687516497515,1.9159090909090908,1.6832353405791407,54830.00000109838,4.555950002025333,3483000.0,
0.8522727272727273,1.1633687516497517,1.9159090909090908,1.6832353405791407,54840.00000109896,4.556483335358696,3484000.0,
0.875,1.4448957093443533,2.3795454545454544,2.0905663126765837,54850.00000109954,4.760397693883501,3485000.0,
0.8977272727272727,1.362093662963588,2.243181818181818,1.9707630855891003,54860.000001100125,4.5481524347787925,3486000.0,
0.8068181818181818,1.1675088539687897,1.9227272727272726,1.6892255019335145,54870.00000110071,4.820008157126544,3487000.0,
0.8522727272727273,1.378654072239741,2.2704545454545455,1.994723731006597,54880.00000110129,4.811218111517742,3488000.0,
0.8522727272727273,1.316552537454167,2.168181818181818,1.9048713106909845,54890.00000110187,4.738885644036033,3489000.0,
0.8977272727272727,1.407634788473009,2.3181818181818183,2.0366548604872166,54900.00000110245,4.600907106232442,3490000.0,
0.9090909090909091,1.33311294673032,2.1954545454545453,1.9288319561084812,54910.000001103035,4.461921741487608,3491000.0,
0.8295454545454546,1.3786540722397411,2.270454545454545,1.994723731006597,54920.00000110362,4.945224087175891,3492000.0,
0.8522727272727273,1.33311294673032,2.1954545454545453,1.9288319561084812,54930.0000011042,4.760449857586844,3493000.0,
0.8636363636363636,1.5276977557251181,2.5159090909090907,2.210369539764067,54940.00000110478,4.9236474014547085,3494000.0,
0.8636363636363636,1.2130499794782106,1.9977272727272728,1.7551172768316305,54950.00000110536,4.559844713168846,3495000.0,
0.8636363636363636,1.266871309625708,2.0863636363636364,1.8329893744384949,54960.000001105946,4.622690463865979,3496000.0,
0.7954545454545454,1.0847068075880246,1.7863636363636362,1.5694222748460314,54970.00000110653,4.790485701064294,3497000.0,
0.7727272727272727,0.9770641472930297,1.6090909090909091,1.4136780796323032,54980.00000110711,4.792668308360932,3498000.0,
0.7613636363636364,1.2378905933924402,2.0386363636363636,1.7910582449578756,54990.00000110769,5.2073757048551315,3499000.0,
0.8409090909090909,1.2420306957114782,2.0454545454545454,1.7970484063122498,55000.000001108274,4.720250016613128,3500000.0,
0.7954545454545454,1.1799291609259044,1.9431818181818181,1.7071959859966375,55010.000001108856,4.91247951668919,3501000.0,
0.8522727272727273,1.1136875238212924,1.8340909090909088,1.6113534043266504,55020.00000110944,4.5077906947071975,3502000.0,
0.7840909090909091,1.155088547011675,1.9022727272727271,1.6712550178703922,55030.00000111002,4.953153509330373,3503000.0,
0.8068181818181818,1.2544510026685933,2.065909090909091,1.8150188903753721,55040.0000011106,4.937344904811364,3504000.0,
0.8181818181818182,1.1343880354164837,1.868181818181818,1.6413042110985214,55050.000001111184,4.722582598936439,3505000.0,
0.7840909090909091,1.0350255797595656,1.7045454545454546,1.4975403385935415,55060.000001111766,4.801768855443727,3506000.0,
0.8068181818181818,1.171648956287828,1.9295454545454545,1.695215663287889,55070.00000111235,4.8364071571846,3507000.0,
0.8409090909090909,1.1964895702020575,1.9704545454545452,1.731156631414134,55080.00000111293,4.670417326818393,3508000.0,
0.875,1.486296732534736,2.4477272727272728,2.1504679262203257,55090.00000111351,4.820180681426481,3509000.0,
0.8636363636363636,1.3248327420922437,2.1818181818181817,1.916851633399733,55100.000001114095,4.69717212251187,3510000.0,
0.8522727272727273,1.3579535606445499,2.2363636363636363,1.9647729242347263,55110.00000111468,4.799196177913432,3511000.0,
0.8295454545454546,1.1675088539687897,1.9227272727272726,1.6892255019335147,55120.00000111526,4.701651769260861,3512000.0,
0.9090909090909091,1.4780165278966593,2.434090909090909,2.138487603511577,55130.00000111584,4.632315680771221,3513000.0,
0.7840909090909091,1.171648956287828,1.9295454545454547,1.695215663287889,55140.00000111642,4.9806508429003316,3514000.0,
0.8295454545454546,1.1509484446926368,1.8954545454545455,1.665264856516018,55150.000001117005,4.683332371777374,3515000.0,
0.8977272727272727,1.4448957093443533,2.3795454545454544,2.090566312676584,55160.00000111759,4.655577499102554,3516000.0,
0.8068181818181818,1.0929870122261012,1.7999999999999998,1.5814025975547799,55170.00000111817,4.744544465953491,3517000.0,
0.8181818181818182,1.1426682400545602,1.8818181818181814,1.6532845338072697,55180.00000111875,4.739925071272286,3518000.0,
0.8181818181818182,1.4200550954301236,2.338636363636364,2.0546253445503386,55190.00000111933,5.0795090056202294,3519000.0,
0.8636363636363636,1.2544510026685933,2.065909090909091,1.8150188903753721,55200.000001119915,4.620940634758476,3520000.0,
0.875,1.266871309625708,2.086363636363636,1.8329893744384949,55210.0000011205,4.57564253576458,3521000.0,
0.8295454545454546,1.2834317189018607,2.1136363636363638,1.8569500198559916,55220.00000112108,4.846873853016115,3522000.0,
0.8295454545454546,1.2337504910734018,2.0318181818181813,1.785068083603501,55230.00000112166,4.787532098921566,3523000.0,
0.8522727272727273,1.1964895702020575,1.9704545454545452,1.731156631414134,55240.000001122244,4.616678429127978,3524000.0,
0.8522727272727273,1.3786540722397411,2.270454545454545,1.994723731006597,55250.000001122826,4.830951444852224,3525000.0,
0.8636363636363636,1.54839826732031,2.55,2.240320346535938,55260.00000112341,4.9644585201448574,3526000.0,
0.7954545454545454,1.138528137735522,1.875,1.6472943724528955,55270.00000112399,4.875289658965003,3527000.0,
0.7613636363636364,1.0888469099070628,1.7931818181818182,1.5754124362004054,55280.00000112457,5.028930269830568,3528000.0,
0.7840909090909091,1.2958520258589759,2.1340909090909093,1.874920503919114,55290.000001125154,5.147750409890128,3529000.0,
0.8295454545454546,1.2710114119447462,2.0931818181818183,1.8389795357928689,55300.000001125736,4.836284989835191,3530000.0,
0.8181818181818182,1.3579535606445499,2.2363636363636363,1.9647729242347263,55310.00000112632,5.010273796438249,3531000.0,
0.75,0.919102714826494,1.5136363636363634,1.3298158206710646,55320.0000011269,4.881224831993444,3532000.0,
0.8068181818181818,1.2089098771591722,1.9909090909090907,1.7491271154772563,55330.00000112748,4.8972375943217665,3533000.0,
0.7840909090909091,1.1343880354164837,1.868181818181818,1.6413042110985216,55340.000001128064,4.9447238713549435,3534000.0,
0.8068181818181818,1.1219677284593688,1.8477272727272724,1.6233337270353987,55350.00000112865,4.790605071989681,3535000.0,
0.8181818181818182,1.2213301841162874,2.0113636363636362,1.7670975995403788,55360.00000112923,4.846067447348313,3536000.0,
0.8636363636363636,1.33311294673032,2.1954545454545453,1.9288319561084817,55370.00000112981,4.720970254198892,3537000.0,
0.7954545454545454,1.254451002668593,2.0659090909090905,1.8150188903753721,55380.00000113039,5.027306974881229,3538000.0,
0.8295454545454546,1.3165525374541671,2.168181818181818,1.9048713106909845,55390.000001130975,4.896115387709847,3539000.0,
0.7840909090909091,0.9041404123141645,1.9977272727272728,1.8168991902644398,55400.00000113156,5.0485246116077835,3540000.0,
0.8181818181818182,0.9998003194190759,2.209090909090909,2.0091308452070935,55410.00000113214,4.578086501607438,3541000.0,
0.8409090909090909,0.9257410364991444,2.0454545454545454,1.8603063381547165,55420.00000113272,4.366824475929512,3542000.0,
0.8409090909090909,1.0522589781540277,2.3249999999999997,2.1145482043691946,55430.0000011333,4.517818784924541,3543000.0,
0.8295454545454546,1.0769454057940047,2.3795454545454544,2.1641563733866533,55440.000001133885,4.610013639955291,3544000.0,
0.7954545454545454,1.043001567789036,2.3045454545454547,2.095945140987647,55450.00000113447,4.765484828175733,3545000.0,
0.9090909090909091,1.126318261073959,2.4886363636363633,2.263372711421572,55460.00000113505,4.261947587267211,3546000.0,
0.8636363636363636,1.0337441574240445,2.284090909090909,2.0773420776061,55470.00000113563,4.379595866581404,3547000.0,
0.8863636363636364,1.1448330818039418,2.5295454545454543,2.300578838184666,55480.00000113621,4.3931424513541035,3548000.0,
0.8522727272727273,1.0800312092490019,2.3863636363636362,2.170357394513836,55490.000001136796,4.4933672856105025,3549000.0,
0.8636363636363636,1.0059719263290703,2.222727272727273,2.021532887461458,55500.00000113738,4.349017493734684,3550000.0,
0.8295454545454546,1.101631833433982,2.434090909090909,2.2137645424041126,55510.00000113796,4.643608237658501,3551000.0,
0.8522727272727273,1.1232324576189618,2.4818181818181815,2.2571716902943892,55520.00000113854,4.545656750364682,3552000.0,
0.8295454545454546,1.2188923647238736,2.6931818181818183,2.4494033452370427,55530.000001139124,4.786059289076516,3553000.0,
0.7272727272727273,1.0676879954290135,2.359090909090909,2.145553310005106,55540.000001139706,5.251817868822505,3554000.0,
0.8068181818181818,1.043001567789036,2.3045454545454542,2.095945140987647,55550.00000114029,4.7039991263707694,3555000.0,
0.8181818181818182,0.9504274641391216,2.0999999999999996,1.9099145071721757,55560.00000114087,4.526075234043535,3556000.0,
0.8863636363636364,1.2158065612688764,2.686363636363636,2.4432023241098606,55570.00000114145,4.477830479468657,3557000.0,
0.8409090909090909,1.0244867470590533,2.2636363636363637,2.0587390142245527,55580.000001142034,4.492900456055312,3558000.0,
0.7954545454545454,1.1417472783489448,2.5227272727272725,2.2943778170574833,55590.00000114262,4.897622292880085,3559000.0,
0.8409090909090909,0.8887113950391786,1.9636363636363638,1.785894084628528,55600.0000011432,4.332518956356066,3560000.0,
0.8863636363636364,1.0491731746990305,2.318181818181818,2.108347183242012,55610.00000114378,4.291885120261771,3561000.0,
0.8636363636363636,1.086202816158996,2.4,2.1827594367682006,55620.00000114436,4.448232208274966,3562000.0,
0.8068181818181818,1.0090577297840673,2.2295454545454545,2.0277339085886408,55630.000001144945,4.666434932787408,3563000.0,
0.7613636363636364,1.0152293366940617,2.2431818181818177,2.040135950843006,55640.00000114553,4.953731069193848,3564000.0,
0.8068181818181818,0.8948830019491729,1.9772727272727273,1.7982961268828925,55650.00000114611,4.526049354625915,3565000.0,
0.8863636363636364,1.0676879954290135,2.359090909090909,2.145553310005106,55660.00000114669,4.3153377385213885,3566000.0,
0.9090909090909091,1.1818627232639078,2.6113636363636363,2.374991091710855,55670.00000114727,4.333546495676766,3567000.0,
0.7840909090909091,1.0306583539690477,2.277272727272727,2.0711410564789174,55680.000001147855,4.832141089220231,3568000.0,
0.875,1.1633479025339248,2.570454545454545,2.33778496494776,55690.00000114844,4.482265135453344,3569000.0,
0.8863636363636364,1.1170608507089677,2.4681818181818183,2.244769648040025,55700.00000114902,4.373091729093763,3570000.0,
0.8409090909090909,0.978199695234096,2.161363636363636,1.9657236973168173,55710.0000011496,4.44488342145307,3571000.0,
0.8636363636363636,0.9812854986890933,2.1681818181818184,1.9719247184439994,55720.00000115018,4.332012156468017,3572000.0,
0.8863636363636364,1.0738596023390075,2.372727272727273,2.157955352259471,55730.000001150765,4.3258903206764625,3573000.0,
0.8636363636363636,1.0892886196139933,2.4068181818181817,2.188960457895383,55740.00000115135,4.458121033328489,3574000.0,
0.8977272727272727,1.326895485648774,2.9318181818181817,2.666439084688427,55750.00000115193,4.554007629671243,3575000.0,
0.7954545454545454,1.0059719263290703,2.2227272727272727,2.021532887461458,55760.00000115251,4.736647564627093,3576000.0,
0.9204545454545454,1.2343213819988597,2.727272727272727,2.4804084508729556,55770.000001153094,4.341976316331362,3577000.0,
0.8636363636363636,0.9751138917790989,2.1545454545454543,1.9595226761896347,55780.000001153676,4.328023980046101,3578000.0,
0.875,1.0152293366940617,2.2431818181818177,2.040135950843006,55790.00000115426,4.318181579688607,3579000.0,
0.8181818181818182,1.043001567789036,2.3045454545454542,2.095945140987647,55800.00000115484,4.652554694060872,3580000.0,
0.7954545454545454,0.894883001949173,1.9772727272727273,1.7982961268828925,55810.00000115542,4.599850059692532,3581000.0,
0.8295454545454546,1.0306583539690473,2.277272727272727,2.0711410564789174,55820.000001156004,4.575037467893541,3582000.0,
0.8522727272727273,0.9936287125090818,2.1954545454545453,1.996728802952729,55830.000001156586,4.410121689436719,3583000.0,
0.8522727272727273,1.0892886196139935,2.4068181818181817,2.188960457895383,55840.00000115717,4.522895980439845,3584000.0,
0.7840909090909091,0.9473416606841244,2.0931818181818183,1.9037134860449931,55850.00000115775,4.735737190538583,3585000.0,
0.8181818181818182,1.0183151401490589,2.25,2.0463369719701885,55860.00000115833,4.62571572694554,3586000.0,
0.8409090909090909,1.1911201336288992,2.631818181818182,2.393594155092402,55870.000001158915,4.706734753598744,3587000.0,
0.8409090909090909,1.2991232545537994,2.870454545454545,2.610629894543785,55880.0000011595,4.8357114379419,3588000.0,
0.8636363636363636,1.1201466541639649,2.475,2.2509706691672067,55890.00000116008,4.501746125965757,3589000.0,
0.9431818181818182,1.3855257512937196,3.061363636363636,2.7842584861048922,55900.00000116066,4.403928507479738,3590000.0,
0.8409090909090909,1.0491731746990305,2.3181818181818183,2.108347183242012,55910.00000116124,4.540095126763351,3591000.0,
0.8522727272727273,1.206549150903885,2.6659090909090906,2.4245992607283138,55920.000001161825,4.664748337153567,3592000.0,
0.8409090909090909,1.0183151401490589,2.25,2.0463369719701876,55930.00000116241,4.504480166758042,3593000.0,
0.8636363636363636,1.0985460299789849,2.427272727272727,2.20756352127693,55940.00000116299,4.479366455856986,3594000.0,
0.8181818181818182,0.9874571055990874,2.1818181818181817,1.9843267606983643,55950.00000116357,4.593000351384754,3595000.0,
0.8522727272727273,1.0800312092490019,2.3863636363636362,2.170357394513836,55960.00000116415,4.518433952278627,3596000.0,
0.8068181818181818,1.0954602265239877,2.4204545454545454,2.2013625001497474,55970.000001164735,4.792680280860537,3597000.0,
0.9090909090909091,1.086202816158996,2.4,2.1827594367682006,55980.00000116532,4.243820597862266,3598000.0,
0.8977272727272727,1.141747278348945,2.5227272727272725,2.2943778170574833,55990.0000011659,4.359918487363279,3599000.0,
0.8522727272727273,1.5649586765964627,2.577272727272727,2.264280991953435,56000.00000116648,4.621946215120258,3600000.0,
0.8522727272727273,1.3993545838349324,2.3045454545454547,2.024674537778468,56010.00000116706,4.895773378459608,3601000.0,
0.7386363636363636,1.076426602949948,1.7727272727272727,1.557441952137283,56020.000001167646,5.21238986256299,3602000.0,
0.8068181818181818,1.221330184116287,2.0113636363636362,1.7670975995403786,56030.00000116823,4.952068397313162,3603000.0,
0.7840909090909091,1.2544510026685933,2.065909090909091,1.8150188903753721,56040.00000116881,5.138427365823764,3604000.0,
0.8522727272727273,1.2006296725210956,1.9772727272727268,1.737146792768508,56050.00000116939,4.664736149184831,3605000.0,
0.8295454545454546,1.3869342768778177,2.284090909090909,2.0067040537153455,56060.000001169974,5.017671457154194,3606000.0,
0.8522727272727273,1.3745139699207027,2.2636363636363637,1.9887335696522228,56070.000001170556,4.869827058133764,3607000.0,
0.7386363636363636,1.0267453751214888,1.6909090909090907,1.4855600158847928,56080.00000117114,5.148821431041598,3608000.0,
0.8295454545454546,1.2089098771591724,1.9909090909090907,1.7491271154772563,56090.00000117172,4.804710536945512,3609000.0,
0.8522727272727273,1.266871309625708,2.0863636363636364,1.8329893744384942,56100.0000011723,4.745126336721064,3610000.0,
0.9090909090909091,1.3248327420922439,2.1818181818181817,1.9168516333997332,56110.000001172884,4.512813516389217,3611000.0,
0.8522727272727273,1.407634788473009,2.3181818181818183,2.036654860487216,56120.00000117347,4.911355485235293,3612000.0,
0.8181818181818182,1.1716489562878278,1.9295454545454545,1.695215663287889,56130.00000117405,4.828123724449352,3613000.0,
0.9090909090909091,1.3538134583255117,2.2295454545454545,1.9587827628803525,56140.00000117463,4.546192304245897,3614000.0,
0.7727272727272727,1.0888469099070628,1.793181818181818,1.5754124362004054,56150.00000117521,5.006151883512509,3615000.0,
0.875,1.3827941745587795,2.277272727272727,2.000713892360971,56160.000001175795,4.757476459327326,3616000.0,
0.7727272727272727,1.3165525374541671,2.1681818181818184,1.9048713106909845,56170.00000117638,5.302006225044126,3617000.0,
0.8636363636363636,1.1509484446926366,1.8954545454545453,1.6652648565160177,56180.00000117696,4.552674514999843,3618000.0,
0.8068181818181818,1.2420306957114784,2.045454545454545,1.7970484063122496,56190.00000117754,4.986739453938712,3619000.0,
0.7727272727272727,1.2875718212208993,2.1204545454545456,1.8629401812103656,56200.00000117812,5.266266474624705,3620000.0,
0.8068181818181818,1.3041322304970522,2.147727272727273,1.8869008266278622,56210.000001178705,5.064837130856109,3621000.0,
0.7954545454545454,1.2420306957114784,2.0454545454545454,1.7970484063122498,56220.00000117929,5.0596928747093655,3622000.0,
0.8636363636363636,1.3869342768778177,2.284090909090909,2.0067040537153455,56230.00000117987,4.828552847003891,3623000.0,
0.8409090909090909,1.1882093655639812,1.9568181818181818,1.7191763087053857,56240.00000118045,4.7232732996848705,3624000.0,
0.8409090909090909,1.2710114119447462,2.0931818181818183,1.8389795357928689,56250.00000118103,4.822281138624191,3625000.0,
0.8181818181818182,1.3165525374541673,2.168181818181818,1.9048713106909845,56260.000001181616,5.012450323653076,3626000.0,
0.8181818181818182,1.0971271145451396,1.8068181818181819,1.5873927589091537,56270.0000011822,4.7448192512087415,3627000.0,
0.8068181818181818,1.0888469099070628,1.7931818181818182,1.5754124362004054,56280.00000118278,4.801948282801139,3628000.0,
0.7613636363636364,1.1923494678830193,1.9636363636363634,1.7251664700597595,56290.00000118336,5.225172435533842,3629000.0,
0.8863636363636364,1.4241951977491618,2.3454545454545457,2.060615505904713,56300.000001183944,4.750371505243466,3630000.0,
0.8295454545454546,1.0805667052689862,1.7795454545454548,1.5634321134916576,56310.000001184526,4.662050274941605,3631000.0,
0.8181818181818182,1.2585911049876315,2.0727272727272728,1.8210090517297461,56320.00000118511,4.94494190619417,3632000.0,
0.8522727272727273,1.14266824005456,1.8818181818181818,1.65328453380727,56330.00000118569,4.6116614017582975,3633000.0,
0.8181818181818182,1.1343880354164837,1.8681818181818182,1.6413042110985214,56340.00000118627,4.794249265607276,3634000.0,
0.8522727272727273,1.4780165278966593,2.434090909090909,2.138487603511577,56350.000001186854,5.006203392826424,3635000.0,
0.875,1.3662337652826262,2.25,1.9767532469434743,56360.000001187436,4.748939887687651,3636000.0,
0.9204545454545454,1.486296732534736,2.4477272727272723,2.1504679262203257,56370.00000118802,4.645356944075767,3637000.0,
0.8636363636363636,1.362093662963588,2.2431818181818177,1.9707630855891005,56380.0000011886,4.807684767735243,3638000.0,
0.8068181818181818,1.2958520258589759,2.1340909090909093,1.874920503919114,56390.00000118918,5.064715187079928,3639000.0,
0.8522727272727273,1.254451002668593,2.065909090909091,1.8150188903753721,56400.000001189765,4.74655317655898,3640000.0,
0.8068181818181818,1.2089098771591722,1.9909090909090907,1.7491271154772563,56410.00000119035,4.9580826647478435,3641000.0,
0.9318181818181818,1.5773789835535774,2.5977272727272727,2.2822514760165573,56420.00000119093,4.688892079997644,3642000.0,
0.75,1.2130499794782106,1.9977272727272728,1.7551172768316305,56430.00000119151,5.340427245472378,3643000.0,
0.7840909090909091,1.2585911049876317,2.0727272727272723,1.8210090517297461,56440.00000119209,5.166895902116062,3644000.0,
0.875,1.2130499794782106,1.9977272727272726,1.7551172768316305,56450.000001192675,4.5785480285867735,3645000.0,
0.875,1.2751515142637846,2.1,1.844969697147243,56460.00000119326,4.6500406917183685,3646000.0,
0.8181818181818182,1.2627312073066697,2.079545454545454,1.8269992130841204,56470.00000119384,4.958335364584592,3647000.0,
0.8522727272727273,1.0433057843976419,1.718181818181818,1.5095206613022896,56480.00000119442,4.503076120454646,3648000.0,
0.8068181818181818,1.1923494678830195,1.9636363636363634,1.72516647005976,56490.000001195,4.942064129307241,3649000.0,
0.8181818181818182,1.1633687516497513,1.9159090909090908,1.6832353405791407,56500.000001195585,4.8385590298929,3650000.0,
0.8409090909090909,1.3745139699207027,2.2636363636363637,1.988733569652223,56510.00000119617,4.959419315677498,3651000.0,
0.7727272727272727,1.0474458867166803,1.7249999999999999,1.5155108226566638,56520.00000119675,4.974338794679164,3652000.0,
0.8636363636363636,1.3993545838349324,2.3045454545454547,2.024674537778468,56530.00000119733,4.858723728744627,3653000.0,
0.8295454545454546,1.1385281377355219,1.875,1.6472943724528955,56540.000001197914,4.744524330518437,3654000.0,
0.7840909090909091,1.312412435135129,2.161363636363636,1.8988811493366107,56550.000001198496,5.241914410130633,3655000.0,
0.8409090909090909,1.2254702864353255,2.018181818181818,1.773087760894753,56560.00000119908,4.784880881262612,3656000.0,
0.7727272727272727,1.0226052728024506,1.6840909090909089,1.479569854530419,56570.00000119966,4.945133294319744,3657000.0,
0.7840909090909091,1.3703738676016644,2.2568181818181814,1.9827434082978486,56580.00000120024,5.317575367479359,3658000.0,
0.9090909090909091,1.362093662963588,2.2431818181818177,1.9707630855891005,56590.000001200824,4.577800529349092,3659000.0,
0.7727272727272727,0.8023088982992587,1.7727272727272727,1.612265493067421,56600.000001201406,5.016549133334256,3660000.0,
0.75,0.9442558572291273,2.086363636363636,1.8975124649178106,56610.00000120199,4.992944173383325,3661000.0,
0.8409090909090909,1.2034633474488878,2.6590909090909087,2.418398239601131,56620.00000120257,4.761953710576226,3662000.0,
0.8068181818181818,1.1664337059889223,2.5772727272727276,2.3439859860749426,56630.00000120315,4.9178305089319165,3663000.0,
0.8636363636363636,1.1911201336288992,2.6318181818181814,2.393594155092402,56640.000001203734,4.623399628506399,3664000.0,
0.8636363636363636,1.1540904921689334,2.55,2.3191819015662127,56650.00000120432,4.58104951734226,3665000.0,
0.8636363636363636,1.0090577297840673,2.2295454545454545,2.027733908588641,56660.0000012049,4.413643160896656,3666000.0,
0.8409090909090909,1.1170608507089677,2.4681818181818183,2.244769648040024,56670.00000120548,4.661907498237019,3667000.0,
0.8409090909090909,1.1540904921689334,2.5500000000000003,2.319181901566213,56680.00000120606,4.706483288081333,3668000.0,
0.7954545454545454,1.0676879954290135,2.359090909090909,2.145553310005106,56690.000001206645,4.867376337212972,3669000.0,
0.8977272727272727,1.2775226303688194,2.8227272727272723,2.567222746653509,56700.00000120723,4.547111284552067,3670000.0,
0.8636363636363636,1.3299812891037708,2.938636363636364,2.6726401058156095,56710.00000120781,4.787870440109097,3671000.0,
0.8181818181818182,1.1078034403439763,2.4477272727272723,2.2261665846584773,56720.00000120839,4.782868093853219,3672000.0,
0.8295454545454546,1.1139750472539705,2.461363636363636,2.2385686269128424,56730.00000120897,4.725337043363201,3673000.0,
0.8181818181818182,1.1139750472539705,2.461363636363636,2.2385686269128424,56740.000001209555,4.79152228007661,3674000.0,
0.8522727272727273,1.1818627232639078,2.6113636363636363,2.374991091710854,56750.00000121014,4.680049595391903,3675000.0,
0.8863636363636364,1.126318261073959,2.4886363636363638,2.2633727114215714,56760.00000121072,4.437894961303584,3676000.0,
0.8068181818181818,1.0676879954290133,2.359090909090909,2.145553310005106,56770.0000012113,4.803328783167982,3677000.0,
0.8636363636363636,0.9195694295891502,2.0318181818181817,1.8479042959003515,56780.00000121188,4.316340918566066,3678000.0,
0.8409090909090909,1.2065491509038848,2.6659090909090906,2.4245992607283138,56790.000001212466,4.774812503874595,3679000.0,
0.8409090909090909,1.043001567789036,2.3045454545454547,2.095945140987647,56800.00000121305,4.580864026656968,3680000.0,
0.7840909090909091,0.8948830019491729,1.9772727272727268,1.7982961268828925,56810.00000121363,4.724485567807392,3681000.0,
0.8636363636363636,1.1818627232639078,2.611363636363636,2.374991091710855,56820.00000121421,4.622154205979066,3682000.0,
0.7840909090909091,1.0244867470590533,2.2636363636363637,2.0587390142245527,56830.000001214794,4.890936720991074,3683000.0,
0.8181818181818182,0.9627706779591104,2.127272727272727,1.9347185916809053,56840.000001215376,4.612272495383215,3684000.0,
0.8863636363636364,1.0090577297840675,2.2295454545454545,2.0277339085886408,56850.00000121596,4.310216413181924,3685000.0,
0.8409090909090909,1.0183151401490589,2.2499999999999996,2.046336971970188,56860.00000121654,4.554750437031238,3686000.0,
0.8636363636363636,1.1201466541639649,2.4749999999999996,2.250970669167207,56870.00000121712,4.553325073337181,3687000.0,
0.8977272727272727,1.1170608507089677,2.4681818181818183,2.244769648040024,56880.000001217704,4.377482973032763,3688000.0,
0.8295454545454546,0.9535132675941188,2.106818181818182,1.9161155282993578,56890.000001218286,4.540670788431287,3689000.0,
0.8863636363636364,1.206549150903885,2.6659090909090906,2.4245992607283138,56900.00000121887,4.535591349830073,3690000.0,
0.7954545454545454,0.9319126434091387,2.059090909090909,1.8727083804090812,56910.00000121945,4.70925875181729,3691000.0,
0.8181818181818182,0.9288268399541416,2.052272727272727,1.866507359281899,56920.00000122003,4.575230026710735,3692000.0,
0.8636363636363636,1.0646021919740163,2.352272727272727,2.139352288877924,56930.000001220615,4.49216832764374,3693000.0,
0.8522727272727273,1.1386614748939476,2.51590909090909,2.2881767959303008,56940.0000012212,4.639493463971739,3694000.0,
0.8409090909090909,0.9781996952340961,2.161363636363636,1.9657236973168168,56950.00000122178,4.511910448483999,3695000.0,
0.8295454545454546,1.1201466541639649,2.4749999999999996,2.2509706691672067,56960.00000122236,4.745379528406119,3696000.0,
0.8181818181818182,1.169519509443919,2.584090909090909,2.350187007202125,56970.00000122294,4.8721877338650685,3697000.0,
0.8409090909090909,0.9751138917790989,2.1545454545454543,1.9595226761896347,56980.000001223525,4.5098624659970685,3698000.0,
0.8636363636363636,1.265179416548831,2.795454545454545,2.542418662144779,56990.00000122411,4.727573535046339,3699000.0,
0.8409090909090909,1.1417472783489446,2.522727272727273,2.2943778170574833,57000.00000122469,4.709102168945057,3700000.0,
0.8295454545454546,1.0522589781540275,2.3249999999999997,2.114548204369194,57010.00000122527,4.666282055955943,3701000.0,
0.8068181818181818,0.8856255915841816,1.9568181818181818,1.7796930635013453,57020.00000122585,4.591758479811826,3702000.0,
0.7840909090909091,0.7868798810242729,1.7386363636363635,1.5812603874315092,57030.000001226435,4.59949608025174,3703000.0,
0.8181818181818182,1.188034330173902,2.625,2.3873931339652192,57040.00000122702,4.89870584809083,3704000.0,
0.8409090909090909,1.104717636888979,2.440909090909091,2.2199655635312947,57050.0000012276,4.667769622344173,3705000.0,
0.8181818181818182,0.916483626134153,2.025,1.8417032747731694,57060.00000122818,4.567921654264534,3706000.0,
0.8863636363636364,1.2158065612688764,2.686363636363636,2.4432023241098606,57070.000001228764,4.554753556396211,3707000.0,
0.8068181818181818,1.0306583539690477,2.2772727272727273,2.0711410564789174,57080.000001229346,4.774897678260872,3708000.0,
0.7954545454545454,0.9257410364991443,2.0454545454545454,1.8603063381547167,57090.00000122993,4.7117858745596095,3709000.0,
0.8409090909090909,1.1726053128989162,2.5909090909090904,2.3563880283293077,57100.00000123051,4.7512036154372295,3710000.0,
0.8295454545454546,1.123232457618962,2.4818181818181815,2.2571716902943892,57110.00000123109,4.757318579146868,3711000.0,
0.7954545454545454,0.8516817535792129,1.881818181818182,1.7114818311023392,57120.000001231674,4.620397061746082,3712000.0,
0.8522727272727273,1.0368299608790421,2.290909090909091,2.083543098733282,57130.000001232256,4.530144487528173,3713000.0,
0.8977272727272727,0.9936287125090817,2.1954545454545453,1.996728802952729,57140.00000123284,4.253153502633656,3714000.0,
0.875,1.225063971633868,2.7068181818181816,2.461805387491408,57150.00000123342,4.628641941701849,3715000.0,
0.8409090909090909,1.2374071854538564,2.734090909090909,2.4866094720001373,57160.000001234,4.831508544962212,3716000.0,
0.8977272727272727,1.1633479025339248,2.5704545454545453,2.33778496494776,57170.000001234584,4.443726777598127,3717000.0,
0.8295454545454546,1.1787769198089106,2.6045454545454545,2.3687900705836724,57180.00000123517,4.828111903430864,3718000.0,
0.8522727272727273,1.0584305850640219,2.3386363636363634,2.1269502466235592,57190.00000123575,4.558689219905403,3719000.0,
0.8409090909090909,1.4697363232585827,2.4204545454545454,2.1265072808028287,57200.00000123633,4.6648689181268175,3720000.0,
0.8522727272727273,1.1923494678830193,1.9636363636363638,1.72516647005976,57210.00000123691,4.716887375746422,3721000.0,
0.8409090909090909,1.2544510026685933,2.065909090909091,1.8150188903753723,57220.000001237495,4.855020111379926,3722000.0,
0.8181818181818182,1.0557260913547568,1.7386363636363635,1.5274911453654125,57230.00000123808,4.747551333979156,3723000.0,
0.875,1.3869342768778177,2.284090909090909,2.0067040537153455,57240.00000123866,4.818311900941959,3724000.0,
0.8409090909090909,1.2461707980305166,2.0522727272727272,1.8030385676666236,57250.00000123924,4.846795003161767,3725000.0,
0.8522727272727273,1.1964895702020577,1.9704545454545452,1.731156631414134,57260.00000123982,4.724411762467581,3726000.0,
0.8068181818181818,1.3041322304970524,2.147727272727273,1.8869008266278622,57270.000001240405,5.12455544071874,3727000.0,
0.7727272727272727,1.221330184116287,2.0113636363636362,1.7670975995403788,57280.00000124099,5.244071414845964,3728000.0,
0.8068181818181818,1.23789059339244,2.0386363636363636,1.7910582449578754,57290.00000124157,5.043579890504638,3729000.0,
0.7840909090909091,1.2130499794782106,1.9977272727272721,1.7551172768316305,57300.00000124215,5.158669539150427,3730000.0,
0.8636363636363636,1.0681463983118713,1.7590909090909088,1.5454616294285346,57310.00000124273,4.516272145509788,3731000.0,
0.6931818181818182,0.9480834310597618,1.561363636363636,1.3717469501516837,57320.000001243316,5.454281015419025,3732000.0,
0.8068181818181818,1.3041322304970522,2.1477272727272725,1.8869008266278622,57330.0000012439,5.1279357224090765,3733000.0,
0.8876404494382022,1.3877250829387573,2.2853932584269665,2.0078482418392145,57340.00000124448,4.719839650491844,3734000.0,
0.8426966292134831,1.363163577046036,2.2449438202247194,1.972311104815512,57350.00000124506,4.9429514448587435,3735000.0,
0.7865168539325843,1.1625779455888117,1.9146067415730335,1.682091152455271,57360.000001245644,5.041560530924502,3736000.0,
0.8089887640449438,1.3918186672542108,2.292134831460674,2.013771098009832,57370.000001246226,5.185439741568583,3737000.0,
0.8089887640449438,1.3345084868378614,2.1977528089887635,1.930851111621192,57380.00000124681,5.115153546331739,3738000.0,
0.8539325842696629,1.3713507456769432,2.258426966292135,1.9841568171567463,57390.00000124739,4.889605478586392,3739000.0,
0.7752808988764045,1.0111153259170298,1.6651685393258426,1.4629454741424368,57400.00000124797,4.921580637883128,3740000.0,
0.8314606741573034,1.1830458671660793,1.948314606741573,1.711705433308357,57410.000001248554,4.7963632727716705,3741000.0,
0.8314606741573034,1.2198881260051615,2.0089887640449433,1.7650111388439116,57420.00000124914,4.8412140975916795,3742000.0,
0.8426966292134831,0.9865538200243086,1.6247191011235955,1.4274083371187336,57430.00000124972,4.5003078665265415,3743000.0,
0.8089887640449438,1.3140405652605935,2.164044943820225,1.9012368307681058,57440.0000012503,5.093186254382255,3744000.0,
0.8876404494382022,1.383631498623304,2.278651685393258,2.001925385668598,57450.00000125088,4.720797511200074,3745000.0,
0.8876404494382022,1.3426956554687681,2.2112359550561798,1.9426968239624265,57460.000001251465,4.675186244861449,3746000.0,
0.8089887640449438,1.0479575847561118,1.7258426966292135,1.516251179677991,57470.00000125205,4.765944792369868,3747000.0,
0.7865168539325843,1.0233960788633905,1.6853932584269662,1.480714042654288,57480.00000125263,4.87145787180258,3748000.0,
0.8426966292134831,1.2608239691596972,2.076404494382022,1.824239700550083,57490.00000125321,4.828975110167389,3749000.0,
0.797752808988764,1.2321688789515222,2.0292134831460675,1.782779707355763,57500.00000125379,5.065673665268013,3750000.0,
0.8764044943820225,1.3590699927305825,2.2382022471910115,1.9663882486448951,57510.000001254375,4.756372171286764,3751000.0,
0.797752808988764,0.9538051455006799,1.5707865168539323,1.3800254877537965,57520.00000125496,4.717865605026883,3752000.0,
0.8764044943820225,1.2894790593678718,2.1235955056179776,1.8656996937444028,57530.00000125554,4.677992772962705,3753000.0,
0.8651685393258427,1.5146261967178178,2.49438202247191,2.1914567831283467,57540.00000125612,4.999500409288813,3754000.0,
0.8539325842696629,1.2894790593678718,2.1235955056179776,1.8656996937444033,57550.0000012567,4.8021504775144175,3755000.0,
0.8539325842696629,1.469596769247829,2.4202247191011232,2.1263053652515578,57560.000001257285,5.0136041114528185,3756000.0,
0.7640449438202247,1.1707651142197188,1.9280898876404493,1.693936864796506,57570.00000125787,5.212910223131099,3757000.0,
0.8089887640449438,1.2485432162133363,2.0561797752808983,1.8064711320382318,57580.00000125845,5.0200020312548475,3758000.0,
0.8539325842696629,1.2935726436833257,2.1303370786516855,1.87162254991502,57590.00000125903,4.809049543357636,3759000.0,
0.8426966292134831,1.1298292710651832,1.8606741573033707,1.634708303090334,57600.000001259614,4.679394735095575,3760000.0,
0.8089887640449438,1.0479575847561118,1.725842696629213,1.516251179677991,57610.000001260196,4.773722570148098,3761000.0,
0.8314606741573034,1.1830458671660793,1.948314606741573,1.711705433308357,57620.00000126078,4.8077146241236814,3762000.0,
0.7640449438202247,1.1257356867497295,1.853932584269663,1.628785446919717,57630.00000126136,5.157504060707348,3763000.0,
0.8202247191011236,1.3304149025224077,2.191011235955056,1.9249282554505749,57640.00000126194,5.054338716874936,3764000.0,
0.7752808988764045,1.113454933803369,1.8337078651685392,1.6110168784078658,57650.000001262524,5.068076653853308,3765000.0,
0.8651685393258427,1.3386020711533146,2.204494382022472,1.936773967791809,57660.000001263106,4.8022777187016334,3766000.0,
0.8089887640449438,1.121642102434276,1.8471910112359549,1.6228625907491,57670.00000126369,4.868138154500467,3767000.0,
0.8314606741573034,1.2444496318978828,2.0494382022471904,1.8005482758676143,57680.00000126427,4.884808341166175,3768000.0,
0.8876404494382022,1.1502971926424508,1.8943820224719101,1.66432258394342,57690.00000126485,4.470079115855263,3769000.0,
0.8426966292134831,1.4081930045160254,2.3191011235955052,2.0374625226923007,57700.000001265435,5.015053032124217,3770000.0,
0.8089887640449438,1.121642102434276,1.847191011235955,1.6228625907491,57710.00000126602,4.870360376722818,3771000.0,
0.8539325842696629,1.30994698094514,2.157303370786517,1.8953139745974887,57720.0000012666,4.835066859362002,3772000.0,
0.8651685393258427,1.2567303848442435,2.0696629213483146,1.8183168443794657,57730.00000126718,4.711283172188763,3773000.0,
0.7752808988764045,1.2608239691596972,2.076404494382022,1.824239700550083,57740.00000126776,5.263378742936411,3774000.0,
0.8426966292134831,1.2853854750524183,2.1168539325842697,1.859776837573786,57750.000001268345,4.871988097160893,3775000.0,
0.8089887640449438,1.2403560475824296,2.0426966292134834,1.794625419696997,57760.00000126893,5.019881781142225,3776000.0,
0.797752808988764,1.2567303848442437,2.0696629213483146,1.8183168443794662,57770.00000126951,5.111673299416113,3777000.0,
0.8089887640449438,1.1380164396960901,1.8741573033707866,1.6465540154315683,57780.00000127009,4.894489765838342,3778000.0,
0.7752808988764045,1.0725190906488333,1.7662921348314609,1.551788316701694,57790.00000127067,5.023391290944307,3779000.0,
0.7640449438202247,0.7261692984433741,1.6044943820224717,1.4592605223337969,57800.000001271255,4.969266220255157,3780000.0,
0.8426966292134831,0.9855154764588645,2.17752808988764,1.9804249945958674,57810.00000127184,4.519342365496727,3781000.0,
0.9213483146067416,1.1228163942317713,2.4808988764044946,2.2563355975581403,57820.00000127242,4.283054379195678,3782000.0,
0.8539325842696629,0.9763620819406706,2.157303370786517,1.9620309543983823,57830.000001273,4.450210859212369,3783000.0,
0.8089887640449438,0.814652112119247,1.7999999999999998,1.6370695775761506,57840.00000127358,4.498108860917161,3784000.0,
0.8539325842696629,1.0465381065801564,2.3123595505617978,2.1030519292457663,57850.000001274166,4.533443309119196,3785000.0,
0.8876404494382022,1.2570661804986136,2.77752808988764,2.526114853787918,57860.00000127475,4.598970760402581,3786000.0,
0.9101123595505618,1.24791278598042,2.757303370786517,2.5077208135904328,57870.00000127533,4.475852320489963,3787000.0,
0.8764044943820225,1.1075607367014484,2.447191011235955,2.2256788638956655,57880.00000127591,4.4883680201777025,3788000.0,
0.8764044943820225,1.1868901558591278,2.6224719101123593,2.385093878940534,57890.000001276494,4.579397742037136,3789000.0,
0.8314606741573034,1.0221290545316397,2.2584269662921344,2.054001155385807,57900.000001277076,4.629314673793953,3790000.0,
0.8876404494382022,1.064844895616544,2.352808988764045,2.1398400096407357,57910.00000127766,4.384949312877359,3791000.0,
0.8876404494382022,1.2936797585713888,2.8584269662921344,2.599691014577857,57920.00000127824,4.643256943294872,3792000.0,
0.8314606741573034,1.0099245285073812,2.231460674157303,2.029475768455827,57930.00000127882,4.616257878981089,3793000.0,
0.9213483146067416,1.1563788407984819,2.555056179775281,2.3237804116155845,57940.000001279404,4.325335571201351,3794000.0,
0.8314606741573034,0.973310950434606,2.150561797752809,1.9558996076658874,57950.00000127999,4.5733037107584895,3795000.0,
0.8539325842696629,0.9855154764588645,2.1775280898876406,1.9804249945958674,57960.00000128057,4.467772071214336,3796000.0,
0.8426966292134831,1.0160267915195105,2.2449438202247194,2.0417384619208168,57970.00000128115,4.564082459369191,3797000.0,
0.8876404494382022,1.1533277092924175,2.5483146067415725,2.31764906488309,57980.00000128173,4.48817678651241,3798000.0,
0.8539325842696629,1.0617937641104793,2.3460674157303374,2.133708662908241,57990.000001282315,4.558676908069608,3799000.0,
0.8426966292134831,1.1045096051953838,2.4404494382022466,2.2195475171631704,58000.0000012829,4.67068206493132,3800000.0,
0.8539325842696629,1.232657128450097,2.7235955056179773,2.477064079927958,58010.00000128348,4.759819532098959,3801000.0,
0.7865168539325843,1.086202816158996,2.4,2.1827594367682006,58020.00000128406,4.98216929493736,3802000.0,
0.898876404494382,1.0038222654952522,2.2179775280898872,2.017213074990837,58030.00000128464,4.268249770456803,3803000.0,
0.8539325842696629,1.0160267915195105,2.244943820224719,2.0417384619208168,58040.000001285225,4.507712953325075,3804000.0,
0.8314606741573034,1.1075607367014484,2.447191011235955,2.225678863895665,58050.00000128581,4.740171696944601,3805000.0,
0.8651685393258427,1.0862028161589963,2.3999999999999995,2.1827594367682006,58060.00000128639,4.5313227356574615,3806000.0,
0.8426966292134831,1.2174014709197738,2.689887640449438,2.446407346265483,58070.00000128697,4.808380412257814,3807000.0,
0.7752808988764045,1.0862028161589963,2.4,2.1827594367682,58080.00000128755,5.057852907907669,3808000.0,
0.8651685393258427,1.171634498328805,2.5887640449438205,2.3544371452780593,58090.000001288136,4.631626887775902,3809000.0,
0.8314606741573034,1.0801005531468668,2.386516853932584,2.1704967433032105,58100.00000128872,4.709847962669653,3810000.0,
0.8089887640449438,1.0617937641104793,2.3460674157303374,2.1337086629082407,58110.0000012893,4.8186034029627525,3811000.0,
0.8764044943820225,1.0953562106771901,2.4202247191011237,2.2011534769656853,58120.00000128988,4.486750035355869,3812000.0,
0.8539325842696629,1.1838390243530634,2.6157303370786513,2.378962532208039,58130.000001290464,4.708966752301484,3813000.0,
0.8764044943820225,0.9916177394709936,2.191011235955056,1.9926876880608577,58140.000001291046,4.369407420774499,3814000.0,
0.8764044943820225,1.1350209202560297,2.507865168539326,2.2808609844881196,58150.00000129163,4.533546947567711,3815000.0,
0.8426966292134831,1.177736761340934,2.602247191011236,2.3666998387430493,58160.00000129221,4.766111623557871,3816000.0,
0.8539325842696629,1.0495892380862213,2.3191011235955057,2.1091832759782614,58170.00000129279,4.553858449962806,3817000.0,
0.8089887640449438,1.1258675257378359,2.487640449438202,2.2624669442906344,58180.000001293374,4.901694580530128,3818000.0,
0.8539325842696629,1.0526403695922857,2.325842696629213,2.115314622710756,58190.000001293956,4.558484117121283,3819000.0,
0.797752808988764,1.0404358435680274,2.298876404494382,2.0907892357807767,58200.00000129454,4.864768874437478,3820000.0,
0.7865168539325843,0.9550041613982186,2.1101123595505618,1.919111527270918,58210.00000129512,4.826216719599288,3821000.0,
0.8764044943820225,1.2723218380289367,2.81123595505618,2.5567715874503922,58220.0000012957,4.693800558872903,3822000.0,
0.8202247191011236,1.0709471586286732,2.3662921348314607,2.152102703105726,58230.000001296285,4.770330097609115,3823000.0,
0.8314606741573034,1.1716344983288047,2.58876404494382,2.3544371452780593,58240.00000129687,4.827503653497018,3824000.0,
0.8651685393258427,0.8817770052526681,1.948314606741573,1.7719592056910394,58250.00000129745,4.304908486688384,3825000.0,
0.8202247191011236,0.9275439778436371,2.049438202247191,1.8639294066784635,58260.00000129803,4.597139918295947,3826000.0,
0.8314606741573034,1.0343335805558982,2.2853932584269665,2.078526542315787,58270.00000129861,4.663993090229698,3827000.0,
0.8764044943820225,1.1106118682075132,2.453932584269663,2.23181021062816,58280.000001299195,4.512362259974279,3828000.0,
0.898876404494382,1.2418105229682905,2.743820224719101,2.495458120125443,58290.00000129978,4.546011706896316,3829000.0,
0.898876404494382,1.2601173120046782,2.784269662921348,2.5322462005204125,58300.00000130036,4.566878009699326,3830000.0,
0.8539325842696629,1.0129756600134456,2.238202247191011,2.0356071151883217,58310.00000130094,4.51835044406222,3831000.0,
0.8426966292134831,1.0343335805558982,2.2853932584269665,2.0785265423157866,58320.00000130152,4.604473182360124,3832000.0,
0.8764044943820225,1.0923050791711253,2.4134831460674153,2.1950221302331903,58330.000001302105,4.494037846843166,3833000.0,
0.8876404494382022,1.1746856298348693,2.595505617977528,2.360568492010554,58340.00000130269,4.530466089403069,3834000.0,
0.8089887640449438,1.0617937641104795,2.346067415730337,2.1337086629082416,58350.00000130327,4.831936736296862,3835000.0,
0.898876404494382,1.2265548654379674,2.710112359550562,2.4648013864629683,58360.00000130385,4.532539787894036,3836000.0,
0.8651685393258427,0.8970326627829912,1.982022471910112,1.802615939353514,58370.000001304434,4.328775415522497,3837000.0,
0.7865168539325843,0.9366973723618308,2.0696629213483146,1.8823234468759482,58380.000001305016,4.812655230682162,3838000.0,
0.8202247191011236,1.0862028161589963,2.4,2.1827594367682006,58390.0000013056,4.7976965841876895,3839000.0,
0.8089887640449438,1.4736903535632822,2.4269662921348316,2.1322282214221753,58400.00000130618,4.879972964748093,3840000.0,
0.8202247191011236,1.1462036083269973,1.887640449438202,1.6583997277728029,58410.00000130676,4.871944125324084,3841000.0,
0.8876404494382022,1.3140405652605933,2.1640449438202247,1.9012368307681058,58420.000001307344,4.691511522984184,3842000.0,
0.8314606741573034,1.3222277338915005,2.1775280898876406,1.9130825431093406,58430.000001307926,5.018892815187885,3843000.0,
0.8089887640449438,1.187139451481533,1.9550561797752808,1.7176282894789745,58440.00000130851,4.991877933186371,3844000.0,
0.8539325842696629,1.1502971926424508,1.8943820224719101,1.66432258394342,58450.00000130909,4.686529607272932,3845000.0,
0.8876404494382022,1.354976408415129,2.231460674157303,1.9604653924742776,58460.00000130967,4.739654434892575,3846000.0,
0.7865168539325843,1.150297192642451,1.8943820224719101,1.66432258394342,58470.000001310254,5.089375002182107,3847000.0,
0.8314606741573034,1.2771983064215116,2.1033707865168543,1.8479311252325517,58480.00000131084,4.967438503771436,3848000.0,
0.8651685393258427,1.4409416790396539,2.373033707865168,2.0848453720572375,58490.00000131142,4.963683239507833,3849000.0,
0.797752808988764,1.0888934279106475,1.7932584269662917,1.5754797413841626,58500.000001312,4.942412888614421,3850000.0,
0.797752808988764,1.092987012226101,1.7999999999999996,1.5814025975547796,58510.00000131258,4.948107663319741,3851000.0,
0.8426966292134831,1.3140405652605935,2.1640449438202243,1.9012368307681062,58520.000001313165,4.947058804210317,3852000.0,
0.8539325842696629,1.3877250829387575,2.285393258426966,2.0078482418392145,58530.00000131375,4.968780689330693,3853000.0,
0.8426966292134831,1.4736903535632822,2.4269662921348316,2.132228221422175,58540.00000131433,5.1375765529962365,3854000.0,
0.8426966292134831,1.3099469809451396,2.1573033707865163,1.8953139745974887,58550.00000131491,4.943801084156072,3855000.0,
0.797752808988764,1.1912330357969865,1.9617977528089887,1.7235511456495913,58560.00000131549,5.074078030894677,3856000.0,
0.8539325842696629,1.2690111377906041,2.089887640449438,1.8360854128913173,58570.000001316075,4.831865674617847,3857000.0,
0.8876404494382022,1.3099469809451396,2.157303370786517,1.8953139745974887,58580.00000131666,4.6950010292621815,3858000.0,
0.7640449438202247,1.1421100240115438,1.8808988764044945,1.6524768716021856,58590.00000131724,5.235405766832716,3859000.0,
0.7865168539325843,1.2444496318978828,2.049438202247191,1.8005482758676146,58600.00000131782,5.216511674950159,3860000.0,
0.8314606741573034,1.3836314986233036,2.2786516853932586,2.001925385668598,58610.0000013184,5.102473018717243,3861000.0,
0.8314606741573034,1.1666715299042654,1.9213483146067412,1.6880140086258886,58620.000001318986,4.842075218501133,3862000.0,
0.8089887640449438,1.3754443299923966,2.2651685393258423,1.9900796733273634,58630.00000131957,5.2351992413462485,3863000.0,
0.8089887640449438,1.3140405652605935,2.1640449438202247,1.9012368307681065,58640.00000132015,5.159852921052801,3864000.0,
0.8314606741573034,1.4409416790396539,2.373033707865168,2.0848453720572375,58650.00000132073,5.173562289758654,3865000.0,
0.9101123595505618,1.3099469809451398,2.1573033707865172,1.8953139745974887,58660.000001321314,4.5830256952065564,3866000.0,
0.9101123595505618,1.391818667254211,2.292134831460674,2.013771098009832,58670.000001321896,4.673477301151119,3867000.0,
0.8089887640449438,1.1257356867497297,1.8539325842696626,1.628785446919717,58680.00000132248,4.929309390671446,3868000.0,
0.8651685393258427,1.4491288476705608,2.386516853932584,2.096691084398472,58690.00000132306,4.983535940912993,3869000.0,
0.8202247191011236,1.2403560475824293,2.042696629213483,1.7946254196969975,58700.00000132364,5.002623126609028,3870000.0,
0.797752808988764,1.203513788743347,1.9820224719101125,1.741319714161443,58710.000001324224,5.097922918391311,3871000.0,
0.797752808988764,1.3099469809451398,2.1573033707865163,1.8953139745974887,58720.00000132481,5.231902553686549,3872000.0,
0.8314606741573034,1.2239817103206148,2.0157303370786512,1.7709339950145286,58730.00000132539,4.916948273326549,3873000.0,
0.8426966292134831,1.3099469809451398,2.157303370786517,1.8953139745974887,58740.00000132597,4.953934417489995,3874000.0,
0.8651685393258427,1.3918186672542112,2.292134831460674,2.013771098009832,58750.00000132655,4.920411186925445,3875000.0,
0.8314606741573034,1.2567303848442435,2.0696629213483146,1.8183168443794657,58760.000001327135,4.957956814307764,3876000.0,
0.7865168539325843,1.084799843595194,1.7865168539325842,1.5695568852135455,58770.00000132772,5.023242658394449,3877000.0,
0.8539325842696629,1.0970805965415544,1.8067415730337077,1.5873254537253971,58780.0000013283,4.641578593418945,3878000.0,
0.797752808988764,1.1830458671660795,1.9483146067415729,1.7117054333083572,58790.00000132888,5.076772988527112,3879000.0,
0.8089887640449438,1.1543907769579045,1.9011235955056178,1.6702454401140374,58800.00000132946,4.971396932734717,3880000.0,
0.8314606741573034,1.4777839378787356,2.433707865168539,2.1381510775927923,58810.000001330045,5.226521222687243,3881000.0,
0.8314606741573034,1.416380173146932,2.332584269662921,2.0493082350335343,58820.00000133063,5.1532112894287545,3882000.0,
0.8202247191011236,1.0643319220179261,1.7528089887640446,1.5399426043604596,58830.00000133121,4.79514165845546,3883000.0,
0.7640449438202247,1.2567303848442435,2.0696629213483146,1.8183168443794657,58840.00000133179,5.400129474394015,3884000.0,
0.8202247191011236,1.1707651142197188,1.9280898876404493,1.6939368647965058,58850.00000133237,4.925998564016614,3885000.0,
0.7640449438202247,1.0602383377024724,1.7460674157303369,1.5340197481898425,58860.000001332955,5.144132530340885,3886000.0,
0.8539325842696629,1.1502971926424508,1.8943820224719101,1.6643225839434204,58870.00000133354,4.708634870432113,3887000.0,
0.8314606741573034,1.1912330357969865,1.9617977528089883,1.723551145649591,58880.00000133412,4.88566946207563,3888000.0,
0.8651685393258427,1.318134149576047,2.1707865168539326,1.907159686938723,58890.0000013347,4.842516095064094,3889000.0,
0.8314606741573034,1.4368480947242002,2.3662921348314607,2.078922515886621,58900.000001335284,5.182152438353017,3890000.0,
0.797752808988764,1.3058533966296861,2.150561797752809,1.8893911184268715,58910.000001335866,5.2374753846156885,3891000.0,
0.8314606741573034,1.2362624632669759,2.035955056179775,1.7887025635263802,58920.00000133645,4.941988638357229,3892000.0,
0.8539325842696629,1.2731047221060576,2.096629213483146,1.8420082690619344,58930.00000133703,4.855606845725204,3893000.0,
0.8651685393258427,1.1339228553806366,1.8674157303370784,1.6406311592609513,58940.00000133761,4.632193949825395,3894000.0,
0.8426966292134831,1.4532224319860143,2.393258426966292,2.1026139405690896,58950.000001338194,5.135154619392485,3895000.0,
0.9101123595505618,1.457316016301468,2.4,2.108536796739706,58960.000001338776,4.759764511833507,3896000.0,
0.8539325842696629,1.3099469809451396,2.1573033707865163,1.8953139745974887,58970.00000133936,4.900856333050042,3897000.0,
0.8202247191011236,1.2117009573742543,1.9955056179775277,1.7531654265026773,58980.00000133994,4.983029934438311,3898000.0,
0.7752808988764045,1.2853854750524185,2.1168539325842692,1.8597768375737858,58990.00000134052,5.367523294019647,3899000.0,
0.8876404494382022,0.9336462408557666,2.0629213483146067,1.8761921001434532,59000.000001341105,4.651702218414621,3900000.0,
0.8314606741573034,0.9733109504346062,2.150561797752809,1.9558996076658879,59010.00000134169,4.630601008059122,3901000.0,
0.8876404494382022,1.0678960271226086,2.3595505617977524,2.145971356373231,59020.00000134227,4.444589195210247,3902000.0,
0.8539325842696629,0.9794132134467352,2.1640449438202243,1.9681623011308775,59030.00000134285,4.516941789532356,3903000.0,
0.8651685393258427,1.1472254462802882,2.534831460674157,2.3053863714180993,59040.00000134343,4.652764476969451,3904000.0,
0.8426966292134831,1.0465381065801564,2.3123595505617978,2.1030519292457663,59050.000001344015,4.657889219911177,3905000.0,
0.7752808988764045,1.0465381065801567,2.3123595505617978,2.103051929245766,59060.0000013446,5.063502775265806,3906000.0,
0.8764044943820225,1.1441743147742236,2.528089887640449,2.2992550246856043,59070.00000134518,4.591170692597627,3907000.0,
0.8539325842696629,1.1502765777863526,2.5415730337078655,2.311517718150595,59080.00000134576,4.71966336093022,3908000.0,
0.797752808988764,1.0709471586286732,2.3662921348314603,2.1521027031057263,59090.00000134634,4.953156297544585,3909000.0,
0.8089887640449438,0.9916177394709937,2.191011235955056,1.992687688060857,59100.000001346925,4.7868580391754785,3910000.0,
0.898876404494382,1.1746856298348693,2.595505617977528,2.360568492010554,59110.00000134751,4.512335263287771,3911000.0,
0.8539325842696629,0.9977200024831231,2.2044943820224714,2.004950381525847,59120.00000134809,4.543116845114718,3912000.0,
0.8876404494382022,1.1075607367014482,2.4471910112359554,2.2256788638956646,59130.00000134867,4.494844374356353,3913000.0,
0.8202247191011236,0.9641575559164123,2.1303370786516855,1.9375055674684032,59140.00000134925,4.6899975682778905,3914000.0,
0.8089887640449438,1.0160267915195105,2.2449438202247194,2.0417384619208168,59150.000001349836,4.819808117402279,3915000.0,
0.7865168539325843,1.1045096051953838,2.4404494382022475,2.21954751716317,59160.00000135042,5.070587926715987,3916000.0,
0.8539325842696629,1.0770494216408022,2.379775280898876,2.164365396570716,59170.000001351,4.638647349128469,3917000.0,
0.9101123595505618,1.1807878928469986,2.608988764044944,2.372831185475544,59180.00000135158,4.466789166310093,3918000.0,
0.8651685393258427,1.0465381065801567,2.3123595505617978,2.1030519292457663,59190.000001352164,4.54417781160222,3919000.0,
0.8426966292134831,1.1228163942317715,2.4808988764044946,2.25633559755814,59200.000001352746,4.756406121258226,3920000.0,
0.8089887640449438,1.0709471586286732,2.3662921348314603,2.152102703105726,59210.00000135333,4.891029126745743,3921000.0,
0.8539325842696629,1.0343335805558982,2.285393258426966,2.0785265423157866,59220.00000135391,4.591256429963406,3922000.0,
0.8314606741573034,1.0221290545316397,2.258426966292135,2.054001155385807,59230.00000135449,4.70120656569003,3923000.0,
0.898876404494382,1.254015048992549,2.7707865168539323,2.5199835070554224,59240.000001355074,4.607089242101068,3924000.0,
0.898876404494382,1.2723218380289367,2.81123595505618,2.5567715874503922,59250.00000135566,4.627955544904078,3925000.0,
0.797752808988764,1.0068733970013168,2.224719101123595,2.023344421723332,59260.00000135624,4.882415948462964,3926000.0,
0.8426966292134831,1.1197652627257069,2.474157303370786,2.250204250825645,59270.00000135682,4.756518778537913,3927000.0,
0.8539325842696629,0.9702598189285415,2.143820224719101,1.9497682609333926,59280.0000013574,4.519380577531554,3928000.0,
0.8876404494382022,1.0282313175437687,2.2719101123595506,2.0662638488507965,59290.000001357985,4.413574522394376,3929000.0,
0.8764044943820225,1.2296059969440323,2.7168539325842693,2.470932733195463,59300.00000135857,4.70044530430489,3930000.0,
0.797752808988764,0.9519530298921541,2.103370786516854,1.912980180538423,59310.00000135915,4.8163890094107975,3931000.0,
0.7865168539325843,0.9885666079649293,2.184269662921348,1.9865563413283625,59320.00000135973,4.932317544523514,3932000.0,
0.8764044943820225,1.2418105229682905,2.743820224719101,2.495458120125442,59330.00000136031,4.715909442973684,3933000.0,
0.8202247191011236,1.0617937641104795,2.346067415730337,2.1337086629082416,59340.000001360895,4.819992397446637,3934000.0,
0.8539325842696629,1.049589238086221,2.3191011235955057,2.1091832759782614,59350.00000136148,4.615963713124314,3935000.0,
0.8876404494382022,0.9824643449528,2.1707865168539326,1.9742936478633728,59360.00000136206,4.365558565931338,3936000.0,
0.8651685393258427,0.9427996353739602,2.0831460674157305,1.894586140340938,59370.00000136264,4.433622955273523,3937000.0,
0.8202247191011236,0.86957247922841,1.9213483146067416,1.7474338187610596,59380.00000136322,4.587832200809722,3938000.0,
0.898876404494382,1.150276577786353,2.5415730337078655,2.3115177181505944,59390.000001363805,4.499180192884611,3939000.0,
0.8876404494382022,0.9824643449528,2.1707865168539326,1.9742936478633726,59400.00000136439,4.3675838823871524,3940000.0,
0.8202247191011236,1.1106118682075132,2.453932584269663,2.23181021062816,59410.00000136497,4.883345976414478,3941000.0,
0.7752808988764045,0.8421122956738284,1.8606741573033707,1.6922516981686047,59420.00000136555,4.820692671344367,3942000.0,
0.8651685393258427,1.110611868207513,2.453932584269663,2.23181021062816,59430.000001366134,4.630704626990409,3943000.0,
0.7415730337078652,0.9794132134467354,2.1640449438202247,1.968162301130877,59440.000001366716,5.226175394008402,3944000.0,
0.8426966292134831,1.0617937641104798,2.346067415730337,2.133708662908241,59450.0000013673,4.697325933515069,3945000.0,
0.8876404494382022,1.1807878928469986,2.6089887640449434,2.372831185475544,59460.00000136788,4.5940496515339575,3946000.0,
0.8089887640449438,1.086202816158996,2.3999999999999995,2.1827594367682006,59470.00000136846,4.924331258971566,3947000.0,
0.8426966292134831,1.0556915010983503,2.3325842696629215,2.121445969443251,59480.000001369044,4.6916845814074355,3948000.0,
0.8202247191011236,0.9794132134467354,2.1640449438202243,1.968162301130877,59490.000001369626,4.727775013761181,3949000.0,
0.8314606741573034,1.0526403695922855,2.3258426966292136,2.1153146227107564,59500.00000137021,4.752497201371926,3950000.0,
0.8764044943820225,1.064844895616544,2.352808988764045,2.1398400096407357,59510.00000137079,4.52321789381646,3951000.0,
0.8539325842696629,1.0282313175437692,2.2719101123595506,2.0662638488507965,59520.00000137137,4.599899832489595,3952000.0,
0.8651685393258427,1.0404358435680272,2.298876404494382,2.0907892357807767,59530.000001371955,4.554786884225592,3953000.0,
0.8764044943820225,1.0831516846529314,2.393258426966292,2.1766280900357056,59540.00000137254,4.545644871050377,3954000.0,
0.8876404494382022,0.9458507668800248,2.089887640449438,1.9007174870734334,59550.00000137312,4.333930610887886,3955000.0,
0.8876404494382022,1.09535621067719,2.4202247191011232,2.2011534769656858,59560.0000013737,4.502867123520165,3956000.0,
0.8876404494382022,1.2509639174864844,2.764044943820225,2.513852160322928,59570.00000137428,4.678678337520538,3957000.0,
0.8764044943820225,1.064844895616544,2.352808988764045,2.1398400096407357,59580.000001374865,4.526807637406413,3958000.0,
0.8314606741573034,0.9763620819406706,2.1573033707865163,1.9620309543983827,59590.00000137545,4.665621963520943,3959000.0,
0.898876404494382,1.4818775221941896,2.440449438202247,2.144073933763409,59600.00000137603,4.45876443587777,3960000.0,
0.8876404494382022,1.4655031849323747,2.4134831460674153,2.1203825090809407,59610.00000137661,4.922399790719192,3961000.0,
0.797752808988764,1.1666715299042651,1.9213483146067416,1.6880140086258884,59620.00000137719,5.103007974215728,3962000.0,
0.8876404494382022,1.158484361273358,1.9078651685393258,1.676168296284654,59630.000001377775,4.5775304830527626,3963000.0,
0.8089887640449438,1.4245673417778395,2.3460674157303374,2.0611539473747693,59640.00000137836,5.352031853139853,3964000.0,
0.8314606741573034,1.4286609260932928,2.352808988764045,2.0670768035453864,59650.00000137894,5.212846249056041,3965000.0,
0.8202247191011236,1.0233960788633905,1.685393258426966,1.480714042654288,59660.00000137952,4.790713027762851,3966000.0,
0.7415730337078652,1.1380164396960901,1.8741573033707863,1.646554015431568,59670.000001380104,5.453988835466678,3967000.0,
0.8764044943820225,1.383631498623304,2.278651685393258,2.0019253856685975,59680.000001380686,4.895679530581091,3968000.0,
0.8651685393258427,1.2731047221060579,2.096629213483146,1.8420082690619344,59690.00000138127,4.8320275360427605,3969000.0,
0.8426966292134831,1.3345084868378612,2.1977528089887635,1.9308511116211917,59700.00000138185,5.034280737819005,3970000.0,
0.8764044943820225,1.6210593889196105,2.6696629213483147,2.3454510435643927,59710.00000138243,5.168129302842351,3971000.0,
0.8202247191011236,1.1912330357969867,1.9617977528089883,1.7235511456495913,59720.000001383014,4.9986238382711266,3972000.0,
0.8651685393258427,1.3754443299923969,2.2651685393258423,1.9900796733273631,59730.000001383596,4.952394095807611,3973000.0,
0.8202247191011236,1.2321688789515222,2.0292134831460675,1.7827797073557627,59740.00000138418,5.049627811432198,3974000.0,
0.8202247191011236,1.2157945416897078,2.002247191011236,1.7590882826732948,59750.00000138476,5.030212523537689,3975000.0,
0.8089887640449438,1.3304149025224077,2.191011235955056,1.9249282554505747,59760.00000138534,5.242315643505055,3976000.0,
0.8764044943820225,1.2976662279987792,2.1370786516853935,1.8775454060856376,59770.000001385924,4.802206337176453,3977000.0,
0.8539325842696629,1.3959122515696647,2.2988764044943815,2.019693954180449,59780.00000138651,5.044157768389137,3978000.0,
0.8089887640449438,1.2771983064215116,2.103370786516854,1.8479311252325517,59790.00000138709,5.178200684435988,3979000.0,
0.8314606741573034,1.3017598123142327,2.143820224719101,1.8834682622562544,59800.00000138767,5.068330044646563,3980000.0,
0.8314606741573034,1.1994202044278937,1.9752808988764043,1.7353968579908257,59810.00000138825,4.9457864621887015,3981000.0,
0.7865168539325843,1.4081930045160254,2.3191011235955057,2.0374625226923007,59820.000001388835,5.494413962997284,3982000.0,
0.7752808988764045,1.1175485181188227,1.8404494382022474,1.6169397345784826,59830.00000138942,5.199733595948713,3983000.0,
0.8876404494382022,1.3672571613614897,2.251685393258427,1.978233960986129,59840.00000139,4.823363131253935,3984000.0,
0.8426966292134831,1.3017598123142327,2.1438202247191014,1.8834682622562546,59850.00000139058,5.003418977384764,3985000.0,
0.8314606741573034,1.3058533966296861,2.150561797752809,1.889391118426872,59860.00000139116,5.076496652809933,3986000.0,
0.8764044943820225,1.2690111377906041,2.089887640449438,1.8360854128913169,59870.000001391745,4.774638349631526,3987000.0,
0.8314606741573034,1.3304149025224077,2.191011235955056,1.9249282554505747,59880.00000139233,5.107117923410701,3988000.0,
0.8089887640449438,1.1257356867497297,1.8539325842696626,1.628785446919717,59890.00000139291,4.996531612897581,3989000.0,
0.7528089887640449,1.019302494547937,1.6786516853932585,1.4747911864836711,59900.00000139349,5.228622716756248,3990000.0,
0.8651685393258427,1.1830458671660795,1.9483146067415729,1.7117054333083572,59910.00000139407,4.739362106307607,3991000.0,
0.8651685393258427,1.3672571613614897,2.251685393258427,1.978233960986129,59920.000001394656,4.95280113466337,3992000.0,
0.8426966292134831,1.2117009573742543,1.9955056179775283,1.7531654265026773,59930.00000139524,4.900815802856238,3993000.0,
0.7640449438202247,1.2157945416897078,2.0022471910112363,1.759088282673294,59940.00000139582,5.411257562033758,3994000.0,
0.9101123595505618,1.473690353563282,2.4269662921348316,2.132228221422175,59950.0000013964,4.826644956482049,3995000.0,
0.7640449438202247,1.183045867166079,1.948314606741573,1.7117054333083572,59960.000001396984,5.36957179684849,3996000.0,
0.8539325842696629,1.1380164396960901,1.8741573033707866,1.6465540154315683,59970.000001397566,4.752148199221982,3997000.0,
0.797752808988764,1.457316016301468,2.3999999999999995,2.108536796739706,59980.00000139815,5.487618668433121,3998000.0,
0.8539325842696629,1.1666715299042651,1.9213483146067416,1.6880140086258886,59990.00000139873,4.786757449597406,3999000.0,
0.8314606741573034,1.3836314986233038,2.278651685393258,2.0019253856685975,60000.00000139931,5.1776081538567515,4000000.0,
0.8777777777777778,1.315632514716603,2.166666666666667,1.9035401637233462,60010.000001399894,4.7904648902838245,4001000.0,
0.8222222222222222,1.1537085129053288,1.9,1.669258297418934,60020.000001400476,4.917750894181213,4002000.0,
0.8444444444444444,1.2468148139468116,2.0533333333333332,1.8039703705439711,60030.00000140106,4.899120174515073,4003000.0,
0.7666666666666667,0.898678210052572,1.48,1.3002643579894857,60040.00000140164,4.942620853806758,4004000.0,
0.8222222222222222,1.1375161127242015,1.8733333333333333,1.645830110788493,60050.00000140222,4.89967905612318,4005000.0,
0.8666666666666667,1.3075363146260395,2.1533333333333333,1.8918260704081253,60060.000001402805,4.845103440054911,4006000.0,
0.8222222222222222,1.2589591140826568,2.0733333333333337,1.8215415105168018,60070.00000140339,5.048461084802446,4007000.0,
0.8555555555555555,1.2427667139015297,2.046666666666667,1.798113323886361,60080.00000140397,4.833361094273791,4008000.0,
0.7666666666666667,1.0929870122261012,1.8,1.5814025975547799,60090.00000140455,5.198965668236168,4009000.0,
0.8222222222222222,1.3439692150335758,2.213333333333333,1.9445394903266182,60100.00000140513,5.153473369742847,4010000.0,
0.7888888888888889,1.1334680126789198,1.8666666666666667,1.6399730641308827,60110.000001405715,5.104956635902169,4011000.0,
0.9111111111111111,1.2913439144449121,2.126666666666667,1.8683978837776845,60120.0000014063,4.593911613512141,4012000.0,
0.8777777777777778,1.481604616573159,2.44,2.1436790766853684,60130.00000140688,4.985622981006837,4013000.0,
0.8,1.17799711317702,1.9399999999999997,1.7044005773645958,60140.00000140746,5.091382502692915,4014000.0,
0.8111111111111111,1.2791996143090663,2.1066666666666665,1.8508267438048533,60150.00000140804,5.1469556889832395,4015000.0,
0.8222222222222222,1.1820452132223018,1.9466666666666665,1.7102576240222063,60160.000001408625,4.959782016188783,4016000.0,
0.8444444444444444,1.3682578153052671,2.253333333333333,1.97968177027228,60170.00000140921,5.0503026761242,4017000.0,
0.7666666666666667,1.0039288112299003,1.653333333333333,1.452547571087353,60180.00000140979,5.088020188676211,4018000.0,
0.8444444444444444,1.3723059153505492,2.2600000000000002,1.98553881692989,60190.00000141037,5.056149110388411,4019000.0,
0.8222222222222222,0.9413757740044635,2.0799999999999996,1.8917248451991069,60200.000001410954,5.060411476749819,4020000.0,
0.8666666666666667,1.016806525126616,2.2466666666666666,2.0433053616413437,60210.000001411536,4.517338298325255,4021000.0,
0.8,0.9836169946328688,2.1733333333333333,1.976609934406759,60220.00000141212,4.852851798957429,4022000.0,
0.7111111111111111,0.7603419713112973,1.68,1.5279316057377403,60230.0000014127,5.146102772281186,4023000.0,
0.8666666666666667,1.134478496877174,2.5066666666666664,2.2797709672912316,60240.00000141328,4.6546521118836806,4024000.0,
0.8888888888888888,1.2340470883584151,2.7266666666666666,2.4798572489949837,60250.000001413864,4.650800474503014,4025000.0,
0.8333333333333334,1.0952545062936545,2.42,2.200949098741269,60260.000001414446,4.794836074325533,4026000.0,
0.8333333333333334,0.9051690134658301,2.0,1.8189661973068338,60270.00000141503,4.567266816265509,4027000.0,
0.8333333333333334,0.935341313914691,2.066666666666667,1.8795984038837286,60280.00000141561,4.604006910137506,4028000.0,
0.8777777777777778,1.2038747879095542,2.66,2.419225042418089,60290.00000141619,4.677323176200671,4029000.0,
0.9222222222222223,1.3245639897049981,2.9266666666666663,2.6617538687256665,60300.000001416774,4.58325974796922,4030000.0,
0.8555555555555555,1.025858215261274,2.2666666666666666,2.0614950236144116,60310.00000141736,4.591779732227433,4031000.0,
0.8888888888888888,1.2008575578646679,2.653333333333333,2.4131618217604,60320.00000141794,4.616962252697752,4032000.0,
0.8444444444444444,0.9896514547226409,2.1866666666666665,1.9887363757221383,60330.00000141852,4.610374091224211,4033000.0,
0.8111111111111111,1.0017203749021852,2.2133333333333334,2.012989258352896,60340.0000014191,4.815268955468512,4034000.0,
0.8333333333333334,1.053013285665249,2.326666666666666,2.1160640095336167,60350.000001419685,4.7489466095717265,4035000.0,
0.9,1.170685257415807,2.586666666666667,2.3525296151835056,60360.00000142027,4.528413249079407,4036000.0,
0.8555555555555555,1.1495646471016046,2.5399999999999996,2.3100870705796788,60370.00000142085,4.739488548664364,4037000.0,
0.8555555555555555,1.0831855861141102,2.393333333333333,2.176696216110511,60380.00000142143,4.662422113743947,4038000.0,
0.8,0.9443930040493496,2.0866666666666664,1.8977880658567967,60390.00000142201,4.8132662551730245,4039000.0,
0.8333333333333334,0.9836169946328686,2.173333333333333,1.9766099344067594,60400.000001422595,4.668337726999692,4040000.0,
0.8444444444444444,1.1073234264731988,2.4466666666666663,2.2252019813720265,60410.00000142318,4.753933005139591,4041000.0,
0.8,1.0560305157101353,2.3333333333333335,2.122127230191306,60420.00000142376,4.954479811415771,4042000.0,
0.8222222222222222,1.1073234264731988,2.4466666666666663,2.2252019813720265,60430.00000142434,4.883498762035319,4043000.0,
0.9111111111111111,1.140512956966946,2.52,2.291897408606611,60440.00000142492,4.443975196768941,4044000.0,
0.8444444444444444,1.0711166659345657,2.3666666666666663,2.1524433334797535,60450.000001425506,4.713161841343964,4045000.0,
0.8,0.932324083869805,2.06,1.873535183226039,60460.00000142609,4.802068993837709,4046000.0,
0.8888888888888888,1.0680994358896796,2.36,2.146380112822064,60470.00000142667,4.475109365476326,4047000.0,
0.8222222222222222,1.1043061964283132,2.4399999999999995,2.2191387607143374,60480.00000142725,4.882531860629534,4048000.0,
0.9,1.1465474170567183,2.533333333333333,2.3040238499219896,60490.000001427834,4.508013179544991,4049000.0,
0.8777777777777778,1.0620649757999074,2.3466666666666667,2.1342536715066847,60500.000001428416,4.526400605443464,4050000.0,
0.8777777777777778,1.0198237551715024,2.253333333333333,2.0493685822990324,60510.000001429,4.478784024980754,4051000.0,
0.8444444444444444,1.1284440367874016,2.493333333333333,2.267644525975853,60520.00000142958,4.784733727880431,4052000.0,
0.8,1.019823755171502,2.253333333333333,2.049368582299033,60530.00000143016,4.915332471853947,4053000.0,
0.8111111111111111,1.0560305157101353,2.333333333333333,2.1221272301913063,60540.000001430744,4.893185567424157,4054000.0,
0.8222222222222222,1.025858215261274,2.2666666666666666,2.061495023614412,60550.00000143133,4.790905937588761,4055000.0,
0.8,0.9051690134658302,1.9999999999999998,1.8189661973068334,60560.00000143191,4.773680711388621,4056000.0,
0.8333333333333334,1.2280126282686428,2.713333333333333,2.4677308076796045,60570.00000143249,4.970679154029815,4057000.0,
0.8666666666666667,1.1797369475504653,2.6066666666666665,2.3707192771565735,60580.00000143307,4.724309298559005,4058000.0,
0.8555555555555555,0.9142207036004881,2.02,1.837155859279902,60590.000001433655,4.475839783533854,4059000.0,
0.8333333333333334,1.0469788255754768,2.313333333333333,2.1039375682182375,60600.00000143424,4.755038590798109,4060000.0,
0.9111111111111111,1.086202816158996,2.4,2.1827594367682006,60610.00000143482,4.392659188565576,4061000.0,
0.8333333333333334,1.1797369475504653,2.6066666666666665,2.3707192771565735,60620.0000014354,4.915415003834823,4062000.0,
0.8222222222222222,0.9112034735556024,2.0133333333333336,1.8310926386222128,60630.00000143598,4.655785305784818,4063000.0,
0.7888888888888889,0.8780139430618552,1.94,1.7643972113876292,60640.000001436565,4.811000773009035,4064000.0,
0.8666666666666667,1.2581849287175038,2.7799999999999994,2.528363014256499,60650.00000143715,4.818415943495542,4065000.0,
0.8333333333333334,1.0047376049470718,2.2199999999999998,2.0190524790105853,60660.00000143773,4.70754912604421,4066000.0,
0.8888888888888888,1.1435301870118322,2.5266666666666664,2.2979606292643,60670.00000143831,4.569968960489331,4067000.0,
0.8666666666666667,1.0620649757999074,2.3466666666666662,2.1342536715066847,60680.00000143889,4.593662151667635,4068000.0,
0.8444444444444444,1.1314612668322876,2.4999999999999996,2.273707746633542,60690.000001439475,4.797254131881475,4069000.0,
0.8111111111111111,0.9956859148124132,2.2,2.0008628170375173,60700.00000144006,4.827555237550763,4070000.0,
0.8777777777777778,0.9353413139146912,2.066666666666667,1.8795984038837281,60710.00000144064,4.392664788106495,4071000.0,
0.8222222222222222,0.9383585439595774,2.0733333333333333,1.8856616245414177,60720.00000144122,4.693676607627773,4072000.0,
0.8111111111111111,1.0650822058447935,2.353333333333333,2.1403168921643743,60730.000001441804,4.914756144303109,4073000.0,
0.8555555555555555,1.2340470883584151,2.726666666666666,2.4798572489949833,60740.000001442386,4.857455038446171,4074000.0,
0.8333333333333334,0.9987031448572992,2.206666666666666,2.006926037695207,60750.00000144297,4.705107773936761,4075000.0,
0.8333333333333334,1.0620649757999074,2.3466666666666667,2.1342536715066847,60760.00000144355,4.781675304401255,4076000.0,
0.8333333333333334,0.9383585439595771,2.073333333333333,1.8856616245414177,60770.00000144413,4.633760919526224,4077000.0,
0.8444444444444444,1.0862028161589963,2.4,2.1827594367682006,60780.000001444714,4.748395440294959,4078000.0,
0.8333333333333334,1.258184928717504,2.7799999999999994,2.5283630142564992,60790.000001445296,5.018619247902465,4079000.0,
0.9333333333333333,1.8499817206938078,3.0466666666666664,2.6766703225279054,60800.00000144588,4.610696092312823,4080000.0,
0.8333333333333334,1.319680614761885,2.1733333333333333,1.9093972103809567,60810.00000144646,5.093480737822452,4081000.0,
0.7777777777777778,1.2549110140373751,2.0666666666666664,1.8156844638591916,60820.00000144704,5.374597018164003,4082000.0,
0.8555555555555555,1.2387186138562478,2.04,1.7922562772287502,60830.000001447625,4.867590587729625,4083000.0,
0.7444444444444445,1.2265743137204022,2.02,1.7746851372559194,60840.00000144821,5.578380421536676,4084000.0,
0.8222222222222222,1.24276671390153,2.0466666666666664,1.798113323886361,60850.00000144879,5.070929787287312,4085000.0,
0.8555555555555555,1.258959114082657,2.0733333333333333,1.8215415105168018,60860.00000144937,4.892806756825519,4086000.0,
0.8,1.1010832123166647,1.8133333333333335,1.5931166908700005,60870.00000144995,5.0357956821753875,4087000.0,
0.8444444444444444,1.1415642127694834,1.88,1.651687157446103,60880.000001450535,4.819218146807683,4088000.0,
0.8444444444444444,1.323728714807167,2.1799999999999997,1.9152542570385669,60890.00000145112,5.035465583431287,4089000.0,
0.7888888888888889,1.307536314626039,2.1533333333333333,1.8918260704081253,60900.0000014517,5.3701136383729375,4090000.0,
0.8444444444444444,1.1618047129958926,1.9133333333333336,1.6809723907341552,60910.00000145228,4.844766107602207,4091000.0,
0.9,1.3561135151694217,2.2333333333333334,1.9621106302994489,60920.00000145286,4.762098967572688,4092000.0,
0.8,1.1051313123619466,1.8199999999999998,1.598973737527611,60930.000001453445,5.044189140565518,4093000.0,
0.8666666666666667,1.3439692150335758,2.2133333333333334,1.9445394903266178,60940.00000145403,4.932269607194439,4094000.0,
0.8666666666666667,1.3601616152147036,2.2399999999999998,1.9679676769570589,60950.00000145461,4.951465966377821,4095000.0,
0.7444444444444445,1.0686984119544096,1.76,1.546260317609118,60960.00000145519,5.373472493791731,4096000.0,
0.7777777777777778,1.0889389121808193,1.793333333333333,1.5755455508971696,60970.00000145577,5.1697757443489305,4097000.0,
0.8444444444444444,1.2670553141732208,2.086666666666667,1.8332556038320225,60980.000001456356,4.973089187943995,4098000.0,
0.7888888888888889,1.1941895133581475,1.9666666666666663,1.727828763995037,60990.00000145694,5.231505017047737,4099000.0,
0.8,1.2306224137656843,2.026666666666666,1.78054218391353,61000.00000145752,5.204941906209305,4100000.0,
0.8333333333333334,1.2994401145354755,2.14,1.8801119770929047,61010.0000014581,5.079858804218047,4101000.0,
0.8111111111111111,1.2144300135845565,2.0,1.7571139972830887,61020.000001458684,5.114773989462646,4102000.0,
0.7888888888888889,1.1982376134034292,1.973333333333333,1.7336858106526472,61030.000001459266,5.238889932598225,4103000.0,
0.7555555555555555,1.1658528130411745,1.9199999999999995,1.686829437391765,61040.00000145985,5.427743429145197,4104000.0,
0.8444444444444444,1.2832477143543481,2.1133333333333333,1.8566837904624638,61050.00000146043,4.995948609211334,4105000.0,
0.7777777777777778,1.1618047129958926,1.913333333333333,1.6809723907341547,61060.00000146101,5.268603202540039,4106000.0,
0.8222222222222222,1.4816046165731591,2.44,2.1436790766853684,61070.000001461594,5.373300209456202,4107000.0,
0.8555555555555555,1.295392014490194,2.133333333333333,1.8742549304352947,61080.00000146218,4.946819237822006,4108000.0,
0.8444444444444444,1.2306224137656843,2.0266666666666664,1.78054218391353,61090.00000146276,4.935734437461722,4109000.0,
0.8222222222222222,1.343969215033576,2.2133333333333334,1.9445394903266184,61100.00000146334,5.207527423800047,4110000.0,
0.8777777777777778,1.3237287148071666,2.1799999999999997,1.9152542570385669,61110.00000146392,4.855384611909228,4111000.0,
0.9,1.2791996143090665,2.1066666666666665,1.8508267438048533,61120.000001464505,4.6865156209383,4112000.0,
0.8111111111111111,1.3844502154863945,2.28,2.003109956902721,61130.00000146509,5.330415334273481,4113000.0,
0.8777777777777778,1.4532679162561863,2.393333333333333,2.1026797500820957,61140.00000146567,5.0044799046993385,4114000.0,
0.8666666666666667,1.4897008166637227,2.453333333333333,2.155393170000589,61150.00000146625,5.111190685999081,4115000.0,
0.8222222222222222,1.3358730149430122,2.2,1.9328253970113978,61160.00000146683,5.200923937203605,4116000.0,
0.8222222222222222,1.2427667139015297,2.0466666666666664,1.7981133238863607,61170.000001467415,5.088227084585617,4117000.0,
0.8444444444444444,1.2265743137204024,2.02,1.7746851372559196,61180.000001468,4.935677476882058,4118000.0,
0.8111111111111111,1.1577566129506107,1.9066666666666663,1.6751153440765443,61190.00000146858,5.054217742106268,4119000.0,
0.8555555555555555,1.230622413765684,2.0266666666666664,1.7805421839135296,61200.00000146916,4.877348275936578,4120000.0,
0.9,1.2913439144449121,2.1266666666666665,1.868397883777684,61210.00000146974,4.7044537322006095,4121000.0,
0.8111111111111111,1.2184781136298386,2.0066666666666664,1.7629710439406987,61220.000001470326,5.130723701847878,4122000.0,
0.8666666666666667,1.202285713448711,1.9800000000000002,1.7395428573102578,61230.00000147091,4.783660438699949,4123000.0,
0.8555555555555555,1.323728714807167,2.1799999999999997,1.9152542570385669,61240.00000147149,4.988251744686485,4124000.0,
0.8222222222222222,1.1577566129506107,1.906666666666667,1.6751153440765447,61250.00000147207,4.989160745591508,4125000.0,
0.8,1.1375161127242015,1.8733333333333333,1.645830110788493,61260.000001472654,5.103003474352736,4126000.0,
0.7555555555555555,1.0646503119091282,1.7533333333333327,1.5404032709515076,61270.000001473236,5.307328354118276,4127000.0,
0.8777777777777778,1.4289793159844948,2.353333333333333,2.0675374701364344,61280.00000147382,4.9838979550231395,4128000.0,
0.8333333333333334,1.202285713448711,1.9800000000000002,1.7395428573102578,61290.0000014744,4.978206856248131,4129000.0,
0.8666666666666667,1.3277768148524485,2.1866666666666665,1.9211113036961769,61300.00000147498,4.9320476069865204,4130000.0,
0.8333333333333334,1.3520654151241398,2.2266666666666666,1.9562535836418389,61310.000001475564,5.159009164925375,4131000.0,
0.8222222222222222,1.3925464155769582,2.293333333333333,2.0148240502179418,61320.000001476146,5.27849969473188,4132000.0,
0.8555555555555555,1.3358730149430125,2.2,1.9328253970113976,61330.00000147673,5.007121705884498,4133000.0,
0.9,1.400642615667522,2.3066666666666666,2.026538143533162,61340.00000147731,4.832316486645858,4134000.0,
0.8555555555555555,1.2589591140826573,2.0733333333333333,1.8215415105168018,61350.00000147789,4.918261302281546,4135000.0,
0.8444444444444444,1.2508629139920933,2.0599999999999996,1.8098274172015816,61360.000001478475,4.97391397720435,4136000.0,
0.8333333333333334,1.1051313123619466,1.8199999999999998,1.5989737375276105,61370.00000147906,4.8658882416109295,4137000.0,
0.8555555555555555,1.2589591140826573,2.0733333333333333,1.8215415105168022,61380.00000147964,4.919819743840079,4138000.0,
0.8666666666666667,1.2832477143543484,2.1133333333333333,1.856683790462464,61390.00000148022,4.885283260258212,4139000.0,
0.8555555555555555,0.9081862435107164,2.006666666666667,1.8250294179645232,61400.0000014808,4.873543249804376,4140000.0,
0.7777777777777778,0.9836169946328691,2.173333333333334,1.9766099344067596,61410.000001481385,5.05950470750303,4141000.0,
0.8111111111111111,0.9926686847675272,2.1933333333333334,1.994799596379828,61420.00000148197,4.8632874196895015,4142000.0,
0.8111111111111111,0.9655136143635521,2.133333333333333,1.9402306104606228,61430.00000148255,4.830356510972305,4143000.0,
0.8777777777777778,1.1405129569669463,2.52,2.2918974086066104,61440.00000148313,4.663366659940329,4144000.0,
0.8444444444444444,1.13749572692206,2.513333333333333,2.2858341879489212,61450.00000148371,4.844400203042744,4145000.0,
0.8222222222222222,1.0560305157101353,2.3333333333333335,2.122127230191306,61460.000001484295,4.876791167867265,4146000.0,
0.8444444444444444,1.1857714076402375,2.6199999999999997,2.3828457184719523,61470.00000148488,4.902621403893279,4147000.0,
0.8,1.0047376049470715,2.22,2.0190524790105853,61480.00000148546,4.949252561854258,4148000.0,
0.8444444444444444,1.0439615955305908,2.3066666666666666,2.097874347560549,61490.00000148604,4.73574136323718,4149000.0,
0.8555555555555555,1.0831855861141102,2.3933333333333335,2.176696216110511,61500.000001486624,4.720603931929152,4150000.0,
0.7777777777777778,0.899134553376058,1.986666666666667,1.8068397559914549,61510.000001487206,4.956598711601748,4151000.0,
0.9333333333333333,1.1193923466527436,2.473333333333333,2.249454864002784,61520.00000148779,4.3669656096074565,4152000.0,
0.8666666666666667,1.0650822058447937,2.353333333333333,2.1403168921643743,61530.00000148837,4.6407333145424765,4153000.0,
0.8777777777777778,1.264219388807276,2.793333333333333,2.5404894555718776,61540.00000148895,4.80936132912581,4154000.0,
0.8888888888888888,1.0680994358896796,2.36,2.1463801128220634,61550.000001489534,4.52910936547947,4155000.0,
0.8666666666666667,1.1646507973260347,2.5733333333333333,2.340403173868126,61560.000001490116,4.7571586124055365,4156000.0,
0.8777777777777778,1.0620649757999074,2.3466666666666667,2.134253671506685,61570.0000014907,4.58057782063649,4157000.0,
0.8888888888888888,1.0892200462038824,2.4066666666666667,2.1888226574258898,61580.00000149128,4.554370052083035,4158000.0,
0.9,1.2762883089868207,2.82,2.5647423382026355,61590.00000149186,4.706490713791476,4159000.0,
0.8,0.9534446941840077,2.1066666666666665,1.9159777278298646,61600.000001492444,4.891803090067483,4160000.0,
0.9,1.080168356069224,2.3866666666666663,2.170632995452822,61610.00000149303,4.489567309315192,4161000.0,
0.9,1.13749572692206,2.513333333333333,2.2858341879489212,61620.00000149361,4.553758215201088,4162000.0,
0.8333333333333334,0.9323240838698053,2.0599999999999996,1.8735351832260385,61630.00000149419,4.672386234087834,4163000.0,
0.8555555555555555,1.1314612668322876,2.4999999999999996,2.2737077466335425,61640.00000149477,4.784302779522251,4164000.0,
0.8222222222222222,1.0198237551715021,2.253333333333333,2.049368582299033,61650.000001495355,4.843026188834391,4165000.0,
0.8222222222222222,1.1133578865629712,2.46,2.2373284226874053,61660.00000149594,4.957324456742966,4166000.0,
0.8555555555555555,0.9655136143635521,2.1333333333333333,1.9402306104606228,61670.00000149652,4.5918964324809615,4167000.0,
0.7888888888888889,1.0741338959794517,2.373333333333333,2.1585065541374426,61680.0000014971,5.11819507952771,4168000.0,
0.8333333333333334,0.9866342246777551,2.18,1.9826731550644487,61690.00000149768,4.740758403057559,4169000.0,
0.9,1.071116665934566,2.3666666666666667,2.1524433334797535,61700.000001498265,4.4839543202769425,4170000.0,
0.8888888888888888,1.1525818771464904,2.5466666666666664,2.3161502912373684,61710.00000149885,4.632152111893848,4171000.0,
0.8333333333333334,1.1887886376851238,2.626666666666666,2.3889089391296414,61720.00000149943,4.984943698666496,4172000.0,
0.8111111111111111,0.9866342246777549,2.1799999999999997,1.9826731550644487,61730.00000150001,4.872833975744196,4173000.0,
0.8222222222222222,1.046978825575477,2.313333333333333,2.1039375682182375,61740.00000150059,4.880917490677346,4174000.0,
0.8666666666666667,1.0862028161589963,2.4000000000000004,2.1827594367682006,61750.000001501176,4.676385300803111,4175000.0,
0.8888888888888888,1.2551676986726177,2.773333333333333,2.5222997935988096,61760.00000150176,4.750061161110887,4176000.0,
0.8,0.9805997645879826,2.1666666666666665,1.97054671374907,61770.00000150234,4.935191372517446,4177000.0,
0.8444444444444444,1.0982717363385404,2.4266666666666663,2.2070123193989586,61780.00000150292,4.815319161563272,4178000.0,
0.8555555555555555,1.2762883089868207,2.82,2.5647423382026355,61790.000001503504,4.961373348274757,4179000.0,
0.8555555555555555,1.0318926753510465,2.28,2.0736214649297904,61800.000001504086,4.67623559467453,4180000.0,
0.8444444444444444,1.0590477457550214,2.34,2.1281904508489955,61810.00000150467,4.77044864639867,4181000.0,
0.8666666666666667,1.0409443654857047,2.3,2.091811126902859,61820.00000150525,4.627753755154651,4182000.0,
0.8555555555555555,1.0318926753510462,2.2800000000000002,2.0736214649297904,61830.00000150583,4.6777940362330614,4183000.0,
0.7888888888888889,1.1163751166078568,2.4666666666666663,2.2433916433450953,61840.000001506414,5.18075437328255,4184000.0,
0.8555555555555555,1.1737024874606932,2.5933333333333333,2.3585928358411943,61850.000001506996,4.844584725711931,4185000.0,
0.8555555555555555,1.1254268067425155,2.486666666666667,2.2615813053181637,61860.00000150758,4.788678085911493,4186000.0,
0.8444444444444444,1.019823755171502,2.253333333333333,2.0493685822990324,61870.00000150816,4.7271570786025805,4187000.0,
0.8555555555555555,1.0469788255754768,2.313333333333333,2.103937568218238,61880.00000150874,4.6980246014306,4188000.0,
0.8555555555555555,1.113357886562971,2.46,2.2373284226874057,61890.000001509325,4.776129997390038,4189000.0,
0.8777777777777778,1.1163751166078575,2.466666666666667,2.2433916433450953,61900.00000150991,4.659158993709811,4190000.0,
0.8333333333333334,1.1314612668322879,2.5,2.273707746633542,61910.00000151049,4.926284186977016,4191000.0,
0.8,0.9534446941840077,2.1066666666666665,1.915977727829865,61920.00000151107,4.909580867846296,4192000.0,
0.8666666666666667,1.1314612668322876,2.5,2.273707746633542,61930.00000151165,4.737837359272831,4193000.0,
0.8444444444444444,1.1254268067425157,2.4866666666666664,2.2615813053181633,61940.000001512235,4.855897534410574,4194000.0,
0.8444444444444444,1.2038747879095544,2.6599999999999993,2.419225042418089,61950.00000151282,4.9493227752663085,4195000.0,
0.8222222222222222,0.9775825345430966,2.1599999999999997,1.9644834930913804,61960.0000015134,4.808408488071089,4196000.0,
0.8555555555555555,1.3064606094356817,2.8866666666666667,2.6253745447795303,61970.00000151398,5.005990322825917,4197000.0,
0.9,1.2793055390317067,2.826666666666666,2.5708055588603247,61980.00000151456,4.729102450879508,4198000.0,
0.8666666666666667,1.080168356069224,2.3866666666666667,2.170632995452822,61990.000001515145,4.681730154546397,4199000.0,
0.7777777777777778,1.1982376134034292,1.9733333333333332,1.7336858106526474,62000.00000151573,4.976840120059385,4200000.0,
0.8444444444444444,1.173949013131738,1.9333333333333333,1.6985435307069858,62010.00000151631,4.917042252503289,4201000.0,
0.8444444444444444,1.1941895133581475,1.9666666666666666,1.7278287639950374,62020.00000151689,4.941537581718804,4202000.0,
0.8111111111111111,1.17799711317702,1.9399999999999997,1.7044005773645963,62030.000001517474,5.125199180744247,4203000.0,
0.7555555555555555,1.1294199126336377,1.8599999999999997,1.6341160174732727,62040.000001518056,5.438346943315118,4204000.0,
0.8111111111111111,1.348017315078858,2.22,1.9503965369842284,62050.00000151864,5.335909018705481,4205000.0,
0.7888888888888889,1.1982376134034292,1.9733333333333332,1.7336858106526474,62060.00000151922,5.296918101615688,4206000.0,
0.8333333333333334,1.3075363146260395,2.1533333333333333,1.8918260704081253,62070.0000015198,5.146107577663347,4207000.0,
0.8333333333333334,1.263007214127939,2.08,1.8273985571744122,62080.000001520384,5.0932059903989915,4208000.0,
0.9111111111111111,1.3884983155316766,2.2866666666666666,2.0089670035603318,62090.000001520966,4.796642053734915,4209000.0,
0.7555555555555555,1.1051313123619466,1.82,1.5989737375276105,62100.00000152155,5.409729678249849,4210000.0,
0.8222222222222222,1.3034882145807574,2.146666666666666,1.8859690237505151,62110.00000152213,5.212888369198446,4211000.0,
0.8111111111111111,1.101083212316665,1.8133333333333335,1.5931166908700003,62120.00000152271,5.035305330368754,4212000.0,
0.7444444444444445,1.1010832123166647,1.8133333333333328,1.5931166908700003,62130.000001523294,5.486825210700317,4213000.0,
0.8222222222222222,1.3075363146260393,2.1533333333333333,1.8918260704081256,62140.00000152388,5.219433355740099,4214000.0,
0.8888888888888888,1.315632514716603,2.1666666666666665,1.903540163723346,62150.00000152446,4.837584079161505,4215000.0,
0.8222222222222222,1.1132275124525104,1.8333333333333333,1.6106878308428312,62160.00000152504,4.984192920664248,4216000.0,
0.7888888888888889,1.226574313720402,2.02,1.7746851372559196,62170.00000152562,5.339035045679816,4217000.0,
0.8333333333333334,1.3075363146260393,2.1533333333333333,1.8918260704081253,62180.000001526205,5.151974244330355,4218000.0,
0.7444444444444445,1.0565541118185644,1.7399999999999995,1.5286891776362874,62190.00000152679,5.430592090628452,4219000.0,
0.8777777777777778,1.3237287148071668,2.1799999999999997,1.9152542570385669,62200.00000152737,4.910574485330162,4220000.0,
0.8222222222222222,1.2670553141732208,2.0866666666666664,1.8332556038320225,62210.00000152795,5.173983490324729,4221000.0,
0.8111111111111111,1.263007214127939,2.08,1.8273985571744122,62220.00000152853,5.240417113424068,4222000.0,
0.7444444444444445,1.145612312814765,1.8866666666666667,1.6575442041037136,62230.000001529115,5.552610569578711,4223000.0,
0.8333333333333334,1.3034882145807571,2.1466666666666665,1.8859690237505151,62240.0000015297,5.150316524276203,4224000.0,
0.8222222222222222,1.2144300135845567,2.0,1.7571139972830887,62250.00000153028,5.112141908527831,4225000.0,
0.8555555555555555,1.404690715712804,2.313333333333333,2.0323951901907726,62260.00000153086,5.135869667826027,4226000.0,
0.8666666666666667,1.2670553141732208,2.0866666666666664,1.8332556038320225,62270.00000153144,4.9117279267185125,4227000.0,
0.8222222222222222,1.2994401145354757,2.14,1.8801119770929051,62280.000001532026,5.217154193468232,4228000.0,
0.7444444444444445,1.121323712543074,1.8466666666666665,1.622401924158052,62290.00000153261,5.523566181154259,4229000.0,
0.8,1.291343914444912,2.1266666666666665,1.8683978837776845,62300.00000153319,5.353066004284766,4230000.0,
0.9,1.315632514716603,2.1666666666666665,1.903540163723346,62310.00000153377,4.785762053493305,4231000.0,
0.8555555555555555,1.2711034142185027,2.0933333333333333,1.8391126504896325,62320.000001534354,4.982845549196505,4232000.0,
0.8444444444444444,1.2751515142637846,2.1,1.8449696971472431,62330.000001534936,5.053729424897482,4233000.0,
0.8,1.3804021154411128,2.2733333333333334,1.997252910245111,62340.00000153552,5.466610977752368,4234000.0,
0.8333333333333334,1.2751515142637846,2.1,1.8449696971472431,62350.0000015361,5.122179150562844,4235000.0,
0.7888888888888889,1.291343914444912,2.126666666666667,1.8683978837776845,62360.00000153668,5.431841581810101,4236000.0,
0.8111111111111111,1.1537085129053288,1.8999999999999997,1.669258297418934,62370.000001537264,5.1138844680816025,4237000.0,
0.7777777777777778,1.1496604128600472,1.893333333333333,1.663401250761324,62380.00000153785,5.3284176737983415,4238000.0,
0.8444444444444444,1.28729581439963,2.1199999999999997,1.862540837120074,62390.00000153843,5.071268727690114,4239000.0,
0.7555555555555555,1.2306224137656843,2.026666666666667,1.7805421839135296,62400.00000153901,5.593467900696998,4240000.0,
0.7444444444444445,1.28729581439963,2.12,1.862540837120074,62410.00000153959,5.753677959767961,4241000.0,
0.8333333333333334,1.3075363146260393,2.1533333333333333,1.8918260704081256,62420.000001540175,5.1647742443311,4242000.0,
0.8,1.291343914444912,2.126666666666667,1.868397883777684,62430.00000154076,5.360288226507408,4243000.0,
0.8777777777777778,1.1779971131770202,1.9399999999999997,1.7044005773645963,62440.00000154134,4.756703040435766,4244000.0,
0.8111111111111111,1.206333813493993,1.9866666666666668,1.745399903967868,62450.00000154192,5.183148537300759,4245000.0,
0.8111111111111111,1.319680614761885,2.1733333333333333,1.9093972103809562,62460.0000015425,5.32343911420641,4246000.0,
0.8333333333333334,1.3075363146260395,2.1533333333333333,1.8918260704081256,62470.000001543085,5.167440910997923,4247000.0,
0.8222222222222222,1.2670553141732208,2.0866666666666664,1.8332556038320225,62480.00000154367,5.188578084920174,4248000.0,
0.8555555555555555,1.3480173150788581,2.22,1.9503965369842284,62490.00000154425,5.081576082670163,4249000.0,
0.8222222222222222,1.230622413765684,2.0266666666666664,1.78054218391353,62500.00000154483,5.1453488817218815,4250000.0,
0.8222222222222222,1.2832477143543481,2.1133333333333333,1.8566837904624638,62510.00000154541,5.209893166221638,4251000.0,
0.8111111111111111,1.092987012226101,1.8,1.5814025975547799,62520.000001545995,5.047241522039197,4252000.0,
0.7777777777777778,1.2508629139920933,2.06,1.8098274172015816,62530.00000154658,5.467106603825757,4253000.0,
0.8777777777777778,1.4208831158939312,2.3400000000000003,2.055823376821214,62540.00000154716,5.038471904290769,4254000.0,
0.7777777777777778,1.3075363146260395,2.1533333333333333,1.8918260704081253,62550.00000154774,5.541115261783755,4255000.0,
0.8111111111111111,1.2630072141279387,2.0799999999999996,1.8273985571744122,62560.000001548324,5.259047250411453,4256000.0,
0.7888888888888889,1.1820452132223018,1.9466666666666663,1.7102576240222065,62570.000001548906,5.30512491828917,4257000.0,
0.7888888888888889,1.2265743137204024,2.02,1.7746851372559196,62580.00000154949,5.362133637230458,4258000.0,
0.8333333333333334,1.3358730149430122,2.2,1.9328253970113976,62590.00000155007,5.207844951378663,4259000.0,
0.8444444444444444,0.9987031448572994,2.206666666666666,2.006926037695207,62600.00000155065,5.144640794177334,4260000.0,
0.8444444444444444,0.9685308444084383,2.14,1.9462938311183124,62610.000001551234,4.705362842174904,4261000.0,
0.8666666666666667,1.1767197175055792,2.5999999999999996,2.3646560564988834,62620.000001551816,4.825443263897919,4262000.0,
0.9,1.025858215261274,2.266666666666666,2.061495023614412,62630.0000015524,4.4795930787907725,4263000.0,
0.8777777777777778,1.1555991071913767,2.5533333333333332,2.322213511895058,62640.00000155298,4.741312907034988,4264000.0,
0.8777777777777778,1.1314612668322876,2.4999999999999996,2.273707746633542,62650.00000155356,4.714320430676563,4265000.0,
0.9,1.2491332385828455,2.76,2.5101733522834304,62660.000001554145,4.729157919518531,4266000.0,
0.8131868131868132,1.0742665214759302,2.373626373626373,2.1587730693311875,62670.00000155473,4.97889261436293,4267000.0,
0.8681318681318682,1.0175691217313672,2.2483516483516484,2.044837824005375,62680.00000155531,4.59896949476081,4268000.0,
0.8131868131868132,0.9668398693283373,2.1362637362637362,1.9428957623980685,62690.00000155589,4.847867947532845,4269000.0,
0.7912087912087912,1.0354735637559658,2.2879120879120878,2.0808173751608945,62700.00000155647,5.069831865421487,4270000.0,
0.8791208791208791,1.0503939321097984,2.3208791208791206,2.110800334457161,62710.000001557055,4.580320597881852,4271000.0,
0.8571428571428571,0.9936965323652356,2.195604395604396,1.996865089131348,62720.00000155764,4.632130569920452,4272000.0,
0.8351648351648352,1.110075405525128,2.4527472527472525,2.2307321716422273,62730.00000155822,4.8939034462019455,4273000.0,
0.8021978021978022,1.0295054164144333,2.274725274725274,2.068824191442388,62740.0000015588,4.99513414934626,4274000.0,
0.8791208791208791,1.1637887315989246,2.5714285714285716,2.338670825108786,62750.00000155938,4.71130718230085,4275000.0,
0.7912087912087912,1.0056328270483013,2.2219780219780216,2.0208514565683617,62760.000001559965,5.0354498231939395,4276000.0,
0.7802197802197802,0.939983206291439,2.076923076923077,1.888926435664789,62770.00000156055,5.022792560297063,4277000.0,
0.8791208791208791,1.2294383523557868,2.716483516483516,2.4705958460123583,62780.00000156113,4.787483625911867,4278000.0,
0.8351648351648352,0.8594132171807444,1.898901098901099,1.7270184554649504,62790.00000156171,4.596926352263459,4279000.0,
0.8351648351648352,1.0265213427436668,2.268131868131868,2.062827599583135,62800.00000156229,4.7975426605033045,4280000.0,
0.8131868131868132,1.1548365105866252,2.5516483516483515,2.3206810495310264,62810.000001562876,5.085539492864361,4281000.0,
0.8461538461538461,1.0921709635005292,2.413186813186813,2.194752620486707,62820.00000156346,4.813861788144549,4282000.0,
0.7912087912087912,1.059346153122098,2.34065934065934,2.128790110034921,62830.00000156404,5.1072263880929905,4283000.0,
0.8791208791208791,1.1130594791958945,2.459340659340659,2.2367287635014805,62840.00000156462,4.658102657692664,4284000.0,
0.8681318681318682,0.9757920903406369,2.1560439560439564,1.9608855379758283,62850.000001565204,4.559454180121355,4285000.0,
0.8901098901098901,1.1369320685620263,2.512087912087912,2.2847014983755067,62860.000001565786,4.628402694416491,4286000.0,
0.8351648351648352,0.9369991326206725,2.0703296703296705,1.8829298438055353,62870.00000156637,4.694035803645724,4287000.0,
0.8131868131868132,1.2085498366604215,2.67032967032967,2.428619702997586,62880.00000156695,5.1553761506039795,4288000.0,
0.8571428571428571,1.0056328270483013,2.221978021978022,2.0208514565683617,62890.00000156753,4.654774195769152,4289000.0,
0.8461538461538461,1.1130594791958945,2.459340659340659,2.2367287635014805,62900.000001568114,4.842704059940613,4290000.0,
0.8241758241758241,1.2622631627342178,2.789010989010989,2.5365583564641447,62910.0000015687,5.153409970898893,4291000.0,
0.9010989010989011,1.110075405525128,2.4527472527472525,2.230732171642227,62920.00000156928,4.545081242821855,4292000.0,
0.8681318681318682,0.9041743222422413,1.9978021978021974,1.8169673333537493,62930.00000156986,4.481008396615844,4293000.0,
0.8351648351648352,1.1429002159035593,2.525274725274725,2.296694682094013,62940.00000157044,4.94425946915571,4294000.0,
0.8241758241758241,1.0742665214759306,2.3736263736263736,2.1587730693311875,62950.000001571025,4.927440712838961,4295000.0,
0.7912087912087912,0.9369991326206725,2.07032967032967,1.882929843805536,62960.00000157161,4.959815570515222,4296000.0,
0.8791208791208791,1.1966135419773558,2.643956043956044,2.4046333355605722,62970.00000157219,4.759645404106956,4297000.0,
0.8571428571428571,1.08321874248823,2.3934065934065933,2.1767628449089473,62980.00000157277,4.749906481731388,4298000.0,
0.8791208791208791,0.9728080166698702,2.1494505494505494,1.9548889461165757,62990.00000157335,4.506066619069749,4299000.0,
0.8351648351648352,0.9936965323652356,2.1956043956043954,1.9968650891313486,63000.000001573935,4.768765584919217,4300000.0,
0.8131868131868132,0.9578876483160377,2.1164835164835165,1.9249059868203091,63010.00000157452,4.854156432505214,4301000.0,
0.8351648351648352,1.0593461531220978,2.340659340659341,2.128790110034921,63020.0000015751,4.848424999246573,4302000.0,
0.8571428571428571,1.0951550371712957,2.4197802197802196,2.2007492123459604,63030.00000157568,4.766396261425884,4303000.0,
0.9010989010989011,1.0414417110974992,2.301098901098901,2.0928105588794015,63040.00000157626,4.474768240469583,4304000.0,
0.8241758241758241,1.0265213427436666,2.268131868131868,2.0628275995831347,63050.000001576846,4.874843229310792,4305000.0,
0.8461538461538461,0.9877283850237026,2.182417582417582,1.9848719054128416,63060.00000157743,4.702897182412922,4306000.0,
0.8241758241758241,1.0175691217313674,2.248351648351648,2.044837824005375,63070.00000157801,4.865047867815931,4307000.0,
0.8681318681318682,1.1190276265374275,2.4725274725274726,2.2487219472199866,63080.00000157859,4.736092582576564,4308000.0,
0.8681318681318682,1.0712824478051637,2.367032967032967,2.1527764774719342,63090.000001579174,4.681601300745758,4309000.0,
0.8571428571428571,1.059346153122098,2.340659340659341,2.128790110034921,63100.000001579756,4.728208973625105,4310000.0,
0.8241758241758241,1.0682983741343974,2.3604395604395605,2.146779885612681,63110.00000158034,4.928732694065064,4311000.0,
0.8681318681318682,1.1936294683065893,2.6373626373626373,2.3986367437013194,63120.00000158092,4.824051666133564,4312000.0,
0.8351648351648352,1.0891868898297627,2.4065934065934065,2.188756028627454,63130.0000015815,4.889944828725826,4313000.0,
0.8351648351648352,1.038457637426733,2.2945054945054943,2.0868139670201478,63140.000001582084,4.829729539664333,4314000.0,
0.8241758241758241,1.0981391108420622,2.4263736263736266,2.2067458042052133,63150.000001582666,4.9670727879371555,4315000.0,
0.8461538461538461,0.9907124586944692,2.189010989010989,1.9908684972720951,63160.00000158325,4.711618620128026,4316000.0,
0.8241758241758241,1.1518524369158587,2.5450549450549453,2.314684457671773,63170.00000158383,5.033311623573424,4317000.0,
0.8901098901098901,1.2324224260265535,2.723076923076923,2.476592437871612,63180.00000158441,4.751484454038054,4318000.0,
0.8681318681318682,1.0354735637559662,2.2879120879120878,2.0808173751608945,63190.000001584995,4.645416383676724,4319000.0,
0.8681318681318682,1.5654136328952584,2.5780219780219777,2.264939251442926,63200.00000158558,4.797166142888766,4320000.0,
0.8241758241758241,1.3211930917018804,2.1758241758241756,1.9115855574837997,63210.00000158616,5.240911618047254,4321000.0,
0.8681318681318682,1.2130954751080902,1.9978021978021976,1.75518310278058,63220.00000158674,4.851537825867235,4322000.0,
0.8241758241758241,1.2291099368256886,2.024175824175824,1.7783538368106866,63230.00000158732,5.130250723464203,4323000.0,
0.7912087912087912,1.1210123202318985,1.8461538461538463,1.6219513821074665,63240.000001587905,5.207943349302536,4324000.0,
0.8461538461538461,1.2170990905374899,2.0043956043956044,1.7609757862881066,63250.00000158849,4.983841782436284,4325000.0,
0.8681318681318682,1.3332039379900795,2.195604395604396,1.92896360800638,63260.00000158907,4.991915928680782,4326000.0,
0.8131868131868132,1.1210123202318987,1.8461538461538463,1.6219513821074665,63270.00000158965,5.068809745267428,4327000.0,
0.8571428571428571,1.43729793915447,2.3670329670329666,2.079573379202073,63280.00000159023,5.178383493227513,4328000.0,
0.8571428571428571,1.3652328614252762,2.248351648351648,1.9753050760665933,63290.000001590815,5.094820389722971,4329000.0,
0.8681318681318682,1.1770629362434935,1.9384615384615382,1.7030489512128397,63300.0000015914,4.814082622871541,4330000.0,
0.8351648351648352,1.0849797813673019,1.7868131868131867,1.5698172305397267,63310.00000159198,4.89438105412001,4331000.0,
0.8351648351648352,1.1650520899552945,1.9186813186813185,1.68567090069026,63320.00000159256,4.990783423613557,4332000.0,
0.8351648351648352,1.2811569374078842,2.10989010989011,1.8536587224085332,63330.000001593144,5.130330017273926,4333000.0,
0.8901098901098901,1.2411207831138877,2.0439560439560442,1.7957318873332664,63340.000001593726,4.769157916939099,4334000.0,
0.8571428571428571,1.2731497065490847,2.0967032967032964,1.8420733553934798,63350.00000159431,4.990466965444516,4335000.0,
0.8131868131868132,1.1610484745258949,1.9120879120879122,1.6798782171827333,63360.00000159489,5.12290825933195,4336000.0,
0.8351648351648352,1.2491280139726868,2.0571428571428574,1.8073172543483198,63370.00000159547,5.094084858950325,4337000.0,
0.7582417582417582,1.1970810133904917,1.9714285714285715,1.7320123687504734,63380.000001596054,5.542814090249959,4338000.0,
0.8131868131868132,1.2090918596786906,1.991208791208791,1.7493904192730532,63390.000001596636,5.183610259992915,4339000.0,
0.8681318681318682,1.3091822454136817,2.156043956043956,1.89420750696122,63400.00000159722,4.9713339790045845,4340000.0,
0.7692307692307693,1.2170990905374899,2.004395604395604,1.7609757862881066,63410.0000015978,5.4913688178233,4341000.0,
0.8681318681318682,1.4453051700132693,2.38021978021978,2.0911587462171264,63420.00000159838,5.129146461771258,4342000.0,
0.8461538461538461,1.2771533219784845,2.103296703296703,1.8478660389010064,63430.000001598964,5.0641656143995615,4343000.0,
0.8571428571428571,1.2891641682666832,2.123076923076923,1.8652440894235867,63440.00000159955,5.013765888730702,4344000.0,
0.7912087912087912,1.0449436270733055,1.7208791208791208,1.5118903954644598,63450.00000160013,5.123467639894439,4345000.0,
0.8131868131868132,1.1930773979610918,1.964835164835165,1.7262196852429466,63460.00000160071,5.167700584097169,4346000.0,
0.7692307692307693,1.2371171676844879,2.0373626373626372,1.7899392038257398,63470.00000160129,5.52082088954317,4347000.0,
0.8021978021978022,1.2651424756902854,2.083516483516483,1.8304879883784264,63480.000001601875,5.329421442418518,4348000.0,
0.8021978021978022,1.1130050893730994,1.8329670329670325,1.610366015092413,63490.00000160246,5.140318673173837,4349000.0,
0.8241758241758241,1.117008704802499,1.8395604395604392,1.61615869859994,63500.00000160304,5.0086345619435715,4350000.0,
0.8021978021978022,1.3452147842782785,2.2153846153846155,1.94634165852896,63510.00000160362,5.430881443535152,4351000.0,
0.7362637362637363,1.149037628237696,1.8923076923076922,1.6625001666601533,63520.0000016042,5.65137648027426,4352000.0,
0.8241758241758241,1.3211930917018802,2.1758241758241756,1.9115855574838,63530.000001604785,5.2579782847149135,4353000.0,
0.8351648351648352,1.2731497065490847,2.0967032967032964,1.8420733553934798,63540.00000160537,5.131795043483112,4354000.0,
0.8351648351648352,1.6054497871892546,2.643956043956044,2.322866086518193,63550.00000160595,5.530206982144398,4355000.0,
0.8241758241758241,1.1770629362434937,1.9384615384615382,1.70304895121284,63560.00000160653,5.084700362758832,4356000.0,
0.8021978021978022,1.1410303973788969,1.879120879120879,1.6509147996451,63570.00000160711,5.179637892742964,4357000.0,
0.8131868131868132,1.2451243985432876,2.0505494505494504,1.801524570840793,63580.000001607696,5.23819081454322,4358000.0,
0.8461538461538461,1.0049074727793093,1.6549450549450548,1.4539635603891932,63590.00000160828,4.750732208203617,4359000.0,
0.8571428571428571,1.181066551672893,1.945054945054945,1.7088416347203668,63600.00000160886,4.895857130910218,4360000.0,
0.8461538461538461,1.4172798620074718,2.3340659340659338,2.0506099616644398,63610.00000160944,5.239120356512286,4361000.0,
0.8021978021978022,1.2090918596786906,1.991208791208791,1.7493904192730532,63620.000001610024,5.267221359445606,4362000.0,
0.8461538461538461,1.1970810133904917,1.9714285714285715,1.7320123687504732,63630.000001610606,4.979924314640331,4363000.0,
0.8681318681318682,1.1770629362434935,1.9384615384615385,1.7030489512128395,63640.00000161119,4.831297812745961,4364000.0,
0.8131868131868132,1.2331135522550885,2.030769230769231,1.784146520318213,63650.00000161177,5.22720450356741,4365000.0,
0.8021978021978022,1.2651424756902856,2.0835164835164837,1.8304879883784264,63660.00000161235,5.339284456117722,4366000.0,
0.8241758241758241,1.1450340128082965,1.8857142857142857,1.6567074831526263,63670.000001612934,5.0517052689911335,4367000.0,
0.8461538461538461,1.289164168266683,2.1230769230769226,1.8652440894235862,63680.000001613516,5.091347263909746,4368000.0,
0.8461538461538461,1.369236476854676,2.254945054945055,1.9810977595741193,63690.0000016141,5.186497654578704,4369000.0,
0.8131868131868132,1.2211027059668895,2.0109890109890105,1.7667684697956332,63700.00000161468,5.215137111510459,4370000.0,
0.8131868131868132,1.2571352448314863,2.07032967032967,1.8189026213633728,63710.00000161526,5.259987936330468,4371000.0,
0.8351648351648352,1.2211027059668895,2.0109890109890105,1.7667684697956332,63720.000001615845,5.078949292786562,4372000.0,
0.8681318681318682,1.1370267819494972,1.8725274725274725,1.6451221161375729,63730.00000161643,4.789737179318966,4373000.0,
0.7802197802197802,1.2851605528372836,2.1164835164835165,1.8594514059160603,63740.00000161701,5.519850849535059,4374000.0,
0.8571428571428571,1.3972617848604731,2.301098901098901,2.0216465441268063,63750.00000161759,5.155777210655151,4375000.0,
0.8791208791208791,1.3372075534194787,2.202197802197802,1.9347562915139063,63760.00000161817,4.959071092124669,4376000.0,
0.8351648351648352,1.4533124008720681,2.3934065934065933,2.1027441132321796,63770.000001618755,5.359621427475809,4377000.0,
0.8461538461538461,1.2731497065490847,2.0967032967032964,1.8420733553934798,63780.00000161934,5.077615887074965,4378000.0,
0.7802197802197802,1.0689653196497033,1.7604395604395604,1.5466464965096203,63790.00000161992,5.24557245206945,4379000.0,
0.7912087912087912,0.963855795657571,2.1296703296703297,1.936899170538815,63800.0000016205,5.45663983784936,4380000.0,
0.8901098901098901,1.1518524369158585,2.545054945054945,2.3146844576717736,63810.00000162108,4.692078663804391,4381000.0,
0.8241758241758241,0.996680606036002,2.2021978021978024,2.002861680990602,63820.000001621665,4.879703135441216,4382000.0,
0.9120879120879121,1.2443587207096194,2.7494505494505495,2.5005788053086255,63830.00000162225,4.681402934860152,4383000.0,
0.8461538461538461,1.0384576374267327,2.2945054945054943,2.0868139670201478,63840.00000162283,4.803369415774705,4384000.0,
0.8681318681318682,1.0175691217313674,2.2483516483516484,2.044837824005375,63850.00000162341,4.658210001093372,4385000.0,
0.8901098901098901,1.23540649969732,2.7296703296703297,2.4825890297308653,63860.000001623994,4.7884171787812395,4386000.0,
0.8571428571428571,1.0682983741343974,2.36043956043956,2.146779885612681,63870.000001624576,4.7781404109622665,4387000.0,
0.8571428571428571,1.2473427943803856,2.756043956043956,2.506575397167879,63880.00000162516,4.98753838842877,4388000.0,
0.9010989010989011,1.0981391108420622,2.4263736263736257,2.2067458042052133,63890.00000162574,4.579151940188523,4389000.0,
0.8241758241758241,1.080234668817463,2.3868131868131868,2.170766253049694,63900.00000162632,4.985348731616303,4390000.0,
0.8351648351648352,0.9847443113529362,2.1758241758241756,1.9788753135535884,63910.000001626904,4.805941215025699,4391000.0,
0.8241758241758241,1.071282447805164,2.367032967032967,2.1527764774719342,63920.000001627486,4.975553370121442,4392000.0,
0.8791208791208791,1.2145179840019547,2.683516483516483,2.4406128867160923,63930.00000162807,4.828011706912731,4393000.0,
0.8791208791208791,0.9936965323652356,2.1956043956043954,1.9968650891313486,63940.00000162865,4.5773273056759916,4394000.0,
0.8021978021978022,1.0772505951466969,2.38021978021978,2.164769661190441,63950.00000162923,5.120953481742392,4395000.0,
0.8901098901098901,1.2204861313434876,2.6967032967032964,2.4526060704345984,63960.000001629815,4.776593061248208,4396000.0,
0.8021978021978022,1.0175691217313674,2.2483516483516484,2.044837824005375,63970.0000016304,5.04765191899184,4397000.0,
0.8571428571428571,1.0324894900851997,2.281318681318681,2.074820783301641,63980.00000163098,4.74200440521289,4398000.0,
0.8571428571428571,1.0891868898297625,2.4065934065934065,2.1887560286274534,63990.00000163156,4.8086641920943975,4399000.0,
0.8241758241758241,0.92207876426684,2.0373626373626372,1.8529468845092691,64000.00000163214,4.798786234095191,4400000.0,
0.8461538461538461,1.1160435528666608,2.4659340659340656,2.2427253553607334,64010.000001632725,4.903893030126303,4401000.0,
0.9340659340659341,1.0235372690729003,2.2615384615384615,2.0568310077238814,64020.00000163331,4.343784605817594,4402000.0,
0.8241758241758241,1.0056328270483015,2.2219780219780216,2.0208514565683617,64030.00000163389,4.901765163603456,4403000.0,
0.8021978021978022,1.035473563755966,2.2879120879120873,2.0808173751608945,64040.00000163447,5.073806771378893,4404000.0,
0.8021978021978022,0.9131265432545407,2.017582417582418,1.834957108931509,64050.00000163505,4.921839937603174,4405000.0,
0.8021978021978022,1.2354064996973202,2.7296703296703293,2.482589029730865,64060.000001635635,5.324134129881191,4406000.0,
0.8351648351648352,1.0832187424882296,2.3934065934065933,2.1767628449089473,64070.00000163622,4.932272441780291,4407000.0,
0.8571428571428571,1.127979847549727,2.4923076923076923,2.266711722797747,64080.0000016368,4.858538027383341,4408000.0,
0.7472527472527473,0.8862698802176424,1.9582417582417582,1.7809877821982294,64090.00000163738,5.250152339833577,4409000.0,
0.7802197802197802,0.9220787642668403,2.037362637362637,1.8529468845092691,64100.00000163796,5.074774190945953,4410000.0,
0.8901098901098901,1.122011700208194,2.479120879120879,2.2547185390792404,64110.000001638546,4.6733687003435564,4411000.0,
0.8681318681318682,1.065314300463631,2.353846153846154,2.1407832937534272,64120.00000163913,4.726878498114876,4412000.0,
0.8021978021978022,1.0682983741343974,2.36043956043956,2.1467798856126805,64130.00000163971,5.119656877467361,4413000.0,
0.8021978021978022,0.9787761640114032,2.162637362637363,1.9668821298350825,64140.00000164029,5.008608642930509,4414000.0,
0.8791208791208791,1.268231310075751,2.802197802197802,2.5485515401826517,64150.000001640874,4.900110615322314,4415000.0,
0.8131868131868132,1.0354735637559662,2.2879120879120878,2.080817375160894,64160.000001641456,5.011728301495771,4416000.0,
0.8571428571428571,1.1846772472942897,2.6175824175824176,2.380646968123559,64170.00000164204,4.9293003783676514,4417000.0,
0.8241758241758241,1.1637887315989244,2.571428571428571,2.338670825108786,64180.00000164262,5.101660994458679,4418000.0,
0.8241758241758241,1.0772505951466969,2.3802197802197798,2.1647696611904403,64190.0000016432,4.997194722230007,4419000.0,
0.8461538461538461,1.110075405525128,2.452747252747253,2.230732171642227,64200.000001643784,4.906709894957014,4420000.0,
0.9010989010989011,1.172740952611224,2.5912087912087913,2.3566606006865465,64210.00000164437,4.677551545079599,4421000.0,
0.8791208791208791,0.9698239429991038,2.1428571428571423,1.9488923542573222,64220.00000164495,4.564172235272832,4422000.0,
0.8791208791208791,1.127979847549727,2.492307692307692,2.266711722797747,64230.00000164553,4.744574576699195,4423000.0,
0.9120879120879121,1.1220117002081937,2.479120879120879,2.2547185390792404,64240.00000164611,4.5670224666007035,4424000.0,
0.8901098901098901,1.041441711097499,2.301098901098901,2.0928105588794015,64250.000001646695,4.58976537924429,4425000.0,
0.8571428571428571,0.9817602376821698,2.169230769230769,1.9728787216943349,64260.00000164728,4.697179251769165,4426000.0,
0.8681318681318682,1.241374647038853,2.7428571428571424,2.494582213449372,64270.00000164786,4.9372771251829795,4427000.0,
0.8351648351648352,1.0175691217313674,2.2483516483516484,2.0448378240053744,64280.00000164844,4.864718290611533,4428000.0,
0.8681318681318682,0.9936965323652356,2.1956043956043954,1.9968650891313482,64290.00000164902,4.652989676634947,4429000.0,
0.8461538461538461,1.065314300463631,2.353846153846154,2.1407832937534272,64300.000001649605,4.859005212352171,4430000.0,
0.8021978021978022,0.9877283850237025,2.182417582417582,1.9848719054128416,64310.00000165019,5.029083329398438,4431000.0,
0.9010989010989011,1.2294383523557868,2.7164835164835157,2.4705958460123587,64320.00000165077,4.745837683820829,4432000.0,
0.8901098901098901,1.1399161422327928,2.5186813186813186,2.2906980902347596,64330.00000165135,4.704347764840961,4433000.0,
0.9120879120879121,1.1995976156481223,2.6505494505494505,2.410629927419826,64340.00000165193,4.656905819673677,4434000.0,
0.9340659340659341,1.1637887315989244,2.5714285714285716,2.3386708251087867,64350.000001652515,4.509465583346359,4435000.0,
0.8571428571428571,1.2204861313434874,2.696703296703296,2.452606070434599,64360.0000016531,4.980820999502539,4436000.0,
0.9120879120879121,1.0444257847682656,2.3076923076923075,2.0988071507386543,64370.00000165368,4.488223450877773,4437000.0,
0.8571428571428571,0.9011902485714751,1.991208791208791,1.8109707414944962,64380.00000165426,4.609334777294226,4438000.0,
0.8461538461538461,1.2622631627342182,2.7890109890109893,2.536558356464145,64390.000001654844,5.0964382833475526,4439000.0,
0.9010989010989011,1.3211930917018804,2.1758241758241756,1.9115855574837997,64400.000001655426,4.478189418805697,4440000.0,
0.8571428571428571,1.2771533219784845,2.103296703296703,1.8478660389010062,64410.00000165601,5.0494968244742875,4441000.0,
0.8791208791208791,1.4052690157192729,2.314285714285714,2.03323191114186,64420.00000165659,5.069491005492607,4442000.0,
0.8351648351648352,1.2771533219784843,2.103296703296703,1.8478660389010064,64430.00000165717,5.1834309514341985,4443000.0,
0.8681318681318682,1.3612292459958768,2.2417582417582413,1.9695123925590663,64440.000001657754,5.083945080944102,4444000.0,
0.7692307692307693,1.193077397961092,1.9648351648351647,1.7262196852429468,64450.000001658336,5.519569188906014,4445000.0,
0.8791208791208791,1.345214784278278,2.2153846153846155,1.94634165852896,64460.00000165892,5.00317931722859,4446000.0,
0.8571428571428571,1.2291099368256886,2.024175824175824,1.7783538368106866,64470.0000016595,4.996523131539795,4447000.0,
0.8461538461538461,1.3652328614252762,2.248351648351648,1.975305076066593,64480.00000166008,5.222805070112582,4448000.0,
0.8461538461538461,1.1570448590964952,1.9054945054945052,1.6740855336752065,64490.000001660665,4.9772841842435325,4449000.0,
0.8571428571428571,1.1210123202318985,1.8461538461538463,1.6219513821074665,64500.00000166125,4.871947707052257,4450000.0,
0.8681318681318682,1.4773340934484662,2.432967032967033,2.13750021427734,64510.00000166183,5.221230411554253,4451000.0,
0.7582417582417582,1.048947242502705,1.7274725274725273,1.5176830789719868,64520.00000166241,5.413536218503248,4452000.0,
0.8681318681318682,1.1009942430849005,1.8131868131868132,1.592987964569833,64530.00000166299,4.788737672527928,4453000.0,
0.8021978021978022,1.261138860260886,2.076923076923077,1.8246953048708998,64540.000001663575,5.382512825927717,4454000.0,
0.8791208791208791,1.2811569374078842,2.1098901098901104,1.8536587224085328,64550.00000166416,4.93481351641378,4455000.0,
0.8571428571428571,1.2611388602608857,2.0769230769230766,1.8246953048708998,64560.00000166474,5.038505593496511,4456000.0,
0.8351648351648352,1.3292003225606794,2.189010989010989,1.923170924498853,64570.00000166532,5.253118807394887,4457000.0,
0.8571428571428571,1.2691460911196852,2.09010989010989,1.8362806718859532,64580.0000016659,5.048873003857478,4458000.0,
0.8241758241758241,1.3612292459958766,2.241758241758242,1.9695123925590665,64590.000001666485,5.36308881859492,4459000.0,
0.7912087912087912,1.1570448590964952,1.9054945054945052,1.6740855336752065,64600.00000166707,5.329040030371911,4460000.0,
0.9120879120879121,1.4212834774368714,2.340659340659341,2.0564026451719664,64610.00000166765,4.9129710416355925,4461000.0,
0.7362637362637363,1.0929870122261007,1.7999999999999998,1.5814025975547799,64620.00000166823,5.640919673456365,4462000.0,
0.7582417582417582,1.2451243985432874,2.050549450549451,1.801524570840793,64630.000001668814,5.6786394242962706,4463000.0,
0.8241758241758241,1.149037628237696,1.8923076923076922,1.6625001666601533,64640.000001669396,5.108296322381816,4464000.0,
0.9010989010989011,1.3652328614252762,2.2483516483516484,1.975305076066593,64650.00000166998,4.912634029252541,4465000.0,
0.8241758241758241,1.1730593208140938,1.9318681318681319,1.6972562677053133,64660.00000167056,5.138509309374574,4466000.0,
0.8461538461538461,1.1410303973788967,1.8791208791208789,1.6509147996451,64670.00000167114,4.967708651564838,4467000.0,
0.8241758241758241,1.3532220151370773,2.2285714285714286,1.9579270255440133,64680.000001671724,5.358173378486524,4468000.0,
0.8131868131868132,1.3091822454136817,2.156043956043956,1.8942075069612196,64690.000001672306,5.376964653265711,4469000.0,
0.8241758241758241,1.3011750145548822,2.142857142857143,1.8826221399461662,64700.00000167289,5.296089684446855,4470000.0,
0.8131868131868132,1.3972617848604731,2.301098901098901,2.0216465441268063,64710.00000167347,5.486359762585476,4471000.0,
0.7912087912087912,1.1690557053846942,1.9252747252747255,1.6914635841977863,64720.00000167405,5.350887072208774,4472000.0,
0.7912087912087912,1.233113552255088,2.0307692307692307,1.784146520318213,64730.000001674634,5.432404628669998,4473000.0,
0.8131868131868132,1.2731497065490844,2.096703296703297,1.8420733553934798,64740.00000167522,5.335357071689133,4474000.0,
0.8681318681318682,1.3332039379900795,2.195604395604396,1.92896360800638,64750.0000016758,5.0673589666598575,4475000.0,
0.8241758241758241,1.2651424756902856,2.0835164835164837,1.8304879883784264,64760.00000167638,5.255570203957997,4476000.0,
0.8351648351648352,1.381247323142875,2.274725274725274,1.9984758100966997,64770.00000167696,5.325964558092602,4477000.0,
0.7802197802197802,1.1730593208140938,1.9318681318681317,1.6972562677053131,64780.000001677545,5.434763354973535,4478000.0,
0.8131868131868132,1.0889833967967015,1.793406593406593,1.5756099140472533,64790.00000167813,5.111584988074873,4479000.0,
0.8681318681318682,1.3652328614252762,2.2483516483516484,1.975305076066593,64800.00000167871,5.106784688591687,4480000.0,
0.8131868131868132,1.269146091119685,2.09010989010989,1.8362806718859532,64810.00000167929,5.3342174905532005,4481000.0,
0.8241758241758241,1.137026781949497,1.8725274725274725,1.645122116137573,64820.00000167987,5.10332316221936,4482000.0,
0.7472527472527473,1.185070167102293,1.9516483516483514,1.7146343182278931,64830.000001680455,5.693546841402335,4483000.0,
0.8571428571428571,1.3852509385722747,2.2813186813186808,2.0042684936042265,64840.00000168104,5.197661992552941,4484000.0,
0.8461538461538461,1.1250159356612983,1.8527472527472524,1.627744065614993,64850.00000168162,4.958133118886142,4485000.0,
0.8681318681318682,1.2170990905374899,2.0043956043956044,1.7609757862881066,64860.0000016822,4.93918756010087,4486000.0,
0.8021978021978022,1.0329327807851068,1.7010989010989013,1.49451234494188,64870.00000168278,5.116118946034303,4487000.0,
0.7582417582417582,1.1090014739436995,1.8263736263736263,1.6045733315848867,64880.000001683366,5.513607741129542,4488000.0,
0.7912087912087912,1.2331135522550885,2.0307692307692307,1.7841465203182134,64890.00000168395,5.441293517559405,4489000.0,
0.8351648351648352,1.1210123202318985,1.8461538461538458,1.6219513821074665,64900.00000168453,5.021209488818014,4490000.0,
0.8461538461538461,1.425287092866271,2.3472527472527474,2.062195328679493,64910.00000168511,5.316115915063629,4491000.0,
0.8021978021978022,1.1330231665200974,1.865934065934066,1.6393294326300465,64920.000001685694,5.243628878936985,4492000.0,
0.7142857142857143,1.0129147036381083,1.6681318681318675,1.4655489274042466,64930.000001686276,5.72146212369448,4493000.0,
0.8021978021978022,1.2371171676844879,2.0373626373626372,1.7899392038257398,64940.00000168686,5.374485784498138,4494000.0,
0.9010989010989011,1.4813377088778659,2.4395604395604398,2.143292897784866,64950.00000168744,5.056116238011755,4495000.0,
0.8351648351648352,1.2731497065490844,2.0967032967032964,1.84207335539348,64960.00000168802,5.206531885592725,4496000.0,
0.8571428571428571,1.0889833967967013,1.793406593406593,1.575609914047253,64970.000001688604,4.858683193815161,4497000.0,
0.8131868131868132,1.149037628237696,1.8923076923076922,1.6625001666601529,64980.000001689186,5.195705732144803,4498000.0,
0.8681318681318682,1.269146091119685,2.09010989010989,1.8362806718859535,64990.00000168977,5.005722712670617,4499000.0,
0.7912087912087912,0.8206202594607802,1.8131868131868132,1.649062761294657,65000.00000169035,5.280420501802995,4500000.0,
0.8021978021978022,1.0384576374267325,2.2945054945054943,2.0868139670201478,65010.00000169093,5.130677328971571,4501000.0,
0.8131868131868132,1.0235372690729003,2.2615384615384615,2.056831007723881,65020.000001691515,5.043536371550382,4502000.0,
0.7802197802197802,1.071282447805164,2.3670329670329666,2.1527764774719342,65030.0000016921,5.318401447315022,4503000.0,
0.9010989010989011,1.1637887315989246,2.5714285714285716,2.338670825108786,65040.00000169268,4.7081045681048925,4504000.0,
0.7912087912087912,1.0921709635005292,2.4131868131868126,2.194752620486707,65050.00000169326,5.272046634550687,4505000.0,
0.8241758241758241,1.0563620794513318,2.3340659340659338,2.1227935181756674,65060.00000169384,5.018249989855664,4506000.0,
0.8131868131868132,0.9787761640114032,2.162637362637362,1.966882129835082,65070.000001694425,4.991195012623564,4507000.0,
0.8681318681318682,1.1637887315989246,2.5714285714285716,2.338670825108786,65080.00000169501,4.888918665627981,4508000.0,
0.8461538461538461,1.0712824478051641,2.367032967032967,2.1527764774719342,65090.00000169559,4.907097438433515,4509000.0,
0.8351648351648352,1.0205531954021336,2.254945054945055,2.050834415864628,65100.00000169617,4.911449220930358,4510000.0,
0.9010989010989011,1.2473427943803859,2.756043956043956,2.5065753971678784,65110.00000169675,4.804243832899152,4511000.0,
0.8131868131868132,0.9280469116083732,2.0505494505494504,1.864940068227776,65120.000001697335,4.931514445479454,4512000.0,
0.8901098901098901,1.178709099952757,2.6043956043956045,2.3686537844050526,65130.00000169792,4.787436149442233,4513000.0,
0.8461538461538461,1.0802346688174633,2.3868131868131868,2.170766253049694,65140.0000016985,4.920274738591058,4514000.0,
0.9010989010989011,1.122011700208194,2.479120879120879,2.2547185390792404,65150.00000169908,4.667108106439882,4515000.0,
0.8021978021978022,1.0563620794513315,2.334065934065934,2.122793518175668,65160.000001699664,5.161215743002714,4516000.0,
0.8901098901098901,1.1249957738789604,2.4857142857142858,2.260715130938493,65170.000001700246,4.729066857186601,4517000.0,
0.8131868131868132,0.9936965323652356,2.1956043956043954,1.996865089131348,65180.00000170083,5.015488979113082,4518000.0,
0.8461538461538461,1.0265213427436668,2.268131868131868,2.0628275995831347,65190.00000170141,4.8593927558286705,4519000.0,
0.8131868131868132,1.0563620794513315,2.334065934065934,2.1227935181756674,65200.00000170199,5.0936317464757765,4520000.0,
0.8241758241758241,1.0951550371712957,2.4197802197802196,2.2007492123459604,65210.000001702574,5.073318778556352,4521000.0,
0.7912087912087912,0.963855795657571,2.1296703296703297,1.9368991705388154,65220.000001703156,5.1193149640830535,4522000.0,
0.8791208791208791,1.1787090999527567,2.604395604395604,2.3686537844050526,65230.00000170374,4.852279101310552,4523000.0,
0.8571428571428571,0.9757920903406367,2.1560439560439555,1.9608855379758283,65240.00000170432,4.740472823463379,4524000.0,
0.8681318681318682,1.160804657928158,2.564835164835164,2.3326742332495334,65250.0000017049,4.894088909881143,4525000.0,
0.8021978021978022,1.0414417110974994,2.301098901098901,2.092810558879401,65260.000001705484,5.148095831767434,4526000.0,
0.8351648351648352,1.1488683632450922,2.5384615384615383,2.3086878658125194,65270.00000170607,5.074037119269157,4527000.0,
0.8791208791208791,1.172740952611224,2.591208791208791,2.356660600686546,65280.00000170665,4.847990333709705,4528000.0,
0.8791208791208791,1.0832187424882296,2.3934065934065933,2.176762844908948,65290.00000170723,4.746658819694828,4529000.0,
0.8021978021978022,1.047409858439032,2.314285714285714,2.1048037425979076,65300.00000170781,5.157727357905637,4530000.0,
0.8571428571428571,1.071282447805164,2.3670329670329666,2.152776477471934,65310.000001708395,4.85546798409528,4531000.0,
0.8571428571428571,1.0563620794513315,2.3340659340659338,2.122793518175668,65320.00000170898,4.838573708195325,4532000.0,
0.8021978021978022,0.9489354273037385,2.0967032967032964,1.9069162112425486,65330.00000170956,5.036615395805571,4533000.0,
0.8478260869565217,0.9947020354499506,2.197826086956521,1.9988856798665315,65340.00000171014,4.780415221417491,4534000.0,
0.8804347826086957,1.2662527394896994,2.797826086956522,2.5445755390585814,65350.00000171072,4.912284593113871,4535000.0,
0.7608695652173914,0.8530234072552985,1.8847826086956523,1.7141779272445925,65360.000001711305,5.141685049666585,4536000.0,
0.8152173913043478,0.9799438450130075,2.165217391304348,1.969228622301746,65370.00000171189,4.955128450004967,4537000.0,
0.8478260869565217,0.9828954831003961,2.1717391304347826,1.9751600338147028,65380.00000171247,4.768540826338649,4538000.0,
0.8586956521739131,1.121622473207659,2.4782608695652173,2.253936374923685,65390.00000171305,4.8702413613200655,4539000.0,
0.8043478260869565,1.0684929876346647,2.3608695652173917,2.1471709676904585,65400.00000171363,5.133799390156378,4540000.0,
0.8260869565217391,1.1629454064310991,2.569565217391305,2.3369761361050836,65410.000001714216,5.113562860537452,4541000.0,
0.8152173913043478,1.1186708351202705,2.471739130434782,2.2480049634107284,65420.0000017148,5.127966891203365,4542000.0,
0.8586956521739131,1.0448798829355561,2.3086956521739124,2.0997196755868015,65430.00000171538,4.782895559990646,4543000.0,
0.8260869565217391,1.0862028161589965,2.399999999999999,2.1827594367682,65440.00000171596,5.022242882839734,4544000.0,
0.8695652173913043,1.115719197032882,2.4652173913043476,2.2420735518977715,65450.000001716544,4.805574576702745,4545000.0,
0.9021739130434783,1.1718003206932648,2.5891304347826085,2.3547703706439553,65460.000001717126,4.6945232471443035,4546000.0,
0.8369565217391305,1.1836068730428193,2.6152173913043475,2.3784960166957836,65470.00000171771,5.074956264014785,4547000.0,
0.8369565217391305,1.0065085877995046,2.2239130434782606,2.0226113259183602,65480.00000171829,4.863877793334493,4548000.0,
0.8478260869565217,0.9887987592751731,2.1847826086956523,1.9870228568406174,65490.00000171887,4.7811446905451245,4549000.0,
0.8586956521739131,1.1836068730428193,2.615217391304348,2.3784960166957836,65500.000001719454,4.947995345938551,4550000.0,
0.8260869565217391,0.976992206925619,2.158695652173913,1.963297210788789,65510.00000172004,4.893724776925861,4551000.0,
0.8804347826086957,1.2131232539167052,2.680434782608696,2.437810131825355,65520.00000172062,4.8603350539450325,4552000.0,
0.9239130434782609,1.0006053116247275,2.210869565217391,2.010748502892445,65530.0000017212,4.402064572690447,4553000.0,
0.8695652173913043,1.2337847205284254,2.726086956521739,2.479330012416054,65540.00000172178,4.9458499287228825,4554000.0,
0.8695652173913043,1.1245741112950476,2.4847826086956517,2.2598677864366423,65550.00000172236,4.820757728104526,4555000.0,
0.8478260869565217,0.9533791022265103,2.1065217391304345,1.9158459186851327,65560.00000172295,4.742957402744348,4556000.0,
0.8586956521739131,1.053734797197722,2.3282608695652174,2.1175139101256724,65570.00000172353,4.8002962196381365,4557000.0,
0.8152173913043478,1.059638073372499,2.3413043478260867,2.1293767331515867,65580.00000172411,5.064086703459929,4558000.0,
0.9021739130434783,1.0212667782364477,2.2565217391304344,2.052268383483145,65590.0000017247,4.533931850686509,4559000.0,
0.8695652173913043,1.421675135468008,2.3413043478260867,2.0569693207324855,65600.00000172528,4.748581284493741,4560000.0,
0.8913043478260869,1.3899943525049325,2.2891304347826087,2.011131564281622,65610.00000172586,5.003893663898604,4561000.0,
0.7282608695652174,0.9781441739849528,1.6108695652173908,1.4152407304204007,65620.00000172644,5.559239761430593,4562000.0,
0.8913043478260869,1.393954450375317,2.2956521739130435,2.0168612838379802,65630.00000172702,5.0093123102898245,4563000.0,
0.8369565217391305,1.30683229722686,2.152173913043478,1.8908074535981063,65640.0000017276,5.2310178097936335,4564000.0,
0.782608695652174,1.10090720796687,1.8130434782608698,1.592862036667496,65650.00000172819,5.331711988086015,4565000.0,
0.8695652173913043,1.2276303398191712,2.0217391304347827,1.7762130624709485,65660.00000172877,4.944772390907589,4566000.0,
0.8369565217391305,1.3345529823195508,2.197826086956522,1.9309154904926114,65670.00000172935,5.265697069904473,4567000.0,
0.8043478260869565,1.1405081866707139,1.8782608695652172,1.6501592322310747,65680.00000172993,5.23846693490478,4568000.0,
0.8478260869565217,1.148428382411483,1.8913043478260867,1.6616186713437902,65690.00000173051,4.97968219475778,4569000.0,
0.8586956521739131,1.148428382411483,1.891304347826087,1.6616186713437902,65700.0000017311,4.917154572039356,4570000.0,
0.8478260869565217,1.2593111227822467,2.0739130434782607,1.8220508189218112,65710.00000173168,5.111492606477201,4571000.0,
0.8043478260869565,1.2513909270414778,2.0608695652173914,1.8105913798090958,65720.00000173226,5.378483314825316,4572000.0,
0.8586956521739131,1.2197101440784028,2.008695652173913,1.7647536233582328,65730.00000173284,5.001685231195857,4573000.0,
0.8586956521739131,1.3583135695418573,2.2369565217391307,1.9652938078307591,65740.00000173342,5.163603144393833,4574000.0,
0.8695652173913043,1.3147524929676289,2.1652173913043478,1.9022668927108222,65750.000001734,5.049462867028578,4575000.0,
0.7717391304347826,1.2909919057453223,2.126086956521739,1.8678885753726748,65760.00000173459,5.659310638561074,4576000.0,
0.8152173913043478,1.1919894589857118,1.9630434782608692,1.7246455864637273,65770.00000173517,5.236571069812726,4577000.0,
0.8369565217391305,1.1721889696337893,1.9304347826086958,1.6959969886819377,65780.00000173575,5.0774179898127265,4578000.0,
0.8043478260869565,1.0613062292630255,1.7478260869565219,1.5355648411039167,65790.00000173633,5.145945582452325,4579000.0,
0.7934782608695652,1.1405081866707143,1.8782608695652174,1.6501592322310743,65800.00000173692,5.316802098397011,4580000.0,
0.8369565217391305,1.3187125908380128,2.1717391304347826,1.9079966122671803,65810.0000017375,5.254043615147735,4581000.0,
0.8260869565217391,1.188029361115327,1.956521739130435,1.7189158669073692,65820.00000173808,5.165506595156456,4582000.0,
0.7608695652173914,1.2276303398191717,2.0217391304347823,1.776213062470949,65830.00000173866,5.660882732466382,4583000.0,
0.8586956521739131,1.346433275930704,2.2173913043478266,1.9481046491616851,65840.00000173924,5.154831156897595,4584000.0,
0.8043478260869565,1.045465837781488,1.7217391304347827,1.512645962878485,65850.00000173983,5.129495366016007,4585000.0,
0.75,1.0375456420407192,1.708695652173913,1.501186523765769,65860.00000174041,5.49121737792806,4586000.0,
0.8478260869565217,1.3781140588937795,2.2695652173913037,1.9939424056125485,65870.00000174099,5.259824274711795,4587000.0,
0.75,1.140508186670714,1.8782608695652174,1.6501592322310743,65880.00000174157,5.629660191057976,4588000.0,
0.8478260869565217,1.2791116121341688,2.1065217391304345,1.8506994167036013,65890.00000174216,5.144077799046672,4589000.0,
0.8369565217391305,1.1563485781522516,1.9043478260869564,1.6730781104565065,65900.00000174274,5.064725574016966,4590000.0,
0.8586956521739131,1.239510633430325,2.0413043478260864,1.7934022211400222,65910.00000174332,5.03385795297331,4591000.0,
0.7717391304347826,1.0375456420407192,1.7086956521739125,1.5011865237657696,65920.0000017439,5.339915479958452,4592000.0,
0.7934782608695652,1.1721889696337895,1.9304347826086954,1.695996988681938,65930.00000174448,5.363851852268697,4593000.0,
0.8152173913043478,1.3266327865787821,2.1847826086956514,1.9194560513798962,65940.00000174507,5.41080021832742,4594000.0,
0.8369565217391305,1.2593111227822467,2.07391304347826,1.8220508189218116,65950.00000174565,5.1903431598088,4595000.0,
0.8152173913043478,1.2830717100045532,2.11304347826087,1.8564291362599588,65960.00000174623,5.358431964396429,4596000.0,
0.8043478260869565,1.3741539610233953,2.2630434782608693,1.9882126860561908,65970.00000174681,5.544621140857675,4597000.0,
0.8152173913043478,1.045465837781488,1.7217391304347827,1.5126459628784854,65980.0000017474,5.068035427802863,4598000.0,
0.8478260869565217,1.389994352504933,2.2891304347826087,2.011131564281622,65990.00000174798,5.279990774868899,4599000.0,
0.8043478260869565,1.1207076973187922,1.845652173913043,1.6215106344492851,66000.00000174856,5.231147407603398,4600000.0,
0.8152173913043478,1.3622736674122418,2.243478260869565,1.971023527387117,66010.00000174914,5.458253032150014,4601000.0,
0.8913043478260869,1.290991905745322,2.1260869565217386,1.8678885753726748,66020.00000174972,4.912817748023132,4602000.0,
0.782608695652174,1.1167475994484077,1.8391304347826083,1.6157809148929274,66030.0000017503,5.373063599424764,4603000.0,
0.8478260869565217,1.3741539610233953,2.2630434782608697,1.9882126860561906,66040.00000175089,5.263871338762618,4604000.0,
0.782608695652174,1.1721889696337895,1.9304347826086956,1.6959969886819377,66050.00000175147,5.445016461328373,4605000.0,
0.7934782608695652,1.168228871763405,1.923913043478261,1.6902672691255798,66060.00000175205,5.36598433166534,4606000.0,
0.7717391304347826,1.1840692632449428,1.95,1.7131861473510115,66070.00000175263,5.538227777857374,4607000.0,
0.8152173913043478,1.1088274037076389,1.8260869565217388,1.6043214757802113,66080.00000175321,5.151092282005919,4608000.0,
0.8695652173913043,1.3305928844491663,2.1913043478260867,1.925185770936254,66090.0000017538,5.084679317233335,4609000.0,
0.8260869565217391,1.1801091653745583,1.9434782608695647,1.7074564277946536,66100.00000175438,5.170655831892174,4610000.0,
0.8152173913043478,1.1919894589857118,1.9630434782608694,1.7246455864637273,66110.00000175496,5.254704403147116,4611000.0,
0.8260869565217391,1.3741539610233953,2.2630434782608693,1.9882126860561906,66120.00000175554,5.40660479504609,4612000.0,
0.7608695652173914,1.1009072079668698,1.8130434782608693,1.592862036667496,66130.00000175613,5.511475187747212,4613000.0,
0.8369565217391305,1.3107923950972444,2.158695652173913,1.8965371731544642,66140.0000017567,5.261723381276644,4614000.0,
0.7934782608695652,1.1682288717634053,1.9239130434782605,1.6902672691255802,66150.00000175729,5.370915838514942,4615000.0,
0.8369565217391305,1.3503933738010883,2.223913043478261,1.9538343687180437,66160.00000175787,5.310077797390388,4616000.0,
0.8369565217391305,1.2711914163934,2.0934782608695652,1.8392399775908856,66170.00000175845,5.215966367760453,4617000.0,
0.8695652173913043,1.3305928844491666,2.1913043478260867,1.9251857709362539,66180.00000175904,5.089179317233597,4618000.0,
0.8260869565217391,1.2751515142637846,2.1,1.8449696971472433,66190.00000175962,5.290443938442565,4619000.0,
0.8152173913043478,0.7674259027210301,1.6956521739130435,1.5421669933688376,66200.0000017602,5.060337880919527,4620000.0,
0.8152173913043478,1.1127675589454933,2.4586956521739127,2.236142140384814,66210.00000176078,5.162858872431425,4621000.0,
0.8695652173913043,1.1924617873049852,2.634782608695652,2.3962902512346553,66220.00000176136,4.9323285555179055,4622000.0,
0.8260869565217391,1.1275257493824362,2.491304347826087,2.2657991979495993,66230.00000176195,5.113844328323161,4623000.0,
0.8804347826086957,1.1304773874698248,2.497826086956522,2.2717306094625567,66240.00000176253,4.802021230328424,4624000.0,
0.8695652173913043,1.0921060923337735,2.4130434782608696,2.1946222597941145,66250.00000176311,4.818419506301099,4625000.0,
0.7717391304347826,0.9799438450130072,2.1652173913043473,1.9692286223017461,66260.00000176369,5.284431461275772,4626000.0,
0.782608695652174,1.151138854081545,2.5434782608695654,2.3132504900532562,66270.00000176427,5.430341313678993,4627000.0,
0.8478260869565217,1.136380663644602,2.510869565217391,2.283593432488471,66280.00000176486,4.995728475188347,4628000.0,
0.8478260869565217,1.0802995399842192,2.38695652173913,2.1708966137422863,66290.00000176544,4.930094329332541,4629000.0,
0.8804347826086957,1.050783159110333,2.321739130434782,2.111582498612716,66300.00000176602,4.714467291944976,4630000.0,
0.8913043478260869,1.2957691203635853,2.86304347826087,2.6038896541881518,66310.0000017666,4.932323891254201,4631000.0,
0.8478260869565217,1.1954134253923734,2.641304347826087,2.402221662747612,66320.00000176718,5.067408142890967,4632000.0,
0.8586956521739131,1.0655413495472763,2.3543478260869564,2.1412395561775015,66330.00000176777,4.852526635034795,4633000.0,
0.8913043478260869,0.9976536735373389,2.2043478260869556,2.004817091379489,66340.00000176835,4.599316316766304,4634000.0,
0.8260869565217391,1.0684929876346647,2.360869565217391,2.147170967690458,66350.00000176893,5.048699406207805,4635000.0,
0.9347826086956522,1.0419282448481677,2.302173913043478,2.093788264073844,66360.00000176951,4.4336883550632304,4636000.0,
0.8586956521739131,1.1127675589454933,2.4586956521739136,2.2361421403848136,66370.0000017701,4.909549562435369,4637000.0,
0.8369565217391305,0.9740405688382303,2.152173913043478,1.957365799275832,66380.00000177068,4.8718380823704965,4638000.0,
0.7934782608695652,0.95337910222651,2.1065217391304345,1.9158459186851327,66390.00000177126,5.113296950880168,4639000.0,
0.8478260869565217,1.254446187140145,2.7717391304347823,2.5208498930067536,66400.00000177184,5.141139092644988,4640000.0,
0.8913043478260869,1.0980093685085504,2.426086956521739,2.2064850828200293,66410.00000177242,4.715325145270788,4641000.0,
0.8260869565217391,0.9917503973625617,2.1913043478260867,1.9929542683535746,66420.000001773,4.959484691668105,4642000.0,
0.8695652173913043,1.0507831591103334,2.321739130434782,2.111582498612716,66430.00000177359,4.779898133094667,4643000.0,
0.8695652173913043,1.1363806636446019,2.510869565217391,2.2835934324884706,66440.00000177417,4.878835263309105,4644000.0,
0.8260869565217391,0.947475826051733,2.0934782608695652,1.903983095659218,66450.00000177475,4.907468105344562,4645000.0,
0.8478260869565217,0.9710889307508416,2.1456521739130436,1.951434387762875,66460.00000177533,4.809999764596244,4646000.0,
0.8695652173913043,0.9504274641391216,2.1,1.909914507172176,66470.00000177592,4.66648908387789,4647000.0,
0.8804347826086957,1.1098159208581049,2.4521739130434783,2.230210728871857,66480.0000017765,4.790405737387407,4648000.0,
0.8913043478260869,1.1452355779067676,2.5304347826086953,2.3013876670273423,66490.00000177708,4.772213087522674,4649000.0,
0.8260869565217391,1.0566864352851106,2.3347826086956522,2.1234453216386298,66500.00000177766,5.042302000732488,4650000.0,
0.9130434782608695,1.1599937683437107,2.5630434782608695,2.3310447245921266,66510.00000177824,4.675705079726937,4651000.0,
0.8804347826086957,1.0625897114598875,2.347826086956521,2.135308144664544,66520.00000177883,4.7387414007870765,4652000.0,
0.8913043478260869,1.1186708351202703,2.471739130434783,2.2480049634107284,66530.00000177941,4.744359961469645,4653000.0,
0.8152173913043478,1.0566864352851106,2.334782608695652,2.1234453216386298,66540.00000177999,5.111666027409046,4654000.0,
0.967391304347826,1.1688486826058764,2.5826086956521737,2.3488389591309984,66550.00000178057,4.4239761663954065,4655000.0,
0.9347826086956522,1.1688486826058766,2.582608695652173,2.3488389591309984,66560.00000178115,4.578766032665042,4656000.0,
0.8478260869565217,1.186558511130208,2.6217391304347823,2.384427428208741,66570.00000178174,5.069784397864543,4657000.0,
0.8478260869565217,1.213123253916705,2.6804347826086956,2.4378101318253544,66580.00000178232,5.101629991920441,4658000.0,
0.8695652173913043,1.100961006595939,2.4326086956521737,2.212416494332986,66590.0000017829,4.845602657703578,4659000.0,
0.8695652173913043,1.227881444353648,2.7130434782608694,2.46746718939014,66600.00000178348,4.9920611611249734,4660000.0,
0.8695652173913043,1.0271700544112246,2.269565217391304,2.064131206509059,66610.00000178406,4.761743062691215,4661000.0,
0.8369565217391305,1.0271700544112248,2.2695652173913037,2.064131206509059,66620.00000178465,4.947785000198696,4662000.0,
0.8804347826086957,1.1511388540815448,2.5434782608695654,2.313250490053256,66630.00000178523,4.844747834382362,4663000.0,
0.8695652173913043,1.0537347971977216,2.3282608695652174,2.117513910125673,66640.00000178581,4.793792516895775,4664000.0,
0.8369565217391305,0.9238627213526245,2.0413043478260864,1.856531803555562,66650.0000017864,4.8259113035573415,4665000.0,
0.8478260869565217,1.0124118639742818,2.23695652173913,2.0344741489442737,66660.00000178698,4.868996044809105,4666000.0,
0.8695652173913043,0.9563307403138986,2.11304347826087,1.9217773301980896,66670.00000178756,4.683277851479465,4667000.0,
0.7608695652173914,1.0684929876346647,2.3608695652173908,2.147170967690458,66680.00000178814,5.500302212455286,4668000.0,
0.8586956521739131,1.1747519587806536,2.595652173913043,2.3607017821569123,66690.00000178872,4.997936458446878,4669000.0,
0.8478260869565217,1.1452355779067678,2.5304347826086953,2.301387667027342,66700.0000017893,5.027711194575746,4670000.0,
0.8043478260869565,0.9828954831003961,2.1717391304347826,1.975160033814703,66710.00000178989,5.098191681820597,4671000.0,
0.8478260869565217,1.2013167015671509,2.654347826086956,2.414084485773526,66720.00000179047,5.094883801970103,4672000.0,
0.8260869565217391,1.1275257493824362,2.491304347826087,2.2657991979495997,66730.00000179105,5.140160117798377,4673000.0,
0.8695652173913043,1.1718003206932652,2.5891304347826085,2.3547703706439553,66740.00000179163,4.93456786891594,4674000.0,
0.8586956521739131,1.053734797197722,2.3282608695652174,2.117513910125673,66750.00000179221,4.860043055084653,4675000.0,
0.8369565217391305,0.9681372926634532,2.1391304347826083,1.9455029762499179,66760.0000017928,4.8845250770719115,4676000.0,
0.8260869565217391,0.8825397881291843,1.9499999999999995,1.7734920423741627,66770.00000179338,4.845703427860352,4677000.0,
0.782608695652174,1.0980093685085506,2.426086956521739,2.206485082820029,66780.00000179396,5.390786971004039,4678000.0,
0.8152173913043478,1.0153635020616705,2.243478260869565,2.0404055604572306,66790.00000179454,5.074309895989069,4679000.0,
0.8369565217391305,1.2989121014860912,2.1391304347826083,1.8793480144853902,66800.00000179512,4.886602999149954,4680000.0,
0.782608695652174,1.045465837781488,1.7217391304347827,1.512645962878485,66810.0000017957,5.325314681741778,4681000.0,
0.8260869565217391,1.3424731780603196,2.210869565217391,1.9423749296053272,66820.00000179629,5.4050964788297735,4682000.0,
0.8152173913043478,1.0296254462999501,1.6956521739130435,1.4897270846530533,66830.00000179687,5.093937880921483,4683000.0,
0.8804347826086957,1.2989121014860912,2.1391304347826083,1.8793480144853907,66840.00000179745,5.022959424027635,4684000.0,
0.782608695652174,1.251390927041478,2.0608695652173914,1.810591379809096,66850.00000179803,5.59066340690745,4685000.0,
0.8478260869565217,1.0217052505591813,1.6826086956521735,1.4782676455403378,66860.00000179862,4.890213885397019,4686000.0,
0.782608695652174,1.3424731780603196,2.210869565217391,1.9423749296053279,66870.0000017992,5.708157394320479,4687000.0,
0.7934782608695652,1.0573461313926409,1.7413043478260868,1.5298351215475587,66880.00000179978,5.271173206817129,4688000.0,
0.7717391304347826,1.1523884802818676,1.8978260869565218,1.667348390900148,66890.00000180036,5.543373805569881,4689000.0,
0.782608695652174,1.2751515142637846,2.1,1.8449696971472433,66900.00000180095,5.6238019350250035,4690000.0,
0.8260869565217391,1.148428382411483,1.8913043478260863,1.6616186713437906,66910.00000180153,5.174936989360407,4691000.0,
0.8695652173913043,1.3583135695418576,2.23695652173913,1.9652938078307591,66920.00000180211,5.158058105092346,4692000.0,
0.8695652173913043,1.3187125908380128,2.1717391304347826,1.90799661226718,66930.00000180269,5.113016979582953,4693000.0,
0.782608695652174,1.0652663271334104,1.7543478260869563,1.5412945606602746,66940.00000180327,5.357837529247433,4694000.0,
0.9239130434782609,1.1801091653745583,1.9434782608695647,1.7074564277946536,66950.00000180386,4.663174626164742,4695000.0,
0.8369565217391305,1.2355505355599403,2.0347826086956515,1.787672501583664,66960.00000180444,5.214421419234553,4696000.0,
0.8369565217391305,1.2355505355599403,2.034782608695652,1.7876725015836643,66970.00000180502,5.214940899754064,4697000.0,
0.8695652173913043,1.3028721993564754,2.145652173913043,1.885077734041748,66980.0000018056,5.09730052937933,4698000.0,
0.8586956521739131,1.1523884802818676,1.8978260869565213,1.667348390900148,66990.00000180618,4.987082787284618,4699000.0,
0.7717391304347826,1.1721889696337895,1.930434782608695,1.6959969886819377,67000.00000180677,5.575227960786817,4700000.0,
0.8586956521739131,1.362273667412242,2.243478260869565,1.9710235273871168,67010.00000180735,5.2325187014111885,4701000.0,
0.8260869565217391,1.3305928844491663,2.1913043478260867,1.9251857709362539,67020.00000180793,5.401241386564254,4702000.0,
0.8586956521739131,1.346433275930704,2.2173913043478257,1.9481046491616854,67030.00000180851,5.2150843214580656,4703000.0,
0.782608695652174,1.259311122782247,2.0739130434782607,1.8220508189218116,67040.0000018091,5.611339212576826,4704000.0,
0.8369565217391305,1.1999096547264805,1.9760869565217387,1.7361050255764432,67050.00000180968,5.1765128343429,4705000.0,
0.8043478260869565,1.1484283824114832,1.891304347826087,1.6616186713437906,67060.00000181026,5.322908259343592,4706000.0,
0.8478260869565217,1.354353471671473,2.2304347826086954,1.9595640882744012,67070.00000181084,5.293337428248041,4707000.0,
0.7934782608695652,1.2117899483376338,1.9956521739130435,1.753294184245517,67080.00000181142,5.476773633652552,4708000.0,
0.9130434782608695,1.3979145482457016,2.302173913043478,2.022591003394338,67090.000001812,4.96390402914501,4709000.0,
0.75,1.0217052505591813,1.682608695652174,1.4782676455403378,67100.00000181259,5.541980913927874,4710000.0,
0.7717391304347826,1.1167475994484075,1.8391304347826085,1.615780914892927,67110.00000181317,5.509585621955416,4711000.0,
0.7934782608695652,1.1919894589857116,1.9630434782608692,1.7246455864637273,67120.00000181375,5.454011373099572,4712000.0,
0.8913043478260869,1.393954450375317,2.2956521739130435,2.0168612838379802,67130.00000181433,5.0824830420014,4713000.0,
0.7717391304347826,1.326632786578782,2.184782608695652,1.919456051379896,67140.00000181491,5.78323966725121,4714000.0,
0.7934782608695652,1.2593111227822467,2.07391304347826,1.8220508189218116,67150.0000018155,5.540498949391191,4715000.0,
0.8478260869565217,1.081106718614948,1.7804347826086955,1.5642134388857063,67160.00000181608,4.975661770797024,4716000.0,
0.8478260869565217,1.1721889696337895,1.9304347826086956,1.6959969886819377,67170.00000181666,5.083604938665431,4717000.0,
0.8695652173913043,1.2830717100045532,2.1130434782608694,1.856429136259959,67180.00000181724,5.084529966625203,4718000.0,
0.8478260869565217,1.223670241948787,2.0152173913043474,1.7704833429145903,67190.00000181783,5.145352080370359,4719000.0,
0.782608695652174,1.1286278930595608,1.858695652173913,1.632970073562001,67200.00000181841,5.4532439745983545,4720000.0,
0.8369565217391305,1.3741539610233953,2.2630434782608693,1.9882126860561908,67210.00000181899,5.3930125249838525,4721000.0,
0.8043478260869565,1.1801091653745583,1.943478260869565,1.7074564277946536,67220.00000181957,5.370943827352243,4722000.0,
0.8695652173913043,1.2593111227822469,2.0739130434782607,1.8220508189218116,67230.00000182015,5.059705291319696,4723000.0,
0.9021739130434783,1.2989121014860914,2.139130434782609,1.8793480144853905,67240.00000182074,4.921201365618454,4724000.0,
0.8478260869565217,1.140508186670714,1.878260869565217,1.6501592322310747,67250.00000182132,5.05034042542717,4725000.0,
0.8369565217391305,1.318712590838013,2.1717391304347826,1.90799661226718,67260.0000018219,5.329368290476793,4726000.0,
0.8369565217391305,1.1444682845410985,1.8847826086956518,1.655888951787433,67270.00000182248,5.121699768667523,4727000.0,
0.8913043478260869,1.3583135695418576,2.23695652173913,1.9652938078307591,67280.00000182306,5.049812785456968,4728000.0,
0.8260869565217391,1.3028721993564756,2.1456521739130436,1.8850777340417484,67290.00000182365,5.3818952940844555,4729000.0,
0.8804347826086957,1.362273667412242,2.243478260869565,1.9710235273871168,67300.00000182423,5.117641696438907,4730000.0,
0.782608695652174,1.057346131392641,1.7413043478260872,1.5298351215475587,67310.00000182481,5.3682728346909805,4731000.0,
0.8152173913043478,1.1523884802818674,1.8978260869565213,1.6673483909001485,67320.00000182539,5.270660535940823,4732000.0,
0.8043478260869565,1.1325879909299454,1.8652173913043482,1.6386997931183587,67330.00000182597,5.317809394259286,4733000.0,
0.782608695652174,1.195949556856096,1.9695652173913043,1.7303753060200853,67340.00000182656,5.547043878338824,4734000.0,
0.7608695652173914,1.1919894589857116,1.9630434782608694,1.7246455864637273,67350.00000182714,5.700897574804605,4735000.0,
0.8586956521739131,1.4691963099126213,2.419565217391304,2.12572595540878,67360.00000182772,5.374757728121523,4736000.0,
0.8586956521739131,1.334552982319551,2.1978260869565216,1.9309154904926114,67370.0000018283,5.218464232696712,4737000.0,
0.8478260869565217,1.2078298504672496,1.9891304347826084,1.747564464689159,67380.00000182888,5.136412131443985,4738000.0,
0.8695652173913043,1.2434707313007092,2.0478260869565212,1.79913194069638,67390.00000182947,5.049488841116393,4739000.0,
0.8586956521739131,0.8707332357796302,1.923913043478261,1.7497663963223344,67400.00000183005,5.026289319137744,4740000.0,
0.8695652173913043,1.1039126446833278,2.4391304347826086,2.218347905845943,67410.00000183063,4.889997041506463,4741000.0,
0.7934782608695652,0.9651856545760648,2.132608695652174,1.939571564736961,67420.00000183121,5.184614797680152,4742000.0,
0.8043478260869565,0.8972979785661274,1.9826086956521736,1.8031490999389481,67430.0000018318,5.030692081591071,4743000.0,
0.8043478260869565,1.095057730421162,2.4195652173913045,2.2005536713070715,67440.00000183238,5.277096097410874,4744000.0,
0.8369565217391305,1.1334290255572135,2.5043478260869563,2.2776620209755136,67450.00000183296,5.117860654037972,4745000.0,
0.8260869565217391,1.0921060923337733,2.4130434782608696,2.1946222597941145,67460.00000183354,5.1357047434785486,4746000.0,
0.8586956521739131,1.0448798829355563,2.308695652173913,2.099719675586802,67470.00000183412,4.886186699237165,4747000.0,
0.8804347826086957,1.1806552349554307,2.608695652173913,2.3725646051828266,67480.0000018347,4.920247921303293,4748000.0,
0.7934782608695652,0.9563307403138986,2.1130434782608694,1.9217773301980896,67490.00000183529,5.177290796144496,4749000.0,
0.8913043478260869,1.2514945490527567,2.7652173913043474,2.514918481493796,67500.00000183587,4.940698762469822,4750000.0,
0.8369565217391305,1.0035569497121162,2.2173913043478257,2.0166799144054024,67510.00000183645,4.96580570627518,4751000.0,
0.7934782608695652,0.8441684929931329,1.8652173913043477,1.6963836927057212,67520.00000183703,5.037579470754037,4752000.0,
0.8913043478260869,1.0419282448481675,2.302173913043478,2.0937882640738446,67530.00000183762,4.7070390065330505,4753000.0,
0.782608695652174,1.0921060923337735,2.413043478260869,2.1946222597941145,67540.0000018382,5.425466118116504,4754000.0,
0.9347826086956522,1.3282371393248595,2.9347826086956523,2.66913518083068,67550.00000183878,4.795321125901983,4755000.0,
0.8804347826086957,1.115719197032882,2.4652173913043476,2.242073551897771,67560.00000183936,4.850444026379146,4756000.0,
0.8260869565217391,1.0419282448481677,2.3021739130434784,2.0937882640738446,67570.00000183994,5.080752612312099,4757000.0,
0.7934782608695652,1.0183151401490587,2.25,2.046336971970188,67580.00000184053,5.260339628813751,4758000.0,
0.8152173913043478,1.1039126446833278,2.4391304347826086,2.2183479058459428,67590.00000184111,5.225596844274119,4759000.0,
0.8586956521739131,1.1836068730428193,2.615217391304348,2.3784960166957836,67600.00000184169,5.05432445986879,4760000.0,
0.8586956521739131,1.151138854081545,2.543478260869565,2.3132504900532553,67610.00000184227,5.017019931458222,4761000.0,
0.9239130434782609,1.1452355779067676,2.5304347826086953,2.301387667027342,67620.00000184285,4.656958507966146,4762000.0,
0.8586956521739131,1.086202816158996,2.4,2.1827594367682,67630.00000184344,4.942410874637085,4763000.0,
0.8152173913043478,0.9238627213526244,2.041304347826087,1.856531803555562,67640.00000184402,5.007402271655278,4764000.0,
0.75,1.024218416323836,2.2630434782608693,2.0581997949961024,67650.0000018446,5.577215859586951,4765000.0,
0.8695652173913043,1.0419282448481675,2.302173913043478,2.093788264073845,67660.00000184518,4.831214981696756,4766000.0,
0.8152173913043478,1.157042130256322,2.5565217391304342,2.3251133130791697,67670.00000184576,5.295035679910574,4767000.0,
0.8260869565217391,1.177703596868042,2.6021739130434782,2.3666331936698692,67680.00000184635,5.2509017226522845,4768000.0,
0.8804347826086957,1.157042130256322,2.5565217391304342,2.32511331307917,67690.00000184693,4.903798469053057,4769000.0,
0.8260869565217391,1.162945406431099,2.569565217391304,2.3369761361050836,67700.00000184751,5.23408917633394,4770000.0,
0.8260869565217391,1.0448798829355563,2.308695652173913,2.0997196755868015,67710.0000018481,5.091694068944629,4771000.0,
0.8369565217391305,1.1895101492175966,2.6282608695652177,2.390358839721698,67720.00000184868,5.1988926459447,4772000.0,
0.8478260869565217,1.1836068730428193,2.615217391304348,2.378496016695783,67730.00000184926,5.125790158072625,4773000.0,
0.8913043478260869,1.0684929876346647,2.360869565217391,2.147170967690458,67740.00000184984,4.747087254538011,4774000.0,
0.8695652173913043,1.018315140149059,2.25,2.0463369719701876,67750.00000185042,4.808559911293043,4775000.0,
0.9021739130434783,1.044879882935556,2.3086956521739133,2.099719675586802,67760.000001851,4.664683725780765,4776000.0,
0.8586956521739131,0.9976536735373389,2.2043478260869565,2.004817091379489,67770.00000185159,4.846378961711011,4777000.0,
0.8478260869565217,1.0448798829355561,2.3086956521739133,2.0997196755868015,67780.00000185217,4.964727554356514,4778000.0,
0.8804347826086957,0.9622340164886759,2.1260869565217386,1.933640153224004,67790.00000185275,4.687473204033303,4779000.0,
0.8695652173913043,1.1334290255572135,2.504347826086956,2.277662020975513,67800.00000185333,4.943440879512567,4780000.0,
0.8586956521739131,1.0094602258868932,2.2304347826086954,2.0285427374313167,67810.00000185391,4.862153680903015,4781000.0,
0.7934782608695652,1.0921060923337735,2.413043478260869,2.194622259794115,67820.0000018545,5.366487130197992,4782000.0,
0.8478260869565217,1.0625897114598877,2.347826086956522,2.1353081446645437,67830.00000185508,4.988180172616132,4783000.0,
0.8478260869565217,1.018315140149059,2.2499999999999996,2.046336971970188,67840.00000185566,4.936471703890568,4784000.0,
0.8152173913043478,0.9415725498769557,2.0804347826086955,1.8921202726333042,67850.00000185624,5.040326327979109,4785000.0,
0.7717391304347826,0.9917503973625618,2.1913043478260867,1.9929542683535746,67860.00000185682,5.389870937564948,4786000.0,
0.8152173913043478,1.0714446257220533,2.367391304347826,2.153102379203415,67870.0000018574,5.200702741015824,4787000.0,
0.8695652173913043,1.1540904921689334,2.55,2.319181901566213,67880.00000185799,4.971201566116276,4788000.0,
0.8369565217391305,1.0242184163238361,2.2630434782608693,2.058199794996102,67890.00000185857,5.010232393656565,4789000.0,
0.8369565217391305,0.9887987592751731,2.1847826086956523,1.9870228568406176,67900.00000185915,4.968432283936115,4790000.0,
0.8369565217391305,1.0094602258868932,2.2304347826086954,2.0285427374313163,67910.00000185973,4.993638192095603,4791000.0,
0.8369565217391305,1.0773479018968306,2.3804347826086953,2.1649652022293298,67920.00000186032,5.07527022057504,4792000.0,
0.782608695652174,0.9947020354499503,2.1978260869565216,1.9988856798665318,67930.0000018609,5.3226720454328795,4793000.0,
0.8260869565217391,1.024218416323836,2.2630434782608693,2.0581997949961024,67940.00000186148,5.078788083046936,4794000.0,
0.8260869565217391,1.1039126446833278,2.4391304347826086,2.2183479058459428,67950.00000186206,5.175786359482141,4795000.0,
0.8260869565217391,0.9386209117895674,2.0739130434782607,1.8861888611203472,67960.00000186265,4.976222682821303,4796000.0,
0.8260869565217391,1.1393323017319905,2.5173913043478264,2.2895248440014275,67970.00000186323,5.219715418014793,4797000.0,
0.8369565217391305,0.9327176356147904,2.0608695652173914,1.874326038094433,67980.00000186381,4.905582110212263,4798000.0,
0.9130434782608695,1.074396263809442,2.3739130434782605,2.1590337907163724,67990.00000186439,4.652431622383982,4799000.0,
0.8369565217391305,1.4058347439864705,2.3152173913043477,2.0340504425070534,68000.00000186497,5.044159739531158,4800000.0,
0.7419354838709677,1.1008220445718078,1.812903225806451,1.59273881689209,68010.00000186556,5.716177538477807,4801000.0,
0.8064516129032258,1.20659498123885,1.9870967741935481,1.7457777779457786,68020.00000186614,5.3905751102000785,4802000.0,
0.8279569892473119,1.3084504017330387,2.1548387096774193,1.893148629330812,68030.00000186672,5.374099835986595,4803000.0,
0.8387096774193549,1.1870074003745825,1.9548387096774191,1.7174372296025027,68040.0000018673,5.160916515956843,4804000.0,
0.8602150537634409,1.3476255634615728,2.2193548387096773,1.9498297260173634,68050.00000186788,5.219112217646577,4805000.0,
0.8387096774193549,1.1556672709917557,1.9032258064516125,1.672092352253262,68060.00000186847,5.12457507964148,4806000.0,
0.8709677419354839,1.3437080472887193,2.2129032258064516,1.9441616163487077,68070.00000186905,5.151168498859943,4807000.0,
0.8387096774193549,1.1752548518560226,1.9354838709677415,1.7004329005965377,68080.00000186963,5.148955144005346,4808000.0,
0.8172043010752689,1.1243271416089282,1.8516129032258068,1.6267474749040205,68090.00000187021,5.222660844466309,4809000.0,
0.8064516129032258,1.214430013584557,1.9999999999999998,1.7571139972830887,68100.0000018708,5.40455721697567,4810000.0,
0.7311827956989247,1.0381417858061535,1.7096774193548383,1.502049062193608,68110.00000187138,5.72039685426156,4811000.0,
0.7849462365591398,1.1086570769175146,1.8258064516129031,1.6040750362294003,68120.00000187196,5.4189713447006165,4812000.0,
0.8172043010752689,1.2418526267945305,2.0451612903225804,1.7967907649636745,68130.00000187254,5.368580188180392,4813000.0,
0.8279569892473119,1.371130660498693,2.2580645161290325,1.9838383840292937,68140.00000187312,5.455518849820769,4814000.0,
0.8064516129032258,1.1791723680288761,1.9419354838709675,1.7061010102651926,68150.0000018737,5.363504403153448,4815000.0,
0.8494623655913979,1.1909249165474358,1.9612903225806448,1.7231053392711577,68160.00000187429,5.1062761677055315,4816000.0,
0.7849462365591398,1.0890694960532477,1.793548387096774,1.575734487886125,68170.00000187487,5.396757029353148,4817000.0,
0.8172043010752689,1.2731927561773577,2.096774193548387,1.8421356423129158,68180.00000187545,5.409562188609532,4818000.0,
0.8494623655913979,1.2966978532144784,2.1354838709677417,1.8761443003248464,68190.00000187603,5.232312662769354,4819000.0,
0.9139784946236559,1.2927803370416249,2.1290322580645165,1.870476190656191,68200.00000187661,4.859157310055363,4820000.0,
0.8494623655913979,1.2536051753130906,2.0645161290322585,1.8137950939696401,68210.0000018772,5.182595965999424,4821000.0,
0.8387096774193549,1.1243271416089282,1.851612903225806,1.626747474904021,68220.00000187778,5.0954131305060235,4822000.0,
0.8279569892473119,1.351543079634426,2.225806451612903,1.955497835686018,68230.00000187836,5.436536446959005,4823000.0,
0.8494623655913979,1.2457701429673842,2.051612903225806,1.8024588746323293,68240.00000187894,5.174891434250769,4824000.0,
0.8387096774193549,1.2105124974117032,1.9935483870967738,1.7514458876144336,68250.00000187953,5.199711054732497,4825000.0,
0.8172043010752689,1.2888628208687716,2.1225806451612903,1.8648080809875363,68260.00000188011,5.432947925666374,4826000.0,
0.7956989247311828,1.1713373356831693,1.9290322580645158,1.6947647909278827,68270.00000188069,5.432623949032241,4827000.0,
0.8064516129032258,1.2653577238316511,2.083870967741935,1.8307994229756055,68280.00000188127,5.477307577682626,4828000.0,
0.8172043010752689,1.1204096254360747,1.845161290322581,1.6210793652353657,68290.00000188185,5.228393357571194,4829000.0,
0.8064516129032258,1.3202029502515986,2.1741935483870964,1.910152958336777,68300.00000188244,5.546382325110091,4830000.0,
0.8279569892473119,1.2966978532144784,2.1354838709677417,1.8761443003248464,68310.00000188302,5.374450654010479,4831000.0,
0.8387096774193549,1.281027788523065,2.1096774193548384,1.8534718616502264,68320.0000018836,5.287376722339843,4832000.0,
0.8602150537634409,1.20659498123885,1.987096774193548,1.7457777779457784,68330.00000188418,5.0691641658134765,4833000.0,
0.8172043010752689,1.1360796901274888,1.8709677419354838,1.6437518039099863,68340.00000188476,5.250200147259523,4834000.0,
0.7956989247311828,1.4377284354372013,2.3677419354838714,2.080196248396431,68350.00000188535,5.771737087912559,4835000.0,
0.8064516129032258,1.2575226914859439,2.0709677419354837,1.8194632036382952,68360.00000188593,5.471858804240864,4836000.0,
0.8064516129032258,1.2340175944488239,2.0322580645161286,1.7854545456263646,68370.00000188651,5.4432458172482,4837000.0,
0.8279569892473119,1.2301000782759706,2.025806451612903,1.7797864359577091,68380.00000188709,5.297650744020025,4838000.0,
0.8494623655913979,1.120409625436075,1.8451612903225807,1.621079365235366,68390.00000188767,5.034910065511822,4839000.0,
0.7741935483870968,1.1987599488931435,1.9741935483870965,1.7344415586084683,68400.00000188826,5.62617326745755,4840000.0,
0.8279569892473119,1.3437080472887193,2.2129032258064516,1.944161616348708,68410.00000188884,5.436424005295254,4841000.0,
0.8279569892473119,1.2340175944488239,2.032258064516129,1.7854545456263646,68420.00000188942,5.30446021160554,4842000.0,
0.7849462365591398,1.1086570769175144,1.8258064516129031,1.6040750362294,68430.00000189,5.4359576460714685,4843000.0,
0.8494623655913979,1.351543079634426,2.225806451612903,1.955497835686018,68440.00000189058,5.309535524251801,4844000.0,
0.8387096774193549,1.3006153693873317,2.1419354838709674,1.8818124099935019,68450.00000189117,5.317397812345062,4845000.0,
0.8602150537634409,1.4063883060543736,2.3161290322580648,2.03485137104719,68460.00000189175,5.307923905911901,4846000.0,
0.8709677419354839,1.1752548518560226,1.935483870967742,1.7004329005965375,68470.00000189233,4.977512360895157,4847000.0,
0.8279569892473119,1.2222650459302633,2.012903225806451,1.7684502166203988,68480.00000189291,5.293382458200188,4848000.0,
0.7956989247311828,1.2026774650659966,1.9806451612903224,1.7401096682771235,68490.0000018935,5.483902760284324,4849000.0,
0.7849462365591398,1.1595847871646088,1.9096774193548387,1.6777604619219169,68500.00000189408,5.504673770085113,4850000.0,
0.8817204301075269,1.3280379825973057,2.1870967741935483,1.9214891776740874,68510.00000189466,5.092040638920199,4851000.0,
0.7849462365591398,1.237935110621677,2.0387096774193543,1.7911226552950197,68520.00000189524,5.605585825996236,4852000.0,
0.8172043010752689,1.343708047288719,2.2129032258064516,1.9441616163487077,68530.00000189582,5.514271689575821,4853000.0,
0.8279569892473119,1.167419819510316,1.9225806451612901,1.689096681259227,68540.0000018964,5.230257704212641,4854000.0,
0.8387096774193549,1.1909249165474363,1.9612903225806446,1.7231053392711577,68550.00000189699,5.191741246779844,4855000.0,
0.8817204301075269,1.422058370745787,2.341935483870967,2.0575238097218107,68560.00000189757,5.201112542552156,4856000.0,
0.7096774193548387,1.1439147224731951,1.883870967741935,1.6550880232472966,68570.00000189815,6.070664684847395,4857000.0,
0.8172043010752689,1.3202029502515988,2.1741935483870964,1.9101529583367771,68580.00000189873,5.488140452412131,4858000.0,
0.8279569892473119,1.1909249165474363,1.9612903225806453,1.7231053392711577,68590.00000189932,5.261244379855028,4859000.0,
0.7741935483870968,0.896409313335516,1.9806451612903224,1.801363298623219,68600.0000018999,5.642344503625911,4860000.0,
0.8172043010752689,0.8467710125970668,1.8709677419354838,1.70161353941607,68610.00000190048,4.910388212913913,4861000.0,
0.9139784946236559,1.3256346197209254,2.9290322580645163,2.6639053341203307,68620.00000190106,4.914868466399748,4862000.0,
0.7956989247311828,0.9664869143780317,2.135483870967742,1.9421864880921353,68630.00000190164,5.1946362573931335,4863000.0,
0.8817204301075269,1.0716033159418055,2.367741935483871,2.1534212722955095,68640.00000190223,4.8075476633234775,4864000.0,
0.8279569892473119,1.1066421164630633,2.445161290322581,2.2238328670299676,68650.00000190281,5.162565153779278,4865000.0,
0.8064516129032258,0.992766014768975,2.1935483870967736,1.9949951841429787,68660.00000190339,5.159560525112754,4866000.0,
0.8924731182795699,1.2088386179833992,2.670967741935484,2.4292000183388036,68670.00000190397,4.904840861233739,4867000.0,
0.8924731182795699,1.1854794176358936,2.6193548387096777,2.382258955182498,68680.00000190455,4.879149227109454,4868000.0,
0.8817204301075269,1.2584769187218479,2.7806451612903222,2.5289497775459524,68690.00000190514,5.021928700622935,4869000.0,
0.8172043010752689,1.1212416166802541,2.4774193548387093,2.2531710315026583,68700.00000190572,5.250990399489669,4870000.0,
0.8709677419354839,1.097882416332749,2.4258064516129028,2.2062299683463538,68710.0000019063,4.900529194183941,4871000.0,
0.8602150537634409,1.0862028161589963,2.4000000000000004,2.1827594367682006,68720.00000190688,4.948708273909282,4872000.0,
0.8387096774193549,1.1154018165933781,2.464516129032258,2.2414357657135824,68730.00000190747,5.110925242989004,4873000.0,
0.8602150537634409,1.2000789178530844,2.6516129032258062,2.4115971196551893,68740.00000190805,5.082089242128717,4874000.0,
0.9139784946236559,1.15920031724495,2.561290322580645,2.329450259131655,68750.00000190863,4.738887406044038,4875000.0,
0.8387096774193549,1.1300013168105687,2.496774193548387,2.270773930186273,68760.00000190921,5.12987080094036,4876000.0,
0.8387096774193549,1.118321716636816,2.4709677419354836,2.2473033986081203,68770.0000019098,5.116457944322966,4877000.0,
0.8279569892473119,1.0832829161155582,2.3935483870967746,2.176891803873662,68780.00000191038,5.141105340372944,4878000.0,
0.8064516129032258,0.9460476140739644,2.0903225806451613,1.9011130578303683,68790.00000191096,5.108563041584678,4879000.0,
0.8602150537634409,1.0920426162458727,2.4129032258064513,2.194494702557276,68800.00000191154,4.959497041510508,4880000.0,
0.8387096774193549,1.0015257148992895,2.212903225806451,2.0125980828265932,68810.00000191212,4.979252455071931,4881000.0,
0.8279569892473119,0.870130212944572,1.9225806451612901,1.7485546025723757,68820.0000019127,4.885739088491225,4882000.0,
0.8064516129032258,0.8847297131617632,1.9548387096774191,1.7778927670450666,68830.00000191329,5.0346621777870055,4883000.0,
0.8924731182795699,1.2730764189390384,2.8129032258064517,2.558287942018644,68840.00000191387,4.985010927365233,4884000.0,
0.8817204301075269,1.1154018165933781,2.464516129032258,2.241435765713582,68850.00000191445,4.867465475038662,4885000.0,
0.8387096774193549,1.0862028161589963,2.4000000000000004,2.1827594367682006,68860.00000191503,5.08277771683045,4886000.0,
0.8387096774193549,1.0716033159418055,2.3677419354838705,2.15342127229551,68870.00000191561,5.065883440930497,4887000.0,
0.8602150537634409,1.0044456149427274,2.2193548387096773,2.0184657157211316,68880.0000019162,4.861665527495835,4888000.0,
0.8279569892473119,1.0102854150296043,2.232258064516129,2.030200981510208,68890.00000191678,5.058653813087644,4889000.0,
0.8279569892473119,0.8321715123798761,1.8387096774193548,1.6722753749433794,68900.00000191736,4.844048709887354,4890000.0,
0.8924731182795699,1.2146784180702754,2.6838709677419352,2.44093528412788,68910.00000191794,4.922950516753443,4891000.0,
0.8494623655913979,1.1270814167671306,2.490322580645161,2.264906297291735,68920.00000191852,5.069599642649944,4892000.0,
0.8279569892473119,0.9840063146386606,2.1741935483870964,1.9773922854593642,68930.0000019191,5.028992042485717,4893000.0,
0.8602150537634409,1.0482441155943,2.3161290322580648,2.1064802091392045,68940.00000191969,4.915581284503462,4894000.0,
0.8172043010752689,1.2672366188521622,2.8,2.546552676229567,68950.00000192027,5.442800073200796,4895000.0,
0.7741935483870968,0.9518874141608408,2.1032258064516127,1.9128483236194445,68960.00000192085,5.338407354541248,4896000.0,
0.8602150537634409,1.1095620165065014,2.4516129032258065,2.2297004999245056,68970.00000192143,4.988363344313983,4897000.0,
0.9247311827956989,1.1329212168540066,2.5032258064516126,2.2766415630808114,68980.00000192202,4.666063641598128,4898000.0,
0.8172043010752689,0.8788899130748868,1.9419354838709675,1.7661575012559898,68990.0000019226,4.969691604289253,4899000.0,
0.8064516129032258,0.9956859148124132,2.1999999999999997,2.000862817037517,69000.00000192318,5.1813145345010065,4900000.0,
0.8387096774193549,1.0949625162893104,2.419354838709677,2.200362335451815,69010.00000192376,5.100914282370888,4901000.0,
0.8172043010752689,0.9986058148558514,2.2064516129032254,2.0067304499320553,69020.00000192435,5.117765010416051,4902000.0,
0.8494623655913979,1.0044456149427274,2.2193548387096773,2.018465715721131,69030.00000192493,4.930800534173439,4903000.0,
0.8387096774193549,0.922688413726459,2.0387096774193543,1.8541719946740627,69040.00000192551,4.897049006238347,4904000.0,
0.8172043010752689,1.0219650152033566,2.2580645161290316,2.0536715130883607,69050.00000192609,5.147928242420328,4905000.0,
0.8817204301075269,1.0686834158983671,2.361290322580645,2.147553639400972,69060.00000192667,4.824723874251014,4906000.0,
0.8709677419354839,0.9986058148558512,2.2064516129032254,2.006730449932055,69070.00000192726,4.804322725822611,4907000.0,
0.8387096774193549,1.2759963189824766,2.8193548387096774,2.564155574913182,69080.00000192784,5.320352021479614,4908000.0,
0.8817204301075269,1.1270814167671304,2.4903225806451608,2.2649062972917346,69090.00000192842,4.89241916791933,4909000.0,
0.8494623655913979,1.0044456149427277,2.2193548387096773,2.0184657157211316,69100.000001929,4.934344837971114,4910000.0,
0.8602150537634409,1.097882416332749,2.425806451612903,2.2062299683463533,69110.00000192958,4.981785809112404,4911000.0,
0.8817204301075269,1.1270814167671306,2.490322580645161,2.264906297291735,69120.00000193017,4.893882582553562,4912000.0,
0.7849462365591398,0.9343680139002118,2.0645161290322585,1.877642526252215,69130.00000193075,5.252274319216041,4913000.0,
0.8602150537634409,1.0891227162024342,2.4064516129032256,2.1886270696627386,69140.00000193133,4.973102657711,4914000.0,
0.8279569892473119,0.9752466145083458,2.1548387096774193,1.95978938677575,69150.00000193191,5.029840716354962,4915000.0,
0.7956989247311828,1.0482441155943003,2.3161290322580643,2.106480209139204,69160.0000019325,5.326033821085517,4916000.0,
0.7741935483870968,1.132921216854007,2.5032258064516126,2.276641563080811,69170.00000193308,5.583909349687269,4917000.0,
0.8602150537634409,1.0832829161155582,2.3935483870967738,2.176891803873662,69180.00000193366,4.968313890110123,4918000.0,
0.8279569892473119,1.024884915246795,2.2645161290322577,2.0595391459828987,69190.00000193424,5.09187139127295,4919000.0,
0.8709677419354839,1.410305822227227,2.32258064516129,2.0405194807158447,69200.00000193482,4.871087079807127,4920000.0,
0.8279569892473119,1.1713373356831691,1.9290322580645158,1.6947647909278822,69210.0000019354,5.269794444527333,4921000.0,
0.8064516129032258,1.2575226914859443,2.070967741935484,1.8194632036382945,69220.00000193599,5.517725470910201,4922000.0,
0.8709677419354839,1.1830898842017294,1.9483870967741934,1.7117691199338478,69230.00000193657,5.024039002973277,4923000.0,
0.8709677419354839,1.351543079634426,2.2258064516129035,1.9554978356860182,69240.00000193715,5.217942054519488,4924000.0,
0.8602150537634409,1.2418526267945305,2.0451612903225804,1.7967907649636745,69250.00000193773,5.156151178774632,4925000.0,
0.8172043010752689,1.2849453046959183,2.116129032258064,1.8591399713188808,69260.00000193832,5.480785701931605,4926000.0,
0.8387096774193549,1.461233532474321,2.406451612903225,2.114204906408362,69270.0000019389,5.55095536577174,4927000.0,
0.8494623655913979,1.198759948893143,1.974193548387097,1.7344415586084687,69280.00000193948,5.172208547558843,4928000.0,
0.7634408602150538,1.1008220445718082,1.812903225806452,1.59273881689209,69290.00000194006,5.627271128947419,4929000.0,
0.8494623655913979,1.3084504017330385,2.1548387096774193,1.893148629330812,69300.00000194064,5.302350473053968,4930000.0,
0.8064516129032258,1.132162173954635,1.864516129032258,1.6380836942413313,69310.00000194123,5.367078429171657,4931000.0,
0.9032258064516129,1.3554605958072794,2.2322580645161287,1.9611659453546735,69320.00000194181,5.039733755002054,4932000.0,
0.8172043010752689,1.3241204664244526,2.1806451612903226,1.9158210680054324,69330.00000194239,5.532407939310158,4933000.0,
0.9139784946236559,1.4533985001286147,2.3935483870967746,2.1028686870710516,69340.00000194297,5.088539535553663,4934000.0,
0.8602150537634409,1.139997206300342,1.8774193548387097,1.6494199135786418,69350.00000194355,5.042744252450429,4935000.0,
0.7956989247311828,1.0851519798803941,1.7870967741935482,1.5700663782174695,69360.00000194414,5.383228839715967,4936000.0,
0.8924731182795699,1.4416459516100546,2.374193548387097,2.085864358065086,69370.00000194472,5.199432210961954,4937000.0,
0.7741935483870968,1.2222650459302637,2.0129032258064514,1.7684502166203988,69380.0000019453,5.710978462244778,4938000.0,
0.8602150537634409,1.1948424327202898,1.9677419354838706,1.7287734489398132,69390.00000194588,5.108501828163734,4939000.0,
0.8924731182795699,1.3985532737086666,2.303225806451613,2.0235151517098795,69400.00000194646,5.1525934272894,4940000.0,
0.8924731182795699,1.2496876591402373,2.058064516129032,1.8081269843009848,69410.00000194705,4.986274124218777,4941000.0,
0.8172043010752689,1.1478322386460484,1.8903225806451611,1.6607561329159517,69420.00000194763,5.321423660581598,4942000.0,
0.7634408602150538,1.065564399016127,1.754838709677419,1.541725829874194,69430.00000194821,5.588975903079168,4943000.0,
0.7419354838709677,0.9793790432133521,1.6129032258064515,1.417027417163781,69440.00000194879,5.635392043898047,4944000.0,
0.8494623655913979,1.3476255634615726,2.2193548387096773,1.9498297260173632,69450.00000194937,5.356063005215849,4945000.0,
0.7204301075268817,1.073399431361834,1.7677419354838708,1.5530620492115044,69460.00000194996,5.935312643683264,4946000.0,
0.8279569892473119,1.4220583707457874,2.3419354838709676,2.0575238097218103,69470.00000195054,5.586119850512841,4947000.0,
0.8387096774193549,1.1439147224731954,1.8838709677419347,1.6550880232472966,69480.00000195112,5.183382938463333,4948000.0,
0.8817204301075269,1.4494809839557612,2.3870967741935485,2.097200577402396,69490.0000019517,5.277579652658791,4949000.0,
0.8279569892473119,1.1478322386460487,1.890322580645161,1.6607561329159517,69500.00000195228,5.256470106548312,4950000.0,
0.8172043010752689,1.3515430796344259,2.225806451612903,1.955497835686018,69510.00000195287,5.575438242317649,4951000.0,
0.8924731182795699,1.2575226914859443,2.0709677419354837,1.8194632036382952,69520.00000195345,5.0003543411847575,4952000.0,
0.8494623655913979,1.1164921092632216,1.8387096774193548,1.6154112555667106,69530.00000195403,5.088019824957267,4953000.0,
0.8172043010752689,1.2183475297574102,2.0064516129032253,1.762782106951744,69540.00000195461,5.414027898389289,4954000.0,
0.8494623655913979,1.3084504017330387,2.1548387096774193,1.8931486293308117,69550.0000019552,5.315008700902807,4955000.0,
0.8602150537634409,1.21834752975741,2.0064516129032257,1.7627821069517438,69560.00000195578,5.144326503469882,4956000.0,
0.7526881720430108,1.1635023033374625,1.9161290322580642,1.6834285715905724,69570.00000195636,5.806935917436253,4957000.0,
0.8064516129032258,1.112574593090368,1.8322580645161288,1.6097431458980556,69580.00000195694,5.357189828900804,4958000.0,
0.8709677419354839,1.425975886918641,2.3483870967741938,2.0631919193904653,69590.00000195752,5.320685894982617,4959000.0,
0.8709677419354839,1.3280379825973054,2.187096774193548,1.9214891776740874,69600.0000019581,5.208732498663088,4960000.0,
0.7634408602150538,1.2536051753130906,2.0645161290322576,1.8137950939696397,69610.00000195869,5.845423680482824,4961000.0,
0.8494623655913979,1.257522691485944,2.0709677419354837,1.8194632036382952,69620.00000195927,5.258600130612129,4962000.0,
0.8494623655913979,1.2418526267945305,2.0451612903225804,1.7967907649636745,69630.00000195985,5.240659421545051,4963000.0,
0.8924731182795699,1.4142233384000802,2.329032258064516,2.0461875903845,69640.00000196043,5.181717716643102,4964000.0,
0.8387096774193549,1.1321621739546353,1.8645161290322578,1.6380836942413308,69650.00000196102,5.178088233178889,4965000.0,
0.8172043010752689,1.167419819510316,1.9225806451612901,1.6890966812592274,69660.0000019616,5.358024252955713,4966000.0,
0.8817204301075269,1.3828832090172534,2.2774193548387096,2.0008427130352593,69670.00000196218,5.210828517668068,4967000.0,
0.7849462365591398,1.2575226914859439,2.0709677419354837,1.819463203638295,69680.00000196276,5.694101511210578,4968000.0,
0.8279569892473119,1.3045328855601852,2.148387096774193,1.8874805196621562,69690.00000196334,5.455602056717908,4969000.0,
0.8494623655913979,1.2261825621031168,2.019354838709677,1.7741183262890543,69700.00000196393,5.225756687161695,4970000.0,
0.8387096774193549,1.190924916547436,1.9612903225806448,1.723105339271158,69710.00000196451,5.251228426270487,4971000.0,
0.8279569892473119,1.1164921092632214,1.8387096774193545,1.6154112555667106,69720.00000196509,5.23004631391777,4972000.0,
0.8709677419354839,1.2692752400045044,2.0903225806451613,1.8364675326442605,69730.00000196567,5.147683917661851,4973000.0,
0.8602150537634409,1.335873014943012,2.1999999999999997,1.932825397011398,69740.00000196625,5.289949879998669,4974000.0,
0.8387096774193549,1.1830898842017292,1.9483870967741932,1.7117691199338478,69750.00000196684,5.243937938986622,4975000.0,
0.8602150537634409,1.4142233384000804,2.329032258064516,2.0461875903845,69760.00000196742,5.382032131017568,4976000.0,
0.7634408602150538,1.0303067534604464,1.6967741935483869,1.4907128428562981,69770.000001968,5.5619482828453775,4977000.0,
0.7956989247311828,1.2144300135845565,2.0,1.7571139972830887,69780.00000196858,5.568402584777924,4978000.0,
0.7634408602150538,1.187007400374583,1.9548387096774191,1.7174372296025031,69790.00000196917,5.768330820352693,4979000.0,
0.8172043010752689,0.8321715123798762,1.8387096774193548,1.6722753749433794,69800.00000196975,5.303073239101143,4980000.0,
0.8602150537634409,1.1883993176793317,2.6258064516129034,2.3881265880770366,69810.00000197033,5.122011706929844,4981000.0,
0.9032258064516129,1.0540839156811763,2.329032258064516,2.1182154749282813,69820.00000197091,4.7298762401019205,4982000.0,
0.8279569892473119,0.9956859148124133,2.1999999999999997,2.0008628170375173,69830.0000019715,5.089851819321672,4983000.0,
0.8709677419354839,1.1504406171146357,2.5419354838709673,2.3118473604480405,69840.00000197208,5.016676264220713,4984000.0,
0.8817204301075269,0.9986058148558514,2.206451612903226,2.006730449932055,69850.00000197266,4.783782204778209,4985000.0,
0.8817204301075269,1.0891227162024344,2.406451612903226,2.188627069662739,69860.00000197324,4.886929422159118,4986000.0,
0.8709677419354839,1.167960017375265,2.580645161290322,2.347053157815269,69870.00000197382,5.038272612668188,4987000.0,
0.8387096774193549,1.007365514986166,2.2258064516129035,2.0243333486156696,69880.0000019744,5.041087088512043,4988000.0,
0.8494623655913979,1.1329212168540068,2.5032258064516126,2.2766415630808114,69890.00000197499,5.12558826807153,4989000.0,
0.7956989247311828,0.9664869143780315,2.1354838709677417,1.9421864880921356,69900.00000197557,5.263284906045777,4990000.0,
0.8064516129032258,1.135841116897445,2.509677419354839,2.28250919597535,69910.00000197615,5.403640318422604,4991000.0,
0.8709677419354839,1.369433120372498,3.0258064516129037,2.751919827538403,69920.00000197673,5.272062718578735,4992000.0,
0.8387096774193549,1.170879917418703,2.5870967741935487,2.352920790709807,69930.00000197731,5.238610670899705,4993000.0,
0.8817204301075269,1.1270814167671306,2.4903225806451608,2.264906297291735,69940.0000019779,4.93388258255589,4994000.0,
0.8172043010752689,1.0336446153771093,2.2838709677419353,2.0771420446665134,69950.00000197848,5.209588805793597,4995000.0,
0.7956989247311828,0.8993292133789541,1.9870967741935481,1.807230931517757,69960.00000197906,5.182127254790369,4996000.0,
0.8279569892473119,1.0949625162893106,2.419354838709678,2.200362335451815,69970.00000197964,5.217030052274712,4997000.0,
0.8172043010752689,0.9285282138133355,2.051612903225806,1.865907260463139,69980.00000198022,5.082538472301176,4998000.0,
0.8387096774193549,0.9606471142911553,2.1225806451612907,1.9304512223030585,69990.0000019808,4.991025405632423,4999000.0,
0.8279569892473119,0.9723267144649075,2.1483870967741936,1.9539217538812117,70000.00000198139,5.07046992799338,5000000.0,
0.8602150537634409,1.2205182181571517,2.696774193548387,2.4526705499169563,70010.00000198197,5.169349928735892,5001000.0,
0.8709677419354839,1.0657635158549292,2.354838709677419,2.141686006506433,70020.00000198255,4.928343296108234,5002000.0,
0.8602150537634409,1.027804815290233,2.270967741935484,2.065406778877437,70030.00000198314,4.9463205979031555,5003000.0,
0.8924731182795699,1.0978824163327487,2.425806451612903,2.2062299683463533,70040.00000198372,4.8465405389061305,5004000.0,
0.8602150537634409,1.0570038157246147,2.335483870967741,2.1240831078228184,70050.0000019843,4.981264435908183,5005000.0,
0.8172043010752689,1.0540839156811763,2.3290322580645157,2.118215474928281,70060.00000198488,5.240389528534437,5006000.0,
0.8924731182795699,1.0891227162024344,2.406451612903226,2.188627069662738,70070.00000198546,4.8381712363505605,5007000.0,
0.8924731182795699,1.08036301607212,2.3870967741935485,2.1710241709791243,70080.00000198605,4.828838078373249,5008000.0,
0.7956989247311828,0.9285282138133355,2.051612903225806,1.8659072604631393,70090.00000198663,5.225850322904257,5009000.0,
0.8064516129032258,1.115401816593378,2.464516129032258,2.241435765713582,70100.00000198721,5.388428919379484,5010000.0,
0.8709677419354839,0.957727214247717,2.116129032258064,1.9245835894085208,70110.00000198779,4.808746060929842,5011000.0,
0.7956989247311828,1.1212416166802541,2.47741935483871,2.2531710315026587,70120.00000198837,5.469665815696561,5012000.0,
0.8709677419354839,1.1066421164630633,2.4451612903225803,2.2238328670299676,70130.00000198896,4.9807100844611,5013000.0,
0.9139784946236559,1.240957518461219,2.7419354838709675,2.493743980178724,70140.00000198954,4.8937511673785865,5014000.0,
0.8387096774193549,1.1212416166802541,2.4774193548387093,2.2531710315026587,70150.00000199012,5.1907085943788775,5015000.0,
0.8172043010752689,1.0015257148992895,2.2129032258064516,2.0125980828265932,70160.0000019907,5.181338045999015,5016000.0,
0.8387096774193549,1.0102854150296043,2.232258064516129,2.030200981510208,70170.00000199128,5.059440302667264,5017000.0,
0.9139784946236559,1.0891227162024344,2.4064516129032256,2.1886270696627386,70180.00000199187,4.729508383730849,5018000.0,
0.8602150537634409,0.9489675141174025,2.096774193548387,1.9069806907249065,70190.00000199245,4.862672235290207,5019000.0,
0.8817204301075269,1.1416809169843212,2.52258064516129,2.2942444617644253,70200.00000199303,4.963123479144418,5020000.0,
0.8279569892473119,0.9051690134658303,2.0,1.8189661973068334,70210.00000199361,5.000266470943181,5021000.0,
0.7849462365591398,0.9548073142042788,2.1096774193548384,1.9187159565139826,70220.0000019942,5.338039455223329,5022000.0,
0.8387096774193549,1.0570038157246147,2.335483870967742,2.1240831078228193,70230.00000199478,5.118219934265341,5023000.0,
0.8494623655913979,1.0044456149427277,2.219354838709677,2.0184657157211316,70240.00000199536,4.992066356961816,5024000.0,
0.9032258064516129,1.3081152194602963,2.8903225806451616,2.628699536753101,70250.00000199594,5.0316013740490435,5025000.0,
0.7956989247311828,0.9402078139870882,2.0774193548387094,1.889377792041292,70260.00000199652,5.249717928528563,5026000.0,
0.8279569892473119,1.0219650152033566,2.258064516129032,2.0536715130883607,70270.0000019971,5.144448654860115,5027000.0,
0.8172043010752689,1.0336446153771093,2.2838709677419358,2.0771420446665134,70280.00000199769,5.22695722684724,5028000.0,
0.8817204301075269,1.1767197175055792,2.6,2.364656056498884,70290.00000199827,5.007252850467564,5029000.0,
0.7634408602150538,0.9723267144649079,2.148387096774193,1.9539217538812117,70300.00000199885,5.515861752895214,5030000.0,
0.8602150537634409,0.9810864145952223,2.1677419354838707,1.9715246525648262,70310.00000199943,4.906010457096022,5031000.0,
0.8279569892473119,1.0307247153336712,2.2774193548387096,2.0712744117719746,70320.00000200002,5.15762595501766,5032000.0,
0.8924731182795699,1.153360517158074,2.548387096774193,2.317714993342578,70330.0000020006,4.922678651879898,5033000.0,
0.8387096774193549,0.9810864145952224,2.1677419354838707,1.9715246525648262,70340.00000200118,5.033344058560112,5034000.0,
0.8172043010752689,1.1300013168105687,2.4967741935483865,2.2707739301862735,70350.00000200176,5.348551611496293,5035000.0,
0.8064516129032258,1.1475207170711978,2.5354838709677425,2.305979727553502,70360.00000200234,5.442123022639454,5036000.0,
0.8494623655913979,1.1854794176358936,2.6193548387096772,2.3822589551824986,70370.00000200293,5.211764377854154,5037000.0,
0.8817204301075269,0.9548073142042789,2.1096774193548384,1.9187159565139829,70380.00000200351,4.759961954040735,5038000.0,
0.8172043010752689,1.0920426162458725,2.412903225806451,2.1944947025572765,70390.00000200409,5.304207412121195,5039000.0,
0.7956989247311828,1.3280379825973057,2.187096774193548,1.9214891776740872,70400.00000200467,5.31966876594354,5040000.0,
0.8494623655913979,1.2966978532144784,2.1354838709677417,1.8761443003248464,70410.00000200525,5.344717726067036,5041000.0,
0.7956989247311828,1.2927803370416249,2.1290322580645156,1.8704761906561915,70420.00000200584,5.701464477773281,5042000.0,
0.7311827956989247,1.0303067534604466,1.6967741935483869,1.4907128428562981,70430.00000200642,5.846151883561405,5043000.0,
0.7956989247311828,1.2692752400045044,2.0903225806451613,1.8364675326442603,70440.000002007,5.6730053693348,5044000.0,
0.8709677419354839,1.3632956281529862,2.2451612903225806,1.9725021646919834,70450.00000200758,5.291188807760325,5045000.0,
0.8602150537634409,1.1360796901274886,1.8709677419354835,1.6437518039099863,70460.00000200816,5.0936901399027175,5046000.0,
0.8602150537634409,1.2144300135845565,1.9999999999999993,1.7571139972830887,70470.00000200875,5.185272390921588,5047000.0,
0.8064516129032258,1.1830898842017294,1.9483870967741934,1.7117691199338478,70480.00000200933,5.492628789881686,5048000.0,
0.8172043010752689,1.296697853214478,2.1354838709677417,1.8761443003248464,70490.00000200991,5.559903952096242,5049000.0,
0.8387096774193549,1.1360796901274888,1.8709677419354835,1.643751803909986,70500.00000201049,5.226348861438804,5050000.0,
0.8064516129032258,1.2614402076587978,2.0774193548387094,1.8251313133069507,70510.00000201107,5.5913831909685445,5051000.0,
0.8494623655913979,1.226182562103117,2.019354838709677,1.7741183262890543,70520.00000201166,5.267275674505884,5052000.0,
0.8602150537634409,1.2731927561773582,2.096774193548387,1.842135642312916,70530.00000201224,5.256584079185894,5053000.0,
0.8387096774193549,1.2653577238316513,2.0838709677419356,1.8307994229756055,70540.00000201282,5.3825393375220925,5054000.0,
0.8494623655913979,1.3672131443258397,2.2516129032258063,1.9781702743606386,70550.0000020134,5.434818005477025,5055000.0,
0.8602150537634409,1.2222650459302633,2.0129032258064514,1.7684502166203995,70560.00000201399,5.198880616023734,5056000.0,
0.7741935483870968,1.257522691485944,2.070967741935484,1.8194632036382952,70570.00000201457,5.822630698869158,5057000.0,
0.7956989247311828,1.343708047288719,2.2129032258064516,1.9441616163487074,70580.00000201515,5.774116870381619,5058000.0,
0.8494623655913979,1.5278313074128296,2.5161290322580645,2.210562770775499,70590.00000201573,5.62592546328841,5059000.0,
0.8279569892473119,1.339790531115866,2.206451612903226,1.9384935066800528,70600.00000201631,5.545458693560637,5060000.0,
0.7741935483870968,1.1752548518560226,1.935483870967742,1.7004329005965375,70610.0000020169,5.718590294902861,5061000.0,
0.8064516129032258,1.3319554987701587,2.193548387096774,1.9271572873427423,70620.00000201748,5.6846888186136395,5062000.0,
0.8279569892473119,1.3358730149430127,2.1999999999999997,1.9328253970113978,70630.00000201806,5.542285589611698,5063000.0,
0.8817204301075269,1.4964911780300019,2.4645161290322584,2.1652178934262576,70640.00000201864,5.386993653258452,5064000.0,
0.8817204301075269,1.3868007251901069,2.2838709677419353,2.0065108227039143,70650.00000201922,5.263076432354697,5065000.0,
0.8279569892473119,1.20659498123885,1.987096774193548,1.7457777779457786,70660.0000020198,5.387703029423644,5066000.0,
0.8404255319148937,1.228641428637142,2.0234042553191487,1.7776759695917206,70670.00000202039,5.293317649396219,5067000.0,
0.8404255319148937,1.2247655881682553,2.0170212765957447,1.772068158962094,70680.00000202097,5.289212218964914,5068000.0,
0.776595744680851,1.0736078098816666,1.7680851063829786,1.5533635444066456,70690.00000202155,5.529848412867002,5069000.0,
0.851063829787234,1.4456884948948068,2.380851063829787,2.091713364850826,70700.00000202213,5.483681481631608,5070000.0,
0.8297872340425532,1.445688494894807,2.380851063829787,2.0917133648508255,70710.00000202272,5.624801519622192,5071000.0,
0.8617021276595744,1.3449166427037487,2.2148936170212763,1.9459102884805273,70720.0000020233,5.300024252155234,5072000.0,
0.8723404255319149,1.2363931095749157,2.0361702127659576,1.7888915908509744,70730.00000202388,5.111472589152023,5073000.0,
0.8191489361702128,1.1860071834793864,1.9531914893617022,1.7159900526658247,70740.00000202446,5.382395782564785,5074000.0,
0.8829787234042553,1.4263092925503729,2.3489361702127662,2.063674311702692,70750.00000202504,5.265938235062211,5075000.0,
0.8085106382978723,1.2247655881682549,2.0170212765957443,1.7720681589620937,70760.00000202563,5.502207438134826,5076000.0,
0.8936170212765957,1.3294132808282009,2.18936170212766,1.9234790459620197,70770.00000202621,5.095769623908143,5077000.0,
0.8617021276595744,1.1705038216038388,1.927659574468085,1.6935588101473174,70780.00000202679,5.100582212854276,5078000.0,
0.8829787234042553,1.3797992069237304,2.272340425531915,1.996380584147169,70790.00000202737,5.215191873027331,5079000.0,
0.8297872340425532,1.2402689500438027,2.0425531914893615,1.794499401480601,70800.00000202795,5.381860016853302,5080000.0,
0.8936170212765957,1.4185576116125989,2.3361702127659574,2.0524586904434376,70810.00000202854,5.19743113692889,5081000.0,
0.8404255319148937,1.2635239928571236,2.0808510638297872,1.8281462652583629,70820.00000202912,5.34241842201284,5082000.0,
0.8085106382978723,1.267399833326011,2.0872340425531912,1.8337540758879898,70830.0000020297,5.558623478198581,5083000.0,
0.7872340425531915,1.0154702028483633,1.6723404255319148,1.4692463849622421,70840.00000203028,5.389378365921562,5084000.0,
0.7978723404255319,1.1511246192594042,1.8957446808510634,1.6655197569991833,70850.00000203087,5.488073522944476,5085000.0,
0.7872340425531915,1.2402689500438027,2.0425531914893615,1.7944994014806013,70860.00000203145,5.676014612359076,5086000.0,
0.8191489361702128,1.0736078098816666,1.7680851063829786,1.5533635444066456,70870.00000203203,5.251934209601728,5087000.0,
0.7978723404255319,1.2441447905126894,2.048936170212766,1.8001072121102282,70880.00000203261,5.606258804248688,5088000.0,
0.8404255319148937,1.197634704886047,1.9723404255319152,1.7328134845547054,70890.0000020332,5.267562813541132,5089000.0,
0.8829787234042553,1.1007386931638747,1.8127659574468082,1.5926182188140339,70900.00000203378,4.904448640576718,5090000.0,
0.8191489361702128,1.4069300902059385,2.3170212765957445,2.0356352585545574,70910.00000203436,5.66092504532239,5091000.0,
0.8191489361702128,1.0387252456616847,1.7106382978723402,1.5028932487400033,70920.00000203494,5.211947702632032,5092000.0,
0.8723404255319149,1.3991784092681643,2.3042553191489366,2.0244196372953036,70930.00000203552,5.307836225386315,5093000.0,
0.8191489361702128,1.3526683236415222,2.2276595744680847,1.957125909739781,70940.0000020361,5.59624184977631,5094000.0,
0.8404255319148937,1.1472487787905172,1.8893617021276592,1.659911946369556,70950.00000203669,5.210647914136502,5095000.0,
0.8404255319148937,1.1356212573838569,1.8702127659574466,1.6430885144806757,70960.00000203727,5.1973189646146825,5096000.0,
0.776595744680851,1.1705038216038386,1.927659574468085,1.6935588101473178,70970.00000203785,5.669961085496447,5097000.0,
0.8085106382978723,1.092987012226101,1.7999999999999998,1.58140259755478,70980.00000203843,5.350797094207047,5098000.0,
0.851063829787234,1.3681716855170698,2.2531914893617015,1.9795571522582882,70990.00000203901,5.407099230613612,5099000.0,
0.8191489361702128,0.9475386268621033,2.093617021276595,1.9041092959041745,71000.0000020396,5.499996277236455,5100000.0,
0.8191489361702128,1.065980955219866,2.3553191489361707,2.1421229578921963,71010.00000204018,5.2498962311838495,5101000.0,
0.8404255319148937,1.0746474670509218,2.3744680851063826,2.159538591696198,71020.00000204076,5.127805847003519,5102000.0,
0.851063829787234,1.1324242125912938,2.5021276595744673,2.2756428170562093,71030.00000204134,5.132095949925941,5103000.0,
0.8617021276595744,0.9937600232944009,2.1957446808510634,1.9969926761921835,71040.00000204192,4.90831163210086,5104000.0,
0.8297872340425532,1.0602032806658288,2.3425531914893614,2.1305125353561953,71050.0000020425,5.177678312731875,5105000.0,
0.8404255319148937,1.1728679344695545,2.5914893617021275,2.356915774808216,71060.00000204309,5.246701086716947,5106000.0,
0.8617021276595744,0.9330944404770102,2.061702127659574,1.875083239564172,71070.00000204367,4.839391079201752,5107000.0,
0.8297872340425532,0.9648716505242148,2.1319148936170214,1.938940563512178,71080.00000204425,5.064329937945917,5108000.0,
0.8617021276595744,1.1959786326857031,2.6425531914893616,2.403357464952221,71090.00000204484,5.145454215839059,5109000.0,
0.8617021276595744,1.1035358398211081,2.4382978723404256,2.2175907043762035,71100.00000204542,5.038668752514743,5110000.0,
0.8723404255319149,1.169979097192536,2.5851063829787226,2.351110563540216,71110.000002046,5.053876038373302,5111000.0,
0.851063829787234,1.0197595587875683,2.2531914893617015,2.049239577604188,71120.00000204658,5.004214981706825,5112000.0,
0.8404255319148937,1.1382018871453312,2.5148936170212766,2.28725323959221,71130.00000204716,5.208997182306052,5113000.0,
0.851063829787234,1.1237577007602382,2.4829787234042553,2.258227183252208,71140.00000204775,5.127412798524771,5114000.0,
0.7872340425531915,1.0053153724024755,2.221276595744681,2.020213521264185,71150.00000204833,5.393235743464247,5115000.0,
0.8617021276595744,1.126646538037257,2.4893617021276593,2.264032394520208,71160.00000204891,5.0684515380990875,5116000.0,
0.8829787234042553,1.094869327990052,2.4191489361702123,2.2001750705722016,71170.00000204949,4.910813455922785,5117000.0,
0.8936170212765957,1.1064246770981265,2.4446808510638296,2.2233959156442045,71180.00000205007,4.865758567354196,5118000.0,
0.8829787234042553,1.1006470025440893,2.4319148936170216,2.211785493108203,71190.00000205066,4.918320701803316,5119000.0,
0.8936170212765957,1.0226483960645867,2.2595744680851064,2.0550447888721886,71200.00000205124,4.772961300483386,5120000.0,
0.7978723404255319,0.9850935114633448,2.1765957446808506,1.979577042388182,71210.00000205182,5.299181201174533,5121000.0,
0.9148936170212766,1.2768660764422244,2.821276595744681,2.5659033804562354,71220.0000020524,4.940758269722175,5122000.0,
0.8617021276595744,1.1237577007602384,2.482978723404255,2.258227183252207,71230.00000205298,5.068555850395095,5123000.0,
0.8723404255319149,1.1555349108074429,2.5531914893617014,2.322084507200213,71240.00000205357,5.043659532029783,5124000.0,
0.8191489361702128,0.9504274641391215,2.0999999999999996,1.9099145071721757,71250.00000205415,5.121298462852239,5125000.0,
0.8085106382978723,0.9562051386931592,2.112765957446808,1.9215249297081767,71260.00000205473,5.1963563558908445,5126000.0,
0.8829787234042553,1.2393111918409825,2.7382978723404254,2.4904356339722287,71270.00000205531,5.079217494501227,5127000.0,
0.8085106382978723,1.0168707215105495,2.2468085106382976,2.043434366336188,71280.0000020559,5.27244273463873,5128000.0,
0.8297872340425532,1.0168707215105497,2.2468085106382976,2.0434343663361876,71290.00000205648,5.137764715801871,5129000.0,
0.7872340425531915,0.9128725795378799,2.0170212765957447,1.8344467606881687,71300.00000205706,5.283916520096179,5130000.0,
0.8404255319148937,1.109313514375145,2.4510638297872336,2.2292011269122045,71310.00000205764,5.18373759951674,5131000.0,
0.7978723404255319,0.9446497895850843,2.0872340425531912,1.8983040846361747,71320.00000205822,5.254358403087455,5132000.0,
0.8191489361702128,1.0573144433888102,2.336170212765958,2.1247073240881953,71330.0000020588,5.255939710248204,5133000.0,
0.7872340425531915,1.065980955219866,2.3553191489361702,2.1421229578921968,71340.00000205939,5.480567700016667,5134000.0,
0.851063829787234,1.219089330901852,2.6936170212765957,2.449799155096225,71350.00000205997,5.249927463941779,5135000.0,
0.8829787234042553,1.2017563072397406,2.65531914893617,2.414967887488222,71360.00000206055,5.041022805916942,5136000.0,
0.8404255319148937,1.1815344463006106,2.6106382978723404,2.3743314086122176,71370.00000206113,5.272709341301649,5137000.0,
0.9148936170212766,1.2364223545639637,2.731914893617021,2.484630422704228,71380.00000206172,4.903994201623113,5138000.0,
0.8936170212765957,1.18153444630061,2.61063829787234,2.3743314086122185,71390.0000020623,4.959809975748033,5139000.0,
0.8297872340425532,1.051536768834773,2.3234042553191485,2.1130969015521943,71400.00000206288,5.185182772833954,5140000.0,
0.8404255319148937,1.0255372333416055,2.2659574468085104,2.060850000140189,71410.00000206346,5.0891177208189,5141000.0,
0.8617021276595744,1.0630921179428476,2.348936170212766,2.1363177466241963,71420.00000206404,5.007536532064347,5142000.0,
0.8191489361702128,1.071758629773903,2.368085106382979,2.153733380428198,71430.00000206463,5.278767678043295,5143000.0,
0.8723404255319149,0.9504274641391218,2.1,1.9099145071721753,71440.00000206521,4.8182924590203235,5144000.0,
0.8936170212765957,1.2970879373813546,2.8659574468085105,2.6065398593322393,71450.00000206579,5.091976977671891,5145000.0,
0.851063829787234,1.2219781681788708,2.6999999999999997,2.4556043663642257,71460.00000206637,5.258821847742595,5146000.0,
0.8404255319148937,0.9735381623552706,2.1510638297872338,1.9563561973161798,71470.00000206695,5.030283383189766,5147000.0,
0.8404255319148937,0.9937600232944008,2.1957446808510643,1.9969926761921832,71480.00000206754,5.054851167092052,5148000.0,
0.8404255319148937,1.031314907895643,2.2787234042553193,2.07246042267619,71490.00000206812,5.100043055098624,5149000.0,
0.7446808510638298,0.8984283931527867,1.9851063829787234,1.805420704348166,71500.0000020687,5.577886699528072,5150000.0,
0.8829787234042553,1.1122023516521635,2.4574468085106385,2.2350063381802054,71510.00000206928,4.946829169468781,5151000.0,
0.851063829787234,1.184423283577629,2.617021276595745,2.3801366198802185,71520.00000206986,5.21769485833631,5152000.0,
0.8936170212765957,1.2681995646111686,2.802127659574467,2.548487746652234,71530.00000207045,5.063459036714999,5153000.0,
0.8404255319148937,1.146868398976387,2.5340425531914894,2.3046688733962113,71540.00000207103,5.240068728030289,5154000.0,
0.8404255319148937,1.0082042096794939,2.2276595744680847,2.0260187325321866,71550.00000207161,5.075582224309964,5155000.0,
0.7872340425531915,1.0110930469565127,2.2340425531914887,2.0318239438001866,71560.0000020722,5.422737113844991,5156000.0,
0.8723404255319149,1.103535839821108,2.4382978723404256,2.2175907043762035,71570.00000207277,5.000148401875653,5157000.0,
0.7978723404255319,1.089091653436015,2.406382978723404,2.1885646480362007,71580.00000207336,5.449258872448095,5158000.0,
0.8085106382978723,0.985093511463345,2.1765957446808506,1.979577042388182,71590.00000207394,5.2494551327391905,5159000.0,
0.8191489361702128,1.3487924831726352,2.221276595744681,1.9515180991101537,71600.00000207452,5.206486298915053,5160000.0,
0.7659574468085106,1.1162420550394223,1.8382978723404253,1.6150494613325412,71610.0000020751,5.713424349782422,5161000.0,
0.8829787234042553,1.4689435377081288,2.4191489361702123,2.125360228628587,71620.00000207569,5.356150512713194,5162000.0,
0.9361702127659575,1.4611918567703546,2.4063829787234043,2.1141446073693335,71630.00000207627,5.043998119852803,5163000.0,
0.7978723404255319,1.356544164110409,2.2340425531914896,1.9627337203694075,71640.00000207685,5.78766601916019,5164000.0,
0.7553191489361702,1.0968628526949882,1.806382978723404,1.5870104081844063,71650.00000207743,5.7704916642812245,5165000.0,
0.7872340425531915,1.224765588168255,2.0170212765957447,1.7720681589620937,71660.00000207801,5.699564395925086,5166000.0,
0.851063829787234,1.2906548761393317,2.125531914893617,1.867400939665751,71670.0000020786,5.35001697959675,5167000.0,
0.851063829787234,1.5890945922436224,2.617021276595745,2.2992023581470202,71680.00000207918,5.701183646019319,5168000.0,
0.8404255319148937,1.2053863858238207,1.985106382978723,1.7440291058139594,71690.00000207976,5.31729266174793,5169000.0,
0.8617021276595744,1.2325172691060289,2.029787234042553,1.7832837802213473,71700.00000208034,5.217980534649585,5170000.0,
0.7446808510638298,0.9650842767528339,1.5893617021276596,1.396344846777093,71710.00000208092,5.679396028934548,5171000.0,
0.8297872340425532,1.2441447905126892,2.048936170212766,1.8001072121102284,71720.0000020815,5.433710388703168,5172000.0,
0.8617021276595744,1.2247655881682549,2.0170212765957447,1.772068158962094,71730.00000208209,5.2104662382527485,5173000.0,
0.8617021276595744,1.2557723119193502,2.0680851063829784,1.8169306439991089,71740.00000208267,5.246943176926887,5174000.0,
0.8404255319148937,1.1743796620727256,1.934042553191489,1.6991666207769447,71750.00000208325,5.283436560069589,5175000.0,
0.9042553191489362,1.3720475259859566,2.2595744680851064,1.9851649628879156,71760.00000208383,5.129556087686395,5176000.0,
0.851063829787234,1.2441447905126894,2.048936170212766,1.8001072121102282,71770.00000208442,5.300367628985734,5177000.0,
0.8404255319148937,1.2170139072304813,2.004255319148936,1.7608525377028401,71780.000002085,5.335684902409285,5178000.0,
0.851063829787234,1.2015105453549337,1.9787234042553192,1.7384212951843325,71790.00000208558,5.251272390925431,5179000.0,
0.8191489361702128,1.1433729383216304,1.8829787234042554,1.654304135739929,71800.00000208616,5.38541371705073,5180000.0,
0.8191489361702128,1.4108059306748253,2.323404255319149,2.041243069184184,71810.00000208674,5.71240983758583,5181000.0,
0.8085106382978723,1.2441447905126894,2.048936170212766,1.8001072121102282,71820.00000208733,5.581965925248295,5182000.0,
0.7659574468085106,1.1162420550394223,1.8382978723404257,1.6150494613325412,71830.00000208791,5.725646572005356,5183000.0,
0.851063829787234,1.228641428637142,2.0234042553191487,1.7776759695917206,71840.00000208849,5.28565117878217,5184000.0,
0.7978723404255319,1.1550004597282912,1.9021276595744676,1.6711275676288098,71850.00000208907,5.546264576335253,5185000.0,
0.8297872340425532,1.2829031952015582,2.112765957446808,1.856185318406497,71860.00000208966,5.487598722559403,5186000.0,
0.8617021276595744,1.228641428637142,2.023404255319149,1.7776759695917208,71870.00000209024,5.221877707439267,5187000.0,
0.8191489361702128,1.2480206309815762,2.0553191489361704,1.8057150227398544,71880.00000209082,5.517321289908569,5188000.0,
0.8404255319148937,1.2441447905126894,2.0489361702127655,1.8001072121102282,71890.0000020914,5.373536839479579,5189000.0,
0.7978723404255319,1.1511246192594045,1.8957446808510636,1.6655197569991833,71900.00000209198,5.544073522947737,5190000.0,
0.7872340425531915,1.2286414286371423,2.0234042553191487,1.7776759695917204,71910.00000209257,5.718001274359324,5191000.0,
0.8829787234042553,1.4301851330192599,2.35531914893617,2.0692821223323183,71920.00000209315,5.326713283307367,5192000.0,
0.8297872340425532,1.2402689500438027,2.042553191489361,1.7944994014806013,71930.00000209373,5.439808734805393,5193000.0,
0.8829787234042553,1.3177857594215403,2.1702127659574466,1.9066556140731392,71940.00000209431,5.200381462606391,5194000.0,
0.8829787234042553,1.5348328256792054,2.5276595744680845,2.220693009332244,71950.0000020949,5.446675730416303,5195000.0,
0.8085106382978723,1.2247655881682549,2.0170212765957443,1.7720681589620937,71960.00000209548,5.565365332875344,5196000.0,
0.7553191489361702,1.0736078098816666,1.768085106382979,1.5533635444066456,71970.00000209606,5.7577314667547785,5197000.0,
0.7553191489361702,1.0968628526949877,1.8063829787234047,1.5870104081844068,71980.00000209664,5.78908321357808,5198000.0,
0.8404255319148937,1.2673998333260108,2.0872340425531912,1.8337540758879896,71990.00000209722,5.40627068789066,5199000.0,
0.8191489361702128,1.3875508878615044,2.2851063829787237,2.007596205406423,72000.0000020978,5.6938906944117,5200000.0,
0.8191489361702128,1.2325172691060287,2.029787234042553,1.7832837802213477,72010.00000209839,5.505148354632318,5201000.0,
0.7872340425531915,1.2518964714504635,2.0617021276595744,1.811322833369482,72020.00000209897,5.75348740982524,5202000.0,
0.8723404255319149,1.2557723119193505,2.0680851063829784,1.8169306439991089,72030.00000209955,5.197102406477384,5203000.0,
0.8723404255319149,1.19375886441716,1.9659574468085104,1.7272056739250787,72040.00000210013,5.126501625194413,5204000.0,
0.851063829787234,1.0891111717572142,1.7936170212765956,1.5757947869251532,72050.00000210071,5.132203126948867,5205000.0,
0.7978723404255319,1.061980288475006,1.7489361702127657,1.5365401125177647,72060.0000021013,5.440879295031788,5206000.0,
0.9042553191489362,1.2363931095749159,2.036170212765957,1.7888915908509744,72070.00000210188,4.994126497773857,5207000.0,
0.8085106382978723,1.2518964714504632,2.0617021276595744,1.811322833369482,72080.00000210246,5.605237741145811,5208000.0,
0.8404255319148937,1.3449166427037484,2.2148936170212763,1.9459102884805275,72090.00000210304,5.503569169935352,5209000.0,
0.7978723404255319,1.3332891212970877,2.1957446808510634,1.9290868565916461,72100.00000210362,5.783053032168921,5210000.0,
0.8404255319148937,1.1511246192594045,1.8957446808510634,1.6655197569991826,72110.0000021042,5.27399385090037,5211000.0,
0.8404255319148937,1.2131380667615943,1.997872340425532,1.7552447270732137,72120.00000210479,5.348288332738448,5212000.0,
0.851063829787234,1.3487924831726352,2.221276595744681,1.9515180991101542,72130.00000210537,5.441328667862219,5213000.0,
0.8297872340425532,1.2441447905126897,2.048936170212766,1.8001072121102284,72140.00000210595,5.455248850242883,5214000.0,
0.7978723404255319,1.2751515142637844,2.0999999999999996,1.8449696971472433,72150.00000210654,5.7128538980206685,5215000.0,
0.8723404255319149,1.4185576116125995,2.336170212765958,2.052458690443437,72160.00000210712,5.390051408565136,5216000.0,
0.7872340425531915,1.3487924831726352,2.2212765957446807,1.9515180991101535,72170.0000021077,5.884679640932254,5217000.0,
0.776595744680851,1.127869576446083,1.857446808510638,1.631872893221422,72180.00000210828,5.681363564338264,5218000.0,
0.8723404255319149,1.4108059306748257,2.3234042553191485,2.0412430691841843,72190.00000210886,5.382628749929237,5219000.0,
0.851063829787234,1.0197595587875685,2.253191489361702,2.0492395776041885,72200.00000210945,5.467599230617134,5220000.0,
0.8191489361702128,0.9793158369093079,2.163829787234043,1.9679666198521808,72210.00000211003,5.206434917925239,5221000.0,
0.8404255319148937,1.1150911889291824,2.4638297872340424,2.2408115494482055,72220.00000211061,5.236688250254606,5222000.0,
0.8617021276595744,1.1699790971925361,2.585106382978723,2.351110563540215,72230.00000211119,5.171578211689772,5223000.0,
0.8191489361702128,1.065980955219866,2.3553191489361702,2.1421229578921963,72240.00000211177,5.313792335083674,5224000.0,
0.8617021276595744,0.9070949049838427,2.0042553191489363,1.8228363381521677,72250.00000211236,4.867490383694555,5225000.0,
0.8404255319148937,1.0053153724024755,2.2212765957446807,2.0202135212641856,72260.00000211294,5.108094240716617,5226000.0,
0.8404255319148937,1.0486479315577546,2.3170212765957445,2.1072916902841934,72270.00000211352,5.160160830091282,5227000.0,
0.8723404255319149,1.1150911889291824,2.463829787234042,2.240811549448206,72280.0000021141,5.048028924025949,5228000.0,
0.925531914893617,1.236422354563964,2.7319148936170214,2.4846304227042286,72290.00000211468,4.889465532641375,5229000.0,
0.7553191489361702,1.0053153724024753,2.2212765957446803,2.0202135212641856,72300.00000211527,5.6859076762904515,5230000.0,
0.8617021276595744,1.1122023516521637,2.4574468085106376,2.235006338180206,72310.00000211585,5.108479272420928,5231000.0,
0.8297872340425532,1.0255372333416055,2.2659574468085104,2.060850000140189,72320.00000211643,5.20102948647314,5232000.0,
0.8191489361702128,0.9995376978484383,2.208510638297872,2.008603098728184,72330.00000211701,5.237355111799345,5233000.0,
0.851063829787234,1.0457590942807355,2.31063829787234,2.1014864790161933,72340.0000021176,5.095764435914847,5234000.0,
0.8191489361702128,0.9562051386931589,2.112765957446808,1.9215249297081767,72350.00000211818,5.185494585038416,5235000.0,
0.8723404255319149,1.1006470025440893,2.4319148936170207,2.211785493108203,72360.00000211876,5.035373393292046,5236000.0,
0.851063829787234,1.0399814197266983,2.297872340425532,2.089876056480192,72370.00000211934,5.090475668313941,5237000.0,
0.8829787234042553,1.094869327990052,2.4191489361702128,2.200175070572202,72380.00000211992,4.969126708938228,5238000.0,
0.8297872340425532,0.9850935114633451,2.176595744680851,1.979577042388182,72390.0000021205,5.155879360107241,5239000.0,
0.7978723404255319,1.028426070618624,2.2723404255319153,2.06665521140819,72400.00000212109,5.416958008652844,5240000.0,
0.8723404255319149,1.2364223545639639,2.7319148936170214,2.484630422704228,72410.00000212167,5.193457333412532,5241000.0,
0.8297872340425532,1.097758165267071,2.425531914893617,2.2059802818402026,72420.00000212225,5.293193173665666,5242000.0,
0.8829787234042553,1.0486479315577544,2.317021276595744,2.1072916902841934,72430.00000212283,4.919189223822272,5243000.0,
0.7872340425531915,0.9966488605714194,2.202127659574468,2.0027978874601837,72440.00000212342,5.451956660872099,5244000.0,
0.8723404255319149,1.0399814197266986,2.2978723404255317,2.089876056480192,72450.000002124,4.970220164208951,5245000.0,
0.8936170212765957,1.1035358398211081,2.4382978723404256,2.2175907043762035,72460.00000212458,4.923478201833462,5246000.0,
0.8297872340425532,1.0833139788819777,2.3936170212765955,2.1769542255001997,72470.00000212516,5.278350179817115,5247000.0,
0.8191489361702128,1.0110930469565127,2.234042553191489,2.0318239438001866,72480.00000212574,5.259253849671993,5248000.0,
0.851063829787234,1.065980955219866,2.35531914893617,2.1421229578921968,72490.00000212633,5.127025122518764,5249000.0,
0.8723404255319149,1.1410907244223498,2.52127659574468,2.2930584508602108,72500.00000212691,5.088564976908986,5250000.0,
0.8404255319148937,1.2104228190707964,2.674468085106383,2.4323835212922233,72510.00000212749,5.364804367132825,5251000.0,
0.8936170212765957,1.080425141604959,2.387234042553191,2.1711490142321996,72520.00000212807,4.900473372877461,5252000.0,
0.8829787234042553,1.0977581652670707,2.4255319148936167,2.2059802818402026,72530.00000212865,4.979627319830693,5253000.0,
0.8191489361702128,1.273977239165206,2.8148936170212764,2.5600981691882354,72540.00000212924,5.583294292108762,5254000.0,
0.8085106382978723,1.086202816158996,2.4000000000000004,2.1827594367682,72550.00000212982,5.425037693813069,5255000.0,
0.8404255319148937,1.051536768834773,2.323404255319149,2.113096901552194,72560.0000021304,5.178281725079981,5256000.0,
0.8085106382978723,0.9677604878012332,2.1382978723404253,1.944745774780179,72570.00000213098,5.279595866633791,5257000.0,
0.7978723404255319,1.2884214255502988,2.8468085106382977,2.589124225528238,72580.00000213156,5.752418853501102,5258000.0,
0.8936170212765957,1.0428702570037172,2.304255319148936,2.0956812677481924,72590.00000213215,4.861781002014361,5259000.0,
0.8404255319148937,1.1208688634832193,2.4765957446808513,2.2524219719842065,72600.00000213273,5.262803457952935,5260000.0,
0.8723404255319149,1.123757700760238,2.4829787234042553,2.258227183252207,72610.00000213331,5.074061266857608,5261000.0,
0.8936170212765957,1.0659809552198662,2.35531914893617,2.142122957892197,72620.0000021339,4.889071545256326,5262000.0,
0.7446808510638298,1.1266465380372568,2.4893617021276593,2.264032394520208,72630.00000213447,5.948922494090977,5263000.0,
0.8404255319148937,1.2884214255502986,2.8468085106382977,2.5891242255282374,72640.00000213506,5.464195114083501,5264000.0,
0.8191489361702128,0.9822046741863264,2.1702127659574466,1.9737718311201813,72650.00000213564,5.232818693303709,5265000.0,
0.9042553191489362,1.233533517286945,2.725531914893617,2.4788252114362277,72660.00000213622,5.018728831009954,5266000.0,
0.8829787234042553,1.1815344463006103,2.61063829787234,2.374331408612218,72670.0000021368,5.081253469435336,5267000.0,
0.851063829787234,1.1930897954086848,2.6361702127659576,2.39755225368422,72680.00000213739,5.285878009741178,5268000.0,
0.8829787234042553,1.2017563072397406,2.65531914893617,2.414967887488222,72690.00000213797,5.10511919146284,5269000.0,
0.851063829787234,1.0139818842335313,2.2404255319148936,2.037629155068187,72700.00000213855,5.07642621411043,5270000.0,
0.9042553191489362,1.2624218900571313,2.7893617021276595,2.5368773241162326,72710.00000213913,5.053028913838296,5271000.0,
0.8617021276595744,1.0862028161589963,2.3999999999999995,2.1827594367682006,72720.00000213971,5.098553885553491,5272000.0,
0.8404255319148937,1.0313149078956425,2.278723404255319,2.07246042267619,72730.0000021403,5.162827865228859,5273000.0,
0.851063829787234,1.1035358398211077,2.4382978723404256,2.2175907043762035,72740.00000214088,5.18365211192595,5274000.0,
0.7659574468085106,1.045759094280736,2.31063829787234,2.101486479016193,72750.00000214146,5.684738262128935,5275000.0,
0.8297872340425532,1.045759094280736,2.31063829787234,2.101486479016193,72760.00000214204,5.247963524016483,5276000.0,
0.8723404255319149,1.0110930469565123,2.234042553191489,2.0318239438001866,72770.00000214262,4.952713980790377,5277000.0,
0.8723404255319149,1.2768660764422244,2.82127659574468,2.565903380456236,72780.0000021432,5.257868429225247,5278000.0,
0.8404255319148937,1.1324242125912942,2.5021276595744677,2.275642817056209,72790.00000214379,5.286173113854242,5279000.0,
0.8085106382978723,1.4379368139570332,2.368085106382979,2.0804977435915717,72800.00000214437,5.4203304106533245,5280000.0,
0.7127659574468085,1.0464769265994585,1.7234042553191489,1.514108869999257,72810.00000214495,6.113561658376974,5281000.0,
0.8617021276595744,1.387550887861504,2.2851063829787233,2.0075962054064225,72820.00000214553,5.453204734196195,5282000.0,
0.851063829787234,1.4185576116125993,2.336170212765957,2.052458690443438,72830.00000214612,5.558302693781213,5283000.0,
0.851063829787234,1.2518964714504632,2.061702127659574,1.811322833369482,72840.0000021467,5.362975854090733,5284000.0,
0.8723404255319149,1.3875508878615037,2.2851063829787233,2.007596205406423,72850.00000214728,5.388165652071937,5285000.0,
0.851063829787234,1.3720475259859566,2.2595744680851064,1.9851649628879156,72860.00000214786,5.5051533431699955,5286000.0,
0.8297872340425532,1.2596481523882368,2.074468085106383,1.8225384546287358,72870.00000214844,5.511368286351491,5287000.0,
0.8085106382978723,1.321661599890427,2.176595744680851,1.912263424702766,72880.00000214903,5.733631452639797,5288000.0,
0.851063829787234,1.2092622262927075,1.991489361702127,1.7496369164435863,72890.00000214961,5.315380616030516,5289000.0,
0.8829787234042553,1.3100340784837665,2.1574468085106377,1.8954399928138854,72900.00000215019,5.237867510703652,5290000.0,
0.8404255319148937,1.2480206309815762,2.0553191489361704,1.8057150227398548,72910.00000215077,5.429794168648096,5291000.0,
0.851063829787234,1.1821313430104994,1.9468085106382975,1.7103822420361978,72920.00000215136,5.285001828174009,5292000.0,
0.8297872340425532,1.2751515142637846,2.1,1.8449696971472431,72930.00000215194,5.533128748099125,5293000.0,
0.8404255319148937,1.2712756737948976,2.0936170212765957,1.8393618865176162,72940.00000215252,5.458983713261503,5294000.0,
0.7978723404255319,1.1394970978527437,1.8765957446808506,1.648696325110302,72950.0000021531,5.585500362787982,5295000.0,
0.8829787234042553,1.2829031952015582,2.112765957446808,1.8561853184064971,72960.00000215368,5.2100325344565,5296000.0,
0.9042553191489362,1.5193294638036579,2.502127659574468,2.1982617668137365,72970.00000215427,5.349373760099873,5297000.0,
0.7872340425531915,1.3410408022348617,2.2085106382978723,1.9403024778508997,72980.00000215485,5.918616694878713,5298000.0,
0.9148936170212766,1.4379368139570339,2.368085106382979,2.0804977435915717,72990.00000215543,5.199137913057107,5299000.0,
0.851063829787234,1.364295845048183,2.2468085106382976,1.9739493416286613,73000.00000215601,5.503045118068519,5300000.0,
0.8404255319148937,1.127869576446083,1.8574468085106381,1.631872893221422,73010.0000021566,5.29189291388464,5301000.0,
0.851063829787234,1.3100340784837665,2.1574468085106377,1.8954399928138852,73020.00000215718,5.440287542355388,5302000.0,
0.8191489361702128,1.4728193781770156,2.4255319148936167,2.1309680392582138,73030.00000215776,5.851491189085699,5303000.0,
0.8723404255319149,1.329413280828201,2.189361702127659,1.9234790459620197,73040.00000215834,5.330788395229423,5304000.0,
0.8829787234042553,1.2712756737948976,2.093617021276595,1.8393618865176165,73050.00000215892,5.201201365634752,5305000.0,
0.7872340425531915,1.356544164110409,2.2340425531914887,1.9627337203694075,73060.0000021595,5.942634478883038,5306000.0,
0.8617021276595744,1.4999502614592237,2.470212765957447,2.1702227136656025,73070.00000216009,5.595989192446119,5307000.0,
0.851063829787234,1.4263092925503729,2.3489361702127662,2.0636743117026914,73080.00000216067,5.579910918883826,5308000.0,
0.8297872340425532,1.2984065570771057,2.1382978723404253,1.878616560925004,73090.00000216125,5.569359184310528,5309000.0,
0.776595744680851,1.1433729383216304,1.8829787234042556,1.6543041357399295,73100.00000216183,5.751737756345327,5310000.0,
0.8191489361702128,1.1860071834793864,1.9531914893617022,1.715990052665825,73110.00000216241,5.505512665688835,5311000.0,
0.776595744680851,1.2015105453549337,1.9787234042553195,1.7384212951843325,73120.000002163,5.827695770881426,5312000.0,
0.8723404255319149,1.3332891212970879,2.1957446808510634,1.9290868565916461,73130.00000216358,5.339621675767181,5313000.0,
0.776595744680851,1.1550004597282912,1.9021276595744678,1.6711275676288102,73140.00000216416,5.768901961992388,5314000.0,
0.8297872340425532,1.2286414286371419,2.0234042553191487,1.7776759695917206,73150.00000216474,5.488360183370239,5315000.0,
0.851063829787234,1.2363931095749157,2.036170212765957,1.7888915908509744,73160.00000216532,5.360759403887896,5316000.0,
0.8297872340425532,1.1627521406660648,1.9148936170212763,1.6823431888880636,73170.0000021659,5.40998078504618,5317000.0,
0.7553191489361702,1.1821313430104994,1.946808510638298,1.710382242036198,73180.00000216649,5.969579524703961,5318000.0,
0.7978723404255319,1.1084903741016483,1.8255319148936167,1.6038338400732877,73190.00000216707,5.559438602354021,5319000.0,
0.8404255319148937,1.2480206309815762,2.0553191489361695,1.805715022739855,73200.00000216765,5.444477712952748,5320000.0,
0.851063829787234,1.2092622262927075,1.9914893617021279,1.7496369164435863,73210.00000216824,5.3313806160314465,5321000.0,
0.8085106382978723,1.058104448006119,1.7425531914893622,1.530932301888138,73220.00000216882,5.425547606889195,5322000.0,
0.8617021276595744,1.197634704886047,1.972340425531915,1.7328134845547054,73230.0000021694,5.253055089756721,5323000.0,
0.8936170212765957,1.6084737945880563,2.6489361702127656,2.3272414112951547,73240.00000216998,5.525670675027208,5324000.0,
0.851063829787234,1.2945307166082187,2.131914893617021,1.8730087502953776,73250.00000217056,5.433571092152289,5325000.0,
0.851063829787234,1.0464769265994582,1.7234042553191486,1.5141088699992578,73260.00000217115,5.142607888892025,5326000.0,
0.8085106382978723,1.0542286075372322,1.7361702127659573,1.525324491258511,73270.00000217173,5.423385383151514,5327000.0,
0.7978723404255319,1.1162420550394223,1.838297872340426,1.6150494613325415,73280.00000217231,5.573954042462977,5328000.0,
0.8085106382978723,1.2480206309815762,2.05531914893617,1.805715022739855,73290.00000217289,5.664128148990633,5329000.0,
0.8829787234042553,1.31778575942154,2.1702127659574466,1.9066556140731385,73300.00000217347,5.265923631284903,5330000.0,
0.8404255319148937,1.3294132808282009,2.1893617021276595,1.9234790459620192,73310.00000217406,5.546894283656651,5331000.0,
0.7021276595744681,1.0309735647239107,1.6978723404255325,1.4916776274807495,73320.00000217464,6.215019925682946,5332000.0,
0.776595744680851,1.329413280828201,2.1893617021276595,1.9234790459620197,73330.00000217522,6.0038992932723305,5333000.0,
0.8315789473684211,1.1159972651150716,1.8378947368421048,1.614695283819091,73340.0000021758,5.308601774645105,5334000.0,
0.8526315789473684,1.4726561848941149,2.4252631578947366,2.130731920915914,73350.00000217638,5.596322686123146,5335000.0,
0.8842105263157894,1.3882852576345561,2.2863157894736843,2.008658737946773,73360.00000217697,5.301510708170464,5336000.0,
0.8105263157894737,1.2617288667452182,2.0778947368421052,1.8255489634930622,73370.00000217755,5.627844705867977,5337000.0,
0.8,1.223378445263601,2.0147368421052634,1.7700611530525432,73380.00000217813,5.654483583040565,5338000.0,
0.8421052631578947,1.3844502154863945,2.2799999999999994,2.003109956902721,73390.00000217871,5.563532131028133,5339000.0,
0.8210526315789474,0.8518116821457395,1.882105263157895,1.7117429267287458,73400.0000021793,5.412433887506472,5340000.0,
0.8842105263157894,1.174814098529862,2.59578947368421,2.360826653978238,73410.00000217988,5.062465944897437,5341000.0,
0.8736842105263158,1.183389383920591,2.614736842105263,2.3780589653211446,73420.00000218046,5.133756523897667,5342000.0,
0.8947368421052632,1.0233173899603174,2.261052631578947,2.0563891535868835,73430.00000218104,4.834528847732737,5343000.0,
0.8526315789473684,1.1433713854305223,2.526315789473684,2.297641512387579,73440.00000218162,5.214568908974746,5344000.0,
0.8421052631578947,1.0318926753510465,2.28,2.07362146492979,73450.0000021822,5.1478700521175815,5345000.0,
0.9578947368421052,1.0890612446225727,2.4063157894736844,2.1885035405491693,73460.00000218279,4.58572107967257,5346000.0,
0.8,1.0519016745960807,2.324210526315789,2.113830191396573,73470.00000218337,5.444874461811704,5347000.0,
0.7894736842105263,1.0233173899603174,2.2610526315789476,2.0563891535868835,73480.00000218395,5.481799360763924,5348000.0,
0.8736842105263158,1.1147871007947592,2.4631578947368418,2.24020047457789,73490.00000218453,5.058609332368296,5349000.0,
0.8631578947368421,1.08334438769542,2.393684210526316,2.1770153329872306,73500.00000218512,5.084359961489436,5350000.0,
0.8315789473684211,1.0318926753510465,2.2800000000000002,2.0736214649297904,73510.0000021857,5.216070938853424,5351000.0,
0.7894736842105263,0.954715106834486,2.109473684210526,1.9185306628436287,73520.00000218628,5.397036468804662,5352000.0,
0.8315789473684211,1.1147871007947592,2.4631578947368418,2.2402004745778905,73530.00000218686,5.316766766918707,5353000.0,
0.7789473684210526,0.8575285390728917,1.8947368421052635,1.7232311342906843,73540.00000218744,5.3462839354459835,5354000.0,
0.8631578947368421,1.0833443876954199,2.3936842105263154,2.177015332987231,73550.00000218803,5.08679898587982,5355000.0,
0.8842105263157894,1.1233623861854884,2.482105263157894,2.257432785920797,73560.00000218861,5.011419365460763,5356000.0,
0.8631578947368421,1.2176905254835064,2.6905263157894734,2.446988210692772,73570.00000218919,5.243419511366075,5357000.0,
0.8421052631578947,1.111928672331183,2.4568421052631573,2.234456370796921,73580.00000218977,5.249412798531873,5358000.0,
0.8421052631578947,1.149088242357675,2.5389473684210517,2.3091297199495173,73590.00000219035,5.2940397879383605,5359000.0,
0.8631578947368421,1.1376545285033695,2.5136842105263155,2.2861533048256417,73600.00000219094,5.152158295352588,5360000.0,
0.8315789473684211,1.1462298138940985,2.532631578947368,2.303385616168548,73610.00000219152,5.358628257354858,5361000.0,
0.8631578947368421,1.0033083907152833,2.2168421052631575,2.016180427120101,73620.0000021921,4.997488989378642,5362000.0,
0.8105263157894737,1.0176005330331646,2.248421052631579,2.0449009460249457,73630.00000219268,5.34015390453571,5363000.0,
0.8526315789473684,1.1633803846755566,2.5705263157894738,2.337850238854362,73640.00000219326,5.247912796978755,5364000.0,
0.8421052631578947,1.063335388450386,2.349473684210526,2.1368066065204494,73650.00000219385,5.19520827392363,5365000.0,
0.8526315789473684,1.0347511038146227,2.2863157894736843,2.079365568710759,73660.00000219443,5.098038949055496,5366000.0,
0.8,0.9432813929801811,2.0842105263157897,1.895554247719753,73670.00000219501,5.319625425581915,5367000.0,
0.8421052631578947,0.9061218229536887,2.002105263157895,1.8208808985671563,73680.0000021956,5.010017164896389,5368000.0,
0.8842105263157894,1.0976365300133017,2.425263157894737,2.205735851892076,73690.00000219618,4.988515123361627,5369000.0,
0.8210526315789474,1.1176455292583358,2.4694736842105263,2.2459445783588587,73700.00000219676,5.397129811418683,5370000.0,
0.8631578947368421,1.1262208146490646,2.488421052631579,2.2631768897017657,73710.00000219734,5.14427777320462,5371000.0,
0.8315789473684211,0.934706107589452,2.0652631578947362,1.8783219363768462,73720.00000219792,5.109833926988835,5372000.0,
0.7894736842105263,1.0004499622517071,2.210526315789474,2.010436323339132,73730.0000021985,5.466167285667126,5373000.0,
0.8842105263157894,1.1147871007947594,2.4631578947368418,2.2402004745778896,73740.00000219909,5.0102925546027,5374000.0,
0.8842105263157894,1.037609532278199,2.2926315789473684,2.085109672491728,73750.00000219967,4.923484590208998,5375000.0,
0.8736842105263158,1.0633353884503858,2.349473684210526,2.136806606520449,73760.00000220025,5.012730866432723,5376000.0,
0.8421052631578947,1.066193816913962,2.35578947368421,2.1425507103014176,73770.00000220083,5.204602657724475,5377000.0,
0.8631578947368421,1.13765452850337,2.5136842105263155,2.2861533048256417,73780.00000220141,5.1609387831579765,5378000.0,
0.8315789473684211,0.9146971083444178,2.021052631578947,1.8381132099100634,73790.000002202,5.089316775998177,5379000.0,
0.8631578947368421,1.0747691023046908,2.3747368421052633,2.159783021644325,73800.00000220258,5.0890593259766375,5380000.0,
0.7684210526315789,0.9632903922252152,2.1284210526315785,1.9357629741865359,73810.00000220316,5.571950510582689,5381000.0,
0.8315789473684211,1.0261758184238938,2.2673684210526317,2.0621332573678526,73820.00000220374,5.224892440017888,5382000.0,
0.7789473684210526,1.1004949584768777,2.431578947368421,2.2114799556730453,73830.00000220432,5.673875960357419,5383000.0,
0.8631578947368421,1.2748590947550322,2.816842105263158,2.561870286312151,73840.0000022049,5.322822122108245,5384000.0,
0.8315789473684211,1.194823097774896,2.6399999999999997,2.40103538044502,73850.00000220549,5.42921511771855,5385000.0,
0.9157894736842105,1.2148320970199302,2.6842105263157894,2.4412441069118027,73860.00000220607,4.952285623310874,5386000.0,
0.8421052631578947,1.043326389205352,2.305263157894737,2.0965978800536664,73870.00000220665,5.182447587320793,5387000.0,
0.8526315789473684,1.1891062408477433,2.627368421052631,2.389547172883083,73880.00000220723,5.289936949280159,5388000.0,
0.8421052631578947,1.1004949584768777,2.431578947368421,2.211479955673045,73890.00000220782,5.251335263330787,5389000.0,
0.8631578947368421,1.2119736685563538,2.6778947368421053,2.435500003130834,73900.0000022084,5.252893884439214,5390000.0,
0.9157894736842105,1.1376545285033697,2.5136842105263155,2.2861533048256417,73910.00000220898,4.87031011745959,5391000.0,
0.8736842105263158,1.0519016745960805,2.3242105263157895,2.113830191396573,73920.00000220956,5.007354928889087,5392000.0,
0.8631578947368421,1.1605219562119802,2.5642105263157893,2.3321061350733934,73930.00000221014,5.194748607942769,5393000.0,
0.8631578947368421,1.049043246132504,2.317894736842105,2.1080860876156042,73940.00000221073,5.066084248704379,5394000.0,
0.8631578947368421,1.1233623861854882,2.4821052631578944,2.2574327859207965,73950.00000221131,5.152673496326767,5395000.0,
0.8631578947368421,1.1090702438676068,2.4505263157894737,2.2287122670159523,73960.00000221189,5.136603331446323,5396000.0,
0.8947368421052632,1.0776275307682674,2.381052631578947,2.1655271254252937,73970.00000221247,4.9206401815783956,5397000.0,
0.8210526315789474,1.0147421045695888,2.2421052631578946,2.039156842243977,73980.00000221306,5.286157691606301,5398000.0,
0.8210526315789474,1.0519016745960805,2.3242105263157895,2.113830191396573,73990.00000221364,5.331928962792443,5399000.0,
0.8421052631578947,1.3537698783011005,2.2294736842105256,1.9587197085503063,74000.00000221422,5.148214981715208,5400000.0,
0.7789473684210526,1.2847391196341889,2.1157894736842104,1.8588416497573728,74010.0000022148,5.920135356438317,5401000.0,
0.8315789473684211,1.2387186138562478,2.0399999999999996,1.7922562772287507,74020.00000221538,5.4906084598421945,5402000.0,
0.8315789473684211,1.173522897337498,1.932631578947368,1.697926999479869,74030.00000221597,5.412714876686766,5403000.0,
0.7789473684210526,1.2387186138562478,2.04,1.7922562772287507,74040.00000221655,5.8626765990207845,5404000.0,
0.7578947368421053,1.26556390889338,2.0842105263157893,1.8310977445371137,74050.00000221713,6.061505157723166,5405000.0,
0.8421052631578947,1.3614399625974238,2.2421052631578946,1.9698172706384103,74060.00000221771,5.569707455724431,5406000.0,
0.8526315789473684,1.3345946675602915,2.197894736842106,1.9309758033300473,74070.0000022183,5.469954239869495,5407000.0,
0.8315789473684211,1.1735228973374983,1.9326315789473683,1.6979269994798694,74080.00000221888,5.415246522256533,5408000.0,
0.8105263157894737,1.2770690353378655,2.1031578947368414,1.8477440876692688,74090.00000221946,5.684173485302641,5409000.0,
0.7789473684210526,1.2962442460786743,2.1347368421052635,1.8754879928895278,74100.00000222004,5.939770316063277,5410000.0,
0.8631578947368421,1.4534809741533061,2.3936842105263163,2.102988015695655,74110.00000222062,5.542932836046035,5411000.0,
0.8631578947368421,1.4458108898569824,2.3810526315789478,2.091890453607551,74120.0000022212,5.534534567653981,5412000.0,
0.7684210526315789,1.1121622229669101,1.8315789473684208,1.6091465027750393,74130.00000222179,5.783222071137972,5413000.0,
0.8315789473684211,1.1275023915595572,1.8568421052631574,1.6313416269512468,74140.00000222237,5.3629433823971615,5414000.0,
0.8421052631578947,1.3729450890419093,2.261052631578947,1.9864636137705654,74150.00000222295,5.587869793377519,5415000.0,
0.8526315789473684,1.2655639088933797,2.0842105263157893,1.8310977445371135,74160.00000222353,5.393436683408562,5416000.0,
0.8421052631578947,1.284739119634189,2.1157894736842104,1.8588416497573732,74170.00000222411,5.48412520470591,5417000.0,
0.8631578947368421,1.3192544989676447,2.1726315789473687,1.9087806791538398,74180.0000022247,5.390841187965285,5418000.0,
0.8,1.2732339931897039,2.096842105263158,1.8421953066252175,74190.00000222528,5.759434596898044,5419000.0,
0.8105263157894737,1.1159972651150716,1.8378947368421048,1.6146952838190913,74200.00000222586,5.491162859703423,5420000.0,
0.8315789473684211,1.1888630659301451,1.957894736842105,1.7201221236560762,74210.00000222644,5.44027583891896,5421000.0,
0.8210526315789474,1.223378445263601,2.014736842105263,1.7700611530525434,74220.00000222703,5.552573747580493,5422000.0,
0.8842105263157894,1.2310485295599243,2.0273684210526315,1.7811587151406465,74230.0000022276,5.16511202761228,5423000.0,
0.7789473684210526,1.1159972651150716,1.8378947368421052,1.614695283819091,74240.00000222819,5.715939732394228,5424000.0,
0.8947368421052632,1.3422647518566155,2.210526315789473,1.942073365418151,74250.00000222877,5.229587663972022,5425000.0,
0.8526315789473684,1.188863065930145,1.9578947368421054,1.7201221236560769,74260.00000222935,5.308417176229747,5426000.0,
0.8842105263157894,1.4228006369680122,2.343157894736842,2.0585977673432403,74270.00000222994,5.383879291942967,5427000.0,
0.8105263157894737,1.2118733188191155,1.9957894736842106,1.7534148099203875,74280.00000223052,5.613607341546317,5428000.0,
0.8315789473684211,1.254058782448895,2.0652631578947362,1.8144514014049582,74290.0000022311,5.522726384099972,5429000.0,
0.8210526315789474,1.3000792882268357,2.141052631578947,1.8810367739335807,74300.00000223168,5.650094005035955,5430000.0,
0.8315789473684211,1.3576049204492622,2.23578947368421,1.9642684895943583,74310.00000223226,5.648256550049839,5431000.0,
0.8210526315789474,1.2003681923746303,1.9768421052631577,1.7367684667882322,74320.00000223285,5.5296766447031995,5432000.0,
0.8210526315789474,1.2348835717080857,2.033684210526316,1.7867074961846985,74330.00000223343,5.572227427224746,5433000.0,
0.8421052631578947,1.3192544989676447,2.1726315789473687,1.9087806791538398,74340.00000223401,5.533612217664882,5434000.0,
0.8315789473684211,1.2924092039305124,2.128421052631579,1.869939211845477,74350.00000223459,5.57188195423627,5435000.0,
0.8210526315789474,1.154347686596689,1.9010526315789475,1.6701830942596096,74360.00000223517,5.475677310743007,5436000.0,
0.8315789473684211,1.2770690353378655,2.103157894736842,1.847744087669269,74370.00000223576,5.554447574283146,5437000.0,
0.7894736842105263,1.2003681923746299,1.9768421052631577,1.736768466788232,74380.00000223634,5.754063710491513,5438000.0,
0.8631578947368421,1.46115105844963,2.406315789473684,2.1140855777837584,74390.00000223692,5.565477445902327,5439000.0,
0.8210526315789474,1.2578938245970566,2.071578947368421,1.82000018244901,74400.0000022375,5.603842478820496,5440000.0,
0.8210526315789474,1.1543476865966888,1.9010526315789475,1.6701830942596099,74410.00000223808,5.478241413307258,5441000.0,
0.8210526315789474,1.342264751856615,2.2105263157894735,1.9420733654181508,74420.00000223867,5.707627582534122,5442000.0,
0.8210526315789474,1.3307596254121299,2.1915789473684213,1.925427022285995,74430.00000223925,5.694127749044073,5443000.0,
0.8842105263157894,1.3959553419308794,2.2989473684210524,2.0197563000348766,74440.00000223983,5.361613779699062,5444000.0,
0.9263157894736842,1.39595534193088,2.2989473684210524,2.0197563000348766,74450.00000224041,5.118358607894586,5445000.0,
0.8421052631578947,1.5800373650426442,2.6021052631578945,2.2860977901493653,74460.000002241,5.849291871129293,5446000.0,
0.8315789473684211,1.2809040774860272,2.109473684210526,1.8532928687133212,74470.00000224158,5.564122624967939,5447000.0,
0.8526315789473684,1.26556390889338,2.084210526315789,1.8310977445371137,74480.00000224216,5.409239152545285,5448000.0,
0.8736842105263158,1.1965331502264684,1.9705263157894732,1.7312196857441802,74490.00000224274,5.2003668588290815,5449000.0,
0.8105263157894737,1.3307596254121299,2.1915789473684204,1.9254270222859953,74500.00000224332,5.771713823707194,5450000.0,
0.8315789473684211,1.188863065930145,1.9578947368421054,1.7201221236560769,74510.0000022439,5.455465712337565,5451000.0,
0.8526315789473684,1.438140805560659,2.3684210526315783,2.0807928915194474,74520.00000224449,5.613619463451467,5452000.0,
0.8105263157894737,1.20036819237463,1.9768421052631577,1.7367684667882322,74530.00000224507,5.612399718011669,5453000.0,
0.8105263157894737,1.3921202997827178,2.2926315789473684,2.0142075189908253,74540.00000224565,5.849496473904794,5454000.0,
0.8315789473684211,1.3039143303749978,2.147368421052631,1.8865855549776323,74550.00000224623,5.595843815151115,5455000.0,
0.8,1.1198323072632332,1.844210526315789,1.6202440648631427,74560.00000224682,5.587156173701615,5456000.0,
0.8842105263157894,1.5186766906720566,2.501052631578947,2.197317293444536,74570.0000022474,5.506596257442419,5457000.0,
0.7894736842105263,1.2732339931897034,2.0968421052631583,1.8421953066252168,74580.00000224798,5.857027058191227,5458000.0,
0.7894736842105263,1.127502391559557,1.8568421052631578,1.6313416269512468,74590.00000224856,5.672967029459739,5459000.0,
0.8105263157894737,0.8775375383179262,1.9389473684210523,1.763439860757467,74600.00000224914,5.5876468086034095,5460000.0,
0.8631578947368421,1.0862028161589963,2.4000000000000004,2.1827594367682,74610.00000224973,5.141817896907706,5461000.0,
0.8842105263157894,1.13765452850337,2.5136842105263164,2.2861533048256417,74620.00000225031,5.07805928832321,5462000.0,
0.8526315789473684,1.1919646693113195,2.633684210526315,2.395291276664052,74630.00000225089,5.330326464147003,5463000.0,
0.8526315789473684,0.9575735352980626,2.1157894736842104,1.9242747666245976,74640.00000225147,5.0559171094401245,5464000.0,
0.8631578947368421,0.9461398214437574,2.0905263157894733,1.9012983515007216,74650.00000225205,4.981501012786505,5465000.0,
0.8,1.0090252476424362,2.229473684210526,2.0276686346820387,74660.00000225264,5.453910507070662,5466000.0,
0.8631578947368421,1.140512956966946,2.52,2.29189740860661,74670.00000225322,5.207665011258549,5467000.0,
0.8736842105263158,1.131937671576217,2.501052631578947,2.274665097263704,74680.0000022538,5.135588901338363,5468000.0,
0.8210526315789474,1.074769102304691,2.3747368421052633,2.1597830216443246,74690.00000225438,5.395677752952455,5469000.0,
0.7684210526315789,0.8032183982649418,1.7747368421052636,1.6140931624522747,74700.00000225496,5.412404765020789,5470000.0,
0.7473684210526316,1.0404679607417753,2.2989473684210524,2.0908537762726973,74710.00000225555,5.8828768490397065,5471000.0,
0.9263157894736842,1.2434163816556933,2.7473684210526317,2.498685144721492,74720.00000225613,4.965958593961861,5472000.0,
0.8736842105263158,1.1719556700662854,2.589473684210527,2.355082550197268,74730.00000225671,5.183802273104244,5473000.0,
0.8842105263157894,1.1862478123841669,2.6210526315789475,2.383803069102114,74740.0000022573,5.1387302641411114,5474000.0,
0.8,0.9947331053245546,2.197894736842105,1.9989481157771942,74750.00000225788,5.4407821712788484,5475000.0,
0.8736842105263158,1.2319826678013879,2.7221052631578946,2.475708729597617,74760.00000225846,5.2539536560541436,5476000.0,
0.8421052631578947,0.9947331053245546,2.197894736842105,1.998948115777194,74770.00000225904,5.169743062714964,5477000.0,
0.8736842105263158,1.0404679607417757,2.2989473684210524,2.0908537762726973,74780.00000225962,5.035713931106451,5478000.0,
0.8421052631578947,1.0661938169139624,2.3557894736842107,2.1425507103014176,74790.0000022602,5.255602657727444,5479000.0,
0.8,1.0719106738411148,2.3684210526315783,2.1540389178633554,74800.00000226079,5.5398857108720705,5480000.0,
0.8421052631578947,1.103353386940454,2.437894736842105,2.217224059454014,74810.00000226137,5.300729647133961,5481000.0,
0.9263157894736842,0.9975915337881307,2.2042105263157894,2.0046922195581636,74820.00000226195,4.705124951377824,5482000.0,
0.8421052631578947,0.8661038244636204,1.9136842105263152,1.7404634456335917,74830.00000226253,5.01999579169278,5483000.0,
0.8105263157894737,0.8975465375629601,1.9831578947368416,1.80364858722425,74840.00000226311,5.254892481556649,5484000.0,
0.8,1.1147871007947592,2.463157894736842,2.2402004745778896,74850.0000022637,5.596112823511649,5485000.0,
0.7894736842105263,0.9404229645166047,2.0778947368421052,1.889810143938784,74860.00000226428,5.450399755206172,5486000.0,
0.8,0.9947331053245545,2.197894736842105,1.998948115777194,74870.00000226486,5.447097960752901,5487000.0,
0.8526315789473684,1.1548050992848278,2.5515789473684207,2.320617927511455,74880.00000226544,5.2990899314006015,5488000.0,
0.8526315789473684,1.0118836761060122,2.23578947368421,2.033412738463008,74890.00000226602,5.131959867178562,5489000.0,
0.7894736842105263,1.0290342468874702,2.2736842105263153,2.0678773611488213,74900.0000022666,5.564774046209393,5490000.0,
0.9157894736842105,1.334886092490135,2.9494736842105267,2.682496465712499,74910.00000226719,5.131654928712183,5491000.0,
0.8421052631578947,1.1176455292583356,2.4694736842105263,2.2459445783588587,74920.00000226777,5.323201566136765,5492000.0,
0.7894736842105263,0.9061218229536891,2.0021052631578944,1.8208808985671567,74930.00000226835,5.410684975893362,5493000.0,
0.8526315789473684,1.189106240847743,2.627368421052631,2.3895471728830833,74940.00000226893,5.342282628295551,5494000.0,
0.9052631578947369,1.3406029494172873,2.962105263157894,2.6939846732744366,74950.00000226952,5.199500932628474,5495000.0,
0.8631578947368421,1.0261758184238936,2.2673684210526313,2.0621332573678526,74960.0000022701,5.089347594654617,5496000.0,
0.9052631578947369,1.2376995247285403,2.7347368421052627,2.487196937159555,74970.00000227068,5.086758777449098,5497000.0,
0.8631578947368421,0.9861578199338257,2.1789473684210527,1.9817158044342875,74980.00000227126,5.043960889086913,5498000.0,
0.8315789473684211,1.0376095322781989,2.292631578947368,2.0851096724917286,74990.00000227185,5.29788234908664,5499000.0,
0.8,1.080485959231844,2.3873684210526314,2.171271229206263,75000.00000227243,5.561131133400568,5500000.0,
0.8315789473684211,1.1548050992848278,2.5515789473684207,2.320617927511455,75010.00000227301,5.439826385360494,5501000.0,
0.8526315789473684,1.0204589614967412,2.2547368421052627,2.0506450498059143,75020.00000227359,5.148437053748309,5502000.0,
0.7157894736842105,0.8946881090993838,1.9768421052631575,1.7979044834432811,75030.00000227417,5.957576034939212,5503000.0,
0.8315789473684211,1.0318926753510465,2.28,2.0736214649297904,75040.00000227476,5.293539293288314,5504000.0,
0.8526315789473684,1.0890612446225725,2.406315789473684,2.1885035405491693,75050.00000227534,5.230378003093507,5505000.0,
0.8526315789473684,1.1519466708212514,2.5452631578947367,2.314873823730486,75060.00000227592,5.304626342462356,5506000.0,
0.8421052631578947,0.9918746768609781,2.191578947368421,1.9932040119962255,75070.0000022765,5.18134867891534,5507000.0,
0.8105263157894737,0.9890162483974017,2.1852631578947364,1.987459908215256,75080.00000227708,5.380212254664802,5508000.0,
0.8842105263157894,1.0318926753510465,2.28,2.0736214649297904,75090.00000227767,4.98082862106891,5509000.0,
0.8105263157894737,0.9089802514172656,2.008421052631579,1.8266250023481259,75100.00000227825,5.2825055051439165,5510000.0,
0.8315789473684211,1.0004499622517071,2.2105263157894735,2.010436323339132,75110.00000227883,5.2592727395614665,5511000.0,
0.8421052631578947,1.057618531523233,2.336842105263157,2.125318398958511,75120.00000227941,5.2619195063269135,5512000.0,
0.8421052631578947,1.1262208146490646,2.4884210526315784,2.263176889701766,75130.00000228,5.343884717538868,5513000.0,
0.8526315789473684,1.066193816913962,2.3557894736842107,2.1425507103014176,75140.00000228058,5.2080026249169995,5514000.0,
0.8421052631578947,1.0204589614967412,2.254736842105263,2.0506450498059143,75150.00000228116,5.219292516920541,5515000.0,
0.8842105263157894,1.3205939501722532,2.917894736842105,2.6537759468076545,75160.00000228174,5.310669348545469,5516000.0,
0.8947368421052632,1.0290342468874702,2.273684210526316,2.067877361148821,75170.00000228232,4.922800629009027,5517000.0,
0.8,1.1319376715762173,2.5010526315789474,2.274665097263704,75180.0000022829,5.634919458042113,5518000.0,
0.8736842105263158,1.0261758184238936,2.2673684210526313,2.0621332573678526,75190.00000228349,5.039114491105207,5519000.0,
0.8421052631578947,1.5416869435610265,2.538947368421052,2.2306099797088477,75200.00000228407,5.374539787943046,5520000.0,
0.8526315789473684,1.1811929816338216,1.9452631578947366,1.7090245615679727,75210.00000228465,5.346334978600987,5521000.0,
0.8842105263157894,1.3077493725231597,2.1536842105263156,1.8921343360216845,75220.00000228523,5.298999885728207,5522000.0,
0.8631578947368421,1.2502237403007335,2.0589473684210526,1.8089026203609062,75230.00000228581,5.36208604073221,5523000.0,
0.8315789473684211,1.2847391196341889,2.1157894736842104,1.8588416497573725,75240.0000022864,5.607721726287618,5524000.0,
0.8315789473684211,1.2463886981525714,2.0526315789473686,1.8033538393168544,75250.00000228698,5.562110459948994,5525000.0,
0.8315789473684211,1.334594667560292,2.1978947368421053,1.9309758033300466,75260.00000228756,5.668687258603877,5526000.0,
0.8,1.1159972651150716,1.8378947368421055,1.6146952838190909,75270.00000228814,5.61973079207122,5527000.0,
0.8105263157894737,1.1351724758558805,1.8694736842105257,1.6424391890393506,75280.00000228873,5.570924483347946,5528000.0,
0.8,1.3115844146713211,2.1599999999999997,1.8976831170657358,75290.00000228931,5.865267360595541,5529000.0,
0.8210526315789474,1.3767801311900711,2.2673684210526313,1.9920123948146176,75300.00000228989,5.794793749673649,5530000.0,
0.8736842105263158,1.3115844146713211,2.1599999999999997,1.8976831170657358,75310.00000229047,5.371570113316455,5531000.0,
0.8736842105263158,1.319254498967645,2.1726315789473682,1.9087806791538395,75320.00000229105,5.38083105317372,5532000.0,
0.8421052631578947,1.4112955105235272,2.3242105263157895,2.041951424211084,75330.00000229164,5.692410918890373,5533000.0,
0.8315789473684211,1.2502237403007335,2.058947368421052,1.808902620360906,75340.00000229222,5.5712791815198335,5534000.0,
0.8,1.2463886981525714,2.052631578947368,1.8033538393168547,75350.0000022928,5.786930609684129,5535000.0,
0.8210526315789474,1.2080382766709539,1.9894736842105263,1.747866028876336,75360.00000229338,5.592351747374902,5536000.0,
0.8736842105263158,1.2655639088933803,2.0842105263157893,1.8310977445371135,75370.00000229396,5.3217876067033165,5537000.0,
0.8210526315789474,1.2157083609672772,2.0021052631578944,1.7589635909644394,75380.00000229455,5.602719157735869,5538000.0,
0.8631578947368421,1.5301818171165418,2.5199999999999996,2.213963636576692,75390.00000229513,5.694232593141223,5539000.0,
0.8526315789473684,1.3576049204492622,2.2357894736842105,1.9642684895943583,75400.00000229571,5.562620585854211,5540000.0,
0.8,1.3039143303749978,2.1473684210526316,1.8865855549776325,75410.00000229629,5.861995544699188,5541000.0,
0.8105263157894737,1.3307596254121299,2.191578947368421,1.925427022285995,75420.00000229687,5.8195060315021845,5542000.0,
0.8315789473684211,1.234883571708086,2.0336842105263155,1.7867074961846985,75430.00000229746,5.557389105364384,5543000.0,
0.8526315789473684,1.365275004745586,2.248421052631579,1.975366051682462,75440.00000229804,5.573591672374705,5544000.0,
0.8315789473684211,1.3576049204492622,2.2357894736842105,1.9642684895943585,75450.00000229862,5.705978069040541,5545000.0,
0.8631578947368421,1.376780131190071,2.2673684210526317,1.9920123948146176,75460.0000022992,5.519925761885144,5546000.0,
0.8,1.2617288667452182,2.0778947368421052,1.8255489634930615,75470.00000229978,5.812421609898989,5547000.0,
0.8842105263157894,1.1159972651150718,1.8378947368421052,1.6146952838190909,75480.00000230037,5.094518335684067,5548000.0,
0.8210526315789474,1.208038276670954,1.9894736842105265,1.747866028876336,75490.00000230095,5.599018414041958,5549000.0,
0.8526315789473684,1.250223740300733,2.058947368421052,1.8089026203609062,75500.00000230153,5.441617967161778,5550000.0,
0.8842105263157894,1.2502237403007332,2.0589473684210526,1.8089026203609064,75510.00000230211,5.247750658810792,5551000.0,
0.7894736842105263,1.250223740300733,2.0589473684210526,1.8089026203609062,75520.0000023027,5.8780140712014495,5552000.0,
0.8,1.1696878551893362,1.9263157894736842,1.6923782184358171,75530.00000230328,5.700528240191162,5553000.0,
0.7894736842105263,0.9856058320775717,1.623157894736842,1.426036728321328,75540.00000230386,5.543898054118841,5554000.0,
0.7368421052631579,1.0968220543742626,1.8063157894736839,1.5869513785988318,75550.00000230444,6.091398502530015,5555000.0,
0.8,1.1390075180040422,1.8757894736842107,1.6479879700834024,75560.00000230502,5.663756766078059,5556000.0,
0.8315789473684211,1.11216222296691,1.8315789473684205,1.6091465027750393,75570.0000023056,5.416901407511483,5557000.0,
0.8736842105263158,1.188863065930145,1.9578947368421056,1.7201221236560762,75580.00000230619,5.244117967167673,5558000.0,
0.8526315789473684,1.219543403115439,2.008421052631579,1.7645123720084912,75590.00000230677,5.410079300092865,5559000.0,
0.8105263157894737,1.3384297097084534,2.2042105263157894,1.936524584374099,75600.00000230735,5.8383197718683215,5560000.0,
0.7789473684210526,1.2080382766709539,1.9894736842105256,1.747866028876336,75610.00000230793,5.90815454453109,5561000.0,
0.8526315789473684,1.3154194568194828,2.166315789473684,1.9032318981097878,75620.00000230852,5.524008005054484,5562000.0,
0.7894736842105263,1.1198323072632332,1.8442105263157893,1.620244064863143,75630.0000023091,5.718718256020958,5563000.0,
0.8947368421052632,1.3307596254121299,2.191578947368421,1.925427022285995,75640.00000230968,5.282140757949639,5564000.0,
0.8421052631578947,1.2962442460786743,2.134736842105263,1.8754879928895285,75650.00000231026,5.571787542363043,5565000.0,
0.8421052631578947,1.173522897337498,1.932631578947368,1.697926999479869,75660.00000231084,5.426555940732925,5566000.0,
0.7789473684210526,1.2425536560044095,2.046315789473684,1.7978050582728022,75670.00000231143,5.955708072053959,5567000.0,
0.8736842105263158,1.4534809741533057,2.3936842105263154,2.1029880156956553,75680.00000231201,5.551813163326993,5568000.0,
0.8631578947368421,1.1620177708930128,1.9136842105263157,1.6812806563477134,75690.00000231259,5.282335222517255,5569000.0,
0.8631578947368421,1.2003681923746305,1.9768421052631577,1.736768466788232,75700.00000231317,5.327253393745987,5570000.0,
0.8105263157894737,1.3499348361529386,2.2231578947368416,1.9531709275062548,75710.00000231375,5.858228694105357,5571000.0,
0.8315789473684211,1.254058782448895,2.065263157894737,1.8144514014049582,75720.00000231434,5.5951314473953255,5572000.0,
0.8947368421052632,1.357604920449262,2.23578947368421,1.9642684895943583,75730.00000231492,5.316379617109034,5573000.0,
0.8315789473684211,1.1466776023003655,1.8884210526315792,1.6590855321715055,75740.0000023155,5.467014838356013,5574000.0,
0.8315789473684211,1.2425536560044097,2.0463157894736836,1.7978050582728022,75750.00000231608,5.582815156101412,5575000.0,
0.8842105263157894,1.2272134874117626,2.0210526315789474,1.775609934096595,75760.00000231666,5.233631920425147,5576000.0,
0.8526315789473684,1.3269245832639682,2.1852631578947364,1.9198782412419437,75770.00000231725,5.54490907927993,5577000.0,
0.8,1.384450215486395,2.28,2.003109956902721,75780.00000231783,5.982139085300094,5578000.0,
0.8526315789473684,1.277069035337865,2.1031578947368423,1.847744087669269,75790.00000231841,5.487424177391348,5579000.0,
0.8631578947368421,0.9375645360530285,2.0715789473684207,1.8840660401578155,75800.000002319,5.398776992052741,5580000.0,
0.8631578947368421,1.1205039577219122,2.4757894736842103,2.251688682139828,75810.00000231958,5.240093609697418,5581000.0,
0.8315789473684211,1.1690972416027092,2.583157894736842,2.3493384464163003,75820.00000232016,5.498025797010966,5582000.0,
0.8526315789473684,1.0604769599868091,2.3431578947368417,2.13106250273948,75830.00000232074,5.235371743337756,5583000.0,
0.8842105263157894,1.0719106738411146,2.3684210526315788,2.154038917863356,75840.00000232132,5.061801357458565,5584000.0,
0.8947368421052632,1.1948230977748957,2.6399999999999997,2.401035380445021,75850.0000023219,5.140094050590953,5585000.0,
0.8842105263157894,0.9690072491523677,2.1410526315789467,1.9472511817484737,75860.00000232249,4.9463748652511095,5586000.0,
0.8526315789473684,1.0547601030596567,2.3305263157894736,2.119574295177542,75870.00000232307,5.230642096324543,5587000.0,
0.8105263157894737,1.00616681917886,2.2231578947368416,2.02192453090107,75880.00000232365,5.442930491345645,5588000.0,
0.8631578947368421,1.149088242357675,2.5389473684210526,2.309129719949518,75890.00000232423,5.277111988239077,5589000.0,
0.7894736842105263,0.9918746768609781,2.1915789473684213,1.9932040119962255,75900.00000232481,5.571038590845606,5590000.0,
0.8842105263157894,0.9747241060795203,2.1536842105263156,1.9587393893104117,75910.0000023254,4.955221310585528,5591000.0,
0.8526315789473684,1.009025247642436,2.229473684210526,2.0276686346820387,75920.00000232598,5.179471586884737,5592000.0,
0.8315789473684211,0.8946881090993838,1.976842105263158,1.7979044834432811,75930.00000232656,5.173609751595899,5593000.0,
0.8947368421052632,1.2119736685563536,2.677894736842105,2.4355000031308345,75940.00000232714,5.163497629699888,5594000.0,
0.7473684210526316,0.7689172567020264,1.698947368421053,1.545163917080647,75950.00000232772,5.589393512652559,5595000.0,
0.8947368421052632,1.177672526993438,2.602105263157894,2.3665707577592063,75960.0000023283,5.126102236188449,5596000.0,
0.8842105263157894,1.0833443876954199,2.3936842105263163,2.177015332987231,75970.00000232889,5.080922819556057,5597000.0,
0.8526315789473684,1.0318926753510467,2.28,2.073621464929791,75980.00000232947,5.209254372469082,5598000.0,
0.8842105263157894,1.2062568116292014,2.665263157894737,2.4240117955688962,75990.00000233005,5.220883299005032,5599000.0,
0.8,1.146229813894099,2.5326315789473677,2.303385616168548,76000.00000233063,5.695942530678819,5600000.0,
0.8020833333333334,0.9843713021440902,2.1749999999999994,1.9781257395711815,76010.00000233122,5.435577208019296,5601000.0,
0.8541666666666666,1.0805455098248347,2.3874999999999997,2.171390898035033,76020.0000023318,5.217221572619995,5602000.0,
0.8645833333333334,1.1286326136652072,2.49375,2.2680234772669583,76030.00000233238,5.210464227994189,5603000.0,
0.84375,1.0862028161589963,2.4,2.1827594367682006,76040.00000233296,5.289324325468195,5604000.0,
0.8645833333333334,1.0522589781540275,2.3249999999999997,2.114548204369194,76050.00000233355,5.123092312222278,5605000.0,
0.8125,0.9758853426428482,2.15625,1.9610729314714301,76060.00000233413,5.3580101654535675,5606000.0,
0.84375,1.0748882034906735,2.375,2.160022359301865,76070.00000233471,5.277395895639158,5607000.0,
0.84375,1.1144893478298032,2.4625,2.239602130434039,76080.00000233529,5.324824412386797,5608000.0,
0.875,1.1512618390018527,2.5437499999999997,2.3134976321996295,76090.00000233587,5.177154006617258,5609000.0,
0.7708333333333334,0.8401099906229738,1.85625,1.6882280018754052,76100.00000233646,5.473653501506482,5610000.0,
0.8645833333333334,1.097517428827319,2.425,2.205496514234536,76110.00000233704,5.178331002157821,5611000.0,
0.875,1.0579162844881889,2.3375,2.125916743102362,76120.00000233762,5.071901944316011,5612000.0,
0.8333333333333334,1.018315140149059,2.25,2.046336971970188,76130.0000023382,5.2784756683248855,5613000.0,
0.8645833333333334,1.1569191453360144,2.55625,2.324866170932797,76140.00000233878,5.24848238510772,5614000.0,
0.90625,1.1399472263335297,2.5187499999999994,2.2907605547332937,76150.00000233937,4.988904985513846,5615000.0,
0.8020833333333334,0.8542532564583772,1.8875,1.7166493487083245,76160.00000233995,5.281144319892109,5616000.0,
0.7916666666666666,1.1201466541639649,2.475,2.250970669167207,76170.00000234053,5.6870247212030405,5617000.0,
0.8125,1.049430324986947,2.31875,2.1088639350026104,76180.00000234111,5.4546809129543545,5618000.0,
0.8020833333333334,1.0748882034906733,2.375,2.160022359301865,76190.0000023417,5.557780098010386,5619000.0,
0.8333333333333334,1.057916284488189,2.3375,2.125916743102362,76200.00000234228,5.329497041532045,5620000.0,
0.8541666666666666,1.0720595503235926,2.36875,2.1543380899352815,76210.00000234286,5.216555083448349,5621000.0,
0.8854166666666666,1.0409443654857047,2.3000000000000003,2.091811126902859,76220.00000234344,4.997770107039174,5622000.0,
0.7916666666666666,1.0409443654857047,2.3000000000000003,2.091811126902859,76230.00000234402,5.590137619714896,5623000.0,
0.875,1.1342899199993683,2.50625,2.2793920160001258,76240.0000023446,5.164900384900549,5624000.0,
0.875,1.125803960498126,2.4874999999999994,2.2623392079003746,76250.00000234519,5.155678335946776,5625000.0,
0.8020833333333334,1.0805455098248349,2.3874999999999997,2.1713908980350327,76260.00000234577,5.568469726686955,5626000.0,
0.9166666666666666,1.2446073935155164,2.75,2.5010785212968965,76270.00000234635,5.051842156695492,5627000.0,
0.8125,1.0833741629919154,2.3937499999999994,2.177075167401617,76280.00000234693,5.501586149473588,5628000.0,
0.84375,0.9475988109720411,2.09375,1.9042302378055915,76290.00000234751,5.137398590926351,5629000.0,
0.8541666666666666,0.9985145679794938,2.20625,2.006547086404101,76300.0000023481,5.134843884606734,5630000.0,
0.8541666666666666,1.1003460819943998,2.43125,2.21118078360112,76310.00000234868,5.254549071746164,5631000.0,
0.9166666666666666,1.0126578338148973,2.2374999999999994,2.03496843323702,76320.00000234926,4.801079000658586,5632000.0,
0.8333333333333334,1.0805455098248349,2.3874999999999997,2.171390898035033,76330.00000234984,5.363152111936398,5633000.0,
0.8645833333333334,1.0805455098248347,2.3875,2.171390898035033,76340.00000235043,5.169785168131496,5634000.0,
0.7916666666666666,0.936284198303718,2.06875,1.8814931603392562,76350.00000235101,5.464251092748543,5635000.0,
0.8020833333333334,1.0409443654857045,2.2999999999999994,2.091811126902859,76360.00000235159,5.5242916766021075,5636000.0,
0.8958333333333334,1.0494303249869468,2.3187499999999996,2.1088639350026104,76370.00000235217,4.956105944307953,5637000.0,
0.84375,1.2078349023434671,2.6687500000000006,2.427183019531306,76380.00000235275,5.450270995514965,5638000.0,
0.9270833333333334,1.1088320414956419,2.4499999999999997,2.2282335917008713,76390.00000235334,4.854018831408126,5639000.0,
0.8854166666666666,1.4383405473392095,2.36875,2.081081890532158,76400.00000235392,5.041382551091869,5640000.0,
0.8125,1.2409956701317189,2.0437499999999997,1.7955508659736559,76410.0000023545,5.702248517235787,5641000.0,
0.8333333333333334,1.2903318894335911,2.125,1.866933622113282,76420.00000235508,5.619395767467167,5642000.0,
0.875,1.370028859075078,2.2562499999999996,1.9822442281849844,76430.00000235566,5.443363934320934,5643000.0,
0.8020833333333334,1.2637662328864294,2.0812500000000003,1.828496753422714,76440.00000235625,5.806251407387669,5644000.0,
0.8958333333333334,1.453520922509016,2.39375,2.103045815498197,76450.00000235683,5.410904750844432,5645000.0,
0.8333333333333334,1.195454544622298,1.96875,1.7296590910755405,76460.00000235741,5.507542953693731,5646000.0,
0.78125,1.2068398259996533,1.9874999999999998,1.746132034800069,76470.00000235799,5.889818977436359,5647000.0,
0.8229166666666666,1.30930735839585,2.15625,1.89438852832083,76480.00000235857,5.716624131870433,5648000.0,
0.875,1.4307503597543059,2.3562499999999997,2.0700999280491383,76490.00000235916,5.515617077954504,5649000.0,
0.84375,1.1764790756600394,1.9375,1.702204184867992,76500.00000235974,5.419034460186803,5650000.0,
0.8854166666666666,1.4649062038863712,2.4124999999999996,2.1195187592227254,76510.00000236032,5.490244653939544,5651000.0,
0.7708333333333334,1.1992496384147495,1.9749999999999999,1.73515007231705,76520.0000023609,5.962267098643079,5652000.0,
0.78125,1.0512409805091318,1.73125,1.5210018038981736,76530.00000236148,5.693852455208678,5653000.0,
0.75,1.2409956701317189,2.0437499999999997,1.795550865973656,76540.00000236207,6.184658115894745,5654000.0,
0.8125,1.3168975459807535,2.1687499999999997,1.9053704908038493,76550.00000236265,5.802845697768349,5655000.0,
0.7916666666666666,1.1005771998110045,1.8125,1.592384560037799,76560.00000236323,5.682831726232075,5656000.0,
0.8854166666666666,1.4497258287165646,2.3875,2.097554834256687,76570.00000236381,5.475923289042044,5657000.0,
0.7395833333333334,1.1385281377355219,1.875,1.6472943724528957,76580.0000023644,6.135471848371774,5658000.0,
0.7916666666666666,1.297922077018495,2.1374999999999997,1.8779155845963011,76590.00000236498,5.933688413231102,5659000.0,
0.8125,1.2144300135845567,2.0,1.7571139972830885,76600.00000236556,5.679295914306513,5660000.0,
0.84375,1.1764790756600392,1.9375,1.702204184867992,76610.00000236614,5.424466558952551,5661000.0,
0.7708333333333334,1.2144300135845567,2.0,1.7571139972830885,76620.00000236672,5.987365963728549,5662000.0,
0.875,1.2979220770184952,2.1374999999999997,1.8779155845963011,76630.0000023673,5.370479992923489,5663000.0,
0.84375,1.3662337652826262,2.25,1.9767532469434748,76640.00000236789,5.650842487394222,5664000.0,
0.8645833333333334,1.313102452188302,2.1625,1.89987950956234,76650.00000236847,5.453706450866014,5665000.0,
0.7916666666666666,1.1385281377355219,1.875,1.6472943724528957,76660.00000236905,5.73603291097914,5666000.0,
0.8333333333333334,1.313102452188302,2.1625,1.89987950956234,76670.00000236963,5.659220442773548,5667000.0,
0.8333333333333334,1.256176045301526,2.06875,1.817514790939695,76680.00000237022,5.591408754509446,5668000.0,
0.78125,1.2220202011694603,2.0124999999999997,1.768095959766108,76690.0000023708,5.920983190987729,5669000.0,
0.8229166666666666,1.3055122646033988,2.15,1.8888975470793203,76700.00000237138,5.723151612832154,5670000.0,
0.7916666666666666,1.2751515142637844,2.0999999999999996,1.844969697147243,76710.00000237196,5.91124138659394,5671000.0,
0.8333333333333334,1.4003896094146917,2.30625,2.0261720781170616,76720.00000237254,5.766465031445361,5672000.0,
0.8229166666666666,1.1309379501506183,1.8625,1.6363124099698763,76730.00000237313,5.512529661092154,5673000.0,
0.84375,1.2447907639241709,2.0500000000000003,1.801041847215166,76740.00000237371,5.511848312944982,5674000.0,
0.8229166666666666,1.2751515142637846,2.0999999999999996,1.844969697147243,76750.00000237429,5.688789182039858,5675000.0,
0.8125,1.2409956701317186,2.0437499999999997,1.795550865973656,76760.00000237487,5.720197235185549,5676000.0,
0.78125,1.119552668773263,1.8437499999999998,1.619839466245347,76770.00000237545,5.794091416187512,5677000.0,
0.875,1.2941269832260431,2.1312499999999996,1.8724246033547913,76780.00000237604,5.373285600018245,5678000.0,
0.8229166666666666,1.168888888075136,1.925,1.6912222223849724,76790.00000237662,5.561685231228454,5679000.0,
0.8125,1.2409956701317189,2.0437499999999997,1.795550865973656,76800.0000023772,5.722248517236951,5680000.0,
0.8333333333333334,1.3738239528675298,2.2624999999999997,1.987735209426494,76810.00000237778,5.739086243589029,5681000.0,
0.8958333333333334,1.3168975459807537,2.1687499999999997,1.9053704908038493,76820.00000237837,5.275604237511559,5682000.0,
0.8229166666666666,1.153708512905329,1.8999999999999997,1.6692582974189343,76830.00000237895,5.545263509503236,5683000.0,
0.8541666666666666,1.2675613266788812,2.0875,1.833987734664224,76840.00000237953,5.476166919183159,5684000.0,
0.8125,1.2599711390939774,2.0749999999999997,1.8230057721812045,76850.00000238011,5.748167043139366,5685000.0,
0.8020833333333334,1.3814141404524332,2.275,1.9987171719095134,76860.0000023807,5.974747499938762,5686000.0,
0.8854166666666666,1.2447907639241704,2.05,1.801041847215166,76870.00000238128,5.258584862924398,5687000.0,
0.875,1.30930735839585,2.15625,1.89438852832083,76880.00000238186,5.395396504974492,5688000.0,
0.875,1.252380951509074,2.0625,1.812023809698185,76890.00000238244,5.3308139447229665,5689000.0,
0.8854166666666666,1.1499134191128773,1.89375,1.6637673161774245,76900.00000238302,5.1528410381964305,5690000.0,
0.8645833333333334,1.2751515142637846,2.0999999999999996,1.8449696971472431,76910.0000023836,5.4223415106166994,5691000.0,
0.84375,1.2561760453015258,2.06875,1.817514790939695,76920.00000238419,5.534230868651995,5692000.0,
0.875,1.1005771998110045,1.8125,1.592384560037799,76930.00000238477,5.159228704687188,5693000.0,
0.875,1.2827417018486882,2.1125,1.8559516596302623,76940.00000238535,5.367892897492188,5694000.0,
0.84375,1.1309379501506183,1.8625,1.6363124099698763,76950.00000238593,5.387282015139894,5695000.0,
0.8125,1.252380951509074,2.0625,1.812023809698185,76960.00000238651,5.744466299445454,5696000.0,
0.7916666666666666,1.3510533901128194,2.225,1.954789321977436,76970.0000023871,6.020801650825097,5697000.0,
0.84375,1.1764790756600392,1.9375,1.7022041848679923,76980.00000238768,5.442738163891886,5698000.0,
0.84375,1.2827417018486882,2.1125000000000003,1.8559516596302625,76990.00000238826,5.569172881350067,5699000.0,
0.8333333333333334,0.9362841983037183,2.06875,1.8814931603392562,77000.00000238884,5.607408754510377,5700000.0,
0.875,1.0720595503235926,2.36875,2.154338089935281,77010.00000238942,5.130446629082749,5701000.0,
0.8229166666666666,1.1060033883285614,2.4437499999999996,2.2225493223342876,77020.00000239,5.496912978372534,5702000.0,
0.875,1.2446073935155164,2.75,2.5010785212968965,77030.00000239059,5.32859654511167,5703000.0,
0.8854166666666666,1.1371185731664488,2.5124999999999997,2.28507628536671,77040.00000239117,5.144978623951437,5704000.0,
0.84375,0.8203094184534084,1.8125,1.6484381163093182,77050.00000239175,5.024067952881761,5705000.0,
0.84375,1.0041718743136554,2.21875,2.017915625137269,77060.00000239233,5.242472838839611,5706000.0,
0.90625,1.038115712318624,2.2937499999999997,2.086126857536275,77070.00000239292,4.918838027522849,5707000.0,
0.7708333333333334,0.9843713021440905,2.1750000000000003,1.9781257395711818,77080.0000023935,5.713776284023446,5708000.0,
0.8645833333333334,1.0550876313211084,2.3312500000000003,2.120232473735778,77090.00000239408,5.176484489382301,5709000.0,
0.8333333333333334,1.159747798503095,2.5624999999999996,2.330550440299381,77100.00000239466,5.496694858352551,5710000.0,
0.8125,1.1540904921689334,2.55,2.3191819015662127,77110.00000239525,5.631185734104192,5711000.0,
0.7916666666666666,1.1173180009968842,2.46875,2.245286399800623,77120.00000239583,5.73345168562648,5712000.0,
0.8645833333333334,1.0946887756602381,2.4187499999999997,2.199812244867952,77130.00000239641,5.224215933437311,5713000.0,
0.84375,1.0748882034906733,2.375,2.1600223593018653,77140.00000239699,5.330235401815073,5714000.0,
0.78125,1.049430324986947,2.3187499999999996,2.1088639350026104,77150.00000239757,5.724601482808873,5715000.0,
0.875,0.9334555451366372,2.0625000000000004,1.8758088909726727,77160.00000239816,4.9791849088695015,5716000.0,
0.78125,0.9787139958099287,2.1624999999999996,1.966757200838014,77170.00000239874,5.635151248129018,5717000.0,
0.8645833333333334,1.1116606946627228,2.4562499999999994,2.233917861067455,77180.00000239932,5.246255743368036,5718000.0,
0.8645833333333334,1.074888203490673,2.375,2.1600223593018653,77190.0000023999,5.204205633096778,5719000.0,
0.8333333333333334,1.2106635555105478,2.6749999999999994,2.4328672888978904,77200.00000240048,5.562793766761786,5720000.0,
0.7916666666666666,0.9023403602987495,1.9937499999999997,1.8132819279402501,77210.00000240107,5.46663782369227,5721000.0,
0.8333333333333334,1.2332927808471936,2.7249999999999996,2.4783414438305607,77220.00000240165,5.590948837165819,5722000.0,
0.8541666666666666,1.0522589781540275,2.3249999999999997,2.1145482043691946,77230.00000240223,5.243130023350291,5723000.0,
0.8645833333333334,1.038115712318624,2.2937499999999997,2.086126857536275,77240.00000240281,5.164083233669006,5724000.0,
0.8125,1.057916284488189,2.3375,2.125916743102362,77250.0000024034,5.519996965677026,5725000.0,
0.84375,0.9589134236403637,2.11875,1.926967315271927,77260.00000240398,5.198709736807643,5726000.0,
0.875,1.0918601224931577,2.4125,2.194127975501368,77270.00000240456,5.165456806801068,5727000.0,
0.8125,1.0607449376552698,2.3437499999999996,2.131601012468946,77280.00000240514,5.525016846498137,5728000.0,
0.8645833333333334,1.0098291806478168,2.2312499999999997,2.0292841638704364,77290.00000240572,5.133775919929417,5729000.0,
0.84375,1.046601671819866,2.3125,2.1031796656360267,77300.0000024063,5.304611858106922,5730000.0,
0.8229166666666666,1.0098291806478168,2.2312499999999997,2.0292841638704364,77310.00000240689,5.394726599419574,5731000.0,
0.8333333333333334,1.1003460819943998,2.43125,2.21118078360112,77320.00000240747,5.436412798542757,5732000.0,
0.84375,1.2163208618447092,2.6874999999999996,2.444235827631058,77330.00000240805,5.5072420092475625,5733000.0,
0.8333333333333334,1.0494303249869468,2.31875,2.1088639350026104,77340.00000240863,5.376313890133871,5734000.0,
0.8333333333333334,1.1314612668322876,2.5,2.2737077466335425,77350.00000240922,5.475251020348311,5735000.0,
0.8229166666666666,1.0862028161589963,2.4,2.1827594367682006,77360.0000024098,5.4900667134586225,5736000.0,
0.8541666666666666,1.089031469326077,2.40625,2.1884437061347843,77370.00000241038,5.293010013015527,5737000.0,
0.8541666666666666,1.1060033883285614,2.44375,2.2225493223342876,77380.00000241096,5.31336738160383,5738000.0,
0.8333333333333334,1.0211437933161398,2.2562499999999996,2.052021241336772,77390.00000241154,5.344870052129048,5739000.0,
0.875,1.1456045326676911,2.5312499999999996,2.3021290934664616,77400.00000241213,5.233069466048514,5740000.0,
0.8854166666666666,1.1060033883285612,2.44375,2.2225493223342876,77410.00000241271,5.127248532841424,5741000.0,
0.8333333333333334,0.9475988109720408,2.09375,1.9042302378055915,77420.00000241329,5.258116073316217,5742000.0,
0.78125,1.0522589781540275,2.3249999999999997,2.114548204369194,77430.00000241387,5.74315549219694,5743000.0,
0.8020833333333334,0.9815426489770095,2.1687499999999997,1.972441470204598,77440.00000241445,5.5063362897893375,5744000.0,
0.8645833333333334,0.916483626134153,2.025,1.8417032747731692,77450.00000241504,5.033520820733339,5745000.0,
0.8645833333333334,1.3549248670316645,2.99375,2.7227650265936667,77460.00000241562,5.5411155090003685,5746000.0,
0.875,1.057916284488189,2.3375000000000004,2.125916743102362,77470.0000024162,5.136187658605468,5747000.0,
0.8645833333333334,1.0211437933161396,2.25625,2.0520212413367718,77480.00000241678,5.156019327353553,5748000.0,
0.8541666666666666,0.9475988109720411,2.09375,1.9042302378055915,77490.00000241736,5.133283973967242,5749000.0,
0.84375,1.0833741629919154,2.39375,2.177075167401617,77500.00000241795,5.35807061307684,5750000.0,
0.8020833333333334,0.9758853426428482,2.15625,1.9610729314714304,77510.00000241853,5.50291938838592,5751000.0,
0.8645833333333334,1.176719717505579,2.6,2.364656056498884,77520.00000241911,5.33789027581374,5752000.0,
0.8229166666666666,0.9815426489770095,2.1687499999999997,1.972441470204598,77530.00000241969,5.371492333086075,5753000.0,
0.90625,1.0098291806478168,2.2312499999999997,2.0292841638704364,77540.00000242027,4.909234498324136,5754000.0,
0.7604166666666666,1.038115712318624,2.2937499999999997,2.086126857536275,77550.00000242086,5.888478197186297,5755000.0,
0.8020833333333334,1.0918601224931577,2.4124999999999996,2.194127975501368,77560.00000242144,5.650108724303339,5756000.0,
0.78125,1.0748882034906733,2.3749999999999996,2.1600223593018653,77570.00000242202,5.779587567294947,5757000.0,
0.8541666666666666,0.9532561173062023,2.1062499999999997,1.9155987765387594,77580.0000024226,5.144297405773344,5758000.0,
0.8541666666666666,1.046601671819866,2.3125,2.1031796656360267,77590.00000242318,5.254067811057662,5759000.0,
0.875,1.4117748907920469,2.3249999999999997,2.0426450218415906,77600.00000242377,5.135912641842976,5760000.0,
0.7708333333333334,1.184069263244943,1.95,1.713186147351011,77610.00000242435,6.001492557885679,5761000.0,
0.8229166666666666,1.0588311680940354,1.7437500000000001,1.5319837663811928,77620.00000242493,5.46996952087412,5762000.0,
0.8229166666666666,1.225815294961912,2.01875,1.7735869410076175,77630.00000242551,5.673393269979417,5763000.0,
0.8125,1.195454544622298,1.96875,1.7296590910755405,77640.0000024261,5.709274824304785,5764000.0,
0.7395833333333334,0.9601587294902901,1.58125,1.389218254101942,77650.00000242668,5.954578000607083,5765000.0,
0.8125,1.1537085129053288,1.8999999999999997,1.6692582974189343,77660.00000242726,5.658920733986525,5766000.0,
0.8854166666666666,1.3700288590750782,2.25625,1.9822442281849844,77670.00000242784,5.437677299802909,5767000.0,
0.84375,1.3017171708109467,2.14375,1.8834065658378105,77680.00000242842,5.625736400122135,5768000.0,
0.8958333333333334,1.316897545980754,2.1687499999999997,1.9053704908038493,77690.000002429,5.316069353792985,5769000.0,
0.7395833333333334,1.1764790756600394,1.9375,1.702204184867992,77700.00000242959,6.24988438416071,5770000.0,
0.75,1.1992496384147497,1.9749999999999999,1.7351500723170499,77710.00000243017,6.193996740275902,5771000.0,
0.8229166666666666,1.2941269832260434,2.13125,1.8724246033547913,77720.00000243075,5.760961903819639,5772000.0,
0.8541666666666666,1.1612987004902324,1.9125000000000003,1.6802402599019537,77730.00000243133,5.395176527550195,5773000.0,
0.84375,1.1840692632449425,1.95,1.713186147351011,77740.00000243192,5.489264805970006,5774000.0,
0.7395833333333334,1.1005771998110045,1.8125,1.592384560037799,77750.0000024325,6.15007339709739,5775000.0,
0.8645833333333334,1.1764790756600392,1.9375,1.7022041848679919,77760.00000243308,5.349178208137643,5776000.0,
0.8125,1.3244877335656573,2.18125,1.9163524532868685,77770.00000243366,5.87475156967136,5777000.0,
0.8541666666666666,1.2372005763392673,2.0375,1.7900598847321465,77780.00000243424,5.486476284641889,5778000.0,
0.7916666666666666,1.0891919184336494,1.79375,1.5759116163132703,77790.00000243483,5.7331871602855,5779000.0,
0.7708333333333334,1.1537085129053288,1.9000000000000001,1.6692582974189343,77800.00000243541,5.972375908797048,5780000.0,
0.8541666666666666,1.2144300135845567,2.0,1.7571139972830885,77810.00000243599,5.461281479465729,5781000.0,
0.875,1.1043722936034566,1.8187499999999996,1.5978755412793086,77820.00000243657,5.205946907119124,5782000.0,
0.84375,1.339668108735464,2.2062500000000003,1.9383163782529074,77830.00000243715,5.678122696921993,5783000.0,
0.8541666666666666,1.123347762565715,1.8500000000000003,1.625330447486857,77840.00000243774,5.356112014858389,5784000.0,
0.7916666666666666,1.1575036066977806,1.90625,1.6747492786604437,77850.00000243832,5.822633503356165,5785000.0,
0.9479166666666666,1.4231601721694023,2.34375,2.0591179655661196,77860.0000024389,5.143551390553258,5786000.0,
0.84375,1.2485858577166222,2.05625,1.8065328284566753,77870.00000243948,5.572148671023234,5787000.0,
0.8645833333333334,1.4079797969995955,2.3187499999999996,2.0371540406000808,77880.00000244007,5.62272121113313,5788000.0,
0.78125,1.3055122646033983,2.15,1.8888975470793203,77890.00000244065,6.091853032186895,5789000.0,
0.8645833333333334,1.3358730149430125,2.1999999999999997,1.9328253970113973,77900.00000244123,5.540284451164125,5790000.0,
0.8333333333333334,1.4914718604335337,2.4562499999999994,2.1579556279132928,77910.00000244181,5.9352637326714355,5791000.0,
0.7916666666666666,1.4041847032071437,2.3125,2.031663059358571,77920.0000024424,6.1379148884208385,5792000.0,
0.8645833333333334,1.4117748907920473,2.3249999999999997,2.0426450218415906,77930.00000244298,5.629520355760683,5793000.0,
0.8854166666666666,1.2903318894335916,2.125,1.8669336221132815,77940.00000244356,5.360372487032086,5794000.0,
0.84375,1.017085136377066,1.6749999999999998,1.4715829727245866,77950.00000244414,5.30172806301609,5795000.0,
0.8333333333333334,1.2372005763392673,2.0374999999999996,1.7900598847321465,77960.00000244472,5.63263819175846,5796000.0,
0.8229166666666666,1.3320779211505605,2.19375,1.927334415769888,77970.0000024453,5.819737727121054,5797000.0,
0.84375,1.354848483905271,2.2312499999999997,1.960280303218946,77980.00000244589,5.70352166008664,5798000.0,
0.875,1.3624386714901744,2.24375,1.9712622657019647,77990.00000244647,5.508975148513938,5799000.0,
0.8229166666666666,1.4117748907920473,2.3249999999999997,2.0426450218415906,78000.00000244705,5.91810366491333,5800000.0,
0.8645833333333334,1.3206926397732055,2.1750000000000003,1.9108614720453587,78010.00000244763,5.5280276316909225,5801000.0,
0.8541666666666666,1.4459307349241126,2.38125,2.0920638530151776,78020.00000244821,5.742550616644341,5802000.0,
0.8229166666666666,1.3168975459807537,2.1687499999999997,1.9053704908038493,78030.0000024488,5.804328663623745,5803000.0,
0.8333333333333334,1.2827417018486882,2.1125000000000003,1.8559516596302623,78040.00000244938,5.691287542369999,5804000.0,
0.8645833333333334,1.2751515142637844,2.1,1.844969697147243,78050.00000244996,5.477281269656042,5805000.0,
0.78125,1.0360606053393249,1.7062499999999998,1.4990378789321348,78060.00000245054,5.756021574996076,5806000.0,
0.875,1.252380951509074,2.0625,1.812023809698185,78070.00000245112,5.387004420916713,5807000.0,
0.8333333333333334,1.5483982673203098,2.55,2.240320346535938,78080.0000024517,6.012075420936061,5808000.0,
0.8020833333333334,1.0702164494713904,1.7625,1.5484567101057218,78090.00000245229,5.650656872225856,5809000.0,
0.8333333333333334,1.2903318894335916,2.125,1.8669336221132815,78100.00000245287,5.703395767472057,5810000.0,
0.8958333333333334,1.400389609414692,2.30625,2.0261720781170616,78110.00000245345,5.428804680418054,5811000.0,
0.8541666666666666,1.457316016301468,2.4,2.108536796739706,78120.00000245403,5.760757775330309,5812000.0,
0.8125,1.313102452188302,2.1624999999999996,1.8998795095623395,78130.00000245462,5.879200454131074,5813000.0,
0.8229166666666666,1.2485858577166224,2.05625,1.8065328284566755,78140.0000024552,5.726886612062593,5814000.0,
0.84375,1.30930735839585,2.15625,1.89438852832083,78150.00000245578,5.657942054545099,5815000.0,
0.8229166666666666,1.2334054825468153,2.03125,1.784568903490637,78160.00000245636,5.709452232109468,5816000.0,
0.7916666666666666,1.02467532396197,1.6875,1.4825649352076062,78170.00000245695,5.671692514638226,5817000.0,
0.8958333333333334,1.2447907639241707,2.0500000000000003,1.801041847215166,78180.00000245753,5.258368759870684,5818000.0,
0.8333333333333334,1.3434632025279158,2.2125,1.9438073594944167,78190.00000245811,5.771653343185508,5819000.0,
0.84375,1.0126578338148977,2.2375,2.03496843323702,78200.00000245869,5.7188837465573386,5820000.0,
0.8854166666666666,1.2078349023434671,2.6687499999999993,2.427183019531306,78210.00000245927,5.2799053016133906,5821000.0,
0.7916666666666666,0.936284198303718,2.0687499999999996,1.8814931603392562,78220.00000245986,5.562672145385851,5822000.0,
0.84375,1.0918601224931577,2.4124999999999996,2.1941279755013685,78230.00000246044,5.404177429277941,5823000.0,
0.8541666666666666,1.0041718743136554,2.21875,2.017915625137269,78240.00000246102,5.2361012188571125,5824000.0,
0.8854166666666666,1.0239724464832203,2.2624999999999997,2.057705510703356,78250.0000024616,5.074131233818398,5825000.0,
0.8020833333333334,0.9079976666329109,2.00625,1.824650466673418,78260.00000246218,5.457241246869305,5826000.0,
0.84375,1.0070005274807359,2.225,2.0235998945038527,78270.00000246277,5.305578403090494,5827000.0,
0.8229166666666666,0.9985145679794939,2.2062500000000003,2.006547086404101,78280.00000246335,5.430091120736876,5828000.0,
0.84375,1.1060033883285614,2.44375,2.2225493223342876,78290.00000246393,5.423902781379333,5829000.0,
0.8541666666666666,1.0013432211465745,2.2125,2.0122313557706852,78300.00000246451,5.235716454173873,5830000.0,
0.875,1.029629752817382,2.275,2.0690740494365234,78310.0000024651,5.143860193841159,5831000.0,
0.84375,0.9928572616453325,2.19375,1.9951785476709334,78320.00000246568,5.2912851497548505,5832000.0,
0.8229166666666666,0.9758853426428482,2.15625,1.9610729314714301,78330.00000246626,5.405123960834263,5833000.0,
0.84375,0.9758853426428482,2.15625,1.9610729314714301,78340.00000246684,5.272157937109988,5834000.0,
0.8645833333333334,1.1823770238397404,2.6125,2.376024595232052,78350.00000246742,5.384433666274856,5835000.0,
0.84375,1.1201466541639649,2.4749999999999996,2.250970669167207,78360.000002468,5.4441219606412465,5836000.0,
0.8125,1.0664022439894312,2.3562499999999997,2.1429695512021136,78370.00000246859,5.587877120963949,5837000.0,
0.7916666666666666,1.0296297528173817,2.275,2.0690740494365234,78380.00000246917,5.6890033721404425,5838000.0,
0.8333333333333334,1.1201466541639649,2.475,2.250970669167207,78390.00000246975,5.513673485149349,5839000.0,
0.7916666666666666,0.9956859148124132,2.1999999999999997,2.000862817037517,78400.00000247033,5.647179576765805,5840000.0,
0.8229166666666666,0.9249695856353952,2.04375,1.8587560828729206,78410.00000247092,5.347302281433037,5841000.0,
0.8645833333333334,1.1710624111714178,2.5875,2.3532875177657164,78420.0000024715,5.374720379333378,5842000.0,
0.8229166666666666,1.1031747351614805,2.4375,2.216865052967704,78430.00000247208,5.564868032755934,5843000.0,
0.8645833333333334,0.9843713021440902,2.175,1.9781257395711822,78440.00000247266,5.15975234961508,5844000.0,
0.78125,0.8146521121192473,1.8,1.6370695775761501,78450.00000247324,5.493418703675587,5845000.0,
0.875,1.281379884687566,2.8312500000000003,2.5749740230624862,78460.00000247383,5.4387174874075,5846000.0,
0.8020833333333334,1.077716856657754,2.3812499999999996,2.165706628668449,78470.00000247441,5.6797482889788355,5847000.0,
0.9270833333333334,1.1682337580043372,2.5812500000000003,2.3476032483991323,78480.00000247499,5.012025177310615,5848000.0,
0.8541666666666666,1.2446073935155164,2.75,2.5010785212968965,78490.00000247557,5.529781826703905,5849000.0,
0.84375,1.1060033883285614,2.44375,2.2225493223342876,78500.00000247615,5.434273151750307,5850000.0,
0.875,1.038115712318624,2.2937499999999997,2.086126857536275,78510.00000247674,5.163082242795513,5851000.0,
0.84375,1.0550876313211082,2.33125,2.1202324737357783,78520.00000247732,5.374916205173629,5852000.0,
0.8333333333333334,1.0918601224931577,2.4125,2.194127975501368,78530.0000024779,5.486729647144787,5853000.0,
0.7708333333333334,0.90516901346583,1.9999999999999998,1.8189661973068338,78540.00000247848,5.689946287904891,5854000.0,
0.84375,1.0239724464832205,2.2624999999999997,2.057705510703356,78550.00000247906,5.339520430551033,5855000.0,
0.7708333333333334,0.9249695856353952,2.0437499999999997,1.8587560828729208,78560.00000247965,5.716714597746552,5856000.0,
0.8645833333333334,1.2021775960093057,2.65625,2.4158144807981388,78570.00000248023,5.4179379425197896,5857000.0,
0.8541666666666666,1.1654051048372562,2.5749999999999997,2.3419189790325485,78580.00000248081,5.44144743995888,5858000.0,
0.8229166666666666,0.9645707299745251,2.1312499999999996,1.9383358540050946,78590.00000248139,5.404539115060864,5859000.0,
0.8541666666666666,1.057916284488189,2.3375,2.125916743102362,78600.00000248197,5.316582479550273,5860000.0,
0.8854166666666666,1.0041718743136554,2.2187499999999996,2.017915625137269,78610.00000248256,5.068709411133758,5861000.0,
0.8958333333333334,1.0041718743136554,2.21875,2.0179156251372685,78620.00000248314,5.010236045888044,5862000.0,
0.875,1.1116606946627228,2.4562500000000003,2.233917861067455,78630.00000248372,5.252847936903388,5863000.0,
0.875,1.0692308971565119,2.3625,2.1486538205686974,78640.0000024843,5.20483293022965,5864000.0,
0.84375,1.0748882034906735,2.375,2.160022359301865,78650.00000248489,5.404803303053981,5865000.0,
0.8229166666666666,1.1427758795006107,2.525,2.296444824099878,78660.00000248547,5.624636511953529,5866000.0,
0.8247422680412371,1.0106165377149423,2.2329896907216495,2.030866383178661,78670.00000248605,5.408870052132774,5867000.0,
0.8556701030927835,1.0218145048918392,2.2577319587628866,2.0533690577845185,78680.00000248663,5.226937433575702,5868000.0,
0.8247422680412371,1.0050175541264939,2.220618556701031,2.019615045875732,78690.00000248721,5.403081284531838,5869000.0,
0.8762886597938144,1.019015013097615,2.251546391752577,2.047743389133054,78700.0000024878,5.101697132738213,5870000.0,
0.8041237113402062,1.0358119638629604,2.288659793814433,2.0814974010418408,78710.00000248838,5.580943083422936,5871000.0,
0.8865979381443299,1.1645885863972743,2.5731958762886595,2.3402781590092046,78720.00000248896,5.2074987545676725,5872000.0,
0.8247422680412371,1.0050175541264939,2.220618556701031,2.019615045875732,78730.00000248954,5.4050812845319545,5873000.0,
0.8041237113402062,1.0750048489820994,2.3752577319587624,2.160256762162343,78740.00000249012,5.631221414917339,5874000.0,
0.8762886597938144,1.1673880781914983,2.579381443298969,2.345903827660669,78750.0000024907,5.2733699246690175,5875000.0,
0.8969072164948454,1.1897840125452923,2.628865979381443,2.3909091768723845,78760.00000249129,5.177572979645826,5876000.0,
0.8556701030927835,1.1002002751301172,2.430927835051546,2.210887780025523,78770.00000249187,5.322882249396592,5877000.0,
0.8247422680412371,1.1029997669243417,2.4371134020618554,2.216513448676987,78780.00000249245,5.52638471754949,5878000.0,
0.8350515463917526,1.0050175541264939,2.2206185567010306,2.019615045875732,78790.00000249303,5.341314848920622,5879000.0,
0.8041237113402062,1.2770294988208741,2.1030927835051543,1.8476868837409801,78800.00000249362,5.481115889561762,5880000.0,
0.8041237113402062,1.1418146107104288,1.8804123711340206,1.652049448991935,78810.0000024942,5.717895092964316,5881000.0,
0.9072164948453608,1.434780201616394,2.3628865979381444,2.0759305576148654,78820.00000249478,5.3915168132852,5882000.0,
0.845360824742268,1.2544936841357996,2.065979381443299,1.8150806446161392,78830.00000249536,5.573240089920517,5883000.0,
0.8041237113402062,1.1080108886828173,1.824742268041237,1.6031400903046737,78840.00000249594,5.677395592494172,5884000.0,
0.8865979381443299,1.164350425395503,1.917525773195876,1.684655688116776,78850.00000249653,5.2132766427404444,5885000.0,
0.8762886597938144,1.171862363623861,1.9298969072164947,1.6955244344917229,78860.00000249711,5.283652344515662,5886000.0,
0.8350515463917526,1.2507377150216206,2.05979381443299,1.8096462714286652,78870.00000249769,5.639522942832301,5887000.0,
0.8350515463917526,1.4235122942738567,2.344329896907216,2.059627438052445,78880.00000249827,5.846919661196117,5888000.0,
0.8762886597938144,1.2507377150216208,2.0597938144329895,1.8096462714286652,78890.00000249885,5.375074804346129,5889000.0,
0.845360824742268,1.1117668577969964,1.8309278350515465,1.608574463492147,78900.00000249944,5.4078193319345695,5890000.0,
0.8762886597938144,1.4084884178171404,2.3195876288659796,2.0378899453025516,78910.00000250002,5.556037371065777,5891000.0,
0.8865979381443299,1.2582496532499787,2.072164948453608,1.8205150178036125,78920.0000025006,5.322442050902077,5892000.0,
0.8144329896907216,1.4235122942738567,2.344329896907216,2.0596274380524453,78930.00000250118,5.997474589327812,5893000.0,
0.7938144329896907,1.2019101165372934,1.9793814432989691,1.7389994199915106,78940.00000250177,5.874611445668219,5894000.0,
0.7938144329896907,1.4009764795887825,2.307216494845361,2.027021198927604,78950.00000250235,6.125902838083761,5895000.0,
0.8350515463917526,1.1756183327380396,1.936082474226804,1.7009588076791962,78960.00000250293,5.5540096084929615,5896000.0,
0.8247422680412371,1.186886240080577,1.954639175257732,1.7172619272416165,78970.00000250351,5.637597066251979,5897000.0,
0.865979381443299,1.3634167884469923,2.245360824742268,1.9726774670528693,78980.0000025041,5.573467005853606,5898000.0,
0.7731958762886598,1.2206899621081884,2.0103092783505154,1.766171285928878,78990.00000250468,6.0582230178245515,5899000.0,
0.8556701030927835,1.3408809737619176,2.2082474226804125,1.9400712279280288,79000.00000250526,5.615244029725969,5900000.0,
0.9072164948453608,1.3446369428760967,2.2144329896907213,1.9455056011155025,79010.00000250584,5.300790721265148,5901000.0,
0.845360824742268,1.2544936841357999,2.065979381443299,1.8150806446161387,79020.00000250642,5.582508382603983,5902000.0,
0.8865979381443299,1.33336903553356,2.195876288659794,1.9292024815530817,79030.000002507,5.412286005338507,5903000.0,
0.9072164948453608,1.2770294988208741,2.1030927835051547,1.8476868837409801,79040.00000250759,5.227632515886176,5904000.0,
0.8865979381443299,1.4723398927581843,2.424742268041237,2.1302742894896003,79050.00000250817,5.569962437324475,5905000.0,
0.7628865979381443,1.2845414370492323,2.1154639175257732,1.8585556301159267,79060.00000250875,6.227571883866742,5906000.0,
0.8556701030927835,1.2357138385649047,2.0350515463917525,1.7879087786787717,79070.00000250933,5.495711353652546,5907000.0,
0.8041237113402062,1.2282019003365465,2.022680412371134,1.7770400323038247,79080.00000250991,5.8391715941668325,5908000.0,
0.7835051546391752,1.1380586415962495,1.8742268041237111,1.6466150758044613,79090.0000025105,5.878309055884295,5909000.0,
0.8350515463917526,1.1267907342537122,1.8556701030927836,1.6303119562420407,79100.00000251108,5.502450632530651,5910000.0,
0.7938144329896907,1.2131780238798302,1.997938144329897,1.7553025395539308,79110.00000251166,5.897637251022317,5911000.0,
0.7835051546391752,1.3296130664193808,2.1896907216494843,1.9237681083656082,79120.00000251224,6.124371940198121,5912000.0,
0.845360824742268,1.2131780238798304,1.9979381443298967,1.755302539553931,79130.00000251282,5.539000833277111,5913000.0,
0.865979381443299,1.524923460356691,2.5113402061855665,2.206355514114229,79140.0000025134,5.767587805559297,5914000.0,
0.8247422680412371,1.2357138385649045,2.0350515463917525,1.7879087786787713,79150.00000251399,5.70580052941475,5915000.0,
0.8041237113402062,1.2582496532499787,2.0721649484536084,1.8205150178036122,79160.00000251457,5.8806412356107,5916000.0,
0.8350515463917526,1.2807854679350532,2.109278350515464,1.8531212569284532,79170.00000251515,5.690320869161594,5917000.0,
0.8350515463917526,1.1756183327380398,1.9360824742268044,1.7009588076791962,79180.00000251574,5.564873806024458,5918000.0,
0.865979381443299,1.1493265489387865,1.8927835051546391,1.6629181953668817,79190.00000251632,5.33624375308876,5919000.0,
0.8247422680412371,1.2056660856514723,1.9855670103092786,1.7444337931789837,79200.0000025169,5.671867629007359,5920000.0,
0.865979381443299,1.3221011281910224,2.177319587628866,1.9128993619906616,79210.00000251748,5.536709636272945,5921000.0,
0.8041237113402062,1.2544936841357996,2.065979381443299,1.8150806446161392,79220.00000251806,5.879047274020168,5922000.0,
0.865979381443299,1.2995653135059482,2.1402061855670107,1.8802931228658206,79230.00000251865,5.511638516934284,5923000.0,
0.8041237113402062,1.2131780238798302,1.9979381443298967,1.7553025395539308,79240.00000251923,5.8286931837019065,5924000.0,
0.7628865979381443,1.1756183327380398,1.936082474226804,1.7009588076791962,79250.00000251981,6.0950645714594245,5925000.0,
0.845360824742268,1.1605944562813237,1.9113402061855669,1.6792213149293023,79260.00000252039,5.483139783801199,5926000.0,
0.8556701030927835,1.1380586415962495,1.8742268041237116,1.6466150758044615,79270.00000252097,5.391222749966849,5927000.0,
0.8556701030927835,1.3258570973052015,2.1835051546391755,1.918333735178135,79280.00000252156,5.611179981337579,5928000.0,
0.8247422680412371,1.367172757561171,2.2515463917525773,1.978111840240343,79290.00000252214,5.872194468698131,5929000.0,
0.8865979381443299,1.179374301852219,1.9422680412371134,1.7063931808666697,79300.00000252272,5.251152410373075,5930000.0,
0.7835051546391752,1.1943981783089352,1.9670103092783506,1.7281306736165636,79310.0000025233,5.961795043531424,5931000.0,
0.8247422680412371,1.2920533752775902,2.1278350515463913,1.8694243764908736,79320.00000252388,5.782612217679376,5932000.0,
0.8350515463917526,1.2056660856514723,1.9855670103092784,1.744433793178984,79330.00000252447,5.608264324945914,5933000.0,
0.8556701030927835,1.269517560592516,2.0907216494845358,1.8368181373660328,79340.00000252505,5.5482289565048495,5934000.0,
0.7835051546391752,1.1793743018522191,1.9422680412371134,1.7063931808666697,79350.00000252563,5.944725095948633,5935000.0,
0.8144329896907216,1.262005622364158,2.0783505154639172,1.825949390991086,79360.00000252621,5.8209410807817275,5936000.0,
0.7628865979381443,1.2507377150216208,2.0597938144329895,1.8096462714286652,79370.0000025268,6.200018356345036,5937000.0,
0.7525773195876289,1.070451197541027,1.762886597938144,1.5487963584299387,79380.00000252738,6.045939262656403,5938000.0,
0.845360824742268,1.0742071666552055,1.7690721649484535,1.5542307316174129,79390.00000252796,5.387291404609696,5939000.0,
0.845360824742268,0.9742231443900278,2.1525773195876288,1.9577326907096229,79400.00000252854,5.663247480861831,5940000.0,
0.845360824742268,1.1281951930723595,2.4927835051546388,2.267144466540167,79410.00000252912,5.452130899273947,5941000.0,
0.8762886597938144,1.1365936684550322,2.511340206185567,2.284021472494561,79420.0000025297,5.269757480618651,5942000.0,
0.845360824742268,1.0778043407763236,2.381443298969072,2.1658824308138076,79430.00000253029,5.3934978178994255,5943000.0,
0.8350515463917526,1.0974007833358932,2.4247422680412374,2.2052621113740583,79440.00000253087,5.484045382667079,5944000.0,
0.8969072164948454,1.1841850289568439,2.6164948453608248,2.379657839569456,79450.00000253145,5.203054572658253,5945000.0,
0.8144329896907216,1.189784012545292,2.628865979381443,2.3909091768723845,79460.00000253203,5.737327205434807,5946000.0,
0.8247422680412371,1.069405865393651,2.3628865979381444,2.1490054248594137,79470.00000253262,5.520152111945537,5947000.0,
0.845360824742268,1.2457738484297767,2.752577319587629,2.5034225499016736,79480.0000025332,5.594632479392066,5948000.0,
0.865979381443299,1.147791635631929,2.536082474226804,2.306524147100418,79490.00000253378,5.348757007961434,5949000.0,
0.7628865979381443,0.993819586949597,2.195876288659794,1.9971123712698744,79500.00000253436,5.870274323602387,5950000.0,
0.8865979381443299,1.094601291541669,2.4185567010309277,2.1996364427225936,79510.00000253494,5.165303782465231,5951000.0,
0.7938144329896907,1.0162155213033908,2.245360824742268,2.04211772048159,79520.00000253553,5.670814358167523,5952000.0,
0.865979381443299,1.05540840642253,2.331958762886598,2.120877081602092,79530.00000253611,5.243981136136407,5953000.0,
0.865979381443299,1.1393931602492564,2.5175257731958762,2.289647141146025,79540.00000253669,5.341439720912535,5954000.0,
0.9175257731958762,1.3213601268738302,2.9195876288659792,2.655315603491213,79550.00000253727,5.240131823811674,5955000.0,
0.8762886597938144,1.1813855371626198,2.6103092783505155,2.3740321709179915,79560.00000253785,5.327461142555928,5956000.0,
0.8247422680412371,1.0162155213033908,2.245360824742268,2.0421177204815897,79570.00000253844,5.460658819736387,5957000.0,
0.8865979381443299,1.1533906192203773,2.548453608247422,2.3177754844033474,79580.00000253902,5.234868489265826,5958000.0,
0.845360824742268,0.8482460136499377,1.8742268041237111,1.7045776013937235,79590.0000025396,5.12975199190891,5959000.0,
0.8144329896907216,1.0638068818052027,2.3505154639175254,2.1377540875564853,79600.00000254018,5.589735032248021,5960000.0,
0.8865979381443299,1.0134160295091665,2.239175257731959,2.0364920518301255,79610.00000254076,5.078385521800937,5961000.0,
0.845360824742268,1.061007390010978,2.344329896907216,2.1321284189050207,79620.00000254135,5.382896546872665,5962000.0,
0.8144329896907216,1.0526089146283055,2.3257731958762884,2.1152514129506272,79630.00000254193,5.577504616853692,5963000.0,
0.8350515463917526,1.019015013097615,2.251546391752577,2.0477433891330543,79640.00000254251,5.400052546703296,5964000.0,
0.8350515463917526,0.9742231443900274,2.1525773195876288,1.9577326907096233,79650.00000254309,5.3469067286213985,5965000.0,
0.8762886597938144,1.1953829961337408,2.6412371134020614,2.4021605141753137,79660.00000254367,5.3481405957350105,5966000.0,
0.8865979381443299,1.0778043407763236,2.381443298969072,2.165882430813807,79670.00000254426,5.15380024497452,5967000.0,
0.8247422680412371,1.1337941766608077,2.5051546391752577,2.2783958038430954,79680.00000254484,5.608722939357575,5968000.0,
0.8556701030927835,1.1393931602492564,2.5175257731958762,2.289647141146025,79690.00000254542,5.4130233320082874,5969000.0,
0.845360824742268,0.9518272100362337,2.1030927835051543,1.9127273414979076,79700.000002546,5.257646821780817,5970000.0,
0.8969072164948454,1.122596209483911,2.4804123711340207,2.255893129237238,79710.00000254659,5.146340601522461,5971000.0,
0.845360824742268,1.1953829961337405,2.641237113402062,2.4021605141753137,79720.00000254717,5.546731105335242,5972000.0,
0.8041237113402062,0.9266317838882158,2.047422680412371,1.8620963236347277,79730.00000254775,5.497475423713799,5973000.0,
0.8247422680412371,1.0330124720687361,2.2824742268041236,2.075871732390376,79740.00000254833,5.489525122539864,5974000.0,
0.8969072164948454,1.1645885863972743,2.57319587628866,2.340278159009205,79750.00000254891,5.194998768885743,5975000.0,
0.865979381443299,0.9714236525958033,2.1463917525773195,1.9521070220581587,79760.0000025495,5.157951122789514,5976000.0,
0.8247422680412371,1.1785860453683954,2.604123711340206,2.368406502266527,79770.00000255008,5.6675330801657875,5977000.0,
0.8556701030927835,1.1645885863972743,2.5731958762886595,2.3402781590092046,79780.00000255066,5.446805938470681,5978000.0,
0.8762886597938144,1.0862028161589963,2.4,2.182759436768201,79790.00000255124,5.229664390352422,5979000.0,
0.8350515463917526,0.9294312756824399,2.05360824742268,1.8677219922861923,79800.00000255182,5.300674490786818,5980000.0,
0.865979381443299,1.1505911274261533,2.5422680412371133,2.3121498157518827,79810.0000025524,5.367227849677081,5981000.0,
0.8556701030927835,1.240174864841328,2.7402061855670103,2.4921712125987443,79820.00000255299,5.53706942050782,5982000.0,
0.8556701030927835,1.0918017997474447,2.4123711340206184,2.194010774071129,79830.00000255357,5.36415150106078,5983000.0,
0.8969072164948454,1.2177789304875342,2.6907216494845354,2.4471658633870295,79840.00000255415,5.258440876664778,5984000.0,
0.8350515463917526,1.1533906192203773,2.5484536082474225,2.3177754844033465,79850.00000255473,5.57134185280153,5985000.0,
0.9072164948453608,1.2065809633106375,2.665979381443299,2.424663188781171,79860.00000255532,5.187251743791834,5986000.0,
0.8041237113402062,0.9518272100362337,2.1030927835051543,1.9127273414979074,79870.0000025559,5.53598768443675,5987000.0,
0.8556701030927835,1.1953829961337408,2.6412371134020614,2.4021605141753137,79880.00000255648,5.487613863102736,5988000.0,
0.8041237113402062,1.0274134884802877,2.270103092783505,2.0646203950874473,79890.00000255706,5.631011646091595,5989000.0,
0.8556701030927835,1.122596209483911,2.4804123711340207,2.255893129237238,79900.00000255764,5.40351364256022,5990000.0,
0.8144329896907216,0.9966190787438212,2.202061855670103,2.0027380399213386,79910.00000255823,5.522934818363442,5991000.0,
0.8556701030927835,0.9798221279784761,2.1649484536082473,1.9689840280125521,79920.00000255881,5.23762104128284,5992000.0,
0.8556701030927835,1.1729870617799472,2.5917525773195873,2.357155164963598,79930.00000255939,5.4638499398219365,5993000.0,
0.8556701030927835,1.1393931602492562,2.517525773195876,2.2896471411460246,79940.00000255997,5.425071524780073,5994000.0,
0.865979381443299,1.086202816158996,2.4,2.1827594367682,79950.00000256056,5.299541347380871,5995000.0,
0.8350515463917526,0.9966190787438212,2.202061855670103,2.0027380399213386,79960.00000256114,5.38903519321881,5996000.0,
0.8350515463917526,1.097400783335893,2.4247422680412374,2.2052621113740583,79970.00000256172,5.510218222174776,5997000.0,
0.8969072164948454,1.0638068818052024,2.350515463917526,2.1377540875564853,79980.0000025623,5.0932076729618645,5998000.0,
0.865979381443299,0.9070353413286463,2.004123711340206,1.822716643074477,79990.00000256288,5.094550334779269,5999000.0,
0.9072164948453608,1.652626410238778,2.7216494845360826,2.3911242024883266,80000.00000256347,5.221387611250815,6000000.0,
0.7835051546391752,1.2657615914783371,2.0845360824742265,1.8313837641785595,80010.00000256405,6.089719399815569,6001000.0,
0.8041237113402062,1.3559048502186342,2.232989690721649,1.9618087206779224,80020.00000256463,6.0461868010742865,6002000.0,
0.845360824742268,1.262005622364158,2.0783505154639172,1.825949390991086,80030.00000256521,5.640662748559908,6003000.0,
0.8041237113402062,1.2432257767932626,2.047422680412371,1.7987775250537184,80040.0000025658,5.9070859020710005,6004000.0,
0.845360824742268,1.3221011281910224,2.177319587628866,1.9128993619906616,80050.00000256638,5.71272694447711,6005000.0,
0.845360824742268,1.3446369428760967,2.2144329896907213,1.9455056011155023,80060.00000256696,5.739872969165579,6006000.0,
0.865979381443299,1.382196634017887,2.2762886597938143,1.9998493329902367,80070.00000256754,5.64705801800397,6007000.0,
0.8350515463917526,1.3333690355335595,2.195876288659794,1.929202481553082,80080.00000256812,5.798229585917976,6008000.0,
0.9072164948453608,1.2995653135059482,2.1402061855670103,1.8802931228658208,80090.0000025687,5.300200402530456,6009000.0,
0.8969072164948454,1.4272682633880356,2.350515463917526,2.065061811239919,80100.00000256929,5.503963466221205,6010000.0,
0.7216494845360825,1.2169339929940093,2.004123711340206,1.760736912741404,80110.00000256987,6.549748533328953,6011000.0,
0.7319587628865979,1.0554273210843106,1.7381443298969075,1.5270588656800448,80120.00000257045,6.237411974053356,6012000.0,
0.8247422680412371,1.2770294988208741,2.1030927835051543,1.8476868837409797,80130.00000257103,5.804895767477966,6013000.0,
0.845360824742268,1.006599722599983,1.6577319587628867,1.45641201424289,80140.00000257161,5.343902111034306,6014000.0,
0.865979381443299,1.077963135769385,1.7752577319587628,1.5596651048048857,80150.0000025722,5.299550287883898,6015000.0,
0.8041237113402062,1.168106394509682,1.9237113402061852,1.690090061304249,80160.00000257278,5.819822054872546,6016000.0,
0.8144329896907216,1.265761591478337,2.0845360824742265,1.8313837641785593,80170.00000257336,5.866565498557221,6017000.0,
0.8762886597938144,1.3596608193328128,2.239175257731959,1.9672430938653964,80180.00000257394,5.560081170445964,6018000.0,
0.7731958762886598,1.179374301852219,1.9422680412371132,1.7063931808666697,80190.00000257452,6.068788097230556,6019000.0,
0.8969072164948454,1.453560047187289,2.3938144329896907,2.103102423552233,80200.0000025751,5.537874995285009,6020000.0,
0.8247422680412371,1.1455705798246074,1.8865979381443299,1.6574838221794086,80210.00000257569,5.649501828195224,6021000.0,
0.8762886597938144,1.4422921398447521,2.375257731958763,2.0867993039898125,80220.00000257627,5.65626044208911,6022000.0,
0.7938144329896907,1.0629392593126687,1.7505154639175255,1.537927612054992,80230.00000257685,5.766557248908631,6023000.0,
0.8762886597938144,1.2544936841357999,2.065979381443299,1.8150806446161392,80240.00000257744,5.44289043969189,6024000.0,
0.8041237113402062,1.168106394509682,1.9237113402061856,1.6900900613042495,80250.00000257802,5.824437439488199,6025000.0,
0.8247422680412371,1.4047324487029613,2.3134020618556703,2.0324555721150777,80260.0000025786,5.966235594210374,6026000.0,
0.8762886597938144,1.1568384871671449,1.9051546391752576,1.6737869417418287,80270.00000257918,5.332860391386566,6027000.0,
0.8144329896907216,1.1943981783089352,1.9670103092783504,1.7281306736165636,80280.00000257976,5.784511687450811,6028000.0,
0.7422680412371134,1.1155228269111752,1.8371134020618556,1.6140088366796206,80290.00000258035,6.241187697542135,6029000.0,
0.8556701030927835,1.2845414370492318,2.1154639175257732,1.858555630115927,80300.00000258093,5.612052041041296,6030000.0,
0.8350515463917526,1.3897085722462452,2.288659793814433,2.010718079365184,80310.00000258151,5.877055944698027,6031000.0,
0.8762886597938144,1.2920533752775902,2.1278350515463913,1.8694243764908733,80320.00000258209,5.489517381348034,6032000.0,
0.7731958762886598,1.0253795681708784,1.6886597938144328,1.4835838801802572,80330.00000258267,5.877088241669789,6033000.0,
0.8350515463917526,1.2094220547656513,1.9917525773195874,1.7498681663664573,80340.00000258326,5.662638757097895,6034000.0,
0.845360824742268,1.1643504253955028,1.9175257731958764,1.6846556881167756,80350.00000258384,5.540753552146676,6035000.0,
0.9175257731958762,1.4798518309865423,2.4371134020618554,2.1411430358645474,80360.00000258442,5.449274467622028,6036000.0,
0.8247422680412371,1.2469817459074417,2.0536082474226807,1.804211898241192,80370.000002585,5.780462867071127,6037000.0,
0.8350515463917526,1.258249653249979,2.072164948453608,1.8205150178036125,80380.00000258558,5.723086621949612,6038000.0,
0.8144329896907216,1.3033212826201273,2.14639175257732,1.8857274960532941,80390.00000258617,5.923822334516776,6039000.0,
0.8762886597938144,1.3521488811044546,2.2268041237113403,1.9563743474904491,80400.00000258675,5.5618616644683225,6040000.0,
0.7835051546391752,1.3108332208484854,2.158762886597938,1.8965962424282408,80410.00000258733,6.1682976636181674,6041000.0,
0.8350515463917526,1.1455705798246079,1.8865979381443299,1.6574838221794082,80420.00000258791,5.590125262415642,6042000.0,
0.865979381443299,1.3108332208484854,2.158762886597938,1.8965962424282412,80430.0000025885,5.581793124226016,6043000.0,
0.8144329896907216,1.3709287266753498,2.2577319587628866,1.9835462134278163,80440.00000258908,6.0093656519011835,6044000.0,
0.7835051546391752,1.1530825180529656,1.8989690721649484,1.6683525685543552,80450.00000258966,5.969063213997693,6045000.0,
0.845360824742268,1.2244459312223674,2.0164948453608242,1.7716056591163512,80460.00000259024,5.617207991966572,6046000.0,
0.7938144329896907,1.3258570973052015,2.1835051546391755,1.9183337351781347,80470.00000259082,6.11023296689995,6047000.0,
0.8556701030927835,1.2469817459074417,2.05360824742268,1.804211898241192,80480.0000025914,5.576831679105009,6048000.0,
0.8041237113402062,1.1605944562813235,1.9113402061855673,1.6792213149293023,80490.00000259199,5.827403362461341,6049000.0,
0.8247422680412371,1.1568384871671449,1.9051546391752576,1.6737869417418287,80500.00000259257,5.6776641658488955,6050000.0,
0.8247422680412371,1.186886240080577,1.9546391752577321,1.7172619272416163,80510.00000259315,5.714597066256461,6051000.0,
0.845360824742268,1.0967429813402803,1.806185567010309,1.5868369707422532,80520.00000259373,5.469071575642809,6052000.0,
0.9278350515463918,1.3296130664193806,2.1896907216494843,1.9237681083656086,80530.00000259432,5.234358527282061,6053000.0,
0.8247422680412371,1.3108332208484854,2.158762886597938,1.8965962424282408,80540.0000025949,5.866382780437638,6054000.0,
0.865979381443299,1.3821966340178868,2.2762886597938143,1.9998493329902371,80550.00000259548,5.669915160862443,6055000.0,
0.8969072164948454,1.2845414370492323,2.1154639175257732,1.858555630115927,80560.00000259606,5.365980682833197,6056000.0,
0.7835051546391752,1.1418146107104286,1.8804123711340206,1.6520494489919348,80570.00000259664,5.960997595416138,6057000.0,
0.8350515463917526,1.168106394509682,1.9237113402061858,1.6900900613042495,80580.00000259723,5.625013830619214,6058000.0,
0.865979381443299,1.262005622364158,2.0783505154639177,1.825949390991086,80590.00000259781,5.533027921214796,6059000.0,
0.8556701030927835,1.0106165377149425,2.2329896907216495,2.030866383178661,80600.00000259839,5.709910487758185,6060000.0,
0.8865979381443299,1.158989602808826,2.5608247422680415,2.3290268217062757,80610.00000259897,5.289090598664887,6061000.0,
0.8350515463917526,0.92943127568244,2.0536082474226807,1.8677219922861923,80620.00000259955,5.341168317949669,6062000.0,
0.865979381443299,0.9714236525958033,2.1463917525773195,1.952107022058159,80630.00000260014,5.1993796942204975,6063000.0,
0.8041237113402062,0.9350302592708886,2.0659793814432987,1.878973329589121,80640.00000260072,5.554586348230863,6064000.0,
0.8762886597938144,1.0106165377149423,2.232989690721649,2.030866383178661,80650.0000026013,5.183877696130387,6065000.0,
0.8247422680412371,1.0134160295091665,2.239175257731959,2.0364920518301255,80660.00000260188,5.511764435939062,6066000.0,
0.7938144329896907,0.8986368659459737,1.9855670103092784,1.8058396371200836,80670.00000260246,5.582436052071397,6067000.0,
0.8556701030927835,1.1169972258954626,2.468041237113402,2.2446417919343093,80680.00000260305,5.434560613549403,6068000.0,
0.8865979381443299,1.0946012915416687,2.4185567010309277,2.1996364427225945,80690.00000260363,5.22018750339866,6069000.0,
0.845360824742268,1.2345758812528798,2.727835051546392,2.4809198752958155,80700.00000260421,5.640898298710664,6070000.0,
0.865979381443299,1.1813855371626194,2.6103092783505155,2.3740321709179915,80710.0000026048,5.4456452037800185,6071000.0,
0.845360824742268,1.133794176660808,2.5051546391752573,2.278395803843096,80720.00000260537,5.522656526205466,6072000.0,
0.7422680412371134,0.904235849534422,1.9979381443298967,1.8170909744230124,80730.00000260596,5.980981630799876,6073000.0,
0.845360824742268,0.9378297510651127,2.0721649484536084,1.8845989982405855,80740.00000260654,5.291820559342321,6074000.0,
0.8144329896907216,1.0498094228340815,2.319587628865979,2.1096257442991635,80750.00000260712,5.63077612693244,6075000.0,
0.865979381443299,1.1421926520434806,2.5237113402061855,2.295272809797489,80760.0000026077,5.402767705487817,6076000.0,
0.865979381443299,1.0554084064225295,2.3319587628865976,2.120877081602092,80770.00000260829,5.303028755187462,6077000.0,
0.8762886597938144,1.0414109474514088,2.3010309278350514,2.09274873834477,80780.00000260887,5.225137199006476,6078000.0,
0.8556701030927835,1.0834033243647718,2.39381443298969,2.1771337681167364,80790.00000260945,5.400601475616253,6079000.0,
0.8865979381443299,1.0526089146283055,2.3257731958762884,2.1152514129506272,80800.00000261003,5.177940287578071,6080000.0,
0.845360824742268,1.1281951930723595,2.492783505154639,2.267144466540167,80810.00000261061,5.520423582204752,6081000.0,
0.8247422680412371,0.9462282264477854,2.0907216494845358,1.9014760041949788,80820.0000026112,5.438299224727603,6082000.0,
0.9175257731958762,1.069405865393651,2.3628865979381444,2.149005424859414,80830.00000261178,5.02305807815685,6083000.0,
0.865979381443299,1.083403324364772,2.3938144329896907,2.177133768116736,80840.00000261236,5.338689553287627,6084000.0,
0.7938144329896907,0.8174516039134712,1.806185567010309,1.6426952462276148,80850.00000261294,5.489514358342685,6085000.0,
0.7938144329896907,1.0218145048918392,2.2577319587628866,2.0533690577845185,80860.00000261352,5.747478012821959,6086000.0,
0.8350515463917526,1.0862028161589963,2.4,2.1827594367682006,80870.0000026141,5.541252755311202,6087000.0,
0.8762886597938144,1.2429743566355522,2.746391752577319,2.497796881250209,80880.00000261469,5.459862501252184,6088000.0,
0.9072164948453608,1.0358119638629604,2.288659793814433,2.0814974010418408,80890.00000261527,5.045835914857915,6089000.0,
0.8556701030927835,1.0330124720687361,2.2824742268041236,2.075871732390376,80900.00000261585,5.347012166306736,6090000.0,
0.7938144329896907,1.0358119638629604,2.288659793814433,2.0814974010418408,80910.00000261643,5.767708578019496,6091000.0,
0.8247422680412371,1.0638068818052024,2.350515463917526,2.137754087556485,80920.00000261702,5.585863344348763,6092000.0,
0.8350515463917526,1.0750048489820994,2.3752577319587624,2.1602567621623425,80930.0000026176,5.530805806963732,6093000.0,
0.8350515463917526,1.1813855371626196,2.6103092783505155,2.374032170917991,80940.00000261818,5.6586937915750015,6094000.0,
0.8144329896907216,1.0722053571878751,2.369072164948453,2.1546310935108783,80950.00000261876,5.6684015146838895,6095000.0,
0.8144329896907216,1.0918017997474447,2.4123711340206184,2.1940107740711294,80960.00000261934,5.692969298586175,6096000.0,
0.8350515463917526,1.0498094228340815,2.319587628865979,2.109625744299163,80970.00000261993,5.502608815156963,6097000.0,
0.845360824742268,1.047009931039857,2.3134020618556694,2.1040000756476984,80980.00000262051,5.43268004053264,6098000.0,
0.8969072164948454,1.1925835043395165,2.6350515463917525,2.396534845523849,80990.00000262109,5.283222987744205,6099000.0,
0.845360824742268,1.1169972258954626,2.468041237113402,2.2446417919343093,81000.00000262167,5.516445499081401,6100000.0,
0.865979381443299,1.083403324364772,2.3938144329896907,2.1771337681167364,81010.00000262226,5.346784791383335,6101000.0,
0.7628865979381443,1.0414109474514086,2.3010309278350514,2.0927487383447696,81020.00000262284,6.014819755616301,6102000.0,
0.9278350515463918,1.1057992587185657,2.443298969072165,2.2221391173284517,81030.00000262342,5.0153592012058095,6103000.0,
0.7938144329896907,1.0218145048918392,2.257731958762886,2.053369057784519,81040.000002624,5.756828662173152,6104000.0,
0.8762886597938144,0.9966190787438212,2.202061855670103,2.0027380399213386,81050.00000262458,5.18672765471738,6105000.0,
0.8247422680412371,1.0386114556571844,2.294845360824742,2.0871230696933054,81060.00000262517,5.562313890144699,6106000.0,
0.8556701030927835,1.1141977341012386,2.4618556701030925,2.239016123282845,81070.00000262575,5.450084099043993,6107000.0,
0.8247422680412371,1.1169972258954626,2.4680412371134017,2.2446417919343093,81080.00000262633,5.658356636558669,6108000.0,
0.7938144329896907,0.9238322920939915,2.0412371134020617,1.8564706549832635,81090.00000262691,5.635993926570819,6109000.0,
0.8969072164948454,1.2317763894586555,2.7216494845360826,2.4752942066443513,81100.0000026275,5.331978273452045,6110000.0,
0.8247422680412371,1.1197967176896868,2.4742268041237114,2.2502674605857735,81110.00000262808,5.663251020359253,6111000.0,
0.8969072164948454,1.1057992587185657,2.4432989690721647,2.2221391173284517,81120.00000262866,5.192440552971767,6112000.0,
0.8556701030927835,1.1029997669243417,2.4371134020618554,2.216513448676987,81130.00000262924,5.439888884391643,6113000.0,
0.8762886597938144,1.0526089146283055,2.3257731958762884,2.1152514129506272,81140.00000262982,5.254857232138743,6114000.0,
0.7938144329896907,1.05540840642253,2.3319587628865976,2.120877081602092,81150.0000026304,5.804862538127732,6115000.0,
0.8762886597938144,1.0274134884802877,2.270103092783505,2.0646203950874473,81160.00000263099,5.227045981122826,6116000.0,
0.7835051546391752,1.0498094228340815,2.3195876288659796,2.109625744299163,81170.00000263157,5.875148868786322,6117000.0,
0.845360824742268,0.8958373741517496,1.9793814432989694,1.8002139684686191,81180.00000263215,5.263610064702154,6118000.0,
0.7938144329896907,1.0246139966860635,2.263917525773196,2.0589947264359827,81190.00000263273,5.76814750248581,6119000.0,
0.865979381443299,1.4760958618723632,2.430927835051546,2.1357086626770734,81200.00000263331,5.3752288892914635,6120000.0,
0.8350515463917526,1.3333690355335595,2.195876288659794,1.929202481553082,81210.0000026339,5.854032055057027,6121000.0,
0.865979381443299,1.3145891899626645,2.1649484536082477,1.9020306156157145,81220.00000263448,5.623749421895771,6122000.0,
0.8041237113402062,1.070451197541027,1.7628865979381447,1.5487963584299387,81230.00000263506,5.753250848389079,6123000.0,
0.7835051546391752,1.1568384871671449,1.9051546391752572,1.6737869417418287,81240.00000263564,6.0154359640537365,6124000.0,
0.8041237113402062,1.258249653249979,2.072164948453608,1.8205150178036122,81250.00000263622,5.987820722796425,6125000.0,
0.845360824742268,1.2845414370492318,2.1154639175257732,1.8585556301159267,81260.0000026368,5.727320968373793,6126000.0,
0.845360824742268,1.2019101165372934,1.9793814432989691,1.7389994199915106,81270.00000263739,5.63006196728043,6127000.0,
0.8350515463917526,1.3258570973052015,2.1835051546391755,1.918333735178135,81280.00000263797,5.848493067302281,6128000.0,
0.8041237113402062,1.3897085722462452,2.288659793814433,2.0107180793651835,81290.00000263855,6.153352968214979,6129000.0,
0.8247422680412371,1.1831302709663982,1.9484536082474224,1.711827554054143,81300.00000263914,5.749542953707818,6130000.0,
0.9175257731958762,1.3483929119902756,2.2206185567010306,1.9509399743029756,81310.00000263972,5.348695645797123,6131000.0,
0.8041237113402062,1.0779631357693849,1.7752577319587628,1.5596651048048857,81320.0000026403,5.767208002339998,6132000.0,
0.8350515463917526,1.2169339929940093,2.004123711340206,1.760736912741404,81330.00000264088,5.720523423868034,6133000.0,
0.8877551020408163,1.3866808012256315,2.283673469387755,2.006337309142629,81340.00000264146,5.531661132563288,6134000.0,
0.8469387755102041,1.297457371656154,2.1367346938775507,1.8772432195463202,81350.00000264205,5.693380993195175,6135000.0,
0.7448979591836735,1.0372223687451771,1.7081632653061223,1.500718791557087,81360.00000264263,6.1244875636976195,6136000.0,
0.7857142857142857,1.252845656871415,2.063265306122449,1.812696174748166,81370.00000264321,6.081281485536362,6137000.0,
0.8367346938775511,1.1673398702006659,1.9224489795918371,1.6889810055517038,81380.00000264379,5.608769601128888,6138000.0,
0.7755102040816326,1.2379750852765021,2.038775510204082,1.7911804931487811,81390.00000264437,6.143175768026356,6139000.0,
0.8979591836734694,1.267716228466328,2.0877551020408163,1.834211856347551,81400.00000264496,5.339045345484185,6140000.0,
0.8163265306122449,1.2231045136815895,2.0142857142857142,1.7696648115493965,81410.00000264554,5.8188005294213285,6141000.0,
0.8163265306122449,1.3495043722383488,2.2224489795918365,1.9525481051441667,81420.00000264612,5.974140356153387,6142000.0,
0.8571428571428571,1.1375987270108399,1.8734693877551016,1.6459496423529343,81430.0000026467,5.4429104197616365,6143000.0,
0.7551020408163265,1.1859280846943068,1.9530612244897956,1.7158756075509347,81440.00000264728,6.242983139364318,6144000.0,
0.8469387755102041,1.3234808719472517,2.1795918367346934,1.9148956623452438,81450.00000264787,5.728926812816271,6145000.0,
0.7653061224489796,1.1561869415044808,1.9040816326530612,1.6728442443521647,81460.00000264845,6.121948270404816,6146000.0,
0.7653061224489796,0.9479989391757,1.561224489795918,1.3716247019607781,81470.00000264903,5.85044928069524,6147000.0,
0.826530612244898,1.4684689449976525,2.4183673469387754,2.124673557939245,81480.00000264961,6.047280945959219,6148000.0,
0.7857142857142857,1.2007986562892197,1.9775510204081634,1.7373912891503192,81490.0000026502,6.021273614665878,6149000.0,
0.8163265306122449,1.2119515849854046,1.9959183673469387,1.7535280503498576,81500.00000265078,5.809638191768764,6150000.0,
0.8469387755102041,1.0743987977324598,1.7693877551020405,1.5545079955555487,81510.00000265136,5.437721472177287,6151000.0,
0.8367346938775511,1.2937397287574255,2.1306122448979585,1.871864299146474,81520.00000265194,5.766662115014192,6152000.0,
0.8571428571428571,1.2379750852765024,2.038775510204082,1.7911804931487811,81530.00000265252,5.5647780758337575,6153000.0,
0.826530612244898,1.2082339420866761,1.9897959183673466,1.7481491299500118,81540.0000026531,5.735391683178211,6154000.0,
0.8061224489795918,1.2974573716561537,2.1367346938775507,1.87724321954632,81550.00000265369,5.9917800308259,6155000.0,
0.826530612244898,1.1338810841121116,1.8673469387755102,1.640570721953088,81560.00000265427,5.646421558715215,6156000.0,
0.826530612244898,1.2565632997701435,2.0693877551020408,1.8180750951480122,81570.00000265485,5.795345720869404,6157000.0,
0.7653061224489796,1.267716228466328,2.0877551020408163,1.8342118563475507,81580.00000265543,6.274079872035335,6158000.0,
0.8367346938775511,1.2119515849854046,1.9959183673469387,1.7535280503498578,81590.00000265602,5.672329943189292,6159000.0,
0.8775510204081632,1.249128013972687,2.057142857142857,1.8073172543483198,81600.0000026566,5.451329597468349,6160000.0,
0.826530612244898,1.078116440631188,1.7755102040816326,1.559886915955395,81610.00000265718,5.581422360429795,6161000.0,
0.8469387755102041,1.3011750145548822,2.142857142857143,1.8826221399461667,81620.00000265776,5.710782547461901,6162000.0,
0.8469387755102041,1.3718102296307184,2.259183673469388,1.9848216275432438,81630.00000265834,5.7946650905635195,6163000.0,
0.8367346938775511,1.3234808719472517,2.1795918367346934,1.914895662345243,81640.00000265893,5.808060066631643,6164000.0,
0.8775510204081632,1.0074812255553516,1.6591836734693877,1.4576874283583172,81650.00000265951,5.178290233923149,6165000.0,
0.8571428571428571,1.293739728757426,2.1306122448979594,1.871864299146474,81660.00000266009,5.636027302752338,6166000.0,
0.8571428571428571,1.2268221565803172,2.0204081632653064,1.7750437319492423,81670.00000266067,5.558432992355264,6167000.0,
0.7755102040816326,1.092987012226101,1.8,1.58140259755478,81680.00000266125,5.971480621199095,6168000.0,
0.7755102040816326,1.1152928696184705,1.8367346938775508,1.6136761199538567,81690.00000266184,6.000769753099812,6169000.0,
0.8469387755102041,1.0967046551248294,1.8061224489795917,1.5867815179546259,81700.00000266242,5.473215135123027,6170000.0,
0.7755102040816326,1.3197632290485235,2.1734693877551017,1.9095167419453973,81710.000002663,6.265481532364942,6171000.0,
0.7040816326530612,0.981457725264254,1.6163265306122447,1.4200349855593943,81720.00000266358,6.421197928824341,6172000.0,
0.7653061224489796,1.1636222273019374,1.916326530612245,1.6836020851518574,81730.00000266416,6.146063710514332,6173000.0,
0.8061224489795918,1.078116440631188,1.7755102040816324,1.5598869159553952,81740.00000266475,5.729306470820807,6174000.0,
0.7959183673469388,1.267716228466328,2.0877551020408163,1.8342118563475507,81750.00000266533,6.0414870564447405,6175000.0,
0.8571428571428571,1.3123279432510668,2.1612244897959183,1.8987589011457051,81760.00000266591,5.662475457757101,6176000.0,
0.8061224489795918,1.297457371656154,2.1367346938775507,1.8772432195463202,81770.0000026665,6.002919271332878,6177000.0,
0.8367346938775511,1.1264457983146552,1.8551020408163266,1.6298128811533956,81780.00000266708,5.579408393266254,6178000.0,
0.8775510204081632,1.1784927988968505,1.9408163265306124,1.7051177667512423,81790.00000266766,5.379675515173144,6179000.0,
0.8061224489795918,0.9476565385876958,2.093877551020408,1.904346243302869,81800.00000266824,5.972155941857934,6180000.0,
0.8775510204081632,1.1111411461218303,2.4551020408163264,2.2328738115919604,81810.00000266882,5.303856189917942,6181000.0,
0.8469387755102041,0.9919913474105119,2.191836734693877,1.993438465211775,81820.0000026694,5.355360868183567,6182000.0,
0.8877551020408163,1.1527050293932204,2.5469387755102044,2.3163977696315596,81830.00000266999,5.290630952799355,6183000.0,
0.8775510204081632,1.3106477858245031,2.895918367346939,2.6337888101820375,81840.00000267057,5.532596314230371,6184000.0,
0.8163265306122449,1.0695772628504403,2.3632653061224485,2.1493498535523607,81850.00000267115,5.65272964715445,6185000.0,
0.9081632653061225,1.0945155928132742,2.4183673469387754,2.1994642283761205,81860.00000267173,5.109014922569844,6186000.0,
0.8877551020408163,1.1028283694675525,2.436734693877551,2.21616901998404,81870.00000267231,5.236287128975145,6187000.0,
0.8775510204081632,1.1721015082532025,2.5897959183673467,2.3553756167167066,81880.0000026729,5.376578463044579,6188000.0,
0.9081632653061225,1.0363261562333281,2.289795918367347,2.0825306871206815,81890.00000267348,5.046289475549307,6189000.0,
0.8367346938775511,0.9725948685505297,2.1489795918367345,1.9544606181266286,81900.00000267406,5.4013914284265425,6190000.0,
0.7959183673469388,0.9725948685505297,2.148979591836735,1.9544606181266282,81910.00000267464,5.6788986811663955,6191000.0,
0.7959183673469388,1.033555230681902,2.2836734693877547,2.076962423251375,81920.00000267522,5.756002725895585,6192000.0,
0.8469387755102041,1.0335552306819018,2.2836734693877547,2.0769624232513744,81930.0000026758,5.409737501444072,6193000.0,
0.8673469387755102,1.1471631782903684,2.5346938775510197,2.305261241892947,81940.00000267639,5.413903429241059,6194000.0,
0.8775510204081632,1.0751191139532923,2.3755102040816323,2.1604863812909745,81950.00000267697,5.26931945558673,6195000.0,
0.8775510204081632,1.1499341038417943,2.5408163265306127,2.3108295057622534,81960.00000267755,5.355038862669004,6196000.0,
0.826530612244898,0.9144054319705835,2.020408163265306,1.8375270768711893,81970.00000267813,5.401130028964914,6197000.0,
0.8061224489795918,0.8589869209420631,1.8979591836734695,1.7261617994850562,81980.00000267872,5.469626813485638,6198000.0,
0.8877551020408163,1.0945155928132742,2.4183673469387754,2.1994642283761205,81990.0000026793,5.232440552974096,6199000.0,
0.8571428571428571,1.0224715284761978,2.259183673469388,2.0546893677741482,82000.00000267988,5.335738211948991,6200000.0,
0.826530612244898,1.1194539227761082,2.473469387755102,2.2495786031998803,82010.00000268046,5.651188696853194,6201000.0,
0.8673469387755102,1.1360794760846646,2.5102040816326534,2.2829881864157198,82020.00000268104,5.404889278462937,6202000.0,
0.8061224489795918,0.9310309852791396,2.0571428571428574,1.8709366600870292,82030.00000268163,5.561529576840639,6203000.0,
0.7755102040816326,1.1249957738789604,2.4857142857142853,2.2607151309384936,82040.00000268221,6.031702445436781,6204000.0,
0.9081632653061225,1.2164363170760186,2.687755102040816,2.444467838625612,82050.00000268279,5.25180403467988,6205000.0,
0.8673469387755102,1.050180783990458,2.3204081632653057,2.1103720064672147,82060.00000268337,5.307735492283843,6206000.0,
0.8469387755102041,1.0280133795790498,2.2714285714285714,2.0658258955127615,82070.00000268396,5.409941098937482,6207000.0,
0.7857142857142857,1.0418680073361801,2.3020408163265302,2.0936672148592943,82080.00000268454,5.849647593922236,6208000.0,
0.8469387755102041,1.1831852104589067,2.6142857142857143,2.3776486721939327,82090.00000268512,5.594119887205321,6209000.0,
0.8877551020408163,1.064035411747588,2.351020408163265,2.138213325813748,82100.0000026857,5.203164027176262,6210000.0,
0.9081632653061225,0.9836785707562338,2.1734693877551017,1.9767336736038548,82110.00000268628,4.998205617384094,6211000.0,
0.8469387755102041,1.0778900395047182,2.3816326530612244,2.1660546451602807,82120.00000268687,5.471241251620942,6212000.0,
0.7653061224489796,0.8700706231477672,1.9224489795918365,1.748434854962283,82130.00000268745,5.783822947754124,6213000.0,
0.7959183673469388,1.0862028161589963,2.4,2.1827594367682,82140.00000268803,5.833431743546949,6214000.0,
0.826530612244898,1.0695772628504403,2.363265306122449,2.1493498535523607,82150.00000268861,5.5977576762027885,6215000.0,
0.8163265306122449,0.9947622729619378,2.197959183673469,1.9990067290810816,82160.0000026892,5.576581284541938,6216000.0,
0.8571428571428571,0.997533198513364,2.204081632653061,2.004574992950388,82170.00000268978,5.314738731754727,6217000.0,
0.8469387755102041,1.0030750496162157,2.2163265306122453,2.0157115206890017,82180.00000269036,5.385797046692517,6218000.0,
0.8571428571428571,1.0889737417104222,2.406122448979592,2.1883277006375073,82190.00000269094,5.422371746437065,6219000.0,
0.8163265306122449,0.8783833998020452,1.9408163265306122,1.7651396465702032,82200.00000269152,5.436017164921185,6220000.0,
0.8163265306122449,0.9698239429991038,2.1428571428571432,1.9488923542573218,82210.0000026921,5.548531830337612,6221000.0,
0.8571428571428571,0.9725948685505298,2.1489795918367345,1.9544606181266286,82220.00000269269,5.288024965845845,6222000.0,
0.8163265306122449,1.0169296773733458,2.246938775510204,2.0435528400355345,82230.00000269327,5.6072363549461155,6223000.0,
0.8469387755102041,0.9476565385876956,2.0938775510204084,1.904346243302869,82240.00000269385,5.323254708369855,6224000.0,
0.8571428571428571,1.0889737417104222,2.406122448979592,2.1883277006375073,82250.00000269443,5.425228889294374,6225000.0,
0.826530612244898,1.052951709541884,2.3265306122448983,2.115940270336521,82260.00000269501,5.583074908002629,6226000.0,
0.8367346938775511,0.9864494963076597,2.1795918367346934,1.9823019374731619,82270.0000026956,5.435998178673919,6227000.0,
0.9183673469387755,0.9864494963076597,2.179591836734694,1.9823019374731616,82280.00000269618,4.953242785014041,6228000.0,
0.8673469387755102,0.978136719653382,2.1612244897959183,1.965597145865242,82290.00000269676,5.235496453401726,6229000.0,
0.8163265306122449,1.0862028161589958,2.4,2.1827594367682006,82300.00000269734,5.695595949958741,6230000.0,
0.8673469387755102,1.1055992950189784,2.442857142857143,2.2217372838533467,82310.00000269793,5.383394481470352,6231000.0,
0.8877551020408163,1.1665596571503505,2.577551020408163,2.3442390889780924,82320.0000026985,5.328766050733985,6232000.0,
0.826530612244898,1.1139120716732562,2.461224489795918,2.238442075461267,82330.00000269909,5.660286210334615,6233000.0,
0.8571428571428571,1.0446389328876062,2.3081632653061224,2.0992354787286014,82340.00000269967,5.377790659953719,6234000.0,
0.8367346938775511,1.1028283694675525,2.436734693877551,2.2161690199840405,82350.00000270025,5.578987563670116,6235000.0,
0.8367346938775511,1.1721015082532027,2.5897959183673467,2.355375616716706,82360.00000270084,5.662265217340799,6236000.0,
0.8673469387755102,1.1887270615617587,2.6265306122448977,2.3887851999325456,82370.00000270142,5.482059435837486,6237000.0,
0.8163265306122449,0.9809076452048079,2.1673469387755104,1.9711654097345483,82380.000002702,5.5706093655400934,6238000.0,
0.9081632653061225,1.1554759549446465,2.5530612244897957,2.3219660335008663,82390.00000270258,5.199960040423752,6239000.0,
0.8163265306122449,1.2416927281752304,2.044897959183673,1.7965594135486274,82400.00000270316,5.503721689530215,6240000.0,
0.8877551020408163,1.4982100881874787,2.46734693877551,2.1677049211380144,82410.00000270375,5.706487225925474,6241000.0,
0.8673469387755102,1.2231045136815892,2.0142857142857142,1.769664811549396,82420.00000270433,5.524047557105193,6242000.0,
0.7857142857142857,1.122728155415927,1.8489795918367347,1.6244339607535492,82430.00000270491,5.970742327842972,6243000.0,
0.8163265306122449,1.2268221565803175,2.020408163265306,1.7750437319492427,82440.00000270549,5.874854641975267,6244000.0,
0.8469387755102041,1.2639985855676,2.0816326530612246,1.8288329359477045,82450.00000270607,5.706887486732257,6245000.0,
0.8775510204081632,1.3755278725294469,2.2653061224489797,1.9902005479430904,82460.00000270666,5.635366645593497,6246000.0,
0.7346938775510204,1.089269369327373,1.7938775510204084,1.5760236771549336,82470.00000270724,6.342058308433887,6247000.0,
0.8673469387755102,1.4350101589090984,2.3632653061224485,2.0762632743406293,82480.00000270782,5.771185830426485,6248000.0,
0.8061224489795918,1.0929870122261012,1.7999999999999998,1.5814025975547796,82490.0000027084,5.785728192548353,6249000.0,
0.8979591836734694,1.2937397287574255,2.130612244897959,1.8718642991464745,82500.00000270898,5.418026061720363,6250000.0,
0.7755102040816326,1.1004222980235576,1.8122448979591836,1.592160438354472,82510.00000270957,6.024752437098359,6251000.0,
0.8469387755102041,1.2714338713650564,2.0938775510204084,1.8395907767473965,82520.00000271015,5.719039992854752,6252000.0,
0.8367346938775511,1.2528456568714155,2.063265306122449,1.812696174748166,82530.00000271073,5.767057004714267,6253000.0,
0.8163265306122449,1.3011750145548824,2.142857142857143,1.8826221399461665,82540.00000271131,5.9709368929944,6254000.0,
0.8673469387755102,1.2082339420866763,1.9897959183673466,1.7481491299500116,82550.0000027119,5.5130203098549435,6255000.0,
0.7857142857142857,1.0409400116439058,1.714285714285714,1.5060977119569332,82560.00000271248,5.873401573432219,6256000.0,
0.7653061224489796,1.0967046551248294,1.8061224489795917,1.5867815179546259,82570.00000271306,6.103424749538851,6257000.0,
0.7653061224489796,1.1896457275930352,1.9591836734693882,1.721254527950781,82580.00000271364,6.225401084230671,6258000.0,
0.8673469387755102,1.468468944997653,2.4183673469387754,2.124673557939245,82590.00000271422,5.814938313211238,6259000.0,
0.9183673469387755,1.3123279432510668,2.1612244897959183,1.8987589011457051,82600.0000027148,5.322310427242134,6260000.0,
0.8571428571428571,1.1375987270108399,1.873469387755102,1.6459496423529343,82610.00000271539,5.499100895955383,6261000.0,
0.8673469387755102,1.3271985148459797,2.1857142857142855,1.92027458274509,82620.00000271597,5.653473581977627,6262000.0,
0.8163265306122449,1.3160455861497953,2.1673469387755104,1.9041378215455513,82630.00000271655,5.993653343198431,6263000.0,
0.826530612244898,1.2937397287574257,2.1306122448979585,1.871864299146474,82640.00000271713,5.89316411643734,6264000.0,
0.7857142857142857,1.1450340128082963,1.8857142857142855,1.6567074831526263,82650.00000271772,6.010560172317042,6265000.0,
0.8571428571428571,1.2639985855676,2.081632653061224,1.8288329359477047,82660.0000027183,5.648948349986027,6266000.0,
0.8571428571428571,1.3011750145548822,2.1428571428571423,1.8826221399461667,82670.00000271888,5.692797040947408,6267000.0,
0.8673469387755102,1.330916157744708,2.191836734693877,1.9256535031449358,82680.00000271946,5.660583334966912,6268000.0,
0.8061224489795918,1.1152928696184705,1.8367346938775513,1.6136761199538567,82690.00000272004,5.823525332098969,6269000.0,
0.826530612244898,1.2491280139726866,2.0571428571428574,1.8073172543483194,82700.00000272063,5.842152412130051,6270000.0,
0.8367346938775511,1.3346338006434364,2.1979591836734693,1.9310324235447824,82710.00000272121,5.873584298491096,6271000.0,
0.826530612244898,1.2045162991879481,1.9836734693877551,1.7427702095501654,82720.00000272179,5.789165399180671,6272000.0,
0.826530612244898,1.1896457275930352,1.9591836734693875,1.721254527950781,82730.00000272237,5.771667670584385,6273000.0,
0.8979591836734694,1.3271985148459797,2.1857142857142855,1.9202745827450896,82740.00000272295,5.466196073501433,6274000.0,
0.7857142857142857,1.0929870122261014,1.8,1.5814025975547796,82750.00000272354,5.949513340407537,6275000.0,
0.8673469387755102,1.0669635119350034,1.7571428571428573,1.5437501547558565,82760.00000272412,5.36002616685712,6276000.0,
0.9081632653061225,1.5205159455798483,2.504081632653061,2.1999784435370917,82770.0000027247,5.61899283910171,6277000.0,
0.7959183673469388,1.1970810133904914,1.9714285714285715,1.732012368750473,82780.00000272528,6.005560760583303,6278000.0,
0.8061224489795918,1.4052690157192729,2.314285714285714,2.03323191114186,82790.00000272586,6.188305867768614,6279000.0,
0.8367346938775511,1.1561869415044812,1.9040816326530612,1.6728442443521652,82800.00000272645,5.664708783910649,6280000.0,
0.8775510204081632,1.3086103003523388,2.1551020408163266,1.8933799807458587,82810.00000272703,5.575390807532158,6281000.0,
0.826530612244898,1.089269369327373,1.7938775510204084,1.5760236771549336,82820.00000272761,5.654669113670633,6282000.0,
0.7346938775510204,1.3309161577447082,2.191836734693877,1.9256535031449358,82830.0000027282,6.6909664371142,6283000.0,
0.8571428571428571,1.249128013972687,2.057142857142857,1.8073172543483196,82840.00000272878,5.640170778363889,6284000.0,
0.8775510204081632,1.3941160870230882,2.295918367346939,2.0170951499423215,82850.00000272936,5.674688099319865,6285000.0,
0.8571428571428571,1.2416927281752304,2.0448979591836736,1.7965594135486274,82860.00000272994,5.6324486592192935,6286000.0,
0.7857142857142857,1.152469298605753,1.897959183673469,1.6674653239523187,82870.00000273052,6.0314518347612225,6287000.0,
0.8163265306122449,1.2900220858586975,2.1244897959183673,1.8664853787466278,82880.0000027311,5.974274555342563,6288000.0,
0.7959183673469388,1.2714338713650564,2.093877551020408,1.8395907767473971,82890.00000273169,6.104619479577315,6289000.0,
0.8469387755102041,1.3234808719472513,2.179591836734694,1.9148956623452433,82900.00000273227,5.798806330892626,6290000.0,
0.8163265306122449,1.1190105125171985,1.8428571428571427,1.6190550403537034,82910.00000273285,5.766285377999315,6291000.0,
0.8367346938775511,1.1301634412133834,1.861224489795918,1.6351918015532418,82920.00000273343,5.6394611860021175,6292000.0,
0.9081632653061225,1.6097393751493254,2.6510204081632653,2.3290725331334,82930.00000273401,5.72442987390897,6293000.0,
0.8367346938775511,1.2565632997701435,2.0693877551020408,1.8180750951480122,82940.0000027346,5.791500041350497,6294000.0,
0.826530612244898,1.2677162284663281,2.0877551020408163,1.834211856347551,82950.00000273518,5.876987535839126,6295000.0,
0.8571428571428571,1.2082339420866766,1.989795918367347,1.7481491299500118,82960.00000273576,5.598175313544829,6296000.0,
0.7755102040816326,1.0520929403400905,1.7326530612244893,1.5222344731564716,82970.00000273634,5.986643528507928,6297000.0,
0.8163265306122449,1.2751515142637844,2.1,1.8449696971472433,82980.00000273692,5.961058105139086,6298000.0,
0.8469387755102041,1.2751515142637846,2.1,1.8449696971472427,82990.0000027375,5.746080101338905,6299000.0,
0.8673469387755102,1.0612644861961624,2.3448979591836734,2.132645061944441,83000.00000273809,5.782797747931132,6300000.0,
0.8469387755102041,0.9144054319705834,2.020408163265306,1.8375270768711895,83010.00000273867,5.321102799354219,6301000.0,
0.826530612244898,1.0695772628504403,2.363265306122449,2.1493498535523607,83020.00000273925,5.6407206391682525,6302000.0,
0.8163265306122449,1.1804142849074806,2.608163265306122,2.372080408324626,83030.00000273983,5.84750499917776,6303000.0,
0.7755102040816326,0.8340485909792292,1.8428571428571427,1.676047424661297,83040.00000274042,5.709165288542822,6304000.0,
0.8571428571428571,1.052951709541884,2.326530612244898,2.115940270336521,83050.000002741,5.421298423195202,6305000.0,
0.8877551020408163,1.0834318906075704,2.3938775510204073,2.177191172898894,83060.00000274158,5.269150865434903,6306000.0,
0.7959183673469388,1.05572263509331,2.3326530612244896,2.1215085342058275,83070.00000274216,5.842828439133863,6307000.0,
0.8367346938775511,0.9587402407933997,2.118367346938775,1.9266192987800954,83080.00000274274,5.442394434281128,6308000.0,
0.7755102040816326,0.8672996975963413,1.9163265306122443,1.7428665910929768,83090.00000274333,5.754673294443987,6309000.0,
0.8877551020408163,1.1942689126646107,2.638775510204081,2.3999217276711593,83100.00000274391,5.3958408443038595,6310000.0,
0.8877551020408163,1.0335552306819018,2.283673469387755,2.076962423251375,83110.00000274449,5.215266811725663,6311000.0,
0.826530612244898,1.0806609650561443,2.3877551020408165,2.171622909029587,83120.00000274507,5.659068822084083,6312000.0,
0.826530612244898,0.9919913474105116,2.1918367346938776,1.9934384652117747,83130.00000274566,5.552283358759767,6313000.0,
0.826530612244898,0.9060926553163053,2.0020408163265304,1.8208222852632694,83140.00000274624,5.448850373263101,6314000.0,
0.8673469387755102,1.255229274795983,2.773469387755102,2.522423532795905,83150.00000274682,5.595438458156728,6315000.0,
0.8163265306122449,1.066806337299014,2.3571428571428577,2.143781589683054,83160.0000027474,5.714835263357767,6316000.0,
0.826530612244898,0.8866961764563234,1.9591836734693877,1.7818444381781227,83170.00000274798,5.426864509951111,6317000.0,
0.8775510204081632,1.1028283694675522,2.436734693877551,2.21616901998404,83180.00000274857,5.358104421176078,6318000.0,
0.8673469387755102,0.9642820918962518,2.130612244897959,1.9377558265187087,83190.00000274915,5.261875823754796,6319000.0,
0.8877551020408163,1.1693305827017766,2.5836734693877546,2.3498073528473995,83200.00000274973,5.372347093311509,6320000.0,
0.8367346938775511,1.1222248483275346,2.4795918367346936,2.2551468670691865,83210.00000275031,5.644119940846681,6321000.0,
0.8469387755102041,1.1721015082532027,2.5897959183673467,2.355375616716706,83220.0000027509,5.635490937616215,6322000.0,
0.8367346938775511,1.1748724338046284,2.5959183673469384,2.360943880586013,83230.00000275148,5.7080158356852175,6323000.0,
0.8469387755102041,0.9116345064191577,2.0142857142857142,1.8319588130018825,83240.00000275206,5.328915441474867,6324000.0,
0.9081632653061225,1.1333085505332385,2.504081632653061,2.277419922546413,83250.00000275264,5.214202673770744,6325000.0,
0.8775510204081632,0.9864494963076599,2.179591836734694,1.9823019374731616,83260.00000275322,5.229207565715021,6326000.0,
0.826530612244898,1.0280133795790498,2.271428571428571,2.0658258955127615,83270.0000027538,5.6027791507665485,6327000.0,
0.8469387755102041,1.066806337299014,2.357142857142857,2.143781589683054,83280.00000275439,5.514058085164449,6328000.0,
0.826530612244898,1.0307843051304761,2.277551020408163,2.0713941593820677,83290.00000275497,5.607119282915246,6329000.0,
0.8163265306122449,0.9725948685505298,2.1489795918367345,1.9544606181266286,83300.00000275555,5.6064262141412815,6330000.0,
0.8673469387755102,0.9310309852791395,2.057142857142857,1.870936660087029,83310.00000275613,5.229186312596571,6331000.0,
0.8673469387755102,1.1416213271875166,2.522448979591837,2.2941247141543335,83320.00000275671,5.472455177385079,6332000.0,
0.8673469387755102,1.1499341038417945,2.5408163265306123,2.3108295057622534,83330.0000027573,5.482509908115921,6333000.0,
0.826530612244898,1.1388504016360905,2.5163265306122446,2.2885564502850264,83340.00000275788,5.740335053996255,6334000.0,
0.8673469387755102,1.0806609650561443,2.3877551020408165,2.1716229090295873,83350.00000275846,5.403583230457227,6335000.0,
0.8775510204081632,1.1998107637674627,2.6510204081632653,2.4110582554097726,83360.00000275904,5.4769913356113475,6336000.0,
0.7959183673469388,1.0778900395047182,2.3816326530612244,2.1660546451602807,83370.00000275963,5.886064408779862,6337000.0,
0.8469387755102041,1.238603721487427,2.7367346938775516,2.4890139495800656,83380.00000276021,5.721722466495627,6338000.0,
0.8673469387755102,1.008616900719068,2.228571428571428,2.0268480484276146,83390.00000276079,5.322403015104001,6339000.0,
0.7551020408163265,0.9670530174476779,2.1367346938775507,1.9433240903880153,83400.00000276137,6.059067509773596,6340000.0,
0.8877551020408163,1.075119113953292,2.3755102040816323,2.1604863812909736,83410.00000276195,5.275879002078147,6341000.0,
0.8571428571428571,1.0668063372990142,2.3571428571428568,2.1437815896830545,83420.00000276254,5.455081203198593,6342000.0,
0.7653061224489796,1.025242454027624,2.265306122448979,2.060257631643455,83430.00000276312,6.05591414010784,6343000.0,
0.8163265306122449,0.9836785707562339,2.1734693877551017,1.9767336736038548,83440.0000027637,5.627003749343676,6344000.0,
0.8163265306122449,0.9725948685505298,2.1489795918367345,1.9544606181266286,83450.00000276428,5.613926214141717,6345000.0,
0.8469387755102041,1.1388504016360905,2.5163265306122446,2.2885564502850264,83460.00000276486,5.6077968599243935,6346000.0,
0.8367346938775511,0.9781367196533818,2.1612244897959183,1.9655971458652415,83470.00000276545,5.484599982188068,6347000.0,
0.8571428571428571,0.9670530174476777,2.1367346938775507,1.9433240903880153,83480.00000276603,5.3415594728960105,6348000.0,
0.8163265306122449,1.0280133795790503,2.2714285714285714,2.0658258955127615,83490.00000276661,5.683813890151771,6349000.0,
0.7959183673469388,1.0141587518219197,2.2408163265306125,2.037984576166228,83500.00000276719,5.812658431948016,6350000.0,
0.8571428571428571,1.1665596571503505,2.577551020408163,2.3442390889780933,83510.00000276777,5.575745790644449,6351000.0,
0.8367346938775511,1.1527050293932204,2.5469387755102044,2.3163977696315596,83520.00000276836,5.695669425535821,6352000.0,
0.8469387755102041,1.1360794760846644,2.510204081632653,2.2829881864157198,83530.00000276894,5.607898658671098,6353000.0,
0.7857142857142857,0.9393437619334175,2.075510204081633,1.8876414516949487,83540.00000276952,5.795006346530926,6354000.0,
0.8163265306122449,1.025242454027624,2.2653061224489797,2.0602576316434544,83550.0000027701,5.6834195063514485,6355000.0,
0.8163265306122449,1.1416213271875164,2.522448979591837,2.294124714154333,83560.00000277068,5.826483625972346,6356000.0,
0.8775510204081632,1.1554759549446465,2.5530612244897957,2.3219660335008667,83570.00000277127,5.4362377162556825,6357000.0,
0.7959183673469388,1.0640354117475883,2.3510204081632655,2.138213325813747,83580.00000277185,5.8794265431369155,6358000.0,
0.8163265306122449,0.9864494963076599,2.179591836734694,1.9823019374731616,83590.00000277243,5.637898133144608,6359000.0,
0.8673469387755102,1.423857230212914,2.344897959183673,2.060126513141091,83600.00000277301,5.392984937184051,6360000.0,
0.8469387755102041,1.3234808719472513,2.1795918367346943,1.9148956623452433,83610.0000027736,5.833023198364498,6361000.0,
0.8469387755102041,1.2639985855676,2.081632653061224,1.8288329359477047,83620.00000277418,5.763273028904215,6362000.0,
0.8163265306122449,1.1896457275930352,1.9591836734693877,1.7212545279507805,83630.00000277476,5.888813516469311,6363000.0,
0.8673469387755102,1.234257442377774,2.0326530612244897,1.7858015727489351,83640.00000277534,5.594317992546488,6364000.0,
0.8061224489795918,1.2825868000612408,2.1122448979591835,1.8557275379469353,83650.00000277592,6.0796621065751095,6365000.0,
0.8571428571428571,1.3197632290485228,2.1734693877551017,1.9095167419453976,83660.0000027765,5.761626148335591,6366000.0,
0.7857142857142857,1.1784927988968505,1.9408163265306122,1.7051177667512423,83670.00000277709,6.10613109487439,6367000.0,
0.8571428571428571,1.3495043722383493,2.222448979591837,1.952548105144167,83680.00000277767,5.797276529676157,6368000.0,
0.7755102040816326,1.1078575838210138,1.8244897959183675,1.6029182791541645,83690.00000277825,6.096445305630271,6369000.0,
0.8367346938775511,1.2491280139726868,2.057142857142857,1.8073172543483198,83700.00000277883,5.819687138814231,6370000.0,
0.8061224489795918,1.0818340835299163,1.781632653061224,1.5652658363552412,83710.00000277942,5.833665065814908,6371000.0,
0.8571428571428571,1.4461630876052833,2.381632653061224,2.092400035540168,83720.00000278,5.911949792842454,6372000.0,
0.8571428571428571,1.360657300934534,2.240816326530612,1.9686848663437055,83730.00000278058,5.812669232202797,6373000.0,
0.8163265306122449,1.2156692278841328,2.0020408163265304,1.758906970749704,83740.00000278116,5.926192304326225,6374000.0,
0.7755102040816326,1.0335047258464491,1.7020408163265304,1.4953398711572408,83750.00000278174,6.0037271466632545,6375000.0,
0.8775510204081632,1.3532220151370773,2.2285714285714286,1.957927025544013,83760.00000278233,5.670413459266177,6376000.0,
0.8571428571428571,1.3495043722383493,2.222448979591837,1.9525481051441667,83770.00000278291,5.80156224396212,6377000.0,
0.8367346938775511,1.1561869415044812,1.9040816326530612,1.6728442443521652,83780.00000278349,5.712513661962212,6378000.0,
0.8469387755102041,1.3643749438332622,2.246938775510204,1.9740637867435518,83790.00000278407,5.889982463965353,6379000.0,
0.7755102040816326,1.0929870122261014,1.7999999999999998,1.5814025975547796,83800.00000278465,6.083059568574011,6380000.0,
0.8469387755102041,1.3011750145548822,2.1428571428571423,1.8826221399461665,83810.00000278524,5.816324716142743,6381000.0,
0.8877551020408163,1.3829631583269038,2.277551020408163,2.0009583887427826,83820.00000278582,5.641496431373657,6382000.0,
0.7857142857142857,1.3123279432510668,2.1612244897959183,1.8987589011457051,83830.0000027864,6.284778421455565,6383000.0,
0.8163265306122449,1.2454103710739588,2.051020408163265,1.8019383339484736,83840.00000278698,5.967625204734053,6384000.0,
0.8367346938775511,1.3234808719472517,2.1795918367346943,1.9148956623452438,83850.00000278756,5.915864944686698,6385000.0,
0.8469387755102041,1.2974573716561542,2.1367346938775507,1.87724321954632,83860.00000278815,5.814344848623904,6386000.0,
0.8979591836734694,1.316045586149795,2.1673469387755104,1.9041378215455511,83870.00000278873,5.505139402910945,6387000.0,
0.8571428571428571,1.442445444706555,2.3755102040816323,2.0870211151403217,83880.00000278931,5.915231590413428,6388000.0,
0.8367346938775511,1.2416927281752304,2.044897959183673,1.7965594135486271,83890.0000027899,5.820069358227566,6389000.0,
0.7959183673469388,1.174775155998122,1.93469387755102,1.699738846351396,83900.00000279048,6.034971350016746,6390000.0,
0.8571428571428571,1.4573160163014685,2.4,2.1085367967397066,83910.00000279106,5.934009162036149,6391000.0,
0.8469387755102041,1.2825868000612408,2.1122448979591835,1.8557275379469353,83920.00000279164,5.799678390596343,6392000.0,
0.8673469387755102,1.353222015137077,2.2285714285714286,1.9579270255440133,83930.00000279222,5.745124205846244,6393000.0,
0.7959183673469388,1.1450340128082963,1.8857142857142855,1.6567074831526263,83940.0000027928,5.9996555547270844,6394000.0,
0.8061224489795918,1.2119515849854046,1.9959183673469387,1.7535280503498578,83950.00000279339,6.007228548633817,6395000.0,
0.8877551020408163,1.3123279432510666,2.1612244897959183,1.8987589011457051,83960.00000279397,5.568367108644928,6396000.0,
0.8163265306122449,1.3680925867319902,2.253061224489796,1.9794427071433975,83970.00000279455,6.12441091891552,6397000.0,
0.7959183673469388,1.111575226719742,1.830612244897959,1.6082971995540107,83980.00000279513,5.95966887476979,6398000.0,
0.826530612244898,1.0669635119350034,1.7571428571428571,1.5437501547558565,83990.00000279571,5.6854595578165625,6399000.0,
0.8061224489795918,1.0558105832388187,1.7387755102040814,1.5276133935563179,84000.0000027963,5.816066293302756,6400000.0,
0.8787878787878788,1.4057947429978805,2.3151515151515154,2.0339925665519387,84010.00000279688,5.6921089605782305,6401000.0,
0.8282828282828283,1.1997096497835316,1.9757575757575756,1.7358156458008693,84020.00000279746,5.790866528562046,6402000.0,
0.797979797979798,1.2475508321368627,2.0545454545454542,1.8050352881180822,84030.00000279804,6.071232055633796,6403000.0,
0.8686868686868687,1.2291503773855816,2.0242424242424244,1.778412348765308,84040.00000279862,5.556345202031342,6404000.0,
0.8686868686868687,1.3101123782912187,2.1575757575757573,1.895553281917514,84050.0000027992,5.65001076121344,6405000.0,
0.7878787878787878,1.1518684674302009,1.8969696969696968,1.666596003483657,84060.00000279979,6.029163824219453,6406000.0,
0.8282828282828283,1.1003471941266136,1.8121212121212118,1.5920517732958894,84070.00000280037,5.673343563805665,6407000.0,
0.8686868686868687,1.1150675579276383,1.8363636363636364,1.6133501247781088,84080.00000280095,5.426877770329863,6408000.0,
0.7878787878787878,1.1923494678830193,1.9636363636363634,1.7251664700597593,84090.00000280153,6.082082017101966,6409000.0,
0.8787878787878788,1.2585911049876315,2.0727272727272728,1.8210090517297461,84100.00000280212,5.528739303532325,6410000.0,
0.7676767676767676,1.2291503773855816,2.024242424242424,1.7784123487653083,84110.0000028027,6.291127465456732,6411000.0,
0.898989898989899,1.2107499226343004,1.9939393939393937,1.751789409412534,84120.00000280328,5.352180251172327,6412000.0,
0.9393939393939394,1.4241951977491614,2.3454545454545452,2.060615505904713,84130.00000280386,5.34962499559904,6413000.0,
0.8383838383838383,1.3542734696942933,2.2303030303030305,1.959448336364172,84140.00000280445,5.911239439919051,6414000.0,
0.8383838383838383,1.1592286493307131,1.9090909090909085,1.6772451792247665,84150.00000280503,5.67907754575047,6415000.0,
0.9393939393939394,1.5051571986547994,2.478787878787878,2.177756439056919,84160.00000280561,5.4371006739825365,6416000.0,
0.9090909090909091,1.2217901954850692,2.012121212121212,1.7677631730241983,84170.00000280619,5.307078104073055,6417000.0,
0.797979797979798,1.2806716506891689,2.1090909090909093,1.852956578953075,84180.00000280677,6.12033282825042,6418000.0,
0.8585858585858586,1.2401906502363504,2.042424242424242,1.7943861123769724,84190.00000280736,5.6416314633759574,6419000.0,
0.7676767676767676,0.7680221932437348,1.696969696969697,1.54336525832095,84200.00000280794,6.036998962561353,6420000.0,
0.8282828282828283,1.0121435332390647,2.2363636363636363,2.033934929715823,84210.00000280852,5.573683046393046,6421000.0,
0.8181818181818182,1.009400596834623,2.2303030303030305,2.0284229109361056,84220.0000028091,5.639635297533239,6422000.0,
0.8383838383838383,1.1849485267189048,2.618181818181818,2.3811921128380367,84230.00000280968,5.713610893478779,6423000.0,
0.8080808080808081,0.9271125047013656,2.0484848484848484,1.8630623475445751,84240.00000281027,5.609299224737557,6424000.0,
0.8787878787878788,1.086202816158996,2.3999999999999995,2.1827594367682006,84250.00000281085,5.339469871417383,6425000.0,
0.797979797979798,0.9463130595324589,2.090909090909091,1.901646479002599,84260.00000281143,5.705377125408702,6426000.0,
0.8282828282828283,0.9517989323413429,2.103030303030303,1.9126705165620344,84270.00000281201,5.503754808724016,6427000.0,
0.8888888888888888,1.1108892437989735,2.454545454545454,2.2323676057856594,84280.0000028126,5.3079299448826935,6428000.0,
0.797979797979798,0.877739649421411,1.9393939393939394,1.763846009509657,84290.00000281318,5.620962345649376,6429000.0,
0.8888888888888888,1.0834598797545543,2.393939393939393,2.1772474179884833,84300.00000281376,5.277981001241866,6430000.0,
0.8787878787878788,0.9271125047013653,2.0484848484848484,1.8630623475445753,84310.00000281434,5.161194689414033,6431000.0,
0.8383838383838383,1.0752310705412285,2.375757575757576,2.1607113616493296,84320.00000281492,5.587080433700839,6432000.0,
0.8181818181818182,0.9243695682969236,2.0424242424242425,1.8575503287648574,84330.0000028155,5.541140583641799,6433000.0,
0.8181818181818182,1.0176294060479485,2.2484848484848485,2.044958967275259,84340.00000281609,5.655618656942464,6434000.0,
0.8181818181818182,0.9956859148124131,2.1999999999999997,2.000862817037517,84350.00000281667,5.629292661481776,6435000.0,
0.8181818181818182,1.121860989416741,2.478787878787878,2.254415680904531,84360.00000281725,5.784000468714256,6436000.0,
0.8686868686868687,1.1108892437989735,2.4545454545454546,2.2323676057856594,84370.00000281783,5.435556222670907,6437000.0,
0.8282828282828283,0.9325983775102493,2.0606060606060606,1.8740863851040108,84380.00000281841,5.4859395047209345,6438000.0,
0.898989898989899,1.0807169433501123,2.3878787878787873,2.171735399208765,84390.000002819,5.219671656238937,6439000.0,
0.8585858585858586,0.9902000420035294,2.187878787878788,1.9898387794780816,84400.00000281958,5.360348284375953,6440000.0,
0.8585858585858586,1.0340870244746,2.2848484848484842,2.0780310799535644,84410.00000282016,5.411934299254051,6441000.0,
0.8484848484848485,1.0889457525634378,2.406060606060606,2.1882714555479184,84420.00000282074,5.541493208540378,6442000.0,
0.8888888888888888,1.2178637635722076,2.6909090909090905,2.447336338194649,84430.00000282133,5.435094461446162,6443000.0,
0.8686868686868687,1.1602620990789279,2.563636363636363,2.331583943820578,84440.00000282191,5.49564823049337,6444000.0,
0.8585858585858586,0.9984288512168551,2.206060606060606,2.0063748358172346,84450.00000282249,5.3722853680480815,6445000.0,
0.7777777777777778,1.0121435332390647,2.2363636363636363,2.033934929715823,84460.00000282307,5.948597529925817,6446000.0,
0.8181818181818182,1.0231152788568323,2.2606060606060607,2.055983004834694,84470.00000282365,5.66874336568456,6447000.0,
0.8181818181818182,0.8969402042525043,1.9818181818181815,1.8024301409676808,84480.00000282424,5.515023212773126,6448000.0,
0.8383838383838383,1.1602620990789279,2.5636363636363635,2.3315839438205774,84490.00000282482,5.696695756896885,6449000.0,
0.8585858585858586,1.1438044806522762,2.527272727272727,2.2985118311422714,84500.0000028254,5.543958159978885,6450000.0,
0.8181818181818182,1.1547762262700438,2.5515151515151513,2.3205599062611424,84510.00000282598,5.8316376100539085,6451000.0,
0.8585858585858586,1.056030515710135,2.3333333333333335,2.122127230191306,84520.00000282656,5.442668483163976,6452000.0,
0.8484848484848485,1.1602620990789276,2.5636363636363635,2.331583943820578,84530.00000282715,5.630782712172033,6453000.0,
0.8686868686868687,1.0971745617767639,2.4242424242424243,2.204807511887071,84540.00000282773,5.427675367785335,6454000.0,
0.8383838383838383,0.9298554411058074,2.0545454545454547,1.8685743663242926,84550.00000282831,5.424764923892971,6455000.0,
0.898989898989899,1.0450587700923675,2.309090909090909,2.100079155072436,84560.00000282889,5.187647396098745,6456000.0,
0.8181818181818182,0.9243695682969236,2.0424242424242425,1.8575503287648576,84570.00000282947,5.552992435494341,6457000.0,
0.7878787878787878,1.0532875793056933,2.327272727272727,2.116615211411589,84580.00000283006,5.930708594421951,6458000.0,
0.8080808080808081,1.1191180530122993,2.472727272727273,2.2489036621248126,84590.00000283064,5.864406090773356,6459000.0,
0.8383838383838383,1.028601151665716,2.272727272727273,2.0670070423941294,84600.00000283122,5.5449555907055315,6460000.0,
0.8383838383838383,1.036829960879042,2.290909090909091,2.0835430987332826,84610.0000028318,5.555252604104586,6461000.0,
0.8484848484848485,1.0779740069456705,2.381818181818182,2.1662233804290474,84620.00000283238,5.538086032158086,6462000.0,
0.8282828282828283,1.0697451977323447,2.3636363636363638,2.149687324089894,84630.00000283297,5.663714324258077,6463000.0,
0.8585858585858586,0.9463130595324587,2.090909090909091,1.901646479002599,84640.00000283355,5.320526975380893,6464000.0,
0.8787878787878788,1.1410615442478345,2.5212121212121215,2.2929998123625537,84650.00000283413,5.420286125220694,6465000.0,
0.8888888888888888,1.2178637635722078,2.6909090909090905,2.447336338194649,84660.00000283471,5.445549006901316,6466000.0,
0.8282828282828283,1.1849485267189048,2.6181818181818173,2.381192112838037,84670.0000028353,5.804752489741964,6467000.0,
0.8484848484848485,1.0176294060479485,2.248484848484848,2.044958967275259,84680.00000283588,5.469822752528795,6468000.0,
0.8080808080808081,0.874996713016969,1.9333333333333333,1.7583339907299393,84690.00000283646,5.567305932529426,6469000.0,
0.8484848484848485,1.1246039258211828,2.4848484848484844,2.2599276996842477,84700.00000283704,5.596852246071114,6470000.0,
0.8585858585858586,1.025858215261274,2.2666666666666666,2.061495023614411,84710.00000283762,5.4164678038181755,6471000.0,
0.9090909090909091,1.182205590314463,2.612121212121212,2.375680094058319,84720.0000028382,5.287979482831256,6472000.0,
0.898989898989899,1.1959202723366726,2.642424242424242,2.4032401879569076,84730.00000283879,5.363100078370945,6473000.0,
0.797979797979798,1.1191180530122993,2.4727272727272727,2.2489036621248126,84740.00000283937,5.946234015973461,6474000.0,
0.8383838383838383,0.9380842503191331,2.0727272727272728,1.885110422663446,84750.00000283995,5.444218563798581,6475000.0,
0.898989898989899,1.0532875793056933,2.327272727272727,2.116615211411588,84760.00000284053,5.205789554662405,6476000.0,
0.8888888888888888,1.056030515710135,2.3333333333333335,2.1221272301913063,84770.00000284112,5.2684866030567745,6477000.0,
0.8484848484848485,0.9655136143635523,2.1333333333333333,1.9402306104606226,84780.0000028417,5.413162474234365,6478000.0,
0.8181818181818182,1.0505446429012513,2.321212121212121,2.111103192631871,84790.00000284228,5.718070613097794,6479000.0,
0.8080808080808081,1.2549110140373754,2.0666666666666664,1.8156844638591918,84800.00000284286,5.647482376140678,6480000.0,
0.8585858585858586,1.2806716506891689,2.109090909090909,1.8529565789530753,84810.00000284344,5.717956393316822,6481000.0,
0.8484848484848485,1.372673924445575,2.2606060606060603,1.9860712757169456,84820.00000284403,5.894934744450195,6482000.0,
0.8282828282828283,1.2107499226343004,1.993939393939394,1.751789409412534,84830.00000284461,5.843707833591494,6483000.0,
0.8787878787878788,1.4168350158486496,2.3333333333333335,2.049966330163603,84840.00000284519,5.742832949226728,6484000.0,
0.797979797979798,1.0856268303255885,1.7878787878787878,1.5707534218136705,84850.00000284577,5.909833622986642,6485000.0,
0.8585858585858586,1.2475508321368627,2.0545454545454542,1.8050352881180818,84860.00000284635,5.681733322297214,6486000.0,
0.8383838383838383,1.1702689221814822,1.9272727272727275,1.693218942836431,84870.00000284694,5.7269448591528045,6487000.0,
0.8181818181818182,1.247550832136863,2.0545454545454547,1.8050352881180818,84880.00000284752,5.963300399941578,6488000.0,
0.8080808080808081,1.332192923992756,2.193939393939394,1.927500809140843,84890.0000028481,6.143086243612544,6489000.0,
0.8080808080808081,1.1445082855296882,1.884848484848485,1.655946827742547,84900.00000284868,5.911326503514528,6490000.0,
0.8282828282828283,1.2328304683358378,2.0303030303030303,1.7837369366358629,84910.00000284927,5.874268492426504,6491000.0,
0.8686868686868687,1.3064322873409624,2.151515151515152,1.8902286940469593,84920.00000284985,5.686239493726546,6492000.0,
0.7070707070707071,0.9715440108676452,1.5999999999999999,1.4056911978264712,84930.00000285043,6.512895101280384,6493000.0,
0.8484848484848485,1.343233196843525,2.212121212121212,1.9434745727525071,84940.00000285101,5.865951029776682,6494000.0,
0.8686868686868687,1.3837141972963432,2.2787878787878784,2.0020450393286104,84950.0000028516,5.776598901698519,6495000.0,
0.8080808080808081,1.317472560191731,2.1696969696969695,1.9062024576586236,84960.00000285218,6.1283697934089805,6496000.0,
0.7676767676767676,1.1113874669773822,1.83030303030303,1.6080255369075536,84970.00000285276,6.182988937427635,6497000.0,
0.8888888888888888,1.4131549248983934,2.327272727272727,2.0446417422930483,84980.00000285334,5.679797017939575,6498000.0,
0.7878787878787878,1.1003471941266134,1.8121212121212122,1.5920517732958892,84990.00000285392,6.011463746567677,6499000.0,
0.8282828282828283,1.2512309230871188,2.0606060606060606,1.8103598759886368,85000.0000028545,5.900873919504526,6500000.0,
0.8585858585858586,1.3027521963907063,2.1454545454545455,1.8849041061764042,85010.00000285509,5.753085499487396,6501000.0,
0.8282828282828283,1.096667103176357,1.806060606060606,1.5867271854253346,85020.00000285567,5.715241990587931,6502000.0,
0.7878787878787878,1.1371481036291757,1.8727272727272726,1.6452976520014375,85030.00000285625,6.060223875295406,6503000.0,
0.8484848484848485,1.2622711959378878,2.0787878787878786,1.8263336396003012,85040.00000285683,5.775293433471505,6504000.0,
0.7474747474747475,1.254911014037375,2.0666666666666664,1.8156844638591916,85050.00000285741,6.546432302749433,6505000.0,
0.7878787878787878,1.2990721054404502,2.1393939393939387,1.8795795183058492,85060.000002858,6.2672812622098055,6506000.0,
0.8383838383838383,1.173949013131738,1.9333333333333331,1.6985435307069858,85070.00000285858,5.740972919443431,6507000.0,
0.8484848484848485,1.3248327420922437,2.1818181818181817,1.9168516333997334,85080.00000285916,5.850931446201155,6508000.0,
0.8585858585858586,1.3800341063460873,2.272727272727273,1.9967204514580552,85090.00000285974,5.84686090049447,6509000.0,
0.8383838383838383,1.2033897407337881,1.981818181818182,1.7411402336714243,85100.00000286032,5.777534751161622,6510000.0,
0.8888888888888888,1.5272377443563365,2.5151515151515156,2.209703966280248,85110.0000028609,5.814049280739197,6511000.0,
0.8080808080808081,1.1776291040819944,1.939393939393939,1.7038681185775408,85120.00000286149,5.963313516473647,6512000.0,
0.8383838383838383,1.420515106798906,2.339393939393939,2.0552909180341588,85130.00000286207,6.037961392612871,6513000.0,
0.8888888888888888,1.3689938334953182,2.254545454545455,1.9807466878463906,85140.00000286265,5.637388517384266,6514000.0,
0.8282828282828283,1.1187476488778945,1.8424242424242425,1.6186747126486636,85150.00000286323,5.748241673813327,6515000.0,
0.8484848484848485,1.1813091950322505,1.9454545454545453,1.7091927064480954,85160.00000286382,5.685588218118766,6516000.0,
0.8282828282828283,1.2917119235399375,2.1272727272727274,1.8689303425647394,85170.0000028644,5.958040005417557,6517000.0,
0.7878787878787878,1.107707376027126,1.8242424242424244,1.6027009490369992,85180.00000286498,6.030549105647098,6518000.0,
0.8787878787878788,1.251230923087119,2.0606060606060606,1.810359875988637,85190.00000286556,5.570478866659947,6519000.0,
0.8686868686868687,1.236510559286094,2.0363636363636366,1.7890615245064176,85200.00000286615,5.618771457943212,6520000.0,
0.7878787878787878,1.2328304683358378,2.0303030303030303,1.7837369366358626,85210.00000286673,6.190897645885169,6521000.0,
0.797979797979798,1.0230652841712324,1.6848484848484846,1.4802354280142382,85220.00000286731,5.850167887933539,6522000.0,
0.9090909090909091,1.5309178353065924,2.521212121212121,2.2150285541508024,85230.00000286789,5.694229618990583,6523000.0,
0.898989898989899,1.4168350158486496,2.333333333333333,2.049966330163603,85240.00000286847,5.631758051492343,6524000.0,
0.8383838383838383,1.107707376027126,1.824242424242424,1.6027009490369988,85250.00000286906,5.670636508921566,6525000.0,
0.8080808080808081,1.1187476488778947,1.8424242424242425,1.6186747126486636,85260.00000286964,5.897447715658981,6526000.0,
0.898989898989899,1.3800341063460873,2.2727272727272725,1.9967204514580552,85270.00000287022,5.592170522944627,6527000.0,
0.8383838383838383,1.1997096497835318,1.9757575757575756,1.73581564580087,85280.0000028708,5.78181994388411,6528000.0,
0.8282828282828283,1.3579535606445496,2.2363636363636363,1.9647729242347265,85290.00000287138,6.043868323385661,6529000.0,
0.8484848484848485,1.1923494678830193,1.9636363636363634,1.7251664700597598,85300.00000287197,5.70526663493137,6530000.0,
0.8080808080808081,1.1923494678830193,1.9636363636363634,1.7251664700597598,85310.00000287255,5.991029966677967,6531000.0,
0.8181818181818182,1.2549110140373754,2.066666666666667,1.8156844638591916,85320.00000287313,5.994024572882975,6532000.0,
0.8383838383838383,1.1776291040819944,1.9393939393939394,1.7038681185775404,85330.00000287371,5.757892545999284,6533000.0,
0.8585858585858586,1.2733114687886564,2.0969696969696967,1.842307403211966,85340.0000028743,5.734325122634147,6534000.0,
0.8181818181818182,1.2953920144901938,2.1333333333333333,1.874254930435295,85350.00000287488,6.044982832695765,6535000.0,
0.8787878787878788,1.1592286493307133,1.9090909090909092,1.6772451792247662,85360.00000287546,5.473602716064032,6536000.0,
0.8080808080808081,1.1997096497835318,1.975757575757576,1.7358156458008696,85370.00000287604,6.003138191780026,6537000.0,
0.8484848484848485,1.2291503773855814,2.0242424242424244,1.778412348765308,85380.00000287662,5.752448659226278,6538000.0,
0.8585858585858586,1.4021146520476246,2.3090909090909086,2.0286679786813844,85390.0000028772,5.886695889018259,6539000.0,
0.8282828282828283,0.9024260770613886,1.9939393939393937,1.8134541785271159,85400.00000287779,5.871512711641892,6540000.0,
0.8787878787878788,1.0752310705412285,2.3757575757575755,2.16071136164933,85410.00000287837,5.380318114912913,6541000.0,
0.8787878787878788,1.0697451977323447,2.3636363636363633,2.1496873240898946,85420.00000287895,5.374535340107428,6542000.0,
0.8484848484848485,1.2206066999766496,2.6969696969696964,2.452848356974367,85430.00000287953,5.744760277518271,6543000.0,
0.8585858585858586,1.0834598797545545,2.3939393939393936,2.177247417988483,85440.00000288012,5.5179097424652905,6544000.0,
0.8585858585858586,0.9874571055990874,2.1818181818181817,1.9843267606983641,85450.0000028807,5.406565334919539,6545000.0,
0.8787878787878788,1.1876914631233468,2.6242424242424236,2.386704131617755,85460.00000288128,5.5105891363570665,6546000.0,
0.8686868686868687,1.2343213819988594,2.727272727272727,2.4804084508729547,85470.00000288186,5.6288094980435215,6547000.0,
0.8888888888888888,0.9874571055990875,2.1818181818181817,1.9843267606983646,85480.00000288244,5.223614243956452,6548000.0,
0.8787878787878788,1.0560305157101353,2.333333333333333,2.1221272301913063,85490.00000288303,5.362147368611078,6549000.0,
0.8181818181818182,0.9517989323413428,2.103030303030303,1.9126705165620346,85500.00000288361,5.632443139699453,6550000.0,
0.8282828282828283,0.973742423576878,2.1515151515151514,1.9567666667997756,85510.00000288419,5.59073536521922,6551000.0,
0.8686868686868687,1.0368299608790417,2.2909090909090906,2.0835430987332826,85520.00000288477,5.403790303963866,6552000.0,
0.8787878787878788,1.1273468622256249,2.4909090909090907,2.265439718463966,85530.00000288535,5.4451395330368575,6553000.0,
0.8585858585858586,1.061516388519019,2.3454545454545452,2.1331512677507414,85540.00000288594,5.497057911497117,6554000.0,
0.8484848484848485,1.1191180530122993,2.4727272727272727,2.2489036621248126,85550.00000288652,5.630862943596334,6555000.0,
0.8181818181818182,1.0752310705412285,2.3757575757575755,2.1607113616493296,85560.0000028871,5.786267604906893,6556000.0,
0.8383838383838383,1.0642593249234609,2.3515151515151516,2.1386632865304587,85570.00000288768,5.634234616642189,6557000.0,
0.8686868686868687,1.119118053012299,2.4727272727272727,2.2489036621248126,85580.00000288826,5.501307991419756,6558000.0,
0.8080808080808081,1.1081463073945317,2.448484848484848,2.226855587005942,85590.00000288885,5.90082855557428,6559000.0,
0.8383838383838383,1.0203723424523905,2.254545454545454,2.050470986054976,85600.00000288943,5.58333327610449,6560000.0,
0.8181818181818182,1.0752310705412285,2.3757575757575755,2.16071136164933,85610.00000289001,5.788736740709506,6561000.0,
0.8888888888888888,1.2233496363810918,2.7030303030303027,2.4583603757540846,85620.00000289059,5.495356977450213,6562000.0,
0.8787878787878788,1.1657479718878114,2.5757575757575757,2.3426079813800134,85630.00000289117,5.493435048629728,6563000.0,
0.8686868686868687,0.9847141691946456,2.1757575757575753,1.9788147419186464,85640.00000289176,5.3493779391182,6564000.0,
0.8787878787878788,1.2068920179544402,2.666666666666666,2.4252882630757786,85650.00000289234,5.541173675763071,6565000.0,
0.8484848484848485,1.0258582152612743,2.2666666666666666,2.0614950236144116,85660.00000289292,5.526187658628169,6566000.0,
0.797979797979798,0.9874571055990874,2.1818181818181817,1.984326760698364,85670.0000028935,5.82832979073686,6567000.0,
0.8686868686868687,1.031344088070158,2.2787878787878784,2.0725190611738475,85680.00000289408,5.4049170317773285,6568000.0,
0.8888888888888888,0.9819712327902036,2.16969696969697,1.9733027231389288,85690.00000289467,5.226988091592468,6569000.0,
0.797979797979798,0.9847141691946456,2.1757575757575753,1.9788147419186464,85700.00000289525,5.8264114273946745,6570000.0,
0.8383838383838383,1.0587734521145773,2.33939393939394,2.1276392489710236,85710.00000289583,5.634438214135599,6571000.0,
0.8484848484848485,1.003914724025739,2.2181818181818183,2.0173988733766706,85720.00000289641,5.503182829672168,6572000.0,
0.898989898989899,1.3138665377276746,2.903030303030303,2.640256995484768,85730.000002897,5.539242553359057,6573000.0,
0.898989898989899,0.9709994871724359,2.1454545454545455,1.9512546480200579,85740.00000289758,5.158300553303255,6574000.0,
0.7575757575757576,0.938084250319133,2.0727272727272728,1.8851104226634459,85750.00000289816,6.078268543940202,6575000.0,
0.8686868686868687,1.2343213819988597,2.727272727272727,2.480408450872955,85760.00000289874,5.642297870137329,6576000.0,
0.8383838383838383,0.9188836954880397,2.0303030303030303,1.8465262912054226,85770.00000289932,5.470473323701705,6577000.0,
0.8686868686868687,1.0423158336879257,2.3030303030303028,2.0945671362927176,85780.0000028999,5.422198459872472,6578000.0,
0.8080808080808081,1.0971745617767639,2.424242424242424,2.2048075118870707,85790.00000290049,5.897251020372873,6579000.0,
0.8383838383838383,1.0203723424523903,2.2545454545454544,2.0504709860549766,85800.00000290107,5.592971830321918,6580000.0,
0.8484848484848485,1.031344088070158,2.278787878787879,2.0725190611738475,85810.00000290165,5.539796008724768,6581000.0,
0.8080808080808081,0.9106548862747139,2.012121212121212,1.829990234866269,85820.00000290223,5.667932921939174,6582000.0,
0.8585858585858586,1.1602620990789276,2.5636363636363635,2.331583943820578,85830.00000290282,5.625714680267688,6583000.0,
0.8484848484848485,1.190434399527789,2.63030303030303,2.392216150397472,85840.0000029034,5.7287238757999175,6584000.0,
0.9393939393939394,1.2370643184033014,2.7333333333333334,2.485920469652673,85850.00000290398,5.224399650923345,6585000.0,
0.8383838383838383,1.0368299608790417,2.290909090909091,2.083543098733282,85860.00000290456,5.615493567963514,6586000.0,
0.8383838383838383,1.0094005968346227,2.23030303030303,2.028422910936106,85870.00000290514,5.58325854338044,6587000.0,
0.8181818181818182,0.9325983775102493,2.0606060606060606,1.8740863851040108,85880.00000290573,5.627741227005751,6588000.0,
0.797979797979798,1.0670022613279029,2.357575757575757,2.144175305310177,85890.00000290631,5.939152201081214,6589000.0,
0.8484848484848485,1.1081463073945312,2.4484848484848483,2.226855587005942,85900.00000290689,5.634598624357314,6590000.0,
0.9191919191919192,1.330324156154326,2.939393939393939,2.6733291081630735,85910.00000290747,5.443317488716884,6591000.0,
0.8080808080808081,0.9600277415546684,2.121212121212121,1.9292065729011871,85920.00000290805,5.734031830348409,6592000.0,
0.8686868686868687,1.083459879754554,2.393939393939394,2.1772474179884824,85930.00000290864,5.476538698949579,6593000.0,
0.8181818181818182,1.061516388519019,2.3454545454545452,2.1331512677507414,85940.00000290922,5.7882706478684955,6594000.0,
0.8686868686868687,0.9984288512168552,2.2060606060606056,2.006374835817235,85950.0000029098,5.379584375400421,6595000.0,
0.8888888888888888,1.2260925727855336,2.709090909090909,2.4638723945338024,85960.00000291038,5.513897326360656,6596000.0,
0.8383838383838383,1.0532875793056933,2.327272727272727,2.116615211411588,85970.00000291097,5.640424944159468,6597000.0,
0.8686868686868687,1.0971745617767639,2.424242424242424,2.204807511887071,85980.00000291155,5.494652111975281,6598000.0,
0.7676767676767676,1.0258582152612743,2.2666666666666666,2.0614950236144116,85990.00000291213,6.125260043747934,6599000.0,
0.9090909090909091,1.6081997452619738,2.648484848484848,2.3268448994324533,86000.00000291271,5.362971751992772,6600000.0,
0.8383838383838383,1.1445082855296884,1.8848484848484848,1.6559468277425475,86010.0000029133,5.751158075679767,6601000.0,
0.8787878787878788,1.3321929239927561,2.1939393939393934,1.9275008091408428,86020.00000291388,5.7007689596467435,6602000.0,
0.8787878787878788,1.2733114687886564,2.0969696969696963,1.8423074032119657,86030.00000291446,5.63422569452946,6603000.0,
0.8484848484848485,1.1960295588332754,1.9696969696969695,1.7304910579303145,86040.00000291504,5.744841980220032,6604000.0,
0.8181818181818182,1.3395531058932686,2.2060606060606056,1.9381499848819523,86050.00000291562,6.13352540120277,6605000.0,
0.8282828282828283,1.3432331968435243,2.212121212121212,1.9434745727525076,86060.0000029162,6.063657152457342,6606000.0,
0.8181818181818182,1.4131549248983932,2.327272727272727,2.0446417422930487,86070.00000291679,6.224470834307857,6607000.0,
0.8383838383838383,1.2181101045348126,2.006060606060606,1.7624385851536435,86080.00000291737,5.84232169111981,6608000.0,
0.898989898989899,1.365313742545062,2.248484848484848,1.9754220999758365,86090.00000291795,5.6126501182692285,6609000.0,
0.8888888888888888,1.354273469694294,2.23030303030303,1.9594483363641715,86100.00000291853,5.664464471747018,6610000.0,
0.8484848484848485,1.218110104534813,2.006060606060606,1.7624385851536437,86110.00000291911,5.7741988138446585,6611000.0,
0.8181818181818182,1.0856268303255885,1.7878787878787878,1.5707534218136705,86120.0000029197,5.826627854521486,6612000.0,
0.8080808080808081,1.2917119235399375,2.127272727272727,1.8689303425647399,86130.00000292028,6.15499100555579,6613000.0,
0.8181818181818182,1.2843517416394252,2.1151515151515152,1.85828116682363,86140.00000292086,6.070501511559442,6614000.0,
0.8282828282828283,1.1555485583804568,1.903030303030303,1.671920591354212,86150.00000292144,5.841452527971699,6615000.0,
0.7878787878787878,1.1077073760271259,1.824242424242424,1.6027009490369992,86160.00000292202,6.080805515906434,6616000.0,
0.8181818181818182,1.2585911049876315,2.0727272727272728,1.8210090517297464,86170.0000029226,6.040497770466596,6617000.0,
0.8282828282828283,1.111387466977382,1.8303030303030308,1.608025536907554,86180.00000292319,5.789599502985145,6618000.0,
0.8686868686868687,1.2438707411866066,2.0484848484848484,1.7997107002475272,86190.00000292377,5.6732907371104355,6619000.0,
0.898989898989899,1.2880318325896816,2.1212121212121207,1.863605754694185,86200.00000292435,5.53162866786971,6620000.0,
0.797979797979798,1.2217901954850692,2.012121212121212,1.7677631730241983,86210.00000292493,6.14932948565886,6621000.0,
0.8585858585858586,1.2107499226343004,1.993939393939394,1.7517894094125341,86220.00000292552,5.702871086527367,6622000.0,
0.7474747474747475,1.2107499226343004,1.993939393939394,1.751789409412534,86230.0000029261,6.551135707497681,6623000.0,
0.8181818181818182,1.2990721054404502,2.1393939393939387,1.8795795183058495,86240.00000292668,6.0934313389214765,6624000.0,
0.8585858585858586,1.2696313778384005,2.090909090909091,1.836982815341411,86250.00000292726,5.772862428471047,6625000.0,
0.8484848484848485,1.2254702864353255,2.018181818181818,1.773087760894753,86260.00000292785,5.790016171084964,6626000.0,
0.7878787878787878,1.2328304683358378,2.03030303030303,1.7837369366358629,86270.00000292843,6.245256620247307,6627000.0,
0.8080808080808081,1.159228649330713,1.9090909090909092,1.6772451792247665,86280.00000292901,5.998542953722311,6628000.0,
0.7878787878787878,1.0856268303255885,1.787878787878788,1.5707534218136705,86290.00000292959,6.0594468745676915,6629000.0,
0.797979797979798,1.2254702864353253,2.018181818181818,1.7730877608947528,86300.00000293017,6.158498207229698,6630000.0,
0.8181818181818182,1.2549110140373754,2.0666666666666664,1.8156844638591916,86310.00000293076,6.04291346177471,6631000.0,
0.8686868686868687,1.3137924692414753,2.163636363636364,1.9008778697880686,86320.00000293134,5.759828540336741,6632000.0,
0.8282828282828283,1.218110104534813,2.006060606060606,1.7624385851536435,86330.00000293192,5.9257646385732015,6633000.0,
0.8585858585858586,1.3211526511419873,2.1757575757575753,1.9115270455291782,86340.0000029325,5.837104852671943,6634000.0,
0.8181818181818182,1.1923494678830193,1.9636363636363632,1.7251664700597598,86350.00000293308,5.968424658450365,6635000.0,
0.696969696969697,1.0598661936737948,1.7454545454545456,1.5334813067197866,86360.00000293367,6.816906567938676,6636000.0,
0.8282828282828283,1.2585911049876315,2.0727272727272728,1.8210090517297464,86370.00000293425,5.97658926107123,6637000.0,
0.898989898989899,1.332192923992756,2.193939393939394,1.927500809140843,86380.00000293483,5.588841567296073,6638000.0,
0.898989898989899,1.3800341063460873,2.272727272727273,1.9967204514580552,86390.00000293541,5.642507601599243,6639000.0,
0.8484848484848485,1.3321929239927561,2.1939393939393934,1.9275008091408428,86400.000002936,5.92246308915899,6640000.0,
0.8282828282828283,1.1481883764799445,1.890909090909091,1.6612714156131019,86410.00000293658,5.845249381531574,6641000.0,
0.8787878787878788,1.111387466977382,1.8303030303030297,1.6080255369075542,86420.00000293716,5.467898382124572,6642000.0,
0.8282828282828283,1.335873014943012,2.1999999999999997,1.9328253970113978,86430.00000293774,6.072819859676066,6643000.0,
0.8585858585858586,1.2769915597389125,2.103030303030303,1.8476319910825207,86440.00000293832,5.79037605209687,6644000.0,
0.8585858585858586,1.2365105592860943,2.036363636363636,1.7890615245064176,86450.0000029389,5.743698180981262,6645000.0,
0.7878787878787878,1.096667103176357,1.806060606060606,1.5867271854253346,86460.00000293949,6.082177477289046,6646000.0,
0.7878787878787878,1.1077073760271259,1.8242424242424242,1.6027009490369992,86470.00000294007,6.0967029518047955,6647000.0,
0.898989898989899,1.2401906502363502,2.042424242424242,1.7943861123769724,86480.00000294065,5.490996341432468,6648000.0,
0.7474747474747475,1.0782666484250762,1.7757575757575756,1.5601042460725605,86490.00000294123,6.3879486244348085,6649000.0,
0.8888888888888888,1.3432331968435252,2.212121212121212,1.943474572752507,86500.00000294182,5.67022598297278,6650000.0,
0.8585858585858586,1.3285128330424998,2.187878787878788,1.9221762212702875,86510.0000029424,5.8536772998271225,6651000.0,
0.9090909090909091,1.343233196843525,2.212121212121212,1.9434745727525071,86520.00000294298,5.54510985001788,6652000.0,
0.9090909090909091,1.3653137425450619,2.2484848484848485,1.9754220999758363,86530.00000294356,5.569842894734041,6653000.0,
0.797979797979798,1.1886693769327632,1.9575757575757573,1.7198418821892052,86540.00000294414,6.124532510512005,6654000.0,
0.8888888888888888,1.2254702864353255,2.018181818181818,1.773087760894753,86550.00000294473,5.5400154360364136,6655000.0,
0.8787878787878788,1.2585911049876315,2.0727272727272723,1.8210090517297466,86560.00000294531,5.641842751814771,6656000.0,
0.7777777777777778,1.265951286888144,2.0848484848484845,1.831658227470856,86570.00000294589,6.384532174234262,6657000.0,
0.8181818181818182,1.140828194579432,1.8787878787878791,1.6506222398719923,86580.00000294647,5.916812237993556,6658000.0,
0.7878787878787878,1.111387466977382,1.8303030303030305,1.608025536907554,86590.00000294705,6.107527682626633,6659000.0,
0.8383838383838383,0.9408271867235751,2.078787878787879,1.8906224414431634,86600.00000294764,5.920056004963491,6660000.0,
0.8787878787878788,1.1657479718878114,2.5757575757575757,2.3426079813800134,86610.00000294822,5.538492519896718,6661000.0,
0.8787878787878788,1.2507790004255108,2.7636363636363632,2.5134805635512607,86620.0000029488,5.635711736278725,6662000.0,
0.8080808080808081,1.1355756714389509,2.509090909090909,2.2819757748031186,86630.00000294938,5.9867723935822745,6663000.0,
0.8181818181818182,1.0505446429012513,2.3212121212121217,2.1111031926318704,86640.00000294996,5.80942863779447,6664000.0,
0.8383838383838383,0.9764853599813197,2.1575757575757577,1.9622786855794936,86650.00000295055,5.581588562075677,6665000.0,
0.8282828282828283,1.2178637635722076,2.6909090909090905,2.447336338194649,86660.00000295113,5.941564787899773,6666000.0,
0.77,1.0834873091185986,2.394,2.1773025381762796,86670.00000295171,6.169201700337598,6667000.0,
0.85,0.9232723937351469,2.0399999999999996,1.8553455212529706,86680.00000295229,5.400553404560614,6668000.0,
0.86,1.1432284640073438,2.526,2.2973543071985305,86690.00000295287,5.593984260638072,6669000.0,
0.87,1.0101686190278665,2.2319999999999998,2.0299662761944264,86700.00000295346,5.377203010539413,6670000.0,
0.79,1.0318926753510462,2.2799999999999994,2.0736214649297904,86710.00000295404,5.949735032268976,6671000.0,
0.86,1.0536167316742264,2.3279999999999994,2.1172766536651544,86720.00000295462,5.491179920715923,6672000.0,
0.83,1.189392083694101,2.6279999999999997,2.3901215832611795,86730.0000029552,5.853722992573003,6673000.0,
0.9,1.2491332385828458,2.76,2.5101733522834313,86740.00000295579,5.465256931915955,6674000.0,
0.84,0.9504274641391217,2.1,1.909914507172175,86750.00000295637,5.500506505096023,6675000.0,
0.86,1.1595215062497284,2.562,2.3300956987500543,86760.00000295695,5.616185472548011,6676000.0,
0.79,0.964004999341109,2.13,1.9371990001317778,86770.00000295753,5.86683923985151,6677000.0,
0.85,1.056332238714624,2.3339999999999996,2.1227335522570754,86780.00000295811,5.561800281007332,6678000.0,
0.88,1.023746154229854,2.262,2.057250769154029,86790.0000029587,5.335618357240324,6679000.0,
0.84,0.9884445627046864,2.1839999999999997,1.9863110874590626,86800.00000295928,5.548145908150405,6680000.0,
0.86,0.985729055664289,2.178,1.980854188867142,86810.00000295986,5.416426809076705,6681000.0,
0.87,1.0726252809570085,2.3699999999999997,2.1554749438085983,86820.00000296044,5.454509518504264,6682000.0,
0.93,1.2708572949060257,2.8079999999999994,2.553828541018795,86830.00000296102,5.316188489298656,6683000.0,
0.87,1.1215044076841636,2.4779999999999998,2.253699118463167,86840.0000029616,5.511611963018289,6684000.0,
0.91,1.1160733936033689,2.4659999999999997,2.2427853212793263,86850.00000296219,5.263814718401252,6685000.0,
0.81,0.9531429711795192,2.1059999999999994,1.915371405764096,86860.00000296277,5.713013544841128,6686000.0,
0.9,1.0889183231993937,2.4059999999999997,2.1882163353601207,86870.00000296335,5.29301813704579,6687000.0,
0.86,1.0671942668762138,2.3579999999999997,2.144561146624757,86880.00000296393,5.514409612811691,6688000.0,
0.84,0.9612894923007116,2.1239999999999997,1.931742101539857,86890.00000296452,5.520104157669732,6689000.0,
0.86,1.173099041451716,2.591999999999999,2.357380191709657,86900.0000029651,5.638484932085585,6690000.0,
0.84,1.0699097739166112,2.364,2.1500180452166773,86910.00000296568,5.650366397688717,6691000.0,
0.78,1.0047376049470715,2.2199999999999998,2.0190524790105857,86920.00000296626,6.001968724473083,6692000.0,
0.78,0.9558584782199168,2.112,1.9208283043560166,86930.00000296684,5.939815997899837,6693000.0,
0.84,1.1052113654417788,2.442,2.2209577269116436,86940.00000296743,5.693820673313999,6694000.0,
0.82,0.9775825345430966,2.1599999999999997,1.9644834930913806,86950.00000296801,5.677537237420855,6695000.0,
0.88,1.178530055532511,2.6039999999999996,2.3682939888934973,86960.00000296859,5.519236426902884,6696000.0,
0.84,1.1052113654417788,2.4419999999999997,2.2209577269116436,86970.00000296917,5.695249244742653,6697000.0,
0.84,1.1486594780881385,2.5379999999999994,2.308268104382372,86980.00000296975,5.747449378845491,6698000.0,
0.88,1.1540904921689334,2.55,2.319181901566213,86990.00000297034,5.492827832171624,6699000.0,
0.88,0.985729055664289,2.1779999999999995,1.980854188867142,87000.00000297092,5.301962563416374,6700000.0,
0.84,1.0400391964722389,2.298,2.089992160705552,87010.0000029715,5.619568091207597,6701000.0,
0.81,1.0509012246338287,2.322,2.111819755073234,87020.00000297208,5.8416039812049325,6702000.0,
0.86,1.0210306471894564,2.256,2.051793870562108,87030.00000297267,5.467707729455403,6703000.0,
0.86,1.211116140017281,2.676,2.433776771996544,87040.00000297325,5.689202488557551,6704000.0,
0.87,1.2762883089868204,2.82,2.564742338202635,87050.00000297383,5.699179665665582,6705000.0,
0.86,0.8771087740483894,1.9379999999999995,1.762578245190322,87060.00000297441,5.3017520630123816,6706000.0,
0.85,1.1649525203305235,2.574,2.3410094959338954,87070.000002975,5.7032359064385965,6707000.0,
0.81,0.9422809430179291,2.0819999999999994,1.8935438113964136,87080.00000297558,5.71046783106202,6708000.0,
0.79,1.0536167316742264,2.328,2.1172766536651544,87090.00000297616,5.99647434407159,6709000.0,
0.87,1.0970648443205864,2.424,2.2045870311358824,87100.00000297674,5.495474533865447,6710000.0,
0.86,1.1921075907344985,2.633999999999999,2.3955784818530996,87110.00000297732,5.670355338228924,6711000.0,
0.83,1.0889183231993937,2.406,2.1882163353601207,87120.0000029779,5.751465449809389,6712000.0,
0.83,1.0481857175934313,2.316,2.1063628564813137,87130.00000297849,5.702871949079342,6713000.0,
0.88,1.129650928805356,2.4959999999999996,2.2700698142389286,87140.00000297907,5.471873782895229,6714000.0,
0.82,1.0481857175934315,2.316,2.1063628564813133,87150.00000297965,5.773394777726708,6715000.0,
0.84,1.194823097774896,2.6400000000000006,2.4010353804450206,87160.00000298023,5.8109774975207005,6716000.0,
0.89,1.257279759704038,2.778,2.526544048059192,87170.00000298081,5.555143550389386,6717000.0,
0.83,1.0617632527954188,2.346,2.133647349440916,87180.0000029814,5.721640063780672,6718000.0,
0.83,1.023746154229854,2.262,2.0572507691540287,87190.00000298198,5.67631825828002,6719000.0,
0.92,1.3115844146713216,2.16,1.8976831170657358,87200.00000298256,5.071283189875742,6720000.0,
0.79,1.0310510815332885,1.6979999999999997,1.4917897836933423,87210.00000298314,5.973986179336579,6721000.0,
0.79,1.1913558433264504,1.962,1.7237288313347099,87220.00000298372,6.177409928441877,6722000.0,
0.88,1.180425973204189,1.9440000000000004,1.7079148053591624,87230.0000029843,5.53366360607596,6723000.0,
0.86,1.2095722935302187,1.992,1.7500855412939564,87240.00000298489,5.696709643805694,6724000.0,
0.88,1.1731393931226817,1.932,1.6973721213754638,87250.00000298547,5.526292492347027,6725000.0,
0.8,1.1622095230004208,1.9140000000000001,1.6815580953999163,87260.00000298605,6.065759403928932,6726000.0,
0.73,1.136706492715145,1.8719999999999999,1.6446587014569714,87270.00000298664,6.613019853229991,6727000.0,
0.81,1.2751515142637846,2.1,1.8449696971472433,87280.00000298722,6.131295696798217,6728000.0,
0.89,1.3152277047120748,2.1659999999999995,1.902954459057585,87290.0000029878,5.625646859387494,6729000.0,
0.82,1.2241454536932332,2.016,1.7711709092613535,87300.00000298838,5.9952968949220145,6730000.0,
0.85,1.125776622592884,1.854,1.6288446754814232,87310.00000298896,5.668440732630265,6731000.0,
0.79,1.125776622592884,1.8539999999999999,1.6288446754814232,87320.00000298955,6.09946154776677,6732000.0,
0.79,1.1658528130411745,1.9199999999999997,1.6868294373917652,87330.00000299013,6.15069723187856,6733000.0,
0.83,1.1913558433264502,1.962,1.72372883133471,87340.00000299071,5.885486558396821,6734000.0,
0.8,1.256935064060016,2.07,1.8186129871879968,87350.00000299129,6.18866633025369,6735000.0,
0.83,1.1913558433264504,1.9619999999999995,1.72372883133471,87360.00000299187,5.886450413818564,6736000.0,
0.83,1.1949991333672036,1.9679999999999997,1.7290001733265594,87370.00000299246,5.891321847602633,6737000.0,
0.85,1.3225142847935822,2.1779999999999995,1.913497143041284,87380.00000299304,5.903190923454808,6738000.0,
0.81,1.2642216441415237,2.082,1.8291556711716956,87390.00000299362,6.123234128746359,6739000.0,
0.74,1.092987012226101,1.7999999999999998,1.5814025975547799,87400.0000029942,6.4716013680664215,6740000.0,
0.8,1.147636362837406,1.89,1.6604727274325188,87410.00000299478,6.0550429537256,6741000.0,
0.77,1.0784138520630864,1.7759999999999996,1.560317229587383,87420.00000299537,6.201573834034005,6742000.0,
0.81,1.326157574834336,2.1839999999999997,1.9187684850331328,87430.00000299595,6.201673549354885,6743000.0,
0.86,1.3625904752418725,2.2439999999999993,1.9714819049516257,87440.00000299653,5.883940087656997,6744000.0,
0.9,1.3990233756494093,2.304,2.0241953248701186,87450.00000299711,5.663357084213974,6745000.0,
0.86,1.0966303022668549,1.8059999999999996,1.5866739395466292,87460.0000029977,5.57561430512796,6746000.0,
0.89,1.2314320337747404,2.028,1.781713593245052,87470.00000299828,5.539584307772983,6747000.0,
0.77,1.2715082242230307,2.0939999999999994,1.8396983551553938,87480.00000299886,6.455462629047101,6748000.0,
0.83,1.1622095230004208,1.9139999999999995,1.6815580953999159,87490.00000299944,5.857599425474316,6749000.0,
0.82,1.256935064060016,2.07,1.818612987187997,87500.00000300002,6.045040322199147,6750000.0,
0.79,1.1330632026743914,1.8660000000000003,1.639387359465122,87510.0000030006,6.118305320022404,6751000.0,
0.9,1.3625904752418725,2.2439999999999998,1.971481904951626,87520.00000300119,5.625987194872448,6752000.0,
0.83,1.3662337652826266,2.2499999999999996,1.9767532469434748,87530.00000300177,6.105339476416844,6753000.0,
0.87,1.3298008648750896,2.19,1.924039827024982,87540.00000300235,5.783217086228123,6754000.0,
0.86,1.1731393931226817,1.9320000000000002,1.6973721213754638,87550.00000300293,5.668764410774513,6755000.0,
0.84,1.2095722935302187,1.9920000000000002,1.7500855412939564,87560.00000300352,5.847583682944811,6756000.0,
0.89,1.533825107157295,2.5260000000000002,2.219234978568541,87570.0000030041,5.883846187978363,6757000.0,
0.79,1.027407791492535,1.6920000000000002,1.486518441701493,87580.00000300468,5.988108597007602,6758000.0,
0.81,1.1184900425113764,1.8419999999999996,1.618301991497725,87590.00000300526,5.953195114388729,6759000.0,
0.78,1.1840692632449425,1.9499999999999997,1.7131861473510113,87600.00000300584,6.266752901780076,6760000.0,
0.82,1.1549229429189132,1.9020000000000001,1.6710154114162175,87610.00000300643,5.9260011500761625,6761000.0,
0.8,1.147636362837406,1.8899999999999997,1.660472727432519,87620.00000300701,6.065542953726212,6762000.0,
0.81,1.3370874449565968,2.202,1.934582511008681,87630.00000300759,6.225043759382943,6763000.0,
0.82,1.1330632026743914,1.8659999999999999,1.639387359465122,87640.00000300817,5.900806344900001,6764000.0,
0.83,1.169496103081928,1.926,1.6921007793836145,87650.00000300875,5.874089280994652,6765000.0,
0.8,1.1877125532856962,1.956,1.7184574893428606,87660.00000300934,6.117638191786691,6766000.0,
0.84,1.2205021636524795,2.01,1.7658995672695041,87670.00000300992,5.865833528328761,6767000.0,
0.8,1.2132155835709724,1.9979999999999996,1.755356883285806,87680.0000030105,6.150516979643344,6768000.0,
0.84,1.1767826831634354,1.9379999999999997,1.702643463367313,87690.00000301108,5.8147389086990025,6769000.0,
0.79,1.2132155835709721,1.9979999999999998,1.7553568832858055,87700.00000301166,6.229384283183192,6770000.0,
0.72,1.2277887437339867,2.0220000000000002,1.7764422512532025,87710.00000301225,6.855814922052444,6771000.0,
0.89,1.256935064060016,2.07,1.8186129871879968,87720.00000301283,5.579475353037991,6772000.0,
0.9,1.2897246744267992,2.1239999999999997,1.8660550651146404,87730.00000301341,5.554358527300687,6773000.0,
0.86,1.2970112545083066,2.136,1.8765977490983392,87740.00000301399,5.821638668200174,6774000.0,
0.85,1.2787948043045383,2.106,1.8502410391390924,87750.00000301457,5.869168005233417,6775000.0,
0.84,1.2933679644675526,2.13,1.87132640710649,87760.00000301516,5.95686424358505,6776000.0,
0.83,1.267864934182277,2.0879999999999996,1.8344270131635445,87770.00000301574,5.998389077501433,6777000.0,
0.83,1.3443740250381042,2.214,1.945125194992379,87780.00000301632,6.091050632749446,6778000.0,
0.81,1.2168588736117256,2.004,1.7606282252776546,87790.0000030169,6.0845146589576355,6779000.0,
0.88,1.0427547035126368,2.304,2.095449059297472,87800.00000301749,5.807978836128854,6780000.0,
0.89,1.0943493372801887,2.418,2.199130132543962,87810.00000301807,5.400839704971005,6781000.0,
0.8,1.0481857175934313,2.316,2.1063628564813133,87820.00000301865,5.951229647171826,6782000.0,
0.87,1.0536167316742264,2.328,2.1172766536651544,87830.00000301923,5.479097392894573,6783000.0,
0.86,1.0536167316742264,2.328,2.1172766536651544,87840.00000301981,5.54327294397477,6784000.0,
0.91,1.2274091822596658,2.7119999999999997,2.466518163548067,87850.0000030204,5.43011778286128,6785000.0,
0.82,0.9667205063815066,2.1359999999999997,1.9426558987236988,87860.00000302098,5.708681105519059,6786000.0,
0.85,1.162237013290126,2.5679999999999996,2.3355525973419744,87870.00000302156,5.737688251099143,6787000.0,
0.84,1.1350819428861512,2.5079999999999996,2.2809836114227697,87880.00000302214,5.77414278932181,6788000.0,
0.82,1.0318926753510462,2.28,2.073621464929791,87890.00000302272,5.789622774994194,6789000.0,
0.84,1.1106423795225735,2.4539999999999997,2.231871524095485,87900.0000030233,5.746000451984272,6790000.0,
0.87,1.1486594780881385,2.538,2.308268104382372,87910.00000302389,5.592020089922272,6791000.0,
0.93,1.0834873091185986,2.394,2.1773025381762796,87920.00000302447,5.161597106734259,6792000.0,
0.86,0.9558584782199167,2.112,1.9208283043560166,87930.00000302505,5.4337866027490715,6793000.0,
0.89,1.034608182391444,2.286,2.079078363521711,87940.00000302563,5.339557508467138,6794000.0,
0.88,1.0943493372801887,2.418,2.199130132543962,87950.00000302622,5.468576519800592,6795000.0,
0.85,1.1269354217649588,2.4899999999999998,2.264612915647008,87960.0000030268,5.700392261069782,6796000.0,
0.82,1.0047376049470715,2.2199999999999998,2.0190524790105857,87970.00000302738,5.760409274501768,6797000.0,
0.73,0.7929280557960672,1.7520000000000002,1.593414388840786,87980.00000302796,6.180994597178724,6798000.0,
0.87,1.0807718020782011,2.388,2.171845639584359,87990.00000302854,5.5176664393363515,6799000.0,
0.83,1.0155996331086616,2.2439999999999998,2.0408800733782675,88000.00000302913,5.705539317172422,6800000.0,
0.91,1.167668027370921,2.58,2.3464663945258155,88010.00000302971,5.371501129137794,6801000.0,
0.83,1.1540904921689334,2.55,2.3191819015662127,88020.00000303029,5.873359629293287,6802000.0,
0.84,1.1187889006437661,2.472,2.2482422198712464,88030.00000303087,5.7618891676051005,6803000.0,
0.86,1.0427547035126363,2.3040000000000003,2.095449059297472,88040.00000303145,5.539945004252532,6804000.0,
0.82,1.1513749851285362,2.5439999999999996,2.3137250029742926,88050.00000303204,5.943137786918415,6805000.0,
0.9,1.0699097739166112,2.3640000000000003,2.1500180452166773,88060.00000303262,5.324786415623555,6806000.0,
0.84,1.0563322387146237,2.3339999999999996,2.1227335522570754,88070.0000030332,5.6894407605467086,6807000.0,
0.86,1.1568059992093311,2.5559999999999996,2.3246388001581333,88080.00000303378,5.6744232550627505,6808000.0,
0.84,0.9775825345430966,2.1599999999999997,1.9644834930913808,88090.00000303437,5.596643493675899,6809000.0,
0.78,0.9775825345430966,2.16,1.9644834930913806,88100.00000303495,6.027667352163817,6810000.0,
0.83,1.0454702105530338,2.31,2.1009059578893927,88110.00000303553,5.7468291695153475,6811000.0,
0.78,1.007453111987469,2.2260000000000004,2.024509377602506,88120.00000303611,6.066988605297688,6812000.0,
0.81,1.0101686190278663,2.232,2.0299662761944264,88130.0000030367,5.84613162860817,6813000.0,
0.8,1.107926872482176,2.448,2.2264146255035646,88140.00000303728,6.041906090783687,6814000.0,
0.8,0.8825397881291844,1.95,1.7734920423741627,88150.00000303786,5.7606722353424775,6815000.0,
0.85,1.045470210553034,2.31,2.100905957889393,88160.00000303844,5.613962600821005,6816000.0,
0.86,0.9938755767854814,2.1959999999999997,1.9972248846429033,88170.00000303902,5.489155322012007,6817000.0,
0.91,1.300727872350398,2.8740000000000006,2.61385442552992,88180.0000030396,5.525193266478313,6818000.0,
0.88,1.045470210553034,2.31,2.1009059578893927,88190.00000304019,5.4239411485203695,6819000.0,
0.86,1.0834873091185986,2.394,2.1773025381762796,88200.00000304077,5.594750359608736,6820000.0,
0.87,1.0563322387146237,2.3339999999999996,2.122733552257075,88210.00000304135,5.499689929723633,6821000.0,
0.95,1.2029696188960883,2.658,2.4174060762207823,88220.00000304193,5.191334335832684,6822000.0,
0.88,1.1432284640073433,2.526,2.297354307198531,88230.00000304251,5.536848254718553,6823000.0,
0.88,1.034608182391444,2.286,2.0790783635217105,88240.0000030431,5.41387066197324,6824000.0,
0.83,1.0726252809570085,2.369999999999999,2.155474943808598,88250.00000304368,5.786293109761493,6825000.0,
0.91,1.072625280957009,2.3699999999999997,2.1554749438085983,88260.00000304426,5.2780475616506175,6826000.0,
0.88,1.1215044076841634,2.478,2.253699118463167,88270.00000304484,5.513980008896864,6827000.0,
0.87,1.0617632527954186,2.3459999999999996,2.133647349440916,88280.00000304542,5.509150865448873,6828000.0,
0.88,1.061763252795419,2.3459999999999996,2.1336473494409156,88290.000003046,5.44700142379607,6829000.0,
0.87,1.0753407879974064,2.3759999999999994,2.160931842400519,88300.00000304659,5.525676767979946,6830000.0,
0.85,1.012884126068264,2.238,2.035423174786347,88310.00000304717,5.582684854368745,6831000.0,
0.9,1.097064844320586,2.4239999999999995,2.204587031135883,88320.00000304775,5.3665142716286445,6832000.0,
0.91,1.1703835344113185,2.5860000000000003,2.3519232931177356,88330.00000304834,5.388551136875314,6833000.0,
0.86,1.0101686190278665,2.2319999999999998,2.0299662761944264,88340.00000304892,5.516007696712915,6834000.0,
0.82,1.0726252809570087,2.37,2.155474943808598,88350.0000030495,5.861735708661307,6835000.0,
0.81,0.953142971179519,2.106,1.915371405764096,88360.00000305008,5.787087618919513,6836000.0,
0.84,1.0889183231993937,2.406,2.188216335360121,88370.00000305066,5.742519432553218,6837000.0,
0.85,1.0563322387146241,2.3340000000000005,2.122733552257075,88380.00000305125,5.637094398658773,6838000.0,
0.87,1.0671942668762138,2.358,2.144561146624757,88390.00000305183,5.520450881633988,6839000.0,
0.83,1.2751515142637846,2.1,1.8449696971472431,88400.00000305241,5.646295740101808,6840000.0,
0.9,1.3079411246305677,2.1539999999999995,1.8924117750738865,88410.00000305299,5.604821249751078,6841000.0,
0.85,1.085700432144594,1.7879999999999998,1.5708599135710812,88420.00000305357,5.673527567400023,6842000.0,
0.8,1.1658528130411745,1.9199999999999997,1.6868294373917652,88430.00000305416,6.12881351648328,6843000.0,
0.79,1.271508224223031,2.094,1.8396983551553938,88440.00000305474,6.340640790339878,6844000.0,
0.82,1.3225142847935825,2.178,1.9134971430412835,88450.00000305532,6.171356445047658,6845000.0,
0.81,1.213215583570972,1.9979999999999998,1.7553568832858055,88460.0000030559,6.1131031897734465,6846000.0,
0.82,1.3188709947528288,2.172,1.9082258010494346,88470.00000305648,6.167889018168746,6847000.0,
0.78,1.2387186138562476,2.04,1.7922562772287507,88480.00000305707,6.381944376925402,6848000.0,
0.84,1.249648483978509,2.0579999999999994,1.8080703032042984,88490.00000305765,5.939579147766784,6849000.0,
0.84,1.1949991333672039,1.9680000000000002,1.7290001733265594,88500.00000305823,5.874996587515257,6850000.0,
0.8,1.202285713448711,1.9799999999999998,1.739542857310258,88510.00000305881,6.178354641992933,6851000.0,
0.83,1.2532917740192628,2.064,1.8133416451961477,88520.0000030594,6.0169756315240015,6852000.0,
0.84,1.2824380943452918,2.1119999999999997,1.8555123811309417,88530.00000305998,5.980519160108302,6853000.0,
0.81,1.180425973204189,1.9439999999999997,1.7079148053591626,88540.00000306056,6.0765728066048075,6854000.0,
0.81,1.0966303022668547,1.806,1.5866739395466292,88550.00000306114,5.973615188163683,6855000.0,
0.85,1.2241454536932332,2.016,1.7711709092613535,88560.00000306172,5.842992298634099,6856000.0,
0.84,1.3225142847935822,2.178,1.9134971430412833,88570.0000030623,6.030133672546854,6857000.0,
0.77,1.2350753238154941,2.034,1.7869849352369016,88580.00000306289,6.465290031118562,6858000.0,
0.78,1.249648483978509,2.058,1.8080703032042984,88590.00000306347,6.4015980565696555,6859000.0,
0.93,1.3553038951603653,2.232,1.9609392209679268,88600.00000306405,5.48312031753356,6860000.0,
0.83,1.2460051939377552,2.052,1.802798961212449,88610.00000306463,6.01253396877545,6861000.0,
0.81,1.031051081533289,1.6979999999999997,1.4917897836933423,88620.00000306522,5.8961099773817045,6862000.0,
0.79,1.3225142847935822,2.178,1.913497143041284,88630.0000030658,6.414825677138604,6863000.0,
0.8,1.158566232959667,1.908,1.6762867534080668,88640.00000306638,6.130205291382007,6864000.0,
0.79,1.2460051939377554,2.052,1.8027989612124489,88650.00000306696,6.318991384916098,6865000.0,
0.77,1.1002735923076084,1.8119999999999996,1.5919452815384785,88660.00000306754,6.2943786914981725,6866000.0,
0.78,1.1075601723891157,1.8239999999999998,1.6024879655221769,88670.00000306813,6.223536118634774,6867000.0,
0.81,1.2423619038970015,2.046,1.7975276192205998,88680.00000306871,6.159950498818558,6868000.0,
0.79,1.1731393931226817,1.932,1.6973721213754636,88690.00000306929,6.228781510466756,6869000.0,
0.88,1.326157574834336,2.184,1.918768485033133,88700.00000306987,5.766085880659561,6870000.0,
0.85,1.103916882348362,1.8179999999999996,1.5972166235303278,88710.00000307045,5.708605744111133,6871000.0,
0.85,1.2678649341822772,2.0879999999999996,1.8344270131635445,88720.00000307104,5.9019563933275325,6872000.0,
0.85,1.2314320337747406,2.028,1.781713593245052,88730.00000307162,5.859564745789281,6873000.0,
0.9,1.5265385270757879,2.514,2.2086922945848424,88740.0000030722,5.86237391913551,6874000.0,
0.77,1.1294199126336377,1.86,1.6341160174732727,88750.00000307278,6.336906380233549,6875000.0,
0.81,1.114846752470623,1.8359999999999996,1.6130306495058755,88760.00000307336,6.006475003230667,6876000.0,
0.82,1.2350753238154941,2.034,1.786984935236901,88770.00000307395,6.080333321904555,6877000.0,
0.84,1.2423619038970015,2.046,1.7975276192205996,88780.00000307453,5.9447141714800775,6878000.0,
0.77,1.1622095230004208,1.9140000000000001,1.6815580953999159,88790.00000307511,6.381568211878842,6879000.0,
0.85,1.4026666656901627,2.31,2.0294666668619676,88800.0000030757,6.0643113715723205,6880000.0,
0.92,1.6139774880538755,2.658,2.335204502389225,88810.00000307627,5.833016835000228,6881000.0,
0.84,1.162209523000421,1.9139999999999997,1.6815580953999159,88820.00000307686,5.8511994323175935,6882000.0,
0.83,1.158566232959667,1.9080000000000001,1.676286753408067,88830.00000307744,5.917788232657889,6883000.0,
0.8,1.2205021636524798,2.01,1.7658995672695041,88840.00000307802,6.217625204748606,6884000.0,
0.8,1.2678649341822772,2.0879999999999996,1.8344270131635445,88850.0000030786,6.277328667910881,6885000.0,
0.85,1.3516606051196114,2.2259999999999995,1.9556678789760775,88860.00000307919,6.007127770901249,6886000.0,
0.8,1.0055480512480133,1.656,1.4548903897503975,88870.00000307977,5.950432564243109,6887000.0,
0.86,1.2095722935302182,1.992,1.7500855412939564,88880.00000308035,5.772988713577576,6888000.0,
0.88,1.2350753238154943,2.034,1.786984935236901,88890.00000308093,5.6712196863204705,6889000.0,
0.86,1.1694961030819284,1.9260000000000002,1.6921007793836145,88900.00000308151,5.727318724684269,6890000.0,
0.82,1.318870994752829,2.1719999999999997,1.9082258010494342,88910.0000030821,6.1893524328041405,6891000.0,
0.8,1.0237645014517813,1.6859999999999997,1.481247099709644,88920.00000308268,5.975703126997964,6892000.0,
0.78,1.1549229429189136,1.902,1.671015411416217,88930.00000308326,6.297590952648111,6893000.0,
0.87,1.2496484839785087,2.0579999999999994,1.8080703032042982,88940.00000308384,5.755455728879478,6894000.0,
0.81,1.1330632026743914,1.8660000000000003,1.639387359465122,88950.00000308442,6.038347163976607,6895000.0,
0.81,1.1731393931226817,1.9319999999999995,1.6973721213754636,88960.000003085,6.088317769468352,6896000.0,
0.76,1.19135584332645,1.9619999999999995,1.7237288313347099,88970.00000308559,6.513360320359417,6897000.0,
0.83,1.2168588736117258,2.0039999999999996,1.7606282252776548,88980.00000308617,5.995249245492116,6898000.0,
0.75,1.0747705620223327,1.7699999999999998,1.5550458875955337,88990.00000308675,6.445824749558781,6899000.0,
0.84,0.934134421896737,2.064,1.8771731156206521,89000.00000308733,5.968202112102428,6900000.0,
0.83,1.0481857175934315,2.316,2.1063628564813133,89010.00000308792,5.79347435872317,6901000.0,
0.83,1.0617632527954186,2.3459999999999996,2.133647349440916,89020.0000030885,5.810314762581013,6902000.0,
0.85,1.254564252663641,2.772,2.5210871494672715,89030.00000308908,5.900896768012338,6903000.0,
0.82,1.1269354217649588,2.4899999999999998,2.264612915647008,89040.00000308966,5.961626124282717,6904000.0,
0.88,1.2165471540980757,2.688,2.444690569180384,89050.00000309024,5.657437675278373,6905000.0,
0.79,1.0590477457550214,2.34,2.1281904508489955,89060.00000309083,6.103095880888528,6906000.0,
0.86,0.9721515204623017,2.1479999999999997,1.9535696959075395,89070.00000309141,5.505755256522374,6907000.0,
0.85,1.0509012246338287,2.322,2.1118197550732343,89080.00000309199,5.663646146800931,6908000.0,
0.84,1.0834873091185988,2.394,2.17730253817628,89090.00000309257,5.770339653887602,6909000.0,
0.93,1.5261149567033894,3.3720000000000003,3.0667770086593213,89100.00000309316,5.688293501989675,6910000.0,
0.84,0.923272393735147,2.04,1.8553455212529704,89110.00000309374,5.58055999271688,6911000.0,
0.8,1.0400391964722389,2.2979999999999996,2.089992160705552,89120.00000309432,6.006046495774118,6912000.0,
0.84,0.8988328303715696,1.986,1.8062334339256858,89130.0000030949,5.552417655379344,6913000.0,
0.88,1.0400391964722389,2.298,2.089992160705552,89140.00000309548,5.460951359794707,6914000.0,
0.83,1.0726252809570087,2.37,2.1554749438085983,89150.00000309607,5.829666603739921,6915000.0,
0.81,1.0671942668762138,2.3579999999999997,2.1445611466247567,89160.00000309665,5.967397860522669,6916000.0,
0.86,1.0427547035126365,2.304,2.0954490592974726,89170.00000309723,5.592503143790475,6917000.0,
0.81,1.0699097739166112,2.364,2.1500180452166773,89180.00000309781,5.9717379926713665,6918000.0,
0.85,1.1052113654417786,2.4419999999999997,2.2209577269116436,89190.0000030984,5.732716900692939,6919000.0,
0.92,1.1242199147245613,2.484,2.2591560170550875,89200.00000309898,5.317628168338917,6920000.0,
0.89,1.0997803513609836,2.43,2.210043929727803,89210.00000309956,5.469863316301404,6921000.0,
0.79,1.0699097739166112,2.364,2.1500180452166773,89220.00000310014,6.124946549447975,6922000.0,
0.84,0.9965910838258791,2.202,2.002681783234824,89230.00000310072,5.673558433301419,6923000.0,
0.86,1.1405129569669459,2.52,2.2918974086066104,89240.0000031013,5.709431345481722,6924000.0,
0.85,0.9721515204623015,2.1479999999999997,1.9535696959075397,89250.00000310189,5.578999436011364,6925000.0,
0.82,1.0699097739166112,2.364,2.1500180452166773,89260.00000310247,5.902814358614626,6926000.0,
0.88,1.0671942668762138,2.358,2.144561146624757,89270.00000310305,5.497718485254112,6927000.0,
0.88,0.9124103655735567,2.016,1.8335179268852881,89280.00000310363,5.322282233773847,6928000.0,
0.89,1.0889183231993937,2.4059999999999993,2.188216335360121,89290.00000310421,5.461254295895332,6929000.0,
0.85,0.958573985260314,2.1180000000000003,1.926285202947937,89300.0000031048,5.565378806362105,6930000.0,
0.87,1.1024958584013813,2.4360000000000004,2.2155008283197235,89310.00000310538,5.6033262741941146,6931000.0,
0.82,1.0047376049470713,2.2199999999999998,2.0190524790105853,89320.00000310596,5.826262933042187,6932000.0,
0.86,1.0183151401490589,2.2499999999999996,2.046336971970188,89330.00000310654,5.5715269073216325,6933000.0,
0.801980198019802,1.0055441911966945,2.2217821782178215,2.0206733399784826,89340.00000310712,5.912589670686703,6934000.0,
0.8613861386138614,1.174927303617528,2.5960396039603966,2.36105414323689,89350.0000031077,5.701924800921028,6935000.0,
0.8316831683168316,1.1641728202892212,2.572277227722772,2.3394426636649275,89360.00000310829,5.8931101769520575,6936000.0,
0.8415841584158416,1.059316607838229,2.340594059405941,2.128730737838294,89370.00000310887,5.699656204781469,6937000.0,
0.8514851485148515,0.9571490162193138,2.114851485148515,1.9234216819046526,89380.00000310945,5.513858728522289,6938000.0,
0.8811881188118812,1.0297417786853849,2.2752475247524746,2.0692991690153977,89390.00000311004,5.410828310808903,6939000.0,
0.7920792079207921,0.9544603953872369,2.1089108910891086,1.9180188120116615,89400.00000311062,5.9250037493610215,6940000.0,
0.8712871287128713,1.134597991136377,2.5069306930693065,2.280011094842031,89410.0000031112,5.593570421813037,6941000.0,
0.8217821782178217,0.9302628078985463,2.0554455445544555,1.869392982974746,89420.00000311178,5.682365585693116,6942000.0,
0.801980198019802,1.0539393661740755,2.328712871287128,2.1179249980523136,89430.00000311236,5.977378716029128,6943000.0,
0.8613861386138614,1.1399752328005306,2.5188118811881184,2.290816834628013,89440.00000311295,5.6654861899728015,6944000.0,
0.8217821782178217,1.1130890244797635,2.4594059405940594,2.2367881356981063,89450.00000311353,5.906286644424561,6945000.0,
0.8415841584158416,0.9705921203796972,2.1445544554455442,1.9504360313696048,89460.00000311411,5.598465931448637,6946000.0,
0.8712871287128713,1.1937476494420654,2.637623762376237,2.3988742324878243,89470.00000311469,5.664185370550405,6947000.0,
0.8217821782178217,1.000166949532541,2.2099009900990096,2.0098676001925013,89480.00000311527,5.7703212279226035,6948000.0,
0.8514851485148515,0.9840352245400806,2.174257425742574,1.9774503808345578,89490.00000311586,5.550550670852789,6949000.0,
0.9108910891089109,1.2986038618930573,2.8693069306930696,2.609586158314458,89500.00000311644,5.534334674630357,6950000.0,
0.801980198019802,1.059316607838229,2.3405940594059405,2.1287307378382945,89510.00000311702,5.988034288968611,6951000.0,
0.8910891089108911,1.1991248911062187,2.6495049504950496,2.4096799722738056,89520.0000031176,5.5465712668502976,6952000.0,
0.8316831683168316,1.0673824703344592,2.3584158415841583,2.144939347517266,89530.00000311818,5.784826541887874,6953000.0,
0.8415841584158416,0.9060652204098558,2.001980198019802,1.8207671539378307,89540.00000311877,5.5255574973670445,6954000.0,
0.8316831683168316,1.000166949532541,2.2099009900990096,2.0098676001925018,89550.00000311935,5.704960260923718,6955000.0,
0.8514851485148515,1.000166949532541,2.2099009900990096,2.0098676001925013,89560.00000311993,5.572751882762729,6956000.0,
0.8415841584158416,1.0351190203495384,2.287128712871287,2.0801049088013794,89570.00000312051,5.680315542001339,6957000.0,
0.8910891089108911,1.1157776453118402,2.4653465346534653,2.242191005591097,89580.0000031211,5.455703802125652,6958000.0,
0.8613861386138614,1.174927303617528,2.5960396039603966,2.3610541432368897,89590.00000312168,5.712959283680292,6959000.0,
0.8910891089108911,1.5727469878897034,2.5900990099009897,2.2755496123230494,89600.00000312226,5.5199545219571995,6960000.0,
0.7524752475247525,1.2156324195386008,2.001980198019802,1.758853714112082,89610.00000312284,6.594982557739715,6961000.0,
0.8217821782178217,1.3887788769209535,2.287128712871287,2.0093729374870963,89620.00000312342,6.249957428720944,6962000.0,
0.8712871287128713,1.2949912125055125,2.1326732673267323,1.8736750248256302,89630.000003124,5.787658096339558,6963000.0,
0.8514851485148515,1.3382778268511004,2.203960396039604,1.936304830669384,89640.00000312459,5.973556517753346,6964000.0,
0.7623762376237624,1.2733479053327181,2.0970297029702967,1.8423601219037535,89650.00000312517,6.587116083810825,6965000.0,
0.8316831683168316,1.331063391126836,2.1920792079207914,1.925866529695425,89660.00000312575,6.108061934745734,6966000.0,
0.8811881188118812,1.4609232341636005,2.405940594059406,2.113755947226686,89670.00000312633,5.912730861408509,6967000.0,
0.8811881188118812,1.385171659058821,2.2811881188118814,2.004153787000117,89680.00000312692,5.827215028986258,6968000.0,
0.8514851485148515,1.2841695589191153,2.1148514851485145,1.858017573364692,89690.0000031275,5.912336342624058,6969000.0,
0.8217821782178217,1.1723458051930127,1.9306930693069304,1.6962239082683281,89700.00000312808,5.990442486016084,6970000.0,
0.8415841584158416,1.1903818945036744,1.9603960396039604,1.7223196607032258,89710.00000312866,5.87139260423193,6971000.0,
0.900990099009901,1.3490994804374972,2.221782178217822,1.9519622821303224,89720.00000312924,5.660866456472885,6972000.0,
0.8712871287128713,1.1434880622959538,1.883168316831683,1.6544707043724927,89730.00000312983,5.618319253485669,6973000.0,
0.801980198019802,1.215632419538601,2.001980198019802,1.758853714112082,89740.00000313041,6.194304622077144,6974000.0,
0.7722772277227723,1.0857725765018365,1.7881188118811882,1.5709642965808208,89750.00000313099,6.2649080800197146,6975000.0,
0.8514851485148515,1.2228468552628655,2.0138613861386134,1.7692920150860407,89760.00000313157,5.843573632516326,6976000.0,
0.7920792079207921,1.3058128660919095,2.1504950495049506,1.8893324762865689,89770.00000313215,6.387086243626747,6977000.0,
0.8514851485148515,1.4861737591985267,2.447524752475247,2.1502900006355423,89780.00000313274,6.15375988016175,6978000.0,
0.8118811881188119,1.1795602409172774,1.9425742574257427,1.706662209242287,89790.00000313332,6.076772979847641,6979000.0,
0.8118811881188119,1.1290591908474243,1.8594059405940595,1.6335941024245746,89800.0000031339,6.0150582718348025,6980000.0,
0.8910891089108911,1.3310633911268361,2.192079207920792,1.9258665296954254,89810.00000313448,5.707524472429741,6981000.0,
0.8613861386138614,1.0893797943639685,1.7940594059405939,1.5761834470678004,89820.00000313506,5.624220221214131,6982000.0,
0.8118811881188119,1.3202417375404387,2.1742574257425735,1.9102090782344867,89830.00000313565,6.252002628127503,6983000.0,
0.7821782178217822,1.3058128660919095,2.1504950495049506,1.8893324762865689,89840.00000313623,6.4714797403817235,6984000.0,
0.8118811881188119,1.197596330227939,1.9722772277227723,1.7327579616771844,89850.00000313681,6.101914992291432,6985000.0,
0.8613861386138614,1.2733479053327184,2.097029702970297,1.8423601219037535,89860.0000031374,5.83963147647681,6986000.0,
0.8316831683168316,1.2120252016764683,1.9960396039603963,1.7536345636251027,89870.00000313797,5.97493268314528,6987000.0,
0.8118811881188119,1.2120252016764688,1.996039603960396,1.7536345636251025,89880.00000313856,6.121150553465926,6988000.0,
0.8316831683168316,1.3851716590588212,2.2811881188118814,2.004153787000117,89890.00000313914,6.184073066426498,6989000.0,
0.7920792079207921,1.1002014479503657,1.8118811881188115,1.591840898528739,89900.00000313972,6.134001828223427,6990000.0,
0.8415841584158416,1.3563139161617621,2.2336633663366334,1.9624005831042814,89910.0000031403,6.077970653496793,6991000.0,
0.8415841584158416,1.320241737540439,2.1742574257425744,1.9102090782344867,89920.00000314089,6.035579005958543,6992000.0,
0.801980198019802,1.313027301816174,2.1623762376237625,1.8997707772605272,89930.00000314147,6.325130339485527,6993000.0,
0.8118811881188119,1.1903818945036744,1.96039603960396,1.7223196607032256,89940.00000314205,6.0974191629239956,6994000.0,
0.801980198019802,1.0533076157426453,1.7346534653465346,1.5239919421980055,89950.00000314263,6.0022699901840255,6995000.0,
0.7920792079207921,1.2805623410569829,2.1089108910891086,1.8527984228777123,89960.00000314321,6.364707455770706,6996000.0,
0.8415841584158416,1.2156324195386008,2.0019801980198015,1.7588537141120817,89970.0000031438,5.91363146339179,6997000.0,
0.8514851485148515,1.1759530230551452,1.9366336633663366,1.7014430587553078,89980.00000314438,5.798733201668319,6998000.0,
0.7722772277227723,1.1939891123658064,1.9663366336633663,1.7275388111902052,89990.00000314496,6.4173423123571105,6999000.0,
0.8217821782178217,1.3166345196783067,2.168316831683168,1.904989927747507,90000.00000314554,6.180480560270115,7000000.0,
0.8514851485148515,1.215632419538601,2.001980198019802,1.758853714112082,90010.00000314612,5.846728771957111,7001000.0,
0.8712871287128713,1.4825665413363942,2.4415841584158415,2.145070850148563,90020.0000031467,6.020670689657852,7002000.0,
0.8415841584158416,1.1182375372610274,1.841584158415841,1.617936650963636,90030.00000314729,5.8007269562150725,7003000.0,
0.8316831683168316,1.2444901624356595,2.0495049504950495,1.8006069180079178,90040.00000314787,6.022063171677636,7004000.0,
0.8316831683168316,1.2372757267113947,2.0376237623762377,1.7901686170339588,90050.00000314845,6.0138648620568205,7005000.0,
0.8613861386138614,1.1831674587794097,1.9485148514851482,1.7118813597292668,90060.00000314903,5.744134636225803,7006000.0,
0.8415841584158416,1.2048107659522038,1.9841584158415841,1.7431962626511435,90070.00000314962,5.905478675012934,7007000.0,
0.8514851485148515,1.316634519678306,2.168316831683168,1.904989927747507,90080.0000031502,5.968603331423699,7008000.0,
0.8712871287128713,1.1579169337444832,1.9069306930693066,1.6753473063204105,90090.00000315078,5.6512432991264125,7009000.0,
0.8316831683168316,1.3454922625753656,2.215841584158416,1.9467431316433426,90100.00000315136,6.1463633158934,7010000.0,
0.8217821782178217,1.2048107659522036,1.984158415841584,1.7431962626511432,90110.00000315194,6.049707076820586,7011000.0,
0.8217821782178217,1.331063391126836,2.192079207920792,1.925866529695425,90120.00000315253,6.20382171709336,7012000.0,
0.8415841584158416,1.3382778268511002,2.2039603960396037,1.9363048306693842,90130.00000315311,6.066892476787082,7013000.0,
0.8514851485148515,1.1002014479503657,1.8118811881188115,1.591840898528739,90140.00000315369,5.7172110029991865,7014000.0,
0.7920792079207921,1.4320654912665418,2.3584158415841583,2.0720027433308497,90150.00000315427,6.565480182910827,7015000.0,
0.7920792079207921,1.0821653586397042,1.7821782178217824,1.5657451460938414,90160.00000315486,6.124231265469473,7016000.0,
0.8415841584158416,1.1687385873308802,1.924752475247525,1.691004757781349,90170.00000315544,5.867322321592576,7017000.0,
0.8217821782178217,1.2300612909871302,2.0257425742574258,1.7797303160599995,90180.00000315602,6.083807113309066,7018000.0,
0.8316831683168316,1.2228468552628655,2.0138613861386143,1.769292015086041,90190.0000031566,6.003182528529812,7019000.0,
0.7623762376237624,0.994789707868388,2.1980198019801978,1.99906186040652,90200.00000315718,6.696123786010946,7020000.0,
0.8514851485148515,1.0055441911966945,2.221782178217822,2.0206733399784826,90210.00000315777,5.609299573556111,7021000.0,
0.8712871287128713,1.0324303995174617,2.281188118811881,2.074702038908389,90220.00000315835,5.513128072343469,7022000.0,
0.8613861386138614,0.992101087036311,2.1920792079207922,1.9936589905135298,90230.00000315893,5.53013804374289,7023000.0,
0.8217821782178217,0.992101087036311,2.1920792079207922,1.9936589905135296,90240.00000315951,5.797132648260648,7024000.0,
0.8415841584158416,0.9329514287306231,2.061386138613861,1.8747958528677366,90250.0000031601,5.590916403726608,7025000.0,
0.7722772277227723,1.1964362702741418,2.6435643564356437,2.4042771023808145,90260.00000316068,6.434357221957171,7026000.0,
0.8811881188118812,1.1292207494722242,2.495049504950495,2.2692053550560503,90270.00000316126,5.5632707383333475,7027000.0,
0.8811881188118812,1.09964592031938,2.4297029702970296,2.209773786233153,90280.00000316184,5.530157729968911,7028000.0,
0.801980198019802,0.9813466037080042,2.1683168316831685,1.972047510941567,90290.00000316242,5.929330950487486,7029000.0,
0.900990099009901,1.029741778685385,2.275247524752475,2.0692991690153977,90300.000003163,5.331909007276969,7030000.0,
0.7326732673267327,1.1077117828156102,2.4475247524752475,2.225982395912125,90310.00000316359,6.663766082153503,7031000.0,
0.9108910891089109,1.239454203587369,2.738613861386139,2.490723020668665,90320.00000316417,5.505050810622928,7032000.0,
0.8316831683168316,1.0566279870061523,2.334653465346535,2.123327867945304,90330.00000316475,5.809990794078675,7033000.0,
0.8118811881188119,1.10771178281561,2.4475247524752475,2.225982395912125,90340.00000316533,6.015105976577638,7034000.0,
0.8415841584158416,1.0351190203495384,2.2871287128712865,2.080104908801379,90350.00000316591,5.717021424356416,7035000.0,
0.8910891089108911,1.1077117828156098,2.4475247524752475,2.225982395912125,90360.0000031665,5.481318778659676,7036000.0,
0.900990099009901,1.2502086869156765,2.762376237623762,2.5123345002406268,90370.00000316708,5.5796799713569225,7037000.0,
0.8613861386138614,1.0351190203495384,2.287128712871287,2.0801049088013794,90380.00000316766,5.586974954831062,7038000.0,
0.8910891089108911,1.0700710911665359,2.3643564356435647,2.1503422174102567,90390.00000316824,5.4404108913646825,7039000.0,
0.8613861386138614,1.1050231619835331,2.4415841584158415,2.2205795260191348,90400.00000316883,5.669047579026902,7040000.0,
0.8118811881188119,1.0270531578533084,2.2693069306930695,2.0638962991224075,90410.0000031694,5.9191727921730495,7041000.0,
0.8514851485148515,1.2528973077477532,2.7683168316831686,2.5177373701336174,90420.00000316999,5.909563117413154,7042000.0,
0.8712871287128713,1.129220749472224,2.4950495049504955,2.2692053550560503,90430.00000317057,5.6337624512693765,7043000.0,
0.8316831683168316,0.973280741211774,2.15049504950495,1.9558389012625956,90440.00000317115,5.7150137485405015,7044000.0,
0.8613861386138614,1.1561069577929912,2.5544554455445545,2.3232340539859555,90450.00000317174,5.730650606346062,7045000.0,
0.8415841584158416,0.9974783287004644,2.2039603960396037,2.0044647302995107,90460.00000317232,5.6774718966325235,7046000.0,
0.8811881188118812,0.9813466037080042,2.1683168316831685,1.9720475109415674,90470.0000031729,5.404447269545262,7047000.0,
0.8415841584158416,1.0055441911966945,2.221782178217822,2.020673339978483,90480.00000317348,5.687997215598687,7048000.0,
0.8712871287128713,1.0566279870061523,2.3346534653465345,2.123327867945304,90490.00000317406,5.553173030711886,7049000.0,
0.8712871287128713,1.2528973077477532,2.768316831683168,2.517737370133617,90500.00000317465,5.77889122838125,7050000.0,
0.8217821782178217,1.0136100536929247,2.2396039603960394,2.036881949657454,90510.00000317523,5.836318258289333,7051000.0,
0.8712871287128713,1.1668614411212979,2.578217821782178,2.344845533557918,90520.00000317581,5.681054608730484,7052000.0,
0.8118811881188119,1.067382470334459,2.3584158415841583,2.144939347517267,90530.00000317639,5.9747003599855395,7053000.0,
0.7821782178217822,0.9974783287004644,2.2039603960396037,2.0044647302995102,90540.00000317697,6.1127229267567476,7054000.0,
0.8415841584158416,0.9867238453721574,2.18019801980198,1.9828532507275483,90550.00000317756,5.668928334089723,7055000.0,
0.7920792079207921,0.836161078775861,1.8475247524752474,1.6802925367200752,90560.00000317814,5.833650862142536,7056000.0,
0.8316831683168316,1.129220749472224,2.4950495049504946,2.2692053550560503,90570.00000317872,5.9087035203778315,7057000.0,
0.8316831683168316,1.1776159244496047,2.601980198019802,2.3664570131298808,90580.0000031793,5.967369147433995,7058000.0,
0.7920792079207921,1.09964592031938,2.4297029702970296,2.2097737862331535,90590.00000317988,6.167800474591315,7059000.0,
0.7821782178217822,1.021675916189155,2.257425742574257,2.0530905593364266,90600.00000318047,6.146697057596897,7060000.0,
0.8514851485148515,1.1157776453118402,2.4653465346534658,2.2421910055910965,90610.00000318105,5.757364444087773,7061000.0,
0.8217821782178217,0.9786579828759273,2.1623762376237625,1.966644641048577,90620.00000318163,5.799087425126789,7062000.0,
0.8316831683168316,1.0404962620136922,2.299009900990099,2.09091064858736,90630.00000318221,5.804880029505239,7063000.0,
0.8613861386138614,0.9652148787155437,2.1326732673267323,1.9396302915836237,90640.0000031828,5.517775893854361,7064000.0,
0.7722772277227723,1.067382470334459,2.358415841584158,2.1449393475172664,90650.00000318338,6.287249096395413,7065000.0,
0.7722772277227723,0.9732807412117738,2.15049504950495,1.9558389012625954,90660.00000318396,6.165912242018632,7066000.0,
0.8415841584158416,1.0727597119986128,2.37029702970297,2.155745087303247,90670.00000318454,5.776806246199134,7067000.0,
0.8514851485148515,0.9168197037381627,2.0257425742574258,1.842378633509793,90680.00000318512,5.526960349914223,7068000.0,
0.8217821782178217,1.0216759161891549,2.257425742574257,2.0530905593364266,90690.0000031857,5.854808042773203,7069000.0,
0.8415841584158416,1.226011099426986,2.7089108910891087,2.4637086712037113,90700.00000318629,5.960316718319989,7070000.0,
0.7920792079207921,0.9517717745551599,2.1029702970297026,1.9126159421186706,90710.00000318687,5.987109365564337,7071000.0,
0.8316831683168316,0.9786579828759273,2.162376237623762,1.966644641048577,90720.00000318745,5.734812574827938,7072000.0,
0.8415841584158416,1.0028555703646176,2.215841584158416,2.0152704700854924,90730.00000318803,5.696567207316551,7073000.0,
0.8415841584158416,0.9894124662042344,2.186138613861386,1.988256120620539,90740.00000318862,5.681064224726005,7074000.0,
0.8712871287128713,1.059316607838229,2.3405940594059405,2.1287307378382945,90750.0000031892,5.568077015985753,7075000.0,
0.8514851485148515,1.2502086869156763,2.7623762376237617,2.5123345002406268,90760.00000318978,5.922219504576404,7076000.0,
0.7920792079207921,1.0189872953570782,2.251485148514851,2.0476876894434355,90770.00000319036,6.074968960576934,7077000.0,
0.8415841584158416,1.164172820289221,2.572277227722772,2.3394426636649275,90780.00000319094,5.89060299840357,7078000.0,
0.8217821782178217,1.021675916189155,2.257425742574257,2.053090559336426,90790.00000319153,5.859627319881916,7079000.0,
0.7821782178217822,1.4825665413363946,2.4415841584158415,2.1450708501485627,90800.00000319211,6.263381511081438,7080000.0,
0.8613861386138614,1.1146303193988951,1.835643564356436,1.6127175004766567,90810.00000319269,5.699051290510201,7081000.0,
0.8217821782178217,1.3996005305073507,2.304950495049505,2.0250303889480348,90820.00000319327,6.320957272245106,7082000.0,
0.8613861386138614,1.1903818945036744,1.9603960396039604,1.7223196607032256,90830.00000319385,5.78791231448247,7083000.0,
0.801980198019802,1.125451972985292,1.8534653465346531,1.6283749519375952,90840.00000319444,6.136178386254575,7084000.0,
0.8415841584158416,1.3490994804374976,2.2217821782178215,1.9519622821303222,90850.00000319502,6.113633500462301,7085000.0,
0.8415841584158416,1.2084179838143363,1.99009900990099,1.7484154131381227,90860.0000031956,5.946941369180691,7086000.0,
0.7623762376237624,1.1362736265716893,1.8712871287128714,1.6440324033985334,90870.00000319618,6.470693977907191,7087000.0,
0.8316831683168316,1.4320654912665416,2.358415841584158,2.0720027433308505,90880.00000319676,6.28760017420281,7088000.0,
0.7821782178217822,1.1939891123658068,1.9663366336633663,1.7275388111902052,90890.00000319735,6.38167975144385,7089000.0,
0.7623762376237624,1.0569148336047776,1.7405940594059408,1.5292110926849853,90900.00000319793,6.368158418301332,7090000.0,
0.8217821782178217,1.1326664087095568,1.8653465346534654,1.638813252911554,90910.00000319851,6.000471172226356,7091000.0,
0.8316831683168316,0.9955921299485277,1.6396039603960397,1.4404855344063343,90920.0000031991,5.764697680237214,7092000.0,
0.7821782178217822,1.1507024980202185,1.8950495049504947,1.6649090053464517,90930.00000319968,6.328363953356571,7093000.0,
0.8910891089108911,1.4717448877499972,2.4237623762376237,2.1294133986876247,90940.00000320026,5.915622596420879,7094000.0,
0.8910891089108911,1.4032077483694831,2.310891089108911,2.030249539435015,90950.00000320084,5.839153140004995,7095000.0,
0.8316831683168316,1.2444901624356597,2.049504950495049,1.8006069180079178,90960.00000320142,6.06587269548971,7096000.0,
0.801980198019802,1.1723458051930127,1.9306930693069304,1.6962239082683284,90970.000003202,6.201070695550996,7097000.0,
0.8811881188118812,1.4356727091286738,2.3643564356435647,2.0772218938178293,90980.00000320259,5.942952175698143,7098000.0,
0.8415841584158416,1.4068149662316145,2.3168316831683167,2.035468689921994,90990.00000320317,6.188801312994519,7099000.0,
0.8118811881188119,1.2048107659522038,1.9841584158415841,1.7431962626511432,91000.00000320375,6.166898626540438,7100000.0,
0.8811881188118812,1.3563139161617621,2.233663366336634,1.9624005831042812,91010.00000320433,5.854241635364984,7101000.0,
0.8613861386138614,1.2805623410569829,2.108910891089109,1.8527984228777123,91020.00000320491,5.901340189217279,7102000.0,
0.8316831683168316,1.2949912125055123,2.1326732673267323,1.8736750248256304,91030.0000032055,6.129927529502464,7103000.0,
0.8712871287128713,1.3382778268511009,2.2039603960396037,1.9363048306693842,91040.00000320608,5.901430233262656,7104000.0,
0.8712871287128713,1.3563139161617626,2.2336633663366334,1.9624005831042812,91050.00000320666,5.92258529031242,7105000.0,
0.8514851485148515,1.2841695589191153,2.1148514851485145,1.8580175733646918,91060.00000320724,5.9760572728603245,7106000.0,
0.7821782178217822,1.082165358639704,1.782178217821782,1.5657451460938416,91070.00000320782,6.247829129592022,7107000.0,
0.8811881188118812,1.345492262575365,2.2158415841584156,1.9467431316433423,91080.0000032084,5.845106949834537,7108000.0,
0.8415841584158416,1.428458273404409,2.3524752475247523,2.0667835928438705,91090.00000320899,6.219224536811878,7109000.0,
0.7920792079207921,1.147095280158086,1.889108910891089,1.6596898548594718,91100.00000320957,6.2532052913891665,7110000.0,
0.8217821782178217,1.2769551231948508,2.102970297029703,1.8475792723907332,91110.00000321015,6.185689969371674,7111000.0,
0.8415841584158416,1.071343705053307,1.7643564356435641,1.5500876946329032,91120.00000321073,5.796300167359473,7112000.0,
0.7425742574257426,1.1507024980202187,1.8950495049504952,1.6649090053464515,91130.00000321132,6.6765433642028755,7113000.0,
0.7920792079207921,1.269740687470586,2.091089108910891,1.837140971416774,91140.0000032119,6.410045118121313,7114000.0,
0.801980198019802,1.3635283518860268,2.2455445544554453,1.9728388840782405,91150.00000321248,6.44834769821811,7115000.0,
0.801980198019802,1.1615241516066157,1.9128712871287128,1.68056645680739,91160.00000321306,6.196959744783317,7116000.0,
0.8217821782178217,1.143488062295954,1.883168316831683,1.6544707043724924,91170.00000321364,6.0261698109286055,7117000.0,
0.8514851485148515,1.3130273018161744,2.162376237623762,1.8997707772605281,91180.00000321423,6.015529738356032,7118000.0,
0.8415841584158416,1.2769551231948508,2.1029702970297026,1.847579272390733,91190.00000321481,6.0439090289160875,7119000.0,
0.9108910891089109,1.3743500054724236,2.2633663366336636,1.988496335539179,91200.00000321539,5.691403810520702,7120000.0,
0.8217821782178217,1.395993312645218,2.299009900990099,2.0198112384610556,91210.00000321597,6.335362946895895,7121000.0,
0.7425742574257426,1.1362736265716893,1.8712871287128714,1.6440324033985332,91220.00000321656,6.661912483985803,7122000.0,
0.8217821782178217,1.3022056482297772,2.1445544554455447,1.8841133257995895,91230.00000321714,6.222199644414511,7123000.0,
0.8217821782178217,1.2048107659522038,1.984158415841584,1.7431962626511437,91240.00000321772,6.104164908149058,7124000.0,
0.8514851485148515,1.2228468552628655,2.013861386138614,1.769292015086041,91250.0000032183,5.912875958101755,7125000.0,
0.8613861386138614,1.3346706089889682,2.198019801980198,1.9310856801824046,91260.00000321888,5.975190017506778,7126000.0,
0.8217821782178217,1.2228468552628653,2.0138613861386134,1.7692920150860407,91270.00000321947,6.127558221647657,7127000.0,
0.7920792079207921,1.0965942300882334,1.805940594059406,1.5866217480417595,91280.00000322005,6.1984477156765,7128000.0,
0.7821782178217822,1.1074158836746306,1.8237623762376243,1.6022791995026975,91290.00000322063,6.291250686915803,7129000.0,
0.8316831683168316,1.197596330227939,1.9722772277227718,1.7327579616771849,91300.00000322121,6.025678921050416,7130000.0,
0.900990099009901,1.2300612909871302,2.0257425742574258,1.7797303160599995,91310.0000032218,5.5986372571968746,7131000.0,
0.7920792079207921,1.2120252016764685,1.9960396039603956,1.7536345636251025,91320.00000322238,6.346179317306765,7132000.0,
0.7920792079207921,1.3527066982996299,2.227722772277228,1.9571814326173016,91330.00000322296,6.524289706793534,7133000.0,
0.8415841584158416,1.2697406874705859,2.091089108910891,1.8371409714167737,91340.00000322354,6.042395405291197,7134000.0,
0.8613861386138614,1.3563139161617621,2.2336633663366334,1.9624005831042814,91350.00000322412,6.004454086753595,7135000.0,
0.8415841584158416,1.35270669829963,2.227722772277227,1.9571814326173016,91360.0000032247,6.141919724041057,7136000.0,
0.8514851485148515,1.3166345196783067,2.168316831683168,1.904989927747507,91370.00000322529,6.028603331427192,7137000.0,
0.8514851485148515,1.5078170663713204,2.483168316831683,2.181604903557419,91380.00000322587,6.253596787427154,7138000.0,
0.8514851485148515,1.3022056482297772,2.1445544554455447,1.8841133257995895,91390.00000322645,6.012588028912111,7139000.0,
0.8514851485148515,1.032430399517462,2.2811881188118814,2.074702038908389,91400.00000322703,6.110489971862527,7140000.0,
0.8514851485148515,1.1829931661137583,2.613861386138614,2.377262752915862,91410.00000322761,5.873512904566609,7141000.0,
0.801980198019802,0.914131082906086,2.01980198019802,1.8369757636168027,91420.0000032282,5.901321473935256,7142000.0,
0.7920792079207921,1.000166949532541,2.2099009900990096,2.0098676001925013,91430.00000322878,6.084208273975375,7143000.0,
0.8613861386138614,1.0862028161589965,2.4,2.1827594367682006,91440.00000322936,5.69501476376212,7144000.0,
0.8514851485148515,1.1937476494420654,2.6376237623762377,2.398874232487824,91450.00000322994,5.888003634987171,7145000.0,
0.8811881188118812,1.1722386827854514,2.59009900990099,2.3556512733438995,91460.00000323053,5.66557198850091,7146000.0,
0.801980198019802,0.9679034995476203,2.1386138613861387,1.9450331614766143,91470.0000032311,5.970840166290893,7147000.0,
0.8613861386138614,0.9759693620438507,2.1564356435643566,1.961241771155586,91480.00000323169,5.568881673352689,7148000.0,
0.8217821782178217,0.8926221162494723,1.9722772277227723,1.7937528044728777,91490.00000323227,5.736320888631977,7149000.0,
0.900990099009901,1.0431848828457686,2.304950495049505,2.0963135184803505,91500.00000323285,5.399576628381125,7150000.0,
0.8910891089108911,1.174927303617528,2.5960396039603952,2.3610541432368906,91510.00000323344,5.6078606408959155,7151000.0,
0.9306930693069307,1.1211548869759935,2.477227722772277,2.2529967453770783,91520.00000323402,5.311877059572763,7152000.0,
0.7821782178217822,0.9894124662042344,2.186138613861386,1.9882561206205394,91530.0000032346,6.152537456986005,7153000.0,
0.8712871287128713,1.1534183369609143,2.548514851485148,2.3178311840929653,91540.00000323518,5.711989227821833,7154000.0,
0.8415841584158416,1.0378076411816153,2.293069306930693,2.0855077786943697,91550.00000323576,5.77668672676017,7155000.0,
0.8811881188118812,1.0566279870061523,2.3346534653465345,2.1233278679453043,91560.00000323635,5.538867715762866,7156000.0,
0.8910891089108911,1.215256616098679,2.6851485148514858,2.442097191631749,91570.00000323693,5.655785758236029,7157000.0,
0.801980198019802,0.9571490162193135,2.1148514851485145,1.9234216819046521,91580.00000323751,5.962862353746037,7158000.0,
0.8712871287128713,1.0969572994873034,2.4237623762376233,2.2043709163401624,91590.00000323809,5.649460082539754,7159000.0,
0.8415841584158416,1.1238435078080704,2.4831683168316827,2.2583996152700694,91600.00000323867,5.881270521222331,7160000.0,
0.8217821782178217,1.1023345411514565,2.435643564356435,2.215176656126144,91610.00000323926,5.99729624905521,7161000.0,
0.8712871287128713,1.0136100536929247,2.23960396039604,2.036881949657454,91620.00000323984,5.555163811798558,7162000.0,
0.7920792079207921,1.0082328120287711,2.2277227722772275,2.0260762098714733,91630.00000324042,6.1043914253774485,7163000.0,
0.8811881188118812,1.1587955786250679,2.56039603960396,2.328636923878947,91640.000003241,5.658406218611508,7164000.0,
0.8415841584158416,0.9087538412419321,2.007920792079208,1.8261700238308212,91650.00000324158,5.628046329185056,7165000.0,
0.900990099009901,1.1319093703043006,2.500990099009901,2.2746082249490405,91660.00000324217,5.5050840265497945,7166000.0,
0.801980198019802,1.1776159244496047,2.6019801980198016,2.3664570131298808,91670.00000324275,6.24220998005814,7167000.0,
0.801980198019802,1.0378076411816153,2.293069306930693,2.08550777869437,91680.00000324333,6.068374960180798,7168000.0,
0.8613861386138614,0.9705921203796972,2.1445544554455442,1.9504360313696048,91690.00000324391,5.572294300846591,7169000.0,
0.9405940594059405,1.215256616098679,2.685148514851485,2.442097191631749,91700.0000032445,5.363586507802873,7170000.0,
0.900990099009901,1.134597991136377,2.5069306930693074,2.280011094842031,91710.00000324508,5.5102659024184915,7171000.0,
0.8613861386138614,1.021675916189155,2.257425742574257,2.053090559336426,91720.00000324566,5.632977787935811,7172000.0,
0.8415841584158416,1.0646938495023825,2.3524752475247523,2.139536477624276,91730.00000324624,5.8171044566476935,7173000.0,
0.8316831683168316,1.0915800578231498,2.4118811881188114,2.1935651765541815,91740.00000324682,5.919159355422068,7174000.0,
0.8415841584158416,1.0297417786853849,2.275247524752475,2.0692991690153986,91750.0000032474,5.77651434897108,7175000.0,
0.8613861386138614,1.0888914369910727,2.405940594059406,2.188162306661191,91760.00000324799,5.712848679901364,7176000.0,
0.8316831683168316,1.1238435078080706,2.483168316831683,2.258399615270069,91770.00000324857,5.959380884570687,7177000.0,
0.7920792079207921,1.0324303995174615,2.281188118811881,2.074702038908389,91780.00000324915,6.142440879582357,7178000.0,
0.8811881188118812,1.1211548869759935,2.477227722772277,2.2529967453770783,91790.00000324973,5.622431950560703,7179000.0,
0.8118811881188119,1.1023345411514567,2.435643564356435,2.2151766561261437,91800.00000325032,6.079702300873496,7180000.0,
0.8910891089108911,1.1480410952967608,2.536633663366336,2.3070254443069844,91810.0000032509,5.591021673781163,7181000.0,
0.8613861386138614,1.126532128640147,2.489108910891089,2.26380248516306,91820.00000325148,5.7593051150343575,7182000.0,
0.8316831683168316,1.1211548869759937,2.4772277227722768,2.2529967453770783,91830.00000325206,5.959005280951333,7183000.0,
0.8514851485148515,0.9840352245400809,2.174257425742574,1.9774503808345576,91840.00000325264,5.659852996440548,7184000.0,
0.8514851485148515,1.1130890244797635,2.4594059405940594,2.2367881356981063,91850.00000325323,5.811881296369736,7185000.0,
0.8514851485148515,0.970592120379697,2.1445544554455447,1.9504360313696052,91860.00000325381,5.644995397368523,7186000.0,
0.7920792079207921,1.0109214328608482,2.2336633663366334,2.0314790797644644,91870.00000325439,6.119785809178644,7187000.0,
0.8910891089108911,1.196436270274142,2.6435643564356437,2.404277102380815,91880.00000325497,5.648442925700406,7188000.0,
0.8118811881188119,1.1453524744646841,2.5306930693069307,2.3016225744139938,91890.00000325555,6.137078048003459,7189000.0,
0.8613861386138614,1.0620052286703057,2.3465346534653464,2.1341336077312847,91900.00000325614,5.688072736908664,7190000.0,
0.8613861386138614,1.0566279870061523,2.334653465346534,2.123327867945304,91910.00000325672,5.682289962103179,7191000.0,
0.8316831683168316,1.2986038618930573,2.8693069306930687,2.609586158314457,91920.0000032573,6.1766522626970985,7192000.0,
0.8514851485148515,1.1641728202892212,2.5722772277227723,2.3394426636649275,91930.00000325788,5.875595986797339,7193000.0,
0.900990099009901,1.1829931661137583,2.613861386138614,2.3772627529158616,91940.00000325846,5.5740891186027675,7194000.0,
0.8514851485148515,1.1050231619835333,2.441584158415842,2.2205795260191348,91950.00000325905,5.807059760182574,7195000.0,
0.8118811881188119,1.1453524744646841,2.5306930693069303,2.3016225744139933,91960.00000325963,6.14049268215,7196000.0,
0.8613861386138614,1.234076961923216,2.726732673267327,2.479917280882683,91970.00000326021,5.8910525651679775,7197000.0,
0.8514851485148515,1.0243645370212315,2.263366336633663,2.0584934292294164,91980.0000032608,5.7137281192385565,7198000.0,
0.8118811881188119,1.0216759161891549,2.257425742574257,2.053090559336426,91990.00000326138,5.989622775005834,7199000.0,
0.8514851485148515,1.5655325521654384,2.5782178217821787,2.26511131134909,92000.00000326196,5.88200936707706,7200000.0,
0.7745098039215687,1.082271453282708,1.7823529411764705,1.5658986505199295,92010.00000326254,6.309259344939426,7201000.0,
0.8333333333333334,1.3608759858109294,2.2411764705882353,1.9690012734260494,92020.00000326312,6.1986958890364185,7202000.0,
0.8921568627450981,1.353732279848668,2.229411764705882,1.9586653087361492,92030.0000032637,5.782422995164256,7203000.0,
0.8921568627450981,1.4108819275467637,2.323529411764706,2.0413530262553534,92040.00000326429,5.846920402474235,7204000.0,
0.9019607843137255,1.1858551897355085,1.9529411764705882,1.715770138523487,92050.00000326487,5.534315536613149,7205000.0,
0.8333333333333334,1.5287530759240886,2.517647058823529,2.211896443638712,92060.00000326545,6.402030750113496,7206000.0,
0.8921568627450981,1.2858670732071777,2.1176470588235294,1.8604736441820942,92070.00000326603,5.708112543764007,7207000.0,
0.8333333333333334,1.239432984452474,2.041176470588235,1.7932898736977407,92080.00000326661,6.055787816818203,7208000.0,
0.8431372549019608,1.325157455999619,2.1823529411764704,1.9173214499765474,92090.0000032672,6.0875100061320735,7209000.0,
0.8725490196078431,1.1822833367543775,1.947058823529411,1.7106021561785365,92100.00000326778,5.71901910521737,7210000.0,
0.8137254901960784,1.1894270427166391,1.9588235294117649,1.720938120868437,92110.00000326836,6.141703112921674,7211000.0,
0.7941176470588235,1.1358492479996738,1.8705882352941177,1.643418385694183,92120.00000326894,6.226375596436677,7212000.0,
0.8725490196078431,1.3215856030184878,2.176470588235294,1.9121534676315963,92130.00000326952,5.880017208126878,7213000.0,
0.8333333333333334,1.2215737195468188,2.011764705882353,1.7674499619729893,92140.0000032701,6.037180228343344,7214000.0,
0.8137254901960784,1.4180256335090267,2.3352941176470585,2.0516889909452534,92150.00000327069,6.424559212449781,7215000.0,
0.8333333333333334,1.239432984452474,2.041176470588235,1.7932898736977405,92160.00000327127,6.059552522700773,7216000.0,
0.8137254901960784,1.243004837433605,2.0470588235294116,1.7984578560426911,92170.00000327185,6.21043727028486,7217000.0,
0.8235294117647058,1.2751515142637846,2.1,1.844969697147243,92180.00000327243,6.176014934170524,7218000.0,
0.8235294117647058,1.4287411924524198,2.352941176470588,2.067192937980104,92190.00000327302,6.362992876732944,7219000.0,
0.803921568627451,1.1001307181883633,1.811764705882353,1.5917385622446802,92200.0000032736,6.109916259397997,7220000.0,
0.8921568627450981,1.2965826321505711,2.1352941176470583,1.875977591216945,92210.00000327418,5.72627723620641,7221000.0,
0.803921568627451,1.2037144546411638,1.9823529411764704,1.7416100502482383,92220.00000327476,6.23973993157105,7222000.0,
0.8529411764705882,1.3394448679241435,2.2058823529411766,1.9379933793563477,92230.00000327535,6.040726167168877,7223000.0,
0.8529411764705882,1.160852218867591,1.9117647058823524,1.679594262108835,92240.00000327593,5.831801452183061,7224000.0,
0.8823529411764706,1.2465766904147364,2.0529411764705885,1.8036258383876407,92250.00000327651,5.73500691597486,7225000.0,
0.803921568627451,1.264435955320391,2.0823529411764703,1.8294657501123925,92260.00000327709,6.31722277387947,7226000.0,
0.8725490196078431,1.3108700440750947,2.1588235294117646,1.8966495205967457,92270.00000327767,5.874028590012344,7227000.0,
0.7549019607843137,1.1608522188675912,1.911764705882353,1.679594262108835,92280.00000327826,6.59125618623293,7228000.0,
0.9019607843137255,1.3537322798486677,2.229411764705882,1.9586653087361487,92290.00000327884,5.730874919130519,7229000.0,
0.8333333333333334,1.1822833367543772,1.9470588235294115,1.7106021561785365,92300.00000327942,5.997561180757558,7230000.0,
0.8823529411764706,1.3394448679241433,2.2058823529411766,1.9379933793563477,92310.00000328,5.84292418381901,7231000.0,
0.7941176470588235,1.2680078083015225,2.0882352941176467,1.8346337324573427,92320.00000328058,6.402674030397605,7232000.0,
0.8137254901960784,1.346588573886405,2.217647058823529,1.9483293440462486,92330.00000328117,6.3454437897815215,7233000.0,
0.8431372549019608,1.3787352507165846,2.2705882352941176,1.994841185150801,92340.00000328175,6.162683669634267,7234000.0,
0.8431372549019608,1.3144418970562257,2.164705882352941,1.9018175029416964,92350.00000328233,6.086893878083637,7235000.0,
0.8431372549019608,1.232289278490212,2.0294117647058822,1.78295390900784,92360.00000328291,5.9899221676914145,7236000.0,
0.8627450980392157,1.3430167209052741,2.211764705882353,1.9431613617012977,92370.0000032835,5.982585290315911,7237000.0,
0.8823529411764706,1.4251693394712885,2.3470588235294114,2.0620249556351538,92380.00000328408,5.943189696017067,7238000.0,
0.8529411764705882,1.403738221584502,2.311764705882353,2.0310170615654526,92390.00000328466,6.123460903644668,7239000.0,
0.7941176470588235,1.1394211009808048,1.8764705882352941,1.6485863680391335,92400.00000328524,6.244700645870511,7240000.0,
0.8235294117647058,1.3358730149430122,2.2,1.9328253970113973,92410.00000328582,6.260700565948319,7241000.0,
0.8235294117647058,1.3394448679241435,2.205882352941176,1.9379933793563482,92420.0000032864,6.265514006473054,7242000.0,
0.8823529411764706,1.3680196917731917,2.2529411764705882,1.97933723811595,92430.00000328699,5.8806423175149085,7243000.0,
0.7941176470588235,1.1644240718487222,1.917647058823529,1.6847622444537853,92440.00000328757,6.278161177087016,7244000.0,
0.8627450980392157,1.307298191093964,2.152941176470588,1.8914815382517958,92450.00000328815,5.944820630762106,7245000.0,
0.7647058823529411,1.1394211009808048,1.876470588235294,1.6485863680391333,92460.00000328873,6.487958363019556,7246000.0,
0.9411764705882353,1.4358848984146817,2.364705882352941,2.077528902670005,92470.00000328931,5.586875621393574,7247000.0,
0.7843137254901961,1.0501247764525286,1.7294117647058824,1.5193868094153768,92480.0000032899,6.212906590170573,7248000.0,
0.8137254901960784,1.3180137500373572,2.1705882352941175,1.9069854852866464,92490.00000329048,6.318038584569887,7249000.0,
0.8725490196078431,1.0929870122261012,1.7999999999999996,1.5814025975547799,92500.00000329106,5.634657025421965,7250000.0,
0.8431372549019608,1.1929988956977704,1.9647058823529413,1.7261061032133869,92510.00000329164,5.950298690426366,7251000.0,
0.8627450980392157,1.393022662641109,2.294117647058823,2.015513114530602,92520.00000329223,6.047364904601026,7252000.0,
0.8235294117647058,1.4001663686033707,2.3058823529411763,2.025849079220502,92530.00000329281,6.34448535253623,7253000.0,
0.9313725490196079,1.3501604268675365,2.223529411764706,1.9534973263911988,92540.00000329339,5.556591195326217,7254000.0,
0.803921568627451,1.1822833367543772,1.9470588235294117,1.7106021561785365,92550.00000329397,6.229179272737203,7255000.0,
0.8333333333333334,1.2215737195468186,2.011764705882353,1.767449961972989,92560.00000329455,6.056944934226847,7256000.0,
0.8823529411764706,1.343016720905274,2.2117647058823526,1.943161361701298,92570.00000329514,5.858527839420521,7257000.0,
0.7352941176470589,1.171567777810984,1.9294117647058822,1.6950982091436861,92580.00000329572,6.797596178029755,7258000.0,
0.8627450980392157,1.2715796612826538,2.094117647058823,1.8398017148022934,92590.0000032963,5.909783243935729,7259000.0,
0.8725490196078431,0.8838709190313401,1.9529411764705877,1.7761669926643198,92600.00000329688,5.745584599646492,7260000.0,
